solid OpenSCAD_Model
  facet normal -0.709121 0.642705 0.289961
    outer loop
      vertex -3.2581 3.2581 1.15416
      vertex -3.56176 2.92306 1.15416
      vertex -3.16242 3.16242 1.60023
    endloop
  endfacet
  facet normal -0.224518 -0.896348 -0.382299
    outer loop
      vertex -0.872509 -4.3864 -1.60023
      vertex -1.29825 -4.27976 -1.60023
      vertex -1.24647 -4.10905 -2.03089
    endloop
  endfacet
  facet normal 0.597736 0.213878 0.772637
    outer loop
      vertex 2.94709 1.22072 3.51952
      vertex 2.61418 1.08283 3.81524
      vertex 2.70773 0.821381 3.81524
    endloop
  endfacet
  facet normal 0.28191 0.0706128 0.956839
    outer loop
      vertex 1.53132 0.46452 4.47233
      vertex 1.10446 0.335033 4.60765
      vertex 1.13198 0.225164 4.60765
    endloop
  endfacet
  facet normal 0.214349 -0.855724 -0.470946
    outer loop
      vertex 0.837708 -4.21144 -2.03089
      vertex 0.794839 -3.99593 -2.44199
      vertex 1.24647 -4.10905 -2.03089
    endloop
  endfacet
  facet normal -0.475048 -0.792574 0.382303
    outer loop
      vertex -2.02415 -3.78692 2.03089
      vertex -2.4847 -3.71861 1.60023
      vertex -2.10824 -3.94425 1.60023
    endloop
  endfacet
  facet normal 0.768698 0.570112 0.289958
    outer loop
      vertex 3.83112 2.55987 1.15416
      vertex 3.45716 2.83722 1.60023
      vertex 3.71861 2.4847 1.60023
    endloop
  endfacet
  facet normal 0.901096 -0.322418 0.289951
    outer loop
      vertex 4.27976 -1.29825 1.60023
      vertex 4.1319 -1.71149 1.60023
      vertex 4.40924 -1.33753 1.15416
    endloop
  endfacet
  facet normal 0.737383 0.668341 0.0979072
    outer loop
      vertex 3.35471 3.35471 0.233071
      vertex 3.3224 3.3224 0.696969
      vertex 3.66738 3.00974 0.233071
    endloop
  endfacet
  facet normal -0.620544 0.684675 0.38229
    outer loop
      vertex -2.83722 3.45716 1.60023
      vertex -3.16242 3.16242 1.60023
      vertex -2.72405 3.31927 2.03089
    endloop
  endfacet
  facet normal 0.544535 -0.326383 0.772629
    outer loop
      vertex 2.49546 -1.33385 3.81524
      vertex 2.3527 -1.57203 3.81524
      vertex 2.81324 -1.50371 3.51952
    endloop
  endfacet
  facet normal 0.224518 -0.896348 0.382299
    outer loop
      vertex 1.24647 -4.10905 2.03089
      vertex 0.872509 -4.3864 1.60023
      vertex 1.29825 -4.27976 1.60023
    endloop
  endfacet
  facet normal 0.901097 0.322413 0.289956
    outer loop
      vertex 4.25691 1.76327 1.15416
      vertex 4.1319 1.71149 1.60023
      vertex 4.40924 1.33753 1.15416
    endloop
  endfacet
  facet normal -0.135102 -0.539367 0.831162
    outer loop
      vertex -0.708871 -2.33684 4.07421
      vertex -0.821381 -2.70773 3.81524
      vertex -0.552022 -2.7752 3.81524
    endloop
  endfacet
  facet normal -0.642705 0.709121 0.289961
    outer loop
      vertex -2.92306 3.56176 1.15416
      vertex -3.2581 3.2581 1.15416
      vertex -3.16242 3.16242 1.60023
    endloop
  endfacet
  facet normal 0.870023 0.3113 -0.382299
    outer loop
      vertex 4.10905 1.24647 -2.03089
      vertex 3.96709 1.64322 -2.03089
      vertex 4.1319 1.71149 -1.60023
    endloop
  endfacet
  facet normal -0.0453484 -0.922933 0.38228
    outer loop
      vertex 0 -4.29395 2.03089
      vertex -0.42088 -4.27327 2.03089
      vertex 0 -4.47233 1.60023
    endloop
  endfacet
  facet normal -0.830591 0.297199 -0.470948
    outer loop
      vertex -3.89878 1.18268 -2.44199
      vertex -4.10905 1.24647 -2.03089
      vertex -3.76408 1.55913 -2.44199
    endloop
  endfacet
  facet normal 0.187931 0.750206 -0.633934
    outer loop
      vertex 1.02166 3.36797 -3.1899
      vertex 0.744315 3.74193 -2.82957
      vertex 1.1075 3.65095 -2.82957
    endloop
  endfacet
  facet normal 0.0347166 -0.706684 -0.706677
    outer loop
      vertex 0.344973 -3.50257 -3.1899
      vertex 0 -3.1899 -3.51952
      vertex 0.312665 -3.17454 -3.51952
    endloop
  endfacet
  facet normal -0.914038 -0.135586 -0.382297
    outer loop
      vertex -4.3864 -0.872509 -1.60023
      vertex -4.4508 -0.438365 -1.60023
      vertex -4.27327 -0.42088 -2.03089
    endloop
  endfacet
  facet normal 0.799349 -0.592837 0.097908
    outer loop
      vertex 3.90673 -2.6104 0.696969
      vertex 3.63206 -2.98075 0.696969
      vertex 3.66738 -3.00974 0.233071
    endloop
  endfacet
  facet normal 0.502644 0.237726 0.831165
    outer loop
      vertex 2.49546 1.33385 3.81524
      vertex 2.2561 0.934508 4.07421
      vertex 2.61418 1.08283 3.81524
    endloop
  endfacet
  facet normal 0.592827 0.799357 -0.0978955
    outer loop
      vertex 3.00974 3.66738 -0.233071
      vertex 2.6104 3.90673 -0.696969
      vertex 2.63578 3.94472 -0.233071
    endloop
  endfacet
  facet normal 0.470395 0.426346 0.77263
    outer loop
      vertex 2.2556 2.2556 3.51952
      vertex 2.18729 1.79506 3.81524
      vertex 2.46583 2.02365 3.51952
    endloop
  endfacet
  facet normal -0.378978 -0.281083 0.881685
    outer loop
      vertex -1.68862 -1.1283 4.29395
      vertex -2.03044 -1.3567 4.07421
      vertex -1.88768 -1.54918 4.07421
    endloop
  endfacet
  facet normal -0.476916 -0.285853 0.831168
    outer loop
      vertex -2.15364 -1.15114 4.07421
      vertex -2.49546 -1.33385 3.81524
      vertex -2.3527 -1.57203 3.81524
    endloop
  endfacet
  facet normal 0.519374 0.573024 0.633951
    outer loop
      vertex 2.69778 2.69778 2.82957
      vertex 2.23276 2.72062 3.1899
      vertex 2.48867 2.48867 3.1899
    endloop
  endfacet
  facet normal -0.865153 -0.409189 0.289956
    outer loop
      vertex -3.94425 -2.10824 1.60023
      vertex -4.1319 -1.71149 1.60023
      vertex -4.06358 -2.17203 1.15416
    endloop
  endfacet
  facet normal -0.899647 0.425498 -0.0979116
    outer loop
      vertex -4.14378 2.2149 -0.696969
      vertex -4.38314 1.81556 -0.233071
      vertex -4.18408 2.23644 -0.233071
    endloop
  endfacet
  facet normal -0.75192 -0.355635 0.555103
    outer loop
      vertex -3.36474 -1.79849 2.82957
      vertex -3.76408 -1.55913 2.44199
      vertex -3.59313 -1.92057 2.44199
    endloop
  endfacet
  facet normal -0.558595 -0.616304 -0.555105
    outer loop
      vertex -2.58465 -3.14941 -2.44199
      vertex -2.8809 -2.8809 -2.44199
      vertex -2.69778 -2.69778 -2.82957
    endloop
  endfacet
  facet normal 0.539368 0.135107 0.831161
    outer loop
      vertex 2.7752 0.552022 3.81524
      vertex 2.33684 0.708871 4.07421
      vertex 2.39507 0.476408 4.07421
    endloop
  endfacet
  facet normal 0.658684 -0.726752 -0.19485
    outer loop
      vertex 3.3224 -3.3224 -0.696969
      vertex 2.92306 -3.56176 -1.15416
      vertex 3.2581 -3.2581 -1.15416
    endloop
  endfacet
  facet normal 0.470387 0.426355 -0.77263
    outer loop
      vertex 2.2196 2.01289 -3.67537
      vertex 2.12132 2.12132 -3.67537
      vertex 2.2556 2.2556 -3.51952
    endloop
  endfacet
  facet normal 0.740943 0.671568 0
    outer loop
      vertex 3.66738 3.00974 0.233071
      vertex 3.35471 3.35471 -0.233071
      vertex 3.35471 3.35471 0.233071
    endloop
  endfacet
  facet normal 0.740943 0.671568 0
    outer loop
      vertex 3.35471 3.35471 -0.233071
      vertex 3.66738 3.00974 0.233071
      vertex 3.66738 3.00974 -0.233071
    endloop
  endfacet
  facet normal 0.922933 0.0453484 -0.38228
    outer loop
      vertex 4.29395 0 -2.03089
      vertex 4.27327 0.42088 -2.03089
      vertex 4.47233 0 -1.60023
    endloop
  endfacet
  facet normal 0.558589 -0.616306 -0.555108
    outer loop
      vertex 2.58465 -3.14941 -2.44199
      vertex 2.42036 -2.94922 -2.82957
      vertex 2.69778 -2.69778 -2.82957
    endloop
  endfacet
  facet normal 0.470387 -0.426355 -0.77263
    outer loop
      vertex 2.2556 -2.2556 -3.51952
      vertex 2.12132 -2.12132 -3.67537
      vertex 2.2196 -2.01289 -3.67537
    endloop
  endfacet
  facet normal 0.495485 -0.668094 0.555108
    outer loop
      vertex 2.42036 -2.94922 2.82957
      vertex 2.26351 -3.38758 2.44199
      vertex 2.58465 -3.14941 2.44199
    endloop
  endfacet
  facet normal 0.280204 -0.783163 0.555105
    outer loop
      vertex 1.46003 -3.52482 2.82957
      vertex 1.1075 -3.65095 2.82957
      vertex 1.55913 -3.76408 2.44199
    endloop
  endfacet
  facet normal -0.713432 0.427628 -0.555112
    outer loop
      vertex -3.36474 1.79849 -2.82957
      vertex -3.38758 2.26351 -2.44199
      vertex -3.17225 2.11963 -2.82957
    endloop
  endfacet
  facet normal -0.363752 0.606867 0.70668
    outer loop
      vertex -1.65909 3.10394 3.1899
      vertex -1.95534 2.92637 3.1899
      vertex -1.50371 2.81324 3.51952
    endloop
  endfacet
  facet normal 0.592837 0.799349 0.097908
    outer loop
      vertex 3.00974 3.66738 0.233071
      vertex 2.6104 3.90673 0.696969
      vertex 2.98075 3.63206 0.696969
    endloop
  endfacet
  facet normal -0.509917 -0.378179 0.772636
    outer loop
      vertex -2.3527 -1.57203 3.81524
      vertex -2.65231 -1.77222 3.51952
      vertex -2.18729 -1.79506 3.81524
    endloop
  endfacet
  facet normal 0.799357 0.592827 -0.0978955
    outer loop
      vertex 3.90673 2.6104 -0.696969
      vertex 3.66738 3.00974 -0.233071
      vertex 3.94472 2.63578 -0.233071
    endloop
  endfacet
  facet normal 0.792586 0.475038 0.382291
    outer loop
      vertex 3.71861 2.4847 1.60023
      vertex 3.57029 2.38559 2.03089
      vertex 3.78692 2.02415 2.03089
    endloop
  endfacet
  facet normal 0.11348 0.765007 0.633945
    outer loop
      vertex 0.744315 3.74193 2.82957
      vertex 0.344973 3.50257 3.1899
      vertex 0.686624 3.45189 3.1899
    endloop
  endfacet
  facet normal -0.830779 0.0408169 0.555103
    outer loop
      vertex -4.05459 0.399342 2.44199
      vertex -4.07421 0 2.44199
      vertex -3.81524 0 2.82957
    endloop
  endfacet
  facet normal 0.273633 -0.0978979 0.956839
    outer loop
      vertex 1.53132 -0.46452 4.47233
      vertex 1.10446 -0.335033 4.60765
      vertex 1.47842 -0.61238 4.47233
    endloop
  endfacet
  facet normal -0.189463 0.0474568 0.98074
    outer loop
      vertex -1.10446 0.335033 4.60765
      vertex -1.13198 0.225164 4.60765
      vertex -0.683578 0.135972 4.69859
    endloop
  endfacet
  facet normal 0.573908 0.27143 0.772629
    outer loop
      vertex 2.81324 1.50371 3.51952
      vertex 2.49546 1.33385 3.81524
      vertex 2.61418 1.08283 3.81524
    endloop
  endfacet
  facet normal -0.0970723 0.0143978 0.995173
    outer loop
      vertex -0.683578 0.135972 4.69859
      vertex -0.693613 0.0683146 4.69859
      vertex -0.231949 0.0228443 4.74428
    endloop
  endfacet
  facet normal 0.129425 0.872611 -0.470956
    outer loop
      vertex 0.794839 3.99593 -2.44199
      vertex 0.399342 4.05459 -2.44199
      vertex 0.42088 4.27327 -2.03089
    endloop
  endfacet
  facet normal -0.835316 0.395083 0.382304
    outer loop
      vertex -3.94425 2.10824 1.60023
      vertex -3.96709 1.64322 2.03089
      vertex -3.78692 2.02415 2.03089
    endloop
  endfacet
  facet normal -0.328573 -0.196929 0.92372
    outer loop
      vertex -1.41127 -0.754341 4.47233
      vertex -1.68862 -1.1283 4.29395
      vertex -1.33054 -0.889038 4.47233
    endloop
  endfacet
  facet normal 0.382606 -0.0188072 0.92372
    outer loop
      vertex 1.60023 0 4.47233
      vertex 1.59252 -0.156849 4.47233
      vertex 2.03089 0 4.29395
    endloop
  endfacet
  facet normal 0.78781 -0.58428 -0.194864
    outer loop
      vertex 3.63206 -2.98075 -0.696969
      vertex 3.56176 -2.92306 -1.15416
      vertex 3.83112 -2.55987 -1.15416
    endloop
  endfacet
  facet normal 0.525493 -0.708556 0.470962
    outer loop
      vertex 2.58465 -3.14941 2.44199
      vertex 2.26351 -3.38758 2.44199
      vertex 2.38559 -3.57029 2.03089
    endloop
  endfacet
  facet normal -0.15425 0.615826 0.772635
    outer loop
      vertex -0.622319 3.12861 3.51952
      vertex -0.92598 3.05255 3.51952
      vertex -0.821381 2.70773 3.81524
    endloop
  endfacet
  facet normal 0.037966 -0.772454 0.633935
    outer loop
      vertex 0.344973 -3.50257 3.1899
      vertex 0 -3.81524 2.82957
      vertex 0.373958 -3.79686 2.82957
    endloop
  endfacet
  facet normal 0.224525 -0.896348 -0.382294
    outer loop
      vertex 0.872509 -4.3864 -1.60023
      vertex 0.837708 -4.21144 -2.03089
      vertex 1.24647 -4.10905 -2.03089
    endloop
  endfacet
  facet normal -0.232543 -0.928358 -0.289957
    outer loop
      vertex -0.898907 -4.51911 -1.15416
      vertex -1.33753 -4.40924 -1.15416
      vertex -0.872509 -4.3864 -1.60023
    endloop
  endfacet
  facet normal -0.0453289 -0.922927 0.382297
    outer loop
      vertex -0.42088 -4.27327 2.03089
      vertex -0.438365 -4.4508 1.60023
      vertex 0 -4.47233 1.60023
    endloop
  endfacet
  facet normal 0.573034 0.51937 -0.633945
    outer loop
      vertex 2.72062 2.23276 -3.1899
      vertex 2.69778 2.69778 -2.82957
      vertex 2.94922 2.42036 -2.82957
    endloop
  endfacet
  facet normal 0.792586 -0.475038 -0.382291
    outer loop
      vertex 3.71861 -2.4847 -1.60023
      vertex 3.57029 -2.38559 -2.03089
      vertex 3.78692 -2.02415 -2.03089
    endloop
  endfacet
  facet normal 0.750202 -0.187911 -0.633945
    outer loop
      vertex 3.74193 -0.744315 -2.82957
      vertex 3.36797 -1.02166 -3.1899
      vertex 3.45189 -0.686624 -3.1899
    endloop
  endfacet
  facet normal 0.639605 -0.302524 -0.706671
    outer loop
      vertex 3.25161 -1.34686 -3.1899
      vertex 2.81324 -1.50371 -3.51952
      vertex 2.94709 -1.22072 -3.51952
    endloop
  endfacet
  facet normal -0.558589 -0.616306 -0.555108
    outer loop
      vertex -2.58465 -3.14941 -2.44199
      vertex -2.69778 -2.69778 -2.82957
      vertex -2.42036 -2.94922 -2.82957
    endloop
  endfacet
  facet normal -0.75192 0.355633 -0.555105
    outer loop
      vertex -3.52482 1.46003 -2.82957
      vertex -3.76408 1.55913 -2.44199
      vertex -3.36474 1.79849 -2.82957
    endloop
  endfacet
  facet normal -0.336887 0.941545 0
    outer loop
      vertex -1.37719 4.53999 -0.233071
      vertex -1.81556 4.38314 0.233071
      vertex -1.37719 4.53999 0.233071
    endloop
  endfacet
  facet normal -0.336887 0.941545 0
    outer loop
      vertex -1.81556 4.38314 0.233071
      vertex -1.37719 4.53999 -0.233071
      vertex -1.81556 4.38314 -0.233071
    endloop
  endfacet
  facet normal -0.460702 0.621181 -0.633946
    outer loop
      vertex -2.23276 2.72062 -3.1899
      vertex -2.42036 2.94922 -2.82957
      vertex -1.95534 2.92637 -3.1899
    endloop
  endfacet
  facet normal 0.841289 0.504244 0.19486
    outer loop
      vertex 4.14378 2.2149 0.696969
      vertex 3.83112 2.55987 1.15416
      vertex 4.06358 2.17203 1.15416
    endloop
  endfacet
  facet normal 0.870023 0.3113 0.382299
    outer loop
      vertex 4.1319 1.71149 1.60023
      vertex 3.96709 1.64322 2.03089
      vertex 4.10905 1.24647 2.03089
    endloop
  endfacet
  facet normal 0.684667 -0.620549 0.382297
    outer loop
      vertex 3.31927 -2.72405 2.03089
      vertex 3.03628 -3.03628 2.03089
      vertex 3.16242 -3.16242 1.60023
    endloop
  endfacet
  facet normal 0.492014 -0.820881 0.289959
    outer loop
      vertex 2.4847 -3.71861 1.60023
      vertex 2.10824 -3.94425 1.60023
      vertex 2.55987 -3.83112 1.15416
    endloop
  endfacet
  facet normal 0.100411 0.167531 0.98074
    outer loop
      vertex 0.544065 1.01787 4.60765
      vertex 0.328548 0.614672 4.69859
      vertex 0.387216 0.579509 4.69859
    endloop
  endfacet
  facet normal 0.238367 0.666181 0.706671
    outer loop
      vertex 1.34686 3.25161 3.1899
      vertex 1.02166 3.36797 3.1899
      vertex 1.22072 2.94709 3.51952
    endloop
  endfacet
  facet normal -0.280222 0.783145 0.555121
    outer loop
      vertex -1.18268 3.89878 2.44199
      vertex -1.55913 3.76408 2.44199
      vertex -1.1075 3.65095 2.82957
    endloop
  endfacet
  facet normal -0.037966 0.772454 0.633935
    outer loop
      vertex 0 3.81524 2.82957
      vertex -0.373958 3.79686 2.82957
      vertex -0.344973 3.50257 3.1899
    endloop
  endfacet
  facet normal 0.668341 0.737383 0.0979072
    outer loop
      vertex 3.35471 3.35471 0.233071
      vertex 3.00974 3.66738 0.233071
      vertex 3.3224 3.3224 0.696969
    endloop
  endfacet
  facet normal 0.634092 -0.0311504 0.77263
    outer loop
      vertex 3.1899 0 3.51952
      vertex 2.82957 0 3.81524
      vertex 3.17454 -0.312665 3.51952
    endloop
  endfacet
  facet normal 0.941544 0.33689 0
    outer loop
      vertex 4.38314 1.81556 0.233071
      vertex 4.53183 1.4 0
      vertex 4.38314 1.81556 -0.233071
    endloop
  endfacet
  facet normal 0.941546 0.336885 1.0782e-05
    outer loop
      vertex 4.38314 1.81556 0.233071
      vertex 4.53424 1.39326 0.137223
      vertex 4.53183 1.4 0
    endloop
  endfacet
  facet normal 0.941544 0.336891 -1.94657e-05
    outer loop
      vertex 4.53424 1.39326 0.137223
      vertex 4.38314 1.81556 0.233071
      vertex 4.53933 1.37904 0.233071
    endloop
  endfacet
  facet normal 0.941546 0.336885 -1.0782e-05
    outer loop
      vertex 4.53424 1.39326 -0.137223
      vertex 4.38314 1.81556 -0.233071
      vertex 4.53183 1.4 0
    endloop
  endfacet
  facet normal 0.941544 0.336891 1.94657e-05
    outer loop
      vertex 4.38314 1.81556 -0.233071
      vertex 4.53424 1.39326 -0.137223
      vertex 4.53933 1.37904 -0.233071
    endloop
  endfacet
  facet normal 0.634084 0.0311472 -0.772636
    outer loop
      vertex 2.99273 0.147883 -3.67537
      vertex 2.98555 0.294051 -3.67537
      vertex 3.17454 0.312665 -3.51952
    endloop
  endfacet
  facet normal 0.330427 0.923496 0.194866
    outer loop
      vertex 1.79807 4.34093 0.696969
      vertex 1.33753 4.40924 1.15416
      vertex 1.76327 4.25691 1.15416
    endloop
  endfacet
  facet normal 0.684675 0.620544 -0.38229
    outer loop
      vertex 3.31927 2.72405 -2.03089
      vertex 3.16242 3.16242 -1.60023
      vertex 3.45716 2.83722 -1.60023
    endloop
  endfacet
  facet normal 0.504244 0.841289 -0.19486
    outer loop
      vertex 2.55987 3.83112 -1.15416
      vertex 2.17203 4.06358 -1.15416
      vertex 2.2149 4.14378 -0.696969
    endloop
  endfacet
  facet normal 0.427553 0.90399 -0
    outer loop
      vertex 2.23644 4.18408 -0.233071
      vertex 1.81556 4.38314 0.233071
      vertex 2.23644 4.18408 0.233071
    endloop
  endfacet
  facet normal 0.427553 0.90399 0
    outer loop
      vertex 1.81556 4.38314 0.233071
      vertex 2.23644 4.18408 -0.233071
      vertex 1.81556 4.38314 -0.233071
    endloop
  endfacet
  facet normal -0.0490785 0.998795 0
    outer loop
      vertex 0 4.74428 -0.233071
      vertex -0.46502 4.72143 0.233071
      vertex 0 4.74428 0.233071
    endloop
  endfacet
  facet normal -0.0490785 0.998795 0
    outer loop
      vertex -0.46502 4.72143 0.233071
      vertex 0 4.74428 -0.233071
      vertex -0.46502 4.72143 -0.233071
    endloop
  endfacet
  facet normal -0.146011 0.984427 0.0978956
    outer loop
      vertex -0.460542 4.67596 0.696969
      vertex -0.925562 4.65312 0.233071
      vertex -0.916649 4.60831 0.696969
    endloop
  endfacet
  facet normal 0.189463 -0.0474568 0.98074
    outer loop
      vertex 1.13198 -0.225164 4.60765
      vertex 0.683578 -0.135972 4.69859
      vertex 1.10446 -0.335033 4.60765
    endloop
  endfacet
  facet normal -0.0923974 0.0330613 0.995173
    outer loop
      vertex -0.643915 0.266718 4.69859
      vertex -0.666958 0.202319 4.69859
      vertex -0.215329 0.0891924 4.74428
    endloop
  endfacet
  facet normal -0.573893 -0.271443 0.772636
    outer loop
      vertex -2.61418 -1.08283 3.81524
      vertex -2.94709 -1.22072 3.51952
      vertex -2.81324 -1.50371 3.51952
    endloop
  endfacet
  facet normal -0.922933 -0.0453484 0.38228
    outer loop
      vertex -4.29395 0 2.03089
      vertex -4.47233 0 1.60023
      vertex -4.27327 -0.42088 2.03089
    endloop
  endfacet
  facet normal -0.899643 0.425508 0.097901
    outer loop
      vertex -4.14378 2.2149 0.696969
      vertex -4.38314 1.81556 0.233071
      vertex -4.34093 1.79807 0.696969
    endloop
  endfacet
  facet normal -0.783163 -0.280204 0.555105
    outer loop
      vertex -3.65095 -1.1075 2.82957
      vertex -3.76408 -1.55913 2.44199
      vertex -3.52482 -1.46003 2.82957
    endloop
  endfacet
  facet normal -0.946709 0.140479 0.289842
    outer loop
      vertex -4.53405 0.777798 1.16406
      vertex -4.51911 0.898907 1.15416
      vertex -4.5351 0.791148 1.15416
    endloop
  endfacet
  facet normal -0.946609 0.140493 0.29016
    outer loop
      vertex -4.52989 0.659955 1.23469
      vertex -4.51911 0.898907 1.15416
      vertex -4.53405 0.777798 1.16406
    endloop
  endfacet
  facet normal -0.946688 0.140407 0.289945
    outer loop
      vertex -4.4508 0.438365 1.60023
      vertex -4.52989 0.659955 1.23469
      vertex -4.53032 0.535756 1.29343
    endloop
  endfacet
  facet normal -0.946682 0.140427 0.289955
    outer loop
      vertex -4.52989 0.659955 1.23469
      vertex -4.4508 0.438365 1.60023
      vertex -4.51911 0.898907 1.15416
    endloop
  endfacet
  facet normal -0.946678 0.140453 0.289956
    outer loop
      vertex -4.4508 0.438365 1.60023
      vertex -4.53032 0.535756 1.29343
      vertex -4.53378 0.446538 1.32535
    endloop
  endfacet
  facet normal -0.922933 0.0453484 0.38228
    outer loop
      vertex -4.27327 0.42088 2.03089
      vertex -4.47233 0 1.60023
      vertex -4.29395 0 2.03089
    endloop
  endfacet
  facet normal -0.756662 0.453507 0.47095
    outer loop
      vertex -3.57029 2.38559 2.03089
      vertex -3.78692 2.02415 2.03089
      vertex -3.59313 1.92057 2.44199
    endloop
  endfacet
  facet normal -0.946681 0.140429 -0.289957
    outer loop
      vertex -4.4508 0.438365 -1.60023
      vertex -4.51911 0.898907 -1.15416
      vertex -4.3864 0.872509 -1.60023
    endloop
  endfacet
  facet normal -0.606867 -0.363752 -0.70668
    outer loop
      vertex -2.92637 -1.95534 -3.1899
      vertex -3.10394 -1.65909 -3.1899
      vertex -2.81324 -1.50371 -3.51952
    endloop
  endfacet
  facet normal -0.122034 -0.822773 -0.555114
    outer loop
      vertex -0.399342 -4.05459 -2.44199
      vertex -0.794839 -3.99593 -2.44199
      vertex -0.373958 -3.79686 -2.82957
    endloop
  endfacet
  facet normal -0.666181 -0.238364 0.706672
    outer loop
      vertex -3.05255 -0.92598 3.51952
      vertex -3.36797 -1.02166 3.1899
      vertex -2.94709 -1.22072 3.51952
    endloop
  endfacet
  facet normal -0.606867 -0.363752 0.70668
    outer loop
      vertex -2.81324 -1.50371 3.51952
      vertex -3.10394 -1.65909 3.1899
      vertex -2.92637 -1.95534 3.1899
    endloop
  endfacet
  facet normal 0.202119 -0.806845 0.555112
    outer loop
      vertex 1.1075 -3.65095 2.82957
      vertex 0.744315 -3.74193 2.82957
      vertex 0.794839 -3.99593 2.44199
    endloop
  endfacet
  facet normal -0.592827 -0.799357 -0.0978955
    outer loop
      vertex -2.63578 -3.94472 -0.233071
      vertex -3.00974 -3.66738 -0.233071
      vertex -2.6104 -3.90673 -0.696969
    endloop
  endfacet
  facet normal -0.783145 -0.280222 0.555121
    outer loop
      vertex -3.65095 -1.1075 2.82957
      vertex -3.89878 -1.18268 2.44199
      vertex -3.76408 -1.55913 2.44199
    endloop
  endfacet
  facet normal -0.708554 -0.525502 -0.470956
    outer loop
      vertex -3.31927 -2.72405 -2.03089
      vertex -3.57029 -2.38559 -2.03089
      vertex -3.14941 -2.58465 -2.44199
    endloop
  endfacet
  facet normal -0.792574 -0.475048 0.382303
    outer loop
      vertex -3.78692 -2.02415 2.03089
      vertex -3.94425 -2.10824 1.60023
      vertex -3.71861 -2.4847 1.60023
    endloop
  endfacet
  facet normal -0.658684 -0.726752 -0.19485
    outer loop
      vertex -2.92306 -3.56176 -1.15416
      vertex -3.3224 -3.3224 -0.696969
      vertex -3.2581 -3.2581 -1.15416
    endloop
  endfacet
  facet normal -0.616306 0.558589 -0.555108
    outer loop
      vertex -2.94922 2.42036 -2.82957
      vertex -3.14941 2.58465 -2.44199
      vertex -2.69778 2.69778 -2.82957
    endloop
  endfacet
  facet normal 0.395083 -0.835316 -0.382304
    outer loop
      vertex 2.10824 -3.94425 -1.60023
      vertex 1.64322 -3.96709 -2.03089
      vertex 2.02415 -3.78692 -2.03089
    endloop
  endfacet
  facet normal -0.143923 -0.970215 -0.194858
    outer loop
      vertex -0.460542 -4.67596 -0.696969
      vertex -0.898907 -4.51911 -1.15416
      vertex -0.451628 -4.58546 -1.15416
    endloop
  endfacet
  facet normal 0.684675 -0.620544 -0.38229
    outer loop
      vertex 3.45716 -2.83722 -1.60023
      vertex 3.16242 -3.16242 -1.60023
      vertex 3.31927 -2.72405 -2.03089
    endloop
  endfacet
  facet normal 0.592827 -0.799357 -0.0978955
    outer loop
      vertex 2.63578 -3.94472 -0.233071
      vertex 2.6104 -3.90673 -0.696969
      vertex 3.00974 -3.66738 -0.233071
    endloop
  endfacet
  facet normal 0.756648 -0.453517 -0.470962
    outer loop
      vertex 3.57029 -2.38559 -2.03089
      vertex 3.38758 -2.26351 -2.44199
      vertex 3.59313 -1.92057 -2.44199
    endloop
  endfacet
  facet normal 0.260547 0.728169 -0.633944
    outer loop
      vertex 1.34686 3.25161 -3.1899
      vertex 1.02166 3.36797 -3.1899
      vertex 1.46003 3.52482 -2.82957
    endloop
  endfacet
  facet normal 0.302524 -0.639605 -0.706671
    outer loop
      vertex 1.34686 -3.25161 -3.1899
      vertex 1.22072 -2.94709 -3.51952
      vertex 1.50371 -2.81324 -3.51952
    endloop
  endfacet
  facet normal 0.822775 -0.122031 -0.555112
    outer loop
      vertex 3.99593 -0.794839 -2.44199
      vertex 3.74193 -0.744315 -2.82957
      vertex 3.79686 -0.373958 -2.82957
    endloop
  endfacet
  facet normal 0.830591 -0.297199 -0.470948
    outer loop
      vertex 4.10905 -1.24647 -2.03089
      vertex 3.76408 -1.55913 -2.44199
      vertex 3.89878 -1.18268 -2.44199
    endloop
  endfacet
  facet normal 0.83059 -0.297191 -0.470953
    outer loop
      vertex 3.96709 -1.64322 -2.03089
      vertex 3.76408 -1.55913 -2.44199
      vertex 4.10905 -1.24647 -2.03089
    endloop
  endfacet
  facet normal -0.799349 -0.592837 -0.097908
    outer loop
      vertex -3.66738 -3.00974 -0.233071
      vertex -3.90673 -2.6104 -0.696969
      vertex -3.63206 -2.98075 -0.696969
    endloop
  endfacet
  facet normal -0.595689 -0.803215 0
    outer loop
      vertex -3.00974 -3.66738 -0.233071
      vertex -2.63578 -3.94472 0.233071
      vertex -3.00974 -3.66738 0.233071
    endloop
  endfacet
  facet normal -0.595689 -0.803215 -0
    outer loop
      vertex -2.63578 -3.94472 0.233071
      vertex -3.00974 -3.66738 -0.233071
      vertex -2.63578 -3.94472 -0.233071
    endloop
  endfacet
  facet normal -0.653628 0.592424 -0.47096
    outer loop
      vertex -2.8809 2.8809 -2.44199
      vertex -3.14941 2.58465 -2.44199
      vertex -3.03628 3.03628 -2.03089
    endloop
  endfacet
  facet normal -0.146011 0.984427 -0.0978956
    outer loop
      vertex -0.916649 4.60831 -0.696969
      vertex -0.925562 4.65312 -0.233071
      vertex -0.460542 4.67596 -0.696969
    endloop
  endfacet
  facet normal -0.135586 0.914038 -0.382297
    outer loop
      vertex -0.42088 4.27327 -2.03089
      vertex -0.872509 4.3864 -1.60023
      vertex -0.438365 4.4508 -1.60023
    endloop
  endfacet
  facet normal 0.830779 -0.0408169 0.555103
    outer loop
      vertex 4.07421 0 2.44199
      vertex 3.81524 0 2.82957
      vertex 4.05459 -0.399342 2.44199
    endloop
  endfacet
  facet normal 0.899647 -0.425498 0.0979116
    outer loop
      vertex 4.38314 -1.81556 0.233071
      vertex 4.14378 -2.2149 0.696969
      vertex 4.18408 -2.23644 0.233071
    endloop
  endfacet
  facet normal 0.597739 -0.213875 0.772635
    outer loop
      vertex 3.05255 -0.92598 3.51952
      vertex 2.70773 -0.821381 3.81524
      vertex 2.94709 -1.22072 3.51952
    endloop
  endfacet
  facet normal 0.686337 -0.171914 0.706674
    outer loop
      vertex 3.45189 -0.686624 3.1899
      vertex 3.12861 -0.622319 3.51952
      vertex 3.36797 -1.02166 3.1899
    endloop
  endfacet
  facet normal 0.853603 -0.51164 -0.0979114
    outer loop
      vertex 4.18408 -2.23644 -0.233071
      vertex 3.94472 -2.63578 -0.233071
      vertex 4.14378 -2.2149 -0.696969
    endloop
  endfacet
  facet normal 0.872614 0.129439 -0.470946
    outer loop
      vertex 4.27327 0.42088 -2.03089
      vertex 3.99593 0.794839 -2.44199
      vertex 4.21144 0.837708 -2.03089
    endloop
  endfacet
  facet normal 0.699126 -0.330663 0.633944
    outer loop
      vertex 3.52482 -1.46003 2.82957
      vertex 3.25161 -1.34686 3.1899
      vertex 3.36474 -1.79849 2.82957
    endloop
  endfacet
  facet normal 0.355635 -0.75192 0.555103
    outer loop
      vertex 1.79849 -3.36474 2.82957
      vertex 1.55913 -3.76408 2.44199
      vertex 1.92057 -3.59313 2.44199
    endloop
  endfacet
  facet normal -0.129425 -0.872611 0.470956
    outer loop
      vertex -0.399342 -4.05459 2.44199
      vertex -0.794839 -3.99593 2.44199
      vertex -0.42088 -4.27327 2.03089
    endloop
  endfacet
  facet normal 0.58428 -0.78781 -0.194864
    outer loop
      vertex 2.98075 -3.63206 -0.696969
      vertex 2.55987 -3.83112 -1.15416
      vertex 2.92306 -3.56176 -1.15416
    endloop
  endfacet
  facet normal 0.421483 -0.5683 0.706673
    outer loop
      vertex 2.02365 -2.46583 3.51952
      vertex 1.95534 -2.92637 3.1899
      vertex 2.23276 -2.72062 3.1899
    endloop
  endfacet
  facet normal -0.103811 -0.699879 0.706678
    outer loop
      vertex -0.312665 -3.17454 3.51952
      vertex -0.622319 -3.12861 3.51952
      vertex -0.344973 -3.50257 3.1899
    endloop
  endfacet
  facet normal 0.47516 0.524251 0.706671
    outer loop
      vertex 2.48867 2.48867 3.1899
      vertex 2.02365 2.46583 3.51952
      vertex 2.2556 2.2556 3.51952
    endloop
  endfacet
  facet normal 0.378926 -0.0562026 0.923719
    outer loop
      vertex 1.59252 -0.156849 4.47233
      vertex 1.56948 -0.312188 4.47233
      vertex 1.99186 -0.396206 4.29395
    endloop
  endfacet
  facet normal -0.330657 0.699133 0.633939
    outer loop
      vertex -1.34686 3.25161 3.1899
      vertex -1.79849 3.36474 2.82957
      vertex -1.65909 3.10394 3.1899
    endloop
  endfacet
  facet normal -0.283823 0.25726 0.923722
    outer loop
      vertex -1.43605 1.43605 4.29395
      vertex -1.5699 1.28838 4.29395
      vertex -1.23699 1.01517 4.47233
    endloop
  endfacet
  facet normal 0.7687 0.570107 0.289963
    outer loop
      vertex 3.56176 2.92306 1.15416
      vertex 3.45716 2.83722 1.60023
      vertex 3.83112 2.55987 1.15416
    endloop
  endfacet
  facet normal 0.214349 0.855724 -0.470946
    outer loop
      vertex 1.24647 4.10905 -2.03089
      vertex 0.794839 3.99593 -2.44199
      vertex 0.837708 4.21144 -2.03089
    endloop
  endfacet
  facet normal 0.75192 0.355633 0.555105
    outer loop
      vertex 3.76408 1.55913 2.44199
      vertex 3.36474 1.79849 2.82957
      vertex 3.52482 1.46003 2.82957
    endloop
  endfacet
  facet normal 0.466729 -0.0692261 0.881687
    outer loop
      vertex 2.43023 -0.239356 4.07421
      vertex 1.99186 -0.396206 4.29395
      vertex 2.39507 -0.476408 4.07421
    endloop
  endfacet
  facet normal 0.363737 0.606891 0.706668
    outer loop
      vertex 1.95534 2.92637 3.1899
      vertex 1.50371 2.81324 3.51952
      vertex 1.77222 2.65231 3.51952
    endloop
  endfacet
  facet normal 0.792574 0.475048 0.382303
    outer loop
      vertex 3.94425 2.10824 1.60023
      vertex 3.71861 2.4847 1.60023
      vertex 3.78692 2.02415 2.03089
    endloop
  endfacet
  facet normal 0.928362 -0.232537 -0.289951
    outer loop
      vertex 4.40924 -1.33753 -1.15416
      vertex 4.27976 -1.29825 -1.60023
      vertex 4.3864 -0.872509 -1.60023
    endloop
  endfacet
  facet normal 0.93702 0.335276 -0.0978999
    outer loop
      vertex 4.49627 1.36393 -0.696969
      vertex 4.34093 1.79807 -0.696969
      vertex 4.38314 1.81556 -0.233071
    endloop
  endfacet
  facet normal 0.84129 0.504242 -0.194862
    outer loop
      vertex 4.14378 2.2149 -0.696969
      vertex 3.83112 2.55987 -1.15416
      vertex 3.90673 2.6104 -0.696969
    endloop
  endfacet
  facet normal 0.946709 0.140479 -0.289842
    outer loop
      vertex 4.53405 0.777798 -1.16406
      vertex 4.51911 0.898907 -1.15416
      vertex 4.5351 0.791148 -1.15416
    endloop
  endfacet
  facet normal 0.946609 0.140493 -0.29016
    outer loop
      vertex 4.52989 0.659955 -1.23469
      vertex 4.51911 0.898907 -1.15416
      vertex 4.53405 0.777798 -1.16406
    endloop
  endfacet
  facet normal 0.946688 0.140407 -0.289945
    outer loop
      vertex 4.4508 0.438365 -1.60023
      vertex 4.52989 0.659955 -1.23469
      vertex 4.53032 0.535756 -1.29343
    endloop
  endfacet
  facet normal 0.946682 0.140427 -0.289955
    outer loop
      vertex 4.52989 0.659955 -1.23469
      vertex 4.4508 0.438365 -1.60023
      vertex 4.51911 0.898907 -1.15416
    endloop
  endfacet
  facet normal 0.946678 0.140453 -0.289956
    outer loop
      vertex 4.4508 0.438365 -1.60023
      vertex 4.53032 0.535756 -1.29343
      vertex 4.53378 0.446538 -1.32535
    endloop
  endfacet
  facet normal 0.708554 0.525502 -0.470956
    outer loop
      vertex 3.57029 2.38559 -2.03089
      vertex 3.14941 2.58465 -2.44199
      vertex 3.31927 2.72405 -2.03089
    endloop
  endfacet
  facet normal 0.666181 0.238364 -0.706672
    outer loop
      vertex 3.05255 0.92598 -3.51952
      vertex 2.94709 1.22072 -3.51952
      vertex 3.36797 1.02166 -3.1899
    endloop
  endfacet
  facet normal 0.544536 0.326365 -0.772636
    outer loop
      vertex 2.57053 1.53971 -3.67537
      vertex 2.65231 1.77222 -3.51952
      vertex 2.81324 1.50371 -3.51952
    endloop
  endfacet
  facet normal 0.544525 0.326372 -0.772641
    outer loop
      vertex 2.49441 1.66671 -3.67537
      vertex 2.65231 1.77222 -3.51952
      vertex 2.57053 1.53971 -3.67537
    endloop
  endfacet
  facet normal 0.658693 0.72674 0.194864
    outer loop
      vertex 2.98075 3.63206 0.696969
      vertex 2.92306 3.56176 1.15416
      vertex 3.3224 3.3224 0.696969
    endloop
  endfacet
  facet normal 0.865153 0.409189 0.289956
    outer loop
      vertex 4.25691 1.76327 1.15416
      vertex 4.06358 2.17203 1.15416
      vertex 4.1319 1.71149 1.60023
    endloop
  endfacet
  facet normal 0.708556 0.525493 -0.470962
    outer loop
      vertex 3.38758 2.26351 -2.44199
      vertex 3.14941 2.58465 -2.44199
      vertex 3.57029 2.38559 -2.03089
    endloop
  endfacet
  facet normal 0.492013 0.820882 -0.289958
    outer loop
      vertex 2.55987 3.83112 -1.15416
      vertex 2.10824 3.94425 -1.60023
      vertex 2.17203 4.06358 -1.15416
    endloop
  endfacet
  facet normal 0.492014 0.820881 -0.289959
    outer loop
      vertex 2.4847 3.71861 -1.60023
      vertex 2.10824 3.94425 -1.60023
      vertex 2.55987 3.83112 -1.15416
    endloop
  endfacet
  facet normal 0.335269 0.937023 0.0978929
    outer loop
      vertex 1.37719 4.53999 0.233071
      vertex 1.36393 4.49627 0.696969
      vertex 1.81556 4.38314 0.233071
    endloop
  endfacet
  facet normal 0.0453484 0.922933 -0.38228
    outer loop
      vertex 0.42088 4.27327 -2.03089
      vertex 0 4.29395 -2.03089
      vertex 0 4.47233 -1.60023
    endloop
  endfacet
  facet normal -0.7687 0.570107 -0.289963
    outer loop
      vertex -3.45716 2.83722 -1.60023
      vertex -3.83112 2.55987 -1.15416
      vertex -3.56176 2.92306 -1.15416
    endloop
  endfacet
  facet normal -0.0980161 0.0048151 0.995173
    outer loop
      vertex -0.693613 0.0683146 4.69859
      vertex -0.696969 0 4.69859
      vertex -0.233071 0 4.74428
    endloop
  endfacet
  facet normal 0.0923974 0.0330613 0.995173
    outer loop
      vertex 0.643915 0.266718 4.69859
      vertex 0.215329 0.0891924 4.74428
      vertex 0.666958 0.202319 4.69859
    endloop
  endfacet
  facet normal 0.273624 -0.0979107 0.95684
    outer loop
      vertex 1.10446 -0.335033 4.60765
      vertex 1.0663 -0.441676 4.60765
      vertex 1.47842 -0.61238 4.47233
    endloop
  endfacet
  facet normal -0.539368 -0.135107 0.831161
    outer loop
      vertex -2.39507 -0.476408 4.07421
      vertex -2.7752 -0.552022 3.81524
      vertex -2.33684 -0.708871 4.07421
    endloop
  endfacet
  facet normal -0.19508 -0.00958785 0.98074
    outer loop
      vertex -0.693613 -0.0683146 4.69859
      vertex -1.15416 0 4.60765
      vertex -1.1486 -0.113127 4.60765
    endloop
  endfacet
  facet normal -0.290268 -0.0142662 0.956839
    outer loop
      vertex -1.15416 0 4.60765
      vertex -1.59252 -0.156849 4.47233
      vertex -1.1486 -0.113127 4.60765
    endloop
  endfacet
  facet normal -0.0469656 0.955881 -0.289976
    outer loop
      vertex 0 4.47233 -1.60023
      vertex -0.451628 4.58546 -1.15416
      vertex 0 4.60765 -1.15416
    endloop
  endfacet
  facet normal -0.570107 0.7687 0.289963
    outer loop
      vertex -2.55987 3.83112 1.15416
      vertex -2.92306 3.56176 1.15416
      vertex -2.83722 3.45716 1.60023
    endloop
  endfacet
  facet normal -0.855724 0.21435 0.470947
    outer loop
      vertex -3.89878 1.18268 2.44199
      vertex -4.10905 1.24647 2.03089
      vertex -3.99593 0.794839 2.44199
    endloop
  endfacet
  facet normal -0.855724 0.214349 0.470946
    outer loop
      vertex -4.10905 1.24647 2.03089
      vertex -4.21144 0.837708 2.03089
      vertex -3.99593 0.794839 2.44199
    endloop
  endfacet
  facet normal -0.88666 0.419361 0.19486
    outer loop
      vertex -4.14378 2.2149 0.696969
      vertex -4.25691 1.76327 1.15416
      vertex -4.06358 2.17203 1.15416
    endloop
  endfacet
  facet normal -0.955844 0.0470921 -0.290077
    outer loop
      vertex -4.47233 0 -1.60023
      vertex -4.52838 0.137223 -1.39326
      vertex -4.52802 0.222328 -1.38063
    endloop
  endfacet
  facet normal -0.955886 0.0469126 -0.289969
    outer loop
      vertex -4.52838 0.137223 -1.39326
      vertex -4.47233 0 -1.60023
      vertex -4.53307 0 -1.4
    endloop
  endfacet
  facet normal -0.0432927 0.881094 -0.470956
    outer loop
      vertex -0.399342 4.05459 -2.44199
      vertex -0.42088 4.27327 -2.03089
      vertex 0 4.29395 -2.03089
    endloop
  endfacet
  facet normal -0.280204 0.783163 -0.555105
    outer loop
      vertex -1.46003 3.52482 -2.82957
      vertex -1.55913 3.76408 -2.44199
      vertex -1.1075 3.65095 -2.82957
    endloop
  endfacet
  facet normal -0.941546 -0.336885 -1.0782e-05
    outer loop
      vertex -4.53424 -1.39326 -0.137223
      vertex -4.38314 -1.81556 -0.233071
      vertex -4.53183 -1.4 0
    endloop
  endfacet
  facet normal -0.941544 -0.336891 1.94657e-05
    outer loop
      vertex -4.38314 -1.81556 -0.233071
      vertex -4.53424 -1.39326 -0.137223
      vertex -4.53933 -1.37904 -0.233071
    endloop
  endfacet
  facet normal -0.941544 -0.33689 -0
    outer loop
      vertex -4.38314 -1.81556 0.233071
      vertex -4.53183 -1.4 0
      vertex -4.38314 -1.81556 -0.233071
    endloop
  endfacet
  facet normal -0.941546 -0.336885 1.0782e-05
    outer loop
      vertex -4.53183 -1.4 0
      vertex -4.38314 -1.81556 0.233071
      vertex -4.53424 -1.39326 0.137223
    endloop
  endfacet
  facet normal -0.941544 -0.336891 -1.94657e-05
    outer loop
      vertex -4.53424 -1.39326 0.137223
      vertex -4.38314 -1.81556 0.233071
      vertex -4.53933 -1.37904 0.233071
    endloop
  endfacet
  facet normal -0.806845 -0.202119 -0.555112
    outer loop
      vertex -3.65095 -1.1075 -2.82957
      vertex -3.99593 -0.794839 -2.44199
      vertex -3.74193 -0.744315 -2.82957
    endloop
  endfacet
  facet normal -0.708556 -0.525493 0.470962
    outer loop
      vertex -3.38758 -2.26351 2.44199
      vertex -3.57029 -2.38559 2.03089
      vertex -3.14941 -2.58465 2.44199
    endloop
  endfacet
  facet normal -0.492013 -0.820882 -0.289958
    outer loop
      vertex -2.17203 -4.06358 -1.15416
      vertex -2.55987 -3.83112 -1.15416
      vertex -2.10824 -3.94425 -1.60023
    endloop
  endfacet
  facet normal -0.627992 0.0931318 -0.772627
    outer loop
      vertex -2.96408 0.438812 -3.67537
      vertex -3.12861 0.622319 -3.51952
      vertex -2.94236 0.585271 -3.67537
    endloop
  endfacet
  facet normal -0.627982 0.0931466 -0.772633
    outer loop
      vertex -3.12861 0.622319 -3.51952
      vertex -2.96408 0.438812 -3.67537
      vertex -3.17454 0.312665 -3.51952
    endloop
  endfacet
  facet normal -0.262708 -0.124265 0.95684
    outer loop
      vertex -1.0663 -0.441676 4.60765
      vertex -1.47842 -0.61238 4.47233
      vertex -1.41127 -0.754341 4.47233
    endloop
  endfacet
  facet normal -0.519374 -0.573024 0.633951
    outer loop
      vertex -2.48867 -2.48867 3.1899
      vertex -2.69778 -2.69778 2.82957
      vertex -2.23276 -2.72062 3.1899
    endloop
  endfacet
  facet normal -0.88666 -0.419361 0.19486
    outer loop
      vertex -4.06358 -2.17203 1.15416
      vertex -4.25691 -1.76327 1.15416
      vertex -4.14378 -2.2149 0.696969
    endloop
  endfacet
  facet normal -0.79746 -0.377174 0.470953
    outer loop
      vertex -3.76408 -1.55913 2.44199
      vertex -3.96709 -1.64322 2.03089
      vertex -3.59313 -1.92057 2.44199
    endloop
  endfacet
  facet normal -0.51164 -0.853603 0.0979114
    outer loop
      vertex -2.2149 -4.14378 0.696969
      vertex -2.63578 -3.94472 0.233071
      vertex -2.23644 -4.18408 0.233071
    endloop
  endfacet
  facet normal 0.143903 -0.970214 -0.194877
    outer loop
      vertex 0.916649 -4.60831 -0.696969
      vertex 0.460542 -4.67596 -0.696969
      vertex 0.898907 -4.51911 -1.15416
    endloop
  endfacet
  facet normal -0.872614 -0.129439 -0.470946
    outer loop
      vertex -4.21144 -0.837708 -2.03089
      vertex -4.27327 -0.42088 -2.03089
      vertex -3.99593 -0.794839 -2.44199
    endloop
  endfacet
  facet normal -0.835316 -0.395083 0.382304
    outer loop
      vertex -3.78692 -2.02415 2.03089
      vertex -3.96709 -1.64322 2.03089
      vertex -3.94425 -2.10824 1.60023
    endloop
  endfacet
  facet normal -0.91404 -0.135584 0.382294
    outer loop
      vertex -4.27327 -0.42088 2.03089
      vertex -4.3864 -0.872509 1.60023
      vertex -4.21144 -0.837708 2.03089
    endloop
  endfacet
  facet normal -0.558595 -0.616304 0.555105
    outer loop
      vertex -2.69778 -2.69778 2.82957
      vertex -2.8809 -2.8809 2.44199
      vertex -2.58465 -3.14941 2.44199
    endloop
  endfacet
  facet normal -0.881092 -0.0432888 0.470959
    outer loop
      vertex -4.07421 0 2.44199
      vertex -4.29395 0 2.03089
      vertex -4.05459 -0.399342 2.44199
    endloop
  endfacet
  facet normal -0.822775 0.122031 0.555112
    outer loop
      vertex -3.74193 0.744315 2.82957
      vertex -3.99593 0.794839 2.44199
      vertex -3.79686 0.373958 2.82957
    endloop
  endfacet
  facet normal -0.330663 -0.699126 -0.633944
    outer loop
      vertex -1.46003 -3.52482 -2.82957
      vertex -1.79849 -3.36474 -2.82957
      vertex -1.34686 -3.25161 -3.1899
    endloop
  endfacet
  facet normal 0.280204 -0.783163 -0.555105
    outer loop
      vertex 1.55913 -3.76408 -2.44199
      vertex 1.1075 -3.65095 -2.82957
      vertex 1.46003 -3.52482 -2.82957
    endloop
  endfacet
  facet normal -0.140432 -0.94668 0.28996
    outer loop
      vertex -0.438365 -4.4508 1.60023
      vertex -0.898907 -4.51911 1.15416
      vertex -0.451628 -4.58546 1.15416
    endloop
  endfacet
  facet normal 0.232543 -0.928358 -0.289957
    outer loop
      vertex 0.898907 -4.51911 -1.15416
      vertex 0.872509 -4.3864 -1.60023
      vertex 1.33753 -4.40924 -1.15416
    endloop
  endfacet
  facet normal -0.0469477 -0.955887 -0.28996
    outer loop
      vertex 0 -4.47233 -1.60023
      vertex -0.451628 -4.58546 -1.15416
      vertex -0.438365 -4.4508 -1.60023
    endloop
  endfacet
  facet normal 0.355633 -0.75192 -0.555105
    outer loop
      vertex 1.55913 -3.76408 -2.44199
      vertex 1.46003 -3.52482 -2.82957
      vertex 1.79849 -3.36474 -2.82957
    endloop
  endfacet
  facet normal 0.302503 -0.639605 -0.706681
    outer loop
      vertex 1.65909 -3.10394 -3.1899
      vertex 1.34686 -3.25161 -3.1899
      vertex 1.50371 -2.81324 -3.51952
    endloop
  endfacet
  facet normal 0.297191 -0.83059 -0.470953
    outer loop
      vertex 1.64322 -3.96709 -2.03089
      vertex 1.24647 -4.10905 -2.03089
      vertex 1.55913 -3.76408 -2.44199
    endloop
  endfacet
  facet normal 0.550456 -0.742195 -0.382289
    outer loop
      vertex 2.83722 -3.45716 -1.60023
      vertex 2.4847 -3.71861 -1.60023
      vertex 2.72405 -3.31927 -2.03089
    endloop
  endfacet
  facet normal 0.397606 -0.663348 0.633939
    outer loop
      vertex 1.95534 -2.92637 3.1899
      vertex 1.65909 -3.10394 3.1899
      vertex 1.79849 -3.36474 2.82957
    endloop
  endfacet
  facet normal 0.923491 -0.330435 -0.194875
    outer loop
      vertex 4.49627 -1.36393 -0.696969
      vertex 4.34093 -1.79807 -0.696969
      vertex 4.40924 -1.33753 -1.15416
    endloop
  endfacet
  facet normal 0.756648 0.453517 -0.470962
    outer loop
      vertex 3.59313 1.92057 -2.44199
      vertex 3.38758 2.26351 -2.44199
      vertex 3.57029 2.38559 -2.03089
    endloop
  endfacet
  facet normal 0.573024 0.519374 -0.633951
    outer loop
      vertex 2.72062 2.23276 -3.1899
      vertex 2.48867 2.48867 -3.1899
      vertex 2.69778 2.69778 -2.82957
    endloop
  endfacet
  facet normal 0.202105 0.806842 -0.555121
    outer loop
      vertex 1.1075 3.65095 -2.82957
      vertex 0.794839 3.99593 -2.44199
      vertex 1.18268 3.89878 -2.44199
    endloop
  endfacet
  facet normal 0.280222 0.783145 -0.555121
    outer loop
      vertex 1.55913 3.76408 -2.44199
      vertex 1.1075 3.65095 -2.82957
      vertex 1.18268 3.89878 -2.44199
    endloop
  endfacet
  facet normal -0.238367 -0.666181 -0.706671
    outer loop
      vertex -1.02166 -3.36797 -3.1899
      vertex -1.34686 -3.25161 -3.1899
      vertex -1.22072 -2.94709 -3.51952
    endloop
  endfacet
  facet normal 0.88666 0.419361 -0.19486
    outer loop
      vertex 4.25691 1.76327 -1.15416
      vertex 4.06358 2.17203 -1.15416
      vertex 4.14378 2.2149 -0.696969
    endloop
  endfacet
  facet normal 0.75192 -0.355635 -0.555103
    outer loop
      vertex 3.59313 -1.92057 -2.44199
      vertex 3.36474 -1.79849 -2.82957
      vertex 3.76408 -1.55913 -2.44199
    endloop
  endfacet
  facet normal 0.742195 -0.550456 -0.382289
    outer loop
      vertex 3.45716 -2.83722 -1.60023
      vertex 3.31927 -2.72405 -2.03089
      vertex 3.71861 -2.4847 -1.60023
    endloop
  endfacet
  facet normal -0.896348 0.224518 -0.382299
    outer loop
      vertex -4.10905 1.24647 -2.03089
      vertex -4.3864 0.872509 -1.60023
      vertex -4.27976 1.29825 -1.60023
    endloop
  endfacet
  facet normal -0.799357 0.592827 -0.0978955
    outer loop
      vertex -3.90673 2.6104 -0.696969
      vertex -3.94472 2.63578 -0.233071
      vertex -3.66738 3.00974 -0.233071
    endloop
  endfacet
  facet normal -0.615813 0.154272 -0.772642
    outer loop
      vertex -2.9068 0.72723 -3.67537
      vertex -3.05255 0.92598 -3.51952
      vertex -2.87082 0.870853 -3.67537
    endloop
  endfacet
  facet normal -0.61583 0.154251 -0.772632
    outer loop
      vertex -3.05255 0.92598 -3.51952
      vertex -2.9068 0.72723 -3.67537
      vertex -3.12861 0.622319 -3.51952
    endloop
  endfacet
  facet normal -0.970195 0.143964 -0.194928
    outer loop
      vertex -4.5351 0.791148 -1.15416
      vertex -4.53514 0.854124 -1.10745
      vertex -4.51911 0.898907 -1.15416
    endloop
  endfacet
  facet normal -0.881092 -0.0432888 -0.470959
    outer loop
      vertex -4.05459 -0.399342 -2.44199
      vertex -4.29395 0 -2.03089
      vertex -4.07421 0 -2.44199
    endloop
  endfacet
  facet normal -0.421483 0.5683 -0.706673
    outer loop
      vertex -2.02365 2.46583 -3.51952
      vertex -2.23276 2.72062 -3.1899
      vertex -1.95534 2.92637 -3.1899
    endloop
  endfacet
  facet normal -0.260533 0.728183 -0.633934
    outer loop
      vertex -1.02166 3.36797 -3.1899
      vertex -1.46003 3.52482 -2.82957
      vertex -1.1075 3.65095 -2.82957
    endloop
  endfacet
  facet normal -0.187931 0.750206 -0.633934
    outer loop
      vertex -1.02166 3.36797 -3.1899
      vertex -1.1075 3.65095 -2.82957
      vertex -0.744315 3.74193 -2.82957
    endloop
  endfacet
  facet normal -0.171912 0.686338 -0.706672
    outer loop
      vertex -0.92598 3.05255 -3.51952
      vertex -1.02166 3.36797 -3.1899
      vertex -0.622319 3.12861 -3.51952
    endloop
  endfacet
  facet normal 0.11348 0.765007 -0.633945
    outer loop
      vertex 0.686624 3.45189 -3.1899
      vertex 0.344973 3.50257 -3.1899
      vertex 0.744315 3.74193 -2.82957
    endloop
  endfacet
  facet normal 0.0453289 0.922927 0.382297
    outer loop
      vertex 0.438365 4.4508 1.60023
      vertex 0 4.47233 1.60023
      vertex 0.42088 4.27327 2.03089
    endloop
  endfacet
  facet normal -0.241819 0.96537 -0.0978956
    outer loop
      vertex -0.916649 4.60831 -0.696969
      vertex -1.37719 4.53999 -0.233071
      vertex -0.925562 4.65312 -0.233071
    endloop
  endfacet
  facet normal 0.0488428 0.993997 0.0979002
    outer loop
      vertex 0 4.74428 0.233071
      vertex 0 4.69859 0.696969
      vertex 0.460542 4.67596 0.696969
    endloop
  endfacet
  facet normal 0.103819 0.699881 0.706674
    outer loop
      vertex 0.686624 3.45189 3.1899
      vertex 0.344973 3.50257 3.1899
      vertex 0.622319 3.12861 3.51952
    endloop
  endfacet
  facet normal 0.756648 0.453517 0.470962
    outer loop
      vertex 3.57029 2.38559 2.03089
      vertex 3.38758 2.26351 2.44199
      vertex 3.59313 1.92057 2.44199
    endloop
  endfacet
  facet normal 0.853603 -0.51164 0.0979114
    outer loop
      vertex 4.14378 -2.2149 0.696969
      vertex 3.94472 -2.63578 0.233071
      vertex 4.18408 -2.23644 0.233071
    endloop
  endfacet
  facet normal 0.621194 -0.460695 0.633938
    outer loop
      vertex 3.17225 -2.11963 2.82957
      vertex 2.92637 -1.95534 3.1899
      vertex 2.94922 -2.42036 2.82957
    endloop
  endfacet
  facet normal 0.820881 -0.492014 0.289959
    outer loop
      vertex 3.94425 -2.10824 1.60023
      vertex 3.71861 -2.4847 1.60023
      vertex 3.83112 -2.55987 1.15416
    endloop
  endfacet
  facet normal 0.965387 -0.241809 -0.0977573
    outer loop
      vertex 4.53239 -1.23469 -0.659955
      vertex 4.49627 -1.36393 -0.696969
      vertex 4.5342 -1.2125 -0.696969
    endloop
  endfacet
  facet normal 0.965382 -0.241756 -0.0979378
    outer loop
      vertex 4.53028 -1.29343 -0.535756
      vertex 4.49627 -1.36393 -0.696969
      vertex 4.53239 -1.23469 -0.659955
    endloop
  endfacet
  facet normal 0.965362 -0.241856 -0.0978899
    outer loop
      vertex 4.5318 -1.33972 -0.406398
      vertex 4.49627 -1.36393 -0.696969
      vertex 4.53028 -1.29343 -0.535756
    endloop
  endfacet
  facet normal 0.965356 -0.241882 -0.097887
    outer loop
      vertex 4.53695 -1.3731 -0.273126
      vertex 4.49627 -1.36393 -0.696969
      vertex 4.5318 -1.33972 -0.406398
    endloop
  endfacet
  facet normal 0.96606 -0.23905 -0.0978933
    outer loop
      vertex 4.49627 -1.36393 -0.696969
      vertex 4.53695 -1.3731 -0.273126
      vertex 4.53854 -1.37675 -0.248522
    endloop
  endfacet
  facet normal 0.806842 0.202105 0.555121
    outer loop
      vertex 3.89878 1.18268 2.44199
      vertex 3.65095 1.1075 2.82957
      vertex 3.99593 0.794839 2.44199
    endloop
  endfacet
  facet normal 0.620549 -0.684667 0.382297
    outer loop
      vertex 3.03628 -3.03628 2.03089
      vertex 2.72405 -3.31927 2.03089
      vertex 3.16242 -3.16242 1.60023
    endloop
  endfacet
  facet normal 0.446607 -0.331226 0.831163
    outer loop
      vertex 2.3527 -1.57203 3.81524
      vertex 2.03044 -1.3567 4.07421
      vertex 2.18729 -1.79506 3.81524
    endloop
  endfacet
  facet normal 0.709121 -0.642705 0.289961
    outer loop
      vertex 3.56176 -2.92306 1.15416
      vertex 3.16242 -3.16242 1.60023
      vertex 3.2581 -3.2581 1.15416
    endloop
  endfacet
  facet normal 0.658684 -0.726752 0.19485
    outer loop
      vertex 3.2581 -3.2581 1.15416
      vertex 2.92306 -3.56176 1.15416
      vertex 3.3224 -3.3224 0.696969
    endloop
  endfacet
  facet normal 0.937048 -0.335283 -0.0976031
    outer loop
      vertex 4.38314 -1.81556 -0.233071
      vertex 4.53854 -1.37675 -0.248522
      vertex 4.53933 -1.37904 -0.233071
    endloop
  endfacet
  facet normal 0.937017 -0.335282 -0.0979068
    outer loop
      vertex 4.53854 -1.37675 -0.248522
      vertex 4.38314 -1.81556 -0.233071
      vertex 4.49627 -1.36393 -0.696969
    endloop
  endfacet
  facet normal 0.928362 -0.232537 0.289951
    outer loop
      vertex 4.3864 -0.872509 1.60023
      vertex 4.27976 -1.29825 1.60023
      vertex 4.40924 -1.33753 1.15416
    endloop
  endfacet
  facet normal 0.0469477 -0.955887 0.28996
    outer loop
      vertex 0.438365 -4.4508 1.60023
      vertex 0 -4.47233 1.60023
      vertex 0.451628 -4.58546 1.15416
    endloop
  endfacet
  facet normal 0.377178 -0.79746 0.470951
    outer loop
      vertex 1.92057 -3.59313 2.44199
      vertex 1.64322 -3.96709 2.03089
      vertex 2.02415 -3.78692 2.03089
    endloop
  endfacet
  facet normal 0.373406 -0.411992 0.831162
    outer loop
      vertex 2.00081 -2.00081 3.81524
      vertex 1.72675 -1.72675 4.07421
      vertex 1.79506 -2.18729 3.81524
    endloop
  endfacet
  facet normal 0.47516 -0.524251 0.706671
    outer loop
      vertex 2.2556 -2.2556 3.51952
      vertex 2.02365 -2.46583 3.51952
      vertex 2.48867 -2.48867 3.1899
    endloop
  endfacet
  facet normal 0.411992 -0.373406 0.831162
    outer loop
      vertex 2.18729 -1.79506 3.81524
      vertex 1.72675 -1.72675 4.07421
      vertex 2.00081 -2.00081 3.81524
    endloop
  endfacet
  facet normal 0.470401 -0.426344 0.772628
    outer loop
      vertex 2.18729 -1.79506 3.81524
      vertex 2.00081 -2.00081 3.81524
      vertex 2.2556 -2.2556 3.51952
    endloop
  endfacet
  facet normal 0.187911 -0.750202 0.633945
    outer loop
      vertex 1.02166 -3.36797 3.1899
      vertex 0.686624 -3.45189 3.1899
      vertex 0.744315 -3.74193 2.82957
    endloop
  endfacet
  facet normal 0.550452 -0.742196 0.382292
    outer loop
      vertex 2.72405 -3.31927 2.03089
      vertex 2.38559 -3.57029 2.03089
      vertex 2.4847 -3.71861 1.60023
    endloop
  endfacet
  facet normal -0.0048151 0.0980161 0.995173
    outer loop
      vertex 0 0.696969 4.69859
      vertex -0.0683146 0.693613 4.69859
      vertex 0 0.233071 4.74428
    endloop
  endfacet
  facet normal -0.0980161 -0.0048151 0.995173
    outer loop
      vertex -0.233071 0 4.74428
      vertex -0.696969 0 4.69859
      vertex -0.693613 -0.0683146 4.69859
    endloop
  endfacet
  facet normal 0.409189 0.865153 0.289956
    outer loop
      vertex 2.17203 4.06358 1.15416
      vertex 1.71149 4.1319 1.60023
      vertex 2.10824 3.94425 1.60023
    endloop
  endfacet
  facet normal 0.653628 0.592424 0.47096
    outer loop
      vertex 3.03628 3.03628 2.03089
      vertex 2.8809 2.8809 2.44199
      vertex 3.14941 2.58465 2.44199
    endloop
  endfacet
  facet normal 0.355633 0.75192 0.555105
    outer loop
      vertex 1.55913 3.76408 2.44199
      vertex 1.46003 3.52482 2.82957
      vertex 1.79849 3.36474 2.82957
    endloop
  endfacet
  facet normal 0.0379537 0.772448 0.633942
    outer loop
      vertex 0 3.81524 2.82957
      vertex 0 3.51952 3.1899
      vertex 0.344973 3.50257 3.1899
    endloop
  endfacet
  facet normal 0.14672 0.989178 -0
    outer loop
      vertex 0.925562 4.65312 -0.233071
      vertex 0.46502 4.72143 0.233071
      vertex 0.925562 4.65312 0.233071
    endloop
  endfacet
  facet normal 0.14672 0.989178 0
    outer loop
      vertex 0.46502 4.72143 0.233071
      vertex 0.925562 4.65312 -0.233071
      vertex 0.46502 4.72143 -0.233071
    endloop
  endfacet
  facet normal 0.241819 0.96537 -0.0978956
    outer loop
      vertex 1.37719 4.53999 -0.233071
      vertex 0.916649 4.60831 -0.696969
      vertex 0.925562 4.65312 -0.233071
    endloop
  endfacet
  facet normal 0.146015 0.984426 -0.0979002
    outer loop
      vertex 0.925562 4.65312 -0.233071
      vertex 0.460542 4.67596 -0.696969
      vertex 0.46502 4.72143 -0.233071
    endloop
  endfacet
  facet normal 0.419366 0.886656 0.194866
    outer loop
      vertex 1.79807 4.34093 0.696969
      vertex 1.76327 4.25691 1.15416
      vertex 2.2149 4.14378 0.696969
    endloop
  endfacet
  facet normal 0.621194 0.460695 0.633938
    outer loop
      vertex 2.94922 2.42036 2.82957
      vertex 2.92637 1.95534 3.1899
      vertex 3.17225 2.11963 2.82957
    endloop
  endfacet
  facet normal 0.830779 0.0408169 0.555103
    outer loop
      vertex 4.05459 0.399342 2.44199
      vertex 3.81524 0 2.82957
      vertex 4.07421 0 2.44199
    endloop
  endfacet
  facet normal 0.783163 0.280204 0.555105
    outer loop
      vertex 3.76408 1.55913 2.44199
      vertex 3.52482 1.46003 2.82957
      vertex 3.65095 1.1075 2.82957
    endloop
  endfacet
  facet normal 0.955891 0.046888 0.289956
    outer loop
      vertex 4.4508 0.438365 1.60023
      vertex 4.53139 0.406398 1.33972
      vertex 4.53378 0.446538 1.32535
    endloop
  endfacet
  facet normal 0.95589 0.0469446 0.289949
    outer loop
      vertex 4.4508 0.438365 1.60023
      vertex 4.52781 0.273126 1.3731
      vertex 4.53139 0.406398 1.33972
    endloop
  endfacet
  facet normal 0.955888 0.0469331 0.289956
    outer loop
      vertex 4.4508 0.438365 1.60023
      vertex 4.52802 0.222328 1.38063
      vertex 4.52781 0.273126 1.3731
    endloop
  endfacet
  facet normal 0.955892 0.046948 0.289943
    outer loop
      vertex 4.52802 0.222328 1.38063
      vertex 4.4508 0.438365 1.60023
      vertex 4.47233 0 1.60023
    endloop
  endfacet
  facet normal -0.0408169 0.830779 0.555103
    outer loop
      vertex 0 4.07421 2.44199
      vertex -0.399342 4.05459 2.44199
      vertex 0 3.81524 2.82957
    endloop
  endfacet
  facet normal 0.668094 0.495485 0.555108
    outer loop
      vertex 3.14941 2.58465 2.44199
      vertex 2.94922 2.42036 2.82957
      vertex 3.38758 2.26351 2.44199
    endloop
  endfacet
  facet normal 0.899643 -0.425508 -0.097901
    outer loop
      vertex 4.38314 -1.81556 -0.233071
      vertex 4.14378 -2.2149 -0.696969
      vertex 4.34093 -1.79807 -0.696969
    endloop
  endfacet
  facet normal 0.84129 0.504242 0.194862
    outer loop
      vertex 3.90673 2.6104 0.696969
      vertex 3.83112 2.55987 1.15416
      vertex 4.14378 2.2149 0.696969
    endloop
  endfacet
  facet normal 0.90399 0.427553 0
    outer loop
      vertex 4.38314 1.81556 0.233071
      vertex 4.18408 2.23644 -0.233071
      vertex 4.18408 2.23644 0.233071
    endloop
  endfacet
  facet normal 0.90399 0.427553 0
    outer loop
      vertex 4.18408 2.23644 -0.233071
      vertex 4.38314 1.81556 0.233071
      vertex 4.38314 1.81556 -0.233071
    endloop
  endfacet
  facet normal 0.713443 0.42762 0.555104
    outer loop
      vertex 3.38758 2.26351 2.44199
      vertex 3.36474 1.79849 2.82957
      vertex 3.59313 1.92057 2.44199
    endloop
  endfacet
  facet normal 0.955892 -0.046948 0.289943
    outer loop
      vertex 4.4508 -0.438365 1.60023
      vertex 4.52802 -0.222328 1.38063
      vertex 4.47233 0 1.60023
    endloop
  endfacet
  facet normal 0.955888 -0.0469331 0.289956
    outer loop
      vertex 4.52802 -0.222328 1.38063
      vertex 4.4508 -0.438365 1.60023
      vertex 4.52781 -0.273126 1.3731
    endloop
  endfacet
  facet normal 0.95589 -0.0469446 0.289949
    outer loop
      vertex 4.52781 -0.273126 1.3731
      vertex 4.4508 -0.438365 1.60023
      vertex 4.53139 -0.406398 1.33972
    endloop
  endfacet
  facet normal 0.955891 -0.046888 0.289956
    outer loop
      vertex 4.53139 -0.406398 1.33972
      vertex 4.4508 -0.438365 1.60023
      vertex 4.53378 -0.446538 1.32535
    endloop
  endfacet
  facet normal 0.453517 0.756648 -0.470962
    outer loop
      vertex 2.26351 3.38758 -2.44199
      vertex 1.92057 3.59313 -2.44199
      vertex 2.38559 3.57029 -2.03089
    endloop
  endfacet
  facet normal 0.865153 0.409189 -0.289956
    outer loop
      vertex 4.1319 1.71149 -1.60023
      vertex 3.94425 2.10824 -1.60023
      vertex 4.06358 2.17203 -1.15416
    endloop
  endfacet
  facet normal 0.899643 0.425508 -0.097901
    outer loop
      vertex 4.34093 1.79807 -0.696969
      vertex 4.14378 2.2149 -0.696969
      vertex 4.38314 1.81556 -0.233071
    endloop
  endfacet
  facet normal 0.803215 0.595689 0
    outer loop
      vertex 3.94472 2.63578 0.233071
      vertex 3.66738 3.00974 -0.233071
      vertex 3.66738 3.00974 0.233071
    endloop
  endfacet
  facet normal 0.803215 0.595689 0
    outer loop
      vertex 3.66738 3.00974 -0.233071
      vertex 3.94472 2.63578 0.233071
      vertex 3.94472 2.63578 -0.233071
    endloop
  endfacet
  facet normal 0.606867 0.363752 -0.70668
    outer loop
      vertex 3.10394 1.65909 -3.1899
      vertex 2.81324 1.50371 -3.51952
      vertex 2.92637 1.95534 -3.1899
    endloop
  endfacet
  facet normal 0.699881 -0.103819 -0.706674
    outer loop
      vertex 3.45189 -0.686624 -3.1899
      vertex 3.12861 -0.622319 -3.51952
      vertex 3.50257 -0.344973 -3.1899
    endloop
  endfacet
  facet normal 0.50991 0.378189 -0.772636
    outer loop
      vertex 2.40723 1.78426 -3.67537
      vertex 2.46583 2.02365 -3.51952
      vertex 2.65231 1.77222 -3.51952
    endloop
  endfacet
  facet normal 0.509911 0.378188 -0.772635
    outer loop
      vertex 2.46583 2.02365 -3.51952
      vertex 2.40723 1.78426 -3.67537
      vertex 2.31903 1.90318 -3.67537
    endloop
  endfacet
  facet normal 0.706684 0.0347166 -0.706677
    outer loop
      vertex 3.1899 0 -3.51952
      vertex 3.17454 0.312665 -3.51952
      vertex 3.50257 0.344973 -3.1899
    endloop
  endfacet
  facet normal 0.639605 0.302503 -0.706681
    outer loop
      vertex 3.25161 1.34686 -3.1899
      vertex 2.81324 1.50371 -3.51952
      vertex 3.10394 1.65909 -3.1899
    endloop
  endfacet
  facet normal 0.79746 0.377174 -0.470953
    outer loop
      vertex 3.76408 1.55913 -2.44199
      vertex 3.59313 1.92057 -2.44199
      vertex 3.96709 1.64322 -2.03089
    endloop
  endfacet
  facet normal 0.684675 0.620544 0.38229
    outer loop
      vertex 3.45716 2.83722 1.60023
      vertex 3.16242 3.16242 1.60023
      vertex 3.31927 2.72405 2.03089
    endloop
  endfacet
  facet normal 0.492014 0.820881 0.289959
    outer loop
      vertex 2.55987 3.83112 1.15416
      vertex 2.10824 3.94425 1.60023
      vertex 2.4847 3.71861 1.60023
    endloop
  endfacet
  facet normal 0.886656 0.419366 0.194866
    outer loop
      vertex 4.34093 1.79807 0.696969
      vertex 4.14378 2.2149 0.696969
      vertex 4.25691 1.76327 1.15416
    endloop
  endfacet
  facet normal 0.122031 0.822775 -0.555112
    outer loop
      vertex 0.744315 3.74193 -2.82957
      vertex 0.373958 3.79686 -2.82957
      vertex 0.794839 3.99593 -2.44199
    endloop
  endfacet
  facet normal 0.377174 0.79746 -0.470953
    outer loop
      vertex 1.92057 3.59313 -2.44199
      vertex 1.55913 3.76408 -2.44199
      vertex 1.64322 3.96709 -2.03089
    endloop
  endfacet
  facet normal 0.330427 0.923496 -0.194866
    outer loop
      vertex 1.76327 4.25691 -1.15416
      vertex 1.33753 4.40924 -1.15416
      vertex 1.79807 4.34093 -0.696969
    endloop
  endfacet
  facet normal 0.395083 0.835316 -0.382304
    outer loop
      vertex 2.02415 3.78692 -2.03089
      vertex 1.64322 3.96709 -2.03089
      vertex 2.10824 3.94425 -1.60023
    endloop
  endfacet
  facet normal 0.66834 0.737384 -0.0979086
    outer loop
      vertex 3.3224 3.3224 -0.696969
      vertex 2.98075 3.63206 -0.696969
      vertex 3.00974 3.66738 -0.233071
    endloop
  endfacet
  facet normal 0.238326 0.951433 0.194875
    outer loop
      vertex 1.36393 4.49627 0.696969
      vertex 0.916649 4.60831 0.696969
      vertex 1.33753 4.40924 1.15416
    endloop
  endfacet
  facet normal 0.671568 0.740943 -0
    outer loop
      vertex 3.35471 3.35471 -0.233071
      vertex 3.00974 3.66738 0.233071
      vertex 3.35471 3.35471 0.233071
    endloop
  endfacet
  facet normal 0.671568 0.740943 0
    outer loop
      vertex 3.00974 3.66738 0.233071
      vertex 3.35471 3.35471 -0.233071
      vertex 3.00974 3.66738 -0.233071
    endloop
  endfacet
  facet normal 0.792574 0.475048 -0.382303
    outer loop
      vertex 3.78692 2.02415 -2.03089
      vertex 3.71861 2.4847 -1.60023
      vertex 3.94425 2.10824 -1.60023
    endloop
  endfacet
  facet normal 0.857724 0.51411 0
    outer loop
      vertex 4.18408 2.23644 0.233071
      vertex 3.94472 2.63578 -0.233071
      vertex 3.94472 2.63578 0.233071
    endloop
  endfacet
  facet normal 0.857724 0.51411 0
    outer loop
      vertex 3.94472 2.63578 -0.233071
      vertex 4.18408 2.23644 0.233071
      vertex 4.18408 2.23644 -0.233071
    endloop
  endfacet
  facet normal -0.42762 0.713443 -0.555104
    outer loop
      vertex -1.79849 3.36474 -2.82957
      vertex -2.26351 3.38758 -2.44199
      vertex -1.92057 3.59313 -2.44199
    endloop
  endfacet
  facet normal 0.232543 0.928358 -0.289957
    outer loop
      vertex 1.33753 4.40924 -1.15416
      vertex 0.872509 4.3864 -1.60023
      vertex 0.898907 4.51911 -1.15416
    endloop
  endfacet
  facet normal -0.287473 0.0426448 0.956839
    outer loop
      vertex -1.13198 0.225164 4.60765
      vertex -1.59252 0.156849 4.47233
      vertex -1.1486 0.113127 4.60765
    endloop
  endfacet
  facet normal -0.290267 -0.0142682 0.956839
    outer loop
      vertex -1.15416 0 4.60765
      vertex -1.60023 0 4.47233
      vertex -1.59252 -0.156849 4.47233
    endloop
  endfacet
  facet normal -0.187333 0.523523 0.831162
    outer loop
      vertex -0.821381 2.70773 3.81524
      vertex -0.934508 2.2561 4.07421
      vertex -0.708871 2.33684 4.07421
    endloop
  endfacet
  facet normal -0.627982 -0.0931466 0.772633
    outer loop
      vertex -2.7752 -0.552022 3.81524
      vertex -3.17454 -0.312665 3.51952
      vertex -3.12861 -0.622319 3.51952
    endloop
  endfacet
  facet normal -0.290268 0.0142662 0.956839
    outer loop
      vertex -1.1486 0.113127 4.60765
      vertex -1.59252 0.156849 4.47233
      vertex -1.15416 0 4.60765
    endloop
  endfacet
  facet normal -0.233427 -0.173121 0.956839
    outer loop
      vertex -0.959645 -0.641214 4.60765
      vertex -1.23699 -1.01517 4.47233
      vertex -0.892174 -0.732188 4.60765
    endloop
  endfacet
  facet normal 0.19508 -0.00958785 0.98074
    outer loop
      vertex 1.15416 0 4.60765
      vertex 0.693613 -0.0683146 4.69859
      vertex 1.1486 -0.113127 4.60765
    endloop
  endfacet
  facet normal 0.446607 0.331226 0.831163
    outer loop
      vertex 2.18729 1.79506 3.81524
      vertex 2.03044 1.3567 4.07421
      vertex 2.3527 1.57203 3.81524
    endloop
  endfacet
  facet normal -0.0562192 -0.378918 0.923721
    outer loop
      vertex -0.156849 -1.59252 4.47233
      vertex -0.396206 -1.99186 4.29395
      vertex -0.199061 -2.02111 4.29395
    endloop
  endfacet
  facet normal -0.183898 0.0658018 0.98074
    outer loop
      vertex -0.643915 0.266718 4.69859
      vertex -1.0663 0.441676 4.60765
      vertex -0.666958 0.202319 4.69859
    endloop
  endfacet
  facet normal -0.806842 0.202105 0.555121
    outer loop
      vertex -3.89878 1.18268 2.44199
      vertex -3.99593 0.794839 2.44199
      vertex -3.65095 1.1075 2.82957
    endloop
  endfacet
  facet normal -0.928362 0.232537 0.289951
    outer loop
      vertex -4.27976 1.29825 1.60023
      vertex -4.40924 1.33753 1.15416
      vertex -4.3864 0.872509 1.60023
    endloop
  endfacet
  facet normal -0.806845 0.202119 0.555112
    outer loop
      vertex -3.65095 1.1075 2.82957
      vertex -3.99593 0.794839 2.44199
      vertex -3.74193 0.744315 2.82957
    endloop
  endfacet
  facet normal -0.525502 0.708554 0.470956
    outer loop
      vertex -2.38559 3.57029 2.03089
      vertex -2.72405 3.31927 2.03089
      vertex -2.58465 3.14941 2.44199
    endloop
  endfacet
  facet normal -0.872614 0.129439 0.470946
    outer loop
      vertex -4.21144 0.837708 2.03089
      vertex -4.27327 0.42088 2.03089
      vertex -3.99593 0.794839 2.44199
    endloop
  endfacet
  facet normal -0.896348 0.224518 0.382299
    outer loop
      vertex -4.27976 1.29825 1.60023
      vertex -4.3864 0.872509 1.60023
      vertex -4.10905 1.24647 2.03089
    endloop
  endfacet
  facet normal -0.914038 0.135586 0.382297
    outer loop
      vertex -4.3864 0.872509 1.60023
      vertex -4.4508 0.438365 1.60023
      vertex -4.27327 0.42088 2.03089
    endloop
  endfacet
  facet normal -0.922927 0.0453289 0.382297
    outer loop
      vertex -4.4508 0.438365 1.60023
      vertex -4.47233 0 1.60023
      vertex -4.27327 0.42088 2.03089
    endloop
  endfacet
  facet normal -0.95144 0.238183 0.195014
    outer loop
      vertex -4.52768 1.08221 0.88815
      vertex -4.40924 1.33753 1.15416
      vertex -4.5278 1.08687 0.881873
    endloop
  endfacet
  facet normal -0.951433 0.238326 0.194874
    outer loop
      vertex -4.52994 0.989949 0.989949
      vertex -4.40924 1.33753 1.15416
      vertex -4.52768 1.08221 0.88815
    endloop
  endfacet
  facet normal -0.951432 0.238325 0.194881
    outer loop
      vertex -4.51911 0.898907 1.15416
      vertex -4.52994 0.989949 0.989949
      vertex -4.53563 0.902192 1.06949
    endloop
  endfacet
  facet normal -0.951433 0.238323 0.19488
    outer loop
      vertex -4.52994 0.989949 0.989949
      vertex -4.51911 0.898907 1.15416
      vertex -4.40924 1.33753 1.15416
    endloop
  endfacet
  facet normal -0.970189 0.144063 0.194883
    outer loop
      vertex -4.53516 0.88815 1.08221
      vertex -4.51911 0.898907 1.15416
      vertex -4.53563 0.902192 1.06949
    endloop
  endfacet
  facet normal -0.970196 0.144 0.194894
    outer loop
      vertex -4.51911 0.898907 1.15416
      vertex -4.53516 0.88815 1.08221
      vertex -4.53514 0.854124 1.10745
    endloop
  endfacet
  facet normal -0.668095 0.495479 -0.555112
    outer loop
      vertex -3.17225 2.11963 -2.82957
      vertex -3.38758 2.26351 -2.44199
      vertex -2.94922 2.42036 -2.82957
    endloop
  endfacet
  facet normal -0.756648 0.453517 -0.470962
    outer loop
      vertex -3.38758 2.26351 -2.44199
      vertex -3.59313 1.92057 -2.44199
      vertex -3.57029 2.38559 -2.03089
    endloop
  endfacet
  facet normal -0.84129 0.504242 0.194862
    outer loop
      vertex -3.90673 2.6104 0.696969
      vertex -4.14378 2.2149 0.696969
      vertex -3.83112 2.55987 1.15416
    endloop
  endfacet
  facet normal -0.96606 0.23905 0.0978933
    outer loop
      vertex -4.53695 1.3731 0.273126
      vertex -4.49627 1.36393 0.696969
      vertex -4.53854 1.37675 0.248522
    endloop
  endfacet
  facet normal -0.965356 0.241882 0.097887
    outer loop
      vertex -4.5318 1.33972 0.406398
      vertex -4.49627 1.36393 0.696969
      vertex -4.53695 1.3731 0.273126
    endloop
  endfacet
  facet normal -0.965362 0.241856 0.0978899
    outer loop
      vertex -4.53028 1.29343 0.535756
      vertex -4.49627 1.36393 0.696969
      vertex -4.5318 1.33972 0.406398
    endloop
  endfacet
  facet normal -0.965382 0.241756 0.0979378
    outer loop
      vertex -4.53239 1.23469 0.659955
      vertex -4.49627 1.36393 0.696969
      vertex -4.53028 1.29343 0.535756
    endloop
  endfacet
  facet normal -0.965387 0.241809 0.0977573
    outer loop
      vertex -4.49627 1.36393 0.696969
      vertex -4.53239 1.23469 0.659955
      vertex -4.5342 1.2125 0.696969
    endloop
  endfacet
  facet normal -0.803215 -0.595689 0
    outer loop
      vertex -3.66738 -3.00974 -0.233071
      vertex -3.94472 -2.63578 0.233071
      vertex -3.94472 -2.63578 -0.233071
    endloop
  endfacet
  facet normal -0.803215 -0.595689 0
    outer loop
      vertex -3.94472 -2.63578 0.233071
      vertex -3.66738 -3.00974 -0.233071
      vertex -3.66738 -3.00974 0.233071
    endloop
  endfacet
  facet normal -0.425508 -0.899643 -0.097901
    outer loop
      vertex -1.81556 -4.38314 -0.233071
      vertex -2.2149 -4.14378 -0.696969
      vertex -1.79807 -4.34093 -0.696969
    endloop
  endfacet
  facet normal -0.592827 -0.799357 0.0978955
    outer loop
      vertex -2.6104 -3.90673 0.696969
      vertex -3.00974 -3.66738 0.233071
      vertex -2.63578 -3.94472 0.233071
    endloop
  endfacet
  facet normal -0.72674 -0.658693 -0.194864
    outer loop
      vertex -3.3224 -3.3224 -0.696969
      vertex -3.63206 -2.98075 -0.696969
      vertex -3.56176 -2.92306 -1.15416
    endloop
  endfacet
  facet normal -0.663348 -0.397606 0.633939
    outer loop
      vertex -3.10394 -1.65909 3.1899
      vertex -3.36474 -1.79849 2.82957
      vertex -2.92637 -1.95534 3.1899
    endloop
  endfacet
  facet normal -0.750202 -0.187911 0.633945
    outer loop
      vertex -3.45189 -0.686624 3.1899
      vertex -3.74193 -0.744315 2.82957
      vertex -3.36797 -1.02166 3.1899
    endloop
  endfacet
  facet normal -0.639605 -0.302524 0.706671
    outer loop
      vertex -2.94709 -1.22072 3.51952
      vertex -3.25161 -1.34686 3.1899
      vertex -2.81324 -1.50371 3.51952
    endloop
  endfacet
  facet normal -0.666181 -0.238367 0.706671
    outer loop
      vertex -2.94709 -1.22072 3.51952
      vertex -3.36797 -1.02166 3.1899
      vertex -3.25161 -1.34686 3.1899
    endloop
  endfacet
  facet normal -0.322413 -0.901097 0.289956
    outer loop
      vertex -1.71149 -4.1319 1.60023
      vertex -1.76327 -4.25691 1.15416
      vertex -1.33753 -4.40924 1.15416
    endloop
  endfacet
  facet normal -0.0272858 -0.555359 0.831163
    outer loop
      vertex 0 -2.44199 4.07421
      vertex -0.239356 -2.43023 4.07421
      vertex 0 -2.82957 3.81524
    endloop
  endfacet
  facet normal -0.322418 -0.901096 0.289951
    outer loop
      vertex -1.29825 -4.27976 1.60023
      vertex -1.71149 -4.1319 1.60023
      vertex -1.33753 -4.40924 1.15416
    endloop
  endfacet
  facet normal -0.113465 -0.765018 0.633935
    outer loop
      vertex -0.344973 -3.50257 3.1899
      vertex -0.744315 -3.74193 2.82957
      vertex -0.373958 -3.79686 2.82957
    endloop
  endfacet
  facet normal -0.899643 -0.425508 0.097901
    outer loop
      vertex -4.34093 -1.79807 0.696969
      vertex -4.38314 -1.81556 0.233071
      vertex -4.14378 -2.2149 0.696969
    endloop
  endfacet
  facet normal -0.742195 -0.550456 0.382289
    outer loop
      vertex -3.31927 -2.72405 2.03089
      vertex -3.71861 -2.4847 1.60023
      vertex -3.45716 -2.83722 1.60023
    endloop
  endfacet
  facet normal -0.232537 -0.928362 0.289951
    outer loop
      vertex -1.29825 -4.27976 1.60023
      vertex -1.33753 -4.40924 1.15416
      vertex -0.872509 -4.3864 1.60023
    endloop
  endfacet
  facet normal -0.214349 -0.855724 0.470946
    outer loop
      vertex -0.794839 -3.99593 2.44199
      vertex -1.24647 -4.10905 2.03089
      vertex -0.837708 -4.21144 2.03089
    endloop
  endfacet
  facet normal -0.965387 -0.241809 -0.0977573
    outer loop
      vertex -4.49627 -1.36393 -0.696969
      vertex -4.53239 -1.23469 -0.659955
      vertex -4.5342 -1.2125 -0.696969
    endloop
  endfacet
  facet normal -0.965382 -0.241756 -0.0979378
    outer loop
      vertex -4.49627 -1.36393 -0.696969
      vertex -4.53028 -1.29343 -0.535756
      vertex -4.53239 -1.23469 -0.659955
    endloop
  endfacet
  facet normal -0.965362 -0.241856 -0.0978899
    outer loop
      vertex -4.49627 -1.36393 -0.696969
      vertex -4.5318 -1.33972 -0.406398
      vertex -4.53028 -1.29343 -0.535756
    endloop
  endfacet
  facet normal -0.965356 -0.241882 -0.097887
    outer loop
      vertex -4.49627 -1.36393 -0.696969
      vertex -4.53695 -1.3731 -0.273126
      vertex -4.5318 -1.33972 -0.406398
    endloop
  endfacet
  facet normal -0.96606 -0.23905 -0.0978933
    outer loop
      vertex -4.53695 -1.3731 -0.273126
      vertex -4.49627 -1.36393 -0.696969
      vertex -4.53854 -1.37675 -0.248522
    endloop
  endfacet
  facet normal -0.768698 -0.570112 0.289958
    outer loop
      vertex -3.71861 -2.4847 1.60023
      vertex -3.83112 -2.55987 1.15416
      vertex -3.45716 -2.83722 1.60023
    endloop
  endfacet
  facet normal -0.853603 -0.51164 0.0979114
    outer loop
      vertex -4.14378 -2.2149 0.696969
      vertex -4.18408 -2.23644 0.233071
      vertex -3.94472 -2.63578 0.233071
    endloop
  endfacet
  facet normal -0.806845 -0.202119 0.555112
    outer loop
      vertex -3.74193 -0.744315 2.82957
      vertex -3.99593 -0.794839 2.44199
      vertex -3.65095 -1.1075 2.82957
    endloop
  endfacet
  facet normal -0.765018 -0.113465 0.633935
    outer loop
      vertex -3.50257 -0.344973 3.1899
      vertex -3.79686 -0.373958 2.82957
      vertex -3.74193 -0.744315 2.82957
    endloop
  endfacet
  facet normal -0.881094 0.0432927 0.470956
    outer loop
      vertex -4.27327 0.42088 2.03089
      vertex -4.29395 0 2.03089
      vertex -4.05459 0.399342 2.44199
    endloop
  endfacet
  facet normal -0.237731 0.502637 0.831167
    outer loop
      vertex -0.934508 2.2561 4.07421
      vertex -1.33385 2.49546 3.81524
      vertex -1.15114 2.15364 4.07421
    endloop
  endfacet
  facet normal -0.699879 -0.103811 0.706678
    outer loop
      vertex -3.17454 -0.312665 3.51952
      vertex -3.50257 -0.344973 3.1899
      vertex -3.12861 -0.622319 3.51952
    endloop
  endfacet
  facet normal -0.765007 -0.11348 0.633945
    outer loop
      vertex -3.50257 -0.344973 3.1899
      vertex -3.74193 -0.744315 2.82957
      vertex -3.45189 -0.686624 3.1899
    endloop
  endfacet
  facet normal -0.187911 -0.750202 -0.633945
    outer loop
      vertex -0.744315 -3.74193 -2.82957
      vertex -1.02166 -3.36797 -3.1899
      vertex -0.686624 -3.45189 -3.1899
    endloop
  endfacet
  facet normal -0.397606 -0.663348 -0.633939
    outer loop
      vertex -1.79849 -3.36474 -2.82957
      vertex -1.95534 -2.92637 -3.1899
      vertex -1.65909 -3.10394 -3.1899
    endloop
  endfacet
  facet normal 0.0432888 -0.881092 -0.470959
    outer loop
      vertex 0.399342 -4.05459 -2.44199
      vertex 0 -4.29395 -2.03089
      vertex 0 -4.07421 -2.44199
    endloop
  endfacet
  facet normal -0.427553 -0.90399 0
    outer loop
      vertex -2.23644 -4.18408 -0.233071
      vertex -1.81556 -4.38314 0.233071
      vertex -2.23644 -4.18408 0.233071
    endloop
  endfacet
  facet normal -0.427553 -0.90399 -0
    outer loop
      vertex -1.81556 -4.38314 0.233071
      vertex -2.23644 -4.18408 -0.233071
      vertex -1.81556 -4.38314 -0.233071
    endloop
  endfacet
  facet normal -0.335276 -0.93702 -0.0978999
    outer loop
      vertex -1.36393 -4.49627 -0.696969
      vertex -1.81556 -4.38314 -0.233071
      vertex -1.79807 -4.34093 -0.696969
    endloop
  endfacet
  facet normal -0.297199 -0.830591 -0.470948
    outer loop
      vertex -1.24647 -4.10905 -2.03089
      vertex -1.55913 -3.76408 -2.44199
      vertex -1.18268 -3.89878 -2.44199
    endloop
  endfacet
  facet normal -0.214349 -0.855724 -0.470946
    outer loop
      vertex -0.837708 -4.21144 -2.03089
      vertex -1.24647 -4.10905 -2.03089
      vertex -0.794839 -3.99593 -2.44199
    endloop
  endfacet
  facet normal 0.146011 -0.984427 -0.0978956
    outer loop
      vertex 0.925562 -4.65312 -0.233071
      vertex 0.460542 -4.67596 -0.696969
      vertex 0.916649 -4.60831 -0.696969
    endloop
  endfacet
  facet normal -0.21435 -0.855724 -0.470947
    outer loop
      vertex -0.794839 -3.99593 -2.44199
      vertex -1.24647 -4.10905 -2.03089
      vertex -1.18268 -3.89878 -2.44199
    endloop
  endfacet
  facet normal -0.0931466 -0.627982 -0.772633
    outer loop
      vertex -0.622319 -3.12861 -3.51952
      vertex -0.438812 -2.96408 -3.67537
      vertex -0.312665 -3.17454 -3.51952
    endloop
  endfacet
  facet normal -0.0931318 -0.627992 -0.772627
    outer loop
      vertex -0.438812 -2.96408 -3.67537
      vertex -0.622319 -3.12861 -3.51952
      vertex -0.585271 -2.94236 -3.67537
    endloop
  endfacet
  facet normal 0.453507 -0.756662 0.47095
    outer loop
      vertex 2.38559 -3.57029 2.03089
      vertex 1.92057 -3.59313 2.44199
      vertex 2.02415 -3.78692 2.03089
    endloop
  endfacet
  facet normal 0.0481377 -0.979649 -0.194862
    outer loop
      vertex 0.460542 -4.67596 -0.696969
      vertex 0 -4.69859 -0.696969
      vertex 0 -4.60765 -1.15416
    endloop
  endfacet
  facet normal 0.322418 -0.901096 -0.289951
    outer loop
      vertex 1.33753 -4.40924 -1.15416
      vertex 1.29825 -4.27976 -1.60023
      vertex 1.71149 -4.1319 -1.60023
    endloop
  endfacet
  facet normal 0.187931 -0.750206 -0.633934
    outer loop
      vertex 1.1075 -3.65095 -2.82957
      vertex 0.744315 -3.74193 -2.82957
      vertex 1.02166 -3.36797 -3.1899
    endloop
  endfacet
  facet normal 0.140432 -0.94668 -0.28996
    outer loop
      vertex 0.451628 -4.58546 -1.15416
      vertex 0.438365 -4.4508 -1.60023
      vertex 0.898907 -4.51911 -1.15416
    endloop
  endfacet
  facet normal -0.0469656 -0.955881 -0.289976
    outer loop
      vertex 0 -4.60765 -1.15416
      vertex -0.451628 -4.58546 -1.15416
      vertex 0 -4.47233 -1.60023
    endloop
  endfacet
  facet normal -0.202105 -0.806842 -0.555121
    outer loop
      vertex -0.794839 -3.99593 -2.44199
      vertex -1.18268 -3.89878 -2.44199
      vertex -1.1075 -3.65095 -2.82957
    endloop
  endfacet
  facet normal 0.135584 -0.91404 -0.382294
    outer loop
      vertex 0.872509 -4.3864 -1.60023
      vertex 0.42088 -4.27327 -2.03089
      vertex 0.837708 -4.21144 -2.03089
    endloop
  endfacet
  facet normal 0.642702 -0.709123 -0.289963
    outer loop
      vertex 2.92306 -3.56176 -1.15416
      vertex 2.83722 -3.45716 -1.60023
      vertex 3.16242 -3.16242 -1.60023
    endloop
  endfacet
  facet normal 0.425508 -0.899643 -0.097901
    outer loop
      vertex 1.81556 -4.38314 -0.233071
      vertex 1.79807 -4.34093 -0.696969
      vertex 2.2149 -4.14378 -0.696969
    endloop
  endfacet
  facet normal 0.0379537 -0.772448 -0.633942
    outer loop
      vertex 0.344973 -3.50257 -3.1899
      vertex 0 -3.81524 -2.82957
      vertex 0 -3.51952 -3.1899
    endloop
  endfacet
  facet normal -0.122031 -0.822775 -0.555112
    outer loop
      vertex -0.373958 -3.79686 -2.82957
      vertex -0.794839 -3.99593 -2.44199
      vertex -0.744315 -3.74193 -2.82957
    endloop
  endfacet
  facet normal 0.615833 -0.154263 -0.772627
    outer loop
      vertex 3.12861 -0.622319 -3.51952
      vertex 2.9068 -0.72723 -3.67537
      vertex 2.94236 -0.585271 -3.67537
    endloop
  endfacet
  facet normal 0.592422 -0.653634 -0.470956
    outer loop
      vertex 2.72405 -3.31927 -2.03089
      vertex 2.58465 -3.14941 -2.44199
      vertex 3.03628 -3.03628 -2.03089
    endloop
  endfacet
  facet normal 0.0311472 -0.634084 -0.772636
    outer loop
      vertex 0.312665 -3.17454 -3.51952
      vertex 0.147883 -2.99273 -3.67537
      vertex 0.294051 -2.98555 -3.67537
    endloop
  endfacet
  facet normal 0.271442 -0.573891 -0.772637
    outer loop
      vertex 1.22072 -2.94709 -3.51952
      vertex 1.2819 -2.70833 -3.67537
      vertex 1.50371 -2.81324 -3.51952
    endloop
  endfacet
  facet normal 0.271446 -0.573891 -0.772636
    outer loop
      vertex 1.2819 -2.70833 -3.67537
      vertex 1.22072 -2.94709 -3.51952
      vertex 1.14805 -2.77164 -3.67537
    endloop
  endfacet
  facet normal 0.595689 -0.803215 0
    outer loop
      vertex 2.63578 -3.94472 -0.233071
      vertex 3.00974 -3.66738 0.233071
      vertex 2.63578 -3.94472 0.233071
    endloop
  endfacet
  facet normal 0.595689 -0.803215 0
    outer loop
      vertex 3.00974 -3.66738 0.233071
      vertex 2.63578 -3.94472 -0.233071
      vertex 3.00974 -3.66738 -0.233071
    endloop
  endfacet
  facet normal 0.241819 -0.96537 -0.0978956
    outer loop
      vertex 0.925562 -4.65312 -0.233071
      vertex 0.916649 -4.60831 -0.696969
      vertex 1.37719 -4.53999 -0.233071
    endloop
  endfacet
  facet normal 0.799349 -0.592837 -0.097908
    outer loop
      vertex 3.66738 -3.00974 -0.233071
      vertex 3.63206 -2.98075 -0.696969
      vertex 3.90673 -2.6104 -0.696969
    endloop
  endfacet
  facet normal 0.592827 -0.799357 0.0978955
    outer loop
      vertex 3.00974 -3.66738 0.233071
      vertex 2.6104 -3.90673 0.696969
      vertex 2.63578 -3.94472 0.233071
    endloop
  endfacet
  facet normal 0.951432 -0.238325 -0.194881
    outer loop
      vertex 4.52994 -0.989949 -0.989949
      vertex 4.51911 -0.898907 -1.15416
      vertex 4.53563 -0.902192 -1.06949
    endloop
  endfacet
  facet normal 0.951433 -0.238326 -0.194874
    outer loop
      vertex 4.40924 -1.33753 -1.15416
      vertex 4.52994 -0.989949 -0.989949
      vertex 4.52768 -1.08221 -0.88815
    endloop
  endfacet
  facet normal 0.95144 -0.238183 -0.195014
    outer loop
      vertex 4.40924 -1.33753 -1.15416
      vertex 4.52768 -1.08221 -0.88815
      vertex 4.5278 -1.08687 -0.881873
    endloop
  endfacet
  facet normal 0.951433 -0.238323 -0.19488
    outer loop
      vertex 4.52994 -0.989949 -0.989949
      vertex 4.40924 -1.33753 -1.15416
      vertex 4.51911 -0.898907 -1.15416
    endloop
  endfacet
  facet normal 0.901097 -0.322413 0.289956
    outer loop
      vertex 4.40924 -1.33753 1.15416
      vertex 4.1319 -1.71149 1.60023
      vertex 4.25691 -1.76327 1.15416
    endloop
  endfacet
  facet normal 0.699126 0.330663 -0.633944
    outer loop
      vertex 3.52482 1.46003 -2.82957
      vertex 3.25161 1.34686 -3.1899
      vertex 3.36474 1.79849 -2.82957
    endloop
  endfacet
  facet normal 0.616306 0.558589 -0.555108
    outer loop
      vertex 2.94922 2.42036 -2.82957
      vertex 2.69778 2.69778 -2.82957
      vertex 3.14941 2.58465 -2.44199
    endloop
  endfacet
  facet normal 0.460702 0.621181 -0.633946
    outer loop
      vertex 2.23276 2.72062 -3.1899
      vertex 1.95534 2.92637 -3.1899
      vertex 2.42036 2.94922 -2.82957
    endloop
  endfacet
  facet normal 0.171914 0.686337 -0.706674
    outer loop
      vertex 1.02166 3.36797 -3.1899
      vertex 0.622319 3.12861 -3.51952
      vertex 0.686624 3.45189 -3.1899
    endloop
  endfacet
  facet normal -0.260547 0.728169 -0.633944
    outer loop
      vertex -1.34686 3.25161 -3.1899
      vertex -1.46003 3.52482 -2.82957
      vertex -1.02166 3.36797 -3.1899
    endloop
  endfacet
  facet normal 0.135586 0.914038 -0.382297
    outer loop
      vertex 0.872509 4.3864 -1.60023
      vertex 0.42088 4.27327 -2.03089
      vertex 0.438365 4.4508 -1.60023
    endloop
  endfacet
  facet normal 0.51937 -0.573034 -0.633945
    outer loop
      vertex 2.42036 -2.94922 -2.82957
      vertex 2.23276 -2.72062 -3.1899
      vertex 2.69778 -2.69778 -2.82957
    endloop
  endfacet
  facet normal 0.70668 -0.0347222 -0.70668
    outer loop
      vertex 3.50257 -0.344973 -3.1899
      vertex 3.1899 0 -3.51952
      vertex 3.51952 0 -3.1899
    endloop
  endfacet
  facet normal 0.783145 -0.280222 -0.555121
    outer loop
      vertex 3.76408 -1.55913 -2.44199
      vertex 3.65095 -1.1075 -2.82957
      vertex 3.89878 -1.18268 -2.44199
    endloop
  endfacet
  facet normal 0.713443 -0.42762 -0.555104
    outer loop
      vertex 3.38758 -2.26351 -2.44199
      vertex 3.36474 -1.79849 -2.82957
      vertex 3.59313 -1.92057 -2.44199
    endloop
  endfacet
  facet normal 0.232537 -0.928362 -0.289951
    outer loop
      vertex 1.33753 -4.40924 -1.15416
      vertex 0.872509 -4.3864 -1.60023
      vertex 1.29825 -4.27976 -1.60023
    endloop
  endfacet
  facet normal 0.899647 -0.425498 -0.0979116
    outer loop
      vertex 4.18408 -2.23644 -0.233071
      vertex 4.14378 -2.2149 -0.696969
      vertex 4.38314 -1.81556 -0.233071
    endloop
  endfacet
  facet normal 0.419366 -0.886656 -0.194866
    outer loop
      vertex 1.79807 -4.34093 -0.696969
      vertex 1.76327 -4.25691 -1.15416
      vertex 2.2149 -4.14378 -0.696969
    endloop
  endfacet
  facet normal 0.495485 -0.668094 -0.555108
    outer loop
      vertex 2.58465 -3.14941 -2.44199
      vertex 2.26351 -3.38758 -2.44199
      vertex 2.42036 -2.94922 -2.82957
    endloop
  endfacet
  facet normal 0.460702 -0.621181 -0.633946
    outer loop
      vertex 2.42036 -2.94922 -2.82957
      vertex 1.95534 -2.92637 -3.1899
      vertex 2.23276 -2.72062 -3.1899
    endloop
  endfacet
  facet normal -0.886656 -0.419366 0.194866
    outer loop
      vertex -4.25691 -1.76327 1.15416
      vertex -4.34093 -1.79807 0.696969
      vertex -4.14378 -2.2149 0.696969
    endloop
  endfacet
  facet normal -0.923496 -0.330427 0.194866
    outer loop
      vertex -4.25691 -1.76327 1.15416
      vertex -4.40924 -1.33753 1.15416
      vertex -4.34093 -1.79807 0.696969
    endloop
  endfacet
  facet normal -0.806842 0.202105 -0.555121
    outer loop
      vertex -3.65095 1.1075 -2.82957
      vertex -3.99593 0.794839 -2.44199
      vertex -3.89878 1.18268 -2.44199
    endloop
  endfacet
  facet normal -0.783163 0.280204 -0.555105
    outer loop
      vertex -3.65095 1.1075 -2.82957
      vertex -3.76408 1.55913 -2.44199
      vertex -3.52482 1.46003 -2.82957
    endloop
  endfacet
  facet normal -0.684675 -0.620544 -0.38229
    outer loop
      vertex -3.16242 -3.16242 -1.60023
      vertex -3.45716 -2.83722 -1.60023
      vertex -3.31927 -2.72405 -2.03089
    endloop
  endfacet
  facet normal -0.830771 0.0408323 -0.555114
    outer loop
      vertex -3.81524 0 -2.82957
      vertex -4.05459 0.399342 -2.44199
      vertex -3.79686 0.373958 -2.82957
    endloop
  endfacet
  facet normal -0.750206 0.187931 -0.633934
    outer loop
      vertex -3.36797 1.02166 -3.1899
      vertex -3.74193 0.744315 -2.82957
      vertex -3.65095 1.1075 -2.82957
    endloop
  endfacet
  facet normal -0.5683 0.421483 -0.706673
    outer loop
      vertex -2.46583 2.02365 -3.51952
      vertex -2.92637 1.95534 -3.1899
      vertex -2.72062 2.23276 -3.1899
    endloop
  endfacet
  facet normal -0.47516 0.524251 -0.706671
    outer loop
      vertex -2.2556 2.2556 -3.51952
      vertex -2.48867 2.48867 -3.1899
      vertex -2.02365 2.46583 -3.51952
    endloop
  endfacet
  facet normal -0.634084 0.0311472 -0.772636
    outer loop
      vertex -2.99273 0.147883 -3.67537
      vertex -3.17454 0.312665 -3.51952
      vertex -2.98555 0.294051 -3.67537
    endloop
  endfacet
  facet normal -0.666181 0.238364 -0.706672
    outer loop
      vertex -3.05255 0.92598 -3.51952
      vertex -3.36797 1.02166 -3.1899
      vertex -2.94709 1.22072 -3.51952
    endloop
  endfacet
  facet normal 0.0311472 0.634084 -0.772636
    outer loop
      vertex 0.294051 2.98555 -3.67537
      vertex 0.147883 2.99273 -3.67537
      vertex 0.312665 3.17454 -3.51952
    endloop
  endfacet
  facet normal -0.525493 0.708556 -0.470962
    outer loop
      vertex -2.26351 3.38758 -2.44199
      vertex -2.58465 3.14941 -2.44199
      vertex -2.38559 3.57029 -2.03089
    endloop
  endfacet
  facet normal -0.620549 0.684667 -0.382297
    outer loop
      vertex -3.03628 3.03628 -2.03089
      vertex -3.16242 3.16242 -1.60023
      vertex -2.72405 3.31927 -2.03089
    endloop
  endfacet
  facet normal -0.363752 0.606867 -0.70668
    outer loop
      vertex -1.50371 2.81324 -3.51952
      vertex -1.95534 2.92637 -3.1899
      vertex -1.65909 3.10394 -3.1899
    endloop
  endfacet
  facet normal -0.397606 0.663348 -0.633939
    outer loop
      vertex -1.65909 3.10394 -3.1899
      vertex -1.95534 2.92637 -3.1899
      vertex -1.79849 3.36474 -2.82957
    endloop
  endfacet
  facet normal -0.58428 0.78781 0.194864
    outer loop
      vertex -2.55987 3.83112 1.15416
      vertex -2.98075 3.63206 0.696969
      vertex -2.92306 3.56176 1.15416
    endloop
  endfacet
  facet normal -0.708556 0.525493 -0.470962
    outer loop
      vertex -3.38758 2.26351 -2.44199
      vertex -3.57029 2.38559 -2.03089
      vertex -3.14941 2.58465 -2.44199
    endloop
  endfacet
  facet normal 0.492013 0.820882 0.289958
    outer loop
      vertex 2.17203 4.06358 1.15416
      vertex 2.10824 3.94425 1.60023
      vertex 2.55987 3.83112 1.15416
    endloop
  endfacet
  facet normal -0.242986 0.97003 0
    outer loop
      vertex -0.925562 4.65312 -0.233071
      vertex -1.37719 4.53999 0.233071
      vertex -0.925562 4.65312 0.233071
    endloop
  endfacet
  facet normal -0.242986 0.97003 0
    outer loop
      vertex -1.37719 4.53999 0.233071
      vertex -0.925562 4.65312 -0.233071
      vertex -1.37719 4.53999 -0.233071
    endloop
  endfacet
  facet normal -0.322418 0.901096 0.289951
    outer loop
      vertex -1.33753 4.40924 1.15416
      vertex -1.71149 4.1319 1.60023
      vertex -1.29825 4.27976 1.60023
    endloop
  endfacet
  facet normal -0.792574 0.475048 0.382303
    outer loop
      vertex -3.71861 2.4847 1.60023
      vertex -3.94425 2.10824 1.60023
      vertex -3.78692 2.02415 2.03089
    endloop
  endfacet
  facet normal -0.621194 0.460695 0.633938
    outer loop
      vertex -2.94922 2.42036 2.82957
      vertex -3.17225 2.11963 2.82957
      vertex -2.92637 1.95534 3.1899
    endloop
  endfacet
  facet normal -0.135586 0.914038 0.382297
    outer loop
      vertex -0.438365 4.4508 1.60023
      vertex -0.872509 4.3864 1.60023
      vertex -0.42088 4.27327 2.03089
    endloop
  endfacet
  facet normal 0.287473 -0.0426448 0.956839
    outer loop
      vertex 1.1486 -0.113127 4.60765
      vertex 1.13198 -0.225164 4.60765
      vertex 1.59252 -0.156849 4.47233
    endloop
  endfacet
  facet normal 0.686338 -0.171912 0.706672
    outer loop
      vertex 3.12861 -0.622319 3.51952
      vertex 3.05255 -0.92598 3.51952
      vertex 3.36797 -1.02166 3.1899
    endloop
  endfacet
  facet normal 0.922933 0.0453484 0.38228
    outer loop
      vertex 4.47233 0 1.60023
      vertex 4.27327 0.42088 2.03089
      vertex 4.29395 0 2.03089
    endloop
  endfacet
  facet normal 0.872611 -0.129425 0.470956
    outer loop
      vertex 4.05459 -0.399342 2.44199
      vertex 3.99593 -0.794839 2.44199
      vertex 4.27327 -0.42088 2.03089
    endloop
  endfacet
  facet normal 0.865153 -0.409189 0.289956
    outer loop
      vertex 4.1319 -1.71149 1.60023
      vertex 3.94425 -2.10824 1.60023
      vertex 4.06358 -2.17203 1.15416
    endloop
  endfacet
  facet normal 0.75192 -0.355633 0.555105
    outer loop
      vertex 3.52482 -1.46003 2.82957
      vertex 3.36474 -1.79849 2.82957
      vertex 3.76408 -1.55913 2.44199
    endloop
  endfacet
  facet normal 0.946678 -0.140453 0.289956
    outer loop
      vertex 4.4508 -0.438365 1.60023
      vertex 4.53032 -0.535756 1.29343
      vertex 4.53378 -0.446538 1.32535
    endloop
  endfacet
  facet normal 0.946688 -0.140407 0.289945
    outer loop
      vertex 4.4508 -0.438365 1.60023
      vertex 4.52989 -0.659955 1.23469
      vertex 4.53032 -0.535756 1.29343
    endloop
  endfacet
  facet normal 0.946682 -0.140427 0.289955
    outer loop
      vertex 4.51911 -0.898907 1.15416
      vertex 4.52989 -0.659955 1.23469
      vertex 4.4508 -0.438365 1.60023
    endloop
  endfacet
  facet normal 0.946609 -0.140493 0.29016
    outer loop
      vertex 4.52989 -0.659955 1.23469
      vertex 4.51911 -0.898907 1.15416
      vertex 4.53405 -0.777798 1.16406
    endloop
  endfacet
  facet normal 0.946709 -0.140479 0.289842
    outer loop
      vertex 4.53405 -0.777798 1.16406
      vertex 4.51911 -0.898907 1.15416
      vertex 4.5351 -0.791148 1.15416
    endloop
  endfacet
  facet normal 0.970195 -0.143964 0.194928
    outer loop
      vertex 4.5351 -0.791148 1.15416
      vertex 4.51911 -0.898907 1.15416
      vertex 4.53514 -0.854124 1.10745
    endloop
  endfacet
  facet normal 0.91404 -0.135584 0.382294
    outer loop
      vertex 4.27327 -0.42088 2.03089
      vertex 4.21144 -0.837708 2.03089
      vertex 4.3864 -0.872509 1.60023
    endloop
  endfacet
  facet normal 0.699133 -0.330657 0.633939
    outer loop
      vertex 3.25161 -1.34686 3.1899
      vertex 3.10394 -1.65909 3.1899
      vertex 3.36474 -1.79849 2.82957
    endloop
  endfacet
  facet normal 0.870023 -0.3113 0.382299
    outer loop
      vertex 4.10905 -1.24647 2.03089
      vertex 3.96709 -1.64322 2.03089
      vertex 4.1319 -1.71149 1.60023
    endloop
  endfacet
  facet normal 0.820882 -0.492013 0.289958
    outer loop
      vertex 3.94425 -2.10824 1.60023
      vertex 3.83112 -2.55987 1.15416
      vertex 4.06358 -2.17203 1.15416
    endloop
  endfacet
  facet normal 0.756648 -0.453517 0.470962
    outer loop
      vertex 3.59313 -1.92057 2.44199
      vertex 3.38758 -2.26351 2.44199
      vertex 3.57029 -2.38559 2.03089
    endloop
  endfacet
  facet normal 0.742196 -0.550452 0.382292
    outer loop
      vertex 3.57029 -2.38559 2.03089
      vertex 3.31927 -2.72405 2.03089
      vertex 3.71861 -2.4847 1.60023
    endloop
  endfacet
  facet normal 0.855724 -0.214349 0.470946
    outer loop
      vertex 4.21144 -0.837708 2.03089
      vertex 3.99593 -0.794839 2.44199
      vertex 4.10905 -1.24647 2.03089
    endloop
  endfacet
  facet normal 0.792574 -0.475048 0.382303
    outer loop
      vertex 3.78692 -2.02415 2.03089
      vertex 3.71861 -2.4847 1.60023
      vertex 3.94425 -2.10824 1.60023
    endloop
  endfacet
  facet normal 0.214349 -0.855724 0.470946
    outer loop
      vertex 1.24647 -4.10905 2.03089
      vertex 0.794839 -3.99593 2.44199
      vertex 0.837708 -4.21144 2.03089
    endloop
  endfacet
  facet normal 0.336887 -0.941545 0
    outer loop
      vertex 1.37719 -4.53999 -0.233071
      vertex 1.81556 -4.38314 0.233071
      vertex 1.37719 -4.53999 0.233071
    endloop
  endfacet
  facet normal 0.336887 -0.941545 0
    outer loop
      vertex 1.81556 -4.38314 0.233071
      vertex 1.37719 -4.53999 -0.233071
      vertex 1.81556 -4.38314 -0.233071
    endloop
  endfacet
  facet normal 0.0432888 -0.881092 0.470959
    outer loop
      vertex 0 -4.07421 2.44199
      vertex 0 -4.29395 2.03089
      vertex 0.399342 -4.05459 2.44199
    endloop
  endfacet
  facet normal 0.331226 -0.446607 0.831163
    outer loop
      vertex 1.79506 -2.18729 3.81524
      vertex 1.3567 -2.03044 4.07421
      vertex 1.57203 -2.3527 3.81524
    endloop
  endfacet
  facet normal -0.232543 -0.928358 0.289957
    outer loop
      vertex -0.872509 -4.3864 1.60023
      vertex -1.33753 -4.40924 1.15416
      vertex -0.898907 -4.51911 1.15416
    endloop
  endfacet
  facet normal 0.140432 -0.94668 0.28996
    outer loop
      vertex 0.898907 -4.51911 1.15416
      vertex 0.438365 -4.4508 1.60023
      vertex 0.451628 -4.58546 1.15416
    endloop
  endfacet
  facet normal 0.668095 -0.495479 0.555112
    outer loop
      vertex 3.17225 -2.11963 2.82957
      vertex 2.94922 -2.42036 2.82957
      vertex 3.38758 -2.26351 2.44199
    endloop
  endfacet
  facet normal 0.616304 -0.558595 0.555105
    outer loop
      vertex 3.14941 -2.58465 2.44199
      vertex 2.69778 -2.69778 2.82957
      vertex 2.8809 -2.8809 2.44199
    endloop
  endfacet
  facet normal 0.855724 -0.21435 0.470947
    outer loop
      vertex 3.99593 -0.794839 2.44199
      vertex 3.89878 -1.18268 2.44199
      vertex 4.10905 -1.24647 2.03089
    endloop
  endfacet
  facet normal 0.544537 -0.326365 0.772635
    outer loop
      vertex 2.81324 -1.50371 3.51952
      vertex 2.3527 -1.57203 3.81524
      vertex 2.65231 -1.77222 3.51952
    endloop
  endfacet
  facet normal -0.0692485 -0.466735 0.881682
    outer loop
      vertex -0.199061 -2.02111 4.29395
      vertex -0.396206 -1.99186 4.29395
      vertex -0.239356 -2.43023 4.07421
    endloop
  endfacet
  facet normal 0.426538 -0.201739 0.881684
    outer loop
      vertex 2.2561 -0.934508 4.07421
      vertex 1.87629 -0.777186 4.29395
      vertex 2.15364 -1.15114 4.07421
    endloop
  endfacet
  facet normal 0.285853 -0.476916 0.831168
    outer loop
      vertex 1.57203 -2.3527 3.81524
      vertex 1.15114 -2.15364 4.07421
      vertex 1.33385 -2.49546 3.81524
    endloop
  endfacet
  facet normal 0.378192 -0.509914 0.772631
    outer loop
      vertex 1.79506 -2.18729 3.81524
      vertex 1.77222 -2.65231 3.51952
      vertex 2.02365 -2.46583 3.51952
    endloop
  endfacet
  facet normal 0.573024 -0.519374 0.633951
    outer loop
      vertex 2.72062 -2.23276 3.1899
      vertex 2.48867 -2.48867 3.1899
      vertex 2.69778 -2.69778 2.82957
    endloop
  endfacet
  facet normal 0.663348 -0.397606 0.633939
    outer loop
      vertex 3.10394 -1.65909 3.1899
      vertex 2.92637 -1.95534 3.1899
      vertex 3.36474 -1.79849 2.82957
    endloop
  endfacet
  facet normal 0.129439 -0.872614 0.470946
    outer loop
      vertex 0.794839 -3.99593 2.44199
      vertex 0.42088 -4.27327 2.03089
      vertex 0.837708 -4.21144 2.03089
    endloop
  endfacet
  facet normal 0.460695 -0.621194 0.633938
    outer loop
      vertex 2.42036 -2.94922 2.82957
      vertex 1.95534 -2.92637 3.1899
      vertex 2.11963 -3.17225 2.82957
    endloop
  endfacet
  facet normal 0.642702 -0.709123 0.289963
    outer loop
      vertex 3.16242 -3.16242 1.60023
      vertex 2.83722 -3.45716 1.60023
      vertex 2.92306 -3.56176 1.15416
    endloop
  endfacet
  facet normal 0.495479 -0.668095 0.555112
    outer loop
      vertex 2.42036 -2.94922 2.82957
      vertex 2.11963 -3.17225 2.82957
      vertex 2.26351 -3.38758 2.44199
    endloop
  endfacet
  facet normal 0.193202 -0.0286604 0.98074
    outer loop
      vertex 1.1486 -0.113127 4.60765
      vertex 0.683578 -0.135972 4.69859
      vertex 1.13198 -0.225164 4.60765
    endloop
  endfacet
  facet normal 0.328573 0.196929 0.92372
    outer loop
      vertex 1.68862 1.1283 4.29395
      vertex 1.33054 0.889038 4.47233
      vertex 1.41127 0.754341 4.47233
    endloop
  endfacet
  facet normal 0.382606 0.0188072 0.92372
    outer loop
      vertex 2.03089 0 4.29395
      vertex 1.59252 0.156849 4.47233
      vertex 1.60023 0 4.47233
    endloop
  endfacet
  facet normal 0.346288 -0.1638 0.923718
    outer loop
      vertex 1.47842 -0.61238 4.47233
      vertex 1.41127 -0.754341 4.47233
      vertex 1.87629 -0.777186 4.29395
    endloop
  endfacet
  facet normal -0.573893 0.271443 0.772636
    outer loop
      vertex -2.81324 1.50371 3.51952
      vertex -2.94709 1.22072 3.51952
      vertex -2.61418 1.08283 3.81524
    endloop
  endfacet
  facet normal 0.360685 0.129043 0.923718
    outer loop
      vertex 1.87629 0.777186 4.29395
      vertex 1.47842 0.61238 4.47233
      vertex 1.53132 0.46452 4.47233
    endloop
  endfacet
  facet normal 0.699881 0.103819 0.706674
    outer loop
      vertex 3.45189 0.686624 3.1899
      vertex 3.12861 0.622319 3.51952
      vertex 3.50257 0.344973 3.1899
    endloop
  endfacet
  facet normal 0.765018 0.113465 0.633935
    outer loop
      vertex 3.74193 0.744315 2.82957
      vertex 3.50257 0.344973 3.1899
      vertex 3.79686 0.373958 2.82957
    endloop
  endfacet
  facet normal 0.51937 0.573034 0.633945
    outer loop
      vertex 2.42036 2.94922 2.82957
      vertex 2.23276 2.72062 3.1899
      vertex 2.69778 2.69778 2.82957
    endloop
  endfacet
  facet normal 0.377174 0.79746 0.470953
    outer loop
      vertex 1.64322 3.96709 2.03089
      vertex 1.55913 3.76408 2.44199
      vertex 1.92057 3.59313 2.44199
    endloop
  endfacet
  facet normal 0.21435 0.855724 0.470947
    outer loop
      vertex 1.24647 4.10905 2.03089
      vertex 0.794839 3.99593 2.44199
      vertex 1.18268 3.89878 2.44199
    endloop
  endfacet
  facet normal 0.326365 0.544537 0.772635
    outer loop
      vertex 1.77222 2.65231 3.51952
      vertex 1.50371 2.81324 3.51952
      vertex 1.57203 2.3527 3.81524
    endloop
  endfacet
  facet normal 0.0188072 0.382606 0.92372
    outer loop
      vertex 0 2.03089 4.29395
      vertex 0 1.60023 4.47233
      vertex 0.156849 1.59252 4.47233
    endloop
  endfacet
  facet normal 0.146011 0.984427 0.0978956
    outer loop
      vertex 0.925562 4.65312 0.233071
      vertex 0.460542 4.67596 0.696969
      vertex 0.916649 4.60831 0.696969
    endloop
  endfacet
  facet normal -0.241817 0.965371 0.0978933
    outer loop
      vertex -0.916649 4.60831 0.696969
      vertex -1.37719 4.53999 0.233071
      vertex -1.36393 4.49627 0.696969
    endloop
  endfacet
  facet normal -0.232543 0.928358 -0.289957
    outer loop
      vertex -0.872509 4.3864 -1.60023
      vertex -1.33753 4.40924 -1.15416
      vertex -0.898907 4.51911 -1.15416
    endloop
  endfacet
  facet normal 0.425498 0.899647 0.0979116
    outer loop
      vertex 2.23644 4.18408 0.233071
      vertex 1.81556 4.38314 0.233071
      vertex 2.2149 4.14378 0.696969
    endloop
  endfacet
  facet normal 0.511628 0.853612 -0.0978962
    outer loop
      vertex 2.6104 3.90673 -0.696969
      vertex 2.2149 4.14378 -0.696969
      vertex 2.63578 3.94472 -0.233071
    endloop
  endfacet
  facet normal 0.970195 0.143964 0.194928
    outer loop
      vertex 4.53514 0.854124 1.10745
      vertex 4.51911 0.898907 1.15416
      vertex 4.5351 0.791148 1.15416
    endloop
  endfacet
  facet normal 0.970189 0.144063 0.194883
    outer loop
      vertex 4.51911 0.898907 1.15416
      vertex 4.53516 0.88815 1.08221
      vertex 4.53563 0.902192 1.06949
    endloop
  endfacet
  facet normal 0.970196 0.144 0.194894
    outer loop
      vertex 4.53516 0.88815 1.08221
      vertex 4.51911 0.898907 1.15416
      vertex 4.53514 0.854124 1.10745
    endloop
  endfacet
  facet normal 0.686337 0.171914 0.706674
    outer loop
      vertex 3.36797 1.02166 3.1899
      vertex 3.12861 0.622319 3.51952
      vertex 3.45189 0.686624 3.1899
    endloop
  endfacet
  facet normal 0.699126 0.330663 0.633944
    outer loop
      vertex 3.36474 1.79849 2.82957
      vertex 3.25161 1.34686 3.1899
      vertex 3.52482 1.46003 2.82957
    endloop
  endfacet
  facet normal 0.708554 0.525502 0.470956
    outer loop
      vertex 3.31927 2.72405 2.03089
      vertex 3.14941 2.58465 2.44199
      vertex 3.57029 2.38559 2.03089
    endloop
  endfacet
  facet normal 0.592424 0.653628 0.47096
    outer loop
      vertex 3.03628 3.03628 2.03089
      vertex 2.58465 3.14941 2.44199
      vertex 2.8809 2.8809 2.44199
    endloop
  endfacet
  facet normal 0.855724 0.21435 0.470947
    outer loop
      vertex 4.10905 1.24647 2.03089
      vertex 3.89878 1.18268 2.44199
      vertex 3.99593 0.794839 2.44199
    endloop
  endfacet
  facet normal 0.83059 0.297191 0.470953
    outer loop
      vertex 3.96709 1.64322 2.03089
      vertex 3.76408 1.55913 2.44199
      vertex 4.10905 1.24647 2.03089
    endloop
  endfacet
  facet normal 0.238323 0.951433 0.194877
    outer loop
      vertex 0.916649 4.60831 0.696969
      vertex 0.898907 4.51911 1.15416
      vertex 1.33753 4.40924 1.15416
    endloop
  endfacet
  facet normal 0.453517 0.756648 0.470962
    outer loop
      vertex 2.38559 3.57029 2.03089
      vertex 1.92057 3.59313 2.44199
      vertex 2.26351 3.38758 2.44199
    endloop
  endfacet
  facet normal 0.330663 0.699126 0.633944
    outer loop
      vertex 1.46003 3.52482 2.82957
      vertex 1.34686 3.25161 3.1899
      vertex 1.79849 3.36474 2.82957
    endloop
  endfacet
  facet normal 0.550452 0.742196 0.382292
    outer loop
      vertex 2.4847 3.71861 1.60023
      vertex 2.38559 3.57029 2.03089
      vertex 2.72405 3.31927 2.03089
    endloop
  endfacet
  facet normal 0.872611 -0.129425 -0.470956
    outer loop
      vertex 4.27327 -0.42088 -2.03089
      vertex 3.99593 -0.794839 -2.44199
      vertex 4.05459 -0.399342 -2.44199
    endloop
  endfacet
  facet normal 0.870023 -0.3113 -0.382299
    outer loop
      vertex 4.1319 -1.71149 -1.60023
      vertex 4.10905 -1.24647 -2.03089
      vertex 4.27976 -1.29825 -1.60023
    endloop
  endfacet
  facet normal 0.970189 0.144063 -0.194883
    outer loop
      vertex 4.53516 0.88815 -1.08221
      vertex 4.51911 0.898907 -1.15416
      vertex 4.53563 0.902192 -1.06949
    endloop
  endfacet
  facet normal 0.970196 0.144 -0.194894
    outer loop
      vertex 4.51911 0.898907 -1.15416
      vertex 4.53516 0.88815 -1.08221
      vertex 4.53514 0.854124 -1.10745
    endloop
  endfacet
  facet normal 0.899647 0.425498 0.0979116
    outer loop
      vertex 4.18408 2.23644 0.233071
      vertex 4.14378 2.2149 0.696969
      vertex 4.38314 1.81556 0.233071
    endloop
  endfacet
  facet normal 0.923496 0.330427 0.194866
    outer loop
      vertex 4.34093 1.79807 0.696969
      vertex 4.25691 1.76327 1.15416
      vertex 4.40924 1.33753 1.15416
    endloop
  endfacet
  facet normal 0.495485 0.668094 -0.555108
    outer loop
      vertex 2.42036 2.94922 -2.82957
      vertex 2.26351 3.38758 -2.44199
      vertex 2.58465 3.14941 -2.44199
    endloop
  endfacet
  facet normal 0.820882 0.492013 -0.289958
    outer loop
      vertex 3.94425 2.10824 -1.60023
      vertex 3.83112 2.55987 -1.15416
      vertex 4.06358 2.17203 -1.15416
    endloop
  endfacet
  facet normal 0.886656 0.419366 -0.194866
    outer loop
      vertex 4.25691 1.76327 -1.15416
      vertex 4.14378 2.2149 -0.696969
      vertex 4.34093 1.79807 -0.696969
    endloop
  endfacet
  facet normal 0.923491 0.330435 -0.194875
    outer loop
      vertex 4.40924 1.33753 -1.15416
      vertex 4.34093 1.79807 -0.696969
      vertex 4.49627 1.36393 -0.696969
    endloop
  endfacet
  facet normal 0.865153 0.409189 -0.289956
    outer loop
      vertex 4.1319 1.71149 -1.60023
      vertex 4.06358 2.17203 -1.15416
      vertex 4.25691 1.76327 -1.15416
    endloop
  endfacet
  facet normal 0.783163 0.280204 -0.555105
    outer loop
      vertex 3.65095 1.1075 -2.82957
      vertex 3.52482 1.46003 -2.82957
      vertex 3.76408 1.55913 -2.44199
    endloop
  endfacet
  facet normal 0.699881 0.103819 -0.706674
    outer loop
      vertex 3.50257 0.344973 -3.1899
      vertex 3.12861 0.622319 -3.51952
      vertex 3.45189 0.686624 -3.1899
    endloop
  endfacet
  facet normal 0.750202 0.187911 -0.633945
    outer loop
      vertex 3.45189 0.686624 -3.1899
      vertex 3.36797 1.02166 -3.1899
      vertex 3.74193 0.744315 -2.82957
    endloop
  endfacet
  facet normal 0.524251 0.47516 -0.706671
    outer loop
      vertex 2.46583 2.02365 -3.51952
      vertex 2.2556 2.2556 -3.51952
      vertex 2.48867 2.48867 -3.1899
    endloop
  endfacet
  facet normal 0.621181 0.460702 -0.633946
    outer loop
      vertex 2.92637 1.95534 -3.1899
      vertex 2.72062 2.23276 -3.1899
      vertex 2.94922 2.42036 -2.82957
    endloop
  endfacet
  facet normal 0.75192 0.355633 -0.555105
    outer loop
      vertex 3.52482 1.46003 -2.82957
      vertex 3.36474 1.79849 -2.82957
      vertex 3.76408 1.55913 -2.44199
    endloop
  endfacet
  facet normal 0.83059 0.297191 -0.470953
    outer loop
      vertex 4.10905 1.24647 -2.03089
      vertex 3.76408 1.55913 -2.44199
      vertex 3.96709 1.64322 -2.03089
    endloop
  endfacet
  facet normal 0.756662 0.453507 -0.47095
    outer loop
      vertex 3.59313 1.92057 -2.44199
      vertex 3.57029 2.38559 -2.03089
      vertex 3.78692 2.02415 -2.03089
    endloop
  endfacet
  facet normal 0.525493 0.708556 0.470962
    outer loop
      vertex 2.38559 3.57029 2.03089
      vertex 2.26351 3.38758 2.44199
      vertex 2.58465 3.14941 2.44199
    endloop
  endfacet
  facet normal 0.550456 0.742195 0.382289
    outer loop
      vertex 2.83722 3.45716 1.60023
      vertex 2.4847 3.71861 1.60023
      vertex 2.72405 3.31927 2.03089
    endloop
  endfacet
  facet normal 0.642705 0.709121 0.289961
    outer loop
      vertex 3.2581 3.2581 1.15416
      vertex 2.92306 3.56176 1.15416
      vertex 3.16242 3.16242 1.60023
    endloop
  endfacet
  facet normal 0.709123 0.642702 0.289963
    outer loop
      vertex 3.56176 2.92306 1.15416
      vertex 3.16242 3.16242 1.60023
      vertex 3.45716 2.83722 1.60023
    endloop
  endfacet
  facet normal 0.592422 0.653634 0.470956
    outer loop
      vertex 2.72405 3.31927 2.03089
      vertex 2.58465 3.14941 2.44199
      vertex 3.03628 3.03628 2.03089
    endloop
  endfacet
  facet normal 0.820881 0.492014 0.289959
    outer loop
      vertex 3.83112 2.55987 1.15416
      vertex 3.71861 2.4847 1.60023
      vertex 3.94425 2.10824 1.60023
    endloop
  endfacet
  facet normal 0.899643 0.425508 0.097901
    outer loop
      vertex 4.38314 1.81556 0.233071
      vertex 4.14378 2.2149 0.696969
      vertex 4.34093 1.79807 0.696969
    endloop
  endfacet
  facet normal 0.88666 0.419361 0.19486
    outer loop
      vertex 4.14378 2.2149 0.696969
      vertex 4.06358 2.17203 1.15416
      vertex 4.25691 1.76327 1.15416
    endloop
  endfacet
  facet normal 0.525493 0.708556 -0.470962
    outer loop
      vertex 2.58465 3.14941 -2.44199
      vertex 2.26351 3.38758 -2.44199
      vertex 2.38559 3.57029 -2.03089
    endloop
  endfacet
  facet normal 0.72674 0.658693 -0.194864
    outer loop
      vertex 3.56176 2.92306 -1.15416
      vertex 3.3224 3.3224 -0.696969
      vertex 3.63206 2.98075 -0.696969
    endloop
  endfacet
  facet normal 0.475048 0.792574 -0.382303
    outer loop
      vertex 2.4847 3.71861 -1.60023
      vertex 2.02415 3.78692 -2.03089
      vertex 2.10824 3.94425 -1.60023
    endloop
  endfacet
  facet normal 0.419366 0.886656 -0.194866
    outer loop
      vertex 2.2149 4.14378 -0.696969
      vertex 1.76327 4.25691 -1.15416
      vertex 1.79807 4.34093 -0.696969
    endloop
  endfacet
  facet normal 0.550452 0.742196 -0.382292
    outer loop
      vertex 2.72405 3.31927 -2.03089
      vertex 2.38559 3.57029 -2.03089
      vertex 2.4847 3.71861 -1.60023
    endloop
  endfacet
  facet normal 0.395079 0.83532 -0.3823
    outer loop
      vertex 2.10824 3.94425 -1.60023
      vertex 1.64322 3.96709 -2.03089
      vertex 1.71149 4.1319 -1.60023
    endloop
  endfacet
  facet normal 0.0432927 0.881094 -0.470956
    outer loop
      vertex 0.399342 4.05459 -2.44199
      vertex 0 4.29395 -2.03089
      vertex 0.42088 4.27327 -2.03089
    endloop
  endfacet
  facet normal 0.336887 0.941545 -0
    outer loop
      vertex 1.81556 4.38314 -0.233071
      vertex 1.37719 4.53999 0.233071
      vertex 1.81556 4.38314 0.233071
    endloop
  endfacet
  facet normal 0.336887 0.941545 0
    outer loop
      vertex 1.37719 4.53999 0.233071
      vertex 1.81556 4.38314 -0.233071
      vertex 1.37719 4.53999 -0.233071
    endloop
  endfacet
  facet normal 0.51411 0.857724 -0
    outer loop
      vertex 2.63578 3.94472 -0.233071
      vertex 2.23644 4.18408 0.233071
      vertex 2.63578 3.94472 0.233071
    endloop
  endfacet
  facet normal 0.51411 0.857724 0
    outer loop
      vertex 2.23644 4.18408 0.233071
      vertex 2.63578 3.94472 -0.233071
      vertex 2.23644 4.18408 -0.233071
    endloop
  endfacet
  facet normal 0.78781 0.58428 0.194864
    outer loop
      vertex 3.63206 2.98075 0.696969
      vertex 3.56176 2.92306 1.15416
      vertex 3.83112 2.55987 1.15416
    endloop
  endfacet
  facet normal 0.787811 0.58428 0.194864
    outer loop
      vertex 3.90673 2.6104 0.696969
      vertex 3.63206 2.98075 0.696969
      vertex 3.83112 2.55987 1.15416
    endloop
  endfacet
  facet normal 0.51164 0.853603 0.0979114
    outer loop
      vertex 2.23644 4.18408 0.233071
      vertex 2.2149 4.14378 0.696969
      vertex 2.63578 3.94472 0.233071
    endloop
  endfacet
  facet normal 0.66834 0.737384 0.0979086
    outer loop
      vertex 3.00974 3.66738 0.233071
      vertex 2.98075 3.63206 0.696969
      vertex 3.3224 3.3224 0.696969
    endloop
  endfacet
  facet normal 0.799357 0.592827 0.0978955
    outer loop
      vertex 3.94472 2.63578 0.233071
      vertex 3.66738 3.00974 0.233071
      vertex 3.90673 2.6104 0.696969
    endloop
  endfacet
  facet normal -0.280222 0.783145 -0.555121
    outer loop
      vertex -1.1075 3.65095 -2.82957
      vertex -1.55913 3.76408 -2.44199
      vertex -1.18268 3.89878 -2.44199
    endloop
  endfacet
  facet normal -0.297199 0.830591 -0.470948
    outer loop
      vertex -1.18268 3.89878 -2.44199
      vertex -1.55913 3.76408 -2.44199
      vertex -1.24647 4.10905 -2.03089
    endloop
  endfacet
  facet normal -0.129439 0.872614 -0.470946
    outer loop
      vertex -0.794839 3.99593 -2.44199
      vertex -0.837708 4.21144 -2.03089
      vertex -0.42088 4.27327 -2.03089
    endloop
  endfacet
  facet normal -0.504244 0.841289 -0.19486
    outer loop
      vertex -2.17203 4.06358 -1.15416
      vertex -2.55987 3.83112 -1.15416
      vertex -2.2149 4.14378 -0.696969
    endloop
  endfacet
  facet normal -0.51164 0.853603 0.0979114
    outer loop
      vertex -2.23644 4.18408 0.233071
      vertex -2.63578 3.94472 0.233071
      vertex -2.2149 4.14378 0.696969
    endloop
  endfacet
  facet normal -0.404717 0.242562 0.881685
    outer loop
      vertex -2.03044 1.3567 4.07421
      vertex -2.15364 1.15114 4.07421
      vertex -1.68862 1.1283 4.29395
    endloop
  endfacet
  facet normal -0.686337 0.171914 0.706674
    outer loop
      vertex -3.36797 1.02166 3.1899
      vertex -3.45189 0.686624 3.1899
      vertex -3.12861 0.622319 3.51952
    endloop
  endfacet
  facet normal -0.555359 -0.0272858 0.831163
    outer loop
      vertex -2.44199 0 4.07421
      vertex -2.82957 0 3.81524
      vertex -2.43023 -0.239356 4.07421
    endloop
  endfacet
  facet normal -0.316853 0.349615 0.881688
    outer loop
      vertex -1.54918 1.88768 4.07421
      vertex -1.72675 1.72675 4.07421
      vertex -1.43605 1.43605 4.29395
    endloop
  endfacet
  facet normal -0.0143988 -0.0970721 0.995173
    outer loop
      vertex -0.0454693 -0.228593 4.74428
      vertex -0.135972 -0.683578 4.69859
      vertex -0.0228443 -0.231949 4.74428
    endloop
  endfacet
  facet normal -0.378926 0.0562026 0.923719
    outer loop
      vertex -1.56948 0.312188 4.47233
      vertex -1.99186 0.396206 4.29395
      vertex -1.59252 0.156849 4.47233
    endloop
  endfacet
  facet normal -0.539368 0.135107 0.831161
    outer loop
      vertex -2.33684 0.708871 4.07421
      vertex -2.7752 0.552022 3.81524
      vertex -2.39507 0.476408 4.07421
    endloop
  endfacet
  facet normal -0.176564 0.0835076 0.98074
    outer loop
      vertex -0.614672 0.328548 4.69859
      vertex -1.0663 0.441676 4.60765
      vertex -0.643915 0.266718 4.69859
    endloop
  endfacet
  facet normal 0.131167 -0.14472 0.98074
    outer loop
      vertex 0.492831 -0.492831 4.69859
      vertex 0.442152 -0.538764 4.69859
      vertex 0.732188 -0.892174 4.60765
    endloop
  endfacet
  facet normal 0.0658039 -0.183897 0.98074
    outer loop
      vertex 0.441676 -1.0663 4.60765
      vertex 0.202319 -0.666958 4.69859
      vertex 0.335033 -1.10446 4.60765
    endloop
  endfacet
  facet normal 0.00958341 -0.195079 0.980741
    outer loop
      vertex 0 -0.696969 4.69859
      vertex 0 -1.15416 4.60765
      vertex 0.0683146 -0.693613 4.69859
    endloop
  endfacet
  facet normal -0.446607 -0.331226 0.831163
    outer loop
      vertex -2.03044 -1.3567 4.07421
      vertex -2.3527 -1.57203 3.81524
      vertex -2.18729 -1.79506 3.81524
    endloop
  endfacet
  facet normal 0.129043 -0.360685 0.923718
    outer loop
      vertex 0.61238 -1.47842 4.47233
      vertex 0.46452 -1.53132 4.47233
      vertex 0.777186 -1.87629 4.29395
    endloop
  endfacet
  facet normal 0.316853 -0.349615 0.881688
    outer loop
      vertex 1.72675 -1.72675 4.07421
      vertex 1.43605 -1.43605 4.29395
      vertex 1.54918 -1.88768 4.07421
    endloop
  endfacet
  facet normal -0.550015 0.0815793 0.831161
    outer loop
      vertex -2.39507 0.476408 4.07421
      vertex -2.7752 0.552022 3.81524
      vertex -2.43023 0.239356 4.07421
    endloop
  endfacet
  facet normal -0.404715 -0.242573 0.881683
    outer loop
      vertex -1.79108 -0.957353 4.29395
      vertex -2.15364 -1.15114 4.07421
      vertex -1.68862 -1.1283 4.29395
    endloop
  endfacet
  facet normal -0.783145 0.280222 0.555121
    outer loop
      vertex -3.76408 1.55913 2.44199
      vertex -3.89878 1.18268 2.44199
      vertex -3.65095 1.1075 2.82957
    endloop
  endfacet
  facet normal -0.83532 0.395079 0.3823
    outer loop
      vertex -3.94425 2.10824 1.60023
      vertex -4.1319 1.71149 1.60023
      vertex -3.96709 1.64322 2.03089
    endloop
  endfacet
  facet normal -0.901097 0.322413 0.289956
    outer loop
      vertex -4.25691 1.76327 1.15416
      vertex -4.40924 1.33753 1.15416
      vertex -4.1319 1.71149 1.60023
    endloop
  endfacet
  facet normal -0.865153 0.409189 0.289956
    outer loop
      vertex -4.06358 2.17203 1.15416
      vertex -4.1319 1.71149 1.60023
      vertex -3.94425 2.10824 1.60023
    endloop
  endfacet
  facet normal -0.90399 0.427553 0
    outer loop
      vertex -4.38314 1.81556 -0.233071
      vertex -4.18408 2.23644 0.233071
      vertex -4.18408 2.23644 -0.233071
    endloop
  endfacet
  facet normal -0.90399 0.427553 0
    outer loop
      vertex -4.18408 2.23644 0.233071
      vertex -4.38314 1.81556 -0.233071
      vertex -4.38314 1.81556 0.233071
    endloop
  endfacet
  facet normal -0.78781 0.58428 -0.194864
    outer loop
      vertex -3.56176 2.92306 -1.15416
      vertex -3.83112 2.55987 -1.15416
      vertex -3.63206 2.98075 -0.696969
    endloop
  endfacet
  facet normal -0.955844 0.0470921 0.290077
    outer loop
      vertex -4.52838 0.137223 1.39326
      vertex -4.47233 0 1.60023
      vertex -4.52802 0.222328 1.38063
    endloop
  endfacet
  facet normal -0.955886 0.0469126 0.289969
    outer loop
      vertex -4.47233 0 1.60023
      vertex -4.52838 0.137223 1.39326
      vertex -4.53307 0 1.4
    endloop
  endfacet
  facet normal -0.955891 0.046888 0.289956
    outer loop
      vertex -4.53139 0.406398 1.33972
      vertex -4.4508 0.438365 1.60023
      vertex -4.53378 0.446538 1.32535
    endloop
  endfacet
  facet normal -0.95589 0.0469446 0.289949
    outer loop
      vertex -4.52781 0.273126 1.3731
      vertex -4.4508 0.438365 1.60023
      vertex -4.53139 0.406398 1.33972
    endloop
  endfacet
  facet normal -0.955888 0.0469331 0.289956
    outer loop
      vertex -4.52802 0.222328 1.38063
      vertex -4.4508 0.438365 1.60023
      vertex -4.52781 0.273126 1.3731
    endloop
  endfacet
  facet normal -0.955892 0.046948 0.289943
    outer loop
      vertex -4.4508 0.438365 1.60023
      vertex -4.52802 0.222328 1.38063
      vertex -4.47233 0 1.60023
    endloop
  endfacet
  facet normal -0.896348 0.224525 0.382294
    outer loop
      vertex -4.10905 1.24647 2.03089
      vertex -4.3864 0.872509 1.60023
      vertex -4.21144 0.837708 2.03089
    endloop
  endfacet
  facet normal -0.91404 0.135584 0.382294
    outer loop
      vertex -4.21144 0.837708 2.03089
      vertex -4.3864 0.872509 1.60023
      vertex -4.27327 0.42088 2.03089
    endloop
  endfacet
  facet normal -0.881092 0.0432888 0.470959
    outer loop
      vertex -4.05459 0.399342 2.44199
      vertex -4.29395 0 2.03089
      vertex -4.07421 0 2.44199
    endloop
  endfacet
  facet normal -0.881094 -0.0432927 0.470956
    outer loop
      vertex -4.05459 -0.399342 2.44199
      vertex -4.29395 0 2.03089
      vertex -4.27327 -0.42088 2.03089
    endloop
  endfacet
  facet normal -0.937048 0.335283 0.0976031
    outer loop
      vertex -4.53854 1.37675 0.248522
      vertex -4.38314 1.81556 0.233071
      vertex -4.53933 1.37904 0.233071
    endloop
  endfacet
  facet normal -0.937017 0.335282 0.0979068
    outer loop
      vertex -4.38314 1.81556 0.233071
      vertex -4.53854 1.37675 0.248522
      vertex -4.49627 1.36393 0.696969
    endloop
  endfacet
  facet normal -0.951441 0.238316 0.194848
    outer loop
      vertex -4.52978 1.16406 0.777798
      vertex -4.49627 1.36393 0.696969
      vertex -4.5342 1.2125 0.696969
    endloop
  endfacet
  facet normal -0.951433 0.238325 0.194875
    outer loop
      vertex -4.49627 1.36393 0.696969
      vertex -4.52978 1.16406 0.777798
      vertex -4.40924 1.33753 1.15416
    endloop
  endfacet
  facet normal -0.951431 0.238336 0.194869
    outer loop
      vertex -4.40924 1.33753 1.15416
      vertex -4.52978 1.16406 0.777798
      vertex -4.5278 1.08687 0.881873
    endloop
  endfacet
  facet normal -0.946681 0.140429 0.289957
    outer loop
      vertex -4.3864 0.872509 1.60023
      vertex -4.51911 0.898907 1.15416
      vertex -4.4508 0.438365 1.60023
    endloop
  endfacet
  facet normal -0.928358 0.232543 0.289957
    outer loop
      vertex -4.40924 1.33753 1.15416
      vertex -4.51911 0.898907 1.15416
      vertex -4.3864 0.872509 1.60023
    endloop
  endfacet
  facet normal -0.550452 0.742196 -0.382292
    outer loop
      vertex -2.38559 3.57029 -2.03089
      vertex -2.72405 3.31927 -2.03089
      vertex -2.4847 3.71861 -1.60023
    endloop
  endfacet
  facet normal -0.620544 0.684675 -0.38229
    outer loop
      vertex -2.72405 3.31927 -2.03089
      vertex -3.16242 3.16242 -1.60023
      vertex -2.83722 3.45716 -1.60023
    endloop
  endfacet
  facet normal -0.653634 0.592422 -0.470956
    outer loop
      vertex -3.14941 2.58465 -2.44199
      vertex -3.31927 2.72405 -2.03089
      vertex -3.03628 3.03628 -2.03089
    endloop
  endfacet
  facet normal -0.830779 -0.0408169 -0.555103
    outer loop
      vertex -4.05459 -0.399342 -2.44199
      vertex -4.07421 0 -2.44199
      vertex -3.81524 0 -2.82957
    endloop
  endfacet
  facet normal -0.642702 0.709123 -0.289963
    outer loop
      vertex -2.83722 3.45716 -1.60023
      vertex -3.16242 3.16242 -1.60023
      vertex -2.92306 3.56176 -1.15416
    endloop
  endfacet
  facet normal -0.820882 0.492013 0.289958
    outer loop
      vertex -3.83112 2.55987 1.15416
      vertex -4.06358 2.17203 1.15416
      vertex -3.94425 2.10824 1.60023
    endloop
  endfacet
  facet normal -0.616306 -0.558589 0.555108
    outer loop
      vertex -2.94922 -2.42036 2.82957
      vertex -3.14941 -2.58465 2.44199
      vertex -2.69778 -2.69778 2.82957
    endloop
  endfacet
  facet normal -0.550452 -0.742196 0.382292
    outer loop
      vertex -2.38559 -3.57029 2.03089
      vertex -2.72405 -3.31927 2.03089
      vertex -2.4847 -3.71861 1.60023
    endloop
  endfacet
  facet normal -0.453507 -0.756662 -0.47095
    outer loop
      vertex -2.02415 -3.78692 -2.03089
      vertex -2.38559 -3.57029 -2.03089
      vertex -1.92057 -3.59313 -2.44199
    endloop
  endfacet
  facet normal -0.726752 -0.658684 -0.19485
    outer loop
      vertex -3.3224 -3.3224 -0.696969
      vertex -3.56176 -2.92306 -1.15416
      vertex -3.2581 -3.2581 -1.15416
    endloop
  endfacet
  facet normal -0.737384 -0.66834 -0.0979086
    outer loop
      vertex -3.3224 -3.3224 -0.696969
      vertex -3.66738 -3.00974 -0.233071
      vertex -3.63206 -2.98075 -0.696969
    endloop
  endfacet
  facet normal -0.668341 -0.737383 0.0979072
    outer loop
      vertex -3.3224 -3.3224 0.696969
      vertex -3.35471 -3.35471 0.233071
      vertex -3.00974 -3.66738 0.233071
    endloop
  endfacet
  facet normal -0.699126 -0.330663 0.633944
    outer loop
      vertex -3.25161 -1.34686 3.1899
      vertex -3.52482 -1.46003 2.82957
      vertex -3.36474 -1.79849 2.82957
    endloop
  endfacet
  facet normal -0.728169 -0.260547 0.633944
    outer loop
      vertex -3.36797 -1.02166 3.1899
      vertex -3.52482 -1.46003 2.82957
      vertex -3.25161 -1.34686 3.1899
    endloop
  endfacet
  facet normal -0.597739 -0.213875 0.772635
    outer loop
      vertex -2.70773 -0.821381 3.81524
      vertex -3.05255 -0.92598 3.51952
      vertex -2.94709 -1.22072 3.51952
    endloop
  endfacet
  facet normal -0.686338 -0.171912 0.706672
    outer loop
      vertex -3.12861 -0.622319 3.51952
      vertex -3.36797 -1.02166 3.1899
      vertex -3.05255 -0.92598 3.51952
    endloop
  endfacet
  facet normal -0.5683 -0.421483 0.706673
    outer loop
      vertex -2.46583 -2.02365 3.51952
      vertex -2.92637 -1.95534 3.1899
      vertex -2.72062 -2.23276 3.1899
    endloop
  endfacet
  facet normal -0.668095 -0.495479 0.555112
    outer loop
      vertex -3.17225 -2.11963 2.82957
      vertex -3.38758 -2.26351 2.44199
      vertex -2.94922 -2.42036 2.82957
    endloop
  endfacet
  facet normal -0.27143 -0.573908 0.772629
    outer loop
      vertex -1.33385 -2.49546 3.81524
      vertex -1.50371 -2.81324 3.51952
      vertex -1.08283 -2.61418 3.81524
    endloop
  endfacet
  facet normal -0.568298 -0.421494 0.706668
    outer loop
      vertex -2.65231 -1.77222 3.51952
      vertex -2.92637 -1.95534 3.1899
      vertex -2.46583 -2.02365 3.51952
    endloop
  endfacet
  facet normal 0.302524 -0.639605 0.706671
    outer loop
      vertex 1.50371 -2.81324 3.51952
      vertex 1.22072 -2.94709 3.51952
      vertex 1.34686 -3.25161 3.1899
    endloop
  endfacet
  facet normal -0.592422 -0.653634 0.470956
    outer loop
      vertex -2.58465 -3.14941 2.44199
      vertex -3.03628 -3.03628 2.03089
      vertex -2.72405 -3.31927 2.03089
    endloop
  endfacet
  facet normal -0.0930853 -0.37159 0.923719
    outer loop
      vertex -0.312188 -1.56948 4.47233
      vertex -0.46452 -1.53132 4.47233
      vertex -0.396206 -1.99186 4.29395
    endloop
  endfacet
  facet normal -0.360668 -0.129063 0.923721
    outer loop
      vertex -1.53132 -0.46452 4.47233
      vertex -1.94344 -0.589535 4.29395
      vertex -1.87629 -0.777186 4.29395
    endloop
  endfacet
  facet normal -0.187911 -0.750202 0.633945
    outer loop
      vertex -0.686624 -3.45189 3.1899
      vertex -1.02166 -3.36797 3.1899
      vertex -0.744315 -3.74193 2.82957
    endloop
  endfacet
  facet normal -0.224525 -0.896348 0.382294
    outer loop
      vertex -0.837708 -4.21144 2.03089
      vertex -1.24647 -4.10905 2.03089
      vertex -0.872509 -4.3864 1.60023
    endloop
  endfacet
  facet normal -0.146011 -0.984427 -0.0978956
    outer loop
      vertex -0.460542 -4.67596 -0.696969
      vertex -0.925562 -4.65312 -0.233071
      vertex -0.916649 -4.60831 -0.696969
    endloop
  endfacet
  facet normal 0.224525 -0.896348 0.382294
    outer loop
      vertex 1.24647 -4.10905 2.03089
      vertex 0.837708 -4.21144 2.03089
      vertex 0.872509 -4.3864 1.60023
    endloop
  endfacet
  facet normal -0.122031 -0.822775 0.555112
    outer loop
      vertex -0.744315 -3.74193 2.82957
      vertex -0.794839 -3.99593 2.44199
      vertex -0.373958 -3.79686 2.82957
    endloop
  endfacet
  facet normal -0.409189 -0.865153 0.289956
    outer loop
      vertex -2.10824 -3.94425 1.60023
      vertex -2.17203 -4.06358 1.15416
      vertex -1.71149 -4.1319 1.60023
    endloop
  endfacet
  facet normal -0.492014 -0.820881 0.289959
    outer loop
      vertex -2.4847 -3.71861 1.60023
      vertex -2.55987 -3.83112 1.15416
      vertex -2.10824 -3.94425 1.60023
    endloop
  endfacet
  facet normal -0.504244 -0.841289 0.19486
    outer loop
      vertex -2.17203 -4.06358 1.15416
      vertex -2.55987 -3.83112 1.15416
      vertex -2.2149 -4.14378 0.696969
    endloop
  endfacet
  facet normal -0.658684 -0.726752 0.19485
    outer loop
      vertex -3.2581 -3.2581 1.15416
      vertex -3.3224 -3.3224 0.696969
      vertex -2.92306 -3.56176 1.15416
    endloop
  endfacet
  facet normal -0.709121 -0.642705 0.289961
    outer loop
      vertex -3.16242 -3.16242 1.60023
      vertex -3.56176 -2.92306 1.15416
      vertex -3.2581 -3.2581 1.15416
    endloop
  endfacet
  facet normal -0.896348 -0.224525 -0.382294
    outer loop
      vertex -4.10905 -1.24647 -2.03089
      vertex -4.3864 -0.872509 -1.60023
      vertex -4.21144 -0.837708 -2.03089
    endloop
  endfacet
  facet normal -0.928358 -0.232543 0.289957
    outer loop
      vertex -4.3864 -0.872509 1.60023
      vertex -4.51911 -0.898907 1.15416
      vertex -4.40924 -1.33753 1.15416
    endloop
  endfacet
  facet normal -0.970196 -0.144 0.194894
    outer loop
      vertex -4.53516 -0.88815 1.08221
      vertex -4.51911 -0.898907 1.15416
      vertex -4.53514 -0.854124 1.10745
    endloop
  endfacet
  facet normal -0.970189 -0.144063 0.194883
    outer loop
      vertex -4.51911 -0.898907 1.15416
      vertex -4.53516 -0.88815 1.08221
      vertex -4.53563 -0.902192 1.06949
    endloop
  endfacet
  facet normal -0.951431 -0.238336 0.194869
    outer loop
      vertex -4.52978 -1.16406 0.777798
      vertex -4.40924 -1.33753 1.15416
      vertex -4.5278 -1.08687 0.881873
    endloop
  endfacet
  facet normal -0.951441 -0.238316 0.194848
    outer loop
      vertex -4.49627 -1.36393 0.696969
      vertex -4.52978 -1.16406 0.777798
      vertex -4.5342 -1.2125 0.696969
    endloop
  endfacet
  facet normal -0.951433 -0.238325 0.194875
    outer loop
      vertex -4.52978 -1.16406 0.777798
      vertex -4.49627 -1.36393 0.696969
      vertex -4.40924 -1.33753 1.15416
    endloop
  endfacet
  facet normal -0.899647 -0.425498 0.0979116
    outer loop
      vertex -4.14378 -2.2149 0.696969
      vertex -4.38314 -1.81556 0.233071
      vertex -4.18408 -2.23644 0.233071
    endloop
  endfacet
  facet normal -0.928362 -0.232537 0.289951
    outer loop
      vertex -4.3864 -0.872509 1.60023
      vertex -4.40924 -1.33753 1.15416
      vertex -4.27976 -1.29825 1.60023
    endloop
  endfacet
  facet normal -0.855724 -0.214349 0.470946
    outer loop
      vertex -3.99593 -0.794839 2.44199
      vertex -4.21144 -0.837708 2.03089
      vertex -4.10905 -1.24647 2.03089
    endloop
  endfacet
  facet normal -0.772454 -0.037966 0.633935
    outer loop
      vertex -3.50257 -0.344973 3.1899
      vertex -3.81524 0 2.82957
      vertex -3.79686 -0.373958 2.82957
    endloop
  endfacet
  facet normal -0.872611 -0.129425 0.470956
    outer loop
      vertex -4.05459 -0.399342 2.44199
      vertex -4.27327 -0.42088 2.03089
      vertex -3.99593 -0.794839 2.44199
    endloop
  endfacet
  facet normal -0.822773 0.122034 0.555114
    outer loop
      vertex -3.99593 0.794839 2.44199
      vertex -4.05459 0.399342 2.44199
      vertex -3.79686 0.373958 2.82957
    endloop
  endfacet
  facet normal -0.872611 0.129425 0.470956
    outer loop
      vertex -3.99593 0.794839 2.44199
      vertex -4.27327 0.42088 2.03089
      vertex -4.05459 0.399342 2.44199
    endloop
  endfacet
  facet normal -0.686337 -0.171914 0.706674
    outer loop
      vertex -3.12861 -0.622319 3.51952
      vertex -3.45189 -0.686624 3.1899
      vertex -3.36797 -1.02166 3.1899
    endloop
  endfacet
  facet normal -0.699881 -0.103819 0.706674
    outer loop
      vertex -3.12861 -0.622319 3.51952
      vertex -3.50257 -0.344973 3.1899
      vertex -3.45189 -0.686624 3.1899
    endloop
  endfacet
  facet normal 0.238364 -0.666181 -0.706672
    outer loop
      vertex 1.02166 -3.36797 -3.1899
      vertex 0.92598 -3.05255 -3.51952
      vertex 1.22072 -2.94709 -3.51952
    endloop
  endfacet
  facet normal -0.0347222 -0.70668 -0.70668
    outer loop
      vertex 0 -3.51952 -3.1899
      vertex -0.344973 -3.50257 -3.1899
      vertex 0 -3.1899 -3.51952
    endloop
  endfacet
  facet normal -0.524251 -0.47516 -0.706671
    outer loop
      vertex -2.2556 -2.2556 -3.51952
      vertex -2.48867 -2.48867 -3.1899
      vertex -2.46583 -2.02365 -3.51952
    endloop
  endfacet
  facet normal -0.330657 -0.699133 -0.633939
    outer loop
      vertex -1.34686 -3.25161 -3.1899
      vertex -1.79849 -3.36474 -2.82957
      vertex -1.65909 -3.10394 -3.1899
    endloop
  endfacet
  facet normal -0.51937 -0.573034 -0.633945
    outer loop
      vertex -2.42036 -2.94922 -2.82957
      vertex -2.69778 -2.69778 -2.82957
      vertex -2.23276 -2.72062 -3.1899
    endloop
  endfacet
  facet normal -0.460695 -0.621194 -0.633938
    outer loop
      vertex -2.11963 -3.17225 -2.82957
      vertex -2.42036 -2.94922 -2.82957
      vertex -1.95534 -2.92637 -3.1899
    endloop
  endfacet
  facet normal -0.326366 -0.544536 -0.772635
    outer loop
      vertex -1.50371 -2.81324 -3.51952
      vertex -1.53971 -2.57053 -3.67537
      vertex -1.41419 -2.64576 -3.67537
    endloop
  endfacet
  facet normal -0.409189 -0.865153 -0.289956
    outer loop
      vertex -1.76327 -4.25691 -1.15416
      vertex -2.17203 -4.06358 -1.15416
      vertex -1.71149 -4.1319 -1.60023
    endloop
  endfacet
  facet normal -0.409189 -0.865153 -0.289956
    outer loop
      vertex -1.71149 -4.1319 -1.60023
      vertex -2.17203 -4.06358 -1.15416
      vertex -2.10824 -3.94425 -1.60023
    endloop
  endfacet
  facet normal -0.642702 -0.709123 -0.289963
    outer loop
      vertex -2.92306 -3.56176 -1.15416
      vertex -3.16242 -3.16242 -1.60023
      vertex -2.83722 -3.45716 -1.60023
    endloop
  endfacet
  facet normal -0.79746 -0.377174 -0.470953
    outer loop
      vertex -3.59313 -1.92057 -2.44199
      vertex -3.96709 -1.64322 -2.03089
      vertex -3.76408 -1.55913 -2.44199
    endloop
  endfacet
  facet normal -0.0469477 -0.955887 0.28996
    outer loop
      vertex -0.438365 -4.4508 1.60023
      vertex -0.451628 -4.58546 1.15416
      vertex 0 -4.47233 1.60023
    endloop
  endfacet
  facet normal -0.238326 -0.951433 0.194875
    outer loop
      vertex -1.33753 -4.40924 1.15416
      vertex -1.36393 -4.49627 0.696969
      vertex -0.916649 -4.60831 0.696969
    endloop
  endfacet
  facet normal -0.419366 -0.886656 -0.194866
    outer loop
      vertex -1.79807 -4.34093 -0.696969
      vertex -2.2149 -4.14378 -0.696969
      vertex -1.76327 -4.25691 -1.15416
    endloop
  endfacet
  facet normal -0.550456 -0.742195 -0.382289
    outer loop
      vertex -2.4847 -3.71861 -1.60023
      vertex -2.83722 -3.45716 -1.60023
      vertex -2.72405 -3.31927 -2.03089
    endloop
  endfacet
  facet normal -0.187931 -0.750206 -0.633934
    outer loop
      vertex -0.744315 -3.74193 -2.82957
      vertex -1.1075 -3.65095 -2.82957
      vertex -1.02166 -3.36797 -3.1899
    endloop
  endfacet
  facet normal -0.037966 -0.772454 -0.633935
    outer loop
      vertex 0 -3.81524 -2.82957
      vertex -0.373958 -3.79686 -2.82957
      vertex -0.344973 -3.50257 -3.1899
    endloop
  endfacet
  facet normal -0.0488428 -0.993997 0.0979002
    outer loop
      vertex 0 -4.69859 0.696969
      vertex -0.460542 -4.67596 0.696969
      vertex 0 -4.74428 0.233071
    endloop
  endfacet
  facet normal -0.140429 -0.946681 -0.289957
    outer loop
      vertex -0.438365 -4.4508 -1.60023
      vertex -0.898907 -4.51911 -1.15416
      vertex -0.872509 -4.3864 -1.60023
    endloop
  endfacet
  facet normal 0.409189 -0.865153 -0.289956
    outer loop
      vertex 1.76327 -4.25691 -1.15416
      vertex 1.71149 -4.1319 -1.60023
      vertex 2.17203 -4.06358 -1.15416
    endloop
  endfacet
  facet normal 0.653634 -0.592422 -0.470956
    outer loop
      vertex 3.31927 -2.72405 -2.03089
      vertex 3.03628 -3.03628 -2.03089
      vertex 3.14941 -2.58465 -2.44199
    endloop
  endfacet
  facet normal 0.335269 -0.937023 -0.0978929
    outer loop
      vertex 1.37719 -4.53999 -0.233071
      vertex 1.36393 -4.49627 -0.696969
      vertex 1.81556 -4.38314 -0.233071
    endloop
  endfacet
  facet normal 0.122034 -0.822773 -0.555114
    outer loop
      vertex 0.399342 -4.05459 -2.44199
      vertex 0.373958 -3.79686 -2.82957
      vertex 0.794839 -3.99593 -2.44199
    endloop
  endfacet
  facet normal 0.122031 -0.822775 -0.555112
    outer loop
      vertex 0.794839 -3.99593 -2.44199
      vertex 0.373958 -3.79686 -2.82957
      vertex 0.744315 -3.74193 -2.82957
    endloop
  endfacet
  facet normal 0.0347222 -0.70668 -0.70668
    outer loop
      vertex 0.344973 -3.50257 -3.1899
      vertex 0 -3.51952 -3.1899
      vertex 0 -3.1899 -3.51952
    endloop
  endfacet
  facet normal 0.238367 -0.666181 -0.706671
    outer loop
      vertex 1.34686 -3.25161 -3.1899
      vertex 1.02166 -3.36797 -3.1899
      vertex 1.22072 -2.94709 -3.51952
    endloop
  endfacet
  facet normal 0.330663 -0.699126 -0.633944
    outer loop
      vertex 1.46003 -3.52482 -2.82957
      vertex 1.34686 -3.25161 -3.1899
      vertex 1.79849 -3.36474 -2.82957
    endloop
  endfacet
  facet normal 0.280222 -0.783145 -0.555121
    outer loop
      vertex 1.18268 -3.89878 -2.44199
      vertex 1.1075 -3.65095 -2.82957
      vertex 1.55913 -3.76408 -2.44199
    endloop
  endfacet
  facet normal 0.202119 -0.806845 -0.555112
    outer loop
      vertex 0.794839 -3.99593 -2.44199
      vertex 0.744315 -3.74193 -2.82957
      vertex 1.1075 -3.65095 -2.82957
    endloop
  endfacet
  facet normal 0.297199 -0.830591 -0.470948
    outer loop
      vertex 1.24647 -4.10905 -2.03089
      vertex 1.18268 -3.89878 -2.44199
      vertex 1.55913 -3.76408 -2.44199
    endloop
  endfacet
  facet normal 0.224518 -0.896348 -0.382299
    outer loop
      vertex 1.29825 -4.27976 -1.60023
      vertex 0.872509 -4.3864 -1.60023
      vertex 1.24647 -4.10905 -2.03089
    endloop
  endfacet
  facet normal 0.330427 -0.923496 -0.194866
    outer loop
      vertex 1.79807 -4.34093 -0.696969
      vertex 1.33753 -4.40924 -1.15416
      vertex 1.76327 -4.25691 -1.15416
    endloop
  endfacet
  facet normal 0.0488427 -0.993997 0.0979003
    outer loop
      vertex 0.460542 -4.67596 0.696969
      vertex 0 -4.74428 0.233071
      vertex 0.46502 -4.72143 0.233071
    endloop
  endfacet
  facet normal 0.0488428 -0.993997 -0.0979002
    outer loop
      vertex 0.460542 -4.67596 -0.696969
      vertex 0 -4.74428 -0.233071
      vertex 0 -4.69859 -0.696969
    endloop
  endfacet
  facet normal -0.395083 -0.835316 -0.382304
    outer loop
      vertex -1.64322 -3.96709 -2.03089
      vertex -2.10824 -3.94425 -1.60023
      vertex -2.02415 -3.78692 -2.03089
    endloop
  endfacet
  facet normal -0.0379537 -0.772448 -0.633942
    outer loop
      vertex 0 -3.81524 -2.82957
      vertex -0.344973 -3.50257 -3.1899
      vertex 0 -3.51952 -3.1899
    endloop
  endfacet
  facet normal 0.171912 -0.686338 -0.706672
    outer loop
      vertex 1.02166 -3.36797 -3.1899
      vertex 0.622319 -3.12861 -3.51952
      vertex 0.92598 -3.05255 -3.51952
    endloop
  endfacet
  facet normal -0.129439 -0.872614 -0.470946
    outer loop
      vertex -0.42088 -4.27327 -2.03089
      vertex -0.837708 -4.21144 -2.03089
      vertex -0.794839 -3.99593 -2.44199
    endloop
  endfacet
  facet normal 0.397608 -0.663348 -0.633938
    outer loop
      vertex 2.11963 -3.17225 -2.82957
      vertex 1.79849 -3.36474 -2.82957
      vertex 1.95534 -2.92637 -3.1899
    endloop
  endfacet
  facet normal 0.421494 -0.568298 -0.706668
    outer loop
      vertex 1.95534 -2.92637 -3.1899
      vertex 1.77222 -2.65231 -3.51952
      vertex 2.02365 -2.46583 -3.51952
    endloop
  endfacet
  facet normal 0.728169 -0.260547 -0.633944
    outer loop
      vertex 3.52482 -1.46003 -2.82957
      vertex 3.25161 -1.34686 -3.1899
      vertex 3.36797 -1.02166 -3.1899
    endloop
  endfacet
  facet normal 0.213866 -0.597741 -0.772636
    outer loop
      vertex 1.14805 -2.77164 -3.67537
      vertex 1.22072 -2.94709 -3.51952
      vertex 1.01026 -2.82094 -3.67537
    endloop
  endfacet
  facet normal 0.232537 -0.928362 0.289951
    outer loop
      vertex 1.29825 -4.27976 1.60023
      vertex 0.872509 -4.3864 1.60023
      vertex 1.33753 -4.40924 1.15416
    endloop
  endfacet
  facet normal 0.395079 -0.83532 0.3823
    outer loop
      vertex 2.10824 -3.94425 1.60023
      vertex 1.64322 -3.96709 2.03089
      vertex 1.71149 -4.1319 1.60023
    endloop
  endfacet
  facet normal 0.492013 -0.820882 0.289958
    outer loop
      vertex 2.55987 -3.83112 1.15416
      vertex 2.10824 -3.94425 1.60023
      vertex 2.17203 -4.06358 1.15416
    endloop
  endfacet
  facet normal 0.671568 -0.740943 0
    outer loop
      vertex 3.00974 -3.66738 -0.233071
      vertex 3.35471 -3.35471 0.233071
      vertex 3.00974 -3.66738 0.233071
    endloop
  endfacet
  facet normal 0.671568 -0.740943 0
    outer loop
      vertex 3.35471 -3.35471 0.233071
      vertex 3.00974 -3.66738 -0.233071
      vertex 3.35471 -3.35471 -0.233071
    endloop
  endfacet
  facet normal 0.668341 -0.737383 0.0979072
    outer loop
      vertex 3.3224 -3.3224 0.696969
      vertex 3.00974 -3.66738 0.233071
      vertex 3.35471 -3.35471 0.233071
    endloop
  endfacet
  facet normal 0.726752 -0.658684 -0.19485
    outer loop
      vertex 3.3224 -3.3224 -0.696969
      vertex 3.2581 -3.2581 -1.15416
      vertex 3.56176 -2.92306 -1.15416
    endloop
  endfacet
  facet normal 0.504242 -0.84129 0.194862
    outer loop
      vertex 2.55987 -3.83112 1.15416
      vertex 2.2149 -4.14378 0.696969
      vertex 2.6104 -3.90673 0.696969
    endloop
  endfacet
  facet normal 0.72674 -0.658693 -0.194864
    outer loop
      vertex 3.63206 -2.98075 -0.696969
      vertex 3.3224 -3.3224 -0.696969
      vertex 3.56176 -2.92306 -1.15416
    endloop
  endfacet
  facet normal 0.668341 -0.737383 -0.0979072
    outer loop
      vertex 3.35471 -3.35471 -0.233071
      vertex 3.00974 -3.66738 -0.233071
      vertex 3.3224 -3.3224 -0.696969
    endloop
  endfacet
  facet normal 0.799357 -0.592827 -0.0978955
    outer loop
      vertex 3.94472 -2.63578 -0.233071
      vertex 3.66738 -3.00974 -0.233071
      vertex 3.90673 -2.6104 -0.696969
    endloop
  endfacet
  facet normal 0.857724 -0.51411 0
    outer loop
      vertex 3.94472 -2.63578 0.233071
      vertex 4.18408 -2.23644 -0.233071
      vertex 4.18408 -2.23644 0.233071
    endloop
  endfacet
  facet normal 0.857724 -0.51411 0
    outer loop
      vertex 4.18408 -2.23644 -0.233071
      vertex 3.94472 -2.63578 0.233071
      vertex 3.94472 -2.63578 -0.233071
    endloop
  endfacet
  facet normal 0.7687 -0.570107 -0.289963
    outer loop
      vertex 3.56176 -2.92306 -1.15416
      vertex 3.45716 -2.83722 -1.60023
      vertex 3.83112 -2.55987 -1.15416
    endloop
  endfacet
  facet normal 0.475162 0.524246 -0.706673
    outer loop
      vertex 2.48867 2.48867 -3.1899
      vertex 2.02365 2.46583 -3.51952
      vertex 2.23276 2.72062 -3.1899
    endloop
  endfacet
  facet normal 0.47516 0.524251 -0.706671
    outer loop
      vertex 2.2556 2.2556 -3.51952
      vertex 2.02365 2.46583 -3.51952
      vertex 2.48867 2.48867 -3.1899
    endloop
  endfacet
  facet normal 0.224518 0.896348 -0.382299
    outer loop
      vertex 1.24647 4.10905 -2.03089
      vertex 0.872509 4.3864 -1.60023
      vertex 1.29825 4.27976 -1.60023
    endloop
  endfacet
  facet normal 0.154263 0.615833 -0.772627
    outer loop
      vertex 0.585271 2.94236 -3.67537
      vertex 0.622319 3.12861 -3.51952
      vertex 0.72723 2.9068 -3.67537
    endloop
  endfacet
  facet normal -0.409189 0.865153 -0.289956
    outer loop
      vertex -1.71149 4.1319 -1.60023
      vertex -2.17203 4.06358 -1.15416
      vertex -1.76327 4.25691 -1.15416
    endloop
  endfacet
  facet normal 0.280204 0.783163 -0.555105
    outer loop
      vertex 1.46003 3.52482 -2.82957
      vertex 1.1075 3.65095 -2.82957
      vertex 1.55913 3.76408 -2.44199
    endloop
  endfacet
  facet normal -0.0432888 0.881092 -0.470959
    outer loop
      vertex 0 4.07421 -2.44199
      vertex -0.399342 4.05459 -2.44199
      vertex 0 4.29395 -2.03089
    endloop
  endfacet
  facet normal 0.750206 0.187931 -0.633934
    outer loop
      vertex 3.74193 0.744315 -2.82957
      vertex 3.36797 1.02166 -3.1899
      vertex 3.65095 1.1075 -2.82957
    endloop
  endfacet
  facet normal 0.896348 0.224525 -0.382294
    outer loop
      vertex 4.21144 0.837708 -2.03089
      vertex 4.10905 1.24647 -2.03089
      vertex 4.3864 0.872509 -1.60023
    endloop
  endfacet
  facet normal 0.765007 -0.11348 -0.633945
    outer loop
      vertex 3.74193 -0.744315 -2.82957
      vertex 3.45189 -0.686624 -3.1899
      vertex 3.50257 -0.344973 -3.1899
    endloop
  endfacet
  facet normal 0.881094 0.0432927 -0.470956
    outer loop
      vertex 4.29395 0 -2.03089
      vertex 4.05459 0.399342 -2.44199
      vertex 4.27327 0.42088 -2.03089
    endloop
  endfacet
  facet normal 0.728183 -0.260533 -0.633934
    outer loop
      vertex 3.52482 -1.46003 -2.82957
      vertex 3.36797 -1.02166 -3.1899
      vertex 3.65095 -1.1075 -2.82957
    endloop
  endfacet
  facet normal 0.772454 0.037966 -0.633935
    outer loop
      vertex 3.81524 0 -2.82957
      vertex 3.50257 0.344973 -3.1899
      vertex 3.79686 0.373958 -2.82957
    endloop
  endfacet
  facet normal 0.768698 -0.570112 -0.289958
    outer loop
      vertex 3.83112 -2.55987 -1.15416
      vertex 3.45716 -2.83722 -1.60023
      vertex 3.71861 -2.4847 -1.60023
    endloop
  endfacet
  facet normal 0.684667 -0.620549 -0.382297
    outer loop
      vertex 3.16242 -3.16242 -1.60023
      vertex 3.03628 -3.03628 -2.03089
      vertex 3.31927 -2.72405 -2.03089
    endloop
  endfacet
  facet normal 0.616306 -0.558589 -0.555108
    outer loop
      vertex 3.14941 -2.58465 -2.44199
      vertex 2.69778 -2.69778 -2.82957
      vertex 2.94922 -2.42036 -2.82957
    endloop
  endfacet
  facet normal 0.653628 -0.592424 -0.47096
    outer loop
      vertex 3.03628 -3.03628 -2.03089
      vertex 2.8809 -2.8809 -2.44199
      vertex 3.14941 -2.58465 -2.44199
    endloop
  endfacet
  facet normal 0.820881 -0.492014 -0.289959
    outer loop
      vertex 3.83112 -2.55987 -1.15416
      vertex 3.71861 -2.4847 -1.60023
      vertex 3.94425 -2.10824 -1.60023
    endloop
  endfacet
  facet normal 0.620549 -0.684667 -0.382297
    outer loop
      vertex 3.16242 -3.16242 -1.60023
      vertex 2.72405 -3.31927 -2.03089
      vertex 3.03628 -3.03628 -2.03089
    endloop
  endfacet
  facet normal 0.475048 -0.792574 -0.382303
    outer loop
      vertex 2.10824 -3.94425 -1.60023
      vertex 2.02415 -3.78692 -2.03089
      vertex 2.4847 -3.71861 -1.60023
    endloop
  endfacet
  facet normal 0.425498 -0.899647 -0.0979116
    outer loop
      vertex 2.23644 -4.18408 -0.233071
      vertex 1.81556 -4.38314 -0.233071
      vertex 2.2149 -4.14378 -0.696969
    endloop
  endfacet
  facet normal -0.841289 0.504244 -0.19486
    outer loop
      vertex -4.06358 2.17203 -1.15416
      vertex -4.14378 2.2149 -0.696969
      vertex -3.83112 2.55987 -1.15416
    endloop
  endfacet
  facet normal -0.820882 0.492013 -0.289958
    outer loop
      vertex -3.94425 2.10824 -1.60023
      vertex -4.06358 2.17203 -1.15416
      vertex -3.83112 2.55987 -1.15416
    endloop
  endfacet
  facet normal -0.783145 -0.280222 -0.555121
    outer loop
      vertex -3.76408 -1.55913 -2.44199
      vertex -3.89878 -1.18268 -2.44199
      vertex -3.65095 -1.1075 -2.82957
    endloop
  endfacet
  facet normal -0.737384 -0.66834 0.0979086
    outer loop
      vertex -3.63206 -2.98075 0.696969
      vertex -3.66738 -3.00974 0.233071
      vertex -3.3224 -3.3224 0.696969
    endloop
  endfacet
  facet normal -0.7687 -0.570107 -0.289963
    outer loop
      vertex -3.56176 -2.92306 -1.15416
      vertex -3.83112 -2.55987 -1.15416
      vertex -3.45716 -2.83722 -1.60023
    endloop
  endfacet
  facet normal -0.592837 -0.799349 -0.097908
    outer loop
      vertex -2.6104 -3.90673 -0.696969
      vertex -3.00974 -3.66738 -0.233071
      vertex -2.98075 -3.63206 -0.696969
    endloop
  endfacet
  facet normal -0.728183 0.260533 -0.633934
    outer loop
      vertex -3.36797 1.02166 -3.1899
      vertex -3.65095 1.1075 -2.82957
      vertex -3.52482 1.46003 -2.82957
    endloop
  endfacet
  facet normal -0.830591 -0.297199 -0.470948
    outer loop
      vertex -3.76408 -1.55913 -2.44199
      vertex -4.10905 -1.24647 -2.03089
      vertex -3.89878 -1.18268 -2.44199
    endloop
  endfacet
  facet normal -0.728169 0.260547 -0.633944
    outer loop
      vertex -3.36797 1.02166 -3.1899
      vertex -3.52482 1.46003 -2.82957
      vertex -3.25161 1.34686 -3.1899
    endloop
  endfacet
  facet normal -0.597741 0.213866 -0.772636
    outer loop
      vertex -2.94709 1.22072 -3.51952
      vertex -2.77164 1.14805 -3.67537
      vertex -2.82094 1.01026 -3.67537
    endloop
  endfacet
  facet normal -0.639605 0.302524 -0.706671
    outer loop
      vertex -2.94709 1.22072 -3.51952
      vertex -3.25161 1.34686 -3.1899
      vertex -2.81324 1.50371 -3.51952
    endloop
  endfacet
  facet normal -0.426355 0.470387 -0.77263
    outer loop
      vertex -2.12132 2.12132 -3.67537
      vertex -2.2556 2.2556 -3.51952
      vertex -2.01289 2.2196 -3.67537
    endloop
  endfacet
  facet normal -0.0931377 0.627979 -0.772637
    outer loop
      vertex -0.312665 3.17454 -3.51952
      vertex -0.294051 2.98555 -3.67537
      vertex -0.438812 2.96408 -3.67537
    endloop
  endfacet
  facet normal -0.699126 0.330663 -0.633944
    outer loop
      vertex -3.25161 1.34686 -3.1899
      vertex -3.52482 1.46003 -2.82957
      vertex -3.36474 1.79849 -2.82957
    endloop
  endfacet
  facet normal -0.509911 0.378188 -0.772635
    outer loop
      vertex -2.40723 1.78426 -3.67537
      vertex -2.46583 2.02365 -3.51952
      vertex -2.31903 1.90318 -3.67537
    endloop
  endfacet
  facet normal -0.50991 0.378189 -0.772636
    outer loop
      vertex -2.46583 2.02365 -3.51952
      vertex -2.40723 1.78426 -3.67537
      vertex -2.65231 1.77222 -3.51952
    endloop
  endfacet
  facet normal -0.615833 0.154263 -0.772627
    outer loop
      vertex -2.9068 0.72723 -3.67537
      vertex -2.94236 0.585271 -3.67537
      vertex -3.12861 0.622319 -3.51952
    endloop
  endfacet
  facet normal -0.772454 0.037966 -0.633935
    outer loop
      vertex -3.50257 0.344973 -3.1899
      vertex -3.81524 0 -2.82957
      vertex -3.79686 0.373958 -2.82957
    endloop
  endfacet
  facet normal -0.427628 0.713432 -0.555112
    outer loop
      vertex -2.11963 3.17225 -2.82957
      vertex -2.26351 3.38758 -2.44199
      vertex -1.79849 3.36474 -2.82957
    endloop
  endfacet
  facet normal -0.355635 0.75192 -0.555103
    outer loop
      vertex -1.79849 3.36474 -2.82957
      vertex -1.92057 3.59313 -2.44199
      vertex -1.55913 3.76408 -2.44199
    endloop
  endfacet
  facet normal -0.550456 0.742195 -0.382289
    outer loop
      vertex -2.72405 3.31927 -2.03089
      vertex -2.83722 3.45716 -1.60023
      vertex -2.4847 3.71861 -1.60023
    endloop
  endfacet
  facet normal -0.51937 0.573034 -0.633945
    outer loop
      vertex -2.23276 2.72062 -3.1899
      vertex -2.69778 2.69778 -2.82957
      vertex -2.42036 2.94922 -2.82957
    endloop
  endfacet
  facet normal -0.0347166 0.706684 -0.706677
    outer loop
      vertex -0.312665 3.17454 -3.51952
      vertex -0.344973 3.50257 -3.1899
      vertex 0 3.1899 -3.51952
    endloop
  endfacet
  facet normal -0.0311723 0.634093 -0.772629
    outer loop
      vertex -0.147883 2.99273 -3.67537
      vertex 0 3.1899 -3.51952
      vertex 0 3 -3.67537
    endloop
  endfacet
  facet normal -0.03115 0.634083 -0.772637
    outer loop
      vertex 0 3.1899 -3.51952
      vertex -0.147883 2.99273 -3.67537
      vertex -0.312665 3.17454 -3.51952
    endloop
  endfacet
  facet normal -0.0311472 0.634084 -0.772636
    outer loop
      vertex -0.294051 2.98555 -3.67537
      vertex -0.312665 3.17454 -3.51952
      vertex -0.147883 2.99273 -3.67537
    endloop
  endfacet
  facet normal -0.326366 0.544536 -0.772635
    outer loop
      vertex -1.41419 2.64576 -3.67537
      vertex -1.53971 2.57053 -3.67537
      vertex -1.50371 2.81324 -3.51952
    endloop
  endfacet
  facet normal -0.11348 0.765007 -0.633945
    outer loop
      vertex -0.686624 3.45189 -3.1899
      vertex -0.744315 3.74193 -2.82957
      vertex -0.344973 3.50257 -3.1899
    endloop
  endfacet
  facet normal -0.140429 0.946681 -0.289957
    outer loop
      vertex -0.872509 4.3864 -1.60023
      vertex -0.898907 4.51911 -1.15416
      vertex -0.438365 4.4508 -1.60023
    endloop
  endfacet
  facet normal -0.355635 0.75192 0.555103
    outer loop
      vertex -1.55913 3.76408 2.44199
      vertex -1.92057 3.59313 2.44199
      vertex -1.79849 3.36474 2.82957
    endloop
  endfacet
  facet normal -0.570112 0.768698 0.289958
    outer loop
      vertex -2.55987 3.83112 1.15416
      vertex -2.83722 3.45716 1.60023
      vertex -2.4847 3.71861 1.60023
    endloop
  endfacet
  facet normal -0.419361 0.88666 -0.19486
    outer loop
      vertex -2.17203 4.06358 -1.15416
      vertex -2.2149 4.14378 -0.696969
      vertex -1.76327 4.25691 -1.15416
    endloop
  endfacet
  facet normal -0.330435 0.923491 -0.194875
    outer loop
      vertex -1.33753 4.40924 -1.15416
      vertex -1.79807 4.34093 -0.696969
      vertex -1.36393 4.49627 -0.696969
    endloop
  endfacet
  facet normal 0.0469477 0.955887 0.28996
    outer loop
      vertex 0.451628 4.58546 1.15416
      vertex 0 4.47233 1.60023
      vertex 0.438365 4.4508 1.60023
    endloop
  endfacet
  facet normal -0.238323 0.951433 0.194877
    outer loop
      vertex -0.916649 4.60831 0.696969
      vertex -1.33753 4.40924 1.15416
      vertex -0.898907 4.51911 1.15416
    endloop
  endfacet
  facet normal 0.242986 0.97003 -0
    outer loop
      vertex 1.37719 4.53999 -0.233071
      vertex 0.925562 4.65312 0.233071
      vertex 1.37719 4.53999 0.233071
    endloop
  endfacet
  facet normal 0.242986 0.97003 0
    outer loop
      vertex 0.925562 4.65312 0.233071
      vertex 1.37719 4.53999 -0.233071
      vertex 0.925562 4.65312 -0.233071
    endloop
  endfacet
  facet normal 0.409189 0.865153 -0.289956
    outer loop
      vertex 2.17203 4.06358 -1.15416
      vertex 1.71149 4.1319 -1.60023
      vertex 1.76327 4.25691 -1.15416
    endloop
  endfacet
  facet normal -0.355633 0.75192 0.555105
    outer loop
      vertex -1.55913 3.76408 2.44199
      vertex -1.79849 3.36474 2.82957
      vertex -1.46003 3.52482 2.82957
    endloop
  endfacet
  facet normal -0.330435 0.923491 0.194875
    outer loop
      vertex -1.36393 4.49627 0.696969
      vertex -1.79807 4.34093 0.696969
      vertex -1.33753 4.40924 1.15416
    endloop
  endfacet
  facet normal -0.131167 -0.14472 0.98074
    outer loop
      vertex -0.492831 -0.492831 4.69859
      vertex -0.732188 -0.892174 4.60765
      vertex -0.442152 -0.538764 4.69859
    endloop
  endfacet
  facet normal -0.215334 0.195167 0.956839
    outer loop
      vertex -0.816111 0.816111 4.60765
      vertex -1.23699 1.01517 4.47233
      vertex -0.892174 0.732188 4.60765
    endloop
  endfacet
  facet normal 0.202119 0.806845 0.555112
    outer loop
      vertex 0.794839 3.99593 2.44199
      vertex 0.744315 3.74193 2.82957
      vertex 1.1075 3.65095 2.82957
    endloop
  endfacet
  facet normal -0.395083 0.835316 0.382304
    outer loop
      vertex -1.64322 3.96709 2.03089
      vertex -2.10824 3.94425 1.60023
      vertex -2.02415 3.78692 2.03089
    endloop
  endfacet
  facet normal 0.765018 -0.113465 0.633935
    outer loop
      vertex 3.79686 -0.373958 2.82957
      vertex 3.50257 -0.344973 3.1899
      vertex 3.74193 -0.744315 2.82957
    endloop
  endfacet
  facet normal 0.830771 -0.0408323 0.555114
    outer loop
      vertex 3.81524 0 2.82957
      vertex 3.79686 -0.373958 2.82957
      vertex 4.05459 -0.399342 2.44199
    endloop
  endfacet
  facet normal 0.946709 0.140479 0.289842
    outer loop
      vertex 4.51911 0.898907 1.15416
      vertex 4.53405 0.777798 1.16406
      vertex 4.5351 0.791148 1.15416
    endloop
  endfacet
  facet normal 0.946609 0.140493 0.29016
    outer loop
      vertex 4.51911 0.898907 1.15416
      vertex 4.52989 0.659955 1.23469
      vertex 4.53405 0.777798 1.16406
    endloop
  endfacet
  facet normal 0.946682 0.140427 0.289955
    outer loop
      vertex 4.4508 0.438365 1.60023
      vertex 4.52989 0.659955 1.23469
      vertex 4.51911 0.898907 1.15416
    endloop
  endfacet
  facet normal 0.946678 0.140453 0.289956
    outer loop
      vertex 4.53032 0.535756 1.29343
      vertex 4.4508 0.438365 1.60023
      vertex 4.53378 0.446538 1.32535
    endloop
  endfacet
  facet normal 0.946688 0.140407 0.289945
    outer loop
      vertex 4.52989 0.659955 1.23469
      vertex 4.4508 0.438365 1.60023
      vertex 4.53032 0.535756 1.29343
    endloop
  endfacet
  facet normal 0.772454 -0.037966 0.633935
    outer loop
      vertex 3.81524 0 2.82957
      vertex 3.50257 -0.344973 3.1899
      vertex 3.79686 -0.373958 2.82957
    endloop
  endfacet
  facet normal 0.872614 0.129439 0.470946
    outer loop
      vertex 4.21144 0.837708 2.03089
      vertex 3.99593 0.794839 2.44199
      vertex 4.27327 0.42088 2.03089
    endloop
  endfacet
  facet normal 0.928358 0.232543 0.289957
    outer loop
      vertex 4.40924 1.33753 1.15416
      vertex 4.3864 0.872509 1.60023
      vertex 4.51911 0.898907 1.15416
    endloop
  endfacet
  facet normal 0.941546 -0.336885 1.0782e-05
    outer loop
      vertex 4.53424 -1.39326 0.137223
      vertex 4.38314 -1.81556 0.233071
      vertex 4.53183 -1.4 0
    endloop
  endfacet
  facet normal 0.941544 -0.336891 -1.94657e-05
    outer loop
      vertex 4.38314 -1.81556 0.233071
      vertex 4.53424 -1.39326 0.137223
      vertex 4.53933 -1.37904 0.233071
    endloop
  endfacet
  facet normal 0.941544 -0.33689 0
    outer loop
      vertex 4.38314 -1.81556 -0.233071
      vertex 4.53183 -1.4 0
      vertex 4.38314 -1.81556 0.233071
    endloop
  endfacet
  facet normal 0.941546 -0.336885 -1.0782e-05
    outer loop
      vertex 4.53183 -1.4 0
      vertex 4.38314 -1.81556 -0.233071
      vertex 4.53424 -1.39326 -0.137223
    endloop
  endfacet
  facet normal 0.941544 -0.336891 1.94657e-05
    outer loop
      vertex 4.53424 -1.39326 -0.137223
      vertex 4.38314 -1.81556 -0.233071
      vertex 4.53933 -1.37904 -0.233071
    endloop
  endfacet
  facet normal 0.946681 -0.140429 0.289957
    outer loop
      vertex 4.4508 -0.438365 1.60023
      vertex 4.3864 -0.872509 1.60023
      vertex 4.51911 -0.898907 1.15416
    endloop
  endfacet
  facet normal 0.822773 -0.122034 0.555114
    outer loop
      vertex 4.05459 -0.399342 2.44199
      vertex 3.79686 -0.373958 2.82957
      vertex 3.99593 -0.794839 2.44199
    endloop
  endfacet
  facet normal 0.928358 -0.232543 0.289957
    outer loop
      vertex 4.51911 -0.898907 1.15416
      vertex 4.3864 -0.872509 1.60023
      vertex 4.40924 -1.33753 1.15416
    endloop
  endfacet
  facet normal 0.709123 -0.642702 0.289963
    outer loop
      vertex 3.45716 -2.83722 1.60023
      vertex 3.16242 -3.16242 1.60023
      vertex 3.56176 -2.92306 1.15416
    endloop
  endfacet
  facet normal 0.708554 -0.525502 0.470956
    outer loop
      vertex 3.57029 -2.38559 2.03089
      vertex 3.14941 -2.58465 2.44199
      vertex 3.31927 -2.72405 2.03089
    endloop
  endfacet
  facet normal 0.708556 -0.525493 0.470962
    outer loop
      vertex 3.38758 -2.26351 2.44199
      vertex 3.14941 -2.58465 2.44199
      vertex 3.57029 -2.38559 2.03089
    endloop
  endfacet
  facet normal 0.84129 -0.504242 0.194862
    outer loop
      vertex 4.14378 -2.2149 0.696969
      vertex 3.83112 -2.55987 1.15416
      vertex 3.90673 -2.6104 0.696969
    endloop
  endfacet
  facet normal 0.7687 -0.570107 0.289963
    outer loop
      vertex 3.83112 -2.55987 1.15416
      vertex 3.45716 -2.83722 1.60023
      vertex 3.56176 -2.92306 1.15416
    endloop
  endfacet
  facet normal 0.768698 -0.570112 0.289958
    outer loop
      vertex 3.71861 -2.4847 1.60023
      vertex 3.45716 -2.83722 1.60023
      vertex 3.83112 -2.55987 1.15416
    endloop
  endfacet
  facet normal 0.713443 -0.42762 0.555104
    outer loop
      vertex 3.59313 -1.92057 2.44199
      vertex 3.36474 -1.79849 2.82957
      vertex 3.38758 -2.26351 2.44199
    endloop
  endfacet
  facet normal 0.79746 -0.377174 0.470953
    outer loop
      vertex 3.76408 -1.55913 2.44199
      vertex 3.59313 -1.92057 2.44199
      vertex 3.96709 -1.64322 2.03089
    endloop
  endfacet
  facet normal 0.75192 -0.355635 0.555103
    outer loop
      vertex 3.76408 -1.55913 2.44199
      vertex 3.36474 -1.79849 2.82957
      vertex 3.59313 -1.92057 2.44199
    endloop
  endfacet
  facet normal 0.870023 -0.3113 0.382299
    outer loop
      vertex 4.27976 -1.29825 1.60023
      vertex 4.10905 -1.24647 2.03089
      vertex 4.1319 -1.71149 1.60023
    endloop
  endfacet
  facet normal 0.419361 -0.88666 0.19486
    outer loop
      vertex 2.17203 -4.06358 1.15416
      vertex 1.76327 -4.25691 1.15416
      vertex 2.2149 -4.14378 0.696969
    endloop
  endfacet
  facet normal 0.0347166 -0.706684 0.706677
    outer loop
      vertex 0.312665 -3.17454 3.51952
      vertex 0 -3.1899 3.51952
      vertex 0.344973 -3.50257 3.1899
    endloop
  endfacet
  facet normal 0.409189 -0.865153 0.289956
    outer loop
      vertex 2.10824 -3.94425 1.60023
      vertex 1.71149 -4.1319 1.60023
      vertex 2.17203 -4.06358 1.15416
    endloop
  endfacet
  facet normal 0.297191 -0.83059 0.470953
    outer loop
      vertex 1.55913 -3.76408 2.44199
      vertex 1.24647 -4.10905 2.03089
      vertex 1.64322 -3.96709 2.03089
    endloop
  endfacet
  facet normal 0.330657 -0.699133 0.633939
    outer loop
      vertex 1.65909 -3.10394 3.1899
      vertex 1.34686 -3.25161 3.1899
      vertex 1.79849 -3.36474 2.82957
    endloop
  endfacet
  facet normal 0.0432927 -0.881094 0.470956
    outer loop
      vertex 0.399342 -4.05459 2.44199
      vertex 0 -4.29395 2.03089
      vertex 0.42088 -4.27327 2.03089
    endloop
  endfacet
  facet normal 0.135584 -0.91404 0.382294
    outer loop
      vertex 0.837708 -4.21144 2.03089
      vertex 0.42088 -4.27327 2.03089
      vertex 0.872509 -4.3864 1.60023
    endloop
  endfacet
  facet normal 0.140429 -0.946681 0.289957
    outer loop
      vertex 0.872509 -4.3864 1.60023
      vertex 0.438365 -4.4508 1.60023
      vertex 0.898907 -4.51911 1.15416
    endloop
  endfacet
  facet normal 0.146015 -0.984426 0.0979002
    outer loop
      vertex 0.925562 -4.65312 0.233071
      vertex 0.460542 -4.67596 0.696969
      vertex 0.46502 -4.72143 0.233071
    endloop
  endfacet
  facet normal -0.0490785 -0.998795 0
    outer loop
      vertex -0.46502 -4.72143 -0.233071
      vertex 0 -4.74428 0.233071
      vertex -0.46502 -4.72143 0.233071
    endloop
  endfacet
  facet normal -0.0490785 -0.998795 -0
    outer loop
      vertex 0 -4.74428 0.233071
      vertex -0.46502 -4.72143 -0.233071
      vertex 0 -4.74428 -0.233071
    endloop
  endfacet
  facet normal 0.621181 -0.460702 0.633946
    outer loop
      vertex 2.92637 -1.95534 3.1899
      vertex 2.72062 -2.23276 3.1899
      vertex 2.94922 -2.42036 2.82957
    endloop
  endfacet
  facet normal 0.475162 -0.524246 0.706673
    outer loop
      vertex 2.48867 -2.48867 3.1899
      vertex 2.02365 -2.46583 3.51952
      vertex 2.23276 -2.72062 3.1899
    endloop
  endfacet
  facet normal 0.668094 -0.495485 0.555108
    outer loop
      vertex 3.38758 -2.26351 2.44199
      vertex 2.94922 -2.42036 2.82957
      vertex 3.14941 -2.58465 2.44199
    endloop
  endfacet
  facet normal 0.616306 -0.558589 0.555108
    outer loop
      vertex 2.94922 -2.42036 2.82957
      vertex 2.69778 -2.69778 2.82957
      vertex 3.14941 -2.58465 2.44199
    endloop
  endfacet
  facet normal 0.806842 -0.202105 0.555121
    outer loop
      vertex 3.99593 -0.794839 2.44199
      vertex 3.65095 -1.1075 2.82957
      vertex 3.89878 -1.18268 2.44199
    endloop
  endfacet
  facet normal 0.523523 -0.187333 0.831162
    outer loop
      vertex 2.33684 -0.708871 4.07421
      vertex 2.2561 -0.934508 4.07421
      vertex 2.70773 -0.821381 3.81524
    endloop
  endfacet
  facet normal 0.502637 -0.237731 0.831167
    outer loop
      vertex 2.2561 -0.934508 4.07421
      vertex 2.15364 -1.15114 4.07421
      vertex 2.49546 -1.33385 3.81524
    endloop
  endfacet
  facet normal 0.404715 -0.242573 0.881683
    outer loop
      vertex 1.79108 -0.957353 4.29395
      vertex 1.68862 -1.1283 4.29395
      vertex 2.15364 -1.15114 4.07421
    endloop
  endfacet
  facet normal 0.242562 -0.404717 0.881685
    outer loop
      vertex 1.3567 -2.03044 4.07421
      vertex 1.1283 -1.68862 4.29395
      vertex 1.15114 -2.15364 4.07421
    endloop
  endfacet
  facet normal 0.326365 -0.544537 0.772635
    outer loop
      vertex 1.57203 -2.3527 3.81524
      vertex 1.50371 -2.81324 3.51952
      vertex 1.77222 -2.65231 3.51952
    endloop
  endfacet
  facet normal 0.42762 -0.713443 0.555104
    outer loop
      vertex 2.26351 -3.38758 2.44199
      vertex 1.79849 -3.36474 2.82957
      vertex 1.92057 -3.59313 2.44199
    endloop
  endfacet
  facet normal 0.460702 -0.621181 0.633946
    outer loop
      vertex 2.23276 -2.72062 3.1899
      vertex 1.95534 -2.92637 3.1899
      vertex 2.42036 -2.94922 2.82957
    endloop
  endfacet
  facet normal 0.363752 -0.606867 0.70668
    outer loop
      vertex 1.95534 -2.92637 3.1899
      vertex 1.50371 -2.81324 3.51952
      vertex 1.65909 -3.10394 3.1899
    endloop
  endfacet
  facet normal 0.378179 -0.509917 0.772636
    outer loop
      vertex 1.79506 -2.18729 3.81524
      vertex 1.57203 -2.3527 3.81524
      vertex 1.77222 -2.65231 3.51952
    endloop
  endfacet
  facet normal 0.377174 -0.79746 0.470953
    outer loop
      vertex 1.92057 -3.59313 2.44199
      vertex 1.55913 -3.76408 2.44199
      vertex 1.64322 -3.96709 2.03089
    endloop
  endfacet
  facet normal 0.558589 -0.616306 0.555108
    outer loop
      vertex 2.69778 -2.69778 2.82957
      vertex 2.42036 -2.94922 2.82957
      vertex 2.58465 -3.14941 2.44199
    endloop
  endfacet
  facet normal 0.558595 -0.616304 0.555105
    outer loop
      vertex 2.69778 -2.69778 2.82957
      vertex 2.58465 -3.14941 2.44199
      vertex 2.8809 -2.8809 2.44199
    endloop
  endfacet
  facet normal 0.453517 -0.756648 0.470962
    outer loop
      vertex 2.26351 -3.38758 2.44199
      vertex 1.92057 -3.59313 2.44199
      vertex 2.38559 -3.57029 2.03089
    endloop
  endfacet
  facet normal 0.573034 -0.51937 0.633945
    outer loop
      vertex 2.72062 -2.23276 3.1899
      vertex 2.69778 -2.69778 2.82957
      vertex 2.94922 -2.42036 2.82957
    endloop
  endfacet
  facet normal 0.519374 -0.573024 0.633951
    outer loop
      vertex 2.48867 -2.48867 3.1899
      vertex 2.23276 -2.72062 3.1899
      vertex 2.69778 -2.69778 2.82957
    endloop
  endfacet
  facet normal 0.0951929 0.0238459 0.995173
    outer loop
      vertex 0.666958 0.202319 4.69859
      vertex 0.228593 0.0454693 4.74428
      vertex 0.683578 0.135972 4.69859
    endloop
  endfacet
  facet normal -0.0841715 0.0504523 0.995173
    outer loop
      vertex -0.193791 0.129487 4.74428
      vertex -0.579509 0.387216 4.69859
      vertex -0.20555 0.109869 4.74428
    endloop
  endfacet
  facet normal 0.466735 0.0692485 0.881682
    outer loop
      vertex 2.43023 0.239356 4.07421
      vertex 1.99186 0.396206 4.29395
      vertex 2.02111 0.199061 4.29395
    endloop
  endfacet
  facet normal 0.699879 -0.103811 0.706678
    outer loop
      vertex 3.17454 -0.312665 3.51952
      vertex 3.12861 -0.622319 3.51952
      vertex 3.50257 -0.344973 3.1899
    endloop
  endfacet
  facet normal 0.555354 -0.0272725 0.831167
    outer loop
      vertex 2.82957 0 3.81524
      vertex 2.43023 -0.239356 4.07421
      vertex 2.81595 -0.277346 3.81524
    endloop
  endfacet
  facet normal 0.378918 0.0562192 0.923721
    outer loop
      vertex 1.99186 0.396206 4.29395
      vertex 1.59252 0.156849 4.47233
      vertex 2.02111 0.199061 4.29395
    endloop
  endfacet
  facet normal 0.290267 0.0142682 0.956839
    outer loop
      vertex 1.59252 0.156849 4.47233
      vertex 1.15416 0 4.60765
      vertex 1.60023 0 4.47233
    endloop
  endfacet
  facet normal 0.37159 -0.0930853 0.923719
    outer loop
      vertex 1.56948 -0.312188 4.47233
      vertex 1.53132 -0.46452 4.47233
      vertex 1.99186 -0.396206 4.29395
    endloop
  endfacet
  facet normal 0.328568 -0.196933 0.923721
    outer loop
      vertex 1.79108 -0.957353 4.29395
      vertex 1.41127 -0.754341 4.47233
      vertex 1.68862 -1.1283 4.29395
    endloop
  endfacet
  facet normal 0.404717 -0.242562 0.881685
    outer loop
      vertex 2.15364 -1.15114 4.07421
      vertex 1.68862 -1.1283 4.29395
      vertex 2.03044 -1.3567 4.07421
    endloop
  endfacet
  facet normal 0.476916 0.285853 0.831168
    outer loop
      vertex 2.3527 1.57203 3.81524
      vertex 2.15364 1.15114 4.07421
      vertex 2.49546 1.33385 3.81524
    endloop
  endfacet
  facet normal 0.249274 0.149401 0.95684
    outer loop
      vertex 1.33054 0.889038 4.47233
      vertex 0.959645 0.641214 4.60765
      vertex 1.41127 0.754341 4.47233
    endloop
  endfacet
  facet normal 0.326383 0.544535 0.772629
    outer loop
      vertex 1.50371 2.81324 3.51952
      vertex 1.33385 2.49546 3.81524
      vertex 1.57203 2.3527 3.81524
    endloop
  endfacet
  facet normal 0.283823 0.25726 0.923722
    outer loop
      vertex 1.43605 1.43605 4.29395
      vertex 1.23699 1.01517 4.47233
      vertex 1.5699 1.28838 4.29395
    endloop
  endfacet
  facet normal 0.699133 0.330657 0.633939
    outer loop
      vertex 3.36474 1.79849 2.82957
      vertex 3.10394 1.65909 3.1899
      vertex 3.25161 1.34686 3.1899
    endloop
  endfacet
  facet normal 0.639605 0.302503 0.706681
    outer loop
      vertex 3.10394 1.65909 3.1899
      vertex 2.81324 1.50371 3.51952
      vertex 3.25161 1.34686 3.1899
    endloop
  endfacet
  facet normal 0.378179 0.509917 0.772636
    outer loop
      vertex 1.77222 2.65231 3.51952
      vertex 1.57203 2.3527 3.81524
      vertex 1.79506 2.18729 3.81524
    endloop
  endfacet
  facet normal 0.606891 0.363737 0.706668
    outer loop
      vertex 2.92637 1.95534 3.1899
      vertex 2.65231 1.77222 3.51952
      vertex 2.81324 1.50371 3.51952
    endloop
  endfacet
  facet normal 0.634092 0.0311504 0.77263
    outer loop
      vertex 3.17454 0.312665 3.51952
      vertex 2.82957 0 3.81524
      vertex 3.1899 0 3.51952
    endloop
  endfacet
  facet normal 0.706684 -0.0347166 0.706677
    outer loop
      vertex 3.1899 0 3.51952
      vertex 3.17454 -0.312665 3.51952
      vertex 3.50257 -0.344973 3.1899
    endloop
  endfacet
  facet normal 0.502637 0.237731 0.831167
    outer loop
      vertex 2.49546 1.33385 3.81524
      vertex 2.15364 1.15114 4.07421
      vertex 2.2561 0.934508 4.07421
    endloop
  endfacet
  facet normal 0.573024 0.519374 0.633951
    outer loop
      vertex 2.69778 2.69778 2.82957
      vertex 2.48867 2.48867 3.1899
      vertex 2.72062 2.23276 3.1899
    endloop
  endfacet
  facet normal 0.525502 0.708554 0.470956
    outer loop
      vertex 2.72405 3.31927 2.03089
      vertex 2.38559 3.57029 2.03089
      vertex 2.58465 3.14941 2.44199
    endloop
  endfacet
  facet normal 0.495485 0.668094 0.555108
    outer loop
      vertex 2.58465 3.14941 2.44199
      vertex 2.26351 3.38758 2.44199
      vertex 2.42036 2.94922 2.82957
    endloop
  endfacet
  facet normal 0.453507 0.756662 0.47095
    outer loop
      vertex 2.02415 3.78692 2.03089
      vertex 1.92057 3.59313 2.44199
      vertex 2.38559 3.57029 2.03089
    endloop
  endfacet
  facet normal 0.558589 0.616306 0.555108
    outer loop
      vertex 2.58465 3.14941 2.44199
      vertex 2.42036 2.94922 2.82957
      vertex 2.69778 2.69778 2.82957
    endloop
  endfacet
  facet normal 0.460695 0.621194 0.633938
    outer loop
      vertex 2.11963 3.17225 2.82957
      vertex 1.95534 2.92637 3.1899
      vertex 2.42036 2.94922 2.82957
    endloop
  endfacet
  facet normal 0.42762 0.713443 0.555104
    outer loop
      vertex 1.92057 3.59313 2.44199
      vertex 1.79849 3.36474 2.82957
      vertex 2.26351 3.38758 2.44199
    endloop
  endfacet
  facet normal 0.242562 0.404717 0.881685
    outer loop
      vertex 1.15114 2.15364 4.07421
      vertex 1.1283 1.68862 4.29395
      vertex 1.3567 2.03044 4.07421
    endloop
  endfacet
  facet normal 0.0658018 0.183898 0.98074
    outer loop
      vertex 0.441676 1.0663 4.60765
      vertex 0.202319 0.666958 4.69859
      vertex 0.266718 0.643915 4.69859
    endloop
  endfacet
  facet normal -0.0142682 0.290267 0.956839
    outer loop
      vertex 0 1.60023 4.47233
      vertex -0.156849 1.59252 4.47233
      vertex 0 1.15416 4.60765
    endloop
  endfacet
  facet normal -0.187931 0.750206 0.633934
    outer loop
      vertex -0.744315 3.74193 2.82957
      vertex -1.1075 3.65095 2.82957
      vertex -1.02166 3.36797 3.1899
    endloop
  endfacet
  facet normal 0.281083 0.378978 0.881685
    outer loop
      vertex 1.3567 2.03044 4.07421
      vertex 1.1283 1.68862 4.29395
      vertex 1.54918 1.88768 4.07421
    endloop
  endfacet
  facet normal -0.285843 0.476931 0.831163
    outer loop
      vertex -1.15114 2.15364 4.07421
      vertex -1.57203 2.3527 3.81524
      vertex -1.3567 2.03044 4.07421
    endloop
  endfacet
  facet normal 0.143903 0.970214 0.194877
    outer loop
      vertex 0.916649 4.60831 0.696969
      vertex 0.460542 4.67596 0.696969
      vertex 0.898907 4.51911 1.15416
    endloop
  endfacet
  facet normal 0.232537 0.928362 0.289951
    outer loop
      vertex 1.33753 4.40924 1.15416
      vertex 0.872509 4.3864 1.60023
      vertex 1.29825 4.27976 1.60023
    endloop
  endfacet
  facet normal 0.238323 0.951433 -0.194877
    outer loop
      vertex 1.33753 4.40924 -1.15416
      vertex 0.898907 4.51911 -1.15416
      vertex 0.916649 4.60831 -0.696969
    endloop
  endfacet
  facet normal 0.0481335 0.97965 -0.194858
    outer loop
      vertex 0.451628 4.58546 -1.15416
      vertex 0 4.60765 -1.15416
      vertex 0.460542 4.67596 -0.696969
    endloop
  endfacet
  facet normal 0.335276 0.93702 -0.0978999
    outer loop
      vertex 1.79807 4.34093 -0.696969
      vertex 1.36393 4.49627 -0.696969
      vertex 1.81556 4.38314 -0.233071
    endloop
  endfacet
  facet normal 0.335269 0.937023 -0.0978929
    outer loop
      vertex 1.81556 4.38314 -0.233071
      vertex 1.36393 4.49627 -0.696969
      vertex 1.37719 4.53999 -0.233071
    endloop
  endfacet
  facet normal 0.573893 0.271443 0.772636
    outer loop
      vertex 2.81324 1.50371 3.51952
      vertex 2.61418 1.08283 3.81524
      vertex 2.94709 1.22072 3.51952
    endloop
  endfacet
  facet normal 0.615827 0.154255 0.772633
    outer loop
      vertex 3.12861 0.622319 3.51952
      vertex 2.70773 0.821381 3.81524
      vertex 2.7752 0.552022 3.81524
    endloop
  endfacet
  facet normal 0.783145 0.280222 0.555121
    outer loop
      vertex 3.76408 1.55913 2.44199
      vertex 3.65095 1.1075 2.82957
      vertex 3.89878 1.18268 2.44199
    endloop
  endfacet
  facet normal 0.928362 0.232537 0.289951
    outer loop
      vertex 4.40924 1.33753 1.15416
      vertex 4.27976 1.29825 1.60023
      vertex 4.3864 0.872509 1.60023
    endloop
  endfacet
  facet normal 0.425508 0.899643 0.097901
    outer loop
      vertex 1.81556 4.38314 0.233071
      vertex 1.79807 4.34093 0.696969
      vertex 2.2149 4.14378 0.696969
    endloop
  endfacet
  facet normal 0.335276 0.93702 0.0978999
    outer loop
      vertex 1.81556 4.38314 0.233071
      vertex 1.36393 4.49627 0.696969
      vertex 1.79807 4.34093 0.696969
    endloop
  endfacet
  facet normal 0.397606 0.663348 0.633939
    outer loop
      vertex 1.79849 3.36474 2.82957
      vertex 1.65909 3.10394 3.1899
      vertex 1.95534 2.92637 3.1899
    endloop
  endfacet
  facet normal 0.297199 0.830591 0.470948
    outer loop
      vertex 1.24647 4.10905 2.03089
      vertex 1.18268 3.89878 2.44199
      vertex 1.55913 3.76408 2.44199
    endloop
  endfacet
  facet normal 0.280222 0.783145 0.555121
    outer loop
      vertex 1.18268 3.89878 2.44199
      vertex 1.1075 3.65095 2.82957
      vertex 1.55913 3.76408 2.44199
    endloop
  endfacet
  facet normal 0.171914 0.686337 0.706674
    outer loop
      vertex 0.686624 3.45189 3.1899
      vertex 0.622319 3.12861 3.51952
      vertex 1.02166 3.36797 3.1899
    endloop
  endfacet
  facet normal 0.297191 0.83059 0.470953
    outer loop
      vertex 1.64322 3.96709 2.03089
      vertex 1.24647 4.10905 2.03089
      vertex 1.55913 3.76408 2.44199
    endloop
  endfacet
  facet normal -0.0488428 0.993997 0.0979002
    outer loop
      vertex 0 4.74428 0.233071
      vertex -0.460542 4.67596 0.696969
      vertex 0 4.69859 0.696969
    endloop
  endfacet
  facet normal 0.870023 -0.3113 -0.382299
    outer loop
      vertex 4.1319 -1.71149 -1.60023
      vertex 3.96709 -1.64322 -2.03089
      vertex 4.10905 -1.24647 -2.03089
    endloop
  endfacet
  facet normal 0.901096 -0.322418 -0.289951
    outer loop
      vertex 4.40924 -1.33753 -1.15416
      vertex 4.1319 -1.71149 -1.60023
      vertex 4.27976 -1.29825 -1.60023
    endloop
  endfacet
  facet normal 0.881092 -0.0432888 -0.470959
    outer loop
      vertex 4.29395 0 -2.03089
      vertex 4.05459 -0.399342 -2.44199
      vertex 4.07421 0 -2.44199
    endloop
  endfacet
  facet normal 0.855724 -0.21435 -0.470947
    outer loop
      vertex 4.10905 -1.24647 -2.03089
      vertex 3.89878 -1.18268 -2.44199
      vertex 3.99593 -0.794839 -2.44199
    endloop
  endfacet
  facet normal 0.970195 0.143964 -0.194928
    outer loop
      vertex 4.5351 0.791148 -1.15416
      vertex 4.51911 0.898907 -1.15416
      vertex 4.53514 0.854124 -1.10745
    endloop
  endfacet
  facet normal 0.923491 0.330435 0.194875
    outer loop
      vertex 4.49627 1.36393 0.696969
      vertex 4.34093 1.79807 0.696969
      vertex 4.40924 1.33753 1.15416
    endloop
  endfacet
  facet normal 0.853603 0.51164 0.0979114
    outer loop
      vertex 4.18408 2.23644 0.233071
      vertex 3.94472 2.63578 0.233071
      vertex 4.14378 2.2149 0.696969
    endloop
  endfacet
  facet normal 0.853612 0.511628 0.0978962
    outer loop
      vertex 3.94472 2.63578 0.233071
      vertex 3.90673 2.6104 0.696969
      vertex 4.14378 2.2149 0.696969
    endloop
  endfacet
  facet normal 0.96606 0.23905 0.0978933
    outer loop
      vertex 4.49627 1.36393 0.696969
      vertex 4.53695 1.3731 0.273126
      vertex 4.53854 1.37675 0.248522
    endloop
  endfacet
  facet normal 0.965356 0.241882 0.097887
    outer loop
      vertex 4.49627 1.36393 0.696969
      vertex 4.5318 1.33972 0.406398
      vertex 4.53695 1.3731 0.273126
    endloop
  endfacet
  facet normal 0.965362 0.241856 0.0978899
    outer loop
      vertex 4.49627 1.36393 0.696969
      vertex 4.53028 1.29343 0.535756
      vertex 4.5318 1.33972 0.406398
    endloop
  endfacet
  facet normal 0.965382 0.241756 0.0979378
    outer loop
      vertex 4.49627 1.36393 0.696969
      vertex 4.53239 1.23469 0.659955
      vertex 4.53028 1.29343 0.535756
    endloop
  endfacet
  facet normal 0.965387 0.241809 0.0977573
    outer loop
      vertex 4.53239 1.23469 0.659955
      vertex 4.49627 1.36393 0.696969
      vertex 4.5342 1.2125 0.696969
    endloop
  endfacet
  facet normal 0.896348 0.224518 0.382299
    outer loop
      vertex 4.27976 1.29825 1.60023
      vertex 4.10905 1.24647 2.03089
      vertex 4.3864 0.872509 1.60023
    endloop
  endfacet
  facet normal 0.901096 0.322418 0.289951
    outer loop
      vertex 4.40924 1.33753 1.15416
      vertex 4.1319 1.71149 1.60023
      vertex 4.27976 1.29825 1.60023
    endloop
  endfacet
  facet normal 0.951433 0.238325 0.194875
    outer loop
      vertex 4.52978 1.16406 0.777798
      vertex 4.49627 1.36393 0.696969
      vertex 4.40924 1.33753 1.15416
    endloop
  endfacet
  facet normal 0.951441 0.238316 0.194848
    outer loop
      vertex 4.49627 1.36393 0.696969
      vertex 4.52978 1.16406 0.777798
      vertex 4.5342 1.2125 0.696969
    endloop
  endfacet
  facet normal 0.951431 0.238336 0.194869
    outer loop
      vertex 4.52978 1.16406 0.777798
      vertex 4.40924 1.33753 1.15416
      vertex 4.5278 1.08687 0.881873
    endloop
  endfacet
  facet normal 0.95144 0.238183 0.195014
    outer loop
      vertex 4.40924 1.33753 1.15416
      vertex 4.52768 1.08221 0.88815
      vertex 4.5278 1.08687 0.881873
    endloop
  endfacet
  facet normal 0.951433 0.238326 0.194874
    outer loop
      vertex 4.40924 1.33753 1.15416
      vertex 4.52994 0.989949 0.989949
      vertex 4.52768 1.08221 0.88815
    endloop
  endfacet
  facet normal 0.951433 0.238323 0.19488
    outer loop
      vertex 4.51911 0.898907 1.15416
      vertex 4.52994 0.989949 0.989949
      vertex 4.40924 1.33753 1.15416
    endloop
  endfacet
  facet normal 0.951432 0.238325 0.194881
    outer loop
      vertex 4.52994 0.989949 0.989949
      vertex 4.51911 0.898907 1.15416
      vertex 4.53563 0.902192 1.06949
    endloop
  endfacet
  facet normal 0.642702 0.709123 -0.289963
    outer loop
      vertex 3.16242 3.16242 -1.60023
      vertex 2.83722 3.45716 -1.60023
      vertex 2.92306 3.56176 -1.15416
    endloop
  endfacet
  facet normal 0.668341 0.737383 -0.0979072
    outer loop
      vertex 3.3224 3.3224 -0.696969
      vertex 3.00974 3.66738 -0.233071
      vertex 3.35471 3.35471 -0.233071
    endloop
  endfacet
  facet normal 0.668094 0.495485 -0.555108
    outer loop
      vertex 3.38758 2.26351 -2.44199
      vertex 2.94922 2.42036 -2.82957
      vertex 3.14941 2.58465 -2.44199
    endloop
  endfacet
  facet normal 0.653628 0.592424 -0.47096
    outer loop
      vertex 3.14941 2.58465 -2.44199
      vertex 2.8809 2.8809 -2.44199
      vertex 3.03628 3.03628 -2.03089
    endloop
  endfacet
  facet normal 0.899647 0.425498 -0.0979116
    outer loop
      vertex 4.38314 1.81556 -0.233071
      vertex 4.14378 2.2149 -0.696969
      vertex 4.18408 2.23644 -0.233071
    endloop
  endfacet
  facet normal 0.792586 0.475038 -0.382291
    outer loop
      vertex 3.78692 2.02415 -2.03089
      vertex 3.57029 2.38559 -2.03089
      vertex 3.71861 2.4847 -1.60023
    endloop
  endfacet
  facet normal 0.841289 0.504244 -0.19486
    outer loop
      vertex 4.06358 2.17203 -1.15416
      vertex 3.83112 2.55987 -1.15416
      vertex 4.14378 2.2149 -0.696969
    endloop
  endfacet
  facet normal 0.951441 0.238316 -0.194848
    outer loop
      vertex 4.52978 1.16406 -0.777798
      vertex 4.49627 1.36393 -0.696969
      vertex 4.5342 1.2125 -0.696969
    endloop
  endfacet
  facet normal 0.951433 0.238325 -0.194875
    outer loop
      vertex 4.49627 1.36393 -0.696969
      vertex 4.52978 1.16406 -0.777798
      vertex 4.40924 1.33753 -1.15416
    endloop
  endfacet
  facet normal 0.951431 0.238336 -0.194869
    outer loop
      vertex 4.40924 1.33753 -1.15416
      vertex 4.52978 1.16406 -0.777798
      vertex 4.5278 1.08687 -0.881873
    endloop
  endfacet
  facet normal 0.95144 0.238183 -0.195014
    outer loop
      vertex 4.52768 1.08221 -0.88815
      vertex 4.40924 1.33753 -1.15416
      vertex 4.5278 1.08687 -0.881873
    endloop
  endfacet
  facet normal 0.951433 0.238326 -0.194874
    outer loop
      vertex 4.52994 0.989949 -0.989949
      vertex 4.40924 1.33753 -1.15416
      vertex 4.52768 1.08221 -0.88815
    endloop
  endfacet
  facet normal 0.951432 0.238325 -0.194881
    outer loop
      vertex 4.51911 0.898907 -1.15416
      vertex 4.52994 0.989949 -0.989949
      vertex 4.53563 0.902192 -1.06949
    endloop
  endfacet
  facet normal 0.951433 0.238323 -0.19488
    outer loop
      vertex 4.52994 0.989949 -0.989949
      vertex 4.51911 0.898907 -1.15416
      vertex 4.40924 1.33753 -1.15416
    endloop
  endfacet
  facet normal 0.666181 0.238367 -0.706671
    outer loop
      vertex 3.36797 1.02166 -3.1899
      vertex 2.94709 1.22072 -3.51952
      vertex 3.25161 1.34686 -3.1899
    endloop
  endfacet
  facet normal 0.830591 0.297199 -0.470948
    outer loop
      vertex 3.89878 1.18268 -2.44199
      vertex 3.76408 1.55913 -2.44199
      vertex 4.10905 1.24647 -2.03089
    endloop
  endfacet
  facet normal 0.955886 -0.0469126 -0.289969
    outer loop
      vertex 4.52838 -0.137223 -1.39326
      vertex 4.47233 0 -1.60023
      vertex 4.53307 0 -1.4
    endloop
  endfacet
  facet normal 0.955844 -0.0470921 -0.290077
    outer loop
      vertex 4.47233 0 -1.60023
      vertex 4.52838 -0.137223 -1.39326
      vertex 4.52802 -0.222328 -1.38063
    endloop
  endfacet
  facet normal 0.509913 0.378172 -0.772641
    outer loop
      vertex 2.49441 1.66671 -3.67537
      vertex 2.40723 1.78426 -3.67537
      vertex 2.65231 1.77222 -3.51952
    endloop
  endfacet
  facet normal 0.470405 0.426327 -0.772635
    outer loop
      vertex 2.2196 2.01289 -3.67537
      vertex 2.46583 2.02365 -3.51952
      vertex 2.31903 1.90318 -3.67537
    endloop
  endfacet
  facet normal 0.470399 0.42635 -0.772626
    outer loop
      vertex 2.46583 2.02365 -3.51952
      vertex 2.2196 2.01289 -3.67537
      vertex 2.2556 2.2556 -3.51952
    endloop
  endfacet
  facet normal 0.615833 0.154263 -0.772627
    outer loop
      vertex 3.12861 0.622319 -3.51952
      vertex 2.94236 0.585271 -3.67537
      vertex 2.9068 0.72723 -3.67537
    endloop
  endfacet
  facet normal 0.573895 0.271439 -0.772635
    outer loop
      vertex 2.64576 1.41419 -3.67537
      vertex 2.81324 1.50371 -3.51952
      vertex 2.70833 1.2819 -3.67537
    endloop
  endfacet
  facet normal 0.713432 0.427628 -0.555112
    outer loop
      vertex 3.36474 1.79849 -2.82957
      vertex 3.17225 2.11963 -2.82957
      vertex 3.38758 2.26351 -2.44199
    endloop
  endfacet
  facet normal 0.663348 0.397608 -0.633938
    outer loop
      vertex 3.36474 1.79849 -2.82957
      vertex 2.92637 1.95534 -3.1899
      vertex 3.17225 2.11963 -2.82957
    endloop
  endfacet
  facet normal 0.742196 0.550452 -0.382292
    outer loop
      vertex 3.57029 2.38559 -2.03089
      vertex 3.31927 2.72405 -2.03089
      vertex 3.71861 2.4847 -1.60023
    endloop
  endfacet
  facet normal 0.79746 0.377178 -0.470951
    outer loop
      vertex 3.96709 1.64322 -2.03089
      vertex 3.59313 1.92057 -2.44199
      vertex 3.78692 2.02415 -2.03089
    endloop
  endfacet
  facet normal 0.835316 0.395083 -0.382304
    outer loop
      vertex 3.96709 1.64322 -2.03089
      vertex 3.78692 2.02415 -2.03089
      vertex 3.94425 2.10824 -1.60023
    endloop
  endfacet
  facet normal 0.83532 0.395079 -0.3823
    outer loop
      vertex 3.96709 1.64322 -2.03089
      vertex 3.94425 2.10824 -1.60023
      vertex 4.1319 1.71149 -1.60023
    endloop
  endfacet
  facet normal 0.475038 0.792586 0.382291
    outer loop
      vertex 2.4847 3.71861 1.60023
      vertex 2.02415 3.78692 2.03089
      vertex 2.38559 3.57029 2.03089
    endloop
  endfacet
  facet normal 0.475048 0.792574 0.382303
    outer loop
      vertex 2.10824 3.94425 1.60023
      vertex 2.02415 3.78692 2.03089
      vertex 2.4847 3.71861 1.60023
    endloop
  endfacet
  facet normal 0.620544 0.684675 0.38229
    outer loop
      vertex 2.83722 3.45716 1.60023
      vertex 2.72405 3.31927 2.03089
      vertex 3.16242 3.16242 1.60023
    endloop
  endfacet
  facet normal 0.642702 0.709123 0.289963
    outer loop
      vertex 2.92306 3.56176 1.15416
      vertex 2.83722 3.45716 1.60023
      vertex 3.16242 3.16242 1.60023
    endloop
  endfacet
  facet normal 0.72674 0.658693 0.194864
    outer loop
      vertex 3.63206 2.98075 0.696969
      vertex 3.3224 3.3224 0.696969
      vertex 3.56176 2.92306 1.15416
    endloop
  endfacet
  facet normal 0.709121 0.642705 0.289961
    outer loop
      vertex 3.2581 3.2581 1.15416
      vertex 3.16242 3.16242 1.60023
      vertex 3.56176 2.92306 1.15416
    endloop
  endfacet
  facet normal 0.865153 0.409189 0.289956
    outer loop
      vertex 4.06358 2.17203 1.15416
      vertex 3.94425 2.10824 1.60023
      vertex 4.1319 1.71149 1.60023
    endloop
  endfacet
  facet normal 0.820882 0.492013 0.289958
    outer loop
      vertex 4.06358 2.17203 1.15416
      vertex 3.83112 2.55987 1.15416
      vertex 3.94425 2.10824 1.60023
    endloop
  endfacet
  facet normal 0.742196 0.550452 0.382292
    outer loop
      vertex 3.71861 2.4847 1.60023
      vertex 3.31927 2.72405 2.03089
      vertex 3.57029 2.38559 2.03089
    endloop
  endfacet
  facet normal 0.742195 0.550456 0.382289
    outer loop
      vertex 3.45716 2.83722 1.60023
      vertex 3.31927 2.72405 2.03089
      vertex 3.71861 2.4847 1.60023
    endloop
  endfacet
  facet normal 0.592422 0.653634 -0.470956
    outer loop
      vertex 3.03628 3.03628 -2.03089
      vertex 2.58465 3.14941 -2.44199
      vertex 2.72405 3.31927 -2.03089
    endloop
  endfacet
  facet normal 0.525502 0.708554 -0.470956
    outer loop
      vertex 2.58465 3.14941 -2.44199
      vertex 2.38559 3.57029 -2.03089
      vertex 2.72405 3.31927 -2.03089
    endloop
  endfacet
  facet normal 0.642705 0.709121 -0.289961
    outer loop
      vertex 3.16242 3.16242 -1.60023
      vertex 2.92306 3.56176 -1.15416
      vertex 3.2581 3.2581 -1.15416
    endloop
  endfacet
  facet normal 0.419361 0.88666 -0.19486
    outer loop
      vertex 2.17203 4.06358 -1.15416
      vertex 1.76327 4.25691 -1.15416
      vertex 2.2149 4.14378 -0.696969
    endloop
  endfacet
  facet normal 0.409189 0.865153 -0.289956
    outer loop
      vertex 2.10824 3.94425 -1.60023
      vertex 1.71149 4.1319 -1.60023
      vertex 2.17203 4.06358 -1.15416
    endloop
  endfacet
  facet normal 0.504242 0.84129 -0.194862
    outer loop
      vertex 2.55987 3.83112 -1.15416
      vertex 2.2149 4.14378 -0.696969
      vertex 2.6104 3.90673 -0.696969
    endloop
  endfacet
  facet normal 0.3113 0.870023 -0.382299
    outer loop
      vertex 1.71149 4.1319 -1.60023
      vertex 1.24647 4.10905 -2.03089
      vertex 1.29825 4.27976 -1.60023
    endloop
  endfacet
  facet normal 0.322413 0.901097 -0.289956
    outer loop
      vertex 1.71149 4.1319 -1.60023
      vertex 1.33753 4.40924 -1.15416
      vertex 1.76327 4.25691 -1.15416
    endloop
  endfacet
  facet normal 0.377178 0.79746 -0.470951
    outer loop
      vertex 1.92057 3.59313 -2.44199
      vertex 1.64322 3.96709 -2.03089
      vertex 2.02415 3.78692 -2.03089
    endloop
  endfacet
  facet normal 0.355635 0.75192 -0.555103
    outer loop
      vertex 1.79849 3.36474 -2.82957
      vertex 1.55913 3.76408 -2.44199
      vertex 1.92057 3.59313 -2.44199
    endloop
  endfacet
  facet normal -0.3113 0.870023 -0.382299
    outer loop
      vertex -1.24647 4.10905 -2.03089
      vertex -1.71149 4.1319 -1.60023
      vertex -1.29825 4.27976 -1.60023
    endloop
  endfacet
  facet normal 0.3113 0.870023 -0.382299
    outer loop
      vertex 1.64322 3.96709 -2.03089
      vertex 1.24647 4.10905 -2.03089
      vertex 1.71149 4.1319 -1.60023
    endloop
  endfacet
  facet normal 0.504242 0.84129 0.194862
    outer loop
      vertex 2.6104 3.90673 0.696969
      vertex 2.2149 4.14378 0.696969
      vertex 2.55987 3.83112 1.15416
    endloop
  endfacet
  facet normal 0.58428 0.78781 0.194864
    outer loop
      vertex 2.98075 3.63206 0.696969
      vertex 2.55987 3.83112 1.15416
      vertex 2.92306 3.56176 1.15416
    endloop
  endfacet
  facet normal 0.58428 0.787811 0.194864
    outer loop
      vertex 2.6104 3.90673 0.696969
      vertex 2.55987 3.83112 1.15416
      vertex 2.98075 3.63206 0.696969
    endloop
  endfacet
  facet normal 0.51164 0.853603 -0.0979114
    outer loop
      vertex 2.63578 3.94472 -0.233071
      vertex 2.2149 4.14378 -0.696969
      vertex 2.23644 4.18408 -0.233071
    endloop
  endfacet
  facet normal 0.737384 0.66834 0.0979086
    outer loop
      vertex 3.66738 3.00974 0.233071
      vertex 3.3224 3.3224 0.696969
      vertex 3.63206 2.98075 0.696969
    endloop
  endfacet
  facet normal 0.799349 0.592837 0.097908
    outer loop
      vertex 3.66738 3.00974 0.233071
      vertex 3.63206 2.98075 0.696969
      vertex 3.90673 2.6104 0.696969
    endloop
  endfacet
  facet normal -0.122031 0.822775 -0.555112
    outer loop
      vertex -0.744315 3.74193 -2.82957
      vertex -0.794839 3.99593 -2.44199
      vertex -0.373958 3.79686 -2.82957
    endloop
  endfacet
  facet normal -0.187911 0.750202 -0.633945
    outer loop
      vertex -0.686624 3.45189 -3.1899
      vertex -1.02166 3.36797 -3.1899
      vertex -0.744315 3.74193 -2.82957
    endloop
  endfacet
  facet normal -0.377174 0.79746 -0.470953
    outer loop
      vertex -1.55913 3.76408 -2.44199
      vertex -1.92057 3.59313 -2.44199
      vertex -1.64322 3.96709 -2.03089
    endloop
  endfacet
  facet normal -0.377178 0.79746 -0.470951
    outer loop
      vertex -1.92057 3.59313 -2.44199
      vertex -2.02415 3.78692 -2.03089
      vertex -1.64322 3.96709 -2.03089
    endloop
  endfacet
  facet normal -0.14672 0.989178 0
    outer loop
      vertex -0.46502 4.72143 -0.233071
      vertex -0.925562 4.65312 0.233071
      vertex -0.46502 4.72143 0.233071
    endloop
  endfacet
  facet normal -0.14672 0.989178 0
    outer loop
      vertex -0.925562 4.65312 0.233071
      vertex -0.46502 4.72143 -0.233071
      vertex -0.925562 4.65312 -0.233071
    endloop
  endfacet
  facet normal -0.241819 0.96537 0.0978956
    outer loop
      vertex -0.925562 4.65312 0.233071
      vertex -1.37719 4.53999 0.233071
      vertex -0.916649 4.60831 0.696969
    endloop
  endfacet
  facet normal -0.232543 0.928358 0.289957
    outer loop
      vertex -0.898907 4.51911 1.15416
      vertex -1.33753 4.40924 1.15416
      vertex -0.872509 4.3864 1.60023
    endloop
  endfacet
  facet normal -0.460702 0.621181 0.633946
    outer loop
      vertex -1.95534 2.92637 3.1899
      vertex -2.42036 2.94922 2.82957
      vertex -2.23276 2.72062 3.1899
    endloop
  endfacet
  facet normal -0.378918 0.0562192 0.923721
    outer loop
      vertex -1.99186 0.396206 4.29395
      vertex -2.02111 0.199061 4.29395
      vertex -1.59252 0.156849 4.47233
    endloop
  endfacet
  facet normal -0.686338 0.171912 0.706672
    outer loop
      vertex -3.05255 0.92598 3.51952
      vertex -3.36797 1.02166 3.1899
      vertex -3.12861 0.622319 3.51952
    endloop
  endfacet
  facet normal -0.765018 0.113465 0.633935
    outer loop
      vertex -3.74193 0.744315 2.82957
      vertex -3.79686 0.373958 2.82957
      vertex -3.50257 0.344973 3.1899
    endloop
  endfacet
  facet normal -0.765007 0.11348 0.633945
    outer loop
      vertex -3.45189 0.686624 3.1899
      vertex -3.74193 0.744315 2.82957
      vertex -3.50257 0.344973 3.1899
    endloop
  endfacet
  facet normal -0.699881 0.103819 0.706674
    outer loop
      vertex -3.45189 0.686624 3.1899
      vertex -3.50257 0.344973 3.1899
      vertex -3.12861 0.622319 3.51952
    endloop
  endfacet
  facet normal -0.19508 0.00958785 0.98074
    outer loop
      vertex -1.1486 0.113127 4.60765
      vertex -1.15416 0 4.60765
      vertex -0.693613 0.0683146 4.69859
    endloop
  endfacet
  facet normal 0.0143978 0.0970723 0.995173
    outer loop
      vertex 0.0683146 0.693613 4.69859
      vertex 0.0228443 0.231949 4.74428
      vertex 0.135972 0.683578 4.69859
    endloop
  endfacet
  facet normal -0.176563 0.0835142 0.98074
    outer loop
      vertex -1.01787 0.544065 4.60765
      vertex -1.0663 0.441676 4.60765
      vertex -0.614672 0.328548 4.69859
    endloop
  endfacet
  facet normal 0.0835142 0.176563 0.98074
    outer loop
      vertex 0.441676 1.0663 4.60765
      vertex 0.328548 0.614672 4.69859
      vertex 0.544065 1.01787 4.60765
    endloop
  endfacet
  facet normal -0.14472 0.131166 0.98074
    outer loop
      vertex -0.816111 0.816111 4.60765
      vertex -0.892174 0.732188 4.60765
      vertex -0.492831 0.492831 4.69859
    endloop
  endfacet
  facet normal -0.14472 0.131167 0.98074
    outer loop
      vertex -0.492831 0.492831 4.69859
      vertex -0.892174 0.732188 4.60765
      vertex -0.538764 0.442152 4.69859
    endloop
  endfacet
  facet normal -0.233427 0.173121 0.956839
    outer loop
      vertex -0.892174 0.732188 4.60765
      vertex -1.23699 1.01517 4.47233
      vertex -0.959645 0.641214 4.60765
    endloop
  endfacet
  facet normal -0.167531 0.100411 0.98074
    outer loop
      vertex -0.579509 0.387216 4.69859
      vertex -1.01787 0.544065 4.60765
      vertex -0.614672 0.328548 4.69859
    endloop
  endfacet
  facet normal 0.0048151 -0.0980161 0.995173
    outer loop
      vertex 0 -0.233071 4.74428
      vertex 0 -0.696969 4.69859
      vertex 0.0683146 -0.693613 4.69859
    endloop
  endfacet
  facet normal -0.0143988 0.0970721 0.995173
    outer loop
      vertex -0.0228443 0.231949 4.74428
      vertex -0.135972 0.683578 4.69859
      vertex -0.0454693 0.228593 4.74428
    endloop
  endfacet
  facet normal 0.195079 -0.00958341 0.980741
    outer loop
      vertex 0.696969 0 4.69859
      vertex 0.693613 -0.0683146 4.69859
      vertex 1.15416 0 4.60765
    endloop
  endfacet
  facet normal -0.0980162 0.00481408 0.995173
    outer loop
      vertex -0.231949 0.0228443 4.74428
      vertex -0.693613 0.0683146 4.69859
      vertex -0.233071 0 4.74428
    endloop
  endfacet
  facet normal -0.0970723 -0.0143978 0.995173
    outer loop
      vertex -0.231949 -0.0228443 4.74428
      vertex -0.693613 -0.0683146 4.69859
      vertex -0.683578 -0.135972 4.69859
    endloop
  endfacet
  facet normal -0.14472 -0.131167 0.98074
    outer loop
      vertex -0.538764 -0.442152 4.69859
      vertex -0.892174 -0.732188 4.60765
      vertex -0.492831 -0.492831 4.69859
    endloop
  endfacet
  facet normal -0.460695 -0.621194 0.633938
    outer loop
      vertex -1.95534 -2.92637 3.1899
      vertex -2.42036 -2.94922 2.82957
      vertex -2.11963 -3.17225 2.82957
    endloop
  endfacet
  facet normal -0.349615 -0.316853 0.881688
    outer loop
      vertex -1.43605 -1.43605 4.29395
      vertex -1.88768 -1.54918 4.07421
      vertex -1.72675 -1.72675 4.07421
    endloop
  endfacet
  facet normal -0.25726 -0.283823 0.923722
    outer loop
      vertex -1.01517 -1.23699 4.47233
      vertex -1.43605 -1.43605 4.29395
      vertex -1.28838 -1.5699 4.29395
    endloop
  endfacet
  facet normal -0.0706128 -0.28191 0.956839
    outer loop
      vertex -0.335033 -1.10446 4.60765
      vertex -0.46452 -1.53132 4.47233
      vertex -0.225164 -1.13198 4.60765
    endloop
  endfacet
  facet normal -0.163778 -0.34629 0.923721
    outer loop
      vertex -0.754341 -1.41127 4.47233
      vertex -0.957353 -1.79108 4.29395
      vertex -0.777186 -1.87629 4.29395
    endloop
  endfacet
  facet normal 0.0188072 -0.382606 0.92372
    outer loop
      vertex 0 -1.60023 4.47233
      vertex 0 -2.03089 4.29395
      vertex 0.156849 -1.59252 4.47233
    endloop
  endfacet
  facet normal -0.0188072 -0.382606 0.92372
    outer loop
      vertex 0 -1.60023 4.47233
      vertex -0.156849 -1.59252 4.47233
      vertex 0 -2.03089 4.29395
    endloop
  endfacet
  facet normal -0.0231546 -0.471274 0.881683
    outer loop
      vertex 0 -2.03089 4.29395
      vertex -0.239356 -2.43023 4.07421
      vertex 0 -2.44199 4.07421
    endloop
  endfacet
  facet normal 0.373389 -0.411997 0.831167
    outer loop
      vertex 1.72675 -1.72675 4.07421
      vertex 1.54918 -1.88768 4.07421
      vertex 1.79506 -2.18729 3.81524
    endloop
  endfacet
  facet normal -0.544535 -0.326383 0.772629
    outer loop
      vertex -2.49546 -1.33385 3.81524
      vertex -2.81324 -1.50371 3.51952
      vertex -2.3527 -1.57203 3.81524
    endloop
  endfacet
  facet normal -0.573908 -0.27143 0.772629
    outer loop
      vertex -2.61418 -1.08283 3.81524
      vertex -2.81324 -1.50371 3.51952
      vertex -2.49546 -1.33385 3.81524
    endloop
  endfacet
  facet normal -0.555359 0.0272858 0.831163
    outer loop
      vertex -2.43023 0.239356 4.07421
      vertex -2.82957 0 3.81524
      vertex -2.44199 0 4.07421
    endloop
  endfacet
  facet normal -0.615827 -0.154255 0.772633
    outer loop
      vertex -2.7752 -0.552022 3.81524
      vertex -3.12861 -0.622319 3.51952
      vertex -2.70773 -0.821381 3.81524
    endloop
  endfacet
  facet normal -0.653628 0.592424 0.47096
    outer loop
      vertex -3.03628 3.03628 2.03089
      vertex -3.14941 2.58465 2.44199
      vertex -2.8809 2.8809 2.44199
    endloop
  endfacet
  facet normal -0.666181 0.238364 0.706672
    outer loop
      vertex -2.94709 1.22072 3.51952
      vertex -3.36797 1.02166 3.1899
      vertex -3.05255 0.92598 3.51952
    endloop
  endfacet
  facet normal -0.870023 0.3113 0.382299
    outer loop
      vertex -4.1319 1.71149 1.60023
      vertex -4.27976 1.29825 1.60023
      vertex -4.10905 1.24647 2.03089
    endloop
  endfacet
  facet normal -0.901096 0.322418 0.289951
    outer loop
      vertex -4.1319 1.71149 1.60023
      vertex -4.40924 1.33753 1.15416
      vertex -4.27976 1.29825 1.60023
    endloop
  endfacet
  facet normal -0.870023 0.3113 0.382299
    outer loop
      vertex -3.96709 1.64322 2.03089
      vertex -4.1319 1.71149 1.60023
      vertex -4.10905 1.24647 2.03089
    endloop
  endfacet
  facet normal -0.79746 0.377174 0.470953
    outer loop
      vertex -3.59313 1.92057 2.44199
      vertex -3.96709 1.64322 2.03089
      vertex -3.76408 1.55913 2.44199
    endloop
  endfacet
  facet normal -0.841289 0.504244 0.19486
    outer loop
      vertex -3.83112 2.55987 1.15416
      vertex -4.14378 2.2149 0.696969
      vertex -4.06358 2.17203 1.15416
    endloop
  endfacet
  facet normal -0.865153 0.409189 0.289956
    outer loop
      vertex -4.06358 2.17203 1.15416
      vertex -4.25691 1.76327 1.15416
      vertex -4.1319 1.71149 1.60023
    endloop
  endfacet
  facet normal -0.792586 0.475038 -0.382291
    outer loop
      vertex -3.57029 2.38559 -2.03089
      vertex -3.78692 2.02415 -2.03089
      vertex -3.71861 2.4847 -1.60023
    endloop
  endfacet
  facet normal -0.951433 0.238325 -0.194875
    outer loop
      vertex -4.52978 1.16406 -0.777798
      vertex -4.49627 1.36393 -0.696969
      vertex -4.40924 1.33753 -1.15416
    endloop
  endfacet
  facet normal -0.951441 0.238316 -0.194848
    outer loop
      vertex -4.49627 1.36393 -0.696969
      vertex -4.52978 1.16406 -0.777798
      vertex -4.5342 1.2125 -0.696969
    endloop
  endfacet
  facet normal -0.951431 0.238336 -0.194869
    outer loop
      vertex -4.52978 1.16406 -0.777798
      vertex -4.40924 1.33753 -1.15416
      vertex -4.5278 1.08687 -0.881873
    endloop
  endfacet
  facet normal -0.951432 -0.238325 0.194881
    outer loop
      vertex -4.52994 -0.989949 0.989949
      vertex -4.51911 -0.898907 1.15416
      vertex -4.53563 -0.902192 1.06949
    endloop
  endfacet
  facet normal -0.951433 -0.238326 0.194874
    outer loop
      vertex -4.40924 -1.33753 1.15416
      vertex -4.52994 -0.989949 0.989949
      vertex -4.52768 -1.08221 0.88815
    endloop
  endfacet
  facet normal -0.95144 -0.238183 0.195014
    outer loop
      vertex -4.40924 -1.33753 1.15416
      vertex -4.52768 -1.08221 0.88815
      vertex -4.5278 -1.08687 0.881873
    endloop
  endfacet
  facet normal -0.951433 -0.238323 0.19488
    outer loop
      vertex -4.52994 -0.989949 0.989949
      vertex -4.40924 -1.33753 1.15416
      vertex -4.51911 -0.898907 1.15416
    endloop
  endfacet
  facet normal -0.970195 -0.143964 0.194928
    outer loop
      vertex -4.5351 -0.791148 1.15416
      vertex -4.53514 -0.854124 1.10745
      vertex -4.51911 -0.898907 1.15416
    endloop
  endfacet
  facet normal -0.822773 -0.122034 0.555114
    outer loop
      vertex -3.79686 -0.373958 2.82957
      vertex -4.05459 -0.399342 2.44199
      vertex -3.99593 -0.794839 2.44199
    endloop
  endfacet
  facet normal -0.822775 -0.122031 0.555112
    outer loop
      vertex -3.79686 -0.373958 2.82957
      vertex -3.99593 -0.794839 2.44199
      vertex -3.74193 -0.744315 2.82957
    endloop
  endfacet
  facet normal -0.970195 0.143964 0.194928
    outer loop
      vertex -4.51911 0.898907 1.15416
      vertex -4.53514 0.854124 1.10745
      vertex -4.5351 0.791148 1.15416
    endloop
  endfacet
  facet normal -0.713443 0.42762 -0.555104
    outer loop
      vertex -3.36474 1.79849 -2.82957
      vertex -3.59313 1.92057 -2.44199
      vertex -3.38758 2.26351 -2.44199
    endloop
  endfacet
  facet normal -0.75192 0.355635 -0.555103
    outer loop
      vertex -3.36474 1.79849 -2.82957
      vertex -3.76408 1.55913 -2.44199
      vertex -3.59313 1.92057 -2.44199
    endloop
  endfacet
  facet normal -0.83059 0.297191 -0.470953
    outer loop
      vertex -3.76408 1.55913 -2.44199
      vertex -4.10905 1.24647 -2.03089
      vertex -3.96709 1.64322 -2.03089
    endloop
  endfacet
  facet normal -0.820881 0.492014 -0.289959
    outer loop
      vertex -3.71861 2.4847 -1.60023
      vertex -3.94425 2.10824 -1.60023
      vertex -3.83112 2.55987 -1.15416
    endloop
  endfacet
  facet normal -0.768698 0.570112 -0.289958
    outer loop
      vertex -3.71861 2.4847 -1.60023
      vertex -3.83112 2.55987 -1.15416
      vertex -3.45716 2.83722 -1.60023
    endloop
  endfacet
  facet normal -0.792574 0.475048 -0.382303
    outer loop
      vertex -3.78692 2.02415 -2.03089
      vertex -3.94425 2.10824 -1.60023
      vertex -3.71861 2.4847 -1.60023
    endloop
  endfacet
  facet normal -0.592837 0.799349 -0.097908
    outer loop
      vertex -2.98075 3.63206 -0.696969
      vertex -3.00974 3.66738 -0.233071
      vertex -2.6104 3.90673 -0.696969
    endloop
  endfacet
  facet normal -0.620549 0.684667 0.382297
    outer loop
      vertex -2.72405 3.31927 2.03089
      vertex -3.16242 3.16242 1.60023
      vertex -3.03628 3.03628 2.03089
    endloop
  endfacet
  facet normal -0.616304 -0.558595 0.555105
    outer loop
      vertex -2.69778 -2.69778 2.82957
      vertex -3.14941 -2.58465 2.44199
      vertex -2.8809 -2.8809 2.44199
    endloop
  endfacet
  facet normal -0.713432 -0.427628 0.555112
    outer loop
      vertex -3.36474 -1.79849 2.82957
      vertex -3.38758 -2.26351 2.44199
      vertex -3.17225 -2.11963 2.82957
    endloop
  endfacet
  facet normal -0.83059 -0.297191 0.470953
    outer loop
      vertex -3.76408 -1.55913 2.44199
      vertex -4.10905 -1.24647 2.03089
      vertex -3.96709 -1.64322 2.03089
    endloop
  endfacet
  facet normal -0.901096 -0.322418 0.289951
    outer loop
      vertex -4.27976 -1.29825 1.60023
      vertex -4.40924 -1.33753 1.15416
      vertex -4.1319 -1.71149 1.60023
    endloop
  endfacet
  facet normal -0.820881 -0.492014 0.289959
    outer loop
      vertex -3.71861 -2.4847 1.60023
      vertex -3.94425 -2.10824 1.60023
      vertex -3.83112 -2.55987 1.15416
    endloop
  endfacet
  facet normal -0.820882 -0.492013 0.289958
    outer loop
      vertex -3.94425 -2.10824 1.60023
      vertex -4.06358 -2.17203 1.15416
      vertex -3.83112 -2.55987 1.15416
    endloop
  endfacet
  facet normal -0.66834 -0.737384 -0.0979086
    outer loop
      vertex -3.00974 -3.66738 -0.233071
      vertex -3.3224 -3.3224 -0.696969
      vertex -2.98075 -3.63206 -0.696969
    endloop
  endfacet
  facet normal -0.737383 -0.668341 -0.0979072
    outer loop
      vertex -3.35471 -3.35471 -0.233071
      vertex -3.66738 -3.00974 -0.233071
      vertex -3.3224 -3.3224 -0.696969
    endloop
  endfacet
  facet normal -0.737383 -0.668341 0.0979072
    outer loop
      vertex -3.3224 -3.3224 0.696969
      vertex -3.66738 -3.00974 0.233071
      vertex -3.35471 -3.35471 0.233071
    endloop
  endfacet
  facet normal -0.616304 -0.558595 -0.555105
    outer loop
      vertex -2.8809 -2.8809 -2.44199
      vertex -3.14941 -2.58465 -2.44199
      vertex -2.69778 -2.69778 -2.82957
    endloop
  endfacet
  facet normal -0.639605 -0.302503 0.706681
    outer loop
      vertex -2.81324 -1.50371 3.51952
      vertex -3.25161 -1.34686 3.1899
      vertex -3.10394 -1.65909 3.1899
    endloop
  endfacet
  facet normal -0.699133 -0.330657 0.633939
    outer loop
      vertex -3.25161 -1.34686 3.1899
      vertex -3.36474 -1.79849 2.82957
      vertex -3.10394 -1.65909 3.1899
    endloop
  endfacet
  facet normal -0.806842 -0.202105 0.555121
    outer loop
      vertex -3.65095 -1.1075 2.82957
      vertex -3.99593 -0.794839 2.44199
      vertex -3.89878 -1.18268 2.44199
    endloop
  endfacet
  facet normal -0.75192 -0.355633 0.555105
    outer loop
      vertex -3.52482 -1.46003 2.82957
      vertex -3.76408 -1.55913 2.44199
      vertex -3.36474 -1.79849 2.82957
    endloop
  endfacet
  facet normal 0.331233 -0.446593 0.831167
    outer loop
      vertex 1.54918 -1.88768 4.07421
      vertex 1.3567 -2.03044 4.07421
      vertex 1.79506 -2.18729 3.81524
    endloop
  endfacet
  facet normal -0.331233 -0.446593 0.831167
    outer loop
      vertex -1.54918 -1.88768 4.07421
      vertex -1.79506 -2.18729 3.81524
      vertex -1.3567 -2.03044 4.07421
    endloop
  endfacet
  facet normal -0.238364 -0.666181 0.706672
    outer loop
      vertex -0.92598 -3.05255 3.51952
      vertex -1.22072 -2.94709 3.51952
      vertex -1.02166 -3.36797 3.1899
    endloop
  endfacet
  facet normal -0.509914 -0.378192 0.772631
    outer loop
      vertex -2.18729 -1.79506 3.81524
      vertex -2.65231 -1.77222 3.51952
      vertex -2.46583 -2.02365 3.51952
    endloop
  endfacet
  facet normal -0.224518 -0.896348 0.382299
    outer loop
      vertex -1.24647 -4.10905 2.03089
      vertex -1.29825 -4.27976 1.60023
      vertex -0.872509 -4.3864 1.60023
    endloop
  endfacet
  facet normal -0.187931 -0.750206 0.633934
    outer loop
      vertex -1.02166 -3.36797 3.1899
      vertex -1.1075 -3.65095 2.82957
      vertex -0.744315 -3.74193 2.82957
    endloop
  endfacet
  facet normal -0.114634 -0.457705 0.881683
    outer loop
      vertex -0.589535 -1.94344 4.29395
      vertex -0.708871 -2.33684 4.07421
      vertex -0.396206 -1.99186 4.29395
    endloop
  endfacet
  facet normal -0.355635 -0.75192 0.555103
    outer loop
      vertex -1.79849 -3.36474 2.82957
      vertex -1.92057 -3.59313 2.44199
      vertex -1.55913 -3.76408 2.44199
    endloop
  endfacet
  facet normal -0.129439 -0.872614 0.470946
    outer loop
      vertex -0.794839 -3.99593 2.44199
      vertex -0.837708 -4.21144 2.03089
      vertex -0.42088 -4.27327 2.03089
    endloop
  endfacet
  facet normal -0.122034 -0.822773 0.555114
    outer loop
      vertex -0.373958 -3.79686 2.82957
      vertex -0.794839 -3.99593 2.44199
      vertex -0.399342 -4.05459 2.44199
    endloop
  endfacet
  facet normal -0.511628 -0.853612 0.0978962
    outer loop
      vertex -2.6104 -3.90673 0.696969
      vertex -2.63578 -3.94472 0.233071
      vertex -2.2149 -4.14378 0.696969
    endloop
  endfacet
  facet normal -0.684667 -0.620549 0.382297
    outer loop
      vertex -3.03628 -3.03628 2.03089
      vertex -3.31927 -2.72405 2.03089
      vertex -3.16242 -3.16242 1.60023
    endloop
  endfacet
  facet normal -0.0488427 -0.993997 0.0979003
    outer loop
      vertex -0.460542 -4.67596 0.696969
      vertex -0.46502 -4.72143 0.233071
      vertex 0 -4.74428 0.233071
    endloop
  endfacet
  facet normal -0.492013 -0.820882 0.289958
    outer loop
      vertex -2.10824 -3.94425 1.60023
      vertex -2.55987 -3.83112 1.15416
      vertex -2.17203 -4.06358 1.15416
    endloop
  endfacet
  facet normal -0.965387 -0.241809 0.0977573
    outer loop
      vertex -4.53239 -1.23469 0.659955
      vertex -4.49627 -1.36393 0.696969
      vertex -4.5342 -1.2125 0.696969
    endloop
  endfacet
  facet normal -0.965382 -0.241756 0.0979378
    outer loop
      vertex -4.53028 -1.29343 0.535756
      vertex -4.49627 -1.36393 0.696969
      vertex -4.53239 -1.23469 0.659955
    endloop
  endfacet
  facet normal -0.965362 -0.241856 0.0978899
    outer loop
      vertex -4.5318 -1.33972 0.406398
      vertex -4.49627 -1.36393 0.696969
      vertex -4.53028 -1.29343 0.535756
    endloop
  endfacet
  facet normal -0.965356 -0.241882 0.097887
    outer loop
      vertex -4.53695 -1.3731 0.273126
      vertex -4.49627 -1.36393 0.696969
      vertex -4.5318 -1.33972 0.406398
    endloop
  endfacet
  facet normal -0.96606 -0.23905 0.0978933
    outer loop
      vertex -4.49627 -1.36393 0.696969
      vertex -4.53695 -1.3731 0.273126
      vertex -4.53854 -1.37675 0.248522
    endloop
  endfacet
  facet normal -0.83532 -0.395079 0.3823
    outer loop
      vertex -3.96709 -1.64322 2.03089
      vertex -4.1319 -1.71149 1.60023
      vertex -3.94425 -2.10824 1.60023
    endloop
  endfacet
  facet normal -0.896348 -0.224525 0.382294
    outer loop
      vertex -4.21144 -0.837708 2.03089
      vertex -4.3864 -0.872509 1.60023
      vertex -4.10905 -1.24647 2.03089
    endloop
  endfacet
  facet normal -0.922927 -0.0453289 0.382297
    outer loop
      vertex -4.27327 -0.42088 2.03089
      vertex -4.47233 0 1.60023
      vertex -4.4508 -0.438365 1.60023
    endloop
  endfacet
  facet normal -0.946678 -0.140453 0.289956
    outer loop
      vertex -4.53032 -0.535756 1.29343
      vertex -4.4508 -0.438365 1.60023
      vertex -4.53378 -0.446538 1.32535
    endloop
  endfacet
  facet normal -0.946688 -0.140407 0.289945
    outer loop
      vertex -4.52989 -0.659955 1.23469
      vertex -4.4508 -0.438365 1.60023
      vertex -4.53032 -0.535756 1.29343
    endloop
  endfacet
  facet normal -0.946609 -0.140493 0.29016
    outer loop
      vertex -4.51911 -0.898907 1.15416
      vertex -4.52989 -0.659955 1.23469
      vertex -4.53405 -0.777798 1.16406
    endloop
  endfacet
  facet normal -0.946709 -0.140479 0.289842
    outer loop
      vertex -4.51911 -0.898907 1.15416
      vertex -4.53405 -0.777798 1.16406
      vertex -4.5351 -0.791148 1.15416
    endloop
  endfacet
  facet normal -0.946682 -0.140427 0.289955
    outer loop
      vertex -4.52989 -0.659955 1.23469
      vertex -4.51911 -0.898907 1.15416
      vertex -4.4508 -0.438365 1.60023
    endloop
  endfacet
  facet normal -0.896348 -0.224518 0.382299
    outer loop
      vertex -4.10905 -1.24647 2.03089
      vertex -4.3864 -0.872509 1.60023
      vertex -4.27976 -1.29825 1.60023
    endloop
  endfacet
  facet normal -0.872614 -0.129439 0.470946
    outer loop
      vertex -3.99593 -0.794839 2.44199
      vertex -4.27327 -0.42088 2.03089
      vertex -4.21144 -0.837708 2.03089
    endloop
  endfacet
  facet normal -0.615826 -0.15425 0.772635
    outer loop
      vertex -2.70773 -0.821381 3.81524
      vertex -3.12861 -0.622319 3.51952
      vertex -3.05255 -0.92598 3.51952
    endloop
  endfacet
  facet normal -0.539367 -0.135102 0.831162
    outer loop
      vertex -2.33684 -0.708871 4.07421
      vertex -2.7752 -0.552022 3.81524
      vertex -2.70773 -0.821381 3.81524
    endloop
  endfacet
  facet normal -0.271439 -0.573895 -0.772635
    outer loop
      vertex -1.50371 -2.81324 -3.51952
      vertex -1.41419 -2.64576 -3.67537
      vertex -1.2819 -2.70833 -3.67537
    endloop
  endfacet
  facet normal -0.621181 -0.460702 -0.633946
    outer loop
      vertex -2.72062 -2.23276 -3.1899
      vertex -2.94922 -2.42036 -2.82957
      vertex -2.92637 -1.95534 -3.1899
    endloop
  endfacet
  facet normal -0.708556 -0.525493 -0.470962
    outer loop
      vertex -3.14941 -2.58465 -2.44199
      vertex -3.57029 -2.38559 -2.03089
      vertex -3.38758 -2.26351 -2.44199
    endloop
  endfacet
  facet normal -0.621194 -0.460695 -0.633938
    outer loop
      vertex -2.94922 -2.42036 -2.82957
      vertex -3.17225 -2.11963 -2.82957
      vertex -2.92637 -1.95534 -3.1899
    endloop
  endfacet
  facet normal -0.606891 -0.363737 -0.706668
    outer loop
      vertex -2.65231 -1.77222 -3.51952
      vertex -2.92637 -1.95534 -3.1899
      vertex -2.81324 -1.50371 -3.51952
    endloop
  endfacet
  facet normal -0.544536 -0.326366 -0.772635
    outer loop
      vertex -2.57053 -1.53971 -3.67537
      vertex -2.81324 -1.50371 -3.51952
      vertex -2.64576 -1.41419 -3.67537
    endloop
  endfacet
  facet normal -0.772448 -0.0379537 -0.633942
    outer loop
      vertex -3.50257 -0.344973 -3.1899
      vertex -3.81524 0 -2.82957
      vertex -3.51952 0 -3.1899
    endloop
  endfacet
  facet normal -0.154263 -0.615833 -0.772627
    outer loop
      vertex -0.585271 -2.94236 -3.67537
      vertex -0.622319 -3.12861 -3.51952
      vertex -0.72723 -2.9068 -3.67537
    endloop
  endfacet
  facet normal -0.544525 0.326372 -0.772641
    outer loop
      vertex -2.65231 1.77222 -3.51952
      vertex -2.49441 1.66671 -3.67537
      vertex -2.57053 1.53971 -3.67537
    endloop
  endfacet
  facet normal -0.544536 0.326365 -0.772636
    outer loop
      vertex -2.65231 1.77222 -3.51952
      vertex -2.57053 1.53971 -3.67537
      vertex -2.81324 1.50371 -3.51952
    endloop
  endfacet
  facet normal -0.509911 -0.378188 -0.772635
    outer loop
      vertex -2.46583 -2.02365 -3.51952
      vertex -2.40723 -1.78426 -3.67537
      vertex -2.31903 -1.90318 -3.67537
    endloop
  endfacet
  facet normal -0.50991 -0.378189 -0.772636
    outer loop
      vertex -2.40723 -1.78426 -3.67537
      vertex -2.46583 -2.02365 -3.51952
      vertex -2.65231 -1.77222 -3.51952
    endloop
  endfacet
  facet normal -0.519374 -0.573024 -0.633951
    outer loop
      vertex -2.23276 -2.72062 -3.1899
      vertex -2.69778 -2.69778 -2.82957
      vertex -2.48867 -2.48867 -3.1899
    endloop
  endfacet
  facet normal -0.495479 -0.668095 -0.555112
    outer loop
      vertex -2.26351 -3.38758 -2.44199
      vertex -2.42036 -2.94922 -2.82957
      vertex -2.11963 -3.17225 -2.82957
    endloop
  endfacet
  facet normal -0.397608 -0.663348 -0.633938
    outer loop
      vertex -1.79849 -3.36474 -2.82957
      vertex -2.11963 -3.17225 -2.82957
      vertex -1.95534 -2.92637 -3.1899
    endloop
  endfacet
  facet normal -0.58428 -0.787811 -0.194864
    outer loop
      vertex -2.6104 -3.90673 -0.696969
      vertex -2.98075 -3.63206 -0.696969
      vertex -2.55987 -3.83112 -1.15416
    endloop
  endfacet
  facet normal -0.3113 -0.870023 -0.382299
    outer loop
      vertex -1.29825 -4.27976 -1.60023
      vertex -1.71149 -4.1319 -1.60023
      vertex -1.24647 -4.10905 -2.03089
    endloop
  endfacet
  facet normal -0.0432927 -0.881094 -0.470956
    outer loop
      vertex 0 -4.29395 -2.03089
      vertex -0.42088 -4.27327 -2.03089
      vertex -0.399342 -4.05459 -2.44199
    endloop
  endfacet
  facet normal -0.0481335 -0.97965 -0.194858
    outer loop
      vertex 0 -4.60765 -1.15416
      vertex -0.460542 -4.67596 -0.696969
      vertex -0.451628 -4.58546 -1.15416
    endloop
  endfacet
  facet normal -0.475048 -0.792574 -0.382303
    outer loop
      vertex -2.10824 -3.94425 -1.60023
      vertex -2.4847 -3.71861 -1.60023
      vertex -2.02415 -3.78692 -2.03089
    endloop
  endfacet
  facet normal -0.550452 -0.742196 -0.382292
    outer loop
      vertex -2.4847 -3.71861 -1.60023
      vertex -2.72405 -3.31927 -2.03089
      vertex -2.38559 -3.57029 -2.03089
    endloop
  endfacet
  facet normal -0.620544 -0.684675 -0.38229
    outer loop
      vertex -2.83722 -3.45716 -1.60023
      vertex -3.16242 -3.16242 -1.60023
      vertex -2.72405 -3.31927 -2.03089
    endloop
  endfacet
  facet normal -0.620549 -0.684667 -0.382297
    outer loop
      vertex -2.72405 -3.31927 -2.03089
      vertex -3.16242 -3.16242 -1.60023
      vertex -3.03628 -3.03628 -2.03089
    endloop
  endfacet
  facet normal -0.140429 -0.946681 0.289957
    outer loop
      vertex -0.872509 -4.3864 1.60023
      vertex -0.898907 -4.51911 1.15416
      vertex -0.438365 -4.4508 1.60023
    endloop
  endfacet
  facet normal 0.0488428 -0.993997 0.0979002
    outer loop
      vertex 0 -4.69859 0.696969
      vertex 0 -4.74428 0.233071
      vertex 0.460542 -4.67596 0.696969
    endloop
  endfacet
  facet normal -0.0481335 -0.97965 0.194858
    outer loop
      vertex -0.451628 -4.58546 1.15416
      vertex -0.460542 -4.67596 0.696969
      vertex 0 -4.60765 1.15416
    endloop
  endfacet
  facet normal -0.135586 -0.914038 0.382297
    outer loop
      vertex -0.42088 -4.27327 2.03089
      vertex -0.872509 -4.3864 1.60023
      vertex -0.438365 -4.4508 1.60023
    endloop
  endfacet
  facet normal -0.58428 -0.78781 0.194864
    outer loop
      vertex -2.92306 -3.56176 1.15416
      vertex -2.98075 -3.63206 0.696969
      vertex -2.55987 -3.83112 1.15416
    endloop
  endfacet
  facet normal -0.504242 -0.84129 0.194862
    outer loop
      vertex -2.55987 -3.83112 1.15416
      vertex -2.6104 -3.90673 0.696969
      vertex -2.2149 -4.14378 0.696969
    endloop
  endfacet
  facet normal -0.0453484 -0.922933 -0.38228
    outer loop
      vertex 0 -4.47233 -1.60023
      vertex -0.42088 -4.27327 -2.03089
      vertex 0 -4.29395 -2.03089
    endloop
  endfacet
  facet normal 0.0432927 -0.881094 -0.470956
    outer loop
      vertex 0.42088 -4.27327 -2.03089
      vertex 0 -4.29395 -2.03089
      vertex 0.399342 -4.05459 -2.44199
    endloop
  endfacet
  facet normal -0.129425 -0.872611 -0.470956
    outer loop
      vertex -0.42088 -4.27327 -2.03089
      vertex -0.794839 -3.99593 -2.44199
      vertex -0.399342 -4.05459 -2.44199
    endloop
  endfacet
  facet normal 0.0453289 -0.922927 -0.382297
    outer loop
      vertex 0.438365 -4.4508 -1.60023
      vertex 0 -4.47233 -1.60023
      vertex 0.42088 -4.27327 -2.03089
    endloop
  endfacet
  facet normal -0.322413 -0.901097 -0.289956
    outer loop
      vertex -1.33753 -4.40924 -1.15416
      vertex -1.76327 -4.25691 -1.15416
      vertex -1.71149 -4.1319 -1.60023
    endloop
  endfacet
  facet normal -0.395079 -0.83532 -0.3823
    outer loop
      vertex -1.71149 -4.1319 -1.60023
      vertex -2.10824 -3.94425 -1.60023
      vertex -1.64322 -3.96709 -2.03089
    endloop
  endfacet
  facet normal -0.51411 -0.857724 0
    outer loop
      vertex -2.63578 -3.94472 -0.233071
      vertex -2.23644 -4.18408 0.233071
      vertex -2.63578 -3.94472 0.233071
    endloop
  endfacet
  facet normal -0.51411 -0.857724 -0
    outer loop
      vertex -2.23644 -4.18408 0.233071
      vertex -2.63578 -3.94472 -0.233071
      vertex -2.23644 -4.18408 -0.233071
    endloop
  endfacet
  facet normal -0.241819 -0.96537 -0.0978956
    outer loop
      vertex -0.925562 -4.65312 -0.233071
      vertex -1.37719 -4.53999 -0.233071
      vertex -0.916649 -4.60831 -0.696969
    endloop
  endfacet
  facet normal -0.146015 -0.984426 0.0979002
    outer loop
      vertex -0.460542 -4.67596 0.696969
      vertex -0.925562 -4.65312 0.233071
      vertex -0.46502 -4.72143 0.233071
    endloop
  endfacet
  facet normal -0.146015 -0.984426 -0.0979002
    outer loop
      vertex -0.46502 -4.72143 -0.233071
      vertex -0.925562 -4.65312 -0.233071
      vertex -0.460542 -4.67596 -0.696969
    endloop
  endfacet
  facet normal -0.0488428 -0.993997 -0.0979002
    outer loop
      vertex 0 -4.74428 -0.233071
      vertex -0.460542 -4.67596 -0.696969
      vertex 0 -4.69859 -0.696969
    endloop
  endfacet
  facet normal -0.0481377 -0.979649 -0.194862
    outer loop
      vertex 0 -4.69859 -0.696969
      vertex -0.460542 -4.67596 -0.696969
      vertex 0 -4.60765 -1.15416
    endloop
  endfacet
  facet normal 0.322413 -0.901097 -0.289956
    outer loop
      vertex 1.76327 -4.25691 -1.15416
      vertex 1.33753 -4.40924 -1.15416
      vertex 1.71149 -4.1319 -1.60023
    endloop
  endfacet
  facet normal 0.58428 -0.787811 -0.194864
    outer loop
      vertex 2.6104 -3.90673 -0.696969
      vertex 2.55987 -3.83112 -1.15416
      vertex 2.98075 -3.63206 -0.696969
    endloop
  endfacet
  facet normal 0.113465 -0.765018 -0.633935
    outer loop
      vertex 0.373958 -3.79686 -2.82957
      vertex 0.344973 -3.50257 -3.1899
      vertex 0.744315 -3.74193 -2.82957
    endloop
  endfacet
  facet normal 0.377174 -0.79746 -0.470953
    outer loop
      vertex 1.64322 -3.96709 -2.03089
      vertex 1.55913 -3.76408 -2.44199
      vertex 1.92057 -3.59313 -2.44199
    endloop
  endfacet
  facet normal 0.129439 -0.872614 -0.470946
    outer loop
      vertex 0.837708 -4.21144 -2.03089
      vertex 0.42088 -4.27327 -2.03089
      vertex 0.794839 -3.99593 -2.44199
    endloop
  endfacet
  facet normal 0.129425 -0.872611 -0.470956
    outer loop
      vertex 0.42088 -4.27327 -2.03089
      vertex 0.399342 -4.05459 -2.44199
      vertex 0.794839 -3.99593 -2.44199
    endloop
  endfacet
  facet normal 0.187911 -0.750202 -0.633945
    outer loop
      vertex 0.744315 -3.74193 -2.82957
      vertex 0.686624 -3.45189 -3.1899
      vertex 1.02166 -3.36797 -3.1899
    endloop
  endfacet
  facet normal 0.11348 -0.765007 -0.633945
    outer loop
      vertex 0.744315 -3.74193 -2.82957
      vertex 0.344973 -3.50257 -3.1899
      vertex 0.686624 -3.45189 -3.1899
    endloop
  endfacet
  facet normal 0.355635 -0.75192 -0.555103
    outer loop
      vertex 1.92057 -3.59313 -2.44199
      vertex 1.55913 -3.76408 -2.44199
      vertex 1.79849 -3.36474 -2.82957
    endloop
  endfacet
  facet normal 0.42762 -0.713443 -0.555104
    outer loop
      vertex 1.92057 -3.59313 -2.44199
      vertex 1.79849 -3.36474 -2.82957
      vertex 2.26351 -3.38758 -2.44199
    endloop
  endfacet
  facet normal 0.427628 -0.713432 -0.555112
    outer loop
      vertex 2.26351 -3.38758 -2.44199
      vertex 1.79849 -3.36474 -2.82957
      vertex 2.11963 -3.17225 -2.82957
    endloop
  endfacet
  facet normal 0.330657 -0.699133 -0.633939
    outer loop
      vertex 1.79849 -3.36474 -2.82957
      vertex 1.34686 -3.25161 -3.1899
      vertex 1.65909 -3.10394 -3.1899
    endloop
  endfacet
  facet normal 0.135586 -0.914038 -0.382297
    outer loop
      vertex 0.438365 -4.4508 -1.60023
      vertex 0.42088 -4.27327 -2.03089
      vertex 0.872509 -4.3864 -1.60023
    endloop
  endfacet
  facet normal 0.140429 -0.946681 -0.289957
    outer loop
      vertex 0.898907 -4.51911 -1.15416
      vertex 0.438365 -4.4508 -1.60023
      vertex 0.872509 -4.3864 -1.60023
    endloop
  endfacet
  facet normal 0.241817 -0.965371 -0.0978933
    outer loop
      vertex 1.37719 -4.53999 -0.233071
      vertex 0.916649 -4.60831 -0.696969
      vertex 1.36393 -4.49627 -0.696969
    endloop
  endfacet
  facet normal 0.238323 -0.951433 -0.194877
    outer loop
      vertex 0.916649 -4.60831 -0.696969
      vertex 0.898907 -4.51911 -1.15416
      vertex 1.33753 -4.40924 -1.15416
    endloop
  endfacet
  facet normal -0.171914 -0.686337 -0.706674
    outer loop
      vertex -0.686624 -3.45189 -3.1899
      vertex -1.02166 -3.36797 -3.1899
      vertex -0.622319 -3.12861 -3.51952
    endloop
  endfacet
  facet normal -0.260547 -0.728169 -0.633944
    outer loop
      vertex -1.02166 -3.36797 -3.1899
      vertex -1.46003 -3.52482 -2.82957
      vertex -1.34686 -3.25161 -3.1899
    endloop
  endfacet
  facet normal 0.668095 -0.495479 -0.555112
    outer loop
      vertex 3.38758 -2.26351 -2.44199
      vertex 2.94922 -2.42036 -2.82957
      vertex 3.17225 -2.11963 -2.82957
    endloop
  endfacet
  facet normal 0.713432 -0.427628 -0.555112
    outer loop
      vertex 3.38758 -2.26351 -2.44199
      vertex 3.17225 -2.11963 -2.82957
      vertex 3.36474 -1.79849 -2.82957
    endloop
  endfacet
  facet normal 0.504244 -0.841289 0.19486
    outer loop
      vertex 2.55987 -3.83112 1.15416
      vertex 2.17203 -4.06358 1.15416
      vertex 2.2149 -4.14378 0.696969
    endloop
  endfacet
  facet normal 0.335276 -0.93702 -0.0978999
    outer loop
      vertex 1.81556 -4.38314 -0.233071
      vertex 1.36393 -4.49627 -0.696969
      vertex 1.79807 -4.34093 -0.696969
    endloop
  endfacet
  facet normal 0.409189 -0.865153 0.289956
    outer loop
      vertex 2.17203 -4.06358 1.15416
      vertex 1.71149 -4.1319 1.60023
      vertex 1.76327 -4.25691 1.15416
    endloop
  endfacet
  facet normal 0.726752 -0.658684 0.19485
    outer loop
      vertex 3.56176 -2.92306 1.15416
      vertex 3.2581 -3.2581 1.15416
      vertex 3.3224 -3.3224 0.696969
    endloop
  endfacet
  facet normal 0.143923 -0.970215 0.194858
    outer loop
      vertex 0.898907 -4.51911 1.15416
      vertex 0.451628 -4.58546 1.15416
      vertex 0.460542 -4.67596 0.696969
    endloop
  endfacet
  facet normal 0.238323 -0.951433 0.194877
    outer loop
      vertex 1.33753 -4.40924 1.15416
      vertex 0.898907 -4.51911 1.15416
      vertex 0.916649 -4.60831 0.696969
    endloop
  endfacet
  facet normal 0.642705 -0.709121 0.289961
    outer loop
      vertex 3.16242 -3.16242 1.60023
      vertex 2.92306 -3.56176 1.15416
      vertex 3.2581 -3.2581 1.15416
    endloop
  endfacet
  facet normal 0.570112 -0.768698 0.289958
    outer loop
      vertex 2.83722 -3.45716 1.60023
      vertex 2.4847 -3.71861 1.60023
      vertex 2.55987 -3.83112 1.15416
    endloop
  endfacet
  facet normal 0.658693 -0.72674 0.194864
    outer loop
      vertex 3.3224 -3.3224 0.696969
      vertex 2.92306 -3.56176 1.15416
      vertex 2.98075 -3.63206 0.696969
    endloop
  endfacet
  facet normal 0.737383 -0.668341 0.0979072
    outer loop
      vertex 3.66738 -3.00974 0.233071
      vertex 3.3224 -3.3224 0.696969
      vertex 3.35471 -3.35471 0.233071
    endloop
  endfacet
  facet normal 0.242986 -0.97003 0
    outer loop
      vertex 0.925562 -4.65312 -0.233071
      vertex 1.37719 -4.53999 0.233071
      vertex 0.925562 -4.65312 0.233071
    endloop
  endfacet
  facet normal 0.242986 -0.97003 0
    outer loop
      vertex 1.37719 -4.53999 0.233071
      vertex 0.925562 -4.65312 -0.233071
      vertex 1.37719 -4.53999 -0.233071
    endloop
  endfacet
  facet normal 0.740943 -0.671568 0
    outer loop
      vertex 3.35471 -3.35471 0.233071
      vertex 3.66738 -3.00974 -0.233071
      vertex 3.66738 -3.00974 0.233071
    endloop
  endfacet
  facet normal 0.740943 -0.671568 0
    outer loop
      vertex 3.66738 -3.00974 -0.233071
      vertex 3.35471 -3.35471 0.233071
      vertex 3.35471 -3.35471 -0.233071
    endloop
  endfacet
  facet normal 0.737383 -0.668341 -0.0979072
    outer loop
      vertex 3.35471 -3.35471 -0.233071
      vertex 3.3224 -3.3224 -0.696969
      vertex 3.66738 -3.00974 -0.233071
    endloop
  endfacet
  facet normal 0.799357 -0.592827 0.0978955
    outer loop
      vertex 3.90673 -2.6104 0.696969
      vertex 3.66738 -3.00974 0.233071
      vertex 3.94472 -2.63578 0.233071
    endloop
  endfacet
  facet normal 0.853612 -0.511628 0.0978962
    outer loop
      vertex 4.14378 -2.2149 0.696969
      vertex 3.90673 -2.6104 0.696969
      vertex 3.94472 -2.63578 0.233071
    endloop
  endfacet
  facet normal 0.93702 -0.335276 -0.0978999
    outer loop
      vertex 4.38314 -1.81556 -0.233071
      vertex 4.34093 -1.79807 -0.696969
      vertex 4.49627 -1.36393 -0.696969
    endloop
  endfacet
  facet normal 0.951431 -0.238336 -0.194869
    outer loop
      vertex 4.52978 -1.16406 -0.777798
      vertex 4.40924 -1.33753 -1.15416
      vertex 4.5278 -1.08687 -0.881873
    endloop
  endfacet
  facet normal 0.951441 -0.238316 -0.194848
    outer loop
      vertex 4.49627 -1.36393 -0.696969
      vertex 4.52978 -1.16406 -0.777798
      vertex 4.5342 -1.2125 -0.696969
    endloop
  endfacet
  facet normal 0.951433 -0.238325 -0.194875
    outer loop
      vertex 4.52978 -1.16406 -0.777798
      vertex 4.49627 -1.36393 -0.696969
      vertex 4.40924 -1.33753 -1.15416
    endloop
  endfacet
  facet normal 0.970196 -0.144 0.194894
    outer loop
      vertex 4.51911 -0.898907 1.15416
      vertex 4.53516 -0.88815 1.08221
      vertex 4.53514 -0.854124 1.10745
    endloop
  endfacet
  facet normal 0.970189 -0.144063 0.194883
    outer loop
      vertex 4.53516 -0.88815 1.08221
      vertex 4.51911 -0.898907 1.15416
      vertex 4.53563 -0.902192 1.06949
    endloop
  endfacet
  facet normal 0.397606 0.663348 -0.633939
    outer loop
      vertex 1.95534 2.92637 -3.1899
      vertex 1.65909 3.10394 -3.1899
      vertex 1.79849 3.36474 -2.82957
    endloop
  endfacet
  facet normal 0.42635 0.470399 -0.772626
    outer loop
      vertex 2.01289 2.2196 -3.67537
      vertex 2.02365 2.46583 -3.51952
      vertex 2.2556 2.2556 -3.51952
    endloop
  endfacet
  facet normal 0.426327 0.470405 -0.772635
    outer loop
      vertex 2.02365 2.46583 -3.51952
      vertex 2.01289 2.2196 -3.67537
      vertex 1.90318 2.31903 -3.67537
    endloop
  endfacet
  facet normal 0.42762 0.713443 -0.555104
    outer loop
      vertex 2.26351 3.38758 -2.44199
      vertex 1.79849 3.36474 -2.82957
      vertex 1.92057 3.59313 -2.44199
    endloop
  endfacet
  facet normal 0.330657 0.699133 -0.633939
    outer loop
      vertex 1.65909 3.10394 -3.1899
      vertex 1.34686 3.25161 -3.1899
      vertex 1.79849 3.36474 -2.82957
    endloop
  endfacet
  facet normal 0.355633 0.75192 -0.555105
    outer loop
      vertex 1.79849 3.36474 -2.82957
      vertex 1.46003 3.52482 -2.82957
      vertex 1.55913 3.76408 -2.44199
    endloop
  endfacet
  facet normal -0.322413 0.901097 -0.289956
    outer loop
      vertex -1.71149 4.1319 -1.60023
      vertex -1.76327 4.25691 -1.15416
      vertex -1.33753 4.40924 -1.15416
    endloop
  endfacet
  facet normal -0.146015 0.984426 -0.0979002
    outer loop
      vertex -0.460542 4.67596 -0.696969
      vertex -0.925562 4.65312 -0.233071
      vertex -0.46502 4.72143 -0.233071
    endloop
  endfacet
  facet normal -0.322418 0.901096 -0.289951
    outer loop
      vertex -1.29825 4.27976 -1.60023
      vertex -1.71149 4.1319 -1.60023
      vertex -1.33753 4.40924 -1.15416
    endloop
  endfacet
  facet normal -0.0481335 0.97965 -0.194858
    outer loop
      vertex -0.451628 4.58546 -1.15416
      vertex -0.460542 4.67596 -0.696969
      vertex 0 4.60765 -1.15416
    endloop
  endfacet
  facet normal -0.330427 0.923496 -0.194866
    outer loop
      vertex -1.76327 4.25691 -1.15416
      vertex -1.79807 4.34093 -0.696969
      vertex -1.33753 4.40924 -1.15416
    endloop
  endfacet
  facet normal -0.238323 0.951433 -0.194877
    outer loop
      vertex -0.898907 4.51911 -1.15416
      vertex -1.33753 4.40924 -1.15416
      vertex -0.916649 4.60831 -0.696969
    endloop
  endfacet
  facet normal -0.122034 0.822773 -0.555114
    outer loop
      vertex -0.373958 3.79686 -2.82957
      vertex -0.794839 3.99593 -2.44199
      vertex -0.399342 4.05459 -2.44199
    endloop
  endfacet
  facet normal 0.037966 0.772454 -0.633935
    outer loop
      vertex 0.344973 3.50257 -3.1899
      vertex 0 3.81524 -2.82957
      vertex 0.373958 3.79686 -2.82957
    endloop
  endfacet
  facet normal 0.113465 0.765018 -0.633935
    outer loop
      vertex 0.744315 3.74193 -2.82957
      vertex 0.344973 3.50257 -3.1899
      vertex 0.373958 3.79686 -2.82957
    endloop
  endfacet
  facet normal 0.122034 0.822773 -0.555114
    outer loop
      vertex 0.794839 3.99593 -2.44199
      vertex 0.373958 3.79686 -2.82957
      vertex 0.399342 4.05459 -2.44199
    endloop
  endfacet
  facet normal 0.326366 -0.544536 -0.772635
    outer loop
      vertex 1.50371 -2.81324 -3.51952
      vertex 1.41419 -2.64576 -3.67537
      vertex 1.53971 -2.57053 -3.67537
    endloop
  endfacet
  facet normal 0.621181 -0.460702 -0.633946
    outer loop
      vertex 2.94922 -2.42036 -2.82957
      vertex 2.72062 -2.23276 -3.1899
      vertex 2.92637 -1.95534 -3.1899
    endloop
  endfacet
  facet normal 0.421483 -0.5683 -0.706673
    outer loop
      vertex 2.23276 -2.72062 -3.1899
      vertex 1.95534 -2.92637 -3.1899
      vertex 2.02365 -2.46583 -3.51952
    endloop
  endfacet
  facet normal 0.363737 -0.606891 -0.706668
    outer loop
      vertex 1.95534 -2.92637 -3.1899
      vertex 1.50371 -2.81324 -3.51952
      vertex 1.77222 -2.65231 -3.51952
    endloop
  endfacet
  facet normal 0.42635 -0.470399 -0.772626
    outer loop
      vertex 2.02365 -2.46583 -3.51952
      vertex 2.01289 -2.2196 -3.67537
      vertex 2.2556 -2.2556 -3.51952
    endloop
  endfacet
  facet normal 0.426327 -0.470405 -0.772635
    outer loop
      vertex 2.01289 -2.2196 -3.67537
      vertex 2.02365 -2.46583 -3.51952
      vertex 1.90318 -2.31903 -3.67537
    endloop
  endfacet
  facet normal 0.271439 -0.573895 -0.772635
    outer loop
      vertex 1.41419 -2.64576 -3.67537
      vertex 1.50371 -2.81324 -3.51952
      vertex 1.2819 -2.70833 -3.67537
    endloop
  endfacet
  facet normal 0.822775 0.122031 -0.555112
    outer loop
      vertex 3.79686 0.373958 -2.82957
      vertex 3.74193 0.744315 -2.82957
      vertex 3.99593 0.794839 -2.44199
    endloop
  endfacet
  facet normal 0.970196 -0.144 -0.194894
    outer loop
      vertex 4.53516 -0.88815 -1.08221
      vertex 4.51911 -0.898907 -1.15416
      vertex 4.53514 -0.854124 -1.10745
    endloop
  endfacet
  facet normal 0.970189 -0.144063 -0.194883
    outer loop
      vertex 4.51911 -0.898907 -1.15416
      vertex 4.53516 -0.88815 -1.08221
      vertex 4.53563 -0.902192 -1.06949
    endloop
  endfacet
  facet normal 0.922933 -0.0453484 -0.38228
    outer loop
      vertex 4.47233 0 -1.60023
      vertex 4.27327 -0.42088 -2.03089
      vertex 4.29395 0 -2.03089
    endloop
  endfacet
  facet normal 0.822773 -0.122034 -0.555114
    outer loop
      vertex 3.99593 -0.794839 -2.44199
      vertex 3.79686 -0.373958 -2.82957
      vertex 4.05459 -0.399342 -2.44199
    endloop
  endfacet
  facet normal 0.666181 -0.238367 -0.706671
    outer loop
      vertex 3.25161 -1.34686 -3.1899
      vertex 2.94709 -1.22072 -3.51952
      vertex 3.36797 -1.02166 -3.1899
    endloop
  endfacet
  facet normal 0.634084 -0.0311472 -0.772636
    outer loop
      vertex 3.17454 -0.312665 -3.51952
      vertex 2.98555 -0.294051 -3.67537
      vertex 2.99273 -0.147883 -3.67537
    endloop
  endfacet
  facet normal 0.806845 -0.202119 -0.555112
    outer loop
      vertex 3.99593 -0.794839 -2.44199
      vertex 3.65095 -1.1075 -2.82957
      vertex 3.74193 -0.744315 -2.82957
    endloop
  endfacet
  facet normal 0.806842 -0.202105 -0.555121
    outer loop
      vertex 3.89878 -1.18268 -2.44199
      vertex 3.65095 -1.1075 -2.82957
      vertex 3.99593 -0.794839 -2.44199
    endloop
  endfacet
  facet normal 0.772448 -0.0379537 -0.633942
    outer loop
      vertex 3.81524 0 -2.82957
      vertex 3.50257 -0.344973 -3.1899
      vertex 3.51952 0 -3.1899
    endloop
  endfacet
  facet normal 0.663348 -0.397606 -0.633939
    outer loop
      vertex 3.36474 -1.79849 -2.82957
      vertex 2.92637 -1.95534 -3.1899
      vertex 3.10394 -1.65909 -3.1899
    endloop
  endfacet
  facet normal 0.699133 -0.330657 -0.633939
    outer loop
      vertex 3.36474 -1.79849 -2.82957
      vertex 3.10394 -1.65909 -3.1899
      vertex 3.25161 -1.34686 -3.1899
    endloop
  endfacet
  facet normal 0.923496 -0.330427 -0.194866
    outer loop
      vertex 4.34093 -1.79807 -0.696969
      vertex 4.25691 -1.76327 -1.15416
      vertex 4.40924 -1.33753 -1.15416
    endloop
  endfacet
  facet normal 0.886656 -0.419366 -0.194866
    outer loop
      vertex 4.34093 -1.79807 -0.696969
      vertex 4.14378 -2.2149 -0.696969
      vertex 4.25691 -1.76327 -1.15416
    endloop
  endfacet
  facet normal 0.853612 -0.511628 -0.0978962
    outer loop
      vertex 3.94472 -2.63578 -0.233071
      vertex 3.90673 -2.6104 -0.696969
      vertex 4.14378 -2.2149 -0.696969
    endloop
  endfacet
  facet normal 0.737384 -0.66834 -0.0979086
    outer loop
      vertex 3.66738 -3.00974 -0.233071
      vertex 3.3224 -3.3224 -0.696969
      vertex 3.63206 -2.98075 -0.696969
    endloop
  endfacet
  facet normal 0.79746 -0.377174 -0.470953
    outer loop
      vertex 3.96709 -1.64322 -2.03089
      vertex 3.59313 -1.92057 -2.44199
      vertex 3.76408 -1.55913 -2.44199
    endloop
  endfacet
  facet normal 0.756662 -0.453507 -0.47095
    outer loop
      vertex 3.78692 -2.02415 -2.03089
      vertex 3.57029 -2.38559 -2.03089
      vertex 3.59313 -1.92057 -2.44199
    endloop
  endfacet
  facet normal 0.592424 -0.653628 -0.47096
    outer loop
      vertex 3.03628 -3.03628 -2.03089
      vertex 2.58465 -3.14941 -2.44199
      vertex 2.8809 -2.8809 -2.44199
    endloop
  endfacet
  facet normal 0.616304 -0.558595 -0.555105
    outer loop
      vertex 2.8809 -2.8809 -2.44199
      vertex 2.69778 -2.69778 -2.82957
      vertex 3.14941 -2.58465 -2.44199
    endloop
  endfacet
  facet normal 0.709123 -0.642702 -0.289963
    outer loop
      vertex 3.56176 -2.92306 -1.15416
      vertex 3.16242 -3.16242 -1.60023
      vertex 3.45716 -2.83722 -1.60023
    endloop
  endfacet
  facet normal 0.709121 -0.642705 -0.289961
    outer loop
      vertex 3.2581 -3.2581 -1.15416
      vertex 3.16242 -3.16242 -1.60023
      vertex 3.56176 -2.92306 -1.15416
    endloop
  endfacet
  facet normal 0.475038 -0.792586 -0.382291
    outer loop
      vertex 2.4847 -3.71861 -1.60023
      vertex 2.02415 -3.78692 -2.03089
      vertex 2.38559 -3.57029 -2.03089
    endloop
  endfacet
  facet normal 0.453517 -0.756648 -0.470962
    outer loop
      vertex 2.38559 -3.57029 -2.03089
      vertex 1.92057 -3.59313 -2.44199
      vertex 2.26351 -3.38758 -2.44199
    endloop
  endfacet
  facet normal 0.504242 -0.84129 -0.194862
    outer loop
      vertex 2.6104 -3.90673 -0.696969
      vertex 2.2149 -4.14378 -0.696969
      vertex 2.55987 -3.83112 -1.15416
    endloop
  endfacet
  facet normal 0.592837 -0.799349 -0.097908
    outer loop
      vertex 3.00974 -3.66738 -0.233071
      vertex 2.6104 -3.90673 -0.696969
      vertex 2.98075 -3.63206 -0.696969
    endloop
  endfacet
  facet normal -0.941544 0.33689 0
    outer loop
      vertex -4.38314 1.81556 -0.233071
      vertex -4.53183 1.4 0
      vertex -4.38314 1.81556 0.233071
    endloop
  endfacet
  facet normal -0.941546 0.336885 -1.0782e-05
    outer loop
      vertex -4.38314 1.81556 -0.233071
      vertex -4.53424 1.39326 -0.137223
      vertex -4.53183 1.4 0
    endloop
  endfacet
  facet normal -0.941544 0.336891 1.94657e-05
    outer loop
      vertex -4.53424 1.39326 -0.137223
      vertex -4.38314 1.81556 -0.233071
      vertex -4.53933 1.37904 -0.233071
    endloop
  endfacet
  facet normal -0.941546 0.336885 1.0782e-05
    outer loop
      vertex -4.53424 1.39326 0.137223
      vertex -4.38314 1.81556 0.233071
      vertex -4.53183 1.4 0
    endloop
  endfacet
  facet normal -0.941544 0.336891 -1.94657e-05
    outer loop
      vertex -4.38314 1.81556 0.233071
      vertex -4.53424 1.39326 0.137223
      vertex -4.53933 1.37904 0.233071
    endloop
  endfacet
  facet normal -0.95144 0.238183 -0.195014
    outer loop
      vertex -4.40924 1.33753 -1.15416
      vertex -4.52768 1.08221 -0.88815
      vertex -4.5278 1.08687 -0.881873
    endloop
  endfacet
  facet normal -0.951433 0.238326 -0.194874
    outer loop
      vertex -4.40924 1.33753 -1.15416
      vertex -4.52994 0.989949 -0.989949
      vertex -4.52768 1.08221 -0.88815
    endloop
  endfacet
  facet normal -0.951433 0.238323 -0.19488
    outer loop
      vertex -4.51911 0.898907 -1.15416
      vertex -4.52994 0.989949 -0.989949
      vertex -4.40924 1.33753 -1.15416
    endloop
  endfacet
  facet normal -0.951432 0.238325 -0.194881
    outer loop
      vertex -4.52994 0.989949 -0.989949
      vertex -4.51911 0.898907 -1.15416
      vertex -4.53563 0.902192 -1.06949
    endloop
  endfacet
  facet normal -0.937048 -0.335283 0.0976031
    outer loop
      vertex -4.38314 -1.81556 0.233071
      vertex -4.53854 -1.37675 0.248522
      vertex -4.53933 -1.37904 0.233071
    endloop
  endfacet
  facet normal -0.937017 -0.335282 0.0979068
    outer loop
      vertex -4.53854 -1.37675 0.248522
      vertex -4.38314 -1.81556 0.233071
      vertex -4.49627 -1.36393 0.696969
    endloop
  endfacet
  facet normal -0.787811 -0.58428 -0.194864
    outer loop
      vertex -3.63206 -2.98075 -0.696969
      vertex -3.90673 -2.6104 -0.696969
      vertex -3.83112 -2.55987 -1.15416
    endloop
  endfacet
  facet normal -0.865153 -0.409189 -0.289956
    outer loop
      vertex -4.06358 -2.17203 -1.15416
      vertex -4.25691 -1.76327 -1.15416
      vertex -4.1319 -1.71149 -1.60023
    endloop
  endfacet
  facet normal -0.772448 0.0379537 -0.633942
    outer loop
      vertex -3.51952 0 -3.1899
      vertex -3.81524 0 -2.82957
      vertex -3.50257 0.344973 -3.1899
    endloop
  endfacet
  facet normal -0.841289 -0.504244 -0.19486
    outer loop
      vertex -3.83112 -2.55987 -1.15416
      vertex -4.14378 -2.2149 -0.696969
      vertex -4.06358 -2.17203 -1.15416
    endloop
  endfacet
  facet normal -0.946681 -0.140429 -0.289957
    outer loop
      vertex -4.3864 -0.872509 -1.60023
      vertex -4.51911 -0.898907 -1.15416
      vertex -4.4508 -0.438365 -1.60023
    endloop
  endfacet
  facet normal -0.713443 -0.42762 -0.555104
    outer loop
      vertex -3.38758 -2.26351 -2.44199
      vertex -3.59313 -1.92057 -2.44199
      vertex -3.36474 -1.79849 -2.82957
    endloop
  endfacet
  facet normal -0.853612 -0.511628 -0.0978962
    outer loop
      vertex -3.94472 -2.63578 -0.233071
      vertex -4.14378 -2.2149 -0.696969
      vertex -3.90673 -2.6104 -0.696969
    endloop
  endfacet
  facet normal -0.914038 0.135586 -0.382297
    outer loop
      vertex -4.27327 0.42088 -2.03089
      vertex -4.4508 0.438365 -1.60023
      vertex -4.3864 0.872509 -1.60023
    endloop
  endfacet
  facet normal -0.822775 0.122031 -0.555112
    outer loop
      vertex -3.79686 0.373958 -2.82957
      vertex -3.99593 0.794839 -2.44199
      vertex -3.74193 0.744315 -2.82957
    endloop
  endfacet
  facet normal -0.524246 0.475162 -0.706673
    outer loop
      vertex -2.46583 2.02365 -3.51952
      vertex -2.72062 2.23276 -3.1899
      vertex -2.48867 2.48867 -3.1899
    endloop
  endfacet
  facet normal -0.573034 0.51937 -0.633945
    outer loop
      vertex -2.72062 2.23276 -3.1899
      vertex -2.94922 2.42036 -2.82957
      vertex -2.69778 2.69778 -2.82957
    endloop
  endfacet
  facet normal -0.524251 0.47516 -0.706671
    outer loop
      vertex -2.46583 2.02365 -3.51952
      vertex -2.48867 2.48867 -3.1899
      vertex -2.2556 2.2556 -3.51952
    endloop
  endfacet
  facet normal -0.378188 0.509911 -0.772635
    outer loop
      vertex -2.02365 2.46583 -3.51952
      vertex -1.78426 2.40723 -3.67537
      vertex -1.90318 2.31903 -3.67537
    endloop
  endfacet
  facet normal -0.378189 0.50991 -0.772636
    outer loop
      vertex -1.78426 2.40723 -3.67537
      vertex -2.02365 2.46583 -3.51952
      vertex -1.77222 2.65231 -3.51952
    endloop
  endfacet
  facet normal -0.663348 0.397606 -0.633939
    outer loop
      vertex -3.10394 1.65909 -3.1899
      vertex -3.36474 1.79849 -2.82957
      vertex -2.92637 1.95534 -3.1899
    endloop
  endfacet
  facet normal -0.663348 0.397608 -0.633938
    outer loop
      vertex -2.92637 1.95534 -3.1899
      vertex -3.36474 1.79849 -2.82957
      vertex -3.17225 2.11963 -2.82957
    endloop
  endfacet
  facet normal -0.606867 0.363752 -0.70668
    outer loop
      vertex -2.81324 1.50371 -3.51952
      vertex -3.10394 1.65909 -3.1899
      vertex -2.92637 1.95534 -3.1899
    endloop
  endfacet
  facet normal -0.666181 0.238367 -0.706671
    outer loop
      vertex -2.94709 1.22072 -3.51952
      vertex -3.36797 1.02166 -3.1899
      vertex -3.25161 1.34686 -3.1899
    endloop
  endfacet
  facet normal -0.686337 0.171914 -0.706674
    outer loop
      vertex -3.12861 0.622319 -3.51952
      vertex -3.45189 0.686624 -3.1899
      vertex -3.36797 1.02166 -3.1899
    endloop
  endfacet
  facet normal -0.686338 0.171912 -0.706672
    outer loop
      vertex -3.12861 0.622319 -3.51952
      vertex -3.36797 1.02166 -3.1899
      vertex -3.05255 0.92598 -3.51952
    endloop
  endfacet
  facet normal -0.573891 0.271446 -0.772636
    outer loop
      vertex -2.94709 1.22072 -3.51952
      vertex -2.70833 1.2819 -3.67537
      vertex -2.77164 1.14805 -3.67537
    endloop
  endfacet
  facet normal -0.573891 0.271442 -0.772637
    outer loop
      vertex -2.70833 1.2819 -3.67537
      vertex -2.94709 1.22072 -3.51952
      vertex -2.81324 1.50371 -3.51952
    endloop
  endfacet
  facet normal -0.597733 0.213873 -0.772641
    outer loop
      vertex -2.87082 0.870853 -3.67537
      vertex -3.05255 0.92598 -3.51952
      vertex -2.94709 1.22072 -3.51952
    endloop
  endfacet
  facet normal -0.597736 0.213871 -0.772639
    outer loop
      vertex -2.82094 1.01026 -3.67537
      vertex -2.87082 0.870853 -3.67537
      vertex -2.94709 1.22072 -3.51952
    endloop
  endfacet
  facet normal -0.238364 0.666181 -0.706672
    outer loop
      vertex -0.92598 3.05255 -3.51952
      vertex -1.22072 2.94709 -3.51952
      vertex -1.02166 3.36797 -3.1899
    endloop
  endfacet
  facet normal -0.355633 0.75192 -0.555105
    outer loop
      vertex -1.46003 3.52482 -2.82957
      vertex -1.79849 3.36474 -2.82957
      vertex -1.55913 3.76408 -2.44199
    endloop
  endfacet
  facet normal -0.495479 0.668095 -0.555112
    outer loop
      vertex -2.11963 3.17225 -2.82957
      vertex -2.42036 2.94922 -2.82957
      vertex -2.26351 3.38758 -2.44199
    endloop
  endfacet
  facet normal -0.330663 0.699126 -0.633944
    outer loop
      vertex -1.34686 3.25161 -3.1899
      vertex -1.79849 3.36474 -2.82957
      vertex -1.46003 3.52482 -2.82957
    endloop
  endfacet
  facet normal -0.72674 0.658693 -0.194864
    outer loop
      vertex -3.56176 2.92306 -1.15416
      vertex -3.63206 2.98075 -0.696969
      vertex -3.3224 3.3224 -0.696969
    endloop
  endfacet
  facet normal -0.475048 0.792574 -0.382303
    outer loop
      vertex -2.02415 3.78692 -2.03089
      vertex -2.4847 3.71861 -1.60023
      vertex -2.10824 3.94425 -1.60023
    endloop
  endfacet
  facet normal -0.58428 0.78781 -0.194864
    outer loop
      vertex -2.92306 3.56176 -1.15416
      vertex -2.98075 3.63206 -0.696969
      vertex -2.55987 3.83112 -1.15416
    endloop
  endfacet
  facet normal -0.570107 0.7687 -0.289963
    outer loop
      vertex -2.83722 3.45716 -1.60023
      vertex -2.92306 3.56176 -1.15416
      vertex -2.55987 3.83112 -1.15416
    endloop
  endfacet
  facet normal -0.495485 0.668094 -0.555108
    outer loop
      vertex -2.42036 2.94922 -2.82957
      vertex -2.58465 3.14941 -2.44199
      vertex -2.26351 3.38758 -2.44199
    endloop
  endfacet
  facet normal -0.708554 0.525502 -0.470956
    outer loop
      vertex -3.14941 2.58465 -2.44199
      vertex -3.57029 2.38559 -2.03089
      vertex -3.31927 2.72405 -2.03089
    endloop
  endfacet
  facet normal -0.742196 0.550452 -0.382292
    outer loop
      vertex -3.57029 2.38559 -2.03089
      vertex -3.71861 2.4847 -1.60023
      vertex -3.31927 2.72405 -2.03089
    endloop
  endfacet
  facet normal -0.742195 0.550456 -0.382289
    outer loop
      vertex -3.31927 2.72405 -2.03089
      vertex -3.71861 2.4847 -1.60023
      vertex -3.45716 2.83722 -1.60023
    endloop
  endfacet
  facet normal 0.0347222 0.70668 -0.70668
    outer loop
      vertex 0.344973 3.50257 -3.1899
      vertex 0 3.1899 -3.51952
      vertex 0 3.51952 -3.1899
    endloop
  endfacet
  facet normal -0.0347222 0.70668 -0.70668
    outer loop
      vertex 0 3.1899 -3.51952
      vertex -0.344973 3.50257 -3.1899
      vertex 0 3.51952 -3.1899
    endloop
  endfacet
  facet normal 0.0311723 0.634093 -0.772629
    outer loop
      vertex 0 3.1899 -3.51952
      vertex 0.147883 2.99273 -3.67537
      vertex 0 3 -3.67537
    endloop
  endfacet
  facet normal 0.03115 0.634083 -0.772637
    outer loop
      vertex 0.147883 2.99273 -3.67537
      vertex 0 3.1899 -3.51952
      vertex 0.312665 3.17454 -3.51952
    endloop
  endfacet
  facet normal 0.0347166 0.706684 -0.706677
    outer loop
      vertex 0.312665 3.17454 -3.51952
      vertex 0 3.1899 -3.51952
      vertex 0.344973 3.50257 -3.1899
    endloop
  endfacet
  facet normal -0.154263 0.615833 -0.772627
    outer loop
      vertex -0.622319 3.12861 -3.51952
      vertex -0.585271 2.94236 -3.67537
      vertex -0.72723 2.9068 -3.67537
    endloop
  endfacet
  facet normal -0.154272 0.615813 -0.772642
    outer loop
      vertex -0.92598 3.05255 -3.51952
      vertex -0.72723 2.9068 -3.67537
      vertex -0.870853 2.87082 -3.67537
    endloop
  endfacet
  facet normal -0.154251 0.61583 -0.772632
    outer loop
      vertex -0.72723 2.9068 -3.67537
      vertex -0.92598 3.05255 -3.51952
      vertex -0.622319 3.12861 -3.51952
    endloop
  endfacet
  facet normal -0.0931318 0.627992 -0.772627
    outer loop
      vertex -0.622319 3.12861 -3.51952
      vertex -0.438812 2.96408 -3.67537
      vertex -0.585271 2.94236 -3.67537
    endloop
  endfacet
  facet normal -0.0931466 0.627982 -0.772633
    outer loop
      vertex -0.438812 2.96408 -3.67537
      vertex -0.622319 3.12861 -3.51952
      vertex -0.312665 3.17454 -3.51952
    endloop
  endfacet
  facet normal -0.103811 0.699879 -0.706678
    outer loop
      vertex -0.312665 3.17454 -3.51952
      vertex -0.622319 3.12861 -3.51952
      vertex -0.344973 3.50257 -3.1899
    endloop
  endfacet
  facet normal -0.0453484 0.922933 -0.38228
    outer loop
      vertex 0 4.29395 -2.03089
      vertex -0.42088 4.27327 -2.03089
      vertex 0 4.47233 -1.60023
    endloop
  endfacet
  facet normal -0.113465 0.765018 -0.633935
    outer loop
      vertex -0.344973 3.50257 -3.1899
      vertex -0.744315 3.74193 -2.82957
      vertex -0.373958 3.79686 -2.82957
    endloop
  endfacet
  facet normal -0.322413 0.901097 0.289956
    outer loop
      vertex -1.33753 4.40924 1.15416
      vertex -1.76327 4.25691 1.15416
      vertex -1.71149 4.1319 1.60023
    endloop
  endfacet
  facet normal -0.72674 0.658693 0.194864
    outer loop
      vertex -3.3224 3.3224 0.696969
      vertex -3.63206 2.98075 0.696969
      vertex -3.56176 2.92306 1.15416
    endloop
  endfacet
  facet normal -0.726752 0.658684 0.19485
    outer loop
      vertex -3.3224 3.3224 0.696969
      vertex -3.56176 2.92306 1.15416
      vertex -3.2581 3.2581 1.15416
    endloop
  endfacet
  facet normal -0.592827 0.799357 -0.0978955
    outer loop
      vertex -2.6104 3.90673 -0.696969
      vertex -3.00974 3.66738 -0.233071
      vertex -2.63578 3.94472 -0.233071
    endloop
  endfacet
  facet normal -0.475038 0.792586 -0.382291
    outer loop
      vertex -2.38559 3.57029 -2.03089
      vertex -2.4847 3.71861 -1.60023
      vertex -2.02415 3.78692 -2.03089
    endloop
  endfacet
  facet normal -0.0488427 0.993997 0.0979003
    outer loop
      vertex 0 4.74428 0.233071
      vertex -0.46502 4.72143 0.233071
      vertex -0.460542 4.67596 0.696969
    endloop
  endfacet
  facet normal -0.187911 0.750202 0.633945
    outer loop
      vertex -0.744315 3.74193 2.82957
      vertex -1.02166 3.36797 3.1899
      vertex -0.686624 3.45189 3.1899
    endloop
  endfacet
  facet normal -0.0469477 0.955887 0.28996
    outer loop
      vertex 0 4.47233 1.60023
      vertex -0.451628 4.58546 1.15416
      vertex -0.438365 4.4508 1.60023
    endloop
  endfacet
  facet normal 0.0481377 0.979649 0.194862
    outer loop
      vertex 0 4.69859 0.696969
      vertex 0 4.60765 1.15416
      vertex 0.460542 4.67596 0.696969
    endloop
  endfacet
  facet normal -0.453517 0.756648 0.470962
    outer loop
      vertex -1.92057 3.59313 2.44199
      vertex -2.38559 3.57029 2.03089
      vertex -2.26351 3.38758 2.44199
    endloop
  endfacet
  facet normal 0.0453484 0.922933 0.38228
    outer loop
      vertex 0 4.47233 1.60023
      vertex 0 4.29395 2.03089
      vertex 0.42088 4.27327 2.03089
    endloop
  endfacet
  facet normal 0.0490785 0.998795 -0
    outer loop
      vertex 0.46502 4.72143 -0.233071
      vertex 0 4.74428 0.233071
      vertex 0.46502 4.72143 0.233071
    endloop
  endfacet
  facet normal 0.0490785 0.998795 0
    outer loop
      vertex 0 4.74428 0.233071
      vertex 0.46502 4.72143 -0.233071
      vertex 0 4.74428 -0.233071
    endloop
  endfacet
  facet normal 0.0488427 0.993997 0.0979003
    outer loop
      vertex 0.46502 4.72143 0.233071
      vertex 0 4.74428 0.233071
      vertex 0.460542 4.67596 0.696969
    endloop
  endfacet
  facet normal -0.709123 0.642702 0.289963
    outer loop
      vertex -3.16242 3.16242 1.60023
      vertex -3.56176 2.92306 1.15416
      vertex -3.45716 2.83722 1.60023
    endloop
  endfacet
  facet normal -0.642702 0.709123 0.289963
    outer loop
      vertex -2.92306 3.56176 1.15416
      vertex -3.16242 3.16242 1.60023
      vertex -2.83722 3.45716 1.60023
    endloop
  endfacet
  facet normal -0.395079 0.83532 0.3823
    outer loop
      vertex -1.71149 4.1319 1.60023
      vertex -2.10824 3.94425 1.60023
      vertex -1.64322 3.96709 2.03089
    endloop
  endfacet
  facet normal -0.511628 0.853612 0.0978962
    outer loop
      vertex -2.2149 4.14378 0.696969
      vertex -2.63578 3.94472 0.233071
      vertex -2.6104 3.90673 0.696969
    endloop
  endfacet
  facet normal -0.3113 0.870023 0.382299
    outer loop
      vertex -1.29825 4.27976 1.60023
      vertex -1.71149 4.1319 1.60023
      vertex -1.24647 4.10905 2.03089
    endloop
  endfacet
  facet normal -0.330663 0.699126 0.633944
    outer loop
      vertex -1.46003 3.52482 2.82957
      vertex -1.79849 3.36474 2.82957
      vertex -1.34686 3.25161 3.1899
    endloop
  endfacet
  facet normal -0.202119 0.806845 0.555112
    outer loop
      vertex -0.794839 3.99593 2.44199
      vertex -1.1075 3.65095 2.82957
      vertex -0.744315 3.74193 2.82957
    endloop
  endfacet
  facet normal -0.213875 0.597739 0.772635
    outer loop
      vertex -0.92598 3.05255 3.51952
      vertex -1.22072 2.94709 3.51952
      vertex -0.821381 2.70773 3.81524
    endloop
  endfacet
  facet normal -0.171912 0.686338 0.706672
    outer loop
      vertex -0.622319 3.12861 3.51952
      vertex -1.02166 3.36797 3.1899
      vertex -0.92598 3.05255 3.51952
    endloop
  endfacet
  facet normal -0.171914 0.686337 0.706674
    outer loop
      vertex -0.686624 3.45189 3.1899
      vertex -1.02166 3.36797 3.1899
      vertex -0.622319 3.12861 3.51952
    endloop
  endfacet
  facet normal 0.666181 -0.238364 0.706672
    outer loop
      vertex 3.05255 -0.92598 3.51952
      vertex 2.94709 -1.22072 3.51952
      vertex 3.36797 -1.02166 3.1899
    endloop
  endfacet
  facet normal 0.728169 -0.260547 0.633944
    outer loop
      vertex 3.36797 -1.02166 3.1899
      vertex 3.25161 -1.34686 3.1899
      vertex 3.52482 -1.46003 2.82957
    endloop
  endfacet
  facet normal 0.772454 0.037966 0.633935
    outer loop
      vertex 3.79686 0.373958 2.82957
      vertex 3.50257 0.344973 3.1899
      vertex 3.81524 0 2.82957
    endloop
  endfacet
  facet normal 0.881092 0.0432888 0.470959
    outer loop
      vertex 4.29395 0 2.03089
      vertex 4.05459 0.399342 2.44199
      vertex 4.07421 0 2.44199
    endloop
  endfacet
  facet normal 0.922933 -0.0453484 0.38228
    outer loop
      vertex 4.29395 0 2.03089
      vertex 4.27327 -0.42088 2.03089
      vertex 4.47233 0 1.60023
    endloop
  endfacet
  facet normal 0.830771 0.0408323 0.555114
    outer loop
      vertex 4.05459 0.399342 2.44199
      vertex 3.79686 0.373958 2.82957
      vertex 3.81524 0 2.82957
    endloop
  endfacet
  facet normal 0.822773 0.122034 0.555114
    outer loop
      vertex 3.99593 0.794839 2.44199
      vertex 3.79686 0.373958 2.82957
      vertex 4.05459 0.399342 2.44199
    endloop
  endfacet
  facet normal 0.881092 -0.0432888 0.470959
    outer loop
      vertex 4.07421 0 2.44199
      vertex 4.05459 -0.399342 2.44199
      vertex 4.29395 0 2.03089
    endloop
  endfacet
  facet normal 0.955844 0.0470921 0.290077
    outer loop
      vertex 4.47233 0 1.60023
      vertex 4.52838 0.137223 1.39326
      vertex 4.52802 0.222328 1.38063
    endloop
  endfacet
  facet normal 0.955886 0.0469126 0.289969
    outer loop
      vertex 4.52838 0.137223 1.39326
      vertex 4.47233 0 1.60023
      vertex 4.53307 0 1.4
    endloop
  endfacet
  facet normal 0.841289 -0.504244 0.19486
    outer loop
      vertex 4.06358 -2.17203 1.15416
      vertex 3.83112 -2.55987 1.15416
      vertex 4.14378 -2.2149 0.696969
    endloop
  endfacet
  facet normal 0.951431 -0.238336 0.194869
    outer loop
      vertex 4.40924 -1.33753 1.15416
      vertex 4.52978 -1.16406 0.777798
      vertex 4.5278 -1.08687 0.881873
    endloop
  endfacet
  facet normal 0.951433 -0.238325 0.194875
    outer loop
      vertex 4.49627 -1.36393 0.696969
      vertex 4.52978 -1.16406 0.777798
      vertex 4.40924 -1.33753 1.15416
    endloop
  endfacet
  facet normal 0.951441 -0.238316 0.194848
    outer loop
      vertex 4.52978 -1.16406 0.777798
      vertex 4.49627 -1.36393 0.696969
      vertex 4.5342 -1.2125 0.696969
    endloop
  endfacet
  facet normal 0.951432 -0.238325 0.194881
    outer loop
      vertex 4.51911 -0.898907 1.15416
      vertex 4.52994 -0.989949 0.989949
      vertex 4.53563 -0.902192 1.06949
    endloop
  endfacet
  facet normal 0.951433 -0.238323 0.19488
    outer loop
      vertex 4.40924 -1.33753 1.15416
      vertex 4.52994 -0.989949 0.989949
      vertex 4.51911 -0.898907 1.15416
    endloop
  endfacet
  facet normal 0.951433 -0.238326 0.194874
    outer loop
      vertex 4.52994 -0.989949 0.989949
      vertex 4.40924 -1.33753 1.15416
      vertex 4.52768 -1.08221 0.88815
    endloop
  endfacet
  facet normal 0.95144 -0.238183 0.195014
    outer loop
      vertex 4.52768 -1.08221 0.88815
      vertex 4.40924 -1.33753 1.15416
      vertex 4.5278 -1.08687 0.881873
    endloop
  endfacet
  facet normal 0.923496 -0.330427 0.194866
    outer loop
      vertex 4.40924 -1.33753 1.15416
      vertex 4.25691 -1.76327 1.15416
      vertex 4.34093 -1.79807 0.696969
    endloop
  endfacet
  facet normal 0.896348 -0.224525 0.382294
    outer loop
      vertex 4.21144 -0.837708 2.03089
      vertex 4.10905 -1.24647 2.03089
      vertex 4.3864 -0.872509 1.60023
    endloop
  endfacet
  facet normal 0.896348 -0.224518 0.382299
    outer loop
      vertex 4.3864 -0.872509 1.60023
      vertex 4.10905 -1.24647 2.03089
      vertex 4.27976 -1.29825 1.60023
    endloop
  endfacet
  facet normal 0.83059 -0.297191 0.470953
    outer loop
      vertex 4.10905 -1.24647 2.03089
      vertex 3.76408 -1.55913 2.44199
      vertex 3.96709 -1.64322 2.03089
    endloop
  endfacet
  facet normal 0.79746 -0.377178 0.470951
    outer loop
      vertex 3.96709 -1.64322 2.03089
      vertex 3.59313 -1.92057 2.44199
      vertex 3.78692 -2.02415 2.03089
    endloop
  endfacet
  facet normal 0.713432 -0.427628 0.555112
    outer loop
      vertex 3.36474 -1.79849 2.82957
      vertex 3.17225 -2.11963 2.82957
      vertex 3.38758 -2.26351 2.44199
    endloop
  endfacet
  facet normal 0.663348 -0.397608 0.633938
    outer loop
      vertex 3.36474 -1.79849 2.82957
      vertex 2.92637 -1.95534 3.1899
      vertex 3.17225 -2.11963 2.82957
    endloop
  endfacet
  facet normal 0.783163 -0.280204 0.555105
    outer loop
      vertex 3.65095 -1.1075 2.82957
      vertex 3.52482 -1.46003 2.82957
      vertex 3.76408 -1.55913 2.44199
    endloop
  endfacet
  facet normal 0.783145 -0.280222 0.555121
    outer loop
      vertex 3.89878 -1.18268 2.44199
      vertex 3.65095 -1.1075 2.82957
      vertex 3.76408 -1.55913 2.44199
    endloop
  endfacet
  facet normal 0.0453484 -0.922933 0.38228
    outer loop
      vertex 0 -4.29395 2.03089
      vertex 0 -4.47233 1.60023
      vertex 0.42088 -4.27327 2.03089
    endloop
  endfacet
  facet normal 0.129425 -0.872611 0.470956
    outer loop
      vertex 0.794839 -3.99593 2.44199
      vertex 0.399342 -4.05459 2.44199
      vertex 0.42088 -4.27327 2.03089
    endloop
  endfacet
  facet normal 0.122034 -0.822773 0.555114
    outer loop
      vertex 0.794839 -3.99593 2.44199
      vertex 0.373958 -3.79686 2.82957
      vertex 0.399342 -4.05459 2.44199
    endloop
  endfacet
  facet normal 0.0408169 -0.830779 0.555103
    outer loop
      vertex 0 -3.81524 2.82957
      vertex 0 -4.07421 2.44199
      vertex 0.399342 -4.05459 2.44199
    endloop
  endfacet
  facet normal 0.21435 -0.855724 0.470947
    outer loop
      vertex 1.18268 -3.89878 2.44199
      vertex 0.794839 -3.99593 2.44199
      vertex 1.24647 -4.10905 2.03089
    endloop
  endfacet
  facet normal 0.297199 -0.830591 0.470948
    outer loop
      vertex 1.55913 -3.76408 2.44199
      vertex 1.18268 -3.89878 2.44199
      vertex 1.24647 -4.10905 2.03089
    endloop
  endfacet
  facet normal 0.0408323 -0.830771 0.555114
    outer loop
      vertex 0.373958 -3.79686 2.82957
      vertex 0 -3.81524 2.82957
      vertex 0.399342 -4.05459 2.44199
    endloop
  endfacet
  facet normal 0.330663 -0.699126 0.633944
    outer loop
      vertex 1.79849 -3.36474 2.82957
      vertex 1.34686 -3.25161 3.1899
      vertex 1.46003 -3.52482 2.82957
    endloop
  endfacet
  facet normal 0.135586 -0.914038 0.382297
    outer loop
      vertex 0.872509 -4.3864 1.60023
      vertex 0.42088 -4.27327 2.03089
      vertex 0.438365 -4.4508 1.60023
    endloop
  endfacet
  facet normal 0.0453289 -0.922927 0.382297
    outer loop
      vertex 0.42088 -4.27327 2.03089
      vertex 0 -4.47233 1.60023
      vertex 0.438365 -4.4508 1.60023
    endloop
  endfacet
  facet normal 0.0481377 -0.979649 0.194862
    outer loop
      vertex 0 -4.60765 1.15416
      vertex 0 -4.69859 0.696969
      vertex 0.460542 -4.67596 0.696969
    endloop
  endfacet
  facet normal -0.238323 -0.951433 0.194877
    outer loop
      vertex -0.898907 -4.51911 1.15416
      vertex -1.33753 -4.40924 1.15416
      vertex -0.916649 -4.60831 0.696969
    endloop
  endfacet
  facet normal 0.470395 -0.426346 0.77263
    outer loop
      vertex 2.46583 -2.02365 3.51952
      vertex 2.18729 -1.79506 3.81524
      vertex 2.2556 -2.2556 3.51952
    endloop
  endfacet
  facet normal 0.524246 -0.475162 0.706673
    outer loop
      vertex 2.72062 -2.23276 3.1899
      vertex 2.46583 -2.02365 3.51952
      vertex 2.48867 -2.48867 3.1899
    endloop
  endfacet
  facet normal 0.653634 -0.592422 0.470956
    outer loop
      vertex 3.14941 -2.58465 2.44199
      vertex 3.03628 -3.03628 2.03089
      vertex 3.31927 -2.72405 2.03089
    endloop
  endfacet
  facet normal 0.653628 -0.592424 0.47096
    outer loop
      vertex 3.14941 -2.58465 2.44199
      vertex 2.8809 -2.8809 2.44199
      vertex 3.03628 -3.03628 2.03089
    endloop
  endfacet
  facet normal 0.639605 -0.302503 0.706681
    outer loop
      vertex 3.25161 -1.34686 3.1899
      vertex 2.81324 -1.50371 3.51952
      vertex 3.10394 -1.65909 3.1899
    endloop
  endfacet
  facet normal 0.606867 -0.363752 0.70668
    outer loop
      vertex 3.10394 -1.65909 3.1899
      vertex 2.81324 -1.50371 3.51952
      vertex 2.92637 -1.95534 3.1899
    endloop
  endfacet
  facet normal 0.476931 -0.285843 0.831163
    outer loop
      vertex 2.15364 -1.15114 4.07421
      vertex 2.03044 -1.3567 4.07421
      vertex 2.3527 -1.57203 3.81524
    endloop
  endfacet
  facet normal 0.5683 -0.421483 0.706673
    outer loop
      vertex 2.92637 -1.95534 3.1899
      vertex 2.46583 -2.02365 3.51952
      vertex 2.72062 -2.23276 3.1899
    endloop
  endfacet
  facet normal 0.378978 -0.281083 0.881685
    outer loop
      vertex 2.03044 -1.3567 4.07421
      vertex 1.68862 -1.1283 4.29395
      vertex 1.88768 -1.54918 4.07421
    endloop
  endfacet
  facet normal 0.0692485 -0.466735 0.881682
    outer loop
      vertex 0.396206 -1.99186 4.29395
      vertex 0.199061 -2.02111 4.29395
      vertex 0.239356 -2.43023 4.07421
    endloop
  endfacet
  facet normal 0.606891 -0.363737 0.706668
    outer loop
      vertex 2.81324 -1.50371 3.51952
      vertex 2.65231 -1.77222 3.51952
      vertex 2.92637 -1.95534 3.1899
    endloop
  endfacet
  facet normal 0.476916 -0.285853 0.831168
    outer loop
      vertex 2.49546 -1.33385 3.81524
      vertex 2.15364 -1.15114 4.07421
      vertex 2.3527 -1.57203 3.81524
    endloop
  endfacet
  facet normal 0.525502 -0.708554 0.470956
    outer loop
      vertex 2.58465 -3.14941 2.44199
      vertex 2.38559 -3.57029 2.03089
      vertex 2.72405 -3.31927 2.03089
    endloop
  endfacet
  facet normal 0.51937 -0.573034 0.633945
    outer loop
      vertex 2.69778 -2.69778 2.82957
      vertex 2.23276 -2.72062 3.1899
      vertex 2.42036 -2.94922 2.82957
    endloop
  endfacet
  facet normal 0.363737 -0.606891 0.706668
    outer loop
      vertex 1.77222 -2.65231 3.51952
      vertex 1.50371 -2.81324 3.51952
      vertex 1.95534 -2.92637 3.1899
    endloop
  endfacet
  facet normal 0.421494 -0.568298 0.706668
    outer loop
      vertex 2.02365 -2.46583 3.51952
      vertex 1.77222 -2.65231 3.51952
      vertex 1.95534 -2.92637 3.1899
    endloop
  endfacet
  facet normal 0.475038 -0.792586 0.382291
    outer loop
      vertex 2.38559 -3.57029 2.03089
      vertex 2.02415 -3.78692 2.03089
      vertex 2.4847 -3.71861 1.60023
    endloop
  endfacet
  facet normal 0.322418 -0.901096 0.289951
    outer loop
      vertex 1.71149 -4.1319 1.60023
      vertex 1.29825 -4.27976 1.60023
      vertex 1.33753 -4.40924 1.15416
    endloop
  endfacet
  facet normal 0.302503 -0.639605 0.706681
    outer loop
      vertex 1.50371 -2.81324 3.51952
      vertex 1.34686 -3.25161 3.1899
      vertex 1.65909 -3.10394 3.1899
    endloop
  endfacet
  facet normal 0.355633 -0.75192 0.555105
    outer loop
      vertex 1.79849 -3.36474 2.82957
      vertex 1.46003 -3.52482 2.82957
      vertex 1.55913 -3.76408 2.44199
    endloop
  endfacet
  facet normal 0.592422 -0.653634 0.470956
    outer loop
      vertex 3.03628 -3.03628 2.03089
      vertex 2.58465 -3.14941 2.44199
      vertex 2.72405 -3.31927 2.03089
    endloop
  endfacet
  facet normal 0.592424 -0.653628 0.47096
    outer loop
      vertex 2.8809 -2.8809 2.44199
      vertex 2.58465 -3.14941 2.44199
      vertex 3.03628 -3.03628 2.03089
    endloop
  endfacet
  facet normal 0.0970721 0.0143988 0.995173
    outer loop
      vertex 0.683578 0.135972 4.69859
      vertex 0.228593 0.0454693 4.74428
      vertex 0.231949 0.0228443 4.74428
    endloop
  endfacet
  facet normal 0.193202 0.0286559 0.98074
    outer loop
      vertex 1.1486 0.113127 4.60765
      vertex 0.683578 0.135972 4.69859
      vertex 0.693613 0.0683146 4.69859
    endloop
  endfacet
  facet normal -0.0788231 0.0584566 0.995173
    outer loop
      vertex -0.180166 0.147859 4.74428
      vertex -0.579509 0.387216 4.69859
      vertex -0.193791 0.129487 4.74428
    endloop
  endfacet
  facet normal -0.0841733 0.0504498 0.995173
    outer loop
      vertex -0.579509 0.387216 4.69859
      vertex -0.614672 0.328548 4.69859
      vertex -0.20555 0.109869 4.74428
    endloop
  endfacet
  facet normal 0.539368 -0.135107 0.831161
    outer loop
      vertex 2.39507 -0.476408 4.07421
      vertex 2.33684 -0.708871 4.07421
      vertex 2.7752 -0.552022 3.81524
    endloop
  endfacet
  facet normal 0.471275 0.023154 0.881682
    outer loop
      vertex 2.43023 0.239356 4.07421
      vertex 2.02111 0.199061 4.29395
      vertex 2.03089 0 4.29395
    endloop
  endfacet
  facet normal 0.444254 0.158968 0.881684
    outer loop
      vertex 2.2561 0.934508 4.07421
      vertex 1.87629 0.777186 4.29395
      vertex 2.33684 0.708871 4.07421
    endloop
  endfacet
  facet normal 0.371588 0.0930656 0.923721
    outer loop
      vertex 1.94344 0.589535 4.29395
      vertex 1.53132 0.46452 4.47233
      vertex 1.99186 0.396206 4.29395
    endloop
  endfacet
  facet normal 0.550015 -0.0815793 0.831161
    outer loop
      vertex 2.43023 -0.239356 4.07421
      vertex 2.39507 -0.476408 4.07421
      vertex 2.7752 -0.552022 3.81524
    endloop
  endfacet
  facet normal 0.466735 -0.0692485 0.881682
    outer loop
      vertex 2.02111 -0.199061 4.29395
      vertex 1.99186 -0.396206 4.29395
      vertex 2.43023 -0.239356 4.07421
    endloop
  endfacet
  facet normal 0.382603 0.0187976 0.923721
    outer loop
      vertex 2.02111 0.199061 4.29395
      vertex 1.59252 0.156849 4.47233
      vertex 2.03089 0 4.29395
    endloop
  endfacet
  facet normal 0.287472 0.0426381 0.95684
    outer loop
      vertex 1.56948 0.312188 4.47233
      vertex 1.13198 0.225164 4.60765
      vertex 1.59252 0.156849 4.47233
    endloop
  endfacet
  facet normal 0.262708 -0.124265 0.95684
    outer loop
      vertex 1.47842 -0.61238 4.47233
      vertex 1.0663 -0.441676 4.60765
      vertex 1.41127 -0.754341 4.47233
    endloop
  endfacet
  facet normal 0.360685 -0.129043 0.923718
    outer loop
      vertex 1.53132 -0.46452 4.47233
      vertex 1.47842 -0.61238 4.47233
      vertex 1.87629 -0.777186 4.29395
    endloop
  endfacet
  facet normal 0.426543 -0.201734 0.881683
    outer loop
      vertex 1.87629 -0.777186 4.29395
      vertex 1.79108 -0.957353 4.29395
      vertex 2.15364 -1.15114 4.07421
    endloop
  endfacet
  facet normal 0.34629 -0.163778 0.923721
    outer loop
      vertex 1.87629 -0.777186 4.29395
      vertex 1.41127 -0.754341 4.47233
      vertex 1.79108 -0.957353 4.29395
    endloop
  endfacet
  facet normal 0.11635 0.15688 0.98074
    outer loop
      vertex 0.641214 0.959645 4.60765
      vertex 0.387216 0.579509 4.69859
      vertex 0.732188 0.892174 4.60765
    endloop
  endfacet
  facet normal 0.509917 0.378179 0.772636
    outer loop
      vertex 2.65231 1.77222 3.51952
      vertex 2.18729 1.79506 3.81524
      vertex 2.3527 1.57203 3.81524
    endloop
  endfacet
  facet normal 0.15425 0.615826 0.772635
    outer loop
      vertex 0.92598 3.05255 3.51952
      vertex 0.622319 3.12861 3.51952
      vertex 0.821381 2.70773 3.81524
    endloop
  endfacet
  facet normal 0.328568 0.196933 0.923721
    outer loop
      vertex 1.68862 1.1283 4.29395
      vertex 1.41127 0.754341 4.47233
      vertex 1.79108 0.957353 4.29395
    endloop
  endfacet
  facet normal 0.446593 0.331233 0.831167
    outer loop
      vertex 2.18729 1.79506 3.81524
      vertex 1.88768 1.54918 4.07421
      vertex 2.03044 1.3567 4.07421
    endloop
  endfacet
  facet normal 0.285853 0.476916 0.831168
    outer loop
      vertex 1.33385 2.49546 3.81524
      vertex 1.15114 2.15364 4.07421
      vertex 1.57203 2.3527 3.81524
    endloop
  endfacet
  facet normal 0.421494 0.568298 0.706668
    outer loop
      vertex 1.95534 2.92637 3.1899
      vertex 1.77222 2.65231 3.51952
      vertex 2.02365 2.46583 3.51952
    endloop
  endfacet
  facet normal 0.171912 0.686338 0.706672
    outer loop
      vertex 1.02166 3.36797 3.1899
      vertex 0.622319 3.12861 3.51952
      vertex 0.92598 3.05255 3.51952
    endloop
  endfacet
  facet normal 0.568298 0.421494 0.706668
    outer loop
      vertex 2.92637 1.95534 3.1899
      vertex 2.46583 2.02365 3.51952
      vertex 2.65231 1.77222 3.51952
    endloop
  endfacet
  facet normal 0.509914 0.378192 0.772631
    outer loop
      vertex 2.46583 2.02365 3.51952
      vertex 2.18729 1.79506 3.81524
      vertex 2.65231 1.77222 3.51952
    endloop
  endfacet
  facet normal 0.756662 0.453507 0.47095
    outer loop
      vertex 3.78692 2.02415 2.03089
      vertex 3.57029 2.38559 2.03089
      vertex 3.59313 1.92057 2.44199
    endloop
  endfacet
  facet normal 0.663348 0.397608 0.633938
    outer loop
      vertex 3.17225 2.11963 2.82957
      vertex 2.92637 1.95534 3.1899
      vertex 3.36474 1.79849 2.82957
    endloop
  endfacet
  facet normal 0.686338 0.171912 0.706672
    outer loop
      vertex 3.36797 1.02166 3.1899
      vertex 3.05255 0.92598 3.51952
      vertex 3.12861 0.622319 3.51952
    endloop
  endfacet
  facet normal 0.523522 0.187323 0.831165
    outer loop
      vertex 2.61418 1.08283 3.81524
      vertex 2.2561 0.934508 4.07421
      vertex 2.70773 0.821381 3.81524
    endloop
  endfacet
  facet normal 0.550004 -0.0815967 0.831167
    outer loop
      vertex 2.81595 -0.277346 3.81524
      vertex 2.43023 -0.239356 4.07421
      vertex 2.7752 -0.552022 3.81524
    endloop
  endfacet
  facet normal 0.706684 0.0347166 0.706677
    outer loop
      vertex 3.50257 0.344973 3.1899
      vertex 3.17454 0.312665 3.51952
      vertex 3.1899 0 3.51952
    endloop
  endfacet
  facet normal 0.772448 -0.0379537 0.633942
    outer loop
      vertex 3.51952 0 3.1899
      vertex 3.50257 -0.344973 3.1899
      vertex 3.81524 0 2.82957
    endloop
  endfacet
  facet normal 0.772448 0.0379537 0.633942
    outer loop
      vertex 3.81524 0 2.82957
      vertex 3.50257 0.344973 3.1899
      vertex 3.51952 0 3.1899
    endloop
  endfacet
  facet normal 0.495479 0.668095 0.555112
    outer loop
      vertex 2.26351 3.38758 2.44199
      vertex 2.11963 3.17225 2.82957
      vertex 2.42036 2.94922 2.82957
    endloop
  endfacet
  facet normal 0.524246 0.475162 0.706673
    outer loop
      vertex 2.48867 2.48867 3.1899
      vertex 2.46583 2.02365 3.51952
      vertex 2.72062 2.23276 3.1899
    endloop
  endfacet
  facet normal 0.616304 0.558595 0.555105
    outer loop
      vertex 2.8809 2.8809 2.44199
      vertex 2.69778 2.69778 2.82957
      vertex 3.14941 2.58465 2.44199
    endloop
  endfacet
  facet normal 0.616306 0.558589 0.555108
    outer loop
      vertex 3.14941 2.58465 2.44199
      vertex 2.69778 2.69778 2.82957
      vertex 2.94922 2.42036 2.82957
    endloop
  endfacet
  facet normal 0.558595 0.616304 0.555105
    outer loop
      vertex 2.8809 2.8809 2.44199
      vertex 2.58465 3.14941 2.44199
      vertex 2.69778 2.69778 2.82957
    endloop
  endfacet
  facet normal 0.653634 0.592422 0.470956
    outer loop
      vertex 3.31927 2.72405 2.03089
      vertex 3.03628 3.03628 2.03089
      vertex 3.14941 2.58465 2.44199
    endloop
  endfacet
  facet normal 0.129425 0.872611 0.470956
    outer loop
      vertex 0.42088 4.27327 2.03089
      vertex 0.399342 4.05459 2.44199
      vertex 0.794839 3.99593 2.44199
    endloop
  endfacet
  facet normal 0.355635 0.75192 0.555103
    outer loop
      vertex 1.92057 3.59313 2.44199
      vertex 1.55913 3.76408 2.44199
      vertex 1.79849 3.36474 2.82957
    endloop
  endfacet
  facet normal 0.238364 0.666181 0.706672
    outer loop
      vertex 1.02166 3.36797 3.1899
      vertex 0.92598 3.05255 3.51952
      vertex 1.22072 2.94709 3.51952
    endloop
  endfacet
  facet normal 0.302524 0.639605 0.706671
    outer loop
      vertex 1.34686 3.25161 3.1899
      vertex 1.22072 2.94709 3.51952
      vertex 1.50371 2.81324 3.51952
    endloop
  endfacet
  facet normal -0.302503 0.639605 0.706681
    outer loop
      vertex -1.34686 3.25161 3.1899
      vertex -1.65909 3.10394 3.1899
      vertex -1.50371 2.81324 3.51952
    endloop
  endfacet
  facet normal -0.708554 0.525502 0.470956
    outer loop
      vertex -3.31927 2.72405 2.03089
      vertex -3.57029 2.38559 2.03089
      vertex -3.14941 2.58465 2.44199
    endloop
  endfacet
  facet normal -0.193202 0.0286559 0.98074
    outer loop
      vertex -0.683578 0.135972 4.69859
      vertex -1.1486 0.113127 4.60765
      vertex -0.693613 0.0683146 4.69859
    endloop
  endfacet
  facet normal -0.242573 0.404715 0.881683
    outer loop
      vertex -0.957353 1.79108 4.29395
      vertex -1.15114 2.15364 4.07421
      vertex -1.1283 1.68862 4.29395
    endloop
  endfacet
  facet normal 0.241817 0.965371 -0.0978933
    outer loop
      vertex 1.36393 4.49627 -0.696969
      vertex 0.916649 4.60831 -0.696969
      vertex 1.37719 4.53999 -0.233071
    endloop
  endfacet
  facet normal 0.241819 0.96537 0.0978956
    outer loop
      vertex 0.925562 4.65312 0.233071
      vertex 0.916649 4.60831 0.696969
      vertex 1.37719 4.53999 0.233071
    endloop
  endfacet
  facet normal 0.241817 0.965371 0.0978933
    outer loop
      vertex 1.37719 4.53999 0.233071
      vertex 0.916649 4.60831 0.696969
      vertex 1.36393 4.49627 0.696969
    endloop
  endfacet
  facet normal 0.425498 0.899647 -0.0979116
    outer loop
      vertex 2.2149 4.14378 -0.696969
      vertex 1.81556 4.38314 -0.233071
      vertex 2.23644 4.18408 -0.233071
    endloop
  endfacet
  facet normal 0.425508 0.899643 -0.097901
    outer loop
      vertex 2.2149 4.14378 -0.696969
      vertex 1.79807 4.34093 -0.696969
      vertex 1.81556 4.38314 -0.233071
    endloop
  endfacet
  facet normal 0.750206 0.187931 0.633934
    outer loop
      vertex 3.65095 1.1075 2.82957
      vertex 3.36797 1.02166 3.1899
      vertex 3.74193 0.744315 2.82957
    endloop
  endfacet
  facet normal 0.728183 0.260533 0.633934
    outer loop
      vertex 3.52482 1.46003 2.82957
      vertex 3.36797 1.02166 3.1899
      vertex 3.65095 1.1075 2.82957
    endloop
  endfacet
  facet normal 0.830591 0.297199 0.470948
    outer loop
      vertex 4.10905 1.24647 2.03089
      vertex 3.76408 1.55913 2.44199
      vertex 3.89878 1.18268 2.44199
    endloop
  endfacet
  facet normal 0.855724 0.214349 0.470946
    outer loop
      vertex 4.10905 1.24647 2.03089
      vertex 3.99593 0.794839 2.44199
      vertex 4.21144 0.837708 2.03089
    endloop
  endfacet
  facet normal 0.504244 0.841289 0.19486
    outer loop
      vertex 2.2149 4.14378 0.696969
      vertex 2.17203 4.06358 1.15416
      vertex 2.55987 3.83112 1.15416
    endloop
  endfacet
  facet normal 0.330435 0.923491 0.194875
    outer loop
      vertex 1.36393 4.49627 0.696969
      vertex 1.33753 4.40924 1.15416
      vertex 1.79807 4.34093 0.696969
    endloop
  endfacet
  facet normal 0.187911 0.750202 0.633945
    outer loop
      vertex 0.744315 3.74193 2.82957
      vertex 0.686624 3.45189 3.1899
      vertex 1.02166 3.36797 3.1899
    endloop
  endfacet
  facet normal 0.122034 0.822773 0.555114
    outer loop
      vertex 0.399342 4.05459 2.44199
      vertex 0.373958 3.79686 2.82957
      vertex 0.794839 3.99593 2.44199
    endloop
  endfacet
  facet normal 0.224518 0.896348 0.382299
    outer loop
      vertex 1.29825 4.27976 1.60023
      vertex 0.872509 4.3864 1.60023
      vertex 1.24647 4.10905 2.03089
    endloop
  endfacet
  facet normal 0.232543 0.928358 0.289957
    outer loop
      vertex 0.898907 4.51911 1.15416
      vertex 0.872509 4.3864 1.60023
      vertex 1.33753 4.40924 1.15416
    endloop
  endfacet
  facet normal 0.820882 -0.492013 -0.289958
    outer loop
      vertex 4.06358 -2.17203 -1.15416
      vertex 3.83112 -2.55987 -1.15416
      vertex 3.94425 -2.10824 -1.60023
    endloop
  endfacet
  facet normal 0.841289 -0.504244 -0.19486
    outer loop
      vertex 4.14378 -2.2149 -0.696969
      vertex 3.83112 -2.55987 -1.15416
      vertex 4.06358 -2.17203 -1.15416
    endloop
  endfacet
  facet normal 0.896348 -0.224518 -0.382299
    outer loop
      vertex 4.27976 -1.29825 -1.60023
      vertex 4.10905 -1.24647 -2.03089
      vertex 4.3864 -0.872509 -1.60023
    endloop
  endfacet
  facet normal 0.872614 -0.129439 -0.470946
    outer loop
      vertex 4.21144 -0.837708 -2.03089
      vertex 3.99593 -0.794839 -2.44199
      vertex 4.27327 -0.42088 -2.03089
    endloop
  endfacet
  facet normal 0.922927 -0.0453289 -0.382297
    outer loop
      vertex 4.4508 -0.438365 -1.60023
      vertex 4.27327 -0.42088 -2.03089
      vertex 4.47233 0 -1.60023
    endloop
  endfacet
  facet normal 0.901096 0.322418 -0.289951
    outer loop
      vertex 4.27976 1.29825 -1.60023
      vertex 4.1319 1.71149 -1.60023
      vertex 4.40924 1.33753 -1.15416
    endloop
  endfacet
  facet normal 0.937048 0.335283 0.0976031
    outer loop
      vertex 4.38314 1.81556 0.233071
      vertex 4.53854 1.37675 0.248522
      vertex 4.53933 1.37904 0.233071
    endloop
  endfacet
  facet normal 0.937017 0.335282 0.0979068
    outer loop
      vertex 4.53854 1.37675 0.248522
      vertex 4.38314 1.81556 0.233071
      vertex 4.49627 1.36393 0.696969
    endloop
  endfacet
  facet normal 0.93702 0.335276 0.0978999
    outer loop
      vertex 4.38314 1.81556 0.233071
      vertex 4.34093 1.79807 0.696969
      vertex 4.49627 1.36393 0.696969
    endloop
  endfacet
  facet normal 0.653634 0.592422 -0.470956
    outer loop
      vertex 3.14941 2.58465 -2.44199
      vertex 3.03628 3.03628 -2.03089
      vertex 3.31927 2.72405 -2.03089
    endloop
  endfacet
  facet normal 0.58428 0.78781 -0.194864
    outer loop
      vertex 2.92306 3.56176 -1.15416
      vertex 2.55987 3.83112 -1.15416
      vertex 2.98075 3.63206 -0.696969
    endloop
  endfacet
  facet normal 0.570112 0.768698 -0.289958
    outer loop
      vertex 2.83722 3.45716 -1.60023
      vertex 2.4847 3.71861 -1.60023
      vertex 2.55987 3.83112 -1.15416
    endloop
  endfacet
  facet normal 0.570107 0.7687 -0.289963
    outer loop
      vertex 2.83722 3.45716 -1.60023
      vertex 2.55987 3.83112 -1.15416
      vertex 2.92306 3.56176 -1.15416
    endloop
  endfacet
  facet normal 0.737383 0.668341 -0.0979072
    outer loop
      vertex 3.66738 3.00974 -0.233071
      vertex 3.3224 3.3224 -0.696969
      vertex 3.35471 3.35471 -0.233071
    endloop
  endfacet
  facet normal 0.7687 0.570107 -0.289963
    outer loop
      vertex 3.83112 2.55987 -1.15416
      vertex 3.45716 2.83722 -1.60023
      vertex 3.56176 2.92306 -1.15416
    endloop
  endfacet
  facet normal 0.558589 0.616306 -0.555108
    outer loop
      vertex 2.69778 2.69778 -2.82957
      vertex 2.42036 2.94922 -2.82957
      vertex 2.58465 3.14941 -2.44199
    endloop
  endfacet
  facet normal 0.558595 0.616304 -0.555105
    outer loop
      vertex 2.69778 2.69778 -2.82957
      vertex 2.58465 3.14941 -2.44199
      vertex 2.8809 2.8809 -2.44199
    endloop
  endfacet
  facet normal 0.853603 0.51164 -0.0979114
    outer loop
      vertex 4.14378 2.2149 -0.696969
      vertex 3.94472 2.63578 -0.233071
      vertex 4.18408 2.23644 -0.233071
    endloop
  endfacet
  facet normal 0.853612 0.511628 -0.0978962
    outer loop
      vertex 4.14378 2.2149 -0.696969
      vertex 3.90673 2.6104 -0.696969
      vertex 3.94472 2.63578 -0.233071
    endloop
  endfacet
  facet normal 0.787811 0.58428 -0.194864
    outer loop
      vertex 3.83112 2.55987 -1.15416
      vertex 3.63206 2.98075 -0.696969
      vertex 3.90673 2.6104 -0.696969
    endloop
  endfacet
  facet normal 0.78781 0.58428 -0.194864
    outer loop
      vertex 3.83112 2.55987 -1.15416
      vertex 3.56176 2.92306 -1.15416
      vertex 3.63206 2.98075 -0.696969
    endloop
  endfacet
  facet normal 0.928362 0.232537 -0.289951
    outer loop
      vertex 4.3864 0.872509 -1.60023
      vertex 4.27976 1.29825 -1.60023
      vertex 4.40924 1.33753 -1.15416
    endloop
  endfacet
  facet normal 0.928358 0.232543 -0.289957
    outer loop
      vertex 4.51911 0.898907 -1.15416
      vertex 4.3864 0.872509 -1.60023
      vertex 4.40924 1.33753 -1.15416
    endloop
  endfacet
  facet normal 0.923496 0.330427 -0.194866
    outer loop
      vertex 4.40924 1.33753 -1.15416
      vertex 4.25691 1.76327 -1.15416
      vertex 4.34093 1.79807 -0.696969
    endloop
  endfacet
  facet normal 0.901097 0.322413 -0.289956
    outer loop
      vertex 4.40924 1.33753 -1.15416
      vertex 4.1319 1.71149 -1.60023
      vertex 4.25691 1.76327 -1.15416
    endloop
  endfacet
  facet normal 0.686338 0.171912 -0.706672
    outer loop
      vertex 3.12861 0.622319 -3.51952
      vertex 3.05255 0.92598 -3.51952
      vertex 3.36797 1.02166 -3.1899
    endloop
  endfacet
  facet normal 0.61583 0.154251 -0.772632
    outer loop
      vertex 2.9068 0.72723 -3.67537
      vertex 3.05255 0.92598 -3.51952
      vertex 3.12861 0.622319 -3.51952
    endloop
  endfacet
  facet normal 0.615813 0.154272 -0.772642
    outer loop
      vertex 3.05255 0.92598 -3.51952
      vertex 2.9068 0.72723 -3.67537
      vertex 2.87082 0.870853 -3.67537
    endloop
  endfacet
  facet normal 0.686337 0.171914 -0.706674
    outer loop
      vertex 3.45189 0.686624 -3.1899
      vertex 3.12861 0.622319 -3.51952
      vertex 3.36797 1.02166 -3.1899
    endloop
  endfacet
  facet normal 0.699879 0.103811 -0.706678
    outer loop
      vertex 3.17454 0.312665 -3.51952
      vertex 3.12861 0.622319 -3.51952
      vertex 3.50257 0.344973 -3.1899
    endloop
  endfacet
  facet normal 0.91404 0.135584 -0.382294
    outer loop
      vertex 4.27327 0.42088 -2.03089
      vertex 4.21144 0.837708 -2.03089
      vertex 4.3864 0.872509 -1.60023
    endloop
  endfacet
  facet normal 0.806842 0.202105 -0.555121
    outer loop
      vertex 3.99593 0.794839 -2.44199
      vertex 3.65095 1.1075 -2.82957
      vertex 3.89878 1.18268 -2.44199
    endloop
  endfacet
  facet normal 0.855724 0.214349 -0.470946
    outer loop
      vertex 4.21144 0.837708 -2.03089
      vertex 3.99593 0.794839 -2.44199
      vertex 4.10905 1.24647 -2.03089
    endloop
  endfacet
  facet normal 0.783145 0.280222 -0.555121
    outer loop
      vertex 3.89878 1.18268 -2.44199
      vertex 3.65095 1.1075 -2.82957
      vertex 3.76408 1.55913 -2.44199
    endloop
  endfacet
  facet normal 0.5683 0.421483 -0.706673
    outer loop
      vertex 2.92637 1.95534 -3.1899
      vertex 2.46583 2.02365 -3.51952
      vertex 2.72062 2.23276 -3.1899
    endloop
  endfacet
  facet normal 0.524246 0.475162 -0.706673
    outer loop
      vertex 2.72062 2.23276 -3.1899
      vertex 2.46583 2.02365 -3.51952
      vertex 2.48867 2.48867 -3.1899
    endloop
  endfacet
  facet normal 0.568298 0.421494 -0.706668
    outer loop
      vertex 2.65231 1.77222 -3.51952
      vertex 2.46583 2.02365 -3.51952
      vertex 2.92637 1.95534 -3.1899
    endloop
  endfacet
  facet normal 0.606891 0.363737 -0.706668
    outer loop
      vertex 2.81324 1.50371 -3.51952
      vertex 2.65231 1.77222 -3.51952
      vertex 2.92637 1.95534 -3.1899
    endloop
  endfacet
  facet normal 0.544536 0.326366 -0.772635
    outer loop
      vertex 2.64576 1.41419 -3.67537
      vertex 2.57053 1.53971 -3.67537
      vertex 2.81324 1.50371 -3.51952
    endloop
  endfacet
  facet normal 0.597741 0.213866 -0.772636
    outer loop
      vertex 2.77164 1.14805 -3.67537
      vertex 2.94709 1.22072 -3.51952
      vertex 2.82094 1.01026 -3.67537
    endloop
  endfacet
  facet normal 0.639605 0.302524 -0.706671
    outer loop
      vertex 2.94709 1.22072 -3.51952
      vertex 2.81324 1.50371 -3.51952
      vertex 3.25161 1.34686 -3.1899
    endloop
  endfacet
  facet normal 0.75192 0.355635 -0.555103
    outer loop
      vertex 3.76408 1.55913 -2.44199
      vertex 3.36474 1.79849 -2.82957
      vertex 3.59313 1.92057 -2.44199
    endloop
  endfacet
  facet normal 0.713443 0.42762 -0.555104
    outer loop
      vertex 3.59313 1.92057 -2.44199
      vertex 3.36474 1.79849 -2.82957
      vertex 3.38758 2.26351 -2.44199
    endloop
  endfacet
  facet normal 0.728183 0.260533 -0.633934
    outer loop
      vertex 3.65095 1.1075 -2.82957
      vertex 3.36797 1.02166 -3.1899
      vertex 3.52482 1.46003 -2.82957
    endloop
  endfacet
  facet normal 0.728169 0.260547 -0.633944
    outer loop
      vertex 3.36797 1.02166 -3.1899
      vertex 3.25161 1.34686 -3.1899
      vertex 3.52482 1.46003 -2.82957
    endloop
  endfacet
  facet normal 0.663348 0.397606 -0.633939
    outer loop
      vertex 3.10394 1.65909 -3.1899
      vertex 2.92637 1.95534 -3.1899
      vertex 3.36474 1.79849 -2.82957
    endloop
  endfacet
  facet normal 0.699133 0.330657 -0.633939
    outer loop
      vertex 3.25161 1.34686 -3.1899
      vertex 3.10394 1.65909 -3.1899
      vertex 3.36474 1.79849 -2.82957
    endloop
  endfacet
  facet normal 0.621194 0.460695 -0.633938
    outer loop
      vertex 3.17225 2.11963 -2.82957
      vertex 2.92637 1.95534 -3.1899
      vertex 2.94922 2.42036 -2.82957
    endloop
  endfacet
  facet normal 0.668095 0.495479 -0.555112
    outer loop
      vertex 3.17225 2.11963 -2.82957
      vertex 2.94922 2.42036 -2.82957
      vertex 3.38758 2.26351 -2.44199
    endloop
  endfacet
  facet normal 0.395083 0.835316 0.382304
    outer loop
      vertex 2.10824 3.94425 1.60023
      vertex 1.64322 3.96709 2.03089
      vertex 2.02415 3.78692 2.03089
    endloop
  endfacet
  facet normal 0.377178 0.79746 0.470951
    outer loop
      vertex 2.02415 3.78692 2.03089
      vertex 1.64322 3.96709 2.03089
      vertex 1.92057 3.59313 2.44199
    endloop
  endfacet
  facet normal 0.726752 0.658684 0.19485
    outer loop
      vertex 3.3224 3.3224 0.696969
      vertex 3.2581 3.2581 1.15416
      vertex 3.56176 2.92306 1.15416
    endloop
  endfacet
  facet normal 0.658684 0.726752 0.19485
    outer loop
      vertex 3.3224 3.3224 0.696969
      vertex 2.92306 3.56176 1.15416
      vertex 3.2581 3.2581 1.15416
    endloop
  endfacet
  facet normal 0.835316 0.395083 0.382304
    outer loop
      vertex 3.94425 2.10824 1.60023
      vertex 3.78692 2.02415 2.03089
      vertex 3.96709 1.64322 2.03089
    endloop
  endfacet
  facet normal 0.83532 0.395079 0.3823
    outer loop
      vertex 4.1319 1.71149 1.60023
      vertex 3.94425 2.10824 1.60023
      vertex 3.96709 1.64322 2.03089
    endloop
  endfacet
  facet normal 0.684667 0.620549 0.382297
    outer loop
      vertex 3.16242 3.16242 1.60023
      vertex 3.03628 3.03628 2.03089
      vertex 3.31927 2.72405 2.03089
    endloop
  endfacet
  facet normal 0.620549 0.684667 0.382297
    outer loop
      vertex 3.16242 3.16242 1.60023
      vertex 2.72405 3.31927 2.03089
      vertex 3.03628 3.03628 2.03089
    endloop
  endfacet
  facet normal 0.708556 0.525493 0.470962
    outer loop
      vertex 3.57029 2.38559 2.03089
      vertex 3.14941 2.58465 2.44199
      vertex 3.38758 2.26351 2.44199
    endloop
  endfacet
  facet normal 0.75192 0.355635 0.555103
    outer loop
      vertex 3.59313 1.92057 2.44199
      vertex 3.36474 1.79849 2.82957
      vertex 3.76408 1.55913 2.44199
    endloop
  endfacet
  facet normal 0.453507 0.756662 -0.47095
    outer loop
      vertex 2.38559 3.57029 -2.03089
      vertex 1.92057 3.59313 -2.44199
      vertex 2.02415 3.78692 -2.03089
    endloop
  endfacet
  facet normal 0.475038 0.792586 -0.382291
    outer loop
      vertex 2.38559 3.57029 -2.03089
      vertex 2.02415 3.78692 -2.03089
      vertex 2.4847 3.71861 -1.60023
    endloop
  endfacet
  facet normal 0.238326 0.951433 -0.194875
    outer loop
      vertex 1.33753 4.40924 -1.15416
      vertex 0.916649 4.60831 -0.696969
      vertex 1.36393 4.49627 -0.696969
    endloop
  endfacet
  facet normal 0.330435 0.923491 -0.194875
    outer loop
      vertex 1.79807 4.34093 -0.696969
      vertex 1.33753 4.40924 -1.15416
      vertex 1.36393 4.49627 -0.696969
    endloop
  endfacet
  facet normal 0.297191 0.83059 -0.470953
    outer loop
      vertex 1.55913 3.76408 -2.44199
      vertex 1.24647 4.10905 -2.03089
      vertex 1.64322 3.96709 -2.03089
    endloop
  endfacet
  facet normal 0.297199 0.830591 -0.470948
    outer loop
      vertex 1.55913 3.76408 -2.44199
      vertex 1.18268 3.89878 -2.44199
      vertex 1.24647 4.10905 -2.03089
    endloop
  endfacet
  facet normal 0.224525 0.896348 -0.382294
    outer loop
      vertex 1.24647 4.10905 -2.03089
      vertex 0.837708 4.21144 -2.03089
      vertex 0.872509 4.3864 -1.60023
    endloop
  endfacet
  facet normal 0.21435 0.855724 -0.470947
    outer loop
      vertex 1.18268 3.89878 -2.44199
      vertex 0.794839 3.99593 -2.44199
      vertex 1.24647 4.10905 -2.03089
    endloop
  endfacet
  facet normal 0.570112 0.768698 0.289958
    outer loop
      vertex 2.55987 3.83112 1.15416
      vertex 2.4847 3.71861 1.60023
      vertex 2.83722 3.45716 1.60023
    endloop
  endfacet
  facet normal 0.570107 0.7687 0.289963
    outer loop
      vertex 2.92306 3.56176 1.15416
      vertex 2.55987 3.83112 1.15416
      vertex 2.83722 3.45716 1.60023
    endloop
  endfacet
  facet normal 0.595689 0.803215 -0
    outer loop
      vertex 3.00974 3.66738 -0.233071
      vertex 2.63578 3.94472 0.233071
      vertex 3.00974 3.66738 0.233071
    endloop
  endfacet
  facet normal 0.595689 0.803215 0
    outer loop
      vertex 2.63578 3.94472 0.233071
      vertex 3.00974 3.66738 -0.233071
      vertex 2.63578 3.94472 -0.233071
    endloop
  endfacet
  facet normal 0.592827 0.799357 0.0978955
    outer loop
      vertex 2.63578 3.94472 0.233071
      vertex 2.6104 3.90673 0.696969
      vertex 3.00974 3.66738 0.233071
    endloop
  endfacet
  facet normal 0.511628 0.853612 0.0978962
    outer loop
      vertex 2.63578 3.94472 0.233071
      vertex 2.2149 4.14378 0.696969
      vertex 2.6104 3.90673 0.696969
    endloop
  endfacet
  facet normal -0.3113 0.870023 -0.382299
    outer loop
      vertex -1.64322 3.96709 -2.03089
      vertex -1.71149 4.1319 -1.60023
      vertex -1.24647 4.10905 -2.03089
    endloop
  endfacet
  facet normal -0.297191 0.83059 -0.470953
    outer loop
      vertex -1.55913 3.76408 -2.44199
      vertex -1.64322 3.96709 -2.03089
      vertex -1.24647 4.10905 -2.03089
    endloop
  endfacet
  facet normal -0.335269 0.937023 0.0978929
    outer loop
      vertex -1.37719 4.53999 0.233071
      vertex -1.81556 4.38314 0.233071
      vertex -1.36393 4.49627 0.696969
    endloop
  endfacet
  facet normal -0.146015 0.984426 0.0979002
    outer loop
      vertex -0.46502 4.72143 0.233071
      vertex -0.925562 4.65312 0.233071
      vertex -0.460542 4.67596 0.696969
    endloop
  endfacet
  facet normal -0.167532 0.100408 0.98074
    outer loop
      vertex -0.959645 0.641214 4.60765
      vertex -1.01787 0.544065 4.60765
      vertex -0.579509 0.387216 4.69859
    endloop
  endfacet
  facet normal -0.550015 -0.0815793 0.831161
    outer loop
      vertex -2.43023 -0.239356 4.07421
      vertex -2.7752 -0.552022 3.81524
      vertex -2.39507 -0.476408 4.07421
    endloop
  endfacet
  facet normal -0.509917 0.378179 0.772636
    outer loop
      vertex -2.18729 1.79506 3.81524
      vertex -2.65231 1.77222 3.51952
      vertex -2.3527 1.57203 3.81524
    endloop
  endfacet
  facet normal -0.627982 0.0931466 0.772633
    outer loop
      vertex -3.12861 0.622319 3.51952
      vertex -3.17454 0.312665 3.51952
      vertex -2.7752 0.552022 3.81524
    endloop
  endfacet
  facet normal -0.830771 0.0408323 0.555114
    outer loop
      vertex -3.79686 0.373958 2.82957
      vertex -4.05459 0.399342 2.44199
      vertex -3.81524 0 2.82957
    endloop
  endfacet
  facet normal -0.706684 0.0347166 0.706677
    outer loop
      vertex -3.17454 0.312665 3.51952
      vertex -3.50257 0.344973 3.1899
      vertex -3.1899 0 3.51952
    endloop
  endfacet
  facet normal -0.195079 0.00958341 0.980741
    outer loop
      vertex -0.693613 0.0683146 4.69859
      vertex -1.15416 0 4.60765
      vertex -0.696969 0 4.69859
    endloop
  endfacet
  facet normal -0.195079 -0.00958341 0.980741
    outer loop
      vertex -0.696969 0 4.69859
      vertex -1.15416 0 4.60765
      vertex -0.693613 -0.0683146 4.69859
    endloop
  endfacet
  facet normal -0.193202 0.0286604 0.98074
    outer loop
      vertex -1.13198 0.225164 4.60765
      vertex -1.1486 0.113127 4.60765
      vertex -0.683578 0.135972 4.69859
    endloop
  endfacet
  facet normal -0.0286604 0.193202 0.98074
    outer loop
      vertex -0.113127 1.1486 4.60765
      vertex -0.225164 1.13198 4.60765
      vertex -0.135972 0.683578 4.69859
    endloop
  endfacet
  facet normal -0.0330617 -0.0923973 0.995173
    outer loop
      vertex -0.0891924 -0.215329 4.74428
      vertex -0.202319 -0.666958 4.69859
      vertex -0.0676565 -0.223035 4.74428
    endloop
  endfacet
  facet normal -0.0980162 -0.00481408 0.995173
    outer loop
      vertex -0.233071 0 4.74428
      vertex -0.693613 -0.0683146 4.69859
      vertex -0.231949 -0.0228443 4.74428
    endloop
  endfacet
  facet normal 0.201739 0.426538 0.881684
    outer loop
      vertex 0.934508 2.2561 4.07421
      vertex 0.777186 1.87629 4.29395
      vertex 1.15114 2.15364 4.07421
    endloop
  endfacet
  facet normal -0.116353 0.156877 0.98074
    outer loop
      vertex -0.387216 0.579509 4.69859
      vertex -0.732188 0.892174 4.60765
      vertex -0.442152 0.538764 4.69859
    endloop
  endfacet
  facet normal -0.078821 0.0584601 0.995173
    outer loop
      vertex -0.538764 0.442152 4.69859
      vertex -0.579509 0.387216 4.69859
      vertex -0.180166 0.147859 4.74428
    endloop
  endfacet
  facet normal -0.15688 0.11635 0.98074
    outer loop
      vertex -0.892174 0.732188 4.60765
      vertex -0.959645 0.641214 4.60765
      vertex -0.579509 0.387216 4.69859
    endloop
  endfacet
  facet normal -0.0841733 -0.0504498 0.995173
    outer loop
      vertex -0.20555 -0.109869 4.74428
      vertex -0.614672 -0.328548 4.69859
      vertex -0.579509 -0.387216 4.69859
    endloop
  endfacet
  facet normal -0.0584566 0.0788231 0.995173
    outer loop
      vertex -0.129487 0.193791 4.74428
      vertex -0.387216 0.579509 4.69859
      vertex -0.147859 0.180166 4.74428
    endloop
  endfacet
  facet normal -0.0727125 0.0659034 0.995173
    outer loop
      vertex -0.164806 0.164806 4.74428
      vertex -0.538764 0.442152 4.69859
      vertex -0.180166 0.147859 4.74428
    endloop
  endfacet
  facet normal 0.0562026 -0.378926 0.923719
    outer loop
      vertex 0.312188 -1.56948 4.47233
      vertex 0.156849 -1.59252 4.47233
      vertex 0.396206 -1.99186 4.29395
    endloop
  endfacet
  facet normal 0.349615 -0.316853 0.881688
    outer loop
      vertex 1.88768 -1.54918 4.07421
      vertex 1.43605 -1.43605 4.29395
      vertex 1.72675 -1.72675 4.07421
    endloop
  endfacet
  facet normal -0.195167 -0.215334 0.956839
    outer loop
      vertex -0.816111 -0.816111 4.60765
      vertex -1.01517 -1.23699 4.47233
      vertex -0.732188 -0.892174 4.60765
    endloop
  endfacet
  facet normal -0.307683 -0.228187 0.923722
    outer loop
      vertex -1.23699 -1.01517 4.47233
      vertex -1.68862 -1.1283 4.29395
      vertex -1.5699 -1.28838 4.29395
    endloop
  endfacet
  facet normal -0.47516 -0.524251 0.706671
    outer loop
      vertex -2.2556 -2.2556 3.51952
      vertex -2.48867 -2.48867 3.1899
      vertex -2.02365 -2.46583 3.51952
    endloop
  endfacet
  facet normal -0.426344 -0.470401 0.772628
    outer loop
      vertex -2.00081 -2.00081 3.81524
      vertex -2.2556 -2.2556 3.51952
      vertex -1.79506 -2.18729 3.81524
    endloop
  endfacet
  facet normal -0.183897 -0.0658039 0.98074
    outer loop
      vertex -0.666958 -0.202319 4.69859
      vertex -1.10446 -0.335033 4.60765
      vertex -1.0663 -0.441676 4.60765
    endloop
  endfacet
  facet normal -0.273624 -0.0979107 0.95684
    outer loop
      vertex -1.10446 -0.335033 4.60765
      vertex -1.47842 -0.61238 4.47233
      vertex -1.0663 -0.441676 4.60765
    endloop
  endfacet
  facet normal -0.158968 -0.444254 0.881684
    outer loop
      vertex -0.777186 -1.87629 4.29395
      vertex -0.934508 -2.2561 4.07421
      vertex -0.708871 -2.33684 4.07421
    endloop
  endfacet
  facet normal -0.0238459 -0.0951929 0.995173
    outer loop
      vertex -0.0454693 -0.228593 4.74428
      vertex -0.202319 -0.666958 4.69859
      vertex -0.135972 -0.683578 4.69859
    endloop
  endfacet
  facet normal 0.2282 -0.307679 0.92372
    outer loop
      vertex 1.01517 -1.23699 4.47233
      vertex 0.889038 -1.33054 4.47233
      vertex 1.1283 -1.68862 4.29395
    endloop
  endfacet
  facet normal 0.0142682 -0.290267 0.956839
    outer loop
      vertex 0 -1.15416 4.60765
      vertex 0 -1.60023 4.47233
      vertex 0.156849 -1.59252 4.47233
    endloop
  endfacet
  facet normal -0.124265 -0.262708 0.95684
    outer loop
      vertex -0.441676 -1.0663 4.60765
      vertex -0.754341 -1.41127 4.47233
      vertex -0.61238 -1.47842 4.47233
    endloop
  endfacet
  facet normal -0.129063 -0.360668 0.923721
    outer loop
      vertex -0.46452 -1.53132 4.47233
      vertex -0.777186 -1.87629 4.29395
      vertex -0.589535 -1.94344 4.29395
    endloop
  endfacet
  facet normal 0.307683 -0.228187 0.923722
    outer loop
      vertex 1.68862 -1.1283 4.29395
      vertex 1.23699 -1.01517 4.47233
      vertex 1.5699 -1.28838 4.29395
    endloop
  endfacet
  facet normal 0.242573 -0.404715 0.881683
    outer loop
      vertex 1.1283 -1.68862 4.29395
      vertex 0.957353 -1.79108 4.29395
      vertex 1.15114 -2.15364 4.07421
    endloop
  endfacet
  facet normal -0.523522 -0.187323 0.831165
    outer loop
      vertex -2.2561 -0.934508 4.07421
      vertex -2.70773 -0.821381 3.81524
      vertex -2.61418 -1.08283 3.81524
    endloop
  endfacet
  facet normal -0.597736 -0.213878 0.772637
    outer loop
      vertex -2.70773 -0.821381 3.81524
      vertex -2.94709 -1.22072 3.51952
      vertex -2.61418 -1.08283 3.81524
    endloop
  endfacet
  facet normal -0.606891 -0.363737 0.706668
    outer loop
      vertex -2.81324 -1.50371 3.51952
      vertex -2.92637 -1.95534 3.1899
      vertex -2.65231 -1.77222 3.51952
    endloop
  endfacet
  facet normal -0.544537 -0.326365 0.772635
    outer loop
      vertex -2.3527 -1.57203 3.81524
      vertex -2.81324 -1.50371 3.51952
      vertex -2.65231 -1.77222 3.51952
    endloop
  endfacet
  facet normal -0.634098 -0.0311395 0.772626
    outer loop
      vertex -2.82957 0 3.81524
      vertex -3.17454 -0.312665 3.51952
      vertex -2.81595 -0.277346 3.81524
    endloop
  endfacet
  facet normal -0.634098 0.0311395 0.772626
    outer loop
      vertex -2.81595 0.277346 3.81524
      vertex -3.17454 0.312665 3.51952
      vertex -2.82957 0 3.81524
    endloop
  endfacet
  facet normal -0.523523 -0.187333 0.831162
    outer loop
      vertex -2.33684 -0.708871 4.07421
      vertex -2.70773 -0.821381 3.81524
      vertex -2.2561 -0.934508 4.07421
    endloop
  endfacet
  facet normal -0.457694 -0.114648 0.881687
    outer loop
      vertex -1.99186 -0.396206 4.29395
      vertex -2.39507 -0.476408 4.07421
      vertex -2.33684 -0.708871 4.07421
    endloop
  endfacet
  facet normal -0.382603 -0.0187976 0.923721
    outer loop
      vertex -1.59252 -0.156849 4.47233
      vertex -2.03089 0 4.29395
      vertex -2.02111 -0.199061 4.29395
    endloop
  endfacet
  facet normal -0.471275 -0.023154 0.881682
    outer loop
      vertex -2.03089 0 4.29395
      vertex -2.43023 -0.239356 4.07421
      vertex -2.02111 -0.199061 4.29395
    endloop
  endfacet
  facet normal -0.75192 0.355633 0.555105
    outer loop
      vertex -3.36474 1.79849 2.82957
      vertex -3.76408 1.55913 2.44199
      vertex -3.52482 1.46003 2.82957
    endloop
  endfacet
  facet normal -0.668095 0.495479 0.555112
    outer loop
      vertex -2.94922 2.42036 2.82957
      vertex -3.38758 2.26351 2.44199
      vertex -3.17225 2.11963 2.82957
    endloop
  endfacet
  facet normal -0.923496 0.330427 0.194866
    outer loop
      vertex -4.34093 1.79807 0.696969
      vertex -4.40924 1.33753 1.15416
      vertex -4.25691 1.76327 1.15416
    endloop
  endfacet
  facet normal -0.886656 0.419366 0.194866
    outer loop
      vertex -4.14378 2.2149 0.696969
      vertex -4.34093 1.79807 0.696969
      vertex -4.25691 1.76327 1.15416
    endloop
  endfacet
  facet normal -0.78781 0.58428 0.194864
    outer loop
      vertex -3.63206 2.98075 0.696969
      vertex -3.83112 2.55987 1.15416
      vertex -3.56176 2.92306 1.15416
    endloop
  endfacet
  facet normal -0.58428 0.787811 -0.194864
    outer loop
      vertex -2.55987 3.83112 -1.15416
      vertex -2.98075 3.63206 -0.696969
      vertex -2.6104 3.90673 -0.696969
    endloop
  endfacet
  facet normal -0.772448 -0.0379537 0.633942
    outer loop
      vertex -3.51952 0 3.1899
      vertex -3.81524 0 2.82957
      vertex -3.50257 -0.344973 3.1899
    endloop
  endfacet
  facet normal -0.830771 -0.0408323 0.555114
    outer loop
      vertex -3.81524 0 2.82957
      vertex -4.05459 -0.399342 2.44199
      vertex -3.79686 -0.373958 2.82957
    endloop
  endfacet
  facet normal -0.756662 0.453507 -0.47095
    outer loop
      vertex -3.59313 1.92057 -2.44199
      vertex -3.78692 2.02415 -2.03089
      vertex -3.57029 2.38559 -2.03089
    endloop
  endfacet
  facet normal -0.835316 0.395083 -0.382304
    outer loop
      vertex -3.78692 2.02415 -2.03089
      vertex -3.96709 1.64322 -2.03089
      vertex -3.94425 2.10824 -1.60023
    endloop
  endfacet
  facet normal -0.870023 0.3113 -0.382299
    outer loop
      vertex -4.10905 1.24647 -2.03089
      vertex -4.27976 1.29825 -1.60023
      vertex -4.1319 1.71149 -1.60023
    endloop
  endfacet
  facet normal -0.83532 0.395079 -0.3823
    outer loop
      vertex -3.96709 1.64322 -2.03089
      vertex -4.1319 1.71149 -1.60023
      vertex -3.94425 2.10824 -1.60023
    endloop
  endfacet
  facet normal -0.865153 0.409189 -0.289956
    outer loop
      vertex -4.1319 1.71149 -1.60023
      vertex -4.25691 1.76327 -1.15416
      vertex -4.06358 2.17203 -1.15416
    endloop
  endfacet
  facet normal -0.806845 0.202119 -0.555112
    outer loop
      vertex -3.74193 0.744315 -2.82957
      vertex -3.99593 0.794839 -2.44199
      vertex -3.65095 1.1075 -2.82957
    endloop
  endfacet
  facet normal -0.928362 0.232537 -0.289951
    outer loop
      vertex -4.3864 0.872509 -1.60023
      vertex -4.40924 1.33753 -1.15416
      vertex -4.27976 1.29825 -1.60023
    endloop
  endfacet
  facet normal -0.93702 0.335276 -0.0978999
    outer loop
      vertex -4.34093 1.79807 -0.696969
      vertex -4.49627 1.36393 -0.696969
      vertex -4.38314 1.81556 -0.233071
    endloop
  endfacet
  facet normal -0.787811 0.58428 -0.194864
    outer loop
      vertex -3.83112 2.55987 -1.15416
      vertex -3.90673 2.6104 -0.696969
      vertex -3.63206 2.98075 -0.696969
    endloop
  endfacet
  facet normal -0.799349 0.592837 -0.097908
    outer loop
      vertex -3.63206 2.98075 -0.696969
      vertex -3.90673 2.6104 -0.696969
      vertex -3.66738 3.00974 -0.233071
    endloop
  endfacet
  facet normal -0.742196 -0.550452 0.382292
    outer loop
      vertex -3.57029 -2.38559 2.03089
      vertex -3.71861 -2.4847 1.60023
      vertex -3.31927 -2.72405 2.03089
    endloop
  endfacet
  facet normal -0.713443 -0.42762 0.555104
    outer loop
      vertex -3.36474 -1.79849 2.82957
      vertex -3.59313 -1.92057 2.44199
      vertex -3.38758 -2.26351 2.44199
    endloop
  endfacet
  facet normal -0.620549 -0.684667 0.382297
    outer loop
      vertex -3.03628 -3.03628 2.03089
      vertex -3.16242 -3.16242 1.60023
      vertex -2.72405 -3.31927 2.03089
    endloop
  endfacet
  facet normal -0.525502 -0.708554 0.470956
    outer loop
      vertex -2.58465 -3.14941 2.44199
      vertex -2.72405 -3.31927 2.03089
      vertex -2.38559 -3.57029 2.03089
    endloop
  endfacet
  facet normal -0.621194 -0.460695 0.633938
    outer loop
      vertex -2.92637 -1.95534 3.1899
      vertex -3.17225 -2.11963 2.82957
      vertex -2.94922 -2.42036 2.82957
    endloop
  endfacet
  facet normal -0.663348 -0.397608 0.633938
    outer loop
      vertex -2.92637 -1.95534 3.1899
      vertex -3.36474 -1.79849 2.82957
      vertex -3.17225 -2.11963 2.82957
    endloop
  endfacet
  facet normal -0.787811 -0.58428 0.194864
    outer loop
      vertex -3.83112 -2.55987 1.15416
      vertex -3.90673 -2.6104 0.696969
      vertex -3.63206 -2.98075 0.696969
    endloop
  endfacet
  facet normal -0.841289 -0.504244 0.19486
    outer loop
      vertex -4.06358 -2.17203 1.15416
      vertex -4.14378 -2.2149 0.696969
      vertex -3.83112 -2.55987 1.15416
    endloop
  endfacet
  facet normal -0.740943 -0.671568 0
    outer loop
      vertex -3.35471 -3.35471 -0.233071
      vertex -3.66738 -3.00974 0.233071
      vertex -3.66738 -3.00974 -0.233071
    endloop
  endfacet
  facet normal -0.740943 -0.671568 0
    outer loop
      vertex -3.66738 -3.00974 0.233071
      vertex -3.35471 -3.35471 -0.233071
      vertex -3.35471 -3.35471 0.233071
    endloop
  endfacet
  facet normal -0.642705 -0.709121 0.289961
    outer loop
      vertex -3.16242 -3.16242 1.60023
      vertex -3.2581 -3.2581 1.15416
      vertex -2.92306 -3.56176 1.15416
    endloop
  endfacet
  facet normal -0.658693 -0.72674 -0.194864
    outer loop
      vertex -2.98075 -3.63206 -0.696969
      vertex -3.3224 -3.3224 -0.696969
      vertex -2.92306 -3.56176 -1.15416
    endloop
  endfacet
  facet normal -0.504242 -0.84129 -0.194862
    outer loop
      vertex -2.2149 -4.14378 -0.696969
      vertex -2.6104 -3.90673 -0.696969
      vertex -2.55987 -3.83112 -1.15416
    endloop
  endfacet
  facet normal -0.668341 -0.737383 -0.0979072
    outer loop
      vertex -3.00974 -3.66738 -0.233071
      vertex -3.35471 -3.35471 -0.233071
      vertex -3.3224 -3.3224 -0.696969
    endloop
  endfacet
  facet normal -0.728183 -0.260533 0.633934
    outer loop
      vertex -3.36797 -1.02166 3.1899
      vertex -3.65095 -1.1075 2.82957
      vertex -3.52482 -1.46003 2.82957
    endloop
  endfacet
  facet normal -0.750206 -0.187931 0.633934
    outer loop
      vertex -3.36797 -1.02166 3.1899
      vertex -3.74193 -0.744315 2.82957
      vertex -3.65095 -1.1075 2.82957
    endloop
  endfacet
  facet normal 0.316885 -0.349603 0.881681
    outer loop
      vertex 1.43605 -1.43605 4.29395
      vertex 1.28838 -1.5699 4.29395
      vertex 1.54918 -1.88768 4.07421
    endloop
  endfacet
  facet normal 0.238364 -0.666181 0.706672
    outer loop
      vertex 1.22072 -2.94709 3.51952
      vertex 0.92598 -3.05255 3.51952
      vertex 1.02166 -3.36797 3.1899
    endloop
  endfacet
  facet normal -0.281083 -0.378978 0.881685
    outer loop
      vertex -1.1283 -1.68862 4.29395
      vertex -1.54918 -1.88768 4.07421
      vertex -1.3567 -2.03044 4.07421
    endloop
  endfacet
  facet normal -0.349603 -0.316885 0.881681
    outer loop
      vertex -1.5699 -1.28838 4.29395
      vertex -1.88768 -1.54918 4.07421
      vertex -1.43605 -1.43605 4.29395
    endloop
  endfacet
  facet normal -0.621181 -0.460702 0.633946
    outer loop
      vertex -2.92637 -1.95534 3.1899
      vertex -2.94922 -2.42036 2.82957
      vertex -2.72062 -2.23276 3.1899
    endloop
  endfacet
  facet normal -0.524246 -0.475162 0.706673
    outer loop
      vertex -2.46583 -2.02365 3.51952
      vertex -2.72062 -2.23276 3.1899
      vertex -2.48867 -2.48867 3.1899
    endloop
  endfacet
  facet normal -0.171914 -0.686337 0.706674
    outer loop
      vertex -0.622319 -3.12861 3.51952
      vertex -1.02166 -3.36797 3.1899
      vertex -0.686624 -3.45189 3.1899
    endloop
  endfacet
  facet normal 0.0379537 -0.772448 0.633942
    outer loop
      vertex 0 -3.51952 3.1899
      vertex 0 -3.81524 2.82957
      vertex 0.344973 -3.50257 3.1899
    endloop
  endfacet
  facet normal -0.42762 -0.713443 0.555104
    outer loop
      vertex -1.79849 -3.36474 2.82957
      vertex -2.26351 -3.38758 2.44199
      vertex -1.92057 -3.59313 2.44199
    endloop
  endfacet
  facet normal -0.453517 -0.756648 0.470962
    outer loop
      vertex -2.26351 -3.38758 2.44199
      vertex -2.38559 -3.57029 2.03089
      vertex -1.92057 -3.59313 2.44199
    endloop
  endfacet
  facet normal -0.355633 -0.75192 0.555105
    outer loop
      vertex -1.46003 -3.52482 2.82957
      vertex -1.79849 -3.36474 2.82957
      vertex -1.55913 -3.76408 2.44199
    endloop
  endfacet
  facet normal -0.037966 -0.772454 0.633935
    outer loop
      vertex -0.344973 -3.50257 3.1899
      vertex -0.373958 -3.79686 2.82957
      vertex 0 -3.81524 2.82957
    endloop
  endfacet
  facet normal -0.238367 -0.666181 0.706671
    outer loop
      vertex -1.22072 -2.94709 3.51952
      vertex -1.34686 -3.25161 3.1899
      vertex -1.02166 -3.36797 3.1899
    endloop
  endfacet
  facet normal -0.237731 -0.502637 0.831167
    outer loop
      vertex -1.15114 -2.15364 4.07421
      vertex -1.33385 -2.49546 3.81524
      vertex -0.934508 -2.2561 4.07421
    endloop
  endfacet
  facet normal -0.0432927 -0.881094 0.470956
    outer loop
      vertex -0.399342 -4.05459 2.44199
      vertex -0.42088 -4.27327 2.03089
      vertex 0 -4.29395 2.03089
    endloop
  endfacet
  facet normal -0.0432888 -0.881092 0.470959
    outer loop
      vertex 0 -4.07421 2.44199
      vertex -0.399342 -4.05459 2.44199
      vertex 0 -4.29395 2.03089
    endloop
  endfacet
  facet normal -0.658693 -0.72674 0.194864
    outer loop
      vertex -2.92306 -3.56176 1.15416
      vertex -3.3224 -3.3224 0.696969
      vertex -2.98075 -3.63206 0.696969
    endloop
  endfacet
  facet normal -0.66834 -0.737384 0.0979086
    outer loop
      vertex -2.98075 -3.63206 0.696969
      vertex -3.3224 -3.3224 0.696969
      vertex -3.00974 -3.66738 0.233071
    endloop
  endfacet
  facet normal -0.395079 -0.83532 0.3823
    outer loop
      vertex -1.64322 -3.96709 2.03089
      vertex -2.10824 -3.94425 1.60023
      vertex -1.71149 -4.1319 1.60023
    endloop
  endfacet
  facet normal -0.377178 -0.79746 0.470951
    outer loop
      vertex -1.92057 -3.59313 2.44199
      vertex -2.02415 -3.78692 2.03089
      vertex -1.64322 -3.96709 2.03089
    endloop
  endfacet
  facet normal -0.901097 -0.322413 0.289956
    outer loop
      vertex -4.1319 -1.71149 1.60023
      vertex -4.40924 -1.33753 1.15416
      vertex -4.25691 -1.76327 1.15416
    endloop
  endfacet
  facet normal -0.865153 -0.409189 0.289956
    outer loop
      vertex -4.1319 -1.71149 1.60023
      vertex -4.25691 -1.76327 1.15416
      vertex -4.06358 -2.17203 1.15416
    endloop
  endfacet
  facet normal -0.946681 -0.140429 0.289957
    outer loop
      vertex -4.4508 -0.438365 1.60023
      vertex -4.51911 -0.898907 1.15416
      vertex -4.3864 -0.872509 1.60023
    endloop
  endfacet
  facet normal -0.914038 -0.135586 0.382297
    outer loop
      vertex -4.27327 -0.42088 2.03089
      vertex -4.4508 -0.438365 1.60023
      vertex -4.3864 -0.872509 1.60023
    endloop
  endfacet
  facet normal -0.870023 -0.3113 0.382299
    outer loop
      vertex -4.10905 -1.24647 2.03089
      vertex -4.27976 -1.29825 1.60023
      vertex -4.1319 -1.71149 1.60023
    endloop
  endfacet
  facet normal -0.870023 -0.3113 0.382299
    outer loop
      vertex -4.10905 -1.24647 2.03089
      vertex -4.1319 -1.71149 1.60023
      vertex -3.96709 -1.64322 2.03089
    endloop
  endfacet
  facet normal -0.21387 -0.597734 -0.772641
    outer loop
      vertex -0.92598 -3.05255 -3.51952
      vertex -1.01026 -2.82094 -3.67537
      vertex -0.870853 -2.87082 -3.67537
    endloop
  endfacet
  facet normal -0.213873 -0.597734 -0.77264
    outer loop
      vertex -1.01026 -2.82094 -3.67537
      vertex -0.92598 -3.05255 -3.51952
      vertex -1.22072 -2.94709 -3.51952
    endloop
  endfacet
  facet normal -0.154251 -0.61583 -0.772632
    outer loop
      vertex -0.92598 -3.05255 -3.51952
      vertex -0.72723 -2.9068 -3.67537
      vertex -0.622319 -3.12861 -3.51952
    endloop
  endfacet
  facet normal -0.154272 -0.615813 -0.772642
    outer loop
      vertex -0.72723 -2.9068 -3.67537
      vertex -0.92598 -3.05255 -3.51952
      vertex -0.870853 -2.87082 -3.67537
    endloop
  endfacet
  facet normal -0.573034 -0.51937 -0.633945
    outer loop
      vertex -2.69778 -2.69778 -2.82957
      vertex -2.94922 -2.42036 -2.82957
      vertex -2.72062 -2.23276 -3.1899
    endloop
  endfacet
  facet normal -0.378189 -0.50991 -0.772636
    outer loop
      vertex -2.02365 -2.46583 -3.51952
      vertex -1.78426 -2.40723 -3.67537
      vertex -1.77222 -2.65231 -3.51952
    endloop
  endfacet
  facet normal -0.378188 -0.509911 -0.772635
    outer loop
      vertex -1.78426 -2.40723 -3.67537
      vertex -2.02365 -2.46583 -3.51952
      vertex -1.90318 -2.31903 -3.67537
    endloop
  endfacet
  facet normal -0.706684 -0.0347166 -0.706677
    outer loop
      vertex -3.17454 -0.312665 -3.51952
      vertex -3.50257 -0.344973 -3.1899
      vertex -3.1899 0 -3.51952
    endloop
  endfacet
  facet normal -0.699879 0.103811 -0.706678
    outer loop
      vertex -3.17454 0.312665 -3.51952
      vertex -3.50257 0.344973 -3.1899
      vertex -3.12861 0.622319 -3.51952
    endloop
  endfacet
  facet normal -0.544525 -0.326372 -0.772641
    outer loop
      vertex -2.49441 -1.66671 -3.67537
      vertex -2.65231 -1.77222 -3.51952
      vertex -2.57053 -1.53971 -3.67537
    endloop
  endfacet
  facet normal -0.544536 -0.326365 -0.772636
    outer loop
      vertex -2.57053 -1.53971 -3.67537
      vertex -2.65231 -1.77222 -3.51952
      vertex -2.81324 -1.50371 -3.51952
    endloop
  endfacet
  facet normal -0.426327 -0.470405 -0.772635
    outer loop
      vertex -2.02365 -2.46583 -3.51952
      vertex -2.01289 -2.2196 -3.67537
      vertex -1.90318 -2.31903 -3.67537
    endloop
  endfacet
  facet normal -0.42635 -0.470399 -0.772626
    outer loop
      vertex -2.01289 -2.2196 -3.67537
      vertex -2.02365 -2.46583 -3.51952
      vertex -2.2556 -2.2556 -3.51952
    endloop
  endfacet
  facet normal -0.573895 -0.271439 -0.772635
    outer loop
      vertex -2.64576 -1.41419 -3.67537
      vertex -2.81324 -1.50371 -3.51952
      vertex -2.70833 -1.2819 -3.67537
    endloop
  endfacet
  facet normal -0.509913 0.378172 -0.772641
    outer loop
      vertex -2.49441 1.66671 -3.67537
      vertex -2.65231 1.77222 -3.51952
      vertex -2.40723 1.78426 -3.67537
    endloop
  endfacet
  facet normal -0.666181 -0.238364 -0.706672
    outer loop
      vertex -2.94709 -1.22072 -3.51952
      vertex -3.36797 -1.02166 -3.1899
      vertex -3.05255 -0.92598 -3.51952
    endloop
  endfacet
  facet normal -0.597734 -0.213873 -0.77264
    outer loop
      vertex -3.05255 -0.92598 -3.51952
      vertex -2.82094 -1.01026 -3.67537
      vertex -2.94709 -1.22072 -3.51952
    endloop
  endfacet
  facet normal -0.597734 -0.21387 -0.772641
    outer loop
      vertex -2.82094 -1.01026 -3.67537
      vertex -3.05255 -0.92598 -3.51952
      vertex -2.87082 -0.870853 -3.67537
    endloop
  endfacet
  facet normal -0.302503 -0.639605 -0.706681
    outer loop
      vertex -1.34686 -3.25161 -3.1899
      vertex -1.65909 -3.10394 -3.1899
      vertex -1.50371 -2.81324 -3.51952
    endloop
  endfacet
  facet normal -0.363737 -0.606891 -0.706668
    outer loop
      vertex -1.50371 -2.81324 -3.51952
      vertex -1.95534 -2.92637 -3.1899
      vertex -1.77222 -2.65231 -3.51952
    endloop
  endfacet
  facet normal -0.326365 -0.544536 -0.772636
    outer loop
      vertex -1.77222 -2.65231 -3.51952
      vertex -1.53971 -2.57053 -3.67537
      vertex -1.50371 -2.81324 -3.51952
    endloop
  endfacet
  facet normal -0.326372 -0.544525 -0.772641
    outer loop
      vertex -1.53971 -2.57053 -3.67537
      vertex -1.77222 -2.65231 -3.51952
      vertex -1.66671 -2.49441 -3.67537
    endloop
  endfacet
  facet normal -0.427628 -0.713432 -0.555112
    outer loop
      vertex -1.79849 -3.36474 -2.82957
      vertex -2.26351 -3.38758 -2.44199
      vertex -2.11963 -3.17225 -2.82957
    endloop
  endfacet
  facet normal -0.42762 -0.713443 -0.555104
    outer loop
      vertex -1.92057 -3.59313 -2.44199
      vertex -2.26351 -3.38758 -2.44199
      vertex -1.79849 -3.36474 -2.82957
    endloop
  endfacet
  facet normal -0.260533 -0.728183 -0.633934
    outer loop
      vertex -1.1075 -3.65095 -2.82957
      vertex -1.46003 -3.52482 -2.82957
      vertex -1.02166 -3.36797 -3.1899
    endloop
  endfacet
  facet normal -0.355633 -0.75192 -0.555105
    outer loop
      vertex -1.55913 -3.76408 -2.44199
      vertex -1.79849 -3.36474 -2.82957
      vertex -1.46003 -3.52482 -2.82957
    endloop
  endfacet
  facet normal -0.58428 -0.78781 -0.194864
    outer loop
      vertex -2.55987 -3.83112 -1.15416
      vertex -2.98075 -3.63206 -0.696969
      vertex -2.92306 -3.56176 -1.15416
    endloop
  endfacet
  facet normal -0.570107 -0.7687 -0.289963
    outer loop
      vertex -2.55987 -3.83112 -1.15416
      vertex -2.92306 -3.56176 -1.15416
      vertex -2.83722 -3.45716 -1.60023
    endloop
  endfacet
  facet normal -0.377178 -0.79746 -0.470951
    outer loop
      vertex -1.64322 -3.96709 -2.03089
      vertex -2.02415 -3.78692 -2.03089
      vertex -1.92057 -3.59313 -2.44199
    endloop
  endfacet
  facet normal -0.453517 -0.756648 -0.470962
    outer loop
      vertex -1.92057 -3.59313 -2.44199
      vertex -2.38559 -3.57029 -2.03089
      vertex -2.26351 -3.38758 -2.44199
    endloop
  endfacet
  facet normal -0.684667 -0.620549 -0.382297
    outer loop
      vertex -3.16242 -3.16242 -1.60023
      vertex -3.31927 -2.72405 -2.03089
      vertex -3.03628 -3.03628 -2.03089
    endloop
  endfacet
  facet normal -0.592422 -0.653634 -0.470956
    outer loop
      vertex -2.72405 -3.31927 -2.03089
      vertex -3.03628 -3.03628 -2.03089
      vertex -2.58465 -3.14941 -2.44199
    endloop
  endfacet
  facet normal -0.525502 -0.708554 -0.470956
    outer loop
      vertex -2.38559 -3.57029 -2.03089
      vertex -2.72405 -3.31927 -2.03089
      vertex -2.58465 -3.14941 -2.44199
    endloop
  endfacet
  facet normal -0.475038 -0.792586 -0.382291
    outer loop
      vertex -2.02415 -3.78692 -2.03089
      vertex -2.4847 -3.71861 -1.60023
      vertex -2.38559 -3.57029 -2.03089
    endloop
  endfacet
  facet normal -0.135584 -0.91404 0.382294
    outer loop
      vertex -0.837708 -4.21144 2.03089
      vertex -0.872509 -4.3864 1.60023
      vertex -0.42088 -4.27327 2.03089
    endloop
  endfacet
  facet normal -0.297191 -0.83059 0.470953
    outer loop
      vertex -1.55913 -3.76408 2.44199
      vertex -1.64322 -3.96709 2.03089
      vertex -1.24647 -4.10905 2.03089
    endloop
  endfacet
  facet normal -0.409189 -0.865153 0.289956
    outer loop
      vertex -1.71149 -4.1319 1.60023
      vertex -2.17203 -4.06358 1.15416
      vertex -1.76327 -4.25691 1.15416
    endloop
  endfacet
  facet normal -0.419361 -0.88666 0.19486
    outer loop
      vertex -2.17203 -4.06358 1.15416
      vertex -2.2149 -4.14378 0.696969
      vertex -1.76327 -4.25691 1.15416
    endloop
  endfacet
  facet normal -0.330435 -0.923491 0.194875
    outer loop
      vertex -1.33753 -4.40924 1.15416
      vertex -1.79807 -4.34093 0.696969
      vertex -1.36393 -4.49627 0.696969
    endloop
  endfacet
  facet normal -0.335276 -0.93702 0.0978999
    outer loop
      vertex -1.79807 -4.34093 0.696969
      vertex -1.81556 -4.38314 0.233071
      vertex -1.36393 -4.49627 0.696969
    endloop
  endfacet
  facet normal -0.336887 -0.941545 0
    outer loop
      vertex -1.81556 -4.38314 -0.233071
      vertex -1.37719 -4.53999 0.233071
      vertex -1.81556 -4.38314 0.233071
    endloop
  endfacet
  facet normal -0.336887 -0.941545 -0
    outer loop
      vertex -1.37719 -4.53999 0.233071
      vertex -1.81556 -4.38314 -0.233071
      vertex -1.37719 -4.53999 -0.233071
    endloop
  endfacet
  facet normal -0.135584 -0.91404 -0.382294
    outer loop
      vertex -0.42088 -4.27327 -2.03089
      vertex -0.872509 -4.3864 -1.60023
      vertex -0.837708 -4.21144 -2.03089
    endloop
  endfacet
  facet normal -0.224525 -0.896348 -0.382294
    outer loop
      vertex -0.872509 -4.3864 -1.60023
      vertex -1.24647 -4.10905 -2.03089
      vertex -0.837708 -4.21144 -2.03089
    endloop
  endfacet
  facet normal -0.232537 -0.928362 -0.289951
    outer loop
      vertex -0.872509 -4.3864 -1.60023
      vertex -1.33753 -4.40924 -1.15416
      vertex -1.29825 -4.27976 -1.60023
    endloop
  endfacet
  facet normal -0.322418 -0.901096 -0.289951
    outer loop
      vertex -1.33753 -4.40924 -1.15416
      vertex -1.71149 -4.1319 -1.60023
      vertex -1.29825 -4.27976 -1.60023
    endloop
  endfacet
  facet normal -0.140432 -0.94668 -0.28996
    outer loop
      vertex -0.451628 -4.58546 -1.15416
      vertex -0.898907 -4.51911 -1.15416
      vertex -0.438365 -4.4508 -1.60023
    endloop
  endfacet
  facet normal 0.0453484 -0.922933 -0.38228
    outer loop
      vertex 0.42088 -4.27327 -2.03089
      vertex 0 -4.47233 -1.60023
      vertex 0 -4.29395 -2.03089
    endloop
  endfacet
  facet normal -0.241817 -0.965371 -0.0978933
    outer loop
      vertex -0.916649 -4.60831 -0.696969
      vertex -1.37719 -4.53999 -0.233071
      vertex -1.36393 -4.49627 -0.696969
    endloop
  endfacet
  facet normal -0.330427 -0.923496 -0.194866
    outer loop
      vertex -1.33753 -4.40924 -1.15416
      vertex -1.79807 -4.34093 -0.696969
      vertex -1.76327 -4.25691 -1.15416
    endloop
  endfacet
  facet normal -0.0488427 -0.993997 -0.0979003
    outer loop
      vertex 0 -4.74428 -0.233071
      vertex -0.46502 -4.72143 -0.233071
      vertex -0.460542 -4.67596 -0.696969
    endloop
  endfacet
  facet normal -0.0481377 -0.979649 0.194862
    outer loop
      vertex 0 -4.60765 1.15416
      vertex -0.460542 -4.67596 0.696969
      vertex 0 -4.69859 0.696969
    endloop
  endfacet
  facet normal 0.0481335 -0.97965 -0.194858
    outer loop
      vertex 0.460542 -4.67596 -0.696969
      vertex 0 -4.60765 -1.15416
      vertex 0.451628 -4.58546 -1.15416
    endloop
  endfacet
  facet normal 0.143923 -0.970215 -0.194858
    outer loop
      vertex 0.460542 -4.67596 -0.696969
      vertex 0.451628 -4.58546 -1.15416
      vertex 0.898907 -4.51911 -1.15416
    endloop
  endfacet
  facet normal 0.395079 -0.83532 -0.3823
    outer loop
      vertex 1.71149 -4.1319 -1.60023
      vertex 1.64322 -3.96709 -2.03089
      vertex 2.10824 -3.94425 -1.60023
    endloop
  endfacet
  facet normal 0.492013 -0.820882 -0.289958
    outer loop
      vertex 2.17203 -4.06358 -1.15416
      vertex 2.10824 -3.94425 -1.60023
      vertex 2.55987 -3.83112 -1.15416
    endloop
  endfacet
  facet normal 0.037966 -0.772454 -0.633935
    outer loop
      vertex 0.373958 -3.79686 -2.82957
      vertex 0 -3.81524 -2.82957
      vertex 0.344973 -3.50257 -3.1899
    endloop
  endfacet
  facet normal 0.0408323 -0.830771 -0.555114
    outer loop
      vertex 0.399342 -4.05459 -2.44199
      vertex 0 -3.81524 -2.82957
      vertex 0.373958 -3.79686 -2.82957
    endloop
  endfacet
  facet normal 0.21435 -0.855724 -0.470947
    outer loop
      vertex 1.24647 -4.10905 -2.03089
      vertex 0.794839 -3.99593 -2.44199
      vertex 1.18268 -3.89878 -2.44199
    endloop
  endfacet
  facet normal 0.202105 -0.806842 -0.555121
    outer loop
      vertex 1.18268 -3.89878 -2.44199
      vertex 0.794839 -3.99593 -2.44199
      vertex 1.1075 -3.65095 -2.82957
    endloop
  endfacet
  facet normal 0.260533 -0.728183 -0.633934
    outer loop
      vertex 1.1075 -3.65095 -2.82957
      vertex 1.02166 -3.36797 -3.1899
      vertex 1.46003 -3.52482 -2.82957
    endloop
  endfacet
  facet normal 0.260547 -0.728169 -0.633944
    outer loop
      vertex 1.46003 -3.52482 -2.82957
      vertex 1.02166 -3.36797 -3.1899
      vertex 1.34686 -3.25161 -3.1899
    endloop
  endfacet
  facet normal 0.453507 -0.756662 -0.47095
    outer loop
      vertex 2.02415 -3.78692 -2.03089
      vertex 1.92057 -3.59313 -2.44199
      vertex 2.38559 -3.57029 -2.03089
    endloop
  endfacet
  facet normal 0.377178 -0.79746 -0.470951
    outer loop
      vertex 2.02415 -3.78692 -2.03089
      vertex 1.64322 -3.96709 -2.03089
      vertex 1.92057 -3.59313 -2.44199
    endloop
  endfacet
  facet normal 0.460695 -0.621194 -0.633938
    outer loop
      vertex 2.11963 -3.17225 -2.82957
      vertex 1.95534 -2.92637 -3.1899
      vertex 2.42036 -2.94922 -2.82957
    endloop
  endfacet
  facet normal 0.495479 -0.668095 -0.555112
    outer loop
      vertex 2.26351 -3.38758 -2.44199
      vertex 2.11963 -3.17225 -2.82957
      vertex 2.42036 -2.94922 -2.82957
    endloop
  endfacet
  facet normal 0.0469477 -0.955887 -0.28996
    outer loop
      vertex 0.451628 -4.58546 -1.15416
      vertex 0 -4.47233 -1.60023
      vertex 0.438365 -4.4508 -1.60023
    endloop
  endfacet
  facet normal 0.0469656 -0.955881 -0.289976
    outer loop
      vertex 0.451628 -4.58546 -1.15416
      vertex 0 -4.60765 -1.15416
      vertex 0 -4.47233 -1.60023
    endloop
  endfacet
  facet normal -0.202119 -0.806845 -0.555112
    outer loop
      vertex -0.794839 -3.99593 -2.44199
      vertex -1.1075 -3.65095 -2.82957
      vertex -0.744315 -3.74193 -2.82957
    endloop
  endfacet
  facet normal -0.103819 -0.699881 -0.706674
    outer loop
      vertex -0.344973 -3.50257 -3.1899
      vertex -0.686624 -3.45189 -3.1899
      vertex -0.622319 -3.12861 -3.51952
    endloop
  endfacet
  facet normal -0.11348 -0.765007 -0.633945
    outer loop
      vertex -0.344973 -3.50257 -3.1899
      vertex -0.744315 -3.74193 -2.82957
      vertex -0.686624 -3.45189 -3.1899
    endloop
  endfacet
  facet normal -0.113465 -0.765018 -0.633935
    outer loop
      vertex -0.373958 -3.79686 -2.82957
      vertex -0.744315 -3.74193 -2.82957
      vertex -0.344973 -3.50257 -3.1899
    endloop
  endfacet
  facet normal -0.238364 -0.666181 -0.706672
    outer loop
      vertex -1.02166 -3.36797 -3.1899
      vertex -1.22072 -2.94709 -3.51952
      vertex -0.92598 -3.05255 -3.51952
    endloop
  endfacet
  facet normal -0.171912 -0.686338 -0.706672
    outer loop
      vertex -0.622319 -3.12861 -3.51952
      vertex -1.02166 -3.36797 -3.1899
      vertex -0.92598 -3.05255 -3.51952
    endloop
  endfacet
  facet normal 0.708556 -0.525493 -0.470962
    outer loop
      vertex 3.57029 -2.38559 -2.03089
      vertex 3.14941 -2.58465 -2.44199
      vertex 3.38758 -2.26351 -2.44199
    endloop
  endfacet
  facet normal 0.668094 -0.495485 -0.555108
    outer loop
      vertex 3.14941 -2.58465 -2.44199
      vertex 2.94922 -2.42036 -2.82957
      vertex 3.38758 -2.26351 -2.44199
    endloop
  endfacet
  facet normal -0.0931377 -0.627979 -0.772637
    outer loop
      vertex -0.294051 -2.98555 -3.67537
      vertex -0.312665 -3.17454 -3.51952
      vertex -0.438812 -2.96408 -3.67537
    endloop
  endfacet
  facet normal 0.425498 -0.899647 0.0979116
    outer loop
      vertex 2.2149 -4.14378 0.696969
      vertex 1.81556 -4.38314 0.233071
      vertex 2.23644 -4.18408 0.233071
    endloop
  endfacet
  facet normal 0.419366 -0.886656 0.194866
    outer loop
      vertex 2.2149 -4.14378 0.696969
      vertex 1.76327 -4.25691 1.15416
      vertex 1.79807 -4.34093 0.696969
    endloop
  endfacet
  facet normal 0.427553 -0.90399 0
    outer loop
      vertex 1.81556 -4.38314 -0.233071
      vertex 2.23644 -4.18408 0.233071
      vertex 1.81556 -4.38314 0.233071
    endloop
  endfacet
  facet normal 0.427553 -0.90399 0
    outer loop
      vertex 2.23644 -4.18408 0.233071
      vertex 1.81556 -4.38314 -0.233071
      vertex 2.23644 -4.18408 -0.233071
    endloop
  endfacet
  facet normal 0.232543 -0.928358 0.289957
    outer loop
      vertex 1.33753 -4.40924 1.15416
      vertex 0.872509 -4.3864 1.60023
      vertex 0.898907 -4.51911 1.15416
    endloop
  endfacet
  facet normal 0.330435 -0.923491 0.194875
    outer loop
      vertex 1.79807 -4.34093 0.696969
      vertex 1.33753 -4.40924 1.15416
      vertex 1.36393 -4.49627 0.696969
    endloop
  endfacet
  facet normal 0.570107 -0.7687 0.289963
    outer loop
      vertex 2.83722 -3.45716 1.60023
      vertex 2.55987 -3.83112 1.15416
      vertex 2.92306 -3.56176 1.15416
    endloop
  endfacet
  facet normal 0.620544 -0.684675 0.38229
    outer loop
      vertex 3.16242 -3.16242 1.60023
      vertex 2.72405 -3.31927 2.03089
      vertex 2.83722 -3.45716 1.60023
    endloop
  endfacet
  facet normal 0.550456 -0.742195 0.382289
    outer loop
      vertex 2.72405 -3.31927 2.03089
      vertex 2.4847 -3.71861 1.60023
      vertex 2.83722 -3.45716 1.60023
    endloop
  endfacet
  facet normal 0.58428 -0.78781 0.194864
    outer loop
      vertex 2.92306 -3.56176 1.15416
      vertex 2.55987 -3.83112 1.15416
      vertex 2.98075 -3.63206 0.696969
    endloop
  endfacet
  facet normal 0.58428 -0.787811 0.194864
    outer loop
      vertex 2.98075 -3.63206 0.696969
      vertex 2.55987 -3.83112 1.15416
      vertex 2.6104 -3.90673 0.696969
    endloop
  endfacet
  facet normal 0.51164 -0.853603 0.0979114
    outer loop
      vertex 2.63578 -3.94472 0.233071
      vertex 2.2149 -4.14378 0.696969
      vertex 2.23644 -4.18408 0.233071
    endloop
  endfacet
  facet normal 0.511628 -0.853612 0.0978962
    outer loop
      vertex 2.6104 -3.90673 0.696969
      vertex 2.2149 -4.14378 0.696969
      vertex 2.63578 -3.94472 0.233071
    endloop
  endfacet
  facet normal 0.425508 -0.899643 0.097901
    outer loop
      vertex 2.2149 -4.14378 0.696969
      vertex 1.79807 -4.34093 0.696969
      vertex 1.81556 -4.38314 0.233071
    endloop
  endfacet
  facet normal 0.241817 -0.965371 0.0978933
    outer loop
      vertex 1.36393 -4.49627 0.696969
      vertex 0.916649 -4.60831 0.696969
      vertex 1.37719 -4.53999 0.233071
    endloop
  endfacet
  facet normal 0.803215 -0.595689 0
    outer loop
      vertex 3.66738 -3.00974 0.233071
      vertex 3.94472 -2.63578 -0.233071
      vertex 3.94472 -2.63578 0.233071
    endloop
  endfacet
  facet normal 0.803215 -0.595689 0
    outer loop
      vertex 3.94472 -2.63578 -0.233071
      vertex 3.66738 -3.00974 0.233071
      vertex 3.66738 -3.00974 -0.233071
    endloop
  endfacet
  facet normal 0.90399 -0.427553 0
    outer loop
      vertex 4.18408 -2.23644 0.233071
      vertex 4.38314 -1.81556 -0.233071
      vertex 4.38314 -1.81556 0.233071
    endloop
  endfacet
  facet normal 0.90399 -0.427553 0
    outer loop
      vertex 4.38314 -1.81556 -0.233071
      vertex 4.18408 -2.23644 0.233071
      vertex 4.18408 -2.23644 -0.233071
    endloop
  endfacet
  facet normal 0.787811 -0.58428 0.194864
    outer loop
      vertex 3.83112 -2.55987 1.15416
      vertex 3.63206 -2.98075 0.696969
      vertex 3.90673 -2.6104 0.696969
    endloop
  endfacet
  facet normal 0.78781 -0.58428 0.194864
    outer loop
      vertex 3.83112 -2.55987 1.15416
      vertex 3.56176 -2.92306 1.15416
      vertex 3.63206 -2.98075 0.696969
    endloop
  endfacet
  facet normal 0.970195 -0.143964 -0.194928
    outer loop
      vertex 4.53514 -0.854124 -1.10745
      vertex 4.51911 -0.898907 -1.15416
      vertex 4.5351 -0.791148 -1.15416
    endloop
  endfacet
  facet normal 0.426355 0.470387 -0.77263
    outer loop
      vertex 2.12132 2.12132 -3.67537
      vertex 2.01289 2.2196 -3.67537
      vertex 2.2556 2.2556 -3.51952
    endloop
  endfacet
  facet normal 0.427628 0.713432 -0.555112
    outer loop
      vertex 2.11963 3.17225 -2.82957
      vertex 1.79849 3.36474 -2.82957
      vertex 2.26351 3.38758 -2.44199
    endloop
  endfacet
  facet normal 0.495479 0.668095 -0.555112
    outer loop
      vertex 2.42036 2.94922 -2.82957
      vertex 2.11963 3.17225 -2.82957
      vertex 2.26351 3.38758 -2.44199
    endloop
  endfacet
  facet normal 0.0469656 0.955881 -0.289976
    outer loop
      vertex 0.451628 4.58546 -1.15416
      vertex 0 4.47233 -1.60023
      vertex 0 4.60765 -1.15416
    endloop
  endfacet
  facet normal -0.0488427 0.993997 -0.0979003
    outer loop
      vertex -0.460542 4.67596 -0.696969
      vertex -0.46502 4.72143 -0.233071
      vertex 0 4.74428 -0.233071
    endloop
  endfacet
  facet normal 0.0453289 0.922927 -0.382297
    outer loop
      vertex 0.42088 4.27327 -2.03089
      vertex 0 4.47233 -1.60023
      vertex 0.438365 4.4508 -1.60023
    endloop
  endfacet
  facet normal 0.0469477 0.955887 -0.28996
    outer loop
      vertex 0.438365 4.4508 -1.60023
      vertex 0 4.47233 -1.60023
      vertex 0.451628 4.58546 -1.15416
    endloop
  endfacet
  facet normal -0.140432 0.94668 -0.28996
    outer loop
      vertex -0.438365 4.4508 -1.60023
      vertex -0.898907 4.51911 -1.15416
      vertex -0.451628 4.58546 -1.15416
    endloop
  endfacet
  facet normal -0.202119 0.806845 -0.555112
    outer loop
      vertex -0.744315 3.74193 -2.82957
      vertex -1.1075 3.65095 -2.82957
      vertex -0.794839 3.99593 -2.44199
    endloop
  endfacet
  facet normal -0.241817 0.965371 -0.0978933
    outer loop
      vertex -1.36393 4.49627 -0.696969
      vertex -1.37719 4.53999 -0.233071
      vertex -0.916649 4.60831 -0.696969
    endloop
  endfacet
  facet normal -0.238326 0.951433 -0.194875
    outer loop
      vertex -1.33753 4.40924 -1.15416
      vertex -1.36393 4.49627 -0.696969
      vertex -0.916649 4.60831 -0.696969
    endloop
  endfacet
  facet normal -0.0408323 0.830771 -0.555114
    outer loop
      vertex -0.373958 3.79686 -2.82957
      vertex -0.399342 4.05459 -2.44199
      vertex 0 3.81524 -2.82957
    endloop
  endfacet
  facet normal -0.037966 0.772454 -0.633935
    outer loop
      vertex -0.344973 3.50257 -3.1899
      vertex -0.373958 3.79686 -2.82957
      vertex 0 3.81524 -2.82957
    endloop
  endfacet
  facet normal 0.202119 0.806845 -0.555112
    outer loop
      vertex 1.1075 3.65095 -2.82957
      vertex 0.744315 3.74193 -2.82957
      vertex 0.794839 3.99593 -2.44199
    endloop
  endfacet
  facet normal 0.260533 0.728183 -0.633934
    outer loop
      vertex 1.46003 3.52482 -2.82957
      vertex 1.02166 3.36797 -3.1899
      vertex 1.1075 3.65095 -2.82957
    endloop
  endfacet
  facet normal 0.524246 -0.475162 -0.706673
    outer loop
      vertex 2.48867 -2.48867 -3.1899
      vertex 2.46583 -2.02365 -3.51952
      vertex 2.72062 -2.23276 -3.1899
    endloop
  endfacet
  facet normal 0.606867 -0.363752 -0.70668
    outer loop
      vertex 2.92637 -1.95534 -3.1899
      vertex 2.81324 -1.50371 -3.51952
      vertex 3.10394 -1.65909 -3.1899
    endloop
  endfacet
  facet normal 0.597741 -0.213866 -0.772636
    outer loop
      vertex 2.94709 -1.22072 -3.51952
      vertex 2.77164 -1.14805 -3.67537
      vertex 2.82094 -1.01026 -3.67537
    endloop
  endfacet
  facet normal 0.639605 -0.302503 -0.706681
    outer loop
      vertex 3.10394 -1.65909 -3.1899
      vertex 2.81324 -1.50371 -3.51952
      vertex 3.25161 -1.34686 -3.1899
    endloop
  endfacet
  facet normal 0.606891 -0.363737 -0.706668
    outer loop
      vertex 2.92637 -1.95534 -3.1899
      vertex 2.65231 -1.77222 -3.51952
      vertex 2.81324 -1.50371 -3.51952
    endloop
  endfacet
  facet normal 0.397606 -0.663348 -0.633939
    outer loop
      vertex 1.79849 -3.36474 -2.82957
      vertex 1.65909 -3.10394 -3.1899
      vertex 1.95534 -2.92637 -3.1899
    endloop
  endfacet
  facet normal 0.363752 -0.606867 -0.70668
    outer loop
      vertex 1.65909 -3.10394 -3.1899
      vertex 1.50371 -2.81324 -3.51952
      vertex 1.95534 -2.92637 -3.1899
    endloop
  endfacet
  facet normal 0.378172 -0.509913 -0.772641
    outer loop
      vertex 1.77222 -2.65231 -3.51952
      vertex 1.66671 -2.49441 -3.67537
      vertex 1.78426 -2.40723 -3.67537
    endloop
  endfacet
  facet normal 0.326372 -0.544525 -0.772641
    outer loop
      vertex 1.77222 -2.65231 -3.51952
      vertex 1.53971 -2.57053 -3.67537
      vertex 1.66671 -2.49441 -3.67537
    endloop
  endfacet
  facet normal 0.326365 -0.544536 -0.772636
    outer loop
      vertex 1.53971 -2.57053 -3.67537
      vertex 1.77222 -2.65231 -3.51952
      vertex 1.50371 -2.81324 -3.51952
    endloop
  endfacet
  facet normal 0.830779 -0.0408169 -0.555103
    outer loop
      vertex 4.05459 -0.399342 -2.44199
      vertex 3.81524 0 -2.82957
      vertex 4.07421 0 -2.44199
    endloop
  endfacet
  facet normal 0.881092 0.0432888 -0.470959
    outer loop
      vertex 4.07421 0 -2.44199
      vertex 4.05459 0.399342 -2.44199
      vertex 4.29395 0 -2.03089
    endloop
  endfacet
  facet normal 0.686337 -0.171914 -0.706674
    outer loop
      vertex 3.36797 -1.02166 -3.1899
      vertex 3.12861 -0.622319 -3.51952
      vertex 3.45189 -0.686624 -3.1899
    endloop
  endfacet
  facet normal 0.830771 -0.0408323 -0.555114
    outer loop
      vertex 4.05459 -0.399342 -2.44199
      vertex 3.79686 -0.373958 -2.82957
      vertex 3.81524 0 -2.82957
    endloop
  endfacet
  facet normal 0.765007 0.11348 -0.633945
    outer loop
      vertex 3.50257 0.344973 -3.1899
      vertex 3.45189 0.686624 -3.1899
      vertex 3.74193 0.744315 -2.82957
    endloop
  endfacet
  facet normal 0.765018 0.113465 -0.633935
    outer loop
      vertex 3.79686 0.373958 -2.82957
      vertex 3.50257 0.344973 -3.1899
      vertex 3.74193 0.744315 -2.82957
    endloop
  endfacet
  facet normal 0.750206 -0.187931 -0.633934
    outer loop
      vertex 3.65095 -1.1075 -2.82957
      vertex 3.36797 -1.02166 -3.1899
      vertex 3.74193 -0.744315 -2.82957
    endloop
  endfacet
  facet normal 0.783163 -0.280204 -0.555105
    outer loop
      vertex 3.76408 -1.55913 -2.44199
      vertex 3.52482 -1.46003 -2.82957
      vertex 3.65095 -1.1075 -2.82957
    endloop
  endfacet
  facet normal 0.75192 -0.355633 -0.555105
    outer loop
      vertex 3.76408 -1.55913 -2.44199
      vertex 3.36474 -1.79849 -2.82957
      vertex 3.52482 -1.46003 -2.82957
    endloop
  endfacet
  facet normal 0.699126 -0.330663 -0.633944
    outer loop
      vertex 3.36474 -1.79849 -2.82957
      vertex 3.25161 -1.34686 -3.1899
      vertex 3.52482 -1.46003 -2.82957
    endloop
  endfacet
  facet normal 0.865153 -0.409189 -0.289956
    outer loop
      vertex 4.06358 -2.17203 -1.15416
      vertex 3.94425 -2.10824 -1.60023
      vertex 4.1319 -1.71149 -1.60023
    endloop
  endfacet
  facet normal 0.901097 -0.322413 -0.289956
    outer loop
      vertex 4.25691 -1.76327 -1.15416
      vertex 4.1319 -1.71149 -1.60023
      vertex 4.40924 -1.33753 -1.15416
    endloop
  endfacet
  facet normal 0.84129 -0.504242 -0.194862
    outer loop
      vertex 3.90673 -2.6104 -0.696969
      vertex 3.83112 -2.55987 -1.15416
      vertex 4.14378 -2.2149 -0.696969
    endloop
  endfacet
  facet normal 0.787811 -0.58428 -0.194864
    outer loop
      vertex 3.90673 -2.6104 -0.696969
      vertex 3.63206 -2.98075 -0.696969
      vertex 3.83112 -2.55987 -1.15416
    endloop
  endfacet
  facet normal 0.708554 -0.525502 -0.470956
    outer loop
      vertex 3.31927 -2.72405 -2.03089
      vertex 3.14941 -2.58465 -2.44199
      vertex 3.57029 -2.38559 -2.03089
    endloop
  endfacet
  facet normal 0.742196 -0.550452 -0.382292
    outer loop
      vertex 3.71861 -2.4847 -1.60023
      vertex 3.31927 -2.72405 -2.03089
      vertex 3.57029 -2.38559 -2.03089
    endloop
  endfacet
  facet normal 0.378188 -0.509911 -0.772635
    outer loop
      vertex 2.02365 -2.46583 -3.51952
      vertex 1.78426 -2.40723 -3.67537
      vertex 1.90318 -2.31903 -3.67537
    endloop
  endfacet
  facet normal 0.378189 -0.50991 -0.772636
    outer loop
      vertex 1.78426 -2.40723 -3.67537
      vertex 2.02365 -2.46583 -3.51952
      vertex 1.77222 -2.65231 -3.51952
    endloop
  endfacet
  facet normal 0.573034 -0.51937 -0.633945
    outer loop
      vertex 2.94922 -2.42036 -2.82957
      vertex 2.69778 -2.69778 -2.82957
      vertex 2.72062 -2.23276 -3.1899
    endloop
  endfacet
  facet normal 0.620544 -0.684675 -0.38229
    outer loop
      vertex 2.83722 -3.45716 -1.60023
      vertex 2.72405 -3.31927 -2.03089
      vertex 3.16242 -3.16242 -1.60023
    endloop
  endfacet
  facet normal 0.642705 -0.709121 -0.289961
    outer loop
      vertex 3.2581 -3.2581 -1.15416
      vertex 2.92306 -3.56176 -1.15416
      vertex 3.16242 -3.16242 -1.60023
    endloop
  endfacet
  facet normal 0.550452 -0.742196 -0.382292
    outer loop
      vertex 2.4847 -3.71861 -1.60023
      vertex 2.38559 -3.57029 -2.03089
      vertex 2.72405 -3.31927 -2.03089
    endloop
  endfacet
  facet normal 0.558595 -0.616304 -0.555105
    outer loop
      vertex 2.8809 -2.8809 -2.44199
      vertex 2.58465 -3.14941 -2.44199
      vertex 2.69778 -2.69778 -2.82957
    endloop
  endfacet
  facet normal 0.51411 -0.857724 0
    outer loop
      vertex 2.23644 -4.18408 -0.233071
      vertex 2.63578 -3.94472 0.233071
      vertex 2.23644 -4.18408 0.233071
    endloop
  endfacet
  facet normal 0.51411 -0.857724 0
    outer loop
      vertex 2.63578 -3.94472 0.233071
      vertex 2.23644 -4.18408 -0.233071
      vertex 2.63578 -3.94472 -0.233071
    endloop
  endfacet
  facet normal 0.511628 -0.853612 -0.0978962
    outer loop
      vertex 2.63578 -3.94472 -0.233071
      vertex 2.2149 -4.14378 -0.696969
      vertex 2.6104 -3.90673 -0.696969
    endloop
  endfacet
  facet normal 0.51164 -0.853603 -0.0979114
    outer loop
      vertex 2.23644 -4.18408 -0.233071
      vertex 2.2149 -4.14378 -0.696969
      vertex 2.63578 -3.94472 -0.233071
    endloop
  endfacet
  facet normal -0.937048 0.335283 -0.0976031
    outer loop
      vertex -4.38314 1.81556 -0.233071
      vertex -4.53854 1.37675 -0.248522
      vertex -4.53933 1.37904 -0.233071
    endloop
  endfacet
  facet normal -0.937017 0.335282 -0.0979068
    outer loop
      vertex -4.53854 1.37675 -0.248522
      vertex -4.38314 1.81556 -0.233071
      vertex -4.49627 1.36393 -0.696969
    endloop
  endfacet
  facet normal -0.96606 0.23905 -0.0978933
    outer loop
      vertex -4.49627 1.36393 -0.696969
      vertex -4.53695 1.3731 -0.273126
      vertex -4.53854 1.37675 -0.248522
    endloop
  endfacet
  facet normal -0.965356 0.241882 -0.097887
    outer loop
      vertex -4.49627 1.36393 -0.696969
      vertex -4.5318 1.33972 -0.406398
      vertex -4.53695 1.3731 -0.273126
    endloop
  endfacet
  facet normal -0.965362 0.241856 -0.0978899
    outer loop
      vertex -4.49627 1.36393 -0.696969
      vertex -4.53028 1.29343 -0.535756
      vertex -4.5318 1.33972 -0.406398
    endloop
  endfacet
  facet normal -0.965382 0.241756 -0.0979378
    outer loop
      vertex -4.49627 1.36393 -0.696969
      vertex -4.53239 1.23469 -0.659955
      vertex -4.53028 1.29343 -0.535756
    endloop
  endfacet
  facet normal -0.965387 0.241809 -0.0977573
    outer loop
      vertex -4.53239 1.23469 -0.659955
      vertex -4.49627 1.36393 -0.696969
      vertex -4.5342 1.2125 -0.696969
    endloop
  endfacet
  facet normal -0.853603 0.51164 0.0979114
    outer loop
      vertex -3.94472 2.63578 0.233071
      vertex -4.18408 2.23644 0.233071
      vertex -4.14378 2.2149 0.696969
    endloop
  endfacet
  facet normal -0.899643 0.425508 -0.097901
    outer loop
      vertex -4.34093 1.79807 -0.696969
      vertex -4.38314 1.81556 -0.233071
      vertex -4.14378 2.2149 -0.696969
    endloop
  endfacet
  facet normal -0.923496 0.330427 -0.194866
    outer loop
      vertex -4.25691 1.76327 -1.15416
      vertex -4.40924 1.33753 -1.15416
      vertex -4.34093 1.79807 -0.696969
    endloop
  endfacet
  facet normal -0.951432 -0.238325 -0.194881
    outer loop
      vertex -4.51911 -0.898907 -1.15416
      vertex -4.52994 -0.989949 -0.989949
      vertex -4.53563 -0.902192 -1.06949
    endloop
  endfacet
  facet normal -0.951433 -0.238323 -0.19488
    outer loop
      vertex -4.40924 -1.33753 -1.15416
      vertex -4.52994 -0.989949 -0.989949
      vertex -4.51911 -0.898907 -1.15416
    endloop
  endfacet
  facet normal -0.951433 -0.238326 -0.194874
    outer loop
      vertex -4.52994 -0.989949 -0.989949
      vertex -4.40924 -1.33753 -1.15416
      vertex -4.52768 -1.08221 -0.88815
    endloop
  endfacet
  facet normal -0.95144 -0.238183 -0.195014
    outer loop
      vertex -4.52768 -1.08221 -0.88815
      vertex -4.40924 -1.33753 -1.15416
      vertex -4.5278 -1.08687 -0.881873
    endloop
  endfacet
  facet normal -0.90399 -0.427553 0
    outer loop
      vertex -4.18408 -2.23644 -0.233071
      vertex -4.38314 -1.81556 0.233071
      vertex -4.38314 -1.81556 -0.233071
    endloop
  endfacet
  facet normal -0.90399 -0.427553 0
    outer loop
      vertex -4.38314 -1.81556 0.233071
      vertex -4.18408 -2.23644 -0.233071
      vertex -4.18408 -2.23644 0.233071
    endloop
  endfacet
  facet normal -0.922933 -0.0453484 -0.38228
    outer loop
      vertex -4.27327 -0.42088 -2.03089
      vertex -4.47233 0 -1.60023
      vertex -4.29395 0 -2.03089
    endloop
  endfacet
  facet normal -0.881094 -0.0432927 -0.470956
    outer loop
      vertex -4.27327 -0.42088 -2.03089
      vertex -4.29395 0 -2.03089
      vertex -4.05459 -0.399342 -2.44199
    endloop
  endfacet
  facet normal -0.699881 -0.103819 -0.706674
    outer loop
      vertex -3.45189 -0.686624 -3.1899
      vertex -3.50257 -0.344973 -3.1899
      vertex -3.12861 -0.622319 -3.51952
    endloop
  endfacet
  facet normal -0.822775 -0.122031 -0.555112
    outer loop
      vertex -3.74193 -0.744315 -2.82957
      vertex -3.99593 -0.794839 -2.44199
      vertex -3.79686 -0.373958 -2.82957
    endloop
  endfacet
  facet normal -0.616306 -0.558589 -0.555108
    outer loop
      vertex -2.69778 -2.69778 -2.82957
      vertex -3.14941 -2.58465 -2.44199
      vertex -2.94922 -2.42036 -2.82957
    endloop
  endfacet
  facet normal -0.75192 -0.355635 -0.555103
    outer loop
      vertex -3.59313 -1.92057 -2.44199
      vertex -3.76408 -1.55913 -2.44199
      vertex -3.36474 -1.79849 -2.82957
    endloop
  endfacet
  facet normal -0.709123 -0.642702 -0.289963
    outer loop
      vertex -3.16242 -3.16242 -1.60023
      vertex -3.56176 -2.92306 -1.15416
      vertex -3.45716 -2.83722 -1.60023
    endloop
  endfacet
  facet normal -0.756662 -0.453507 -0.47095
    outer loop
      vertex -3.57029 -2.38559 -2.03089
      vertex -3.78692 -2.02415 -2.03089
      vertex -3.59313 -1.92057 -2.44199
    endloop
  endfacet
  facet normal -0.899643 -0.425508 -0.097901
    outer loop
      vertex -4.14378 -2.2149 -0.696969
      vertex -4.38314 -1.81556 -0.233071
      vertex -4.34093 -1.79807 -0.696969
    endloop
  endfacet
  facet normal -0.799357 -0.592827 -0.0978955
    outer loop
      vertex -3.66738 -3.00974 -0.233071
      vertex -3.94472 -2.63578 -0.233071
      vertex -3.90673 -2.6104 -0.696969
    endloop
  endfacet
  facet normal -0.899647 -0.425498 -0.0979116
    outer loop
      vertex -4.18408 -2.23644 -0.233071
      vertex -4.38314 -1.81556 -0.233071
      vertex -4.14378 -2.2149 -0.696969
    endloop
  endfacet
  facet normal -0.853603 -0.51164 -0.0979114
    outer loop
      vertex -3.94472 -2.63578 -0.233071
      vertex -4.18408 -2.23644 -0.233071
      vertex -4.14378 -2.2149 -0.696969
    endloop
  endfacet
  facet normal -0.93702 -0.335276 -0.0978999
    outer loop
      vertex -4.38314 -1.81556 -0.233071
      vertex -4.49627 -1.36393 -0.696969
      vertex -4.34093 -1.79807 -0.696969
    endloop
  endfacet
  facet normal -0.937017 -0.335282 -0.0979068
    outer loop
      vertex -4.38314 -1.81556 -0.233071
      vertex -4.53854 -1.37675 -0.248522
      vertex -4.49627 -1.36393 -0.696969
    endloop
  endfacet
  facet normal -0.937048 -0.335283 -0.0976031
    outer loop
      vertex -4.53854 -1.37675 -0.248522
      vertex -4.38314 -1.81556 -0.233071
      vertex -4.53933 -1.37904 -0.233071
    endloop
  endfacet
  facet normal -0.822773 0.122034 -0.555114
    outer loop
      vertex -3.79686 0.373958 -2.82957
      vertex -4.05459 0.399342 -2.44199
      vertex -3.99593 0.794839 -2.44199
    endloop
  endfacet
  facet normal -0.783145 0.280222 -0.555121
    outer loop
      vertex -3.65095 1.1075 -2.82957
      vertex -3.89878 1.18268 -2.44199
      vertex -3.76408 1.55913 -2.44199
    endloop
  endfacet
  facet normal -0.765018 0.113465 -0.633935
    outer loop
      vertex -3.50257 0.344973 -3.1899
      vertex -3.79686 0.373958 -2.82957
      vertex -3.74193 0.744315 -2.82957
    endloop
  endfacet
  facet normal -0.699881 0.103819 -0.706674
    outer loop
      vertex -3.12861 0.622319 -3.51952
      vertex -3.50257 0.344973 -3.1899
      vertex -3.45189 0.686624 -3.1899
    endloop
  endfacet
  facet normal -0.470387 0.426355 -0.77263
    outer loop
      vertex -2.2196 2.01289 -3.67537
      vertex -2.2556 2.2556 -3.51952
      vertex -2.12132 2.12132 -3.67537
    endloop
  endfacet
  facet normal -0.470405 0.426327 -0.772635
    outer loop
      vertex -2.46583 2.02365 -3.51952
      vertex -2.2196 2.01289 -3.67537
      vertex -2.31903 1.90318 -3.67537
    endloop
  endfacet
  facet normal -0.470399 0.42635 -0.772626
    outer loop
      vertex -2.2196 2.01289 -3.67537
      vertex -2.46583 2.02365 -3.51952
      vertex -2.2556 2.2556 -3.51952
    endloop
  endfacet
  facet normal -0.606891 0.363737 -0.706668
    outer loop
      vertex -2.81324 1.50371 -3.51952
      vertex -2.92637 1.95534 -3.1899
      vertex -2.65231 1.77222 -3.51952
    endloop
  endfacet
  facet normal -0.568298 0.421494 -0.706668
    outer loop
      vertex -2.65231 1.77222 -3.51952
      vertex -2.92637 1.95534 -3.1899
      vertex -2.46583 2.02365 -3.51952
    endloop
  endfacet
  facet normal -0.639605 0.302503 -0.706681
    outer loop
      vertex -2.81324 1.50371 -3.51952
      vertex -3.25161 1.34686 -3.1899
      vertex -3.10394 1.65909 -3.1899
    endloop
  endfacet
  facet normal -0.699133 0.330657 -0.633939
    outer loop
      vertex -3.25161 1.34686 -3.1899
      vertex -3.36474 1.79849 -2.82957
      vertex -3.10394 1.65909 -3.1899
    endloop
  endfacet
  facet normal -0.421494 0.568298 -0.706668
    outer loop
      vertex -1.77222 2.65231 -3.51952
      vertex -2.02365 2.46583 -3.51952
      vertex -1.95534 2.92637 -3.1899
    endloop
  endfacet
  facet normal -0.363737 0.606891 -0.706668
    outer loop
      vertex -1.77222 2.65231 -3.51952
      vertex -1.95534 2.92637 -3.1899
      vertex -1.50371 2.81324 -3.51952
    endloop
  endfacet
  facet normal -0.475162 0.524246 -0.706673
    outer loop
      vertex -2.02365 2.46583 -3.51952
      vertex -2.48867 2.48867 -3.1899
      vertex -2.23276 2.72062 -3.1899
    endloop
  endfacet
  facet normal -0.616304 0.558595 -0.555105
    outer loop
      vertex -2.69778 2.69778 -2.82957
      vertex -3.14941 2.58465 -2.44199
      vertex -2.8809 2.8809 -2.44199
    endloop
  endfacet
  facet normal -0.397608 0.663348 -0.633938
    outer loop
      vertex -1.95534 2.92637 -3.1899
      vertex -2.11963 3.17225 -2.82957
      vertex -1.79849 3.36474 -2.82957
    endloop
  endfacet
  facet normal -0.460695 0.621194 -0.633938
    outer loop
      vertex -1.95534 2.92637 -3.1899
      vertex -2.42036 2.94922 -2.82957
      vertex -2.11963 3.17225 -2.82957
    endloop
  endfacet
  facet normal -0.395079 0.83532 -0.3823
    outer loop
      vertex -1.64322 3.96709 -2.03089
      vertex -2.10824 3.94425 -1.60023
      vertex -1.71149 4.1319 -1.60023
    endloop
  endfacet
  facet normal -0.709123 0.642702 -0.289963
    outer loop
      vertex -3.45716 2.83722 -1.60023
      vertex -3.56176 2.92306 -1.15416
      vertex -3.16242 3.16242 -1.60023
    endloop
  endfacet
  facet normal -0.453507 0.756662 -0.47095
    outer loop
      vertex -1.92057 3.59313 -2.44199
      vertex -2.38559 3.57029 -2.03089
      vertex -2.02415 3.78692 -2.03089
    endloop
  endfacet
  facet normal -0.453517 0.756648 -0.470962
    outer loop
      vertex -2.26351 3.38758 -2.44199
      vertex -2.38559 3.57029 -2.03089
      vertex -1.92057 3.59313 -2.44199
    endloop
  endfacet
  facet normal -0.519374 0.573024 -0.633951
    outer loop
      vertex -2.48867 2.48867 -3.1899
      vertex -2.69778 2.69778 -2.82957
      vertex -2.23276 2.72062 -3.1899
    endloop
  endfacet
  facet normal -0.668094 0.495485 -0.555108
    outer loop
      vertex -2.94922 2.42036 -2.82957
      vertex -3.38758 2.26351 -2.44199
      vertex -3.14941 2.58465 -2.44199
    endloop
  endfacet
  facet normal 0.103819 0.699881 -0.706674
    outer loop
      vertex 0.622319 3.12861 -3.51952
      vertex 0.344973 3.50257 -3.1899
      vertex 0.686624 3.45189 -3.1899
    endloop
  endfacet
  facet normal 0.187911 0.750202 -0.633945
    outer loop
      vertex 1.02166 3.36797 -3.1899
      vertex 0.686624 3.45189 -3.1899
      vertex 0.744315 3.74193 -2.82957
    endloop
  endfacet
  facet normal 0.421494 0.568298 -0.706668
    outer loop
      vertex 2.02365 2.46583 -3.51952
      vertex 1.77222 2.65231 -3.51952
      vertex 1.95534 2.92637 -3.1899
    endloop
  endfacet
  facet normal -0.238367 0.666181 -0.706671
    outer loop
      vertex -1.22072 2.94709 -3.51952
      vertex -1.34686 3.25161 -3.1899
      vertex -1.02166 3.36797 -3.1899
    endloop
  endfacet
  facet normal -0.302524 0.639605 -0.706671
    outer loop
      vertex -1.22072 2.94709 -3.51952
      vertex -1.50371 2.81324 -3.51952
      vertex -1.34686 3.25161 -3.1899
    endloop
  endfacet
  facet normal -0.213866 0.597741 -0.772636
    outer loop
      vertex -1.14805 2.77164 -3.67537
      vertex -1.22072 2.94709 -3.51952
      vertex -1.01026 2.82094 -3.67537
    endloop
  endfacet
  facet normal -0.21387 0.597734 -0.772641
    outer loop
      vertex -1.01026 2.82094 -3.67537
      vertex -0.92598 3.05255 -3.51952
      vertex -0.870853 2.87082 -3.67537
    endloop
  endfacet
  facet normal -0.213873 0.597734 -0.77264
    outer loop
      vertex -0.92598 3.05255 -3.51952
      vertex -1.01026 2.82094 -3.67537
      vertex -1.22072 2.94709 -3.51952
    endloop
  endfacet
  facet normal -0.271446 0.573891 -0.772636
    outer loop
      vertex -1.2819 2.70833 -3.67537
      vertex -1.22072 2.94709 -3.51952
      vertex -1.14805 2.77164 -3.67537
    endloop
  endfacet
  facet normal -0.271442 0.573891 -0.772637
    outer loop
      vertex -1.22072 2.94709 -3.51952
      vertex -1.2819 2.70833 -3.67537
      vertex -1.50371 2.81324 -3.51952
    endloop
  endfacet
  facet normal -0.202105 0.806842 -0.555121
    outer loop
      vertex -1.1075 3.65095 -2.82957
      vertex -1.18268 3.89878 -2.44199
      vertex -0.794839 3.99593 -2.44199
    endloop
  endfacet
  facet normal -0.21435 0.855724 -0.470947
    outer loop
      vertex -1.18268 3.89878 -2.44199
      vertex -1.24647 4.10905 -2.03089
      vertex -0.794839 3.99593 -2.44199
    endloop
  endfacet
  facet normal -0.0408169 0.830779 -0.555103
    outer loop
      vertex 0 3.81524 -2.82957
      vertex -0.399342 4.05459 -2.44199
      vertex 0 4.07421 -2.44199
    endloop
  endfacet
  facet normal 0.0408323 0.830771 -0.555114
    outer loop
      vertex 0.373958 3.79686 -2.82957
      vertex 0 3.81524 -2.82957
      vertex 0.399342 4.05459 -2.44199
    endloop
  endfacet
  facet normal -0.140429 0.946681 0.289957
    outer loop
      vertex -0.438365 4.4508 1.60023
      vertex -0.898907 4.51911 1.15416
      vertex -0.872509 4.3864 1.60023
    endloop
  endfacet
  facet normal -0.232537 0.928362 0.289951
    outer loop
      vertex -0.872509 4.3864 1.60023
      vertex -1.33753 4.40924 1.15416
      vertex -1.29825 4.27976 1.60023
    endloop
  endfacet
  facet normal -0.492013 0.820882 0.289958
    outer loop
      vertex -2.17203 4.06358 1.15416
      vertex -2.55987 3.83112 1.15416
      vertex -2.10824 3.94425 1.60023
    endloop
  endfacet
  facet normal -0.238326 0.951433 0.194875
    outer loop
      vertex -0.916649 4.60831 0.696969
      vertex -1.36393 4.49627 0.696969
      vertex -1.33753 4.40924 1.15416
    endloop
  endfacet
  facet normal -0.671568 0.740943 0
    outer loop
      vertex -3.00974 3.66738 -0.233071
      vertex -3.35471 3.35471 0.233071
      vertex -3.00974 3.66738 0.233071
    endloop
  endfacet
  facet normal -0.671568 0.740943 0
    outer loop
      vertex -3.35471 3.35471 0.233071
      vertex -3.00974 3.66738 -0.233071
      vertex -3.35471 3.35471 -0.233071
    endloop
  endfacet
  facet normal -0.66834 0.737384 0.0979086
    outer loop
      vertex -3.00974 3.66738 0.233071
      vertex -3.3224 3.3224 0.696969
      vertex -2.98075 3.63206 0.696969
    endloop
  endfacet
  facet normal -0.425498 0.899647 -0.0979116
    outer loop
      vertex -2.2149 4.14378 -0.696969
      vertex -2.23644 4.18408 -0.233071
      vertex -1.81556 4.38314 -0.233071
    endloop
  endfacet
  facet normal -0.395083 0.835316 -0.382304
    outer loop
      vertex -2.02415 3.78692 -2.03089
      vertex -2.10824 3.94425 -1.60023
      vertex -1.64322 3.96709 -2.03089
    endloop
  endfacet
  facet normal -0.504242 0.84129 -0.194862
    outer loop
      vertex -2.55987 3.83112 -1.15416
      vertex -2.6104 3.90673 -0.696969
      vertex -2.2149 4.14378 -0.696969
    endloop
  endfacet
  facet normal 0.140432 0.94668 0.28996
    outer loop
      vertex 0.451628 4.58546 1.15416
      vertex 0.438365 4.4508 1.60023
      vertex 0.898907 4.51911 1.15416
    endloop
  endfacet
  facet normal 0.143923 0.970215 0.194858
    outer loop
      vertex 0.460542 4.67596 0.696969
      vertex 0.451628 4.58546 1.15416
      vertex 0.898907 4.51911 1.15416
    endloop
  endfacet
  facet normal -0.0481377 0.979649 0.194862
    outer loop
      vertex 0 4.69859 0.696969
      vertex -0.460542 4.67596 0.696969
      vertex 0 4.60765 1.15416
    endloop
  endfacet
  facet normal -0.0481335 0.97965 0.194858
    outer loop
      vertex 0 4.60765 1.15416
      vertex -0.460542 4.67596 0.696969
      vertex -0.451628 4.58546 1.15416
    endloop
  endfacet
  facet normal 0.0408169 0.830779 0.555103
    outer loop
      vertex 0 4.07421 2.44199
      vertex 0 3.81524 2.82957
      vertex 0.399342 4.05459 2.44199
    endloop
  endfacet
  facet normal 0.0432927 0.881094 0.470956
    outer loop
      vertex 0.42088 4.27327 2.03089
      vertex 0 4.29395 2.03089
      vertex 0.399342 4.05459 2.44199
    endloop
  endfacet
  facet normal -0.7687 0.570107 0.289963
    outer loop
      vertex -3.56176 2.92306 1.15416
      vertex -3.83112 2.55987 1.15416
      vertex -3.45716 2.83722 1.60023
    endloop
  endfacet
  facet normal -0.592422 0.653634 0.470956
    outer loop
      vertex -2.72405 3.31927 2.03089
      vertex -3.03628 3.03628 2.03089
      vertex -2.58465 3.14941 2.44199
    endloop
  endfacet
  facet normal -0.419361 0.88666 0.19486
    outer loop
      vertex -1.76327 4.25691 1.15416
      vertex -2.2149 4.14378 0.696969
      vertex -2.17203 4.06358 1.15416
    endloop
  endfacet
  facet normal -0.550456 0.742195 0.382289
    outer loop
      vertex -2.4847 3.71861 1.60023
      vertex -2.83722 3.45716 1.60023
      vertex -2.72405 3.31927 2.03089
    endloop
  endfacet
  facet normal -0.377174 0.79746 0.470953
    outer loop
      vertex -1.64322 3.96709 2.03089
      vertex -1.92057 3.59313 2.44199
      vertex -1.55913 3.76408 2.44199
    endloop
  endfacet
  facet normal -0.214349 0.855724 0.470946
    outer loop
      vertex -0.837708 4.21144 2.03089
      vertex -1.24647 4.10905 2.03089
      vertex -0.794839 3.99593 2.44199
    endloop
  endfacet
  facet normal -0.568298 0.421494 0.706668
    outer loop
      vertex -2.46583 2.02365 3.51952
      vertex -2.92637 1.95534 3.1899
      vertex -2.65231 1.77222 3.51952
    endloop
  endfacet
  facet normal -0.411992 0.373406 0.831162
    outer loop
      vertex -2.00081 2.00081 3.81524
      vertex -2.18729 1.79506 3.81524
      vertex -1.72675 1.72675 4.07421
    endloop
  endfacet
  facet normal -0.023154 0.471275 0.881682
    outer loop
      vertex 0 2.03089 4.29395
      vertex -0.239356 2.43023 4.07421
      vertex -0.199061 2.02111 4.29395
    endloop
  endfacet
  facet normal -0.0379537 0.772448 0.633942
    outer loop
      vertex 0 3.81524 2.82957
      vertex -0.344973 3.50257 3.1899
      vertex 0 3.51952 3.1899
    endloop
  endfacet
  facet normal -0.11348 0.765007 0.633945
    outer loop
      vertex -0.344973 3.50257 3.1899
      vertex -0.744315 3.74193 2.82957
      vertex -0.686624 3.45189 3.1899
    endloop
  endfacet
  facet normal -0.260547 0.728169 0.633944
    outer loop
      vertex -1.02166 3.36797 3.1899
      vertex -1.46003 3.52482 2.82957
      vertex -1.34686 3.25161 3.1899
    endloop
  endfacet
  facet normal 0.0408323 0.830771 0.555114
    outer loop
      vertex 0.399342 4.05459 2.44199
      vertex 0 3.81524 2.82957
      vertex 0.373958 3.79686 2.82957
    endloop
  endfacet
  facet normal 0.037966 0.772454 0.633935
    outer loop
      vertex 0.373958 3.79686 2.82957
      vertex 0 3.81524 2.82957
      vertex 0.344973 3.50257 3.1899
    endloop
  endfacet
  facet normal 0.750202 -0.187911 0.633945
    outer loop
      vertex 3.45189 -0.686624 3.1899
      vertex 3.36797 -1.02166 3.1899
      vertex 3.74193 -0.744315 2.82957
    endloop
  endfacet
  facet normal 0.699881 -0.103819 0.706674
    outer loop
      vertex 3.50257 -0.344973 3.1899
      vertex 3.12861 -0.622319 3.51952
      vertex 3.45189 -0.686624 3.1899
    endloop
  endfacet
  facet normal 0.523522 -0.187323 0.831165
    outer loop
      vertex 2.70773 -0.821381 3.81524
      vertex 2.2561 -0.934508 4.07421
      vertex 2.61418 -1.08283 3.81524
    endloop
  endfacet
  facet normal 0.627982 -0.0931466 0.772633
    outer loop
      vertex 3.17454 -0.312665 3.51952
      vertex 2.7752 -0.552022 3.81524
      vertex 3.12861 -0.622319 3.51952
    endloop
  endfacet
  facet normal 0.822775 0.122031 0.555112
    outer loop
      vertex 3.99593 0.794839 2.44199
      vertex 3.74193 0.744315 2.82957
      vertex 3.79686 0.373958 2.82957
    endloop
  endfacet
  facet normal 0.806845 0.202119 0.555112
    outer loop
      vertex 3.99593 0.794839 2.44199
      vertex 3.65095 1.1075 2.82957
      vertex 3.74193 0.744315 2.82957
    endloop
  endfacet
  facet normal 0.881094 -0.0432927 0.470956
    outer loop
      vertex 4.29395 0 2.03089
      vertex 4.05459 -0.399342 2.44199
      vertex 4.27327 -0.42088 2.03089
    endloop
  endfacet
  facet normal 0.872614 -0.129439 0.470946
    outer loop
      vertex 4.27327 -0.42088 2.03089
      vertex 3.99593 -0.794839 2.44199
      vertex 4.21144 -0.837708 2.03089
    endloop
  endfacet
  facet normal 0.896348 0.224525 0.382294
    outer loop
      vertex 4.3864 0.872509 1.60023
      vertex 4.10905 1.24647 2.03089
      vertex 4.21144 0.837708 2.03089
    endloop
  endfacet
  facet normal 0.922927 0.0453289 0.382297
    outer loop
      vertex 4.4508 0.438365 1.60023
      vertex 4.27327 0.42088 2.03089
      vertex 4.47233 0 1.60023
    endloop
  endfacet
  facet normal 0.881094 0.0432927 0.470956
    outer loop
      vertex 4.27327 0.42088 2.03089
      vertex 4.05459 0.399342 2.44199
      vertex 4.29395 0 2.03089
    endloop
  endfacet
  facet normal 0.872611 0.129425 0.470956
    outer loop
      vertex 4.27327 0.42088 2.03089
      vertex 3.99593 0.794839 2.44199
      vertex 4.05459 0.399342 2.44199
    endloop
  endfacet
  facet normal 0.955886 -0.0469126 0.289969
    outer loop
      vertex 4.47233 0 1.60023
      vertex 4.52838 -0.137223 1.39326
      vertex 4.53307 0 1.4
    endloop
  endfacet
  facet normal 0.955844 -0.0470921 0.290077
    outer loop
      vertex 4.52838 -0.137223 1.39326
      vertex 4.47233 0 1.60023
      vertex 4.52802 -0.222328 1.38063
    endloop
  endfacet
  facet normal 0.886656 -0.419366 0.194866
    outer loop
      vertex 4.25691 -1.76327 1.15416
      vertex 4.14378 -2.2149 0.696969
      vertex 4.34093 -1.79807 0.696969
    endloop
  endfacet
  facet normal 0.899643 -0.425508 0.097901
    outer loop
      vertex 4.34093 -1.79807 0.696969
      vertex 4.14378 -2.2149 0.696969
      vertex 4.38314 -1.81556 0.233071
    endloop
  endfacet
  facet normal 0.937017 -0.335282 0.0979068
    outer loop
      vertex 4.38314 -1.81556 0.233071
      vertex 4.53854 -1.37675 0.248522
      vertex 4.49627 -1.36393 0.696969
    endloop
  endfacet
  facet normal 0.937048 -0.335283 0.0976031
    outer loop
      vertex 4.53854 -1.37675 0.248522
      vertex 4.38314 -1.81556 0.233071
      vertex 4.53933 -1.37904 0.233071
    endloop
  endfacet
  facet normal 0.965387 -0.241809 0.0977573
    outer loop
      vertex 4.49627 -1.36393 0.696969
      vertex 4.53239 -1.23469 0.659955
      vertex 4.5342 -1.2125 0.696969
    endloop
  endfacet
  facet normal 0.965382 -0.241756 0.0979378
    outer loop
      vertex 4.49627 -1.36393 0.696969
      vertex 4.53028 -1.29343 0.535756
      vertex 4.53239 -1.23469 0.659955
    endloop
  endfacet
  facet normal 0.965362 -0.241856 0.0978899
    outer loop
      vertex 4.49627 -1.36393 0.696969
      vertex 4.5318 -1.33972 0.406398
      vertex 4.53028 -1.29343 0.535756
    endloop
  endfacet
  facet normal 0.965356 -0.241882 0.097887
    outer loop
      vertex 4.49627 -1.36393 0.696969
      vertex 4.53695 -1.3731 0.273126
      vertex 4.5318 -1.33972 0.406398
    endloop
  endfacet
  facet normal 0.96606 -0.23905 0.0978933
    outer loop
      vertex 4.53695 -1.3731 0.273126
      vertex 4.49627 -1.36393 0.696969
      vertex 4.53854 -1.37675 0.248522
    endloop
  endfacet
  facet normal 0.88666 -0.419361 0.19486
    outer loop
      vertex 4.25691 -1.76327 1.15416
      vertex 4.06358 -2.17203 1.15416
      vertex 4.14378 -2.2149 0.696969
    endloop
  endfacet
  facet normal 0.865153 -0.409189 0.289956
    outer loop
      vertex 4.1319 -1.71149 1.60023
      vertex 4.06358 -2.17203 1.15416
      vertex 4.25691 -1.76327 1.15416
    endloop
  endfacet
  facet normal 0.835316 -0.395083 0.382304
    outer loop
      vertex 3.96709 -1.64322 2.03089
      vertex 3.78692 -2.02415 2.03089
      vertex 3.94425 -2.10824 1.60023
    endloop
  endfacet
  facet normal 0.83532 -0.395079 0.3823
    outer loop
      vertex 3.96709 -1.64322 2.03089
      vertex 3.94425 -2.10824 1.60023
      vertex 4.1319 -1.71149 1.60023
    endloop
  endfacet
  facet normal 0.830591 -0.297199 0.470948
    outer loop
      vertex 3.89878 -1.18268 2.44199
      vertex 3.76408 -1.55913 2.44199
      vertex 4.10905 -1.24647 2.03089
    endloop
  endfacet
  facet normal 0.822775 -0.122031 0.555112
    outer loop
      vertex 3.79686 -0.373958 2.82957
      vertex 3.74193 -0.744315 2.82957
      vertex 3.99593 -0.794839 2.44199
    endloop
  endfacet
  facet normal 0.765007 -0.11348 0.633945
    outer loop
      vertex 3.50257 -0.344973 3.1899
      vertex 3.45189 -0.686624 3.1899
      vertex 3.74193 -0.744315 2.82957
    endloop
  endfacet
  facet normal 0.728183 -0.260533 0.633934
    outer loop
      vertex 3.65095 -1.1075 2.82957
      vertex 3.36797 -1.02166 3.1899
      vertex 3.52482 -1.46003 2.82957
    endloop
  endfacet
  facet normal -0.0408323 -0.830771 0.555114
    outer loop
      vertex -0.373958 -3.79686 2.82957
      vertex -0.399342 -4.05459 2.44199
      vertex 0 -3.81524 2.82957
    endloop
  endfacet
  facet normal -0.0408169 -0.830779 0.555103
    outer loop
      vertex 0 -3.81524 2.82957
      vertex -0.399342 -4.05459 2.44199
      vertex 0 -4.07421 2.44199
    endloop
  endfacet
  facet normal 0.202105 -0.806842 0.555121
    outer loop
      vertex 1.1075 -3.65095 2.82957
      vertex 0.794839 -3.99593 2.44199
      vertex 1.18268 -3.89878 2.44199
    endloop
  endfacet
  facet normal 0.280222 -0.783145 0.555121
    outer loop
      vertex 1.55913 -3.76408 2.44199
      vertex 1.1075 -3.65095 2.82957
      vertex 1.18268 -3.89878 2.44199
    endloop
  endfacet
  facet normal 0.171914 -0.686337 0.706674
    outer loop
      vertex 1.02166 -3.36797 3.1899
      vertex 0.622319 -3.12861 3.51952
      vertex 0.686624 -3.45189 3.1899
    endloop
  endfacet
  facet normal 0.11348 -0.765007 0.633945
    outer loop
      vertex 0.686624 -3.45189 3.1899
      vertex 0.344973 -3.50257 3.1899
      vertex 0.744315 -3.74193 2.82957
    endloop
  endfacet
  facet normal -0.0469656 -0.955881 0.289976
    outer loop
      vertex 0 -4.47233 1.60023
      vertex -0.451628 -4.58546 1.15416
      vertex 0 -4.60765 1.15416
    endloop
  endfacet
  facet normal -0.143923 -0.970215 0.194858
    outer loop
      vertex -0.451628 -4.58546 1.15416
      vertex -0.898907 -4.51911 1.15416
      vertex -0.460542 -4.67596 0.696969
    endloop
  endfacet
  facet normal 0.0490785 -0.998795 0
    outer loop
      vertex 0 -4.74428 -0.233071
      vertex 0.46502 -4.72143 0.233071
      vertex 0 -4.74428 0.233071
    endloop
  endfacet
  facet normal 0.0490785 -0.998795 0
    outer loop
      vertex 0.46502 -4.72143 0.233071
      vertex 0 -4.74428 -0.233071
      vertex 0.46502 -4.72143 -0.233071
    endloop
  endfacet
  facet normal 0.0488427 -0.993997 -0.0979003
    outer loop
      vertex 0.46502 -4.72143 -0.233071
      vertex 0 -4.74428 -0.233071
      vertex 0.460542 -4.67596 -0.696969
    endloop
  endfacet
  facet normal 0.509917 -0.378179 0.772636
    outer loop
      vertex 2.3527 -1.57203 3.81524
      vertex 2.18729 -1.79506 3.81524
      vertex 2.65231 -1.77222 3.51952
    endloop
  endfacet
  facet normal 0.524251 -0.47516 0.706671
    outer loop
      vertex 2.46583 -2.02365 3.51952
      vertex 2.2556 -2.2556 3.51952
      vertex 2.48867 -2.48867 3.1899
    endloop
  endfacet
  facet normal 0.684675 -0.620544 0.38229
    outer loop
      vertex 3.31927 -2.72405 2.03089
      vertex 3.16242 -3.16242 1.60023
      vertex 3.45716 -2.83722 1.60023
    endloop
  endfacet
  facet normal 0.742195 -0.550456 0.382289
    outer loop
      vertex 3.71861 -2.4847 1.60023
      vertex 3.31927 -2.72405 2.03089
      vertex 3.45716 -2.83722 1.60023
    endloop
  endfacet
  facet normal 0.446593 -0.331233 0.831167
    outer loop
      vertex 2.03044 -1.3567 4.07421
      vertex 1.88768 -1.54918 4.07421
      vertex 2.18729 -1.79506 3.81524
    endloop
  endfacet
  facet normal 0.411997 -0.373389 0.831167
    outer loop
      vertex 1.88768 -1.54918 4.07421
      vertex 1.72675 -1.72675 4.07421
      vertex 2.18729 -1.79506 3.81524
    endloop
  endfacet
  facet normal 0.666181 -0.238367 0.706671
    outer loop
      vertex 3.36797 -1.02166 3.1899
      vertex 2.94709 -1.22072 3.51952
      vertex 3.25161 -1.34686 3.1899
    endloop
  endfacet
  facet normal 0.627988 -0.0931662 0.772626
    outer loop
      vertex 2.81595 -0.277346 3.81524
      vertex 2.7752 -0.552022 3.81524
      vertex 3.17454 -0.312665 3.51952
    endloop
  endfacet
  facet normal 0.395083 -0.835316 0.382304
    outer loop
      vertex 2.02415 -3.78692 2.03089
      vertex 1.64322 -3.96709 2.03089
      vertex 2.10824 -3.94425 1.60023
    endloop
  endfacet
  facet normal 0.475048 -0.792574 0.382303
    outer loop
      vertex 2.4847 -3.71861 1.60023
      vertex 2.02415 -3.78692 2.03089
      vertex 2.10824 -3.94425 1.60023
    endloop
  endfacet
  facet normal 0.397608 -0.663348 0.633938
    outer loop
      vertex 1.95534 -2.92637 3.1899
      vertex 1.79849 -3.36474 2.82957
      vertex 2.11963 -3.17225 2.82957
    endloop
  endfacet
  facet normal 0.427628 -0.713432 0.555112
    outer loop
      vertex 2.11963 -3.17225 2.82957
      vertex 1.79849 -3.36474 2.82957
      vertex 2.26351 -3.38758 2.44199
    endloop
  endfacet
  facet normal 0.19508 0.00958785 0.98074
    outer loop
      vertex 1.1486 0.113127 4.60765
      vertex 0.693613 0.0683146 4.69859
      vertex 1.15416 0 4.60765
    endloop
  endfacet
  facet normal 0.281906 0.0706191 0.95684
    outer loop
      vertex 1.53132 0.46452 4.47233
      vertex 1.13198 0.225164 4.60765
      vertex 1.56948 0.312188 4.47233
    endloop
  endfacet
  facet normal -0.00481408 -0.0980162 0.995173
    outer loop
      vertex -0.0228443 -0.231949 4.74428
      vertex -0.0683146 -0.693613 4.69859
      vertex 0 -0.233071 4.74428
    endloop
  endfacet
  facet normal -0.0970721 0.0143988 0.995173
    outer loop
      vertex -0.228593 0.0454693 4.74428
      vertex -0.683578 0.135972 4.69859
      vertex -0.231949 0.0228443 4.74428
    endloop
  endfacet
  facet normal 0.371588 -0.0930656 0.923721
    outer loop
      vertex 1.99186 -0.396206 4.29395
      vertex 1.53132 -0.46452 4.47233
      vertex 1.94344 -0.589535 4.29395
    endloop
  endfacet
  facet normal 0.457694 -0.114648 0.881687
    outer loop
      vertex 2.39507 -0.476408 4.07421
      vertex 1.99186 -0.396206 4.29395
      vertex 2.33684 -0.708871 4.07421
    endloop
  endfacet
  facet normal 0.360668 0.129063 0.923721
    outer loop
      vertex 1.87629 0.777186 4.29395
      vertex 1.53132 0.46452 4.47233
      vertex 1.94344 0.589535 4.29395
    endloop
  endfacet
  facet normal 0.457705 0.114634 0.881683
    outer loop
      vertex 2.33684 0.708871 4.07421
      vertex 1.94344 0.589535 4.29395
      vertex 1.99186 0.396206 4.29395
    endloop
  endfacet
  facet normal 0.550015 0.0815793 0.831161
    outer loop
      vertex 2.7752 0.552022 3.81524
      vertex 2.39507 0.476408 4.07421
      vertex 2.43023 0.239356 4.07421
    endloop
  endfacet
  facet normal 0.444254 0.158974 0.881683
    outer loop
      vertex 2.33684 0.708871 4.07421
      vertex 1.87629 0.777186 4.29395
      vertex 1.94344 0.589535 4.29395
    endloop
  endfacet
  facet normal 0.0504523 -0.0841715 0.995173
    outer loop
      vertex 0.129487 -0.193791 4.74428
      vertex 0.109869 -0.20555 4.74428
      vertex 0.387216 -0.579509 4.69859
    endloop
  endfacet
  facet normal 0.378918 -0.0562192 0.923721
    outer loop
      vertex 2.02111 -0.199061 4.29395
      vertex 1.59252 -0.156849 4.47233
      vertex 1.99186 -0.396206 4.29395
    endloop
  endfacet
  facet normal 0.382603 -0.0187976 0.923721
    outer loop
      vertex 2.03089 0 4.29395
      vertex 1.59252 -0.156849 4.47233
      vertex 2.02111 -0.199061 4.29395
    endloop
  endfacet
  facet normal 0.544535 0.326383 0.772629
    outer loop
      vertex 2.81324 1.50371 3.51952
      vertex 2.3527 1.57203 3.81524
      vertex 2.49546 1.33385 3.81524
    endloop
  endfacet
  facet normal 0.544537 0.326365 0.772635
    outer loop
      vertex 2.65231 1.77222 3.51952
      vertex 2.3527 1.57203 3.81524
      vertex 2.81324 1.50371 3.51952
    endloop
  endfacet
  facet normal 0.307683 0.228187 0.923722
    outer loop
      vertex 1.5699 1.28838 4.29395
      vertex 1.23699 1.01517 4.47233
      vertex 1.68862 1.1283 4.29395
    endloop
  endfacet
  facet normal 0.196933 0.328568 0.923721
    outer loop
      vertex 0.957353 1.79108 4.29395
      vertex 0.754341 1.41127 4.47233
      vertex 1.1283 1.68862 4.29395
    endloop
  endfacet
  facet normal 0.331226 0.446607 0.831163
    outer loop
      vertex 1.57203 2.3527 3.81524
      vertex 1.3567 2.03044 4.07421
      vertex 1.79506 2.18729 3.81524
    endloop
  endfacet
  facet normal 0.349603 0.316885 0.881681
    outer loop
      vertex 1.88768 1.54918 4.07421
      vertex 1.43605 1.43605 4.29395
      vertex 1.5699 1.28838 4.29395
    endloop
  endfacet
  facet normal 0.183897 0.0658039 0.98074
    outer loop
      vertex 1.0663 0.441676 4.60765
      vertex 0.666958 0.202319 4.69859
      vertex 1.10446 0.335033 4.60765
    endloop
  endfacet
  facet normal 0.346288 0.1638 0.923718
    outer loop
      vertex 1.87629 0.777186 4.29395
      vertex 1.41127 0.754341 4.47233
      vertex 1.47842 0.61238 4.47233
    endloop
  endfacet
  facet normal 0.242573 0.404715 0.881683
    outer loop
      vertex 1.15114 2.15364 4.07421
      vertex 0.957353 1.79108 4.29395
      vertex 1.1283 1.68862 4.29395
    endloop
  endfacet
  facet normal 0.196929 0.328573 0.92372
    outer loop
      vertex 1.1283 1.68862 4.29395
      vertex 0.754341 1.41127 4.47233
      vertex 0.889038 1.33054 4.47233
    endloop
  endfacet
  facet normal 0.129043 0.360685 0.923718
    outer loop
      vertex 0.777186 1.87629 4.29395
      vertex 0.46452 1.53132 4.47233
      vertex 0.61238 1.47842 4.47233
    endloop
  endfacet
  facet normal 0.154255 0.615827 0.772633
    outer loop
      vertex 0.622319 3.12861 3.51952
      vertex 0.552022 2.7752 3.81524
      vertex 0.821381 2.70773 3.81524
    endloop
  endfacet
  facet normal 0.27143 0.573908 0.772629
    outer loop
      vertex 1.50371 2.81324 3.51952
      vertex 1.08283 2.61418 3.81524
      vertex 1.33385 2.49546 3.81524
    endloop
  endfacet
  facet normal -0.0272858 0.555359 0.831163
    outer loop
      vertex 0 2.82957 3.81524
      vertex -0.239356 2.43023 4.07421
      vertex 0 2.44199 4.07421
    endloop
  endfacet
  facet normal 0.427628 0.713432 0.555112
    outer loop
      vertex 2.26351 3.38758 2.44199
      vertex 1.79849 3.36474 2.82957
      vertex 2.11963 3.17225 2.82957
    endloop
  endfacet
  facet normal 0.475162 0.524246 0.706673
    outer loop
      vertex 2.23276 2.72062 3.1899
      vertex 2.02365 2.46583 3.51952
      vertex 2.48867 2.48867 3.1899
    endloop
  endfacet
  facet normal 0.573034 0.51937 0.633945
    outer loop
      vertex 2.94922 2.42036 2.82957
      vertex 2.69778 2.69778 2.82957
      vertex 2.72062 2.23276 3.1899
    endloop
  endfacet
  facet normal 0.524251 0.47516 0.706671
    outer loop
      vertex 2.48867 2.48867 3.1899
      vertex 2.2556 2.2556 3.51952
      vertex 2.46583 2.02365 3.51952
    endloop
  endfacet
  facet normal 0.713432 0.427628 0.555112
    outer loop
      vertex 3.38758 2.26351 2.44199
      vertex 3.17225 2.11963 2.82957
      vertex 3.36474 1.79849 2.82957
    endloop
  endfacet
  facet normal 0.668095 0.495479 0.555112
    outer loop
      vertex 3.38758 2.26351 2.44199
      vertex 2.94922 2.42036 2.82957
      vertex 3.17225 2.11963 2.82957
    endloop
  endfacet
  facet normal 0.79746 0.377174 0.470953
    outer loop
      vertex 3.96709 1.64322 2.03089
      vertex 3.59313 1.92057 2.44199
      vertex 3.76408 1.55913 2.44199
    endloop
  endfacet
  facet normal 0.79746 0.377178 0.470951
    outer loop
      vertex 3.78692 2.02415 2.03089
      vertex 3.59313 1.92057 2.44199
      vertex 3.96709 1.64322 2.03089
    endloop
  endfacet
  facet normal 0.627982 0.0931466 0.772633
    outer loop
      vertex 3.12861 0.622319 3.51952
      vertex 2.7752 0.552022 3.81524
      vertex 3.17454 0.312665 3.51952
    endloop
  endfacet
  facet normal 0.699879 0.103811 0.706678
    outer loop
      vertex 3.50257 0.344973 3.1899
      vertex 3.12861 0.622319 3.51952
      vertex 3.17454 0.312665 3.51952
    endloop
  endfacet
  facet normal 0.634098 -0.0311395 0.772626
    outer loop
      vertex 2.82957 0 3.81524
      vertex 2.81595 -0.277346 3.81524
      vertex 3.17454 -0.312665 3.51952
    endloop
  endfacet
  facet normal 0.502644 -0.237726 0.831165
    outer loop
      vertex 2.61418 -1.08283 3.81524
      vertex 2.2561 -0.934508 4.07421
      vertex 2.49546 -1.33385 3.81524
    endloop
  endfacet
  facet normal 0.634098 0.0311395 0.772626
    outer loop
      vertex 3.17454 0.312665 3.51952
      vertex 2.81595 0.277346 3.81524
      vertex 2.82957 0 3.81524
    endloop
  endfacet
  facet normal 0.627988 0.0931662 0.772626
    outer loop
      vertex 3.17454 0.312665 3.51952
      vertex 2.7752 0.552022 3.81524
      vertex 2.81595 0.277346 3.81524
    endloop
  endfacet
  facet normal 0.187931 0.750206 0.633934
    outer loop
      vertex 1.1075 3.65095 2.82957
      vertex 0.744315 3.74193 2.82957
      vertex 1.02166 3.36797 3.1899
    endloop
  endfacet
  facet normal 0.280204 0.783163 0.555105
    outer loop
      vertex 1.55913 3.76408 2.44199
      vertex 1.1075 3.65095 2.82957
      vertex 1.46003 3.52482 2.82957
    endloop
  endfacet
  facet normal 0.0930853 0.37159 0.923719
    outer loop
      vertex 0.396206 1.99186 4.29395
      vertex 0.312188 1.56948 4.47233
      vertex 0.46452 1.53132 4.47233
    endloop
  endfacet
  facet normal 0.213878 0.597736 0.772637
    outer loop
      vertex 1.22072 2.94709 3.51952
      vertex 0.821381 2.70773 3.81524
      vertex 1.08283 2.61418 3.81524
    endloop
  endfacet
  facet normal -0.326365 0.544537 0.772635
    outer loop
      vertex -1.50371 2.81324 3.51952
      vertex -1.77222 2.65231 3.51952
      vertex -1.57203 2.3527 3.81524
    endloop
  endfacet
  facet normal -0.326383 0.544535 0.772629
    outer loop
      vertex -1.50371 2.81324 3.51952
      vertex -1.57203 2.3527 3.81524
      vertex -1.33385 2.49546 3.81524
    endloop
  endfacet
  facet normal -0.708556 0.525493 0.470962
    outer loop
      vertex -3.14941 2.58465 2.44199
      vertex -3.57029 2.38559 2.03089
      vertex -3.38758 2.26351 2.44199
    endloop
  endfacet
  facet normal -0.397608 0.663348 0.633938
    outer loop
      vertex -1.79849 3.36474 2.82957
      vertex -2.11963 3.17225 2.82957
      vertex -1.95534 2.92637 3.1899
    endloop
  endfacet
  facet normal -0.378179 0.509917 0.772636
    outer loop
      vertex -1.77222 2.65231 3.51952
      vertex -1.79506 2.18729 3.81524
      vertex -1.57203 2.3527 3.81524
    endloop
  endfacet
  facet normal -0.173121 0.233427 0.956839
    outer loop
      vertex -0.641214 0.959645 4.60765
      vertex -1.01517 1.23699 4.47233
      vertex -0.732188 0.892174 4.60765
    endloop
  endfacet
  facet normal -0.228187 0.307683 0.923722
    outer loop
      vertex -1.1283 1.68862 4.29395
      vertex -1.28838 1.5699 4.29395
      vertex -1.01517 1.23699 4.47233
    endloop
  endfacet
  facet normal -0.129063 0.360668 0.923721
    outer loop
      vertex -0.589535 1.94344 4.29395
      vertex -0.777186 1.87629 4.29395
      vertex -0.46452 1.53132 4.47233
    endloop
  endfacet
  facet normal -0.156877 0.116353 0.98074
    outer loop
      vertex -0.538764 0.442152 4.69859
      vertex -0.892174 0.732188 4.60765
      vertex -0.579509 0.387216 4.69859
    endloop
  endfacet
  facet normal 0.146015 0.984426 0.0979002
    outer loop
      vertex 0.46502 4.72143 0.233071
      vertex 0.460542 4.67596 0.696969
      vertex 0.925562 4.65312 0.233071
    endloop
  endfacet
  facet normal 0.615826 0.15425 0.772635
    outer loop
      vertex 3.05255 0.92598 3.51952
      vertex 2.70773 0.821381 3.81524
      vertex 3.12861 0.622319 3.51952
    endloop
  endfacet
  facet normal 0.728169 0.260547 0.633944
    outer loop
      vertex 3.52482 1.46003 2.82957
      vertex 3.25161 1.34686 3.1899
      vertex 3.36797 1.02166 3.1899
    endloop
  endfacet
  facet normal 0.91404 0.135584 0.382294
    outer loop
      vertex 4.3864 0.872509 1.60023
      vertex 4.21144 0.837708 2.03089
      vertex 4.27327 0.42088 2.03089
    endloop
  endfacet
  facet normal 0.870023 0.3113 0.382299
    outer loop
      vertex 4.1319 1.71149 1.60023
      vertex 4.10905 1.24647 2.03089
      vertex 4.27976 1.29825 1.60023
    endloop
  endfacet
  facet normal 0.409189 0.865153 0.289956
    outer loop
      vertex 1.76327 4.25691 1.15416
      vertex 1.71149 4.1319 1.60023
      vertex 2.17203 4.06358 1.15416
    endloop
  endfacet
  facet normal 0.322413 0.901097 0.289956
    outer loop
      vertex 1.76327 4.25691 1.15416
      vertex 1.33753 4.40924 1.15416
      vertex 1.71149 4.1319 1.60023
    endloop
  endfacet
  facet normal 0.135584 0.91404 0.382294
    outer loop
      vertex 0.872509 4.3864 1.60023
      vertex 0.42088 4.27327 2.03089
      vertex 0.837708 4.21144 2.03089
    endloop
  endfacet
  facet normal 0.202105 0.806842 0.555121
    outer loop
      vertex 1.18268 3.89878 2.44199
      vertex 0.794839 3.99593 2.44199
      vertex 1.1075 3.65095 2.82957
    endloop
  endfacet
  facet normal 0.83532 -0.395079 -0.3823
    outer loop
      vertex 4.1319 -1.71149 -1.60023
      vertex 3.94425 -2.10824 -1.60023
      vertex 3.96709 -1.64322 -2.03089
    endloop
  endfacet
  facet normal 0.792574 -0.475048 -0.382303
    outer loop
      vertex 3.94425 -2.10824 -1.60023
      vertex 3.71861 -2.4847 -1.60023
      vertex 3.78692 -2.02415 -2.03089
    endloop
  endfacet
  facet normal 0.922927 0.0453289 -0.382297
    outer loop
      vertex 4.47233 0 -1.60023
      vertex 4.27327 0.42088 -2.03089
      vertex 4.4508 0.438365 -1.60023
    endloop
  endfacet
  facet normal 0.946678 -0.140453 -0.289956
    outer loop
      vertex 4.53032 -0.535756 -1.29343
      vertex 4.4508 -0.438365 -1.60023
      vertex 4.53378 -0.446538 -1.32535
    endloop
  endfacet
  facet normal 0.946688 -0.140407 -0.289945
    outer loop
      vertex 4.52989 -0.659955 -1.23469
      vertex 4.4508 -0.438365 -1.60023
      vertex 4.53032 -0.535756 -1.29343
    endloop
  endfacet
  facet normal 0.946609 -0.140493 -0.29016
    outer loop
      vertex 4.51911 -0.898907 -1.15416
      vertex 4.52989 -0.659955 -1.23469
      vertex 4.53405 -0.777798 -1.16406
    endloop
  endfacet
  facet normal 0.946709 -0.140479 -0.289842
    outer loop
      vertex 4.51911 -0.898907 -1.15416
      vertex 4.53405 -0.777798 -1.16406
      vertex 4.5351 -0.791148 -1.15416
    endloop
  endfacet
  facet normal 0.946682 -0.140427 -0.289955
    outer loop
      vertex 4.52989 -0.659955 -1.23469
      vertex 4.51911 -0.898907 -1.15416
      vertex 4.4508 -0.438365 -1.60023
    endloop
  endfacet
  facet normal 0.96606 0.23905 -0.0978933
    outer loop
      vertex 4.53695 1.3731 -0.273126
      vertex 4.49627 1.36393 -0.696969
      vertex 4.53854 1.37675 -0.248522
    endloop
  endfacet
  facet normal 0.965356 0.241882 -0.097887
    outer loop
      vertex 4.5318 1.33972 -0.406398
      vertex 4.49627 1.36393 -0.696969
      vertex 4.53695 1.3731 -0.273126
    endloop
  endfacet
  facet normal 0.965362 0.241856 -0.0978899
    outer loop
      vertex 4.53028 1.29343 -0.535756
      vertex 4.49627 1.36393 -0.696969
      vertex 4.5318 1.33972 -0.406398
    endloop
  endfacet
  facet normal 0.965382 0.241756 -0.0979378
    outer loop
      vertex 4.53239 1.23469 -0.659955
      vertex 4.49627 1.36393 -0.696969
      vertex 4.53028 1.29343 -0.535756
    endloop
  endfacet
  facet normal 0.965387 0.241809 -0.0977573
    outer loop
      vertex 4.49627 1.36393 -0.696969
      vertex 4.53239 1.23469 -0.659955
      vertex 4.5342 1.2125 -0.696969
    endloop
  endfacet
  facet normal 0.937048 0.335283 -0.0976031
    outer loop
      vertex 4.53854 1.37675 -0.248522
      vertex 4.38314 1.81556 -0.233071
      vertex 4.53933 1.37904 -0.233071
    endloop
  endfacet
  facet normal 0.937017 0.335282 -0.0979068
    outer loop
      vertex 4.38314 1.81556 -0.233071
      vertex 4.53854 1.37675 -0.248522
      vertex 4.49627 1.36393 -0.696969
    endloop
  endfacet
  facet normal 0.620549 0.684667 -0.382297
    outer loop
      vertex 3.03628 3.03628 -2.03089
      vertex 2.72405 3.31927 -2.03089
      vertex 3.16242 3.16242 -1.60023
    endloop
  endfacet
  facet normal 0.684667 0.620549 -0.382297
    outer loop
      vertex 3.31927 2.72405 -2.03089
      vertex 3.03628 3.03628 -2.03089
      vertex 3.16242 3.16242 -1.60023
    endloop
  endfacet
  facet normal 0.620544 0.684675 -0.38229
    outer loop
      vertex 3.16242 3.16242 -1.60023
      vertex 2.72405 3.31927 -2.03089
      vertex 2.83722 3.45716 -1.60023
    endloop
  endfacet
  facet normal 0.550456 0.742195 -0.382289
    outer loop
      vertex 2.72405 3.31927 -2.03089
      vertex 2.4847 3.71861 -1.60023
      vertex 2.83722 3.45716 -1.60023
    endloop
  endfacet
  facet normal 0.58428 0.787811 -0.194864
    outer loop
      vertex 2.98075 3.63206 -0.696969
      vertex 2.55987 3.83112 -1.15416
      vertex 2.6104 3.90673 -0.696969
    endloop
  endfacet
  facet normal 0.592837 0.799349 -0.097908
    outer loop
      vertex 2.98075 3.63206 -0.696969
      vertex 2.6104 3.90673 -0.696969
      vertex 3.00974 3.66738 -0.233071
    endloop
  endfacet
  facet normal 0.592424 0.653628 -0.47096
    outer loop
      vertex 2.8809 2.8809 -2.44199
      vertex 2.58465 3.14941 -2.44199
      vertex 3.03628 3.03628 -2.03089
    endloop
  endfacet
  facet normal 0.616304 0.558595 -0.555105
    outer loop
      vertex 3.14941 2.58465 -2.44199
      vertex 2.69778 2.69778 -2.82957
      vertex 2.8809 2.8809 -2.44199
    endloop
  endfacet
  facet normal 0.519374 0.573024 -0.633951
    outer loop
      vertex 2.48867 2.48867 -3.1899
      vertex 2.23276 2.72062 -3.1899
      vertex 2.69778 2.69778 -2.82957
    endloop
  endfacet
  facet normal 0.51937 0.573034 -0.633945
    outer loop
      vertex 2.69778 2.69778 -2.82957
      vertex 2.23276 2.72062 -3.1899
      vertex 2.42036 2.94922 -2.82957
    endloop
  endfacet
  facet normal 0.726752 0.658684 -0.19485
    outer loop
      vertex 3.56176 2.92306 -1.15416
      vertex 3.2581 3.2581 -1.15416
      vertex 3.3224 3.3224 -0.696969
    endloop
  endfacet
  facet normal 0.820881 0.492014 -0.289959
    outer loop
      vertex 3.94425 2.10824 -1.60023
      vertex 3.71861 2.4847 -1.60023
      vertex 3.83112 2.55987 -1.15416
    endloop
  endfacet
  facet normal 0.737384 0.66834 -0.0979086
    outer loop
      vertex 3.63206 2.98075 -0.696969
      vertex 3.3224 3.3224 -0.696969
      vertex 3.66738 3.00974 -0.233071
    endloop
  endfacet
  facet normal 0.799349 0.592837 -0.097908
    outer loop
      vertex 3.90673 2.6104 -0.696969
      vertex 3.63206 2.98075 -0.696969
      vertex 3.66738 3.00974 -0.233071
    endloop
  endfacet
  facet normal 0.914038 0.135586 -0.382297
    outer loop
      vertex 4.4508 0.438365 -1.60023
      vertex 4.27327 0.42088 -2.03089
      vertex 4.3864 0.872509 -1.60023
    endloop
  endfacet
  facet normal 0.946681 0.140429 -0.289957
    outer loop
      vertex 4.4508 0.438365 -1.60023
      vertex 4.3864 0.872509 -1.60023
      vertex 4.51911 0.898907 -1.15416
    endloop
  endfacet
  facet normal 0.896348 0.224518 -0.382299
    outer loop
      vertex 4.3864 0.872509 -1.60023
      vertex 4.10905 1.24647 -2.03089
      vertex 4.27976 1.29825 -1.60023
    endloop
  endfacet
  facet normal 0.870023 0.3113 -0.382299
    outer loop
      vertex 4.27976 1.29825 -1.60023
      vertex 4.10905 1.24647 -2.03089
      vertex 4.1319 1.71149 -1.60023
    endloop
  endfacet
  facet normal 0.634093 0.0311723 -0.772629
    outer loop
      vertex 2.99273 0.147883 -3.67537
      vertex 3.1899 0 -3.51952
      vertex 3 0 -3.67537
    endloop
  endfacet
  facet normal 0.634083 0.03115 -0.772637
    outer loop
      vertex 3.1899 0 -3.51952
      vertex 2.99273 0.147883 -3.67537
      vertex 3.17454 0.312665 -3.51952
    endloop
  endfacet
  facet normal 0.699879 -0.103811 -0.706678
    outer loop
      vertex 3.50257 -0.344973 -3.1899
      vertex 3.12861 -0.622319 -3.51952
      vertex 3.17454 -0.312665 -3.51952
    endloop
  endfacet
  facet normal 0.597734 0.21387 -0.772641
    outer loop
      vertex 2.82094 1.01026 -3.67537
      vertex 3.05255 0.92598 -3.51952
      vertex 2.87082 0.870853 -3.67537
    endloop
  endfacet
  facet normal 0.597734 0.213873 -0.77264
    outer loop
      vertex 3.05255 0.92598 -3.51952
      vertex 2.82094 1.01026 -3.67537
      vertex 2.94709 1.22072 -3.51952
    endloop
  endfacet
  facet normal 0.627982 0.0931466 -0.772633
    outer loop
      vertex 2.96408 0.438812 -3.67537
      vertex 3.12861 0.622319 -3.51952
      vertex 3.17454 0.312665 -3.51952
    endloop
  endfacet
  facet normal 0.627992 0.0931318 -0.772627
    outer loop
      vertex 3.12861 0.622319 -3.51952
      vertex 2.96408 0.438812 -3.67537
      vertex 2.94236 0.585271 -3.67537
    endloop
  endfacet
  facet normal 0.806845 0.202119 -0.555112
    outer loop
      vertex 3.74193 0.744315 -2.82957
      vertex 3.65095 1.1075 -2.82957
      vertex 3.99593 0.794839 -2.44199
    endloop
  endfacet
  facet normal 0.855724 0.21435 -0.470947
    outer loop
      vertex 3.99593 0.794839 -2.44199
      vertex 3.89878 1.18268 -2.44199
      vertex 4.10905 1.24647 -2.03089
    endloop
  endfacet
  facet normal 0.0931377 0.627979 -0.772637
    outer loop
      vertex 0.294051 2.98555 -3.67537
      vertex 0.312665 3.17454 -3.51952
      vertex 0.438812 2.96408 -3.67537
    endloop
  endfacet
  facet normal 0.573891 0.271446 -0.772636
    outer loop
      vertex 2.70833 1.2819 -3.67537
      vertex 2.94709 1.22072 -3.51952
      vertex 2.77164 1.14805 -3.67537
    endloop
  endfacet
  facet normal 0.573891 0.271442 -0.772637
    outer loop
      vertex 2.94709 1.22072 -3.51952
      vertex 2.70833 1.2819 -3.67537
      vertex 2.81324 1.50371 -3.51952
    endloop
  endfacet
  facet normal 0.232537 0.928362 -0.289951
    outer loop
      vertex 1.29825 4.27976 -1.60023
      vertex 0.872509 4.3864 -1.60023
      vertex 1.33753 4.40924 -1.15416
    endloop
  endfacet
  facet normal 0.322418 0.901096 -0.289951
    outer loop
      vertex 1.71149 4.1319 -1.60023
      vertex 1.29825 4.27976 -1.60023
      vertex 1.33753 4.40924 -1.15416
    endloop
  endfacet
  facet normal 0.140429 0.946681 -0.289957
    outer loop
      vertex 0.872509 4.3864 -1.60023
      vertex 0.438365 4.4508 -1.60023
      vertex 0.898907 4.51911 -1.15416
    endloop
  endfacet
  facet normal 0.140432 0.94668 -0.28996
    outer loop
      vertex 0.898907 4.51911 -1.15416
      vertex 0.438365 4.4508 -1.60023
      vertex 0.451628 4.58546 -1.15416
    endloop
  endfacet
  facet normal 0.129439 0.872614 -0.470946
    outer loop
      vertex 0.794839 3.99593 -2.44199
      vertex 0.42088 4.27327 -2.03089
      vertex 0.837708 4.21144 -2.03089
    endloop
  endfacet
  facet normal 0.135584 0.91404 -0.382294
    outer loop
      vertex 0.837708 4.21144 -2.03089
      vertex 0.42088 4.27327 -2.03089
      vertex 0.872509 4.3864 -1.60023
    endloop
  endfacet
  facet normal -0.287472 0.0426381 0.95684
    outer loop
      vertex -1.56948 0.312188 4.47233
      vertex -1.59252 0.156849 4.47233
      vertex -1.13198 0.225164 4.60765
    endloop
  endfacet
  facet normal -0.382606 -0.0188072 0.92372
    outer loop
      vertex -1.60023 0 4.47233
      vertex -2.03089 0 4.29395
      vertex -1.59252 -0.156849 4.47233
    endloop
  endfacet
  facet normal -0.183897 0.0658039 0.98074
    outer loop
      vertex -1.0663 0.441676 4.60765
      vertex -1.10446 0.335033 4.60765
      vertex -0.666958 0.202319 4.69859
    endloop
  endfacet
  facet normal -0.273624 0.0979107 0.95684
    outer loop
      vertex -1.0663 0.441676 4.60765
      vertex -1.47842 0.61238 4.47233
      vertex -1.10446 0.335033 4.60765
    endloop
  endfacet
  facet normal -0.426538 0.201739 0.881684
    outer loop
      vertex -2.15364 1.15114 4.07421
      vertex -2.2561 0.934508 4.07421
      vertex -1.87629 0.777186 4.29395
    endloop
  endfacet
  facet normal -0.360668 0.129063 0.923721
    outer loop
      vertex -1.87629 0.777186 4.29395
      vertex -1.94344 0.589535 4.29395
      vertex -1.53132 0.46452 4.47233
    endloop
  endfacet
  facet normal -0.349603 0.316885 0.881681
    outer loop
      vertex -1.43605 1.43605 4.29395
      vertex -1.88768 1.54918 4.07421
      vertex -1.5699 1.28838 4.29395
    endloop
  endfacet
  facet normal -0.249274 0.149401 0.95684
    outer loop
      vertex -1.33054 0.889038 4.47233
      vertex -1.41127 0.754341 4.47233
      vertex -0.959645 0.641214 4.60765
    endloop
  endfacet
  facet normal -0.830779 -0.0408169 0.555103
    outer loop
      vertex -3.81524 0 2.82957
      vertex -4.07421 0 2.44199
      vertex -4.05459 -0.399342 2.44199
    endloop
  endfacet
  facet normal -0.70668 0.0347222 0.70668
    outer loop
      vertex -3.50257 0.344973 3.1899
      vertex -3.51952 0 3.1899
      vertex -3.1899 0 3.51952
    endloop
  endfacet
  facet normal 0.0979107 -0.273624 0.95684
    outer loop
      vertex 0.441676 -1.0663 4.60765
      vertex 0.335033 -1.10446 4.60765
      vertex 0.61238 -1.47842 4.47233
    endloop
  endfacet
  facet normal 0.0951928 -0.0238462 0.995173
    outer loop
      vertex 0.228593 -0.0454693 4.74428
      vertex 0.223035 -0.0676565 4.74428
      vertex 0.666958 -0.202319 4.69859
    endloop
  endfacet
  facet normal -0.0887126 0.0419573 0.995173
    outer loop
      vertex -0.614672 0.328548 4.69859
      vertex -0.643915 0.266718 4.69859
      vertex -0.20555 0.109869 4.74428
    endloop
  endfacet
  facet normal -0.0835076 0.176564 0.98074
    outer loop
      vertex -0.266718 0.643915 4.69859
      vertex -0.441676 1.0663 4.60765
      vertex -0.328548 0.614672 4.69859
    endloop
  endfacet
  facet normal -0.0286559 0.193202 0.98074
    outer loop
      vertex -0.113127 1.1486 4.60765
      vertex -0.135972 0.683578 4.69859
      vertex -0.0683146 0.693613 4.69859
    endloop
  endfacet
  facet normal 0.189462 -0.0474604 0.98074
    outer loop
      vertex 0.683578 -0.135972 4.69859
      vertex 0.666958 -0.202319 4.69859
      vertex 1.10446 -0.335033 4.60765
    endloop
  endfacet
  facet normal 0.0727126 0.0659032 0.995173
    outer loop
      vertex 0.492831 0.492831 4.69859
      vertex 0.164806 0.164806 4.74428
      vertex 0.538764 0.442152 4.69859
    endloop
  endfacet
  facet normal 0.0951928 0.0238462 0.995173
    outer loop
      vertex 0.666958 0.202319 4.69859
      vertex 0.223035 0.0676565 4.74428
      vertex 0.228593 0.0454693 4.74428
    endloop
  endfacet
  facet normal 0.0923973 0.0330617 0.995173
    outer loop
      vertex 0.666958 0.202319 4.69859
      vertex 0.215329 0.0891924 4.74428
      vertex 0.223035 0.0676565 4.74428
    endloop
  endfacet
  facet normal -0.0238462 -0.0951928 0.995173
    outer loop
      vertex -0.0676565 -0.223035 4.74428
      vertex -0.202319 -0.666958 4.69859
      vertex -0.0454693 -0.228593 4.74428
    endloop
  endfacet
  facet normal 0.0426381 -0.287472 0.95684
    outer loop
      vertex 0.225164 -1.13198 4.60765
      vertex 0.156849 -1.59252 4.47233
      vertex 0.312188 -1.56948 4.47233
    endloop
  endfacet
  facet normal 0.233422 -0.173125 0.95684
    outer loop
      vertex 1.33054 -0.889038 4.47233
      vertex 0.959645 -0.641214 4.60765
      vertex 1.23699 -1.01517 4.47233
    endloop
  endfacet
  facet normal 0.283823 -0.25726 0.923722
    outer loop
      vertex 1.5699 -1.28838 4.29395
      vertex 1.23699 -1.01517 4.47233
      vertex 1.43605 -1.43605 4.29395
    endloop
  endfacet
  facet normal 0.0727126 -0.0659032 0.995173
    outer loop
      vertex 0.538764 -0.442152 4.69859
      vertex 0.164806 -0.164806 4.74428
      vertex 0.492831 -0.492831 4.69859
    endloop
  endfacet
  facet normal 0.228187 -0.307683 0.923722
    outer loop
      vertex 1.28838 -1.5699 4.29395
      vertex 1.01517 -1.23699 4.47233
      vertex 1.1283 -1.68862 4.29395
    endloop
  endfacet
  facet normal 0.0978979 -0.273633 0.956839
    outer loop
      vertex 0.61238 -1.47842 4.47233
      vertex 0.335033 -1.10446 4.60765
      vertex 0.46452 -1.53132 4.47233
    endloop
  endfacet
  facet normal -0.285843 -0.476931 0.831163
    outer loop
      vertex -1.3567 -2.03044 4.07421
      vertex -1.57203 -2.3527 3.81524
      vertex -1.15114 -2.15364 4.07421
    endloop
  endfacet
  facet normal -0.316885 -0.349603 0.881681
    outer loop
      vertex -1.43605 -1.43605 4.29395
      vertex -1.54918 -1.88768 4.07421
      vertex -1.28838 -1.5699 4.29395
    endloop
  endfacet
  facet normal -0.283823 -0.25726 0.923722
    outer loop
      vertex -1.23699 -1.01517 4.47233
      vertex -1.5699 -1.28838 4.29395
      vertex -1.43605 -1.43605 4.29395
    endloop
  endfacet
  facet normal -0.215336 -0.195164 0.956839
    outer loop
      vertex -0.816111 -0.816111 4.60765
      vertex -1.23699 -1.01517 4.47233
      vertex -1.13153 -1.13153 4.47233
    endloop
  endfacet
  facet normal -0.0347222 -0.70668 0.70668
    outer loop
      vertex 0 -3.1899 3.51952
      vertex -0.344973 -3.50257 3.1899
      vertex 0 -3.51952 3.1899
    endloop
  endfacet
  facet normal -0.158974 -0.444254 0.881683
    outer loop
      vertex -0.589535 -1.94344 4.29395
      vertex -0.777186 -1.87629 4.29395
      vertex -0.708871 -2.33684 4.07421
    endloop
  endfacet
  facet normal -0.124262 -0.26271 0.95684
    outer loop
      vertex -0.544065 -1.01787 4.60765
      vertex -0.754341 -1.41127 4.47233
      vertex -0.441676 -1.0663 4.60765
    endloop
  endfacet
  facet normal -0.0658039 -0.183897 0.98074
    outer loop
      vertex -0.202319 -0.666958 4.69859
      vertex -0.441676 -1.0663 4.60765
      vertex -0.335033 -1.10446 4.60765
    endloop
  endfacet
  facet normal -0.273633 -0.0978979 0.956839
    outer loop
      vertex -1.10446 -0.335033 4.60765
      vertex -1.53132 -0.46452 4.47233
      vertex -1.47842 -0.61238 4.47233
    endloop
  endfacet
  facet normal -0.0841715 -0.0504523 0.995173
    outer loop
      vertex -0.20555 -0.109869 4.74428
      vertex -0.579509 -0.387216 4.69859
      vertex -0.193791 -0.129487 4.74428
    endloop
  endfacet
  facet normal -0.183898 -0.0658018 0.98074
    outer loop
      vertex -0.666958 -0.202319 4.69859
      vertex -1.0663 -0.441676 4.60765
      vertex -0.643915 -0.266718 4.69859
    endloop
  endfacet
  facet normal -0.167532 -0.100408 0.98074
    outer loop
      vertex -0.579509 -0.387216 4.69859
      vertex -1.01787 -0.544065 4.60765
      vertex -0.959645 -0.641214 4.60765
    endloop
  endfacet
  facet normal -0.0887128 0.0419567 0.995173
    outer loop
      vertex -0.20555 0.109869 4.74428
      vertex -0.643915 0.266718 4.69859
      vertex -0.215329 0.0891924 4.74428
    endloop
  endfacet
  facet normal -0.193202 -0.0286604 0.98074
    outer loop
      vertex -0.683578 -0.135972 4.69859
      vertex -1.1486 -0.113127 4.60765
      vertex -1.13198 -0.225164 4.60765
    endloop
  endfacet
  facet normal 0.0504523 0.0841715 0.995173
    outer loop
      vertex 0.387216 0.579509 4.69859
      vertex 0.109869 0.20555 4.74428
      vertex 0.129487 0.193791 4.74428
    endloop
  endfacet
  facet normal -0.131166 -0.14472 0.98074
    outer loop
      vertex -0.492831 -0.492831 4.69859
      vertex -0.816111 -0.816111 4.60765
      vertex -0.732188 -0.892174 4.60765
    endloop
  endfacet
  facet normal -0.14472 -0.131166 0.98074
    outer loop
      vertex -0.492831 -0.492831 4.69859
      vertex -0.892174 -0.732188 4.60765
      vertex -0.816111 -0.816111 4.60765
    endloop
  endfacet
  facet normal -0.196929 -0.328573 0.92372
    outer loop
      vertex -0.889038 -1.33054 4.47233
      vertex -1.1283 -1.68862 4.29395
      vertex -0.754341 -1.41127 4.47233
    endloop
  endfacet
  facet normal -0.149399 -0.249274 0.95684
    outer loop
      vertex -0.641214 -0.959645 4.60765
      vertex -0.754341 -1.41127 4.47233
      vertex -0.544065 -1.01787 4.60765
    endloop
  endfacet
  facet normal 0.213878 -0.597736 0.772637
    outer loop
      vertex 1.08283 -2.61418 3.81524
      vertex 0.821381 -2.70773 3.81524
      vertex 1.22072 -2.94709 3.51952
    endloop
  endfacet
  facet normal -0.0815793 -0.550015 0.831161
    outer loop
      vertex -0.476408 -2.39507 4.07421
      vertex -0.552022 -2.7752 3.81524
      vertex -0.239356 -2.43023 4.07421
    endloop
  endfacet
  facet normal 0.281083 -0.378978 0.881685
    outer loop
      vertex 1.54918 -1.88768 4.07421
      vertex 1.1283 -1.68862 4.29395
      vertex 1.3567 -2.03044 4.07421
    endloop
  endfacet
  facet normal 0.285843 -0.476931 0.831163
    outer loop
      vertex 1.3567 -2.03044 4.07421
      vertex 1.15114 -2.15364 4.07421
      vertex 1.57203 -2.3527 3.81524
    endloop
  endfacet
  facet normal -0.0142682 -0.290267 0.956839
    outer loop
      vertex 0 -1.15416 4.60765
      vertex -0.156849 -1.59252 4.47233
      vertex 0 -1.60023 4.47233
    endloop
  endfacet
  facet normal -0.0187976 -0.382603 0.923721
    outer loop
      vertex -0.156849 -1.59252 4.47233
      vertex -0.199061 -2.02111 4.29395
      vertex 0 -2.03089 4.29395
    endloop
  endfacet
  facet normal -0.0562026 -0.378926 0.923719
    outer loop
      vertex -0.312188 -1.56948 4.47233
      vertex -0.396206 -1.99186 4.29395
      vertex -0.156849 -1.59252 4.47233
    endloop
  endfacet
  facet normal -0.0706191 -0.281906 0.95684
    outer loop
      vertex -0.225164 -1.13198 4.60765
      vertex -0.46452 -1.53132 4.47233
      vertex -0.312188 -1.56948 4.47233
    endloop
  endfacet
  facet normal 0.349603 -0.316885 0.881681
    outer loop
      vertex 1.5699 -1.28838 4.29395
      vertex 1.43605 -1.43605 4.29395
      vertex 1.88768 -1.54918 4.07421
    endloop
  endfacet
  facet normal 0.378994 -0.281073 0.881681
    outer loop
      vertex 1.68862 -1.1283 4.29395
      vertex 1.5699 -1.28838 4.29395
      vertex 1.88768 -1.54918 4.07421
    endloop
  endfacet
  facet normal -0.502644 -0.237726 0.831165
    outer loop
      vertex -2.2561 -0.934508 4.07421
      vertex -2.61418 -1.08283 3.81524
      vertex -2.49546 -1.33385 3.81524
    endloop
  endfacet
  facet normal -0.502637 -0.237731 0.831167
    outer loop
      vertex -2.2561 -0.934508 4.07421
      vertex -2.49546 -1.33385 3.81524
      vertex -2.15364 -1.15114 4.07421
    endloop
  endfacet
  facet normal -0.550004 -0.0815967 0.831167
    outer loop
      vertex -2.43023 -0.239356 4.07421
      vertex -2.81595 -0.277346 3.81524
      vertex -2.7752 -0.552022 3.81524
    endloop
  endfacet
  facet normal -0.627988 -0.0931662 0.772626
    outer loop
      vertex -2.81595 -0.277346 3.81524
      vertex -3.17454 -0.312665 3.51952
      vertex -2.7752 -0.552022 3.81524
    endloop
  endfacet
  facet normal -0.466729 -0.0692261 0.881687
    outer loop
      vertex -1.99186 -0.396206 4.29395
      vertex -2.43023 -0.239356 4.07421
      vertex -2.39507 -0.476408 4.07421
    endloop
  endfacet
  facet normal -0.555354 0.0272725 0.831167
    outer loop
      vertex -2.81595 0.277346 3.81524
      vertex -2.82957 0 3.81524
      vertex -2.43023 0.239356 4.07421
    endloop
  endfacet
  facet normal -0.699879 0.103811 0.706678
    outer loop
      vertex -3.12861 0.622319 3.51952
      vertex -3.50257 0.344973 3.1899
      vertex -3.17454 0.312665 3.51952
    endloop
  endfacet
  facet normal -0.555354 -0.0272725 0.831167
    outer loop
      vertex -2.43023 -0.239356 4.07421
      vertex -2.82957 0 3.81524
      vertex -2.81595 -0.277346 3.81524
    endloop
  endfacet
  facet normal -0.457705 0.114634 0.881683
    outer loop
      vertex -1.94344 0.589535 4.29395
      vertex -2.33684 0.708871 4.07421
      vertex -1.99186 0.396206 4.29395
    endloop
  endfacet
  facet normal -0.457694 0.114648 0.881687
    outer loop
      vertex -2.33684 0.708871 4.07421
      vertex -2.39507 0.476408 4.07421
      vertex -1.99186 0.396206 4.29395
    endloop
  endfacet
  facet normal -0.378994 -0.281073 0.881681
    outer loop
      vertex -1.68862 -1.1283 4.29395
      vertex -1.88768 -1.54918 4.07421
      vertex -1.5699 -1.28838 4.29395
    endloop
  endfacet
  facet normal -0.378926 -0.0562026 0.923719
    outer loop
      vertex -1.59252 -0.156849 4.47233
      vertex -1.99186 -0.396206 4.29395
      vertex -1.56948 -0.312188 4.47233
    endloop
  endfacet
  facet normal -0.666181 0.238367 0.706671
    outer loop
      vertex -3.25161 1.34686 3.1899
      vertex -3.36797 1.02166 3.1899
      vertex -2.94709 1.22072 3.51952
    endloop
  endfacet
  facet normal -0.699126 0.330663 0.633944
    outer loop
      vertex -3.36474 1.79849 2.82957
      vertex -3.52482 1.46003 2.82957
      vertex -3.25161 1.34686 3.1899
    endloop
  endfacet
  facet normal -0.79746 0.377178 0.470951
    outer loop
      vertex -3.78692 2.02415 2.03089
      vertex -3.96709 1.64322 2.03089
      vertex -3.59313 1.92057 2.44199
    endloop
  endfacet
  facet normal -0.783163 0.280204 0.555105
    outer loop
      vertex -3.52482 1.46003 2.82957
      vertex -3.76408 1.55913 2.44199
      vertex -3.65095 1.1075 2.82957
    endloop
  endfacet
  facet normal -0.93702 0.335276 0.0978999
    outer loop
      vertex -4.38314 1.81556 0.233071
      vertex -4.49627 1.36393 0.696969
      vertex -4.34093 1.79807 0.696969
    endloop
  endfacet
  facet normal -0.923491 0.330435 0.194875
    outer loop
      vertex -4.34093 1.79807 0.696969
      vertex -4.49627 1.36393 0.696969
      vertex -4.40924 1.33753 1.15416
    endloop
  endfacet
  facet normal -0.595689 0.803215 0
    outer loop
      vertex -2.63578 3.94472 -0.233071
      vertex -3.00974 3.66738 0.233071
      vertex -2.63578 3.94472 0.233071
    endloop
  endfacet
  facet normal -0.595689 0.803215 0
    outer loop
      vertex -3.00974 3.66738 0.233071
      vertex -2.63578 3.94472 -0.233071
      vertex -3.00974 3.66738 -0.233071
    endloop
  endfacet
  facet normal -0.592827 0.799357 0.0978955
    outer loop
      vertex -2.63578 3.94472 0.233071
      vertex -3.00974 3.66738 0.233071
      vertex -2.6104 3.90673 0.696969
    endloop
  endfacet
  facet normal -0.84129 0.504242 -0.194862
    outer loop
      vertex -3.83112 2.55987 -1.15416
      vertex -4.14378 2.2149 -0.696969
      vertex -3.90673 2.6104 -0.696969
    endloop
  endfacet
  facet normal -0.853603 0.51164 -0.0979114
    outer loop
      vertex -4.14378 2.2149 -0.696969
      vertex -4.18408 2.23644 -0.233071
      vertex -3.94472 2.63578 -0.233071
    endloop
  endfacet
  facet normal -0.922927 0.0453289 -0.382297
    outer loop
      vertex -4.27327 0.42088 -2.03089
      vertex -4.47233 0 -1.60023
      vertex -4.4508 0.438365 -1.60023
    endloop
  endfacet
  facet normal -0.928358 0.232543 -0.289957
    outer loop
      vertex -4.3864 0.872509 -1.60023
      vertex -4.51911 0.898907 -1.15416
      vertex -4.40924 1.33753 -1.15416
    endloop
  endfacet
  facet normal -0.955891 0.046888 -0.289956
    outer loop
      vertex -4.4508 0.438365 -1.60023
      vertex -4.53139 0.406398 -1.33972
      vertex -4.53378 0.446538 -1.32535
    endloop
  endfacet
  facet normal -0.95589 0.0469446 -0.289949
    outer loop
      vertex -4.4508 0.438365 -1.60023
      vertex -4.52781 0.273126 -1.3731
      vertex -4.53139 0.406398 -1.33972
    endloop
  endfacet
  facet normal -0.955888 0.0469331 -0.289956
    outer loop
      vertex -4.4508 0.438365 -1.60023
      vertex -4.52802 0.222328 -1.38063
      vertex -4.52781 0.273126 -1.3731
    endloop
  endfacet
  facet normal -0.955892 0.046948 -0.289943
    outer loop
      vertex -4.52802 0.222328 -1.38063
      vertex -4.4508 0.438365 -1.60023
      vertex -4.47233 0 -1.60023
    endloop
  endfacet
  facet normal -0.946709 0.140479 -0.289842
    outer loop
      vertex -4.51911 0.898907 -1.15416
      vertex -4.53405 0.777798 -1.16406
      vertex -4.5351 0.791148 -1.15416
    endloop
  endfacet
  facet normal -0.946609 0.140493 -0.29016
    outer loop
      vertex -4.51911 0.898907 -1.15416
      vertex -4.52989 0.659955 -1.23469
      vertex -4.53405 0.777798 -1.16406
    endloop
  endfacet
  facet normal -0.946682 0.140427 -0.289955
    outer loop
      vertex -4.4508 0.438365 -1.60023
      vertex -4.52989 0.659955 -1.23469
      vertex -4.51911 0.898907 -1.15416
    endloop
  endfacet
  facet normal -0.946678 0.140453 -0.289956
    outer loop
      vertex -4.53032 0.535756 -1.29343
      vertex -4.4508 0.438365 -1.60023
      vertex -4.53378 0.446538 -1.32535
    endloop
  endfacet
  facet normal -0.946688 0.140407 -0.289945
    outer loop
      vertex -4.52989 0.659955 -1.23469
      vertex -4.4508 0.438365 -1.60023
      vertex -4.53032 0.535756 -1.29343
    endloop
  endfacet
  facet normal -0.901096 0.322418 -0.289951
    outer loop
      vertex -4.27976 1.29825 -1.60023
      vertex -4.40924 1.33753 -1.15416
      vertex -4.1319 1.71149 -1.60023
    endloop
  endfacet
  facet normal -0.970189 0.144063 -0.194883
    outer loop
      vertex -4.51911 0.898907 -1.15416
      vertex -4.53516 0.88815 -1.08221
      vertex -4.53563 0.902192 -1.06949
    endloop
  endfacet
  facet normal -0.970196 0.144 -0.194894
    outer loop
      vertex -4.53516 0.88815 -1.08221
      vertex -4.51911 0.898907 -1.15416
      vertex -4.53514 0.854124 -1.10745
    endloop
  endfacet
  facet normal -0.923491 0.330435 -0.194875
    outer loop
      vertex -4.40924 1.33753 -1.15416
      vertex -4.49627 1.36393 -0.696969
      vertex -4.34093 1.79807 -0.696969
    endloop
  endfacet
  facet normal -0.901097 0.322413 -0.289956
    outer loop
      vertex -4.1319 1.71149 -1.60023
      vertex -4.40924 1.33753 -1.15416
      vertex -4.25691 1.76327 -1.15416
    endloop
  endfacet
  facet normal -0.870023 0.3113 -0.382299
    outer loop
      vertex -4.10905 1.24647 -2.03089
      vertex -4.1319 1.71149 -1.60023
      vertex -3.96709 1.64322 -2.03089
    endloop
  endfacet
  facet normal -0.865153 0.409189 -0.289956
    outer loop
      vertex -3.94425 2.10824 -1.60023
      vertex -4.1319 1.71149 -1.60023
      vertex -4.06358 2.17203 -1.15416
    endloop
  endfacet
  facet normal -0.79746 0.377178 -0.470951
    outer loop
      vertex -3.59313 1.92057 -2.44199
      vertex -3.96709 1.64322 -2.03089
      vertex -3.78692 2.02415 -2.03089
    endloop
  endfacet
  facet normal -0.79746 0.377174 -0.470953
    outer loop
      vertex -3.76408 1.55913 -2.44199
      vertex -3.96709 1.64322 -2.03089
      vertex -3.59313 1.92057 -2.44199
    endloop
  endfacet
  facet normal -0.853612 0.511628 -0.0978962
    outer loop
      vertex -3.90673 2.6104 -0.696969
      vertex -4.14378 2.2149 -0.696969
      vertex -3.94472 2.63578 -0.233071
    endloop
  endfacet
  facet normal -0.756648 -0.453517 0.470962
    outer loop
      vertex -3.38758 -2.26351 2.44199
      vertex -3.59313 -1.92057 2.44199
      vertex -3.57029 -2.38559 2.03089
    endloop
  endfacet
  facet normal -0.79746 -0.377178 0.470951
    outer loop
      vertex -3.59313 -1.92057 2.44199
      vertex -3.96709 -1.64322 2.03089
      vertex -3.78692 -2.02415 2.03089
    endloop
  endfacet
  facet normal -0.570107 -0.7687 0.289963
    outer loop
      vertex -2.83722 -3.45716 1.60023
      vertex -2.92306 -3.56176 1.15416
      vertex -2.55987 -3.83112 1.15416
    endloop
  endfacet
  facet normal -0.570112 -0.768698 0.289958
    outer loop
      vertex -2.4847 -3.71861 1.60023
      vertex -2.83722 -3.45716 1.60023
      vertex -2.55987 -3.83112 1.15416
    endloop
  endfacet
  facet normal -0.495485 -0.668094 0.555108
    outer loop
      vertex -2.42036 -2.94922 2.82957
      vertex -2.58465 -3.14941 2.44199
      vertex -2.26351 -3.38758 2.44199
    endloop
  endfacet
  facet normal -0.525493 -0.708556 0.470962
    outer loop
      vertex -2.26351 -3.38758 2.44199
      vertex -2.58465 -3.14941 2.44199
      vertex -2.38559 -3.57029 2.03089
    endloop
  endfacet
  facet normal -0.708554 -0.525502 0.470956
    outer loop
      vertex -3.14941 -2.58465 2.44199
      vertex -3.57029 -2.38559 2.03089
      vertex -3.31927 -2.72405 2.03089
    endloop
  endfacet
  facet normal -0.78781 -0.58428 0.194864
    outer loop
      vertex -3.56176 -2.92306 1.15416
      vertex -3.83112 -2.55987 1.15416
      vertex -3.63206 -2.98075 0.696969
    endloop
  endfacet
  facet normal -0.923491 -0.330435 0.194875
    outer loop
      vertex -4.40924 -1.33753 1.15416
      vertex -4.49627 -1.36393 0.696969
      vertex -4.34093 -1.79807 0.696969
    endloop
  endfacet
  facet normal -0.93702 -0.335276 0.0978999
    outer loop
      vertex -4.34093 -1.79807 0.696969
      vertex -4.49627 -1.36393 0.696969
      vertex -4.38314 -1.81556 0.233071
    endloop
  endfacet
  facet normal -0.72674 -0.658693 0.194864
    outer loop
      vertex -3.56176 -2.92306 1.15416
      vertex -3.63206 -2.98075 0.696969
      vertex -3.3224 -3.3224 0.696969
    endloop
  endfacet
  facet normal -0.726752 -0.658684 0.19485
    outer loop
      vertex -3.2581 -3.2581 1.15416
      vertex -3.56176 -2.92306 1.15416
      vertex -3.3224 -3.3224 0.696969
    endloop
  endfacet
  facet normal -0.84129 -0.504242 0.194862
    outer loop
      vertex -3.83112 -2.55987 1.15416
      vertex -4.14378 -2.2149 0.696969
      vertex -3.90673 -2.6104 0.696969
    endloop
  endfacet
  facet normal -0.853612 -0.511628 0.0978962
    outer loop
      vertex -3.90673 -2.6104 0.696969
      vertex -4.14378 -2.2149 0.696969
      vertex -3.94472 -2.63578 0.233071
    endloop
  endfacet
  facet normal -0.671568 -0.740943 0
    outer loop
      vertex -3.35471 -3.35471 -0.233071
      vertex -3.00974 -3.66738 0.233071
      vertex -3.35471 -3.35471 0.233071
    endloop
  endfacet
  facet normal -0.671568 -0.740943 -0
    outer loop
      vertex -3.00974 -3.66738 0.233071
      vertex -3.35471 -3.35471 -0.233071
      vertex -3.00974 -3.66738 -0.233071
    endloop
  endfacet
  facet normal 0.271443 -0.573893 0.772636
    outer loop
      vertex 1.50371 -2.81324 3.51952
      vertex 1.08283 -2.61418 3.81524
      vertex 1.22072 -2.94709 3.51952
    endloop
  endfacet
  facet normal 0.201739 -0.426538 0.881684
    outer loop
      vertex 1.15114 -2.15364 4.07421
      vertex 0.777186 -1.87629 4.29395
      vertex 0.934508 -2.2561 4.07421
    endloop
  endfacet
  facet normal -0.307679 -0.2282 0.92372
    outer loop
      vertex -1.33054 -0.889038 4.47233
      vertex -1.68862 -1.1283 4.29395
      vertex -1.23699 -1.01517 4.47233
    endloop
  endfacet
  facet normal -0.446593 -0.331233 0.831167
    outer loop
      vertex -2.03044 -1.3567 4.07421
      vertex -2.18729 -1.79506 3.81524
      vertex -1.88768 -1.54918 4.07421
    endloop
  endfacet
  facet normal -0.573024 -0.519374 0.633951
    outer loop
      vertex -2.48867 -2.48867 3.1899
      vertex -2.72062 -2.23276 3.1899
      vertex -2.69778 -2.69778 2.82957
    endloop
  endfacet
  facet normal -0.51937 -0.573034 0.633945
    outer loop
      vertex -2.23276 -2.72062 3.1899
      vertex -2.69778 -2.69778 2.82957
      vertex -2.42036 -2.94922 2.82957
    endloop
  endfacet
  facet normal -0.0379537 -0.772448 0.633942
    outer loop
      vertex 0 -3.51952 3.1899
      vertex -0.344973 -3.50257 3.1899
      vertex 0 -3.81524 2.82957
    endloop
  endfacet
  facet normal 0.0347222 -0.70668 0.70668
    outer loop
      vertex 0 -3.1899 3.51952
      vertex 0 -3.51952 3.1899
      vertex 0.344973 -3.50257 3.1899
    endloop
  endfacet
  facet normal -0.3113 -0.870023 0.382299
    outer loop
      vertex -1.64322 -3.96709 2.03089
      vertex -1.71149 -4.1319 1.60023
      vertex -1.24647 -4.10905 2.03089
    endloop
  endfacet
  facet normal -0.3113 -0.870023 0.382299
    outer loop
      vertex -1.24647 -4.10905 2.03089
      vertex -1.71149 -4.1319 1.60023
      vertex -1.29825 -4.27976 1.60023
    endloop
  endfacet
  facet normal -0.297199 -0.830591 0.470948
    outer loop
      vertex -1.18268 -3.89878 2.44199
      vertex -1.55913 -3.76408 2.44199
      vertex -1.24647 -4.10905 2.03089
    endloop
  endfacet
  facet normal -0.202119 -0.806845 0.555112
    outer loop
      vertex -0.744315 -3.74193 2.82957
      vertex -1.1075 -3.65095 2.82957
      vertex -0.794839 -3.99593 2.44199
    endloop
  endfacet
  facet normal -0.373406 -0.411992 0.831162
    outer loop
      vertex -1.72675 -1.72675 4.07421
      vertex -2.00081 -2.00081 3.81524
      vertex -1.79506 -2.18729 3.81524
    endloop
  endfacet
  facet normal -0.421494 -0.568298 0.706668
    outer loop
      vertex -1.77222 -2.65231 3.51952
      vertex -2.02365 -2.46583 3.51952
      vertex -1.95534 -2.92637 3.1899
    endloop
  endfacet
  facet normal -0.187333 -0.523523 0.831162
    outer loop
      vertex -0.708871 -2.33684 4.07421
      vertex -0.934508 -2.2561 4.07421
      vertex -0.821381 -2.70773 3.81524
    endloop
  endfacet
  facet normal -0.171912 -0.686338 0.706672
    outer loop
      vertex -0.92598 -3.05255 3.51952
      vertex -1.02166 -3.36797 3.1899
      vertex -0.622319 -3.12861 3.51952
    endloop
  endfacet
  facet normal -0.470395 -0.426346 0.77263
    outer loop
      vertex -2.18729 -1.79506 3.81524
      vertex -2.46583 -2.02365 3.51952
      vertex -2.2556 -2.2556 3.51952
    endloop
  endfacet
  facet normal -0.373389 -0.411997 0.831167
    outer loop
      vertex -1.72675 -1.72675 4.07421
      vertex -1.79506 -2.18729 3.81524
      vertex -1.54918 -1.88768 4.07421
    endloop
  endfacet
  facet normal -0.58428 -0.787811 0.194864
    outer loop
      vertex -2.55987 -3.83112 1.15416
      vertex -2.98075 -3.63206 0.696969
      vertex -2.6104 -3.90673 0.696969
    endloop
  endfacet
  facet normal -0.592837 -0.799349 0.097908
    outer loop
      vertex -2.98075 -3.63206 0.696969
      vertex -3.00974 -3.66738 0.233071
      vertex -2.6104 -3.90673 0.696969
    endloop
  endfacet
  facet normal -0.21435 -0.855724 0.470947
    outer loop
      vertex -1.18268 -3.89878 2.44199
      vertex -1.24647 -4.10905 2.03089
      vertex -0.794839 -3.99593 2.44199
    endloop
  endfacet
  facet normal -0.395083 -0.835316 0.382304
    outer loop
      vertex -2.02415 -3.78692 2.03089
      vertex -2.10824 -3.94425 1.60023
      vertex -1.64322 -3.96709 2.03089
    endloop
  endfacet
  facet normal -0.955888 -0.0469331 0.289956
    outer loop
      vertex -4.4508 -0.438365 1.60023
      vertex -4.52802 -0.222328 1.38063
      vertex -4.52781 -0.273126 1.3731
    endloop
  endfacet
  facet normal -0.95589 -0.0469446 0.289949
    outer loop
      vertex -4.4508 -0.438365 1.60023
      vertex -4.52781 -0.273126 1.3731
      vertex -4.53139 -0.406398 1.33972
    endloop
  endfacet
  facet normal -0.955892 -0.046948 0.289943
    outer loop
      vertex -4.52802 -0.222328 1.38063
      vertex -4.4508 -0.438365 1.60023
      vertex -4.47233 0 1.60023
    endloop
  endfacet
  facet normal -0.955891 -0.046888 0.289956
    outer loop
      vertex -4.4508 -0.438365 1.60023
      vertex -4.53139 -0.406398 1.33972
      vertex -4.53378 -0.446538 1.32535
    endloop
  endfacet
  facet normal -0.955886 -0.0469126 0.289969
    outer loop
      vertex -4.52838 -0.137223 1.39326
      vertex -4.47233 0 1.60023
      vertex -4.53307 0 1.4
    endloop
  endfacet
  facet normal -0.955844 -0.0470921 0.290077
    outer loop
      vertex -4.47233 0 1.60023
      vertex -4.52838 -0.137223 1.39326
      vertex -4.52802 -0.222328 1.38063
    endloop
  endfacet
  facet normal -0.855724 -0.21435 0.470947
    outer loop
      vertex -3.99593 -0.794839 2.44199
      vertex -4.10905 -1.24647 2.03089
      vertex -3.89878 -1.18268 2.44199
    endloop
  endfacet
  facet normal -0.830591 -0.297199 0.470948
    outer loop
      vertex -3.89878 -1.18268 2.44199
      vertex -4.10905 -1.24647 2.03089
      vertex -3.76408 -1.55913 2.44199
    endloop
  endfacet
  facet normal -0.592424 -0.653628 -0.47096
    outer loop
      vertex -2.58465 -3.14941 -2.44199
      vertex -3.03628 -3.03628 -2.03089
      vertex -2.8809 -2.8809 -2.44199
    endloop
  endfacet
  facet normal -0.756648 -0.453517 -0.470962
    outer loop
      vertex -3.57029 -2.38559 -2.03089
      vertex -3.59313 -1.92057 -2.44199
      vertex -3.38758 -2.26351 -2.44199
    endloop
  endfacet
  facet normal -0.634093 0.0311723 -0.772629
    outer loop
      vertex -3.1899 0 -3.51952
      vertex -2.99273 0.147883 -3.67537
      vertex -3 0 -3.67537
    endloop
  endfacet
  facet normal -0.634083 0.03115 -0.772637
    outer loop
      vertex -2.99273 0.147883 -3.67537
      vertex -3.1899 0 -3.51952
      vertex -3.17454 0.312665 -3.51952
    endloop
  endfacet
  facet normal -0.634083 -0.03115 -0.772637
    outer loop
      vertex -3.1899 0 -3.51952
      vertex -2.99273 -0.147883 -3.67537
      vertex -3.17454 -0.312665 -3.51952
    endloop
  endfacet
  facet normal -0.634093 -0.0311723 -0.772629
    outer loop
      vertex -2.99273 -0.147883 -3.67537
      vertex -3.1899 0 -3.51952
      vertex -3 0 -3.67537
    endloop
  endfacet
  facet normal -0.421494 -0.568298 -0.706668
    outer loop
      vertex -1.95534 -2.92637 -3.1899
      vertex -2.02365 -2.46583 -3.51952
      vertex -1.77222 -2.65231 -3.51952
    endloop
  endfacet
  facet normal -0.573024 -0.519374 -0.633951
    outer loop
      vertex -2.69778 -2.69778 -2.82957
      vertex -2.72062 -2.23276 -3.1899
      vertex -2.48867 -2.48867 -3.1899
    endloop
  endfacet
  facet normal -0.509913 -0.378172 -0.772641
    outer loop
      vertex -2.40723 -1.78426 -3.67537
      vertex -2.65231 -1.77222 -3.51952
      vertex -2.49441 -1.66671 -3.67537
    endloop
  endfacet
  facet normal -0.568298 -0.421494 -0.706668
    outer loop
      vertex -2.46583 -2.02365 -3.51952
      vertex -2.92637 -1.95534 -3.1899
      vertex -2.65231 -1.77222 -3.51952
    endloop
  endfacet
  facet normal -0.271446 -0.573891 -0.772636
    outer loop
      vertex -1.22072 -2.94709 -3.51952
      vertex -1.2819 -2.70833 -3.67537
      vertex -1.14805 -2.77164 -3.67537
    endloop
  endfacet
  facet normal -0.271442 -0.573891 -0.772637
    outer loop
      vertex -1.2819 -2.70833 -3.67537
      vertex -1.22072 -2.94709 -3.51952
      vertex -1.50371 -2.81324 -3.51952
    endloop
  endfacet
  facet normal -0.47516 -0.524251 -0.706671
    outer loop
      vertex -2.02365 -2.46583 -3.51952
      vertex -2.48867 -2.48867 -3.1899
      vertex -2.2556 -2.2556 -3.51952
    endloop
  endfacet
  facet normal -0.686338 -0.171912 -0.706672
    outer loop
      vertex -3.05255 -0.92598 -3.51952
      vertex -3.36797 -1.02166 -3.1899
      vertex -3.12861 -0.622319 -3.51952
    endloop
  endfacet
  facet normal -0.363752 -0.606867 -0.70668
    outer loop
      vertex -1.65909 -3.10394 -3.1899
      vertex -1.95534 -2.92637 -3.1899
      vertex -1.50371 -2.81324 -3.51952
    endloop
  endfacet
  facet normal -0.378172 -0.509913 -0.772641
    outer loop
      vertex -1.77222 -2.65231 -3.51952
      vertex -1.78426 -2.40723 -3.67537
      vertex -1.66671 -2.49441 -3.67537
    endloop
  endfacet
  facet normal -0.302524 -0.639605 -0.706671
    outer loop
      vertex -1.34686 -3.25161 -3.1899
      vertex -1.50371 -2.81324 -3.51952
      vertex -1.22072 -2.94709 -3.51952
    endloop
  endfacet
  facet normal -0.525493 -0.708556 -0.470962
    outer loop
      vertex -2.38559 -3.57029 -2.03089
      vertex -2.58465 -3.14941 -2.44199
      vertex -2.26351 -3.38758 -2.44199
    endloop
  endfacet
  facet normal -0.495485 -0.668094 -0.555108
    outer loop
      vertex -2.26351 -3.38758 -2.44199
      vertex -2.58465 -3.14941 -2.44199
      vertex -2.42036 -2.94922 -2.82957
    endloop
  endfacet
  facet normal -0.492014 -0.820881 -0.289959
    outer loop
      vertex -2.10824 -3.94425 -1.60023
      vertex -2.55987 -3.83112 -1.15416
      vertex -2.4847 -3.71861 -1.60023
    endloop
  endfacet
  facet normal -0.570112 -0.768698 -0.289958
    outer loop
      vertex -2.55987 -3.83112 -1.15416
      vertex -2.83722 -3.45716 -1.60023
      vertex -2.4847 -3.71861 -1.60023
    endloop
  endfacet
  facet normal -0.3113 -0.870023 -0.382299
    outer loop
      vertex -1.24647 -4.10905 -2.03089
      vertex -1.71149 -4.1319 -1.60023
      vertex -1.64322 -3.96709 -2.03089
    endloop
  endfacet
  facet normal -0.377174 -0.79746 -0.470953
    outer loop
      vertex -1.64322 -3.96709 -2.03089
      vertex -1.92057 -3.59313 -2.44199
      vertex -1.55913 -3.76408 -2.44199
    endloop
  endfacet
  facet normal -0.355635 -0.75192 -0.555103
    outer loop
      vertex -1.55913 -3.76408 -2.44199
      vertex -1.92057 -3.59313 -2.44199
      vertex -1.79849 -3.36474 -2.82957
    endloop
  endfacet
  facet normal -0.297191 -0.83059 -0.470953
    outer loop
      vertex -1.24647 -4.10905 -2.03089
      vertex -1.64322 -3.96709 -2.03089
      vertex -1.55913 -3.76408 -2.44199
    endloop
  endfacet
  facet normal -0.709121 -0.642705 -0.289961
    outer loop
      vertex -3.2581 -3.2581 -1.15416
      vertex -3.56176 -2.92306 -1.15416
      vertex -3.16242 -3.16242 -1.60023
    endloop
  endfacet
  facet normal -0.642705 -0.709121 -0.289961
    outer loop
      vertex -2.92306 -3.56176 -1.15416
      vertex -3.2581 -3.2581 -1.15416
      vertex -3.16242 -3.16242 -1.60023
    endloop
  endfacet
  facet normal -0.241817 -0.965371 0.0978933
    outer loop
      vertex -1.36393 -4.49627 0.696969
      vertex -1.37719 -4.53999 0.233071
      vertex -0.916649 -4.60831 0.696969
    endloop
  endfacet
  facet normal -0.425508 -0.899643 0.097901
    outer loop
      vertex -1.79807 -4.34093 0.696969
      vertex -2.2149 -4.14378 0.696969
      vertex -1.81556 -4.38314 0.233071
    endloop
  endfacet
  facet normal -0.335269 -0.937023 0.0978929
    outer loop
      vertex -1.36393 -4.49627 0.696969
      vertex -1.81556 -4.38314 0.233071
      vertex -1.37719 -4.53999 0.233071
    endloop
  endfacet
  facet normal -0.335269 -0.937023 -0.0978929
    outer loop
      vertex -1.37719 -4.53999 -0.233071
      vertex -1.81556 -4.38314 -0.233071
      vertex -1.36393 -4.49627 -0.696969
    endloop
  endfacet
  facet normal -0.51164 -0.853603 -0.0979114
    outer loop
      vertex -2.23644 -4.18408 -0.233071
      vertex -2.63578 -3.94472 -0.233071
      vertex -2.2149 -4.14378 -0.696969
    endloop
  endfacet
  facet normal -0.0408323 -0.830771 -0.555114
    outer loop
      vertex 0 -3.81524 -2.82957
      vertex -0.399342 -4.05459 -2.44199
      vertex -0.373958 -3.79686 -2.82957
    endloop
  endfacet
  facet normal -0.0432888 -0.881092 -0.470959
    outer loop
      vertex 0 -4.29395 -2.03089
      vertex -0.399342 -4.05459 -2.44199
      vertex 0 -4.07421 -2.44199
    endloop
  endfacet
  facet normal -0.238326 -0.951433 -0.194875
    outer loop
      vertex -0.916649 -4.60831 -0.696969
      vertex -1.36393 -4.49627 -0.696969
      vertex -1.33753 -4.40924 -1.15416
    endloop
  endfacet
  facet normal -0.330435 -0.923491 -0.194875
    outer loop
      vertex -1.36393 -4.49627 -0.696969
      vertex -1.79807 -4.34093 -0.696969
      vertex -1.33753 -4.40924 -1.15416
    endloop
  endfacet
  facet normal -0.238323 -0.951433 -0.194877
    outer loop
      vertex -0.916649 -4.60831 -0.696969
      vertex -1.33753 -4.40924 -1.15416
      vertex -0.898907 -4.51911 -1.15416
    endloop
  endfacet
  facet normal -0.143903 -0.970214 -0.194877
    outer loop
      vertex -0.460542 -4.67596 -0.696969
      vertex -0.916649 -4.60831 -0.696969
      vertex -0.898907 -4.51911 -1.15416
    endloop
  endfacet
  facet normal -0.425498 -0.899647 -0.0979116
    outer loop
      vertex -1.81556 -4.38314 -0.233071
      vertex -2.23644 -4.18408 -0.233071
      vertex -2.2149 -4.14378 -0.696969
    endloop
  endfacet
  facet normal -0.511628 -0.853612 -0.0978962
    outer loop
      vertex -2.2149 -4.14378 -0.696969
      vertex -2.63578 -3.94472 -0.233071
      vertex -2.6104 -3.90673 -0.696969
    endloop
  endfacet
  facet normal 0.146015 -0.984426 -0.0979002
    outer loop
      vertex 0.46502 -4.72143 -0.233071
      vertex 0.460542 -4.67596 -0.696969
      vertex 0.925562 -4.65312 -0.233071
    endloop
  endfacet
  facet normal 0.3113 -0.870023 -0.382299
    outer loop
      vertex 1.29825 -4.27976 -1.60023
      vertex 1.24647 -4.10905 -2.03089
      vertex 1.71149 -4.1319 -1.60023
    endloop
  endfacet
  facet normal 0.3113 -0.870023 -0.382299
    outer loop
      vertex 1.71149 -4.1319 -1.60023
      vertex 1.24647 -4.10905 -2.03089
      vertex 1.64322 -3.96709 -2.03089
    endloop
  endfacet
  facet normal -0.0347166 -0.706684 -0.706677
    outer loop
      vertex 0 -3.1899 -3.51952
      vertex -0.344973 -3.50257 -3.1899
      vertex -0.312665 -3.17454 -3.51952
    endloop
  endfacet
  facet normal -0.103811 -0.699879 -0.706678
    outer loop
      vertex -0.344973 -3.50257 -3.1899
      vertex -0.622319 -3.12861 -3.51952
      vertex -0.312665 -3.17454 -3.51952
    endloop
  endfacet
  facet normal 0.171914 -0.686337 -0.706674
    outer loop
      vertex 0.686624 -3.45189 -3.1899
      vertex 0.622319 -3.12861 -3.51952
      vertex 1.02166 -3.36797 -3.1899
    endloop
  endfacet
  facet normal 0.103819 -0.699881 -0.706674
    outer loop
      vertex 0.686624 -3.45189 -3.1899
      vertex 0.344973 -3.50257 -3.1899
      vertex 0.622319 -3.12861 -3.51952
    endloop
  endfacet
  facet normal -0.0311472 -0.634084 -0.772636
    outer loop
      vertex -0.147883 -2.99273 -3.67537
      vertex -0.312665 -3.17454 -3.51952
      vertex -0.294051 -2.98555 -3.67537
    endloop
  endfacet
  facet normal 0.238326 -0.951433 -0.194875
    outer loop
      vertex 1.36393 -4.49627 -0.696969
      vertex 0.916649 -4.60831 -0.696969
      vertex 1.33753 -4.40924 -1.15416
    endloop
  endfacet
  facet normal 0.330435 -0.923491 -0.194875
    outer loop
      vertex 1.36393 -4.49627 -0.696969
      vertex 1.33753 -4.40924 -1.15416
      vertex 1.79807 -4.34093 -0.696969
    endloop
  endfacet
  facet normal 0.3113 -0.870023 0.382299
    outer loop
      vertex 1.64322 -3.96709 2.03089
      vertex 1.24647 -4.10905 2.03089
      vertex 1.71149 -4.1319 1.60023
    endloop
  endfacet
  facet normal 0.3113 -0.870023 0.382299
    outer loop
      vertex 1.71149 -4.1319 1.60023
      vertex 1.24647 -4.10905 2.03089
      vertex 1.29825 -4.27976 1.60023
    endloop
  endfacet
  facet normal 0.143903 -0.970214 0.194877
    outer loop
      vertex 0.898907 -4.51911 1.15416
      vertex 0.460542 -4.67596 0.696969
      vertex 0.916649 -4.60831 0.696969
    endloop
  endfacet
  facet normal 0.146011 -0.984427 0.0978956
    outer loop
      vertex 0.916649 -4.60831 0.696969
      vertex 0.460542 -4.67596 0.696969
      vertex 0.925562 -4.65312 0.233071
    endloop
  endfacet
  facet normal 0.322413 -0.901097 0.289956
    outer loop
      vertex 1.71149 -4.1319 1.60023
      vertex 1.33753 -4.40924 1.15416
      vertex 1.76327 -4.25691 1.15416
    endloop
  endfacet
  facet normal 0.330427 -0.923496 0.194866
    outer loop
      vertex 1.76327 -4.25691 1.15416
      vertex 1.33753 -4.40924 1.15416
      vertex 1.79807 -4.34093 0.696969
    endloop
  endfacet
  facet normal 0.66834 -0.737384 0.0979086
    outer loop
      vertex 3.3224 -3.3224 0.696969
      vertex 2.98075 -3.63206 0.696969
      vertex 3.00974 -3.66738 0.233071
    endloop
  endfacet
  facet normal 0.592837 -0.799349 0.097908
    outer loop
      vertex 2.98075 -3.63206 0.696969
      vertex 2.6104 -3.90673 0.696969
      vertex 3.00974 -3.66738 0.233071
    endloop
  endfacet
  facet normal 0.238326 -0.951433 0.194875
    outer loop
      vertex 1.33753 -4.40924 1.15416
      vertex 0.916649 -4.60831 0.696969
      vertex 1.36393 -4.49627 0.696969
    endloop
  endfacet
  facet normal 0.241819 -0.96537 0.0978956
    outer loop
      vertex 1.37719 -4.53999 0.233071
      vertex 0.916649 -4.60831 0.696969
      vertex 0.925562 -4.65312 0.233071
    endloop
  endfacet
  facet normal 0.72674 -0.658693 0.194864
    outer loop
      vertex 3.56176 -2.92306 1.15416
      vertex 3.3224 -3.3224 0.696969
      vertex 3.63206 -2.98075 0.696969
    endloop
  endfacet
  facet normal 0.737384 -0.66834 0.0979086
    outer loop
      vertex 3.63206 -2.98075 0.696969
      vertex 3.3224 -3.3224 0.696969
      vertex 3.66738 -3.00974 0.233071
    endloop
  endfacet
  facet normal 0.0488427 0.993997 -0.0979003
    outer loop
      vertex 0.460542 4.67596 -0.696969
      vertex 0 4.74428 -0.233071
      vertex 0.46502 4.72143 -0.233071
    endloop
  endfacet
  facet normal 0.0481377 0.979649 -0.194862
    outer loop
      vertex 0.460542 4.67596 -0.696969
      vertex 0 4.60765 -1.15416
      vertex 0 4.69859 -0.696969
    endloop
  endfacet
  facet normal 0.146011 0.984427 -0.0978956
    outer loop
      vertex 0.916649 4.60831 -0.696969
      vertex 0.460542 4.67596 -0.696969
      vertex 0.925562 4.65312 -0.233071
    endloop
  endfacet
  facet normal -0.0481377 0.979649 -0.194862
    outer loop
      vertex 0 4.60765 -1.15416
      vertex -0.460542 4.67596 -0.696969
      vertex 0 4.69859 -0.696969
    endloop
  endfacet
  facet normal -0.232537 0.928362 -0.289951
    outer loop
      vertex -1.29825 4.27976 -1.60023
      vertex -1.33753 4.40924 -1.15416
      vertex -0.872509 4.3864 -1.60023
    endloop
  endfacet
  facet normal -0.224518 0.896348 -0.382299
    outer loop
      vertex -1.24647 4.10905 -2.03089
      vertex -1.29825 4.27976 -1.60023
      vertex -0.872509 4.3864 -1.60023
    endloop
  endfacet
  facet normal -0.143903 0.970214 -0.194877
    outer loop
      vertex -0.898907 4.51911 -1.15416
      vertex -0.916649 4.60831 -0.696969
      vertex -0.460542 4.67596 -0.696969
    endloop
  endfacet
  facet normal -0.143923 0.970215 -0.194858
    outer loop
      vertex -0.451628 4.58546 -1.15416
      vertex -0.898907 4.51911 -1.15416
      vertex -0.460542 4.67596 -0.696969
    endloop
  endfacet
  facet normal -0.0469477 0.955887 -0.28996
    outer loop
      vertex -0.438365 4.4508 -1.60023
      vertex -0.451628 4.58546 -1.15416
      vertex 0 4.47233 -1.60023
    endloop
  endfacet
  facet normal -0.0453289 0.922927 -0.382297
    outer loop
      vertex -0.42088 4.27327 -2.03089
      vertex -0.438365 4.4508 -1.60023
      vertex 0 4.47233 -1.60023
    endloop
  endfacet
  facet normal -0.335276 0.93702 -0.0978999
    outer loop
      vertex -1.79807 4.34093 -0.696969
      vertex -1.81556 4.38314 -0.233071
      vertex -1.36393 4.49627 -0.696969
    endloop
  endfacet
  facet normal -0.335269 0.937023 -0.0978929
    outer loop
      vertex -1.36393 4.49627 -0.696969
      vertex -1.81556 4.38314 -0.233071
      vertex -1.37719 4.53999 -0.233071
    endloop
  endfacet
  facet normal 0.0408169 0.830779 -0.555103
    outer loop
      vertex 0.399342 4.05459 -2.44199
      vertex 0 3.81524 -2.82957
      vertex 0 4.07421 -2.44199
    endloop
  endfacet
  facet normal 0.0432888 0.881092 -0.470959
    outer loop
      vertex 0.399342 4.05459 -2.44199
      vertex 0 4.07421 -2.44199
      vertex 0 4.29395 -2.03089
    endloop
  endfacet
  facet normal 0.568298 -0.421494 -0.706668
    outer loop
      vertex 2.92637 -1.95534 -3.1899
      vertex 2.46583 -2.02365 -3.51952
      vertex 2.65231 -1.77222 -3.51952
    endloop
  endfacet
  facet normal 0.5683 -0.421483 -0.706673
    outer loop
      vertex 2.72062 -2.23276 -3.1899
      vertex 2.46583 -2.02365 -3.51952
      vertex 2.92637 -1.95534 -3.1899
    endloop
  endfacet
  facet normal 0.663348 -0.397608 -0.633938
    outer loop
      vertex 3.17225 -2.11963 -2.82957
      vertex 2.92637 -1.95534 -3.1899
      vertex 3.36474 -1.79849 -2.82957
    endloop
  endfacet
  facet normal 0.621194 -0.460695 -0.633938
    outer loop
      vertex 2.94922 -2.42036 -2.82957
      vertex 2.92637 -1.95534 -3.1899
      vertex 3.17225 -2.11963 -2.82957
    endloop
  endfacet
  facet normal 0.61583 -0.154251 -0.772632
    outer loop
      vertex 3.05255 -0.92598 -3.51952
      vertex 2.9068 -0.72723 -3.67537
      vertex 3.12861 -0.622319 -3.51952
    endloop
  endfacet
  facet normal 0.615813 -0.154272 -0.772642
    outer loop
      vertex 2.9068 -0.72723 -3.67537
      vertex 3.05255 -0.92598 -3.51952
      vertex 2.87082 -0.870853 -3.67537
    endloop
  endfacet
  facet normal 0.686338 -0.171912 -0.706672
    outer loop
      vertex 3.36797 -1.02166 -3.1899
      vertex 3.05255 -0.92598 -3.51952
      vertex 3.12861 -0.622319 -3.51952
    endloop
  endfacet
  facet normal 0.573895 -0.271439 -0.772635
    outer loop
      vertex 2.81324 -1.50371 -3.51952
      vertex 2.64576 -1.41419 -3.67537
      vertex 2.70833 -1.2819 -3.67537
    endloop
  endfacet
  facet normal 0.865153 -0.409189 -0.289956
    outer loop
      vertex 4.25691 -1.76327 -1.15416
      vertex 4.06358 -2.17203 -1.15416
      vertex 4.1319 -1.71149 -1.60023
    endloop
  endfacet
  facet normal 0.88666 -0.419361 -0.19486
    outer loop
      vertex 4.14378 -2.2149 -0.696969
      vertex 4.06358 -2.17203 -1.15416
      vertex 4.25691 -1.76327 -1.15416
    endloop
  endfacet
  facet normal 0.573024 -0.519374 -0.633951
    outer loop
      vertex 2.69778 -2.69778 -2.82957
      vertex 2.48867 -2.48867 -3.1899
      vertex 2.72062 -2.23276 -3.1899
    endloop
  endfacet
  facet normal 0.519374 -0.573024 -0.633951
    outer loop
      vertex 2.69778 -2.69778 -2.82957
      vertex 2.23276 -2.72062 -3.1899
      vertex 2.48867 -2.48867 -3.1899
    endloop
  endfacet
  facet normal 0.658693 -0.72674 -0.194864
    outer loop
      vertex 2.98075 -3.63206 -0.696969
      vertex 2.92306 -3.56176 -1.15416
      vertex 3.3224 -3.3224 -0.696969
    endloop
  endfacet
  facet normal 0.66834 -0.737384 -0.0979086
    outer loop
      vertex 3.00974 -3.66738 -0.233071
      vertex 2.98075 -3.63206 -0.696969
      vertex 3.3224 -3.3224 -0.696969
    endloop
  endfacet
  facet normal 0.409189 -0.865153 -0.289956
    outer loop
      vertex 2.17203 -4.06358 -1.15416
      vertex 1.71149 -4.1319 -1.60023
      vertex 2.10824 -3.94425 -1.60023
    endloop
  endfacet
  facet normal 0.492014 -0.820881 -0.289959
    outer loop
      vertex 2.55987 -3.83112 -1.15416
      vertex 2.10824 -3.94425 -1.60023
      vertex 2.4847 -3.71861 -1.60023
    endloop
  endfacet
  facet normal 0.525502 -0.708554 -0.470956
    outer loop
      vertex 2.72405 -3.31927 -2.03089
      vertex 2.38559 -3.57029 -2.03089
      vertex 2.58465 -3.14941 -2.44199
    endloop
  endfacet
  facet normal 0.525493 -0.708556 -0.470962
    outer loop
      vertex 2.38559 -3.57029 -2.03089
      vertex 2.26351 -3.38758 -2.44199
      vertex 2.58465 -3.14941 -2.44199
    endloop
  endfacet
  facet normal 0.570107 -0.7687 -0.289963
    outer loop
      vertex 2.92306 -3.56176 -1.15416
      vertex 2.55987 -3.83112 -1.15416
      vertex 2.83722 -3.45716 -1.60023
    endloop
  endfacet
  facet normal 0.570112 -0.768698 -0.289958
    outer loop
      vertex 2.55987 -3.83112 -1.15416
      vertex 2.4847 -3.71861 -1.60023
      vertex 2.83722 -3.45716 -1.60023
    endloop
  endfacet
  facet normal -0.955886 -0.0469126 -0.289969
    outer loop
      vertex -4.47233 0 -1.60023
      vertex -4.52838 -0.137223 -1.39326
      vertex -4.53307 0 -1.4
    endloop
  endfacet
  facet normal -0.955844 -0.0470921 -0.290077
    outer loop
      vertex -4.52838 -0.137223 -1.39326
      vertex -4.47233 0 -1.60023
      vertex -4.52802 -0.222328 -1.38063
    endloop
  endfacet
  facet normal -0.881092 0.0432888 -0.470959
    outer loop
      vertex -4.07421 0 -2.44199
      vertex -4.29395 0 -2.03089
      vertex -4.05459 0.399342 -2.44199
    endloop
  endfacet
  facet normal -0.830779 0.0408169 -0.555103
    outer loop
      vertex -3.81524 0 -2.82957
      vertex -4.07421 0 -2.44199
      vertex -4.05459 0.399342 -2.44199
    endloop
  endfacet
  facet normal -0.91404 -0.135584 -0.382294
    outer loop
      vertex -4.21144 -0.837708 -2.03089
      vertex -4.3864 -0.872509 -1.60023
      vertex -4.27327 -0.42088 -2.03089
    endloop
  endfacet
  facet normal -0.922927 -0.0453289 -0.382297
    outer loop
      vertex -4.4508 -0.438365 -1.60023
      vertex -4.47233 0 -1.60023
      vertex -4.27327 -0.42088 -2.03089
    endloop
  endfacet
  facet normal -0.573891 -0.271442 -0.772637
    outer loop
      vertex -2.94709 -1.22072 -3.51952
      vertex -2.70833 -1.2819 -3.67537
      vertex -2.81324 -1.50371 -3.51952
    endloop
  endfacet
  facet normal -0.573891 -0.271446 -0.772636
    outer loop
      vertex -2.70833 -1.2819 -3.67537
      vertex -2.94709 -1.22072 -3.51952
      vertex -2.77164 -1.14805 -3.67537
    endloop
  endfacet
  facet normal -0.750206 -0.187931 -0.633934
    outer loop
      vertex -3.65095 -1.1075 -2.82957
      vertex -3.74193 -0.744315 -2.82957
      vertex -3.36797 -1.02166 -3.1899
    endloop
  endfacet
  facet normal -0.806842 -0.202105 -0.555121
    outer loop
      vertex -3.89878 -1.18268 -2.44199
      vertex -3.99593 -0.794839 -2.44199
      vertex -3.65095 -1.1075 -2.82957
    endloop
  endfacet
  facet normal -0.830771 -0.0408323 -0.555114
    outer loop
      vertex -3.79686 -0.373958 -2.82957
      vertex -4.05459 -0.399342 -2.44199
      vertex -3.81524 0 -2.82957
    endloop
  endfacet
  facet normal -0.639605 -0.302524 -0.706671
    outer loop
      vertex -2.81324 -1.50371 -3.51952
      vertex -3.25161 -1.34686 -3.1899
      vertex -2.94709 -1.22072 -3.51952
    endloop
  endfacet
  facet normal -0.75192 -0.355633 -0.555105
    outer loop
      vertex -3.36474 -1.79849 -2.82957
      vertex -3.76408 -1.55913 -2.44199
      vertex -3.52482 -1.46003 -2.82957
    endloop
  endfacet
  facet normal -0.713432 -0.427628 -0.555112
    outer loop
      vertex -3.17225 -2.11963 -2.82957
      vertex -3.38758 -2.26351 -2.44199
      vertex -3.36474 -1.79849 -2.82957
    endloop
  endfacet
  facet normal -0.663348 -0.397608 -0.633938
    outer loop
      vertex -3.17225 -2.11963 -2.82957
      vertex -3.36474 -1.79849 -2.82957
      vertex -2.92637 -1.95534 -3.1899
    endloop
  endfacet
  facet normal -0.951431 -0.238336 -0.194869
    outer loop
      vertex -4.40924 -1.33753 -1.15416
      vertex -4.52978 -1.16406 -0.777798
      vertex -4.5278 -1.08687 -0.881873
    endloop
  endfacet
  facet normal -0.951433 -0.238325 -0.194875
    outer loop
      vertex -4.49627 -1.36393 -0.696969
      vertex -4.52978 -1.16406 -0.777798
      vertex -4.40924 -1.33753 -1.15416
    endloop
  endfacet
  facet normal -0.951441 -0.238316 -0.194848
    outer loop
      vertex -4.52978 -1.16406 -0.777798
      vertex -4.49627 -1.36393 -0.696969
      vertex -4.5342 -1.2125 -0.696969
    endloop
  endfacet
  facet normal -0.83059 -0.297191 -0.470953
    outer loop
      vertex -3.96709 -1.64322 -2.03089
      vertex -4.10905 -1.24647 -2.03089
      vertex -3.76408 -1.55913 -2.44199
    endloop
  endfacet
  facet normal -0.792586 -0.475038 -0.382291
    outer loop
      vertex -3.71861 -2.4847 -1.60023
      vertex -3.78692 -2.02415 -2.03089
      vertex -3.57029 -2.38559 -2.03089
    endloop
  endfacet
  facet normal -0.742196 -0.550452 -0.382292
    outer loop
      vertex -3.31927 -2.72405 -2.03089
      vertex -3.71861 -2.4847 -1.60023
      vertex -3.57029 -2.38559 -2.03089
    endloop
  endfacet
  facet normal -0.78781 -0.58428 -0.194864
    outer loop
      vertex -3.63206 -2.98075 -0.696969
      vertex -3.83112 -2.55987 -1.15416
      vertex -3.56176 -2.92306 -1.15416
    endloop
  endfacet
  facet normal -0.84129 -0.504242 -0.194862
    outer loop
      vertex -3.90673 -2.6104 -0.696969
      vertex -4.14378 -2.2149 -0.696969
      vertex -3.83112 -2.55987 -1.15416
    endloop
  endfacet
  facet normal -0.857724 -0.51411 0
    outer loop
      vertex -3.94472 -2.63578 -0.233071
      vertex -4.18408 -2.23644 0.233071
      vertex -4.18408 -2.23644 -0.233071
    endloop
  endfacet
  facet normal -0.857724 -0.51411 0
    outer loop
      vertex -4.18408 -2.23644 0.233071
      vertex -3.94472 -2.63578 -0.233071
      vertex -3.94472 -2.63578 0.233071
    endloop
  endfacet
  facet normal -0.928358 -0.232543 -0.289957
    outer loop
      vertex -4.40924 -1.33753 -1.15416
      vertex -4.51911 -0.898907 -1.15416
      vertex -4.3864 -0.872509 -1.60023
    endloop
  endfacet
  facet normal -0.901096 -0.322418 -0.289951
    outer loop
      vertex -4.1319 -1.71149 -1.60023
      vertex -4.40924 -1.33753 -1.15416
      vertex -4.27976 -1.29825 -1.60023
    endloop
  endfacet
  facet normal -0.706684 0.0347166 -0.706677
    outer loop
      vertex -3.1899 0 -3.51952
      vertex -3.50257 0.344973 -3.1899
      vertex -3.17454 0.312665 -3.51952
    endloop
  endfacet
  facet normal -0.686337 -0.171914 -0.706674
    outer loop
      vertex -3.36797 -1.02166 -3.1899
      vertex -3.45189 -0.686624 -3.1899
      vertex -3.12861 -0.622319 -3.51952
    endloop
  endfacet
  facet normal -0.426327 0.470405 -0.772635
    outer loop
      vertex -2.01289 2.2196 -3.67537
      vertex -2.02365 2.46583 -3.51952
      vertex -1.90318 2.31903 -3.67537
    endloop
  endfacet
  facet normal -0.42635 0.470399 -0.772626
    outer loop
      vertex -2.02365 2.46583 -3.51952
      vertex -2.01289 2.2196 -3.67537
      vertex -2.2556 2.2556 -3.51952
    endloop
  endfacet
  facet normal -0.573895 0.271439 -0.772635
    outer loop
      vertex -2.81324 1.50371 -3.51952
      vertex -2.64576 1.41419 -3.67537
      vertex -2.70833 1.2819 -3.67537
    endloop
  endfacet
  facet normal -0.726752 0.658684 -0.19485
    outer loop
      vertex -3.2581 3.2581 -1.15416
      vertex -3.56176 2.92306 -1.15416
      vertex -3.3224 3.3224 -0.696969
    endloop
  endfacet
  facet normal -0.709121 0.642705 -0.289961
    outer loop
      vertex -3.16242 3.16242 -1.60023
      vertex -3.56176 2.92306 -1.15416
      vertex -3.2581 3.2581 -1.15416
    endloop
  endfacet
  facet normal -0.684667 0.620549 -0.382297
    outer loop
      vertex -3.03628 3.03628 -2.03089
      vertex -3.31927 2.72405 -2.03089
      vertex -3.16242 3.16242 -1.60023
    endloop
  endfacet
  facet normal -0.684675 0.620544 -0.38229
    outer loop
      vertex -3.31927 2.72405 -2.03089
      vertex -3.45716 2.83722 -1.60023
      vertex -3.16242 3.16242 -1.60023
    endloop
  endfacet
  facet normal -0.525502 0.708554 -0.470956
    outer loop
      vertex -2.58465 3.14941 -2.44199
      vertex -2.72405 3.31927 -2.03089
      vertex -2.38559 3.57029 -2.03089
    endloop
  endfacet
  facet normal -0.592422 0.653634 -0.470956
    outer loop
      vertex -2.58465 3.14941 -2.44199
      vertex -3.03628 3.03628 -2.03089
      vertex -2.72405 3.31927 -2.03089
    endloop
  endfacet
  facet normal -0.621181 0.460702 -0.633946
    outer loop
      vertex -2.92637 1.95534 -3.1899
      vertex -2.94922 2.42036 -2.82957
      vertex -2.72062 2.23276 -3.1899
    endloop
  endfacet
  facet normal -0.621194 0.460695 -0.633938
    outer loop
      vertex -2.92637 1.95534 -3.1899
      vertex -3.17225 2.11963 -2.82957
      vertex -2.94922 2.42036 -2.82957
    endloop
  endfacet
  facet normal -0.592424 0.653628 -0.47096
    outer loop
      vertex -2.8809 2.8809 -2.44199
      vertex -3.03628 3.03628 -2.03089
      vertex -2.58465 3.14941 -2.44199
    endloop
  endfacet
  facet normal -0.573024 0.519374 -0.633951
    outer loop
      vertex -2.48867 2.48867 -3.1899
      vertex -2.72062 2.23276 -3.1899
      vertex -2.69778 2.69778 -2.82957
    endloop
  endfacet
  facet normal 0.171912 0.686338 -0.706672
    outer loop
      vertex 0.92598 3.05255 -3.51952
      vertex 0.622319 3.12861 -3.51952
      vertex 1.02166 3.36797 -3.1899
    endloop
  endfacet
  facet normal 0.363752 0.606867 -0.70668
    outer loop
      vertex 1.95534 2.92637 -3.1899
      vertex 1.50371 2.81324 -3.51952
      vertex 1.65909 3.10394 -3.1899
    endloop
  endfacet
  facet normal 0.330663 0.699126 -0.633944
    outer loop
      vertex 1.79849 3.36474 -2.82957
      vertex 1.34686 3.25161 -3.1899
      vertex 1.46003 3.52482 -2.82957
    endloop
  endfacet
  facet normal -0.171914 0.686337 -0.706674
    outer loop
      vertex -0.622319 3.12861 -3.51952
      vertex -1.02166 3.36797 -3.1899
      vertex -0.686624 3.45189 -3.1899
    endloop
  endfacet
  facet normal -0.103819 0.699881 -0.706674
    outer loop
      vertex -0.622319 3.12861 -3.51952
      vertex -0.686624 3.45189 -3.1899
      vertex -0.344973 3.50257 -3.1899
    endloop
  endfacet
  facet normal -0.330657 0.699133 -0.633939
    outer loop
      vertex -1.65909 3.10394 -3.1899
      vertex -1.79849 3.36474 -2.82957
      vertex -1.34686 3.25161 -3.1899
    endloop
  endfacet
  facet normal -0.302503 0.639605 -0.706681
    outer loop
      vertex -1.50371 2.81324 -3.51952
      vertex -1.65909 3.10394 -3.1899
      vertex -1.34686 3.25161 -3.1899
    endloop
  endfacet
  facet normal -0.271439 0.573895 -0.772635
    outer loop
      vertex -1.41419 2.64576 -3.67537
      vertex -1.50371 2.81324 -3.51952
      vertex -1.2819 2.70833 -3.67537
    endloop
  endfacet
  facet normal 0.0379537 0.772448 -0.633942
    outer loop
      vertex 0.344973 3.50257 -3.1899
      vertex 0 3.51952 -3.1899
      vertex 0 3.81524 -2.82957
    endloop
  endfacet
  facet normal -0.0379537 0.772448 -0.633942
    outer loop
      vertex 0 3.51952 -3.1899
      vertex -0.344973 3.50257 -3.1899
      vertex 0 3.81524 -2.82957
    endloop
  endfacet
  facet normal -0.0453484 0.922933 0.38228
    outer loop
      vertex 0 4.47233 1.60023
      vertex -0.42088 4.27327 2.03089
      vertex 0 4.29395 2.03089
    endloop
  endfacet
  facet normal -0.143903 0.970214 0.194877
    outer loop
      vertex -0.460542 4.67596 0.696969
      vertex -0.916649 4.60831 0.696969
      vertex -0.898907 4.51911 1.15416
    endloop
  endfacet
  facet normal -0.335276 0.93702 0.0978999
    outer loop
      vertex -1.36393 4.49627 0.696969
      vertex -1.81556 4.38314 0.233071
      vertex -1.79807 4.34093 0.696969
    endloop
  endfacet
  facet normal -0.425508 0.899643 0.097901
    outer loop
      vertex -1.81556 4.38314 0.233071
      vertex -2.2149 4.14378 0.696969
      vertex -1.79807 4.34093 0.696969
    endloop
  endfacet
  facet normal -0.592837 0.799349 0.097908
    outer loop
      vertex -2.6104 3.90673 0.696969
      vertex -3.00974 3.66738 0.233071
      vertex -2.98075 3.63206 0.696969
    endloop
  endfacet
  facet normal -0.511628 0.853612 -0.0978962
    outer loop
      vertex -2.6104 3.90673 -0.696969
      vertex -2.63578 3.94472 -0.233071
      vertex -2.2149 4.14378 -0.696969
    endloop
  endfacet
  facet normal -0.51164 0.853603 -0.0979114
    outer loop
      vertex -2.2149 4.14378 -0.696969
      vertex -2.63578 3.94472 -0.233071
      vertex -2.23644 4.18408 -0.233071
    endloop
  endfacet
  facet normal -0.642705 0.709121 -0.289961
    outer loop
      vertex -3.16242 3.16242 -1.60023
      vertex -3.2581 3.2581 -1.15416
      vertex -2.92306 3.56176 -1.15416
    endloop
  endfacet
  facet normal -0.658684 0.726752 -0.19485
    outer loop
      vertex -3.2581 3.2581 -1.15416
      vertex -3.3224 3.3224 -0.696969
      vertex -2.92306 3.56176 -1.15416
    endloop
  endfacet
  facet normal -0.427553 0.90399 0
    outer loop
      vertex -1.81556 4.38314 -0.233071
      vertex -2.23644 4.18408 0.233071
      vertex -1.81556 4.38314 0.233071
    endloop
  endfacet
  facet normal -0.427553 0.90399 0
    outer loop
      vertex -2.23644 4.18408 0.233071
      vertex -1.81556 4.38314 -0.233071
      vertex -2.23644 4.18408 -0.233071
    endloop
  endfacet
  facet normal -0.51411 0.857724 0
    outer loop
      vertex -2.23644 4.18408 -0.233071
      vertex -2.63578 3.94472 0.233071
      vertex -2.23644 4.18408 0.233071
    endloop
  endfacet
  facet normal -0.51411 0.857724 0
    outer loop
      vertex -2.63578 3.94472 0.233071
      vertex -2.23644 4.18408 -0.233071
      vertex -2.63578 3.94472 -0.233071
    endloop
  endfacet
  facet normal -0.0453289 0.922927 0.382297
    outer loop
      vertex 0 4.47233 1.60023
      vertex -0.438365 4.4508 1.60023
      vertex -0.42088 4.27327 2.03089
    endloop
  endfacet
  facet normal 0.0481335 0.97965 0.194858
    outer loop
      vertex 0.460542 4.67596 0.696969
      vertex 0 4.60765 1.15416
      vertex 0.451628 4.58546 1.15416
    endloop
  endfacet
  facet normal -0.135584 0.91404 0.382294
    outer loop
      vertex -0.42088 4.27327 2.03089
      vertex -0.872509 4.3864 1.60023
      vertex -0.837708 4.21144 2.03089
    endloop
  endfacet
  facet normal -0.129439 0.872614 0.470946
    outer loop
      vertex -0.42088 4.27327 2.03089
      vertex -0.837708 4.21144 2.03089
      vertex -0.794839 3.99593 2.44199
    endloop
  endfacet
  facet normal -0.768698 0.570112 0.289958
    outer loop
      vertex -3.45716 2.83722 1.60023
      vertex -3.83112 2.55987 1.15416
      vertex -3.71861 2.4847 1.60023
    endloop
  endfacet
  facet normal -0.820881 0.492014 0.289959
    outer loop
      vertex -3.83112 2.55987 1.15416
      vertex -3.94425 2.10824 1.60023
      vertex -3.71861 2.4847 1.60023
    endloop
  endfacet
  facet normal -0.58428 0.787811 0.194864
    outer loop
      vertex -2.6104 3.90673 0.696969
      vertex -2.98075 3.63206 0.696969
      vertex -2.55987 3.83112 1.15416
    endloop
  endfacet
  facet normal -0.504242 0.84129 0.194862
    outer loop
      vertex -2.2149 4.14378 0.696969
      vertex -2.6104 3.90673 0.696969
      vertex -2.55987 3.83112 1.15416
    endloop
  endfacet
  facet normal -0.297199 0.830591 0.470948
    outer loop
      vertex -1.24647 4.10905 2.03089
      vertex -1.55913 3.76408 2.44199
      vertex -1.18268 3.89878 2.44199
    endloop
  endfacet
  facet normal -0.3113 0.870023 0.382299
    outer loop
      vertex -1.24647 4.10905 2.03089
      vertex -1.71149 4.1319 1.60023
      vertex -1.64322 3.96709 2.03089
    endloop
  endfacet
  facet normal -0.238364 0.666181 0.706672
    outer loop
      vertex -1.02166 3.36797 3.1899
      vertex -1.22072 2.94709 3.51952
      vertex -0.92598 3.05255 3.51952
    endloop
  endfacet
  facet normal -0.238367 0.666181 0.706671
    outer loop
      vertex -1.02166 3.36797 3.1899
      vertex -1.34686 3.25161 3.1899
      vertex -1.22072 2.94709 3.51952
    endloop
  endfacet
  facet normal -0.135107 0.539368 0.831161
    outer loop
      vertex -0.552022 2.7752 3.81524
      vertex -0.708871 2.33684 4.07421
      vertex -0.476408 2.39507 4.07421
    endloop
  endfacet
  facet normal 0.0311504 0.634092 0.77263
    outer loop
      vertex 0 3.1899 3.51952
      vertex 0 2.82957 3.81524
      vertex 0.312665 3.17454 3.51952
    endloop
  endfacet
  facet normal -0.122034 0.822773 0.555114
    outer loop
      vertex -0.399342 4.05459 2.44199
      vertex -0.794839 3.99593 2.44199
      vertex -0.373958 3.79686 2.82957
    endloop
  endfacet
  facet normal -0.0408323 0.830771 0.555114
    outer loop
      vertex 0 3.81524 2.82957
      vertex -0.399342 4.05459 2.44199
      vertex -0.373958 3.79686 2.82957
    endloop
  endfacet
  facet normal 0.0347166 0.706684 0.706677
    outer loop
      vertex 0.344973 3.50257 3.1899
      vertex 0 3.1899 3.51952
      vertex 0.312665 3.17454 3.51952
    endloop
  endfacet
  facet normal -0.103819 0.699881 0.706674
    outer loop
      vertex -0.344973 3.50257 3.1899
      vertex -0.686624 3.45189 3.1899
      vertex -0.622319 3.12861 3.51952
    endloop
  endfacet
  facet normal 0.471274 -0.0231546 0.881683
    outer loop
      vertex 2.44199 0 4.07421
      vertex 2.03089 0 4.29395
      vertex 2.43023 -0.239356 4.07421
    endloop
  endfacet
  facet normal 0.615826 -0.15425 0.772635
    outer loop
      vertex 3.12861 -0.622319 3.51952
      vertex 2.70773 -0.821381 3.81524
      vertex 3.05255 -0.92598 3.51952
    endloop
  endfacet
  facet normal 0.750202 0.187911 0.633945
    outer loop
      vertex 3.74193 0.744315 2.82957
      vertex 3.36797 1.02166 3.1899
      vertex 3.45189 0.686624 3.1899
    endloop
  endfacet
  facet normal 0.765007 0.11348 0.633945
    outer loop
      vertex 3.74193 0.744315 2.82957
      vertex 3.45189 0.686624 3.1899
      vertex 3.50257 0.344973 3.1899
    endloop
  endfacet
  facet normal 0.914038 -0.135586 0.382297
    outer loop
      vertex 4.4508 -0.438365 1.60023
      vertex 4.27327 -0.42088 2.03089
      vertex 4.3864 -0.872509 1.60023
    endloop
  endfacet
  facet normal 0.922927 -0.0453289 0.382297
    outer loop
      vertex 4.47233 0 1.60023
      vertex 4.27327 -0.42088 2.03089
      vertex 4.4508 -0.438365 1.60023
    endloop
  endfacet
  facet normal 0.914038 0.135586 0.382297
    outer loop
      vertex 4.3864 0.872509 1.60023
      vertex 4.27327 0.42088 2.03089
      vertex 4.4508 0.438365 1.60023
    endloop
  endfacet
  facet normal 0.946681 0.140429 0.289957
    outer loop
      vertex 4.51911 0.898907 1.15416
      vertex 4.3864 0.872509 1.60023
      vertex 4.4508 0.438365 1.60023
    endloop
  endfacet
  facet normal 0.923491 -0.330435 0.194875
    outer loop
      vertex 4.40924 -1.33753 1.15416
      vertex 4.34093 -1.79807 0.696969
      vertex 4.49627 -1.36393 0.696969
    endloop
  endfacet
  facet normal 0.93702 -0.335276 0.0978999
    outer loop
      vertex 4.49627 -1.36393 0.696969
      vertex 4.34093 -1.79807 0.696969
      vertex 4.38314 -1.81556 0.233071
    endloop
  endfacet
  facet normal 0.756662 -0.453507 0.47095
    outer loop
      vertex 3.59313 -1.92057 2.44199
      vertex 3.57029 -2.38559 2.03089
      vertex 3.78692 -2.02415 2.03089
    endloop
  endfacet
  facet normal 0.792586 -0.475038 0.382291
    outer loop
      vertex 3.78692 -2.02415 2.03089
      vertex 3.57029 -2.38559 2.03089
      vertex 3.71861 -2.4847 1.60023
    endloop
  endfacet
  facet normal 0.750206 -0.187931 0.633934
    outer loop
      vertex 3.74193 -0.744315 2.82957
      vertex 3.36797 -1.02166 3.1899
      vertex 3.65095 -1.1075 2.82957
    endloop
  endfacet
  facet normal 0.806845 -0.202119 0.555112
    outer loop
      vertex 3.74193 -0.744315 2.82957
      vertex 3.65095 -1.1075 2.82957
      vertex 3.99593 -0.794839 2.44199
    endloop
  endfacet
  facet normal 0.187931 -0.750206 0.633934
    outer loop
      vertex 1.02166 -3.36797 3.1899
      vertex 0.744315 -3.74193 2.82957
      vertex 1.1075 -3.65095 2.82957
    endloop
  endfacet
  facet normal 0.260533 -0.728183 0.633934
    outer loop
      vertex 1.46003 -3.52482 2.82957
      vertex 1.02166 -3.36797 3.1899
      vertex 1.1075 -3.65095 2.82957
    endloop
  endfacet
  facet normal 0.122031 -0.822775 0.555112
    outer loop
      vertex 0.744315 -3.74193 2.82957
      vertex 0.373958 -3.79686 2.82957
      vertex 0.794839 -3.99593 2.44199
    endloop
  endfacet
  facet normal 0.113465 -0.765018 0.633935
    outer loop
      vertex 0.744315 -3.74193 2.82957
      vertex 0.344973 -3.50257 3.1899
      vertex 0.373958 -3.79686 2.82957
    endloop
  endfacet
  facet normal 0.0481335 -0.97965 0.194858
    outer loop
      vertex 0.451628 -4.58546 1.15416
      vertex 0 -4.60765 1.15416
      vertex 0.460542 -4.67596 0.696969
    endloop
  endfacet
  facet normal 0.0469656 -0.955881 0.289976
    outer loop
      vertex 0 -4.47233 1.60023
      vertex 0 -4.60765 1.15416
      vertex 0.451628 -4.58546 1.15416
    endloop
  endfacet
  facet normal 0.14672 -0.989178 0
    outer loop
      vertex 0.46502 -4.72143 -0.233071
      vertex 0.925562 -4.65312 0.233071
      vertex 0.46502 -4.72143 0.233071
    endloop
  endfacet
  facet normal 0.14672 -0.989178 0
    outer loop
      vertex 0.925562 -4.65312 0.233071
      vertex 0.46502 -4.72143 -0.233071
      vertex 0.925562 -4.65312 -0.233071
    endloop
  endfacet
  facet normal 0.426344 -0.470401 0.772628
    outer loop
      vertex 2.00081 -2.00081 3.81524
      vertex 1.79506 -2.18729 3.81524
      vertex 2.2556 -2.2556 3.51952
    endloop
  endfacet
  facet normal 0.426346 -0.470395 0.77263
    outer loop
      vertex 2.2556 -2.2556 3.51952
      vertex 1.79506 -2.18729 3.81524
      vertex 2.02365 -2.46583 3.51952
    endloop
  endfacet
  facet normal 0.509914 -0.378192 0.772631
    outer loop
      vertex 2.65231 -1.77222 3.51952
      vertex 2.18729 -1.79506 3.81524
      vertex 2.46583 -2.02365 3.51952
    endloop
  endfacet
  facet normal 0.568298 -0.421494 0.706668
    outer loop
      vertex 2.65231 -1.77222 3.51952
      vertex 2.46583 -2.02365 3.51952
      vertex 2.92637 -1.95534 3.1899
    endloop
  endfacet
  facet normal 0.573908 -0.27143 0.772629
    outer loop
      vertex 2.61418 -1.08283 3.81524
      vertex 2.49546 -1.33385 3.81524
      vertex 2.81324 -1.50371 3.51952
    endloop
  endfacet
  facet normal 0.639605 -0.302524 0.706671
    outer loop
      vertex 2.94709 -1.22072 3.51952
      vertex 2.81324 -1.50371 3.51952
      vertex 3.25161 -1.34686 3.1899
    endloop
  endfacet
  facet normal 0.290268 0.0142662 0.956839
    outer loop
      vertex 1.59252 0.156849 4.47233
      vertex 1.1486 0.113127 4.60765
      vertex 1.15416 0 4.60765
    endloop
  endfacet
  facet normal 0.0970721 -0.0143988 0.995173
    outer loop
      vertex 0.231949 -0.0228443 4.74428
      vertex 0.228593 -0.0454693 4.74428
      vertex 0.683578 -0.135972 4.69859
    endloop
  endfacet
  facet normal 0.378926 0.0562026 0.923719
    outer loop
      vertex 1.99186 0.396206 4.29395
      vertex 1.56948 0.312188 4.47233
      vertex 1.59252 0.156849 4.47233
    endloop
  endfacet
  facet normal 0.37159 0.0930853 0.923719
    outer loop
      vertex 1.99186 0.396206 4.29395
      vertex 1.53132 0.46452 4.47233
      vertex 1.56948 0.312188 4.47233
    endloop
  endfacet
  facet normal 0.183898 0.0658018 0.98074
    outer loop
      vertex 1.0663 0.441676 4.60765
      vertex 0.643915 0.266718 4.69859
      vertex 0.666958 0.202319 4.69859
    endloop
  endfacet
  facet normal 0.249274 0.149399 0.95684
    outer loop
      vertex 1.41127 0.754341 4.47233
      vertex 0.959645 0.641214 4.60765
      vertex 1.01787 0.544065 4.60765
    endloop
  endfacet
  facet normal -0.0727126 -0.0659032 0.995173
    outer loop
      vertex -0.164806 -0.164806 4.74428
      vertex -0.538764 -0.442152 4.69859
      vertex -0.492831 -0.492831 4.69859
    endloop
  endfacet
  facet normal 0.360668 -0.129063 0.923721
    outer loop
      vertex 1.94344 -0.589535 4.29395
      vertex 1.53132 -0.46452 4.47233
      vertex 1.87629 -0.777186 4.29395
    endloop
  endfacet
  facet normal 0.457705 -0.114634 0.881683
    outer loop
      vertex 1.99186 -0.396206 4.29395
      vertex 1.94344 -0.589535 4.29395
      vertex 2.33684 -0.708871 4.07421
    endloop
  endfacet
  facet normal 0.290267 -0.0142682 0.956839
    outer loop
      vertex 1.60023 0 4.47233
      vertex 1.15416 0 4.60765
      vertex 1.59252 -0.156849 4.47233
    endloop
  endfacet
  facet normal 0.290268 -0.0142662 0.956839
    outer loop
      vertex 1.15416 0 4.60765
      vertex 1.1486 -0.113127 4.60765
      vertex 1.59252 -0.156849 4.47233
    endloop
  endfacet
  facet normal 0.34629 0.163778 0.923721
    outer loop
      vertex 1.79108 0.957353 4.29395
      vertex 1.41127 0.754341 4.47233
      vertex 1.87629 0.777186 4.29395
    endloop
  endfacet
  facet normal 0.404715 0.242573 0.881683
    outer loop
      vertex 2.15364 1.15114 4.07421
      vertex 1.68862 1.1283 4.29395
      vertex 1.79108 0.957353 4.29395
    endloop
  endfacet
  facet normal 0.539367 0.135102 0.831162
    outer loop
      vertex 2.70773 0.821381 3.81524
      vertex 2.33684 0.708871 4.07421
      vertex 2.7752 0.552022 3.81524
    endloop
  endfacet
  facet normal 0.523523 0.187333 0.831162
    outer loop
      vertex 2.70773 0.821381 3.81524
      vertex 2.2561 0.934508 4.07421
      vertex 2.33684 0.708871 4.07421
    endloop
  endfacet
  facet normal 0.249274 -0.149401 0.95684
    outer loop
      vertex 1.41127 -0.754341 4.47233
      vertex 0.959645 -0.641214 4.60765
      vertex 1.33054 -0.889038 4.47233
    endloop
  endfacet
  facet normal 0.26271 -0.124262 0.95684
    outer loop
      vertex 1.0663 -0.441676 4.60765
      vertex 1.01787 -0.544065 4.60765
      vertex 1.41127 -0.754341 4.47233
    endloop
  endfacet
  facet normal 0.426344 0.470401 0.772628
    outer loop
      vertex 2.2556 2.2556 3.51952
      vertex 1.79506 2.18729 3.81524
      vertex 2.00081 2.00081 3.81524
    endloop
  endfacet
  facet normal 0.331233 0.446593 0.831167
    outer loop
      vertex 1.79506 2.18729 3.81524
      vertex 1.3567 2.03044 4.07421
      vertex 1.54918 1.88768 4.07421
    endloop
  endfacet
  facet normal 0.378192 0.509914 0.772631
    outer loop
      vertex 2.02365 2.46583 3.51952
      vertex 1.77222 2.65231 3.51952
      vertex 1.79506 2.18729 3.81524
    endloop
  endfacet
  facet normal 0.426346 0.470395 0.77263
    outer loop
      vertex 2.02365 2.46583 3.51952
      vertex 1.79506 2.18729 3.81524
      vertex 2.2556 2.2556 3.51952
    endloop
  endfacet
  facet normal 0.285843 0.476931 0.831163
    outer loop
      vertex 1.57203 2.3527 3.81524
      vertex 1.15114 2.15364 4.07421
      vertex 1.3567 2.03044 4.07421
    endloop
  endfacet
  facet normal 0.187323 0.523522 0.831165
    outer loop
      vertex 1.08283 2.61418 3.81524
      vertex 0.821381 2.70773 3.81524
      vertex 0.934508 2.2561 4.07421
    endloop
  endfacet
  facet normal 0.373406 0.411992 0.831162
    outer loop
      vertex 1.79506 2.18729 3.81524
      vertex 1.72675 1.72675 4.07421
      vertex 2.00081 2.00081 3.81524
    endloop
  endfacet
  facet normal 0.316885 0.349603 0.881681
    outer loop
      vertex 1.54918 1.88768 4.07421
      vertex 1.28838 1.5699 4.29395
      vertex 1.43605 1.43605 4.29395
    endloop
  endfacet
  facet normal 0.378994 0.281073 0.881681
    outer loop
      vertex 1.88768 1.54918 4.07421
      vertex 1.5699 1.28838 4.29395
      vertex 1.68862 1.1283 4.29395
    endloop
  endfacet
  facet normal 0.476931 0.285843 0.831163
    outer loop
      vertex 2.3527 1.57203 3.81524
      vertex 2.03044 1.3567 4.07421
      vertex 2.15364 1.15114 4.07421
    endloop
  endfacet
  facet normal 0.262708 0.124265 0.95684
    outer loop
      vertex 1.41127 0.754341 4.47233
      vertex 1.0663 0.441676 4.60765
      vertex 1.47842 0.61238 4.47233
    endloop
  endfacet
  facet normal 0.26271 0.124262 0.95684
    outer loop
      vertex 1.41127 0.754341 4.47233
      vertex 1.01787 0.544065 4.60765
      vertex 1.0663 0.441676 4.60765
    endloop
  endfacet
  facet normal 0.307679 0.2282 0.92372
    outer loop
      vertex 1.68862 1.1283 4.29395
      vertex 1.23699 1.01517 4.47233
      vertex 1.33054 0.889038 4.47233
    endloop
  endfacet
  facet normal 0.233422 0.173125 0.95684
    outer loop
      vertex 1.23699 1.01517 4.47233
      vertex 0.959645 0.641214 4.60765
      vertex 1.33054 0.889038 4.47233
    endloop
  endfacet
  facet normal 0.149401 0.249274 0.95684
    outer loop
      vertex 0.754341 1.41127 4.47233
      vertex 0.641214 0.959645 4.60765
      vertex 0.889038 1.33054 4.47233
    endloop
  endfacet
  facet normal 0.14472 0.131166 0.98074
    outer loop
      vertex 0.816111 0.816111 4.60765
      vertex 0.492831 0.492831 4.69859
      vertex 0.892174 0.732188 4.60765
    endloop
  endfacet
  facet normal -0.173125 0.233422 0.95684
    outer loop
      vertex -0.889038 1.33054 4.47233
      vertex -1.01517 1.23699 4.47233
      vertex -0.641214 0.959645 4.60765
    endloop
  endfacet
  facet normal 0.0474604 0.189462 0.98074
    outer loop
      vertex 0.335033 1.10446 4.60765
      vertex 0.135972 0.683578 4.69859
      vertex 0.202319 0.666958 4.69859
    endloop
  endfacet
  facet normal 0.28384 0.257251 0.923719
    outer loop
      vertex 1.43605 1.43605 4.29395
      vertex 1.13153 1.13153 4.47233
      vertex 1.23699 1.01517 4.47233
    endloop
  endfacet
  facet normal 0.25726 0.283823 0.923722
    outer loop
      vertex 1.28838 1.5699 4.29395
      vertex 1.01517 1.23699 4.47233
      vertex 1.43605 1.43605 4.29395
    endloop
  endfacet
  facet normal -0.103811 0.699879 0.706678
    outer loop
      vertex -0.344973 3.50257 3.1899
      vertex -0.622319 3.12861 3.51952
      vertex -0.312665 3.17454 3.51952
    endloop
  endfacet
  facet normal 0.103811 0.699879 0.706678
    outer loop
      vertex 0.344973 3.50257 3.1899
      vertex 0.312665 3.17454 3.51952
      vertex 0.622319 3.12861 3.51952
    endloop
  endfacet
  facet normal 0.0562026 0.378926 0.923719
    outer loop
      vertex 0.396206 1.99186 4.29395
      vertex 0.156849 1.59252 4.47233
      vertex 0.312188 1.56948 4.47233
    endloop
  endfacet
  facet normal 0.0426448 0.287473 0.956839
    outer loop
      vertex 0.156849 1.59252 4.47233
      vertex 0.113127 1.1486 4.60765
      vertex 0.225164 1.13198 4.60765
    endloop
  endfacet
  facet normal 0.213875 0.597739 0.772635
    outer loop
      vertex 0.92598 3.05255 3.51952
      vertex 0.821381 2.70773 3.81524
      vertex 1.22072 2.94709 3.51952
    endloop
  endfacet
  facet normal 0.271443 0.573893 0.772636
    outer loop
      vertex 1.22072 2.94709 3.51952
      vertex 1.08283 2.61418 3.81524
      vertex 1.50371 2.81324 3.51952
    endloop
  endfacet
  facet normal 0.397608 0.663348 0.633938
    outer loop
      vertex 2.11963 3.17225 2.82957
      vertex 1.79849 3.36474 2.82957
      vertex 1.95534 2.92637 3.1899
    endloop
  endfacet
  facet normal 0.330657 0.699133 0.633939
    outer loop
      vertex 1.79849 3.36474 2.82957
      vertex 1.34686 3.25161 3.1899
      vertex 1.65909 3.10394 3.1899
    endloop
  endfacet
  facet normal 0.5683 0.421483 0.706673
    outer loop
      vertex 2.72062 2.23276 3.1899
      vertex 2.46583 2.02365 3.51952
      vertex 2.92637 1.95534 3.1899
    endloop
  endfacet
  facet normal 0.621181 0.460702 0.633946
    outer loop
      vertex 2.94922 2.42036 2.82957
      vertex 2.72062 2.23276 3.1899
      vertex 2.92637 1.95534 3.1899
    endloop
  endfacet
  facet normal 0.666181 0.238364 0.706672
    outer loop
      vertex 3.36797 1.02166 3.1899
      vertex 2.94709 1.22072 3.51952
      vertex 3.05255 0.92598 3.51952
    endloop
  endfacet
  facet normal 0.597739 0.213875 0.772635
    outer loop
      vertex 2.94709 1.22072 3.51952
      vertex 2.70773 0.821381 3.81524
      vertex 3.05255 0.92598 3.51952
    endloop
  endfacet
  facet normal 0.70668 -0.0347222 0.70668
    outer loop
      vertex 3.51952 0 3.1899
      vertex 3.1899 0 3.51952
      vertex 3.50257 -0.344973 3.1899
    endloop
  endfacet
  facet normal 0.70668 0.0347222 0.70668
    outer loop
      vertex 3.50257 0.344973 3.1899
      vertex 3.1899 0 3.51952
      vertex 3.51952 0 3.1899
    endloop
  endfacet
  facet normal 0.471274 0.0231546 0.881683
    outer loop
      vertex 2.43023 0.239356 4.07421
      vertex 2.03089 0 4.29395
      vertex 2.44199 0 4.07421
    endloop
  endfacet
  facet normal 0.471275 -0.023154 0.881682
    outer loop
      vertex 2.03089 0 4.29395
      vertex 2.02111 -0.199061 4.29395
      vertex 2.43023 -0.239356 4.07421
    endloop
  endfacet
  facet normal 0.260533 0.728183 0.633934
    outer loop
      vertex 1.1075 3.65095 2.82957
      vertex 1.02166 3.36797 3.1899
      vertex 1.46003 3.52482 2.82957
    endloop
  endfacet
  facet normal 0.260547 0.728169 0.633944
    outer loop
      vertex 1.46003 3.52482 2.82957
      vertex 1.02166 3.36797 3.1899
      vertex 1.34686 3.25161 3.1899
    endloop
  endfacet
  facet normal 0.214349 0.855724 0.470946
    outer loop
      vertex 0.837708 4.21144 2.03089
      vertex 0.794839 3.99593 2.44199
      vertex 1.24647 4.10905 2.03089
    endloop
  endfacet
  facet normal 0.129439 0.872614 0.470946
    outer loop
      vertex 0.837708 4.21144 2.03089
      vertex 0.42088 4.27327 2.03089
      vertex 0.794839 3.99593 2.44199
    endloop
  endfacet
  facet normal -0.114648 0.457694 0.881687
    outer loop
      vertex -0.476408 2.39507 4.07421
      vertex -0.708871 2.33684 4.07421
      vertex -0.396206 1.99186 4.29395
    endloop
  endfacet
  facet normal 0.135102 0.539367 0.831162
    outer loop
      vertex 0.821381 2.70773 3.81524
      vertex 0.552022 2.7752 3.81524
      vertex 0.708871 2.33684 4.07421
    endloop
  endfacet
  facet normal -0.397606 0.663348 0.633939
    outer loop
      vertex -1.79849 3.36474 2.82957
      vertex -1.95534 2.92637 3.1899
      vertex -1.65909 3.10394 3.1899
    endloop
  endfacet
  facet normal -0.427628 0.713432 0.555112
    outer loop
      vertex -1.79849 3.36474 2.82957
      vertex -2.26351 3.38758 2.44199
      vertex -2.11963 3.17225 2.82957
    endloop
  endfacet
  facet normal -0.34629 0.163778 0.923721
    outer loop
      vertex -1.79108 0.957353 4.29395
      vertex -1.87629 0.777186 4.29395
      vertex -1.41127 0.754341 4.47233
    endloop
  endfacet
  facet normal -0.28384 0.257251 0.923719
    outer loop
      vertex -1.13153 1.13153 4.47233
      vertex -1.43605 1.43605 4.29395
      vertex -1.23699 1.01517 4.47233
    endloop
  endfacet
  facet normal -0.196933 0.328568 0.923721
    outer loop
      vertex -0.957353 1.79108 4.29395
      vertex -1.1283 1.68862 4.29395
      vertex -0.754341 1.41127 4.47233
    endloop
  endfacet
  facet normal -0.0930656 0.371588 0.923721
    outer loop
      vertex -0.396206 1.99186 4.29395
      vertex -0.589535 1.94344 4.29395
      vertex -0.46452 1.53132 4.47233
    endloop
  endfacet
  facet normal -0.411997 0.373389 0.831167
    outer loop
      vertex -1.72675 1.72675 4.07421
      vertex -2.18729 1.79506 3.81524
      vertex -1.88768 1.54918 4.07421
    endloop
  endfacet
  facet normal -0.331226 0.446607 0.831163
    outer loop
      vertex -1.57203 2.3527 3.81524
      vertex -1.79506 2.18729 3.81524
      vertex -1.3567 2.03044 4.07421
    endloop
  endfacet
  facet normal -0.242562 0.404717 0.881685
    outer loop
      vertex -1.15114 2.15364 4.07421
      vertex -1.3567 2.03044 4.07421
      vertex -1.1283 1.68862 4.29395
    endloop
  endfacet
  facet normal -0.281073 0.378994 0.881681
    outer loop
      vertex -1.1283 1.68862 4.29395
      vertex -1.54918 1.88768 4.07421
      vertex -1.28838 1.5699 4.29395
    endloop
  endfacet
  facet normal 0.663348 0.397606 0.633939
    outer loop
      vertex 3.36474 1.79849 2.82957
      vertex 2.92637 1.95534 3.1899
      vertex 3.10394 1.65909 3.1899
    endloop
  endfacet
  facet normal 0.606867 0.363752 0.70668
    outer loop
      vertex 2.92637 1.95534 3.1899
      vertex 2.81324 1.50371 3.51952
      vertex 3.10394 1.65909 3.1899
    endloop
  endfacet
  facet normal 0.419361 0.88666 0.19486
    outer loop
      vertex 2.2149 4.14378 0.696969
      vertex 1.76327 4.25691 1.15416
      vertex 2.17203 4.06358 1.15416
    endloop
  endfacet
  facet normal 0.224525 0.896348 0.382294
    outer loop
      vertex 0.872509 4.3864 1.60023
      vertex 0.837708 4.21144 2.03089
      vertex 1.24647 4.10905 2.03089
    endloop
  endfacet
  facet normal 0.3113 0.870023 0.382299
    outer loop
      vertex 1.71149 4.1319 1.60023
      vertex 1.24647 4.10905 2.03089
      vertex 1.64322 3.96709 2.03089
    endloop
  endfacet
  facet normal 0.395079 0.83532 0.3823
    outer loop
      vertex 1.71149 4.1319 1.60023
      vertex 1.64322 3.96709 2.03089
      vertex 2.10824 3.94425 1.60023
    endloop
  endfacet
  facet normal 0.140429 0.946681 0.289957
    outer loop
      vertex 0.898907 4.51911 1.15416
      vertex 0.438365 4.4508 1.60023
      vertex 0.872509 4.3864 1.60023
    endloop
  endfacet
  facet normal 0.135586 0.914038 0.382297
    outer loop
      vertex 0.438365 4.4508 1.60023
      vertex 0.42088 4.27327 2.03089
      vertex 0.872509 4.3864 1.60023
    endloop
  endfacet
  facet normal 0.835316 -0.395083 -0.382304
    outer loop
      vertex 3.94425 -2.10824 -1.60023
      vertex 3.78692 -2.02415 -2.03089
      vertex 3.96709 -1.64322 -2.03089
    endloop
  endfacet
  facet normal 0.79746 -0.377178 -0.470951
    outer loop
      vertex 3.78692 -2.02415 -2.03089
      vertex 3.59313 -1.92057 -2.44199
      vertex 3.96709 -1.64322 -2.03089
    endloop
  endfacet
  facet normal 0.946681 -0.140429 -0.289957
    outer loop
      vertex 4.51911 -0.898907 -1.15416
      vertex 4.3864 -0.872509 -1.60023
      vertex 4.4508 -0.438365 -1.60023
    endloop
  endfacet
  facet normal 0.928358 -0.232543 -0.289957
    outer loop
      vertex 4.40924 -1.33753 -1.15416
      vertex 4.3864 -0.872509 -1.60023
      vertex 4.51911 -0.898907 -1.15416
    endloop
  endfacet
  facet normal 0.955888 -0.0469331 -0.289956
    outer loop
      vertex 4.4508 -0.438365 -1.60023
      vertex 4.52802 -0.222328 -1.38063
      vertex 4.52781 -0.273126 -1.3731
    endloop
  endfacet
  facet normal 0.95589 -0.0469446 -0.289949
    outer loop
      vertex 4.4508 -0.438365 -1.60023
      vertex 4.52781 -0.273126 -1.3731
      vertex 4.53139 -0.406398 -1.33972
    endloop
  endfacet
  facet normal 0.955892 -0.046948 -0.289943
    outer loop
      vertex 4.52802 -0.222328 -1.38063
      vertex 4.4508 -0.438365 -1.60023
      vertex 4.47233 0 -1.60023
    endloop
  endfacet
  facet normal 0.955891 -0.046888 -0.289956
    outer loop
      vertex 4.4508 -0.438365 -1.60023
      vertex 4.53139 -0.406398 -1.33972
      vertex 4.53378 -0.446538 -1.32535
    endloop
  endfacet
  facet normal 0.896348 -0.224525 -0.382294
    outer loop
      vertex 4.3864 -0.872509 -1.60023
      vertex 4.10905 -1.24647 -2.03089
      vertex 4.21144 -0.837708 -2.03089
    endloop
  endfacet
  facet normal 0.658693 0.72674 -0.194864
    outer loop
      vertex 3.3224 3.3224 -0.696969
      vertex 2.92306 3.56176 -1.15416
      vertex 2.98075 3.63206 -0.696969
    endloop
  endfacet
  facet normal 0.658684 0.726752 -0.19485
    outer loop
      vertex 3.2581 3.2581 -1.15416
      vertex 2.92306 3.56176 -1.15416
      vertex 3.3224 3.3224 -0.696969
    endloop
  endfacet
  facet normal 0.768698 0.570112 -0.289958
    outer loop
      vertex 3.71861 2.4847 -1.60023
      vertex 3.45716 2.83722 -1.60023
      vertex 3.83112 2.55987 -1.15416
    endloop
  endfacet
  facet normal 0.742195 0.550456 -0.382289
    outer loop
      vertex 3.71861 2.4847 -1.60023
      vertex 3.31927 2.72405 -2.03089
      vertex 3.45716 2.83722 -1.60023
    endloop
  endfacet
  facet normal 0.70668 0.0347222 -0.70668
    outer loop
      vertex 3.51952 0 -3.1899
      vertex 3.1899 0 -3.51952
      vertex 3.50257 0.344973 -3.1899
    endloop
  endfacet
  facet normal 0.772448 0.0379537 -0.633942
    outer loop
      vertex 3.51952 0 -3.1899
      vertex 3.50257 0.344973 -3.1899
      vertex 3.81524 0 -2.82957
    endloop
  endfacet
  facet normal 0.627982 -0.0931466 -0.772633
    outer loop
      vertex 3.12861 -0.622319 -3.51952
      vertex 2.96408 -0.438812 -3.67537
      vertex 3.17454 -0.312665 -3.51952
    endloop
  endfacet
  facet normal 0.627992 -0.0931318 -0.772627
    outer loop
      vertex 2.96408 -0.438812 -3.67537
      vertex 3.12861 -0.622319 -3.51952
      vertex 2.94236 -0.585271 -3.67537
    endloop
  endfacet
  facet normal 0.627979 -0.0931377 -0.772637
    outer loop
      vertex 3.17454 -0.312665 -3.51952
      vertex 2.96408 -0.438812 -3.67537
      vertex 2.98555 -0.294051 -3.67537
    endloop
  endfacet
  facet normal 0.627979 0.0931377 -0.772637
    outer loop
      vertex 3.17454 0.312665 -3.51952
      vertex 2.98555 0.294051 -3.67537
      vertex 2.96408 0.438812 -3.67537
    endloop
  endfacet
  facet normal 0.822773 0.122034 -0.555114
    outer loop
      vertex 4.05459 0.399342 -2.44199
      vertex 3.79686 0.373958 -2.82957
      vertex 3.99593 0.794839 -2.44199
    endloop
  endfacet
  facet normal 0.872611 0.129425 -0.470956
    outer loop
      vertex 4.05459 0.399342 -2.44199
      vertex 3.99593 0.794839 -2.44199
      vertex 4.27327 0.42088 -2.03089
    endloop
  endfacet
  facet normal 0.0931318 0.627992 -0.772627
    outer loop
      vertex 0.438812 2.96408 -3.67537
      vertex 0.622319 3.12861 -3.51952
      vertex 0.585271 2.94236 -3.67537
    endloop
  endfacet
  facet normal 0.0931466 0.627982 -0.772633
    outer loop
      vertex 0.622319 3.12861 -3.51952
      vertex 0.438812 2.96408 -3.67537
      vertex 0.312665 3.17454 -3.51952
    endloop
  endfacet
  facet normal 0.103811 0.699879 -0.706678
    outer loop
      vertex 0.622319 3.12861 -3.51952
      vertex 0.312665 3.17454 -3.51952
      vertex 0.344973 3.50257 -3.1899
    endloop
  endfacet
  facet normal -0.382606 0.0188072 0.92372
    outer loop
      vertex -1.59252 0.156849 4.47233
      vertex -2.03089 0 4.29395
      vertex -1.60023 0 4.47233
    endloop
  endfacet
  facet normal -0.290267 0.0142682 0.956839
    outer loop
      vertex -1.59252 0.156849 4.47233
      vertex -1.60023 0 4.47233
      vertex -1.15416 0 4.60765
    endloop
  endfacet
  facet normal -0.262708 0.124265 0.95684
    outer loop
      vertex -1.41127 0.754341 4.47233
      vertex -1.47842 0.61238 4.47233
      vertex -1.0663 0.441676 4.60765
    endloop
  endfacet
  facet normal -0.371588 0.0930656 0.923721
    outer loop
      vertex -1.94344 0.589535 4.29395
      vertex -1.99186 0.396206 4.29395
      vertex -1.53132 0.46452 4.47233
    endloop
  endfacet
  facet normal -0.446607 0.331226 0.831163
    outer loop
      vertex -2.18729 1.79506 3.81524
      vertex -2.3527 1.57203 3.81524
      vertex -2.03044 1.3567 4.07421
    endloop
  endfacet
  facet normal -0.360685 0.129043 0.923718
    outer loop
      vertex -1.47842 0.61238 4.47233
      vertex -1.87629 0.777186 4.29395
      vertex -1.53132 0.46452 4.47233
    endloop
  endfacet
  facet normal -0.37159 0.0930853 0.923719
    outer loop
      vertex -1.53132 0.46452 4.47233
      vertex -1.99186 0.396206 4.29395
      vertex -1.56948 0.312188 4.47233
    endloop
  endfacet
  facet normal -0.281906 0.0706191 0.95684
    outer loop
      vertex -1.53132 0.46452 4.47233
      vertex -1.56948 0.312188 4.47233
      vertex -1.13198 0.225164 4.60765
    endloop
  endfacet
  facet normal -0.75192 0.355635 0.555103
    outer loop
      vertex -3.59313 1.92057 2.44199
      vertex -3.76408 1.55913 2.44199
      vertex -3.36474 1.79849 2.82957
    endloop
  endfacet
  facet normal -0.639605 0.302524 0.706671
    outer loop
      vertex -2.81324 1.50371 3.51952
      vertex -3.25161 1.34686 3.1899
      vertex -2.94709 1.22072 3.51952
    endloop
  endfacet
  facet normal -0.615827 0.154255 0.772633
    outer loop
      vertex -2.70773 0.821381 3.81524
      vertex -3.12861 0.622319 3.51952
      vertex -2.7752 0.552022 3.81524
    endloop
  endfacet
  facet normal -0.728183 0.260533 0.633934
    outer loop
      vertex -3.52482 1.46003 2.82957
      vertex -3.65095 1.1075 2.82957
      vertex -3.36797 1.02166 3.1899
    endloop
  endfacet
  facet normal -0.444254 0.158968 0.881684
    outer loop
      vertex -2.2561 0.934508 4.07421
      vertex -2.33684 0.708871 4.07421
      vertex -1.87629 0.777186 4.29395
    endloop
  endfacet
  facet normal -0.476916 0.285853 0.831168
    outer loop
      vertex -2.3527 1.57203 3.81524
      vertex -2.49546 1.33385 3.81524
      vertex -2.15364 1.15114 4.07421
    endloop
  endfacet
  facet normal -0.502637 0.237731 0.831167
    outer loop
      vertex -2.15364 1.15114 4.07421
      vertex -2.49546 1.33385 3.81524
      vertex -2.2561 0.934508 4.07421
    endloop
  endfacet
  facet normal -0.444254 0.158974 0.881683
    outer loop
      vertex -1.87629 0.777186 4.29395
      vertex -2.33684 0.708871 4.07421
      vertex -1.94344 0.589535 4.29395
    endloop
  endfacet
  facet normal -0.606891 0.363737 0.706668
    outer loop
      vertex -2.65231 1.77222 3.51952
      vertex -2.92637 1.95534 3.1899
      vertex -2.81324 1.50371 3.51952
    endloop
  endfacet
  facet normal -0.446593 0.331233 0.831167
    outer loop
      vertex -1.88768 1.54918 4.07421
      vertex -2.18729 1.79506 3.81524
      vertex -2.03044 1.3567 4.07421
    endloop
  endfacet
  facet normal -0.772448 0.0379537 0.633942
    outer loop
      vertex -3.50257 0.344973 3.1899
      vertex -3.81524 0 2.82957
      vertex -3.51952 0 3.1899
    endloop
  endfacet
  facet normal -0.772454 0.037966 0.633935
    outer loop
      vertex -3.79686 0.373958 2.82957
      vertex -3.81524 0 2.82957
      vertex -3.50257 0.344973 3.1899
    endloop
  endfacet
  facet normal -0.0923973 0.0330617 0.995173
    outer loop
      vertex -0.215329 0.0891924 4.74428
      vertex -0.666958 0.202319 4.69859
      vertex -0.223035 0.0676565 4.74428
    endloop
  endfacet
  facet normal -0.0727125 -0.0659034 0.995173
    outer loop
      vertex -0.180166 -0.147859 4.74428
      vertex -0.538764 -0.442152 4.69859
      vertex -0.164806 -0.164806 4.74428
    endloop
  endfacet
  facet normal 0.0286604 0.193202 0.98074
    outer loop
      vertex 0.225164 1.13198 4.60765
      vertex 0.113127 1.1486 4.60765
      vertex 0.135972 0.683578 4.69859
    endloop
  endfacet
  facet normal -0.189463 -0.0474568 0.98074
    outer loop
      vertex -0.683578 -0.135972 4.69859
      vertex -1.13198 -0.225164 4.60765
      vertex -1.10446 -0.335033 4.60765
    endloop
  endfacet
  facet normal -0.0788231 -0.0584566 0.995173
    outer loop
      vertex -0.193791 -0.129487 4.74428
      vertex -0.579509 -0.387216 4.69859
      vertex -0.180166 -0.147859 4.74428
    endloop
  endfacet
  facet normal 0.0584566 0.0788231 0.995173
    outer loop
      vertex 0.387216 0.579509 4.69859
      vertex 0.129487 0.193791 4.74428
      vertex 0.147859 0.180166 4.74428
    endloop
  endfacet
  facet normal -0.100408 -0.167532 0.98074
    outer loop
      vertex -0.387216 -0.579509 4.69859
      vertex -0.641214 -0.959645 4.60765
      vertex -0.544065 -1.01787 4.60765
    endloop
  endfacet
  facet normal 0.0474568 -0.189463 0.98074
    outer loop
      vertex 0.335033 -1.10446 4.60765
      vertex 0.135972 -0.683578 4.69859
      vertex 0.225164 -1.13198 4.60765
    endloop
  endfacet
  facet normal 0.0706128 -0.28191 0.956839
    outer loop
      vertex 0.335033 -1.10446 4.60765
      vertex 0.225164 -1.13198 4.60765
      vertex 0.46452 -1.53132 4.47233
    endloop
  endfacet
  facet normal 0.11635 -0.15688 0.98074
    outer loop
      vertex 0.732188 -0.892174 4.60765
      vertex 0.387216 -0.579509 4.69859
      vertex 0.641214 -0.959645 4.60765
    endloop
  endfacet
  facet normal -0.0330613 0.0923974 0.995173
    outer loop
      vertex -0.202319 0.666958 4.69859
      vertex -0.266718 0.643915 4.69859
      vertex -0.0891924 0.215329 4.74428
    endloop
  endfacet
  facet normal -0.0951928 0.0238462 0.995173
    outer loop
      vertex -0.223035 0.0676565 4.74428
      vertex -0.666958 0.202319 4.69859
      vertex -0.228593 0.0454693 4.74428
    endloop
  endfacet
  facet normal 0.195079 0.00958341 0.980741
    outer loop
      vertex 1.15416 0 4.60765
      vertex 0.693613 0.0683146 4.69859
      vertex 0.696969 0 4.69859
    endloop
  endfacet
  facet normal -0.0504523 -0.0841715 0.995173
    outer loop
      vertex -0.129487 -0.193791 4.74428
      vertex -0.387216 -0.579509 4.69859
      vertex -0.109869 -0.20555 4.74428
    endloop
  endfacet
  facet normal 0.307679 -0.2282 0.92372
    outer loop
      vertex 1.33054 -0.889038 4.47233
      vertex 1.23699 -1.01517 4.47233
      vertex 1.68862 -1.1283 4.29395
    endloop
  endfacet
  facet normal 0.328573 -0.196929 0.92372
    outer loop
      vertex 1.41127 -0.754341 4.47233
      vertex 1.33054 -0.889038 4.47233
      vertex 1.68862 -1.1283 4.29395
    endloop
  endfacet
  facet normal 0.257251 -0.28384 0.923719
    outer loop
      vertex 1.13153 -1.13153 4.47233
      vertex 1.01517 -1.23699 4.47233
      vertex 1.43605 -1.43605 4.29395
    endloop
  endfacet
  facet normal 0.233427 -0.173121 0.956839
    outer loop
      vertex 0.959645 -0.641214 4.60765
      vertex 0.892174 -0.732188 4.60765
      vertex 1.23699 -1.01517 4.47233
    endloop
  endfacet
  facet normal 0.28384 -0.257251 0.923719
    outer loop
      vertex 1.23699 -1.01517 4.47233
      vertex 1.13153 -1.13153 4.47233
      vertex 1.43605 -1.43605 4.29395
    endloop
  endfacet
  facet normal 0.1638 -0.346288 0.923718
    outer loop
      vertex 0.754341 -1.41127 4.47233
      vertex 0.61238 -1.47842 4.47233
      vertex 0.777186 -1.87629 4.29395
    endloop
  endfacet
  facet normal 0.163778 -0.34629 0.923721
    outer loop
      vertex 0.957353 -1.79108 4.29395
      vertex 0.754341 -1.41127 4.47233
      vertex 0.777186 -1.87629 4.29395
    endloop
  endfacet
  facet normal -0.201739 -0.426538 0.881684
    outer loop
      vertex -0.777186 -1.87629 4.29395
      vertex -1.15114 -2.15364 4.07421
      vertex -0.934508 -2.2561 4.07421
    endloop
  endfacet
  facet normal -0.0930656 -0.371588 0.923721
    outer loop
      vertex -0.46452 -1.53132 4.47233
      vertex -0.589535 -1.94344 4.29395
      vertex -0.396206 -1.99186 4.29395
    endloop
  endfacet
  facet normal -0.196933 -0.328568 0.923721
    outer loop
      vertex -0.754341 -1.41127 4.47233
      vertex -1.1283 -1.68862 4.29395
      vertex -0.957353 -1.79108 4.29395
    endloop
  endfacet
  facet normal -0.2282 -0.307679 0.92372
    outer loop
      vertex -1.01517 -1.23699 4.47233
      vertex -1.1283 -1.68862 4.29395
      vertex -0.889038 -1.33054 4.47233
    endloop
  endfacet
  facet normal -0.193202 -0.0286559 0.98074
    outer loop
      vertex -0.693613 -0.0683146 4.69859
      vertex -1.1486 -0.113127 4.60765
      vertex -0.683578 -0.135972 4.69859
    endloop
  endfacet
  facet normal -0.287473 -0.0426448 0.956839
    outer loop
      vertex -1.1486 -0.113127 4.60765
      vertex -1.59252 -0.156849 4.47233
      vertex -1.13198 -0.225164 4.60765
    endloop
  endfacet
  facet normal -0.233422 -0.173125 0.95684
    outer loop
      vertex -0.959645 -0.641214 4.60765
      vertex -1.33054 -0.889038 4.47233
      vertex -1.23699 -1.01517 4.47233
    endloop
  endfacet
  facet normal -0.249274 -0.149401 0.95684
    outer loop
      vertex -0.959645 -0.641214 4.60765
      vertex -1.41127 -0.754341 4.47233
      vertex -1.33054 -0.889038 4.47233
    endloop
  endfacet
  facet normal -0.249274 -0.149399 0.95684
    outer loop
      vertex -1.01787 -0.544065 4.60765
      vertex -1.41127 -0.754341 4.47233
      vertex -0.959645 -0.641214 4.60765
    endloop
  endfacet
  facet normal -0.15688 -0.11635 0.98074
    outer loop
      vertex -0.579509 -0.387216 4.69859
      vertex -0.959645 -0.641214 4.60765
      vertex -0.892174 -0.732188 4.60765
    endloop
  endfacet
  facet normal -0.00958341 -0.195079 0.980741
    outer loop
      vertex 0 -0.696969 4.69859
      vertex -0.0683146 -0.693613 4.69859
      vertex 0 -1.15416 4.60765
    endloop
  endfacet
  facet normal -0.0048151 -0.0980161 0.995173
    outer loop
      vertex 0 -0.233071 4.74428
      vertex -0.0683146 -0.693613 4.69859
      vertex 0 -0.696969 4.69859
    endloop
  endfacet
  facet normal 0.0923974 -0.0330613 0.995173
    outer loop
      vertex 0.666958 -0.202319 4.69859
      vertex 0.215329 -0.0891924 4.74428
      vertex 0.643915 -0.266718 4.69859
    endloop
  endfacet
  facet normal -0.0419573 0.0887126 0.995173
    outer loop
      vertex -0.266718 0.643915 4.69859
      vertex -0.328548 0.614672 4.69859
      vertex -0.109869 0.20555 4.74428
    endloop
  endfacet
  facet normal -0.0419567 -0.0887128 0.995173
    outer loop
      vertex -0.109869 -0.20555 4.74428
      vertex -0.266718 -0.643915 4.69859
      vertex -0.0891924 -0.215329 4.74428
    endloop
  endfacet
  facet normal 0.00481408 -0.0980162 0.995173
    outer loop
      vertex 0.0228443 -0.231949 4.74428
      vertex 0 -0.233071 4.74428
      vertex 0.0683146 -0.693613 4.69859
    endloop
  endfacet
  facet normal -0.0426381 -0.287472 0.95684
    outer loop
      vertex -0.225164 -1.13198 4.60765
      vertex -0.312188 -1.56948 4.47233
      vertex -0.156849 -1.59252 4.47233
    endloop
  endfacet
  facet normal -0.0426448 -0.287473 0.956839
    outer loop
      vertex -0.113127 -1.1486 4.60765
      vertex -0.225164 -1.13198 4.60765
      vertex -0.156849 -1.59252 4.47233
    endloop
  endfacet
  facet normal -0.215334 -0.195167 0.956839
    outer loop
      vertex -0.892174 -0.732188 4.60765
      vertex -1.23699 -1.01517 4.47233
      vertex -0.816111 -0.816111 4.60765
    endloop
  endfacet
  facet normal -0.195164 -0.215336 0.956839
    outer loop
      vertex -0.816111 -0.816111 4.60765
      vertex -1.13153 -1.13153 4.47233
      vertex -1.01517 -1.23699 4.47233
    endloop
  endfacet
  facet normal -0.1638 -0.346288 0.923718
    outer loop
      vertex -0.754341 -1.41127 4.47233
      vertex -0.777186 -1.87629 4.29395
      vertex -0.61238 -1.47842 4.47233
    endloop
  endfacet
  facet normal -0.129043 -0.360685 0.923718
    outer loop
      vertex -0.61238 -1.47842 4.47233
      vertex -0.777186 -1.87629 4.29395
      vertex -0.46452 -1.53132 4.47233
    endloop
  endfacet
  facet normal -0.11635 -0.15688 0.98074
    outer loop
      vertex -0.387216 -0.579509 4.69859
      vertex -0.732188 -0.892174 4.60765
      vertex -0.641214 -0.959645 4.60765
    endloop
  endfacet
  facet normal -0.173121 -0.233427 0.956839
    outer loop
      vertex -0.732188 -0.892174 4.60765
      vertex -1.01517 -1.23699 4.47233
      vertex -0.641214 -0.959645 4.60765
    endloop
  endfacet
  facet normal 0.103819 -0.699881 0.706674
    outer loop
      vertex 0.622319 -3.12861 3.51952
      vertex 0.344973 -3.50257 3.1899
      vertex 0.686624 -3.45189 3.1899
    endloop
  endfacet
  facet normal 0.114648 -0.457694 0.881687
    outer loop
      vertex 0.708871 -2.33684 4.07421
      vertex 0.396206 -1.99186 4.29395
      vertex 0.476408 -2.39507 4.07421
    endloop
  endfacet
  facet normal 0.0311504 -0.634092 0.77263
    outer loop
      vertex 0 -2.82957 3.81524
      vertex 0 -3.1899 3.51952
      vertex 0.312665 -3.17454 3.51952
    endloop
  endfacet
  facet normal -0.0347166 -0.706684 0.706677
    outer loop
      vertex -0.312665 -3.17454 3.51952
      vertex -0.344973 -3.50257 3.1899
      vertex 0 -3.1899 3.51952
    endloop
  endfacet
  facet normal -0.328568 -0.196933 0.923721
    outer loop
      vertex -1.41127 -0.754341 4.47233
      vertex -1.79108 -0.957353 4.29395
      vertex -1.68862 -1.1283 4.29395
    endloop
  endfacet
  facet normal -0.444254 -0.158974 0.881683
    outer loop
      vertex -1.94344 -0.589535 4.29395
      vertex -2.33684 -0.708871 4.07421
      vertex -1.87629 -0.777186 4.29395
    endloop
  endfacet
  facet normal -0.70668 -0.0347222 0.70668
    outer loop
      vertex -3.1899 0 3.51952
      vertex -3.51952 0 3.1899
      vertex -3.50257 -0.344973 3.1899
    endloop
  endfacet
  facet normal -0.706684 -0.0347166 0.706677
    outer loop
      vertex -3.1899 0 3.51952
      vertex -3.50257 -0.344973 3.1899
      vertex -3.17454 -0.312665 3.51952
    endloop
  endfacet
  facet normal -0.471274 -0.0231546 0.881683
    outer loop
      vertex -2.03089 0 4.29395
      vertex -2.44199 0 4.07421
      vertex -2.43023 -0.239356 4.07421
    endloop
  endfacet
  facet normal -0.550004 0.0815967 0.831167
    outer loop
      vertex -2.7752 0.552022 3.81524
      vertex -2.81595 0.277346 3.81524
      vertex -2.43023 0.239356 4.07421
    endloop
  endfacet
  facet normal -0.627988 0.0931662 0.772626
    outer loop
      vertex -2.7752 0.552022 3.81524
      vertex -3.17454 0.312665 3.51952
      vertex -2.81595 0.277346 3.81524
    endloop
  endfacet
  facet normal -0.471274 0.0231546 0.881683
    outer loop
      vertex -2.43023 0.239356 4.07421
      vertex -2.44199 0 4.07421
      vertex -2.03089 0 4.29395
    endloop
  endfacet
  facet normal -0.382603 0.0187976 0.923721
    outer loop
      vertex -2.02111 0.199061 4.29395
      vertex -2.03089 0 4.29395
      vertex -1.59252 0.156849 4.47233
    endloop
  endfacet
  facet normal -0.466729 0.0692261 0.881687
    outer loop
      vertex -2.39507 0.476408 4.07421
      vertex -2.43023 0.239356 4.07421
      vertex -1.99186 0.396206 4.29395
    endloop
  endfacet
  facet normal -0.466735 -0.0692485 0.881682
    outer loop
      vertex -2.02111 -0.199061 4.29395
      vertex -2.43023 -0.239356 4.07421
      vertex -1.99186 -0.396206 4.29395
    endloop
  endfacet
  facet normal -0.378918 -0.0562192 0.923721
    outer loop
      vertex -1.59252 -0.156849 4.47233
      vertex -2.02111 -0.199061 4.29395
      vertex -1.99186 -0.396206 4.29395
    endloop
  endfacet
  facet normal -0.444254 -0.158968 0.881684
    outer loop
      vertex -1.87629 -0.777186 4.29395
      vertex -2.33684 -0.708871 4.07421
      vertex -2.2561 -0.934508 4.07421
    endloop
  endfacet
  facet normal -0.426538 -0.201739 0.881684
    outer loop
      vertex -1.87629 -0.777186 4.29395
      vertex -2.2561 -0.934508 4.07421
      vertex -2.15364 -1.15114 4.07421
    endloop
  endfacet
  facet normal -0.28191 -0.0706128 0.956839
    outer loop
      vertex -1.13198 -0.225164 4.60765
      vertex -1.53132 -0.46452 4.47233
      vertex -1.10446 -0.335033 4.60765
    endloop
  endfacet
  facet normal -0.37159 -0.0930853 0.923719
    outer loop
      vertex -1.56948 -0.312188 4.47233
      vertex -1.99186 -0.396206 4.29395
      vertex -1.53132 -0.46452 4.47233
    endloop
  endfacet
  facet normal -0.750206 0.187931 0.633934
    outer loop
      vertex -3.65095 1.1075 2.82957
      vertex -3.74193 0.744315 2.82957
      vertex -3.36797 1.02166 3.1899
    endloop
  endfacet
  facet normal -0.750202 0.187911 0.633945
    outer loop
      vertex -3.36797 1.02166 3.1899
      vertex -3.74193 0.744315 2.82957
      vertex -3.45189 0.686624 3.1899
    endloop
  endfacet
  facet normal -0.83059 0.297191 0.470953
    outer loop
      vertex -3.96709 1.64322 2.03089
      vertex -4.10905 1.24647 2.03089
      vertex -3.76408 1.55913 2.44199
    endloop
  endfacet
  facet normal -0.830591 0.297199 0.470948
    outer loop
      vertex -3.76408 1.55913 2.44199
      vertex -4.10905 1.24647 2.03089
      vertex -3.89878 1.18268 2.44199
    endloop
  endfacet
  facet normal -0.653634 0.592422 0.470956
    outer loop
      vertex -3.03628 3.03628 2.03089
      vertex -3.31927 2.72405 2.03089
      vertex -3.14941 2.58465 2.44199
    endloop
  endfacet
  facet normal -0.713432 0.427628 0.555112
    outer loop
      vertex -3.17225 2.11963 2.82957
      vertex -3.38758 2.26351 2.44199
      vertex -3.36474 1.79849 2.82957
    endloop
  endfacet
  facet normal -0.668341 0.737383 -0.0979072
    outer loop
      vertex -3.3224 3.3224 -0.696969
      vertex -3.35471 3.35471 -0.233071
      vertex -3.00974 3.66738 -0.233071
    endloop
  endfacet
  facet normal -0.803215 0.595689 0
    outer loop
      vertex -3.94472 2.63578 -0.233071
      vertex -3.66738 3.00974 0.233071
      vertex -3.66738 3.00974 -0.233071
    endloop
  endfacet
  facet normal -0.803215 0.595689 0
    outer loop
      vertex -3.66738 3.00974 0.233071
      vertex -3.94472 2.63578 -0.233071
      vertex -3.94472 2.63578 0.233071
    endloop
  endfacet
  facet normal -0.899647 0.425498 0.0979116
    outer loop
      vertex -4.18408 2.23644 0.233071
      vertex -4.38314 1.81556 0.233071
      vertex -4.14378 2.2149 0.696969
    endloop
  endfacet
  facet normal -0.737383 0.668341 -0.0979072
    outer loop
      vertex -3.3224 3.3224 -0.696969
      vertex -3.66738 3.00974 -0.233071
      vertex -3.35471 3.35471 -0.233071
    endloop
  endfacet
  facet normal -0.737384 0.66834 -0.0979086
    outer loop
      vertex -3.63206 2.98075 -0.696969
      vertex -3.66738 3.00974 -0.233071
      vertex -3.3224 3.3224 -0.696969
    endloop
  endfacet
  facet normal -0.855724 0.214349 -0.470946
    outer loop
      vertex -3.99593 0.794839 -2.44199
      vertex -4.21144 0.837708 -2.03089
      vertex -4.10905 1.24647 -2.03089
    endloop
  endfacet
  facet normal -0.855724 0.21435 -0.470947
    outer loop
      vertex -3.99593 0.794839 -2.44199
      vertex -4.10905 1.24647 -2.03089
      vertex -3.89878 1.18268 -2.44199
    endloop
  endfacet
  facet normal -0.872611 0.129425 -0.470956
    outer loop
      vertex -4.05459 0.399342 -2.44199
      vertex -4.27327 0.42088 -2.03089
      vertex -3.99593 0.794839 -2.44199
    endloop
  endfacet
  facet normal -0.881094 0.0432927 -0.470956
    outer loop
      vertex -4.05459 0.399342 -2.44199
      vertex -4.29395 0 -2.03089
      vertex -4.27327 0.42088 -2.03089
    endloop
  endfacet
  facet normal -0.886656 0.419366 -0.194866
    outer loop
      vertex -4.25691 1.76327 -1.15416
      vertex -4.34093 1.79807 -0.696969
      vertex -4.14378 2.2149 -0.696969
    endloop
  endfacet
  facet normal -0.88666 0.419361 -0.19486
    outer loop
      vertex -4.06358 2.17203 -1.15416
      vertex -4.25691 1.76327 -1.15416
      vertex -4.14378 2.2149 -0.696969
    endloop
  endfacet
  facet normal -0.684675 -0.620544 0.38229
    outer loop
      vertex -3.31927 -2.72405 2.03089
      vertex -3.45716 -2.83722 1.60023
      vertex -3.16242 -3.16242 1.60023
    endloop
  endfacet
  facet normal -0.550456 -0.742195 0.382289
    outer loop
      vertex -2.72405 -3.31927 2.03089
      vertex -2.83722 -3.45716 1.60023
      vertex -2.4847 -3.71861 1.60023
    endloop
  endfacet
  facet normal -0.642702 -0.709123 0.289963
    outer loop
      vertex -2.83722 -3.45716 1.60023
      vertex -3.16242 -3.16242 1.60023
      vertex -2.92306 -3.56176 1.15416
    endloop
  endfacet
  facet normal -0.620544 -0.684675 0.38229
    outer loop
      vertex -2.72405 -3.31927 2.03089
      vertex -3.16242 -3.16242 1.60023
      vertex -2.83722 -3.45716 1.60023
    endloop
  endfacet
  facet normal -0.592424 -0.653628 0.47096
    outer loop
      vertex -2.8809 -2.8809 2.44199
      vertex -3.03628 -3.03628 2.03089
      vertex -2.58465 -3.14941 2.44199
    endloop
  endfacet
  facet normal -0.558589 -0.616306 0.555108
    outer loop
      vertex -2.42036 -2.94922 2.82957
      vertex -2.69778 -2.69778 2.82957
      vertex -2.58465 -3.14941 2.44199
    endloop
  endfacet
  facet normal -0.330657 -0.699133 0.633939
    outer loop
      vertex -1.65909 -3.10394 3.1899
      vertex -1.79849 -3.36474 2.82957
      vertex -1.34686 -3.25161 3.1899
    endloop
  endfacet
  facet normal -0.330663 -0.699126 0.633944
    outer loop
      vertex -1.34686 -3.25161 3.1899
      vertex -1.79849 -3.36474 2.82957
      vertex -1.46003 -3.52482 2.82957
    endloop
  endfacet
  facet normal -0.756662 -0.453507 0.47095
    outer loop
      vertex -3.59313 -1.92057 2.44199
      vertex -3.78692 -2.02415 2.03089
      vertex -3.57029 -2.38559 2.03089
    endloop
  endfacet
  facet normal -0.792586 -0.475038 0.382291
    outer loop
      vertex -3.57029 -2.38559 2.03089
      vertex -3.78692 -2.02415 2.03089
      vertex -3.71861 -2.4847 1.60023
    endloop
  endfacet
  facet normal -0.799349 -0.592837 0.097908
    outer loop
      vertex -3.63206 -2.98075 0.696969
      vertex -3.90673 -2.6104 0.696969
      vertex -3.66738 -3.00974 0.233071
    endloop
  endfacet
  facet normal -0.799357 -0.592827 0.0978955
    outer loop
      vertex -3.90673 -2.6104 0.696969
      vertex -3.94472 -2.63578 0.233071
      vertex -3.66738 -3.00974 0.233071
    endloop
  endfacet
  facet normal 0.27143 -0.573908 0.772629
    outer loop
      vertex 1.33385 -2.49546 3.81524
      vertex 1.08283 -2.61418 3.81524
      vertex 1.50371 -2.81324 3.51952
    endloop
  endfacet
  facet normal 0.326383 -0.544535 0.772629
    outer loop
      vertex 1.57203 -2.3527 3.81524
      vertex 1.33385 -2.49546 3.81524
      vertex 1.50371 -2.81324 3.51952
    endloop
  endfacet
  facet normal 0.0815967 -0.550004 0.831167
    outer loop
      vertex 0.552022 -2.7752 3.81524
      vertex 0.239356 -2.43023 4.07421
      vertex 0.277346 -2.81595 3.81524
    endloop
  endfacet
  facet normal 0.237731 -0.502637 0.831167
    outer loop
      vertex 1.15114 -2.15364 4.07421
      vertex 0.934508 -2.2561 4.07421
      vertex 1.33385 -2.49546 3.81524
    endloop
  endfacet
  facet normal -0.404717 -0.242562 0.881685
    outer loop
      vertex -1.68862 -1.1283 4.29395
      vertex -2.15364 -1.15114 4.07421
      vertex -2.03044 -1.3567 4.07421
    endloop
  endfacet
  facet normal -0.476931 -0.285843 0.831163
    outer loop
      vertex -2.15364 -1.15114 4.07421
      vertex -2.3527 -1.57203 3.81524
      vertex -2.03044 -1.3567 4.07421
    endloop
  endfacet
  facet normal -0.524251 -0.47516 0.706671
    outer loop
      vertex -2.46583 -2.02365 3.51952
      vertex -2.48867 -2.48867 3.1899
      vertex -2.2556 -2.2556 3.51952
    endloop
  endfacet
  facet normal -0.397606 -0.663348 0.633939
    outer loop
      vertex -1.65909 -3.10394 3.1899
      vertex -1.95534 -2.92637 3.1899
      vertex -1.79849 -3.36474 2.82957
    endloop
  endfacet
  facet normal -0.11348 -0.765007 0.633945
    outer loop
      vertex -0.686624 -3.45189 3.1899
      vertex -0.744315 -3.74193 2.82957
      vertex -0.344973 -3.50257 3.1899
    endloop
  endfacet
  facet normal -0.103819 -0.699881 0.706674
    outer loop
      vertex -0.622319 -3.12861 3.51952
      vertex -0.686624 -3.45189 3.1899
      vertex -0.344973 -3.50257 3.1899
    endloop
  endfacet
  facet normal -0.260533 -0.728183 0.633934
    outer loop
      vertex -1.02166 -3.36797 3.1899
      vertex -1.46003 -3.52482 2.82957
      vertex -1.1075 -3.65095 2.82957
    endloop
  endfacet
  facet normal -0.260547 -0.728169 0.633944
    outer loop
      vertex -1.34686 -3.25161 3.1899
      vertex -1.46003 -3.52482 2.82957
      vertex -1.02166 -3.36797 3.1899
    endloop
  endfacet
  facet normal -0.326383 -0.544535 0.772629
    outer loop
      vertex -1.33385 -2.49546 3.81524
      vertex -1.57203 -2.3527 3.81524
      vertex -1.50371 -2.81324 3.51952
    endloop
  endfacet
  facet normal -0.397608 -0.663348 0.633938
    outer loop
      vertex -1.95534 -2.92637 3.1899
      vertex -2.11963 -3.17225 2.82957
      vertex -1.79849 -3.36474 2.82957
    endloop
  endfacet
  facet normal -0.326365 -0.544537 0.772635
    outer loop
      vertex -1.57203 -2.3527 3.81524
      vertex -1.77222 -2.65231 3.51952
      vertex -1.50371 -2.81324 3.51952
    endloop
  endfacet
  facet normal -0.475162 -0.524246 0.706673
    outer loop
      vertex -2.02365 -2.46583 3.51952
      vertex -2.48867 -2.48867 3.1899
      vertex -2.23276 -2.72062 3.1899
    endloop
  endfacet
  facet normal -0.316853 -0.349615 0.881688
    outer loop
      vertex -1.43605 -1.43605 4.29395
      vertex -1.72675 -1.72675 4.07421
      vertex -1.54918 -1.88768 4.07421
    endloop
  endfacet
  facet normal -0.470401 -0.426344 0.772628
    outer loop
      vertex -2.18729 -1.79506 3.81524
      vertex -2.2556 -2.2556 3.51952
      vertex -2.00081 -2.00081 3.81524
    endloop
  endfacet
  facet normal -0.453507 -0.756662 0.47095
    outer loop
      vertex -1.92057 -3.59313 2.44199
      vertex -2.38559 -3.57029 2.03089
      vertex -2.02415 -3.78692 2.03089
    endloop
  endfacet
  facet normal -0.475038 -0.792586 0.382291
    outer loop
      vertex -2.38559 -3.57029 2.03089
      vertex -2.4847 -3.71861 1.60023
      vertex -2.02415 -3.78692 2.03089
    endloop
  endfacet
  facet normal -0.202105 -0.806842 0.555121
    outer loop
      vertex -1.1075 -3.65095 2.82957
      vertex -1.18268 -3.89878 2.44199
      vertex -0.794839 -3.99593 2.44199
    endloop
  endfacet
  facet normal -0.377174 -0.79746 0.470953
    outer loop
      vertex -1.55913 -3.76408 2.44199
      vertex -1.92057 -3.59313 2.44199
      vertex -1.64322 -3.96709 2.03089
    endloop
  endfacet
  facet normal -0.653628 -0.592424 -0.47096
    outer loop
      vertex -3.03628 -3.03628 -2.03089
      vertex -3.14941 -2.58465 -2.44199
      vertex -2.8809 -2.8809 -2.44199
    endloop
  endfacet
  facet normal -0.653634 -0.592422 -0.470956
    outer loop
      vertex -3.03628 -3.03628 -2.03089
      vertex -3.31927 -2.72405 -2.03089
      vertex -3.14941 -2.58465 -2.44199
    endloop
  endfacet
  facet normal -0.627979 0.0931377 -0.772637
    outer loop
      vertex -2.96408 0.438812 -3.67537
      vertex -2.98555 0.294051 -3.67537
      vertex -3.17454 0.312665 -3.51952
    endloop
  endfacet
  facet normal -0.421483 -0.5683 -0.706673
    outer loop
      vertex -1.95534 -2.92637 -3.1899
      vertex -2.23276 -2.72062 -3.1899
      vertex -2.02365 -2.46583 -3.51952
    endloop
  endfacet
  facet normal -0.460702 -0.621181 -0.633946
    outer loop
      vertex -1.95534 -2.92637 -3.1899
      vertex -2.42036 -2.94922 -2.82957
      vertex -2.23276 -2.72062 -3.1899
    endloop
  endfacet
  facet normal -0.213866 -0.597741 -0.772636
    outer loop
      vertex -1.22072 -2.94709 -3.51952
      vertex -1.14805 -2.77164 -3.67537
      vertex -1.01026 -2.82094 -3.67537
    endloop
  endfacet
  facet normal -0.544536 0.326366 -0.772635
    outer loop
      vertex -2.64576 1.41419 -3.67537
      vertex -2.81324 1.50371 -3.51952
      vertex -2.57053 1.53971 -3.67537
    endloop
  endfacet
  facet normal -0.597741 -0.213866 -0.772636
    outer loop
      vertex -2.77164 -1.14805 -3.67537
      vertex -2.94709 -1.22072 -3.51952
      vertex -2.82094 -1.01026 -3.67537
    endloop
  endfacet
  facet normal -0.639605 -0.302503 -0.706681
    outer loop
      vertex -3.10394 -1.65909 -3.1899
      vertex -3.25161 -1.34686 -3.1899
      vertex -2.81324 -1.50371 -3.51952
    endloop
  endfacet
  facet normal -0.699126 -0.330663 -0.633944
    outer loop
      vertex -3.36474 -1.79849 -2.82957
      vertex -3.52482 -1.46003 -2.82957
      vertex -3.25161 -1.34686 -3.1899
    endloop
  endfacet
  facet normal -0.280204 -0.783163 -0.555105
    outer loop
      vertex -1.1075 -3.65095 -2.82957
      vertex -1.55913 -3.76408 -2.44199
      vertex -1.46003 -3.52482 -2.82957
    endloop
  endfacet
  facet normal -0.280222 -0.783145 -0.555121
    outer loop
      vertex -1.18268 -3.89878 -2.44199
      vertex -1.55913 -3.76408 -2.44199
      vertex -1.1075 -3.65095 -2.82957
    endloop
  endfacet
  facet normal -0.425498 -0.899647 0.0979116
    outer loop
      vertex -2.2149 -4.14378 0.696969
      vertex -2.23644 -4.18408 0.233071
      vertex -1.81556 -4.38314 0.233071
    endloop
  endfacet
  facet normal -0.14672 -0.989178 0
    outer loop
      vertex -0.925562 -4.65312 -0.233071
      vertex -0.46502 -4.72143 0.233071
      vertex -0.925562 -4.65312 0.233071
    endloop
  endfacet
  facet normal -0.14672 -0.989178 -0
    outer loop
      vertex -0.46502 -4.72143 0.233071
      vertex -0.925562 -4.65312 -0.233071
      vertex -0.46502 -4.72143 -0.233071
    endloop
  endfacet
  facet normal -0.330427 -0.923496 0.194866
    outer loop
      vertex -1.76327 -4.25691 1.15416
      vertex -1.79807 -4.34093 0.696969
      vertex -1.33753 -4.40924 1.15416
    endloop
  endfacet
  facet normal -0.419366 -0.886656 0.194866
    outer loop
      vertex -1.76327 -4.25691 1.15416
      vertex -2.2149 -4.14378 0.696969
      vertex -1.79807 -4.34093 0.696969
    endloop
  endfacet
  facet normal -0.143903 -0.970214 0.194877
    outer loop
      vertex -0.898907 -4.51911 1.15416
      vertex -0.916649 -4.60831 0.696969
      vertex -0.460542 -4.67596 0.696969
    endloop
  endfacet
  facet normal -0.0408169 -0.830779 -0.555103
    outer loop
      vertex 0 -4.07421 -2.44199
      vertex -0.399342 -4.05459 -2.44199
      vertex 0 -3.81524 -2.82957
    endloop
  endfacet
  facet normal 0.0408169 -0.830779 -0.555103
    outer loop
      vertex 0.399342 -4.05459 -2.44199
      vertex 0 -4.07421 -2.44199
      vertex 0 -3.81524 -2.82957
    endloop
  endfacet
  facet normal -0.0453289 -0.922927 -0.382297
    outer loop
      vertex 0 -4.47233 -1.60023
      vertex -0.438365 -4.4508 -1.60023
      vertex -0.42088 -4.27327 -2.03089
    endloop
  endfacet
  facet normal -0.135586 -0.914038 -0.382297
    outer loop
      vertex -0.438365 -4.4508 -1.60023
      vertex -0.872509 -4.3864 -1.60023
      vertex -0.42088 -4.27327 -2.03089
    endloop
  endfacet
  facet normal -0.504244 -0.841289 -0.19486
    outer loop
      vertex -2.2149 -4.14378 -0.696969
      vertex -2.55987 -3.83112 -1.15416
      vertex -2.17203 -4.06358 -1.15416
    endloop
  endfacet
  facet normal -0.419361 -0.88666 -0.19486
    outer loop
      vertex -1.76327 -4.25691 -1.15416
      vertex -2.2149 -4.14378 -0.696969
      vertex -2.17203 -4.06358 -1.15416
    endloop
  endfacet
  facet normal 0.103811 -0.699879 -0.706678
    outer loop
      vertex 0.344973 -3.50257 -3.1899
      vertex 0.312665 -3.17454 -3.51952
      vertex 0.622319 -3.12861 -3.51952
    endloop
  endfacet
  facet normal 0.154272 -0.615813 -0.772642
    outer loop
      vertex 0.92598 -3.05255 -3.51952
      vertex 0.72723 -2.9068 -3.67537
      vertex 0.870853 -2.87082 -3.67537
    endloop
  endfacet
  facet normal 0.154251 -0.61583 -0.772632
    outer loop
      vertex 0.72723 -2.9068 -3.67537
      vertex 0.92598 -3.05255 -3.51952
      vertex 0.622319 -3.12861 -3.51952
    endloop
  endfacet
  facet normal 0.213873 -0.597734 -0.77264
    outer loop
      vertex 0.92598 -3.05255 -3.51952
      vertex 1.01026 -2.82094 -3.67537
      vertex 1.22072 -2.94709 -3.51952
    endloop
  endfacet
  facet normal 0.21387 -0.597734 -0.772641
    outer loop
      vertex 0.92598 -3.05255 -3.51952
      vertex 0.870853 -2.87082 -3.67537
      vertex 1.01026 -2.82094 -3.67537
    endloop
  endfacet
  facet normal 0.154263 -0.615833 -0.772627
    outer loop
      vertex 0.622319 -3.12861 -3.51952
      vertex 0.585271 -2.94236 -3.67537
      vertex 0.72723 -2.9068 -3.67537
    endloop
  endfacet
  facet normal 0.0931318 -0.627992 -0.772627
    outer loop
      vertex 0.622319 -3.12861 -3.51952
      vertex 0.438812 -2.96408 -3.67537
      vertex 0.585271 -2.94236 -3.67537
    endloop
  endfacet
  facet normal 0.0931466 -0.627982 -0.772633
    outer loop
      vertex 0.438812 -2.96408 -3.67537
      vertex 0.622319 -3.12861 -3.51952
      vertex 0.312665 -3.17454 -3.51952
    endloop
  endfacet
  facet normal 0.335269 -0.937023 0.0978929
    outer loop
      vertex 1.81556 -4.38314 0.233071
      vertex 1.36393 -4.49627 0.696969
      vertex 1.37719 -4.53999 0.233071
    endloop
  endfacet
  facet normal 0.335276 -0.93702 0.0978999
    outer loop
      vertex 1.79807 -4.34093 0.696969
      vertex 1.36393 -4.49627 0.696969
      vertex 1.81556 -4.38314 0.233071
    endloop
  endfacet
  facet normal 0.143903 0.970214 -0.194877
    outer loop
      vertex 0.898907 4.51911 -1.15416
      vertex 0.460542 4.67596 -0.696969
      vertex 0.916649 4.60831 -0.696969
    endloop
  endfacet
  facet normal 0.143923 0.970215 -0.194858
    outer loop
      vertex 0.898907 4.51911 -1.15416
      vertex 0.451628 4.58546 -1.15416
      vertex 0.460542 4.67596 -0.696969
    endloop
  endfacet
  facet normal -0.129425 0.872611 -0.470956
    outer loop
      vertex -0.399342 4.05459 -2.44199
      vertex -0.794839 3.99593 -2.44199
      vertex -0.42088 4.27327 -2.03089
    endloop
  endfacet
  facet normal -0.214349 0.855724 -0.470946
    outer loop
      vertex -0.794839 3.99593 -2.44199
      vertex -1.24647 4.10905 -2.03089
      vertex -0.837708 4.21144 -2.03089
    endloop
  endfacet
  facet normal 0.47516 -0.524251 -0.706671
    outer loop
      vertex 2.48867 -2.48867 -3.1899
      vertex 2.02365 -2.46583 -3.51952
      vertex 2.2556 -2.2556 -3.51952
    endloop
  endfacet
  facet normal 0.475162 -0.524246 -0.706673
    outer loop
      vertex 2.23276 -2.72062 -3.1899
      vertex 2.02365 -2.46583 -3.51952
      vertex 2.48867 -2.48867 -3.1899
    endloop
  endfacet
  facet normal 0.50991 -0.378189 -0.772636
    outer loop
      vertex 2.46583 -2.02365 -3.51952
      vertex 2.40723 -1.78426 -3.67537
      vertex 2.65231 -1.77222 -3.51952
    endloop
  endfacet
  facet normal 0.509911 -0.378188 -0.772635
    outer loop
      vertex 2.40723 -1.78426 -3.67537
      vertex 2.46583 -2.02365 -3.51952
      vertex 2.31903 -1.90318 -3.67537
    endloop
  endfacet
  facet normal 0.426355 -0.470387 -0.77263
    outer loop
      vertex 2.2556 -2.2556 -3.51952
      vertex 2.01289 -2.2196 -3.67537
      vertex 2.12132 -2.12132 -3.67537
    endloop
  endfacet
  facet normal 0.666181 -0.238364 -0.706672
    outer loop
      vertex 3.36797 -1.02166 -3.1899
      vertex 2.94709 -1.22072 -3.51952
      vertex 3.05255 -0.92598 -3.51952
    endloop
  endfacet
  facet normal 0.597734 -0.21387 -0.772641
    outer loop
      vertex 3.05255 -0.92598 -3.51952
      vertex 2.82094 -1.01026 -3.67537
      vertex 2.87082 -0.870853 -3.67537
    endloop
  endfacet
  facet normal 0.597734 -0.213873 -0.77264
    outer loop
      vertex 2.82094 -1.01026 -3.67537
      vertex 3.05255 -0.92598 -3.51952
      vertex 2.94709 -1.22072 -3.51952
    endloop
  endfacet
  facet normal 0.573891 -0.271442 -0.772637
    outer loop
      vertex 2.70833 -1.2819 -3.67537
      vertex 2.94709 -1.22072 -3.51952
      vertex 2.81324 -1.50371 -3.51952
    endloop
  endfacet
  facet normal 0.573891 -0.271446 -0.772636
    outer loop
      vertex 2.94709 -1.22072 -3.51952
      vertex 2.70833 -1.2819 -3.67537
      vertex 2.77164 -1.14805 -3.67537
    endloop
  endfacet
  facet normal 0.504244 -0.841289 -0.19486
    outer loop
      vertex 2.2149 -4.14378 -0.696969
      vertex 2.17203 -4.06358 -1.15416
      vertex 2.55987 -3.83112 -1.15416
    endloop
  endfacet
  facet normal 0.419361 -0.88666 -0.19486
    outer loop
      vertex 2.2149 -4.14378 -0.696969
      vertex 1.76327 -4.25691 -1.15416
      vertex 2.17203 -4.06358 -1.15416
    endloop
  endfacet
  facet normal -0.872611 -0.129425 -0.470956
    outer loop
      vertex -3.99593 -0.794839 -2.44199
      vertex -4.27327 -0.42088 -2.03089
      vertex -4.05459 -0.399342 -2.44199
    endloop
  endfacet
  facet normal -0.822773 -0.122034 -0.555114
    outer loop
      vertex -3.99593 -0.794839 -2.44199
      vertex -4.05459 -0.399342 -2.44199
      vertex -3.79686 -0.373958 -2.82957
    endloop
  endfacet
  facet normal -0.970196 -0.144 -0.194894
    outer loop
      vertex -4.51911 -0.898907 -1.15416
      vertex -4.53516 -0.88815 -1.08221
      vertex -4.53514 -0.854124 -1.10745
    endloop
  endfacet
  facet normal -0.970189 -0.144063 -0.194883
    outer loop
      vertex -4.53516 -0.88815 -1.08221
      vertex -4.51911 -0.898907 -1.15416
      vertex -4.53563 -0.902192 -1.06949
    endloop
  endfacet
  facet normal -0.955892 -0.046948 -0.289943
    outer loop
      vertex -4.4508 -0.438365 -1.60023
      vertex -4.52802 -0.222328 -1.38063
      vertex -4.47233 0 -1.60023
    endloop
  endfacet
  facet normal -0.955888 -0.0469331 -0.289956
    outer loop
      vertex -4.52802 -0.222328 -1.38063
      vertex -4.4508 -0.438365 -1.60023
      vertex -4.52781 -0.273126 -1.3731
    endloop
  endfacet
  facet normal -0.95589 -0.0469446 -0.289949
    outer loop
      vertex -4.52781 -0.273126 -1.3731
      vertex -4.4508 -0.438365 -1.60023
      vertex -4.53139 -0.406398 -1.33972
    endloop
  endfacet
  facet normal -0.955891 -0.046888 -0.289956
    outer loop
      vertex -4.53139 -0.406398 -1.33972
      vertex -4.4508 -0.438365 -1.60023
      vertex -4.53378 -0.446538 -1.32535
    endloop
  endfacet
  facet normal -0.765018 -0.113465 -0.633935
    outer loop
      vertex -3.74193 -0.744315 -2.82957
      vertex -3.79686 -0.373958 -2.82957
      vertex -3.50257 -0.344973 -3.1899
    endloop
  endfacet
  facet normal -0.772454 -0.037966 -0.633935
    outer loop
      vertex -3.79686 -0.373958 -2.82957
      vertex -3.81524 0 -2.82957
      vertex -3.50257 -0.344973 -3.1899
    endloop
  endfacet
  facet normal -0.728183 -0.260533 -0.633934
    outer loop
      vertex -3.52482 -1.46003 -2.82957
      vertex -3.65095 -1.1075 -2.82957
      vertex -3.36797 -1.02166 -3.1899
    endloop
  endfacet
  facet normal -0.783163 -0.280204 -0.555105
    outer loop
      vertex -3.52482 -1.46003 -2.82957
      vertex -3.76408 -1.55913 -2.44199
      vertex -3.65095 -1.1075 -2.82957
    endloop
  endfacet
  facet normal -0.870023 -0.3113 -0.382299
    outer loop
      vertex -3.96709 -1.64322 -2.03089
      vertex -4.1319 -1.71149 -1.60023
      vertex -4.10905 -1.24647 -2.03089
    endloop
  endfacet
  facet normal -0.742195 -0.550456 -0.382289
    outer loop
      vertex -3.45716 -2.83722 -1.60023
      vertex -3.71861 -2.4847 -1.60023
      vertex -3.31927 -2.72405 -2.03089
    endloop
  endfacet
  facet normal -0.928362 -0.232537 -0.289951
    outer loop
      vertex -4.27976 -1.29825 -1.60023
      vertex -4.40924 -1.33753 -1.15416
      vertex -4.3864 -0.872509 -1.60023
    endloop
  endfacet
  facet normal -0.768698 -0.570112 -0.289958
    outer loop
      vertex -3.45716 -2.83722 -1.60023
      vertex -3.83112 -2.55987 -1.15416
      vertex -3.71861 -2.4847 -1.60023
    endloop
  endfacet
  facet normal -0.83532 -0.395079 -0.3823
    outer loop
      vertex -3.94425 -2.10824 -1.60023
      vertex -4.1319 -1.71149 -1.60023
      vertex -3.96709 -1.64322 -2.03089
    endloop
  endfacet
  facet normal -0.88666 -0.419361 -0.19486
    outer loop
      vertex -4.14378 -2.2149 -0.696969
      vertex -4.25691 -1.76327 -1.15416
      vertex -4.06358 -2.17203 -1.15416
    endloop
  endfacet
  facet normal -0.923491 -0.330435 -0.194875
    outer loop
      vertex -4.34093 -1.79807 -0.696969
      vertex -4.49627 -1.36393 -0.696969
      vertex -4.40924 -1.33753 -1.15416
    endloop
  endfacet
  facet normal -0.886656 -0.419366 -0.194866
    outer loop
      vertex -4.14378 -2.2149 -0.696969
      vertex -4.34093 -1.79807 -0.696969
      vertex -4.25691 -1.76327 -1.15416
    endloop
  endfacet
  facet normal -0.970195 -0.143964 -0.194928
    outer loop
      vertex -4.51911 -0.898907 -1.15416
      vertex -4.53514 -0.854124 -1.10745
      vertex -4.5351 -0.791148 -1.15416
    endloop
  endfacet
  facet normal -0.946678 -0.140453 -0.289956
    outer loop
      vertex -4.4508 -0.438365 -1.60023
      vertex -4.53032 -0.535756 -1.29343
      vertex -4.53378 -0.446538 -1.32535
    endloop
  endfacet
  facet normal -0.946688 -0.140407 -0.289945
    outer loop
      vertex -4.4508 -0.438365 -1.60023
      vertex -4.52989 -0.659955 -1.23469
      vertex -4.53032 -0.535756 -1.29343
    endloop
  endfacet
  facet normal -0.946682 -0.140427 -0.289955
    outer loop
      vertex -4.51911 -0.898907 -1.15416
      vertex -4.52989 -0.659955 -1.23469
      vertex -4.4508 -0.438365 -1.60023
    endloop
  endfacet
  facet normal -0.946609 -0.140493 -0.29016
    outer loop
      vertex -4.52989 -0.659955 -1.23469
      vertex -4.51911 -0.898907 -1.15416
      vertex -4.53405 -0.777798 -1.16406
    endloop
  endfacet
  facet normal -0.946709 -0.140479 -0.289842
    outer loop
      vertex -4.53405 -0.777798 -1.16406
      vertex -4.51911 -0.898907 -1.15416
      vertex -4.5351 -0.791148 -1.15416
    endloop
  endfacet
  facet normal -0.765007 0.11348 -0.633945
    outer loop
      vertex -3.50257 0.344973 -3.1899
      vertex -3.74193 0.744315 -2.82957
      vertex -3.45189 0.686624 -3.1899
    endloop
  endfacet
  facet normal -0.750202 0.187911 -0.633945
    outer loop
      vertex -3.45189 0.686624 -3.1899
      vertex -3.74193 0.744315 -2.82957
      vertex -3.36797 1.02166 -3.1899
    endloop
  endfacet
  facet normal -0.378172 0.509913 -0.772641
    outer loop
      vertex -1.66671 2.49441 -3.67537
      vertex -1.78426 2.40723 -3.67537
      vertex -1.77222 2.65231 -3.51952
    endloop
  endfacet
  facet normal -0.326372 0.544525 -0.772641
    outer loop
      vertex -1.77222 2.65231 -3.51952
      vertex -1.53971 2.57053 -3.67537
      vertex -1.66671 2.49441 -3.67537
    endloop
  endfacet
  facet normal -0.326365 0.544536 -0.772636
    outer loop
      vertex -1.53971 2.57053 -3.67537
      vertex -1.77222 2.65231 -3.51952
      vertex -1.50371 2.81324 -3.51952
    endloop
  endfacet
  facet normal -0.558595 0.616304 -0.555105
    outer loop
      vertex -2.69778 2.69778 -2.82957
      vertex -2.8809 2.8809 -2.44199
      vertex -2.58465 3.14941 -2.44199
    endloop
  endfacet
  facet normal -0.558589 0.616306 -0.555108
    outer loop
      vertex -2.42036 2.94922 -2.82957
      vertex -2.69778 2.69778 -2.82957
      vertex -2.58465 3.14941 -2.44199
    endloop
  endfacet
  facet normal 0.460695 0.621194 -0.633938
    outer loop
      vertex 2.42036 2.94922 -2.82957
      vertex 1.95534 2.92637 -3.1899
      vertex 2.11963 3.17225 -2.82957
    endloop
  endfacet
  facet normal 0.397608 0.663348 -0.633938
    outer loop
      vertex 1.95534 2.92637 -3.1899
      vertex 1.79849 3.36474 -2.82957
      vertex 2.11963 3.17225 -2.82957
    endloop
  endfacet
  facet normal -0.330427 0.923496 0.194866
    outer loop
      vertex -1.33753 4.40924 1.15416
      vertex -1.79807 4.34093 0.696969
      vertex -1.76327 4.25691 1.15416
    endloop
  endfacet
  facet normal -0.419366 0.886656 0.194866
    outer loop
      vertex -1.79807 4.34093 0.696969
      vertex -2.2149 4.14378 0.696969
      vertex -1.76327 4.25691 1.15416
    endloop
  endfacet
  facet normal -0.740943 0.671568 0
    outer loop
      vertex -3.66738 3.00974 -0.233071
      vertex -3.35471 3.35471 0.233071
      vertex -3.35471 3.35471 -0.233071
    endloop
  endfacet
  facet normal -0.740943 0.671568 0
    outer loop
      vertex -3.35471 3.35471 0.233071
      vertex -3.66738 3.00974 -0.233071
      vertex -3.66738 3.00974 0.233071
    endloop
  endfacet
  facet normal -0.787811 0.58428 0.194864
    outer loop
      vertex -3.63206 2.98075 0.696969
      vertex -3.90673 2.6104 0.696969
      vertex -3.83112 2.55987 1.15416
    endloop
  endfacet
  facet normal -0.737383 0.668341 0.0979072
    outer loop
      vertex -3.35471 3.35471 0.233071
      vertex -3.66738 3.00974 0.233071
      vertex -3.3224 3.3224 0.696969
    endloop
  endfacet
  facet normal -0.668341 0.737383 0.0979072
    outer loop
      vertex -3.00974 3.66738 0.233071
      vertex -3.35471 3.35471 0.233071
      vertex -3.3224 3.3224 0.696969
    endloop
  endfacet
  facet normal -0.492013 0.820882 -0.289958
    outer loop
      vertex -2.10824 3.94425 -1.60023
      vertex -2.55987 3.83112 -1.15416
      vertex -2.17203 4.06358 -1.15416
    endloop
  endfacet
  facet normal -0.409189 0.865153 -0.289956
    outer loop
      vertex -2.10824 3.94425 -1.60023
      vertex -2.17203 4.06358 -1.15416
      vertex -1.71149 4.1319 -1.60023
    endloop
  endfacet
  facet normal -0.425508 0.899643 -0.097901
    outer loop
      vertex -1.79807 4.34093 -0.696969
      vertex -2.2149 4.14378 -0.696969
      vertex -1.81556 4.38314 -0.233071
    endloop
  endfacet
  facet normal -0.419366 0.886656 -0.194866
    outer loop
      vertex -1.76327 4.25691 -1.15416
      vertex -2.2149 4.14378 -0.696969
      vertex -1.79807 4.34093 -0.696969
    endloop
  endfacet
  facet normal -0.425498 0.899647 0.0979116
    outer loop
      vertex -1.81556 4.38314 0.233071
      vertex -2.23644 4.18408 0.233071
      vertex -2.2149 4.14378 0.696969
    endloop
  endfacet
  facet normal -0.143923 0.970215 0.194858
    outer loop
      vertex -0.460542 4.67596 0.696969
      vertex -0.898907 4.51911 1.15416
      vertex -0.451628 4.58546 1.15416
    endloop
  endfacet
  facet normal -0.140432 0.94668 0.28996
    outer loop
      vertex -0.451628 4.58546 1.15416
      vertex -0.898907 4.51911 1.15416
      vertex -0.438365 4.4508 1.60023
    endloop
  endfacet
  facet normal 0.0469656 0.955881 0.289976
    outer loop
      vertex 0 4.60765 1.15416
      vertex 0 4.47233 1.60023
      vertex 0.451628 4.58546 1.15416
    endloop
  endfacet
  facet normal -0.0469656 0.955881 0.289976
    outer loop
      vertex 0 4.60765 1.15416
      vertex -0.451628 4.58546 1.15416
      vertex 0 4.47233 1.60023
    endloop
  endfacet
  facet normal -0.492014 0.820881 0.289959
    outer loop
      vertex -2.10824 3.94425 1.60023
      vertex -2.55987 3.83112 1.15416
      vertex -2.4847 3.71861 1.60023
    endloop
  endfacet
  facet normal -0.504244 0.841289 0.19486
    outer loop
      vertex -2.2149 4.14378 0.696969
      vertex -2.55987 3.83112 1.15416
      vertex -2.17203 4.06358 1.15416
    endloop
  endfacet
  facet normal -0.550452 0.742196 0.382292
    outer loop
      vertex -2.4847 3.71861 1.60023
      vertex -2.72405 3.31927 2.03089
      vertex -2.38559 3.57029 2.03089
    endloop
  endfacet
  facet normal -0.668094 0.495485 0.555108
    outer loop
      vertex -3.14941 2.58465 2.44199
      vertex -3.38758 2.26351 2.44199
      vertex -2.94922 2.42036 2.82957
    endloop
  endfacet
  facet normal -0.224525 0.896348 0.382294
    outer loop
      vertex -0.872509 4.3864 1.60023
      vertex -1.24647 4.10905 2.03089
      vertex -0.837708 4.21144 2.03089
    endloop
  endfacet
  facet normal -0.224518 0.896348 0.382299
    outer loop
      vertex -0.872509 4.3864 1.60023
      vertex -1.29825 4.27976 1.60023
      vertex -1.24647 4.10905 2.03089
    endloop
  endfacet
  facet normal -0.297191 0.83059 0.470953
    outer loop
      vertex -1.24647 4.10905 2.03089
      vertex -1.64322 3.96709 2.03089
      vertex -1.55913 3.76408 2.44199
    endloop
  endfacet
  facet normal -0.42762 0.713443 0.555104
    outer loop
      vertex -1.92057 3.59313 2.44199
      vertex -2.26351 3.38758 2.44199
      vertex -1.79849 3.36474 2.82957
    endloop
  endfacet
  facet normal -0.285853 0.476916 0.831168
    outer loop
      vertex -1.33385 2.49546 3.81524
      vertex -1.57203 2.3527 3.81524
      vertex -1.15114 2.15364 4.07421
    endloop
  endfacet
  facet normal -0.302524 0.639605 0.706671
    outer loop
      vertex -1.34686 3.25161 3.1899
      vertex -1.50371 2.81324 3.51952
      vertex -1.22072 2.94709 3.51952
    endloop
  endfacet
  facet normal -0.113465 0.765018 0.633935
    outer loop
      vertex -0.373958 3.79686 2.82957
      vertex -0.744315 3.74193 2.82957
      vertex -0.344973 3.50257 3.1899
    endloop
  endfacet
  facet normal -0.122031 0.822775 0.555112
    outer loop
      vertex -0.373958 3.79686 2.82957
      vertex -0.794839 3.99593 2.44199
      vertex -0.744315 3.74193 2.82957
    endloop
  endfacet
  facet normal -0.0432927 0.881094 0.470956
    outer loop
      vertex 0 4.29395 2.03089
      vertex -0.42088 4.27327 2.03089
      vertex -0.399342 4.05459 2.44199
    endloop
  endfacet
  facet normal -0.129425 0.872611 0.470956
    outer loop
      vertex -0.42088 4.27327 2.03089
      vertex -0.794839 3.99593 2.44199
      vertex -0.399342 4.05459 2.44199
    endloop
  endfacet
  facet normal -0.0347166 0.706684 0.706677
    outer loop
      vertex 0 3.1899 3.51952
      vertex -0.344973 3.50257 3.1899
      vertex -0.312665 3.17454 3.51952
    endloop
  endfacet
  facet normal -0.154255 0.615827 0.772633
    outer loop
      vertex -0.622319 3.12861 3.51952
      vertex -0.821381 2.70773 3.81524
      vertex -0.552022 2.7752 3.81524
    endloop
  endfacet
  facet normal 0.444254 -0.158974 0.881683
    outer loop
      vertex 1.94344 -0.589535 4.29395
      vertex 1.87629 -0.777186 4.29395
      vertex 2.33684 -0.708871 4.07421
    endloop
  endfacet
  facet normal 0.444254 -0.158968 0.881684
    outer loop
      vertex 2.33684 -0.708871 4.07421
      vertex 1.87629 -0.777186 4.29395
      vertex 2.2561 -0.934508 4.07421
    endloop
  endfacet
  facet normal 0.238367 -0.666181 0.706671
    outer loop
      vertex 1.22072 -2.94709 3.51952
      vertex 1.02166 -3.36797 3.1899
      vertex 1.34686 -3.25161 3.1899
    endloop
  endfacet
  facet normal 0.260547 -0.728169 0.633944
    outer loop
      vertex 1.34686 -3.25161 3.1899
      vertex 1.02166 -3.36797 3.1899
      vertex 1.46003 -3.52482 2.82957
    endloop
  endfacet
  facet normal 0.615827 -0.154255 0.772633
    outer loop
      vertex 2.7752 -0.552022 3.81524
      vertex 2.70773 -0.821381 3.81524
      vertex 3.12861 -0.622319 3.51952
    endloop
  endfacet
  facet normal 0.539367 -0.135102 0.831162
    outer loop
      vertex 2.7752 -0.552022 3.81524
      vertex 2.33684 -0.708871 4.07421
      vertex 2.70773 -0.821381 3.81524
    endloop
  endfacet
  facet normal 0.287473 0.0426448 0.956839
    outer loop
      vertex 1.59252 0.156849 4.47233
      vertex 1.13198 0.225164 4.60765
      vertex 1.1486 0.113127 4.60765
    endloop
  endfacet
  facet normal 0.193202 0.0286604 0.98074
    outer loop
      vertex 1.13198 0.225164 4.60765
      vertex 0.683578 0.135972 4.69859
      vertex 1.1486 0.113127 4.60765
    endloop
  endfacet
  facet normal 0.0474604 -0.189462 0.98074
    outer loop
      vertex 0.202319 -0.666958 4.69859
      vertex 0.135972 -0.683578 4.69859
      vertex 0.335033 -1.10446 4.60765
    endloop
  endfacet
  facet normal 0.287472 -0.0426381 0.95684
    outer loop
      vertex 1.59252 -0.156849 4.47233
      vertex 1.13198 -0.225164 4.60765
      vertex 1.56948 -0.312188 4.47233
    endloop
  endfacet
  facet normal 0.281906 -0.0706191 0.95684
    outer loop
      vertex 1.56948 -0.312188 4.47233
      vertex 1.13198 -0.225164 4.60765
      vertex 1.53132 -0.46452 4.47233
    endloop
  endfacet
  facet normal 0.555354 0.0272725 0.831167
    outer loop
      vertex 2.81595 0.277346 3.81524
      vertex 2.43023 0.239356 4.07421
      vertex 2.82957 0 3.81524
    endloop
  endfacet
  facet normal 0.550004 0.0815967 0.831167
    outer loop
      vertex 2.7752 0.552022 3.81524
      vertex 2.43023 0.239356 4.07421
      vertex 2.81595 0.277346 3.81524
    endloop
  endfacet
  facet normal 0.28191 -0.0706128 0.956839
    outer loop
      vertex 1.13198 -0.225164 4.60765
      vertex 1.10446 -0.335033 4.60765
      vertex 1.53132 -0.46452 4.47233
    endloop
  endfacet
  facet normal 0.0841733 -0.0504498 0.995173
    outer loop
      vertex 0.614672 -0.328548 4.69859
      vertex 0.20555 -0.109869 4.74428
      vertex 0.579509 -0.387216 4.69859
    endloop
  endfacet
  facet normal 0.426543 0.201734 0.881683
    outer loop
      vertex 2.15364 1.15114 4.07421
      vertex 1.79108 0.957353 4.29395
      vertex 1.87629 0.777186 4.29395
    endloop
  endfacet
  facet normal 0.426538 0.201739 0.881684
    outer loop
      vertex 2.15364 1.15114 4.07421
      vertex 1.87629 0.777186 4.29395
      vertex 2.2561 0.934508 4.07421
    endloop
  endfacet
  facet normal 0.349615 0.316853 0.881688
    outer loop
      vertex 1.72675 1.72675 4.07421
      vertex 1.43605 1.43605 4.29395
      vertex 1.88768 1.54918 4.07421
    endloop
  endfacet
  facet normal 0.470401 0.426344 0.772628
    outer loop
      vertex 2.2556 2.2556 3.51952
      vertex 2.00081 2.00081 3.81524
      vertex 2.18729 1.79506 3.81524
    endloop
  endfacet
  facet normal 0.316853 0.349615 0.881688
    outer loop
      vertex 1.54918 1.88768 4.07421
      vertex 1.43605 1.43605 4.29395
      vertex 1.72675 1.72675 4.07421
    endloop
  endfacet
  facet normal 0.373389 0.411997 0.831167
    outer loop
      vertex 1.79506 2.18729 3.81524
      vertex 1.54918 1.88768 4.07421
      vertex 1.72675 1.72675 4.07421
    endloop
  endfacet
  facet normal 0.189463 0.0474568 0.98074
    outer loop
      vertex 1.10446 0.335033 4.60765
      vertex 0.683578 0.135972 4.69859
      vertex 1.13198 0.225164 4.60765
    endloop
  endfacet
  facet normal 0.189462 0.0474604 0.98074
    outer loop
      vertex 1.10446 0.335033 4.60765
      vertex 0.666958 0.202319 4.69859
      vertex 0.683578 0.135972 4.69859
    endloop
  endfacet
  facet normal 0.228187 0.307683 0.923722
    outer loop
      vertex 1.1283 1.68862 4.29395
      vertex 1.01517 1.23699 4.47233
      vertex 1.28838 1.5699 4.29395
    endloop
  endfacet
  facet normal 0.281073 0.378994 0.881681
    outer loop
      vertex 1.54918 1.88768 4.07421
      vertex 1.1283 1.68862 4.29395
      vertex 1.28838 1.5699 4.29395
    endloop
  endfacet
  facet normal -0.0142662 0.290268 0.956839
    outer loop
      vertex 0 1.15416 4.60765
      vertex -0.156849 1.59252 4.47233
      vertex -0.113127 1.1486 4.60765
    endloop
  endfacet
  facet normal -0.11635 0.15688 0.98074
    outer loop
      vertex -0.641214 0.959645 4.60765
      vertex -0.732188 0.892174 4.60765
      vertex -0.387216 0.579509 4.69859
    endloop
  endfacet
  facet normal 0.1638 0.346288 0.923718
    outer loop
      vertex 0.777186 1.87629 4.29395
      vertex 0.61238 1.47842 4.47233
      vertex 0.754341 1.41127 4.47233
    endloop
  endfacet
  facet normal 0.0978979 0.273633 0.956839
    outer loop
      vertex 0.46452 1.53132 4.47233
      vertex 0.335033 1.10446 4.60765
      vertex 0.61238 1.47842 4.47233
    endloop
  endfacet
  facet normal 0.257251 0.28384 0.923719
    outer loop
      vertex 1.43605 1.43605 4.29395
      vertex 1.01517 1.23699 4.47233
      vertex 1.13153 1.13153 4.47233
    endloop
  endfacet
  facet normal 0.195164 0.215336 0.956839
    outer loop
      vertex 1.01517 1.23699 4.47233
      vertex 0.816111 0.816111 4.60765
      vertex 1.13153 1.13153 4.47233
    endloop
  endfacet
  facet normal 0.0426381 0.287472 0.95684
    outer loop
      vertex 0.312188 1.56948 4.47233
      vertex 0.156849 1.59252 4.47233
      vertex 0.225164 1.13198 4.60765
    endloop
  endfacet
  facet normal 0.158974 0.444254 0.881683
    outer loop
      vertex 0.708871 2.33684 4.07421
      vertex 0.589535 1.94344 4.29395
      vertex 0.777186 1.87629 4.29395
    endloop
  endfacet
  facet normal 0.0706191 0.281906 0.95684
    outer loop
      vertex 0.312188 1.56948 4.47233
      vertex 0.225164 1.13198 4.60765
      vertex 0.46452 1.53132 4.47233
    endloop
  endfacet
  facet normal 0.0187976 0.382603 0.923721
    outer loop
      vertex 0.199061 2.02111 4.29395
      vertex 0 2.03089 4.29395
      vertex 0.156849 1.59252 4.47233
    endloop
  endfacet
  facet normal 0.163778 0.34629 0.923721
    outer loop
      vertex 0.777186 1.87629 4.29395
      vertex 0.754341 1.41127 4.47233
      vertex 0.957353 1.79108 4.29395
    endloop
  endfacet
  facet normal 0.201734 0.426543 0.881683
    outer loop
      vertex 1.15114 2.15364 4.07421
      vertex 0.777186 1.87629 4.29395
      vertex 0.957353 1.79108 4.29395
    endloop
  endfacet
  facet normal 0.237731 0.502637 0.831167
    outer loop
      vertex 1.33385 2.49546 3.81524
      vertex 0.934508 2.2561 4.07421
      vertex 1.15114 2.15364 4.07421
    endloop
  endfacet
  facet normal 0.237726 0.502644 0.831165
    outer loop
      vertex 1.08283 2.61418 3.81524
      vertex 0.934508 2.2561 4.07421
      vertex 1.33385 2.49546 3.81524
    endloop
  endfacet
  facet normal 0.421483 0.5683 0.706673
    outer loop
      vertex 2.23276 2.72062 3.1899
      vertex 1.95534 2.92637 3.1899
      vertex 2.02365 2.46583 3.51952
    endloop
  endfacet
  facet normal 0.460702 0.621181 0.633946
    outer loop
      vertex 2.42036 2.94922 2.82957
      vertex 1.95534 2.92637 3.1899
      vertex 2.23276 2.72062 3.1899
    endloop
  endfacet
  facet normal 0.666181 0.238367 0.706671
    outer loop
      vertex 3.25161 1.34686 3.1899
      vertex 2.94709 1.22072 3.51952
      vertex 3.36797 1.02166 3.1899
    endloop
  endfacet
  facet normal 0.639605 0.302524 0.706671
    outer loop
      vertex 3.25161 1.34686 3.1899
      vertex 2.81324 1.50371 3.51952
      vertex 2.94709 1.22072 3.51952
    endloop
  endfacet
  facet normal 0.122031 0.822775 0.555112
    outer loop
      vertex 0.794839 3.99593 2.44199
      vertex 0.373958 3.79686 2.82957
      vertex 0.744315 3.74193 2.82957
    endloop
  endfacet
  facet normal 0.113465 0.765018 0.633935
    outer loop
      vertex 0.373958 3.79686 2.82957
      vertex 0.344973 3.50257 3.1899
      vertex 0.744315 3.74193 2.82957
    endloop
  endfacet
  facet normal -0.495485 0.668094 0.555108
    outer loop
      vertex -2.26351 3.38758 2.44199
      vertex -2.58465 3.14941 2.44199
      vertex -2.42036 2.94922 2.82957
    endloop
  endfacet
  facet normal -0.525493 0.708556 0.470962
    outer loop
      vertex -2.38559 3.57029 2.03089
      vertex -2.58465 3.14941 2.44199
      vertex -2.26351 3.38758 2.44199
    endloop
  endfacet
  facet normal -0.509914 0.378192 0.772631
    outer loop
      vertex -2.46583 2.02365 3.51952
      vertex -2.65231 1.77222 3.51952
      vertex -2.18729 1.79506 3.81524
    endloop
  endfacet
  facet normal -0.363737 0.606891 0.706668
    outer loop
      vertex -1.50371 2.81324 3.51952
      vertex -1.95534 2.92637 3.1899
      vertex -1.77222 2.65231 3.51952
    endloop
  endfacet
  facet normal -0.257251 0.28384 0.923719
    outer loop
      vertex -1.01517 1.23699 4.47233
      vertex -1.43605 1.43605 4.29395
      vertex -1.13153 1.13153 4.47233
    endloop
  endfacet
  facet normal -0.195164 0.215336 0.956839
    outer loop
      vertex -1.01517 1.23699 4.47233
      vertex -1.13153 1.13153 4.47233
      vertex -0.816111 0.816111 4.60765
    endloop
  endfacet
  facet normal -0.124265 0.262708 0.95684
    outer loop
      vertex -0.61238 1.47842 4.47233
      vertex -0.754341 1.41127 4.47233
      vertex -0.441676 1.0663 4.60765
    endloop
  endfacet
  facet normal -0.27143 0.573908 0.772629
    outer loop
      vertex -1.08283 2.61418 3.81524
      vertex -1.50371 2.81324 3.51952
      vertex -1.33385 2.49546 3.81524
    endloop
  endfacet
  facet normal -0.281083 0.378978 0.881685
    outer loop
      vertex -1.3567 2.03044 4.07421
      vertex -1.54918 1.88768 4.07421
      vertex -1.1283 1.68862 4.29395
    endloop
  endfacet
  facet normal -0.426344 0.470401 0.772628
    outer loop
      vertex -1.79506 2.18729 3.81524
      vertex -2.2556 2.2556 3.51952
      vertex -2.00081 2.00081 3.81524
    endloop
  endfacet
  facet normal -0.158968 0.444254 0.881684
    outer loop
      vertex -0.708871 2.33684 4.07421
      vertex -0.934508 2.2561 4.07421
      vertex -0.777186 1.87629 4.29395
    endloop
  endfacet
  facet normal -0.201739 0.426538 0.881684
    outer loop
      vertex -0.934508 2.2561 4.07421
      vertex -1.15114 2.15364 4.07421
      vertex -0.777186 1.87629 4.29395
    endloop
  endfacet
  facet normal 0.3113 0.870023 0.382299
    outer loop
      vertex 1.29825 4.27976 1.60023
      vertex 1.24647 4.10905 2.03089
      vertex 1.71149 4.1319 1.60023
    endloop
  endfacet
  facet normal 0.322418 0.901096 0.289951
    outer loop
      vertex 1.33753 4.40924 1.15416
      vertex 1.29825 4.27976 1.60023
      vertex 1.71149 4.1319 1.60023
    endloop
  endfacet
  facet normal 0.855724 -0.214349 -0.470946
    outer loop
      vertex 4.10905 -1.24647 -2.03089
      vertex 3.99593 -0.794839 -2.44199
      vertex 4.21144 -0.837708 -2.03089
    endloop
  endfacet
  facet normal 0.881094 -0.0432927 -0.470956
    outer loop
      vertex 4.27327 -0.42088 -2.03089
      vertex 4.05459 -0.399342 -2.44199
      vertex 4.29395 0 -2.03089
    endloop
  endfacet
  facet normal 0.955891 0.046888 -0.289956
    outer loop
      vertex 4.53139 0.406398 -1.33972
      vertex 4.4508 0.438365 -1.60023
      vertex 4.53378 0.446538 -1.32535
    endloop
  endfacet
  facet normal 0.95589 0.0469446 -0.289949
    outer loop
      vertex 4.52781 0.273126 -1.3731
      vertex 4.4508 0.438365 -1.60023
      vertex 4.53139 0.406398 -1.33972
    endloop
  endfacet
  facet normal 0.955888 0.0469331 -0.289956
    outer loop
      vertex 4.52802 0.222328 -1.38063
      vertex 4.4508 0.438365 -1.60023
      vertex 4.52781 0.273126 -1.3731
    endloop
  endfacet
  facet normal 0.955892 0.046948 -0.289943
    outer loop
      vertex 4.4508 0.438365 -1.60023
      vertex 4.52802 0.222328 -1.38063
      vertex 4.47233 0 -1.60023
    endloop
  endfacet
  facet normal 0.955844 0.0470921 -0.290077
    outer loop
      vertex 4.52838 0.137223 -1.39326
      vertex 4.47233 0 -1.60023
      vertex 4.52802 0.222328 -1.38063
    endloop
  endfacet
  facet normal 0.955886 0.0469126 -0.289969
    outer loop
      vertex 4.47233 0 -1.60023
      vertex 4.52838 0.137223 -1.39326
      vertex 4.53307 0 -1.4
    endloop
  endfacet
  facet normal 0.709123 0.642702 -0.289963
    outer loop
      vertex 3.45716 2.83722 -1.60023
      vertex 3.16242 3.16242 -1.60023
      vertex 3.56176 2.92306 -1.15416
    endloop
  endfacet
  facet normal 0.709121 0.642705 -0.289961
    outer loop
      vertex 3.56176 2.92306 -1.15416
      vertex 3.16242 3.16242 -1.60023
      vertex 3.2581 3.2581 -1.15416
    endloop
  endfacet
  facet normal 0.772454 -0.037966 -0.633935
    outer loop
      vertex 3.79686 -0.373958 -2.82957
      vertex 3.50257 -0.344973 -3.1899
      vertex 3.81524 0 -2.82957
    endloop
  endfacet
  facet normal 0.765018 -0.113465 -0.633935
    outer loop
      vertex 3.74193 -0.744315 -2.82957
      vertex 3.50257 -0.344973 -3.1899
      vertex 3.79686 -0.373958 -2.82957
    endloop
  endfacet
  facet normal 0.634083 -0.03115 -0.772637
    outer loop
      vertex 2.99273 -0.147883 -3.67537
      vertex 3.1899 0 -3.51952
      vertex 3.17454 -0.312665 -3.51952
    endloop
  endfacet
  facet normal 0.634093 -0.0311723 -0.772629
    outer loop
      vertex 3.1899 0 -3.51952
      vertex 2.99273 -0.147883 -3.67537
      vertex 3 0 -3.67537
    endloop
  endfacet
  facet normal 0.706684 -0.0347166 -0.706677
    outer loop
      vertex 3.50257 -0.344973 -3.1899
      vertex 3.17454 -0.312665 -3.51952
      vertex 3.1899 0 -3.51952
    endloop
  endfacet
  facet normal 0.830779 0.0408169 -0.555103
    outer loop
      vertex 4.07421 0 -2.44199
      vertex 3.81524 0 -2.82957
      vertex 4.05459 0.399342 -2.44199
    endloop
  endfacet
  facet normal 0.830771 0.0408323 -0.555114
    outer loop
      vertex 3.81524 0 -2.82957
      vertex 3.79686 0.373958 -2.82957
      vertex 4.05459 0.399342 -2.44199
    endloop
  endfacet
  facet normal 0.154272 0.615813 -0.772642
    outer loop
      vertex 0.72723 2.9068 -3.67537
      vertex 0.92598 3.05255 -3.51952
      vertex 0.870853 2.87082 -3.67537
    endloop
  endfacet
  facet normal 0.154251 0.61583 -0.772632
    outer loop
      vertex 0.92598 3.05255 -3.51952
      vertex 0.72723 2.9068 -3.67537
      vertex 0.622319 3.12861 -3.51952
    endloop
  endfacet
  facet normal 0.378188 0.509911 -0.772635
    outer loop
      vertex 1.78426 2.40723 -3.67537
      vertex 2.02365 2.46583 -3.51952
      vertex 1.90318 2.31903 -3.67537
    endloop
  endfacet
  facet normal 0.378189 0.50991 -0.772636
    outer loop
      vertex 2.02365 2.46583 -3.51952
      vertex 1.78426 2.40723 -3.67537
      vertex 1.77222 2.65231 -3.51952
    endloop
  endfacet
  facet normal -0.273633 0.0978979 0.956839
    outer loop
      vertex -1.47842 0.61238 4.47233
      vertex -1.53132 0.46452 4.47233
      vertex -1.10446 0.335033 4.60765
    endloop
  endfacet
  facet normal -0.28191 0.0706128 0.956839
    outer loop
      vertex -1.10446 0.335033 4.60765
      vertex -1.53132 0.46452 4.47233
      vertex -1.13198 0.225164 4.60765
    endloop
  endfacet
  facet normal -0.215336 0.195164 0.956839
    outer loop
      vertex -1.13153 1.13153 4.47233
      vertex -1.23699 1.01517 4.47233
      vertex -0.816111 0.816111 4.60765
    endloop
  endfacet
  facet normal -0.346288 0.1638 0.923718
    outer loop
      vertex -1.41127 0.754341 4.47233
      vertex -1.87629 0.777186 4.29395
      vertex -1.47842 0.61238 4.47233
    endloop
  endfacet
  facet normal -0.426543 0.201734 0.881683
    outer loop
      vertex -1.79108 0.957353 4.29395
      vertex -2.15364 1.15114 4.07421
      vertex -1.87629 0.777186 4.29395
    endloop
  endfacet
  facet normal -0.233422 0.173125 0.95684
    outer loop
      vertex -1.23699 1.01517 4.47233
      vertex -1.33054 0.889038 4.47233
      vertex -0.959645 0.641214 4.60765
    endloop
  endfacet
  facet normal -0.573024 0.519374 0.633951
    outer loop
      vertex -2.69778 2.69778 2.82957
      vertex -2.72062 2.23276 3.1899
      vertex -2.48867 2.48867 3.1899
    endloop
  endfacet
  facet normal -0.573034 0.51937 0.633945
    outer loop
      vertex -2.69778 2.69778 2.82957
      vertex -2.94922 2.42036 2.82957
      vertex -2.72062 2.23276 3.1899
    endloop
  endfacet
  facet normal -0.728169 0.260547 0.633944
    outer loop
      vertex -3.25161 1.34686 3.1899
      vertex -3.52482 1.46003 2.82957
      vertex -3.36797 1.02166 3.1899
    endloop
  endfacet
  facet normal -0.663348 0.397608 0.633938
    outer loop
      vertex -3.17225 2.11963 2.82957
      vertex -3.36474 1.79849 2.82957
      vertex -2.92637 1.95534 3.1899
    endloop
  endfacet
  facet normal -0.502644 0.237726 0.831165
    outer loop
      vertex -2.49546 1.33385 3.81524
      vertex -2.61418 1.08283 3.81524
      vertex -2.2561 0.934508 4.07421
    endloop
  endfacet
  facet normal -0.573908 0.27143 0.772629
    outer loop
      vertex -2.49546 1.33385 3.81524
      vertex -2.81324 1.50371 3.51952
      vertex -2.61418 1.08283 3.81524
    endloop
  endfacet
  facet normal -0.328573 0.196929 0.92372
    outer loop
      vertex -1.33054 0.889038 4.47233
      vertex -1.68862 1.1283 4.29395
      vertex -1.41127 0.754341 4.47233
    endloop
  endfacet
  facet normal -0.378978 0.281083 0.881685
    outer loop
      vertex -1.88768 1.54918 4.07421
      vertex -2.03044 1.3567 4.07421
      vertex -1.68862 1.1283 4.29395
    endloop
  endfacet
  facet normal -0.476931 0.285843 0.831163
    outer loop
      vertex -2.03044 1.3567 4.07421
      vertex -2.3527 1.57203 3.81524
      vertex -2.15364 1.15114 4.07421
    endloop
  endfacet
  facet normal -0.404715 0.242573 0.881683
    outer loop
      vertex -1.68862 1.1283 4.29395
      vertex -2.15364 1.15114 4.07421
      vertex -1.79108 0.957353 4.29395
    endloop
  endfacet
  facet normal -0.331233 0.446593 0.831167
    outer loop
      vertex -1.3567 2.03044 4.07421
      vertex -1.79506 2.18729 3.81524
      vertex -1.54918 1.88768 4.07421
    endloop
  endfacet
  facet normal -0.349615 0.316853 0.881688
    outer loop
      vertex -1.72675 1.72675 4.07421
      vertex -1.88768 1.54918 4.07421
      vertex -1.43605 1.43605 4.29395
    endloop
  endfacet
  facet normal 0.0658018 -0.183898 0.98074
    outer loop
      vertex 0.266718 -0.643915 4.69859
      vertex 0.202319 -0.666958 4.69859
      vertex 0.441676 -1.0663 4.60765
    endloop
  endfacet
  facet normal 0.0143988 -0.0970721 0.995173
    outer loop
      vertex 0.0454693 -0.228593 4.74428
      vertex 0.0228443 -0.231949 4.74428
      vertex 0.135972 -0.683578 4.69859
    endloop
  endfacet
  facet normal -0.0951929 0.0238459 0.995173
    outer loop
      vertex -0.666958 0.202319 4.69859
      vertex -0.683578 0.135972 4.69859
      vertex -0.228593 0.0454693 4.74428
    endloop
  endfacet
  facet normal -0.189462 0.0474604 0.98074
    outer loop
      vertex -0.666958 0.202319 4.69859
      vertex -1.10446 0.335033 4.60765
      vertex -0.683578 0.135972 4.69859
    endloop
  endfacet
  facet normal -0.0923974 -0.0330613 0.995173
    outer loop
      vertex -0.215329 -0.0891924 4.74428
      vertex -0.666958 -0.202319 4.69859
      vertex -0.643915 -0.266718 4.69859
    endloop
  endfacet
  facet normal -0.0238459 0.0951929 0.995173
    outer loop
      vertex -0.135972 0.683578 4.69859
      vertex -0.202319 0.666958 4.69859
      vertex -0.0454693 0.228593 4.74428
    endloop
  endfacet
  facet normal -0.195167 0.215334 0.956839
    outer loop
      vertex -0.732188 0.892174 4.60765
      vertex -1.01517 1.23699 4.47233
      vertex -0.816111 0.816111 4.60765
    endloop
  endfacet
  facet normal -0.0727126 0.0659032 0.995173
    outer loop
      vertex -0.492831 0.492831 4.69859
      vertex -0.538764 0.442152 4.69859
      vertex -0.164806 0.164806 4.74428
    endloop
  endfacet
  facet normal 0.0841715 -0.0504523 0.995173
    outer loop
      vertex 0.20555 -0.109869 4.74428
      vertex 0.193791 -0.129487 4.74428
      vertex 0.579509 -0.387216 4.69859
    endloop
  endfacet
  facet normal 0.0238459 -0.0951929 0.995173
    outer loop
      vertex 0.202319 -0.666958 4.69859
      vertex 0.0454693 -0.228593 4.74428
      vertex 0.135972 -0.683578 4.69859
    endloop
  endfacet
  facet normal 0.00958785 -0.19508 0.98074
    outer loop
      vertex 0.0683146 -0.693613 4.69859
      vertex 0 -1.15416 4.60765
      vertex 0.113127 -1.1486 4.60765
    endloop
  endfacet
  facet normal 0.176563 -0.0835142 0.98074
    outer loop
      vertex 1.0663 -0.441676 4.60765
      vertex 0.614672 -0.328548 4.69859
      vertex 1.01787 -0.544065 4.60765
    endloop
  endfacet
  facet normal 0.193202 -0.0286559 0.98074
    outer loop
      vertex 0.693613 -0.0683146 4.69859
      vertex 0.683578 -0.135972 4.69859
      vertex 1.1486 -0.113127 4.60765
    endloop
  endfacet
  facet normal 0.195167 -0.215334 0.956839
    outer loop
      vertex 0.816111 -0.816111 4.60765
      vertex 0.732188 -0.892174 4.60765
      vertex 1.01517 -1.23699 4.47233
    endloop
  endfacet
  facet normal 0.0419573 -0.0887126 0.995173
    outer loop
      vertex 0.328548 -0.614672 4.69859
      vertex 0.109869 -0.20555 4.74428
      vertex 0.266718 -0.643915 4.69859
    endloop
  endfacet
  facet normal 0.078821 -0.0584601 0.995173
    outer loop
      vertex 0.579509 -0.387216 4.69859
      vertex 0.180166 -0.147859 4.74428
      vertex 0.538764 -0.442152 4.69859
    endloop
  endfacet
  facet normal -0.0923973 -0.0330617 0.995173
    outer loop
      vertex -0.223035 -0.0676565 4.74428
      vertex -0.666958 -0.202319 4.69859
      vertex -0.215329 -0.0891924 4.74428
    endloop
  endfacet
  facet normal 0.249274 -0.149399 0.95684
    outer loop
      vertex 1.01787 -0.544065 4.60765
      vertex 0.959645 -0.641214 4.60765
      vertex 1.41127 -0.754341 4.47233
    endloop
  endfacet
  facet normal 0.14472 -0.131166 0.98074
    outer loop
      vertex 0.892174 -0.732188 4.60765
      vertex 0.492831 -0.492831 4.69859
      vertex 0.816111 -0.816111 4.60765
    endloop
  endfacet
  facet normal 0.149401 -0.249274 0.95684
    outer loop
      vertex 0.889038 -1.33054 4.47233
      vertex 0.641214 -0.959645 4.60765
      vertex 0.754341 -1.41127 4.47233
    endloop
  endfacet
  facet normal 0.124262 -0.26271 0.95684
    outer loop
      vertex 0.544065 -1.01787 4.60765
      vertex 0.441676 -1.0663 4.60765
      vertex 0.754341 -1.41127 4.47233
    endloop
  endfacet
  facet normal 0.124265 -0.262708 0.95684
    outer loop
      vertex 0.754341 -1.41127 4.47233
      vertex 0.441676 -1.0663 4.60765
      vertex 0.61238 -1.47842 4.47233
    endloop
  endfacet
  facet normal 0.0835076 -0.176564 0.98074
    outer loop
      vertex 0.328548 -0.614672 4.69859
      vertex 0.266718 -0.643915 4.69859
      vertex 0.441676 -1.0663 4.60765
    endloop
  endfacet
  facet normal -0.0931466 -0.627982 0.772633
    outer loop
      vertex -0.552022 -2.7752 3.81524
      vertex -0.622319 -3.12861 3.51952
      vertex -0.312665 -3.17454 3.51952
    endloop
  endfacet
  facet normal -0.154255 -0.615827 0.772633
    outer loop
      vertex -0.552022 -2.7752 3.81524
      vertex -0.821381 -2.70773 3.81524
      vertex -0.622319 -3.12861 3.51952
    endloop
  endfacet
  facet normal -0.281073 -0.378994 0.881681
    outer loop
      vertex -1.28838 -1.5699 4.29395
      vertex -1.54918 -1.88768 4.07421
      vertex -1.1283 -1.68862 4.29395
    endloop
  endfacet
  facet normal -0.228187 -0.307683 0.923722
    outer loop
      vertex -1.01517 -1.23699 4.47233
      vertex -1.28838 -1.5699 4.29395
      vertex -1.1283 -1.68862 4.29395
    endloop
  endfacet
  facet normal -0.201734 -0.426543 0.881683
    outer loop
      vertex -0.957353 -1.79108 4.29395
      vertex -1.15114 -2.15364 4.07421
      vertex -0.777186 -1.87629 4.29395
    endloop
  endfacet
  facet normal -0.285853 -0.476916 0.831168
    outer loop
      vertex -1.15114 -2.15364 4.07421
      vertex -1.57203 -2.3527 3.81524
      vertex -1.33385 -2.49546 3.81524
    endloop
  endfacet
  facet normal -0.149401 -0.249274 0.95684
    outer loop
      vertex -0.641214 -0.959645 4.60765
      vertex -0.889038 -1.33054 4.47233
      vertex -0.754341 -1.41127 4.47233
    endloop
  endfacet
  facet normal -0.173125 -0.233422 0.95684
    outer loop
      vertex -0.641214 -0.959645 4.60765
      vertex -1.01517 -1.23699 4.47233
      vertex -0.889038 -1.33054 4.47233
    endloop
  endfacet
  facet normal -0.189462 -0.0474604 0.98074
    outer loop
      vertex -0.683578 -0.135972 4.69859
      vertex -1.10446 -0.335033 4.60765
      vertex -0.666958 -0.202319 4.69859
    endloop
  endfacet
  facet normal 0.0419567 -0.0887128 0.995173
    outer loop
      vertex 0.109869 -0.20555 4.74428
      vertex 0.0891924 -0.215329 4.74428
      vertex 0.266718 -0.643915 4.69859
    endloop
  endfacet
  facet normal -0.078821 -0.0584601 0.995173
    outer loop
      vertex -0.180166 -0.147859 4.74428
      vertex -0.579509 -0.387216 4.69859
      vertex -0.538764 -0.442152 4.69859
    endloop
  endfacet
  facet normal -0.156877 -0.116353 0.98074
    outer loop
      vertex -0.579509 -0.387216 4.69859
      vertex -0.892174 -0.732188 4.60765
      vertex -0.538764 -0.442152 4.69859
    endloop
  endfacet
  facet normal -0.176563 -0.0835142 0.98074
    outer loop
      vertex -0.614672 -0.328548 4.69859
      vertex -1.0663 -0.441676 4.60765
      vertex -1.01787 -0.544065 4.60765
    endloop
  endfacet
  facet normal -0.26271 -0.124262 0.95684
    outer loop
      vertex -1.0663 -0.441676 4.60765
      vertex -1.41127 -0.754341 4.47233
      vertex -1.01787 -0.544065 4.60765
    endloop
  endfacet
  facet normal -0.0286559 -0.193202 0.98074
    outer loop
      vertex -0.0683146 -0.693613 4.69859
      vertex -0.135972 -0.683578 4.69859
      vertex -0.113127 -1.1486 4.60765
    endloop
  endfacet
  facet normal -0.0286604 -0.193202 0.98074
    outer loop
      vertex -0.135972 -0.683578 4.69859
      vertex -0.225164 -1.13198 4.60765
      vertex -0.113127 -1.1486 4.60765
    endloop
  endfacet
  facet normal -0.0835142 -0.176563 0.98074
    outer loop
      vertex -0.328548 -0.614672 4.69859
      vertex -0.544065 -1.01787 4.60765
      vertex -0.441676 -1.0663 4.60765
    endloop
  endfacet
  facet normal -0.0504498 -0.0841733 0.995173
    outer loop
      vertex -0.109869 -0.20555 4.74428
      vertex -0.387216 -0.579509 4.69859
      vertex -0.328548 -0.614672 4.69859
    endloop
  endfacet
  facet normal -0.28384 -0.257251 0.923719
    outer loop
      vertex -1.23699 -1.01517 4.47233
      vertex -1.43605 -1.43605 4.29395
      vertex -1.13153 -1.13153 4.47233
    endloop
  endfacet
  facet normal -0.257251 -0.28384 0.923719
    outer loop
      vertex -1.13153 -1.13153 4.47233
      vertex -1.43605 -1.43605 4.29395
      vertex -1.01517 -1.23699 4.47233
    endloop
  endfacet
  facet normal -0.100411 -0.167531 0.98074
    outer loop
      vertex -0.387216 -0.579509 4.69859
      vertex -0.544065 -1.01787 4.60765
      vertex -0.328548 -0.614672 4.69859
    endloop
  endfacet
  facet normal 0.0330617 0.0923973 0.995173
    outer loop
      vertex 0.202319 0.666958 4.69859
      vertex 0.0676565 0.223035 4.74428
      vertex 0.0891924 0.215329 4.74428
    endloop
  endfacet
  facet normal -0.023154 -0.471275 0.881682
    outer loop
      vertex -0.199061 -2.02111 4.29395
      vertex -0.239356 -2.43023 4.07421
      vertex 0 -2.03089 4.29395
    endloop
  endfacet
  facet normal 0.023154 -0.471275 0.881682
    outer loop
      vertex 0.199061 -2.02111 4.29395
      vertex 0 -2.03089 4.29395
      vertex 0.239356 -2.43023 4.07421
    endloop
  endfacet
  facet normal -0.0311504 -0.634092 0.77263
    outer loop
      vertex 0 -2.82957 3.81524
      vertex -0.312665 -3.17454 3.51952
      vertex 0 -3.1899 3.51952
    endloop
  endfacet
  facet normal -0.0311395 -0.634098 0.772626
    outer loop
      vertex -0.277346 -2.81595 3.81524
      vertex -0.312665 -3.17454 3.51952
      vertex 0 -2.82957 3.81524
    endloop
  endfacet
  facet normal 0.103811 -0.699879 0.706678
    outer loop
      vertex 0.622319 -3.12861 3.51952
      vertex 0.312665 -3.17454 3.51952
      vertex 0.344973 -3.50257 3.1899
    endloop
  endfacet
  facet normal 0.0272725 -0.555354 0.831167
    outer loop
      vertex 0.239356 -2.43023 4.07421
      vertex 0 -2.82957 3.81524
      vertex 0.277346 -2.81595 3.81524
    endloop
  endfacet
  facet normal -0.634092 0.0311504 0.77263
    outer loop
      vertex -3.17454 0.312665 3.51952
      vertex -3.1899 0 3.51952
      vertex -2.82957 0 3.81524
    endloop
  endfacet
  facet normal -0.634092 -0.0311504 0.77263
    outer loop
      vertex -2.82957 0 3.81524
      vertex -3.1899 0 3.51952
      vertex -3.17454 -0.312665 3.51952
    endloop
  endfacet
  facet normal -0.466735 0.0692485 0.881682
    outer loop
      vertex -1.99186 0.396206 4.29395
      vertex -2.43023 0.239356 4.07421
      vertex -2.02111 0.199061 4.29395
    endloop
  endfacet
  facet normal -0.471275 0.023154 0.881682
    outer loop
      vertex -2.02111 0.199061 4.29395
      vertex -2.43023 0.239356 4.07421
      vertex -2.03089 0 4.29395
    endloop
  endfacet
  facet normal -0.34629 -0.163778 0.923721
    outer loop
      vertex -1.41127 -0.754341 4.47233
      vertex -1.87629 -0.777186 4.29395
      vertex -1.79108 -0.957353 4.29395
    endloop
  endfacet
  facet normal -0.426543 -0.201734 0.881683
    outer loop
      vertex -1.87629 -0.777186 4.29395
      vertex -2.15364 -1.15114 4.07421
      vertex -1.79108 -0.957353 4.29395
    endloop
  endfacet
  facet normal -0.281906 -0.0706191 0.95684
    outer loop
      vertex -1.13198 -0.225164 4.60765
      vertex -1.56948 -0.312188 4.47233
      vertex -1.53132 -0.46452 4.47233
    endloop
  endfacet
  facet normal -0.287472 -0.0426381 0.95684
    outer loop
      vertex -1.13198 -0.225164 4.60765
      vertex -1.59252 -0.156849 4.47233
      vertex -1.56948 -0.312188 4.47233
    endloop
  endfacet
  facet normal -0.371588 -0.0930656 0.923721
    outer loop
      vertex -1.53132 -0.46452 4.47233
      vertex -1.99186 -0.396206 4.29395
      vertex -1.94344 -0.589535 4.29395
    endloop
  endfacet
  facet normal -0.457705 -0.114634 0.881683
    outer loop
      vertex -1.99186 -0.396206 4.29395
      vertex -2.33684 -0.708871 4.07421
      vertex -1.94344 -0.589535 4.29395
    endloop
  endfacet
  facet normal -0.360685 -0.129043 0.923718
    outer loop
      vertex -1.53132 -0.46452 4.47233
      vertex -1.87629 -0.777186 4.29395
      vertex -1.47842 -0.61238 4.47233
    endloop
  endfacet
  facet normal -0.346288 -0.1638 0.923718
    outer loop
      vertex -1.47842 -0.61238 4.47233
      vertex -1.87629 -0.777186 4.29395
      vertex -1.41127 -0.754341 4.47233
    endloop
  endfacet
  facet normal -0.597739 0.213875 0.772635
    outer loop
      vertex -2.94709 1.22072 3.51952
      vertex -3.05255 0.92598 3.51952
      vertex -2.70773 0.821381 3.81524
    endloop
  endfacet
  facet normal -0.615826 0.15425 0.772635
    outer loop
      vertex -3.05255 0.92598 3.51952
      vertex -3.12861 0.622319 3.51952
      vertex -2.70773 0.821381 3.81524
    endloop
  endfacet
  facet normal -0.684675 0.620544 0.38229
    outer loop
      vertex -3.16242 3.16242 1.60023
      vertex -3.45716 2.83722 1.60023
      vertex -3.31927 2.72405 2.03089
    endloop
  endfacet
  facet normal -0.792586 0.475038 0.382291
    outer loop
      vertex -3.71861 2.4847 1.60023
      vertex -3.78692 2.02415 2.03089
      vertex -3.57029 2.38559 2.03089
    endloop
  endfacet
  facet normal -0.475162 0.524246 0.706673
    outer loop
      vertex -2.23276 2.72062 3.1899
      vertex -2.48867 2.48867 3.1899
      vertex -2.02365 2.46583 3.51952
    endloop
  endfacet
  facet normal -0.616306 0.558589 0.555108
    outer loop
      vertex -2.69778 2.69778 2.82957
      vertex -3.14941 2.58465 2.44199
      vertex -2.94922 2.42036 2.82957
    endloop
  endfacet
  facet normal -0.658693 0.72674 -0.194864
    outer loop
      vertex -2.92306 3.56176 -1.15416
      vertex -3.3224 3.3224 -0.696969
      vertex -2.98075 3.63206 -0.696969
    endloop
  endfacet
  facet normal -0.66834 0.737384 -0.0979086
    outer loop
      vertex -2.98075 3.63206 -0.696969
      vertex -3.3224 3.3224 -0.696969
      vertex -3.00974 3.66738 -0.233071
    endloop
  endfacet
  facet normal -0.857724 0.51411 0
    outer loop
      vertex -4.18408 2.23644 -0.233071
      vertex -3.94472 2.63578 0.233071
      vertex -3.94472 2.63578 -0.233071
    endloop
  endfacet
  facet normal -0.857724 0.51411 0
    outer loop
      vertex -3.94472 2.63578 0.233071
      vertex -4.18408 2.23644 -0.233071
      vertex -4.18408 2.23644 0.233071
    endloop
  endfacet
  facet normal -0.799357 0.592827 0.0978955
    outer loop
      vertex -3.66738 3.00974 0.233071
      vertex -3.94472 2.63578 0.233071
      vertex -3.90673 2.6104 0.696969
    endloop
  endfacet
  facet normal -0.853612 0.511628 0.0978962
    outer loop
      vertex -3.94472 2.63578 0.233071
      vertex -4.14378 2.2149 0.696969
      vertex -3.90673 2.6104 0.696969
    endloop
  endfacet
  facet normal -0.896348 0.224525 -0.382294
    outer loop
      vertex -4.21144 0.837708 -2.03089
      vertex -4.3864 0.872509 -1.60023
      vertex -4.10905 1.24647 -2.03089
    endloop
  endfacet
  facet normal -0.922933 0.0453484 -0.38228
    outer loop
      vertex -4.29395 0 -2.03089
      vertex -4.47233 0 -1.60023
      vertex -4.27327 0.42088 -2.03089
    endloop
  endfacet
  facet normal -0.91404 0.135584 -0.382294
    outer loop
      vertex -4.27327 0.42088 -2.03089
      vertex -4.3864 0.872509 -1.60023
      vertex -4.21144 0.837708 -2.03089
    endloop
  endfacet
  facet normal -0.872614 0.129439 -0.470946
    outer loop
      vertex -3.99593 0.794839 -2.44199
      vertex -4.27327 0.42088 -2.03089
      vertex -4.21144 0.837708 -2.03089
    endloop
  endfacet
  facet normal -0.7687 -0.570107 0.289963
    outer loop
      vertex -3.45716 -2.83722 1.60023
      vertex -3.83112 -2.55987 1.15416
      vertex -3.56176 -2.92306 1.15416
    endloop
  endfacet
  facet normal -0.709123 -0.642702 0.289963
    outer loop
      vertex -3.45716 -2.83722 1.60023
      vertex -3.56176 -2.92306 1.15416
      vertex -3.16242 -3.16242 1.60023
    endloop
  endfacet
  facet normal -0.573034 -0.51937 0.633945
    outer loop
      vertex -2.72062 -2.23276 3.1899
      vertex -2.94922 -2.42036 2.82957
      vertex -2.69778 -2.69778 2.82957
    endloop
  endfacet
  facet normal -0.668094 -0.495485 0.555108
    outer loop
      vertex -2.94922 -2.42036 2.82957
      vertex -3.38758 -2.26351 2.44199
      vertex -3.14941 -2.58465 2.44199
    endloop
  endfacet
  facet normal -0.653634 -0.592422 0.470956
    outer loop
      vertex -3.14941 -2.58465 2.44199
      vertex -3.31927 -2.72405 2.03089
      vertex -3.03628 -3.03628 2.03089
    endloop
  endfacet
  facet normal -0.653628 -0.592424 0.47096
    outer loop
      vertex -2.8809 -2.8809 2.44199
      vertex -3.14941 -2.58465 2.44199
      vertex -3.03628 -3.03628 2.03089
    endloop
  endfacet
  facet normal -0.421483 -0.5683 0.706673
    outer loop
      vertex -2.02365 -2.46583 3.51952
      vertex -2.23276 -2.72062 3.1899
      vertex -1.95534 -2.92637 3.1899
    endloop
  endfacet
  facet normal -0.495479 -0.668095 0.555112
    outer loop
      vertex -2.11963 -3.17225 2.82957
      vertex -2.42036 -2.94922 2.82957
      vertex -2.26351 -3.38758 2.44199
    endloop
  endfacet
  facet normal 0.158968 -0.444254 0.881684
    outer loop
      vertex 0.777186 -1.87629 4.29395
      vertex 0.708871 -2.33684 4.07421
      vertex 0.934508 -2.2561 4.07421
    endloop
  endfacet
  facet normal 0.201734 -0.426543 0.881683
    outer loop
      vertex 0.957353 -1.79108 4.29395
      vertex 0.777186 -1.87629 4.29395
      vertex 1.15114 -2.15364 4.07421
    endloop
  endfacet
  facet normal 0.0930656 -0.371588 0.923721
    outer loop
      vertex 0.46452 -1.53132 4.47233
      vertex 0.396206 -1.99186 4.29395
      vertex 0.589535 -1.94344 4.29395
    endloop
  endfacet
  facet normal 0.114634 -0.457705 0.881683
    outer loop
      vertex 0.589535 -1.94344 4.29395
      vertex 0.396206 -1.99186 4.29395
      vertex 0.708871 -2.33684 4.07421
    endloop
  endfacet
  facet normal -0.460702 -0.621181 0.633946
    outer loop
      vertex -2.23276 -2.72062 3.1899
      vertex -2.42036 -2.94922 2.82957
      vertex -1.95534 -2.92637 3.1899
    endloop
  endfacet
  facet normal -0.427628 -0.713432 0.555112
    outer loop
      vertex -2.11963 -3.17225 2.82957
      vertex -2.26351 -3.38758 2.44199
      vertex -1.79849 -3.36474 2.82957
    endloop
  endfacet
  facet normal -0.378192 -0.509914 0.772631
    outer loop
      vertex -1.79506 -2.18729 3.81524
      vertex -2.02365 -2.46583 3.51952
      vertex -1.77222 -2.65231 3.51952
    endloop
  endfacet
  facet normal -0.426346 -0.470395 0.77263
    outer loop
      vertex -1.79506 -2.18729 3.81524
      vertex -2.2556 -2.2556 3.51952
      vertex -2.02365 -2.46583 3.51952
    endloop
  endfacet
  facet normal -0.302503 -0.639605 0.706681
    outer loop
      vertex -1.50371 -2.81324 3.51952
      vertex -1.65909 -3.10394 3.1899
      vertex -1.34686 -3.25161 3.1899
    endloop
  endfacet
  facet normal -0.302524 -0.639605 0.706671
    outer loop
      vertex -1.22072 -2.94709 3.51952
      vertex -1.50371 -2.81324 3.51952
      vertex -1.34686 -3.25161 3.1899
    endloop
  endfacet
  facet normal -0.331226 -0.446607 0.831163
    outer loop
      vertex -1.3567 -2.03044 4.07421
      vertex -1.79506 -2.18729 3.81524
      vertex -1.57203 -2.3527 3.81524
    endloop
  endfacet
  facet normal -0.378179 -0.509917 0.772636
    outer loop
      vertex -1.57203 -2.3527 3.81524
      vertex -1.79506 -2.18729 3.81524
      vertex -1.77222 -2.65231 3.51952
    endloop
  endfacet
  facet normal -0.411997 -0.373389 0.831167
    outer loop
      vertex -1.88768 -1.54918 4.07421
      vertex -2.18729 -1.79506 3.81524
      vertex -1.72675 -1.72675 4.07421
    endloop
  endfacet
  facet normal -0.411992 -0.373406 0.831162
    outer loop
      vertex -1.72675 -1.72675 4.07421
      vertex -2.18729 -1.79506 3.81524
      vertex -2.00081 -2.00081 3.81524
    endloop
  endfacet
  facet normal -0.280222 -0.783145 0.555121
    outer loop
      vertex -1.1075 -3.65095 2.82957
      vertex -1.55913 -3.76408 2.44199
      vertex -1.18268 -3.89878 2.44199
    endloop
  endfacet
  facet normal -0.280204 -0.783163 0.555105
    outer loop
      vertex -1.46003 -3.52482 2.82957
      vertex -1.55913 -3.76408 2.44199
      vertex -1.1075 -3.65095 2.82957
    endloop
  endfacet
  facet normal -0.668095 -0.495479 -0.555112
    outer loop
      vertex -2.94922 -2.42036 -2.82957
      vertex -3.38758 -2.26351 -2.44199
      vertex -3.17225 -2.11963 -2.82957
    endloop
  endfacet
  facet normal -0.668094 -0.495485 -0.555108
    outer loop
      vertex -3.14941 -2.58465 -2.44199
      vertex -3.38758 -2.26351 -2.44199
      vertex -2.94922 -2.42036 -2.82957
    endloop
  endfacet
  facet normal -0.426355 -0.470387 -0.77263
    outer loop
      vertex -2.01289 -2.2196 -3.67537
      vertex -2.2556 -2.2556 -3.51952
      vertex -2.12132 -2.12132 -3.67537
    endloop
  endfacet
  facet normal -0.475162 -0.524246 -0.706673
    outer loop
      vertex -2.23276 -2.72062 -3.1899
      vertex -2.48867 -2.48867 -3.1899
      vertex -2.02365 -2.46583 -3.51952
    endloop
  endfacet
  facet normal -0.627979 -0.0931377 -0.772637
    outer loop
      vertex -3.17454 -0.312665 -3.51952
      vertex -2.98555 -0.294051 -3.67537
      vertex -2.96408 -0.438812 -3.67537
    endloop
  endfacet
  facet normal -0.634084 -0.0311472 -0.772636
    outer loop
      vertex -2.98555 -0.294051 -3.67537
      vertex -3.17454 -0.312665 -3.51952
      vertex -2.99273 -0.147883 -3.67537
    endloop
  endfacet
  facet normal -0.699879 -0.103811 -0.706678
    outer loop
      vertex -3.12861 -0.622319 -3.51952
      vertex -3.50257 -0.344973 -3.1899
      vertex -3.17454 -0.312665 -3.51952
    endloop
  endfacet
  facet normal -0.627992 -0.0931318 -0.772627
    outer loop
      vertex -3.12861 -0.622319 -3.51952
      vertex -2.96408 -0.438812 -3.67537
      vertex -2.94236 -0.585271 -3.67537
    endloop
  endfacet
  facet normal -0.627982 -0.0931466 -0.772633
    outer loop
      vertex -2.96408 -0.438812 -3.67537
      vertex -3.12861 -0.622319 -3.51952
      vertex -3.17454 -0.312665 -3.51952
    endloop
  endfacet
  facet normal -0.728169 -0.260547 -0.633944
    outer loop
      vertex -3.25161 -1.34686 -3.1899
      vertex -3.52482 -1.46003 -2.82957
      vertex -3.36797 -1.02166 -3.1899
    endloop
  endfacet
  facet normal -0.666181 -0.238367 -0.706671
    outer loop
      vertex -3.25161 -1.34686 -3.1899
      vertex -3.36797 -1.02166 -3.1899
      vertex -2.94709 -1.22072 -3.51952
    endloop
  endfacet
  facet normal -0.146011 -0.984427 0.0978956
    outer loop
      vertex -0.916649 -4.60831 0.696969
      vertex -0.925562 -4.65312 0.233071
      vertex -0.460542 -4.67596 0.696969
    endloop
  endfacet
  facet normal -0.241819 -0.96537 0.0978956
    outer loop
      vertex -0.916649 -4.60831 0.696969
      vertex -1.37719 -4.53999 0.233071
      vertex -0.925562 -4.65312 0.233071
    endloop
  endfacet
  facet normal -0.242986 -0.97003 0
    outer loop
      vertex -1.37719 -4.53999 -0.233071
      vertex -0.925562 -4.65312 0.233071
      vertex -1.37719 -4.53999 0.233071
    endloop
  endfacet
  facet normal -0.242986 -0.97003 -0
    outer loop
      vertex -0.925562 -4.65312 0.233071
      vertex -1.37719 -4.53999 -0.233071
      vertex -0.925562 -4.65312 -0.233071
    endloop
  endfacet
  facet normal -0.0311723 -0.634093 -0.772629
    outer loop
      vertex 0 -3.1899 -3.51952
      vertex -0.147883 -2.99273 -3.67537
      vertex 0 -3 -3.67537
    endloop
  endfacet
  facet normal -0.03115 -0.634083 -0.772637
    outer loop
      vertex -0.147883 -2.99273 -3.67537
      vertex 0 -3.1899 -3.51952
      vertex -0.312665 -3.17454 -3.51952
    endloop
  endfacet
  facet normal 0.03115 -0.634083 -0.772637
    outer loop
      vertex 0 -3.1899 -3.51952
      vertex 0.147883 -2.99273 -3.67537
      vertex 0.312665 -3.17454 -3.51952
    endloop
  endfacet
  facet normal 0.0311723 -0.634093 -0.772629
    outer loop
      vertex 0.147883 -2.99273 -3.67537
      vertex 0 -3.1899 -3.51952
      vertex 0 -3 -3.67537
    endloop
  endfacet
  facet normal 0.0931377 -0.627979 -0.772637
    outer loop
      vertex 0.312665 -3.17454 -3.51952
      vertex 0.294051 -2.98555 -3.67537
      vertex 0.438812 -2.96408 -3.67537
    endloop
  endfacet
  facet normal -0.0488428 0.993997 -0.0979002
    outer loop
      vertex 0 4.69859 -0.696969
      vertex -0.460542 4.67596 -0.696969
      vertex 0 4.74428 -0.233071
    endloop
  endfacet
  facet normal 0.0488428 0.993997 -0.0979002
    outer loop
      vertex 0.460542 4.67596 -0.696969
      vertex 0 4.69859 -0.696969
      vertex 0 4.74428 -0.233071
    endloop
  endfacet
  facet normal -0.224525 0.896348 -0.382294
    outer loop
      vertex -0.837708 4.21144 -2.03089
      vertex -1.24647 4.10905 -2.03089
      vertex -0.872509 4.3864 -1.60023
    endloop
  endfacet
  facet normal -0.135584 0.91404 -0.382294
    outer loop
      vertex -0.837708 4.21144 -2.03089
      vertex -0.872509 4.3864 -1.60023
      vertex -0.42088 4.27327 -2.03089
    endloop
  endfacet
  facet normal 0.524251 -0.47516 -0.706671
    outer loop
      vertex 2.48867 -2.48867 -3.1899
      vertex 2.2556 -2.2556 -3.51952
      vertex 2.46583 -2.02365 -3.51952
    endloop
  endfacet
  facet normal 0.470399 -0.42635 -0.772626
    outer loop
      vertex 2.2196 -2.01289 -3.67537
      vertex 2.46583 -2.02365 -3.51952
      vertex 2.2556 -2.2556 -3.51952
    endloop
  endfacet
  facet normal 0.470405 -0.426327 -0.772635
    outer loop
      vertex 2.46583 -2.02365 -3.51952
      vertex 2.2196 -2.01289 -3.67537
      vertex 2.31903 -1.90318 -3.67537
    endloop
  endfacet
  facet normal 0.544536 -0.326366 -0.772635
    outer loop
      vertex 2.81324 -1.50371 -3.51952
      vertex 2.57053 -1.53971 -3.67537
      vertex 2.64576 -1.41419 -3.67537
    endloop
  endfacet
  facet normal -0.855724 -0.21435 -0.470947
    outer loop
      vertex -3.89878 -1.18268 -2.44199
      vertex -4.10905 -1.24647 -2.03089
      vertex -3.99593 -0.794839 -2.44199
    endloop
  endfacet
  facet normal -0.855724 -0.214349 -0.470946
    outer loop
      vertex -4.10905 -1.24647 -2.03089
      vertex -4.21144 -0.837708 -2.03089
      vertex -3.99593 -0.794839 -2.44199
    endloop
  endfacet
  facet normal -0.70668 0.0347222 -0.70668
    outer loop
      vertex -3.1899 0 -3.51952
      vertex -3.51952 0 -3.1899
      vertex -3.50257 0.344973 -3.1899
    endloop
  endfacet
  facet normal -0.70668 -0.0347222 -0.70668
    outer loop
      vertex -3.50257 -0.344973 -3.1899
      vertex -3.51952 0 -3.1899
      vertex -3.1899 0 -3.51952
    endloop
  endfacet
  facet normal -0.820882 -0.492013 -0.289958
    outer loop
      vertex -3.83112 -2.55987 -1.15416
      vertex -4.06358 -2.17203 -1.15416
      vertex -3.94425 -2.10824 -1.60023
    endloop
  endfacet
  facet normal -0.865153 -0.409189 -0.289956
    outer loop
      vertex -4.06358 -2.17203 -1.15416
      vertex -4.1319 -1.71149 -1.60023
      vertex -3.94425 -2.10824 -1.60023
    endloop
  endfacet
  facet normal -0.896348 -0.224518 -0.382299
    outer loop
      vertex -4.27976 -1.29825 -1.60023
      vertex -4.3864 -0.872509 -1.60023
      vertex -4.10905 -1.24647 -2.03089
    endloop
  endfacet
  facet normal -0.870023 -0.3113 -0.382299
    outer loop
      vertex -4.1319 -1.71149 -1.60023
      vertex -4.27976 -1.29825 -1.60023
      vertex -4.10905 -1.24647 -2.03089
    endloop
  endfacet
  facet normal -0.79746 -0.377178 -0.470951
    outer loop
      vertex -3.78692 -2.02415 -2.03089
      vertex -3.96709 -1.64322 -2.03089
      vertex -3.59313 -1.92057 -2.44199
    endloop
  endfacet
  facet normal -0.835316 -0.395083 -0.382304
    outer loop
      vertex -3.94425 -2.10824 -1.60023
      vertex -3.96709 -1.64322 -2.03089
      vertex -3.78692 -2.02415 -2.03089
    endloop
  endfacet
  facet normal 0.421483 0.5683 -0.706673
    outer loop
      vertex 2.02365 2.46583 -3.51952
      vertex 1.95534 2.92637 -3.1899
      vertex 2.23276 2.72062 -3.1899
    endloop
  endfacet
  facet normal 0.378172 0.509913 -0.772641
    outer loop
      vertex 1.78426 2.40723 -3.67537
      vertex 1.66671 2.49441 -3.67537
      vertex 1.77222 2.65231 -3.51952
    endloop
  endfacet
  facet normal -0.658684 0.726752 0.19485
    outer loop
      vertex -2.92306 3.56176 1.15416
      vertex -3.3224 3.3224 0.696969
      vertex -3.2581 3.2581 1.15416
    endloop
  endfacet
  facet normal -0.658693 0.72674 0.194864
    outer loop
      vertex -2.98075 3.63206 0.696969
      vertex -3.3224 3.3224 0.696969
      vertex -2.92306 3.56176 1.15416
    endloop
  endfacet
  facet normal -0.570112 0.768698 -0.289958
    outer loop
      vertex -2.4847 3.71861 -1.60023
      vertex -2.83722 3.45716 -1.60023
      vertex -2.55987 3.83112 -1.15416
    endloop
  endfacet
  facet normal -0.492014 0.820881 -0.289959
    outer loop
      vertex -2.4847 3.71861 -1.60023
      vertex -2.55987 3.83112 -1.15416
      vertex -2.10824 3.94425 -1.60023
    endloop
  endfacet
  facet normal -0.409189 0.865153 0.289956
    outer loop
      vertex -1.71149 4.1319 1.60023
      vertex -2.17203 4.06358 1.15416
      vertex -2.10824 3.94425 1.60023
    endloop
  endfacet
  facet normal -0.409189 0.865153 0.289956
    outer loop
      vertex -1.76327 4.25691 1.15416
      vertex -2.17203 4.06358 1.15416
      vertex -1.71149 4.1319 1.60023
    endloop
  endfacet
  facet normal -0.475048 0.792574 0.382303
    outer loop
      vertex -2.10824 3.94425 1.60023
      vertex -2.4847 3.71861 1.60023
      vertex -2.02415 3.78692 2.03089
    endloop
  endfacet
  facet normal -0.475038 0.792586 0.382291
    outer loop
      vertex -2.02415 3.78692 2.03089
      vertex -2.4847 3.71861 1.60023
      vertex -2.38559 3.57029 2.03089
    endloop
  endfacet
  facet normal -0.260533 0.728183 0.633934
    outer loop
      vertex -1.1075 3.65095 2.82957
      vertex -1.46003 3.52482 2.82957
      vertex -1.02166 3.36797 3.1899
    endloop
  endfacet
  facet normal -0.280204 0.783163 0.555105
    outer loop
      vertex -1.1075 3.65095 2.82957
      vertex -1.55913 3.76408 2.44199
      vertex -1.46003 3.52482 2.82957
    endloop
  endfacet
  facet normal -0.202105 0.806842 0.555121
    outer loop
      vertex -0.794839 3.99593 2.44199
      vertex -1.18268 3.89878 2.44199
      vertex -1.1075 3.65095 2.82957
    endloop
  endfacet
  facet normal -0.21435 0.855724 0.470947
    outer loop
      vertex -0.794839 3.99593 2.44199
      vertex -1.24647 4.10905 2.03089
      vertex -1.18268 3.89878 2.44199
    endloop
  endfacet
  facet normal -0.237726 0.502644 0.831165
    outer loop
      vertex -1.08283 2.61418 3.81524
      vertex -1.33385 2.49546 3.81524
      vertex -0.934508 2.2561 4.07421
    endloop
  endfacet
  facet normal -0.187323 0.523522 0.831165
    outer loop
      vertex -0.821381 2.70773 3.81524
      vertex -1.08283 2.61418 3.81524
      vertex -0.934508 2.2561 4.07421
    endloop
  endfacet
  facet normal 0.0432888 0.881092 0.470959
    outer loop
      vertex 0 4.29395 2.03089
      vertex 0 4.07421 2.44199
      vertex 0.399342 4.05459 2.44199
    endloop
  endfacet
  facet normal -0.0432888 0.881092 0.470959
    outer loop
      vertex 0 4.29395 2.03089
      vertex -0.399342 4.05459 2.44199
      vertex 0 4.07421 2.44199
    endloop
  endfacet
  facet normal 0.023154 0.471275 0.881682
    outer loop
      vertex 0.239356 2.43023 4.07421
      vertex 0 2.03089 4.29395
      vertex 0.199061 2.02111 4.29395
    endloop
  endfacet
  facet normal 0.135107 0.539368 0.831161
    outer loop
      vertex 0.552022 2.7752 3.81524
      vertex 0.476408 2.39507 4.07421
      vertex 0.708871 2.33684 4.07421
    endloop
  endfacet
  facet normal 0.0347222 0.70668 0.70668
    outer loop
      vertex 0 3.51952 3.1899
      vertex 0 3.1899 3.51952
      vertex 0.344973 3.50257 3.1899
    endloop
  endfacet
  facet normal -0.0347222 0.70668 0.70668
    outer loop
      vertex 0 3.51952 3.1899
      vertex -0.344973 3.50257 3.1899
      vertex 0 3.1899 3.51952
    endloop
  endfacet
  facet normal -0.135102 0.539367 0.831162
    outer loop
      vertex -0.552022 2.7752 3.81524
      vertex -0.821381 2.70773 3.81524
      vertex -0.708871 2.33684 4.07421
    endloop
  endfacet
  facet normal -0.0187976 0.382603 0.923721
    outer loop
      vertex 0 2.03089 4.29395
      vertex -0.199061 2.02111 4.29395
      vertex -0.156849 1.59252 4.47233
    endloop
  endfacet
  facet normal 0.573893 -0.271443 0.772636
    outer loop
      vertex 2.94709 -1.22072 3.51952
      vertex 2.61418 -1.08283 3.81524
      vertex 2.81324 -1.50371 3.51952
    endloop
  endfacet
  facet normal 0.597736 -0.213878 0.772637
    outer loop
      vertex 2.70773 -0.821381 3.81524
      vertex 2.61418 -1.08283 3.81524
      vertex 2.94709 -1.22072 3.51952
    endloop
  endfacet
  facet normal 0.0142662 0.290268 0.956839
    outer loop
      vertex 0.156849 1.59252 4.47233
      vertex 0 1.15416 4.60765
      vertex 0.113127 1.1486 4.60765
    endloop
  endfacet
  facet normal 0.0658039 0.183897 0.98074
    outer loop
      vertex 0.335033 1.10446 4.60765
      vertex 0.202319 0.666958 4.69859
      vertex 0.441676 1.0663 4.60765
    endloop
  endfacet
  facet normal 0.15688 0.11635 0.98074
    outer loop
      vertex 0.892174 0.732188 4.60765
      vertex 0.579509 0.387216 4.69859
      vertex 0.959645 0.641214 4.60765
    endloop
  endfacet
  facet normal 0.14472 0.131167 0.98074
    outer loop
      vertex 0.892174 0.732188 4.60765
      vertex 0.492831 0.492831 4.69859
      vertex 0.538764 0.442152 4.69859
    endloop
  endfacet
  facet normal 0.457694 0.114648 0.881687
    outer loop
      vertex 2.33684 0.708871 4.07421
      vertex 1.99186 0.396206 4.29395
      vertex 2.39507 0.476408 4.07421
    endloop
  endfacet
  facet normal 0.466729 0.0692261 0.881687
    outer loop
      vertex 2.39507 0.476408 4.07421
      vertex 1.99186 0.396206 4.29395
      vertex 2.43023 0.239356 4.07421
    endloop
  endfacet
  facet normal 0.555359 -0.0272858 0.831163
    outer loop
      vertex 2.44199 0 4.07421
      vertex 2.43023 -0.239356 4.07421
      vertex 2.82957 0 3.81524
    endloop
  endfacet
  facet normal 0.555359 0.0272858 0.831163
    outer loop
      vertex 2.82957 0 3.81524
      vertex 2.43023 0.239356 4.07421
      vertex 2.44199 0 4.07421
    endloop
  endfacet
  facet normal 0.378978 0.281083 0.881685
    outer loop
      vertex 1.88768 1.54918 4.07421
      vertex 1.68862 1.1283 4.29395
      vertex 2.03044 1.3567 4.07421
    endloop
  endfacet
  facet normal 0.404717 0.242562 0.881685
    outer loop
      vertex 2.03044 1.3567 4.07421
      vertex 1.68862 1.1283 4.29395
      vertex 2.15364 1.15114 4.07421
    endloop
  endfacet
  facet normal 0.411997 0.373389 0.831167
    outer loop
      vertex 2.18729 1.79506 3.81524
      vertex 1.72675 1.72675 4.07421
      vertex 1.88768 1.54918 4.07421
    endloop
  endfacet
  facet normal 0.411992 0.373406 0.831162
    outer loop
      vertex 2.00081 2.00081 3.81524
      vertex 1.72675 1.72675 4.07421
      vertex 2.18729 1.79506 3.81524
    endloop
  endfacet
  facet normal 0.273633 0.0978979 0.956839
    outer loop
      vertex 1.47842 0.61238 4.47233
      vertex 1.10446 0.335033 4.60765
      vertex 1.53132 0.46452 4.47233
    endloop
  endfacet
  facet normal 0.273624 0.0979107 0.95684
    outer loop
      vertex 1.47842 0.61238 4.47233
      vertex 1.0663 0.441676 4.60765
      vertex 1.10446 0.335033 4.60765
    endloop
  endfacet
  facet normal 0.167532 0.100408 0.98074
    outer loop
      vertex 0.959645 0.641214 4.60765
      vertex 0.579509 0.387216 4.69859
      vertex 1.01787 0.544065 4.60765
    endloop
  endfacet
  facet normal 0.176564 0.0835076 0.98074
    outer loop
      vertex 1.0663 0.441676 4.60765
      vertex 0.614672 0.328548 4.69859
      vertex 0.643915 0.266718 4.69859
    endloop
  endfacet
  facet normal 0.215334 0.195167 0.956839
    outer loop
      vertex 1.23699 1.01517 4.47233
      vertex 0.816111 0.816111 4.60765
      vertex 0.892174 0.732188 4.60765
    endloop
  endfacet
  facet normal 0.2282 0.307679 0.92372
    outer loop
      vertex 1.1283 1.68862 4.29395
      vertex 0.889038 1.33054 4.47233
      vertex 1.01517 1.23699 4.47233
    endloop
  endfacet
  facet normal -0.0658018 0.183898 0.98074
    outer loop
      vertex -0.202319 0.666958 4.69859
      vertex -0.441676 1.0663 4.60765
      vertex -0.266718 0.643915 4.69859
    endloop
  endfacet
  facet normal -0.0474604 0.189462 0.98074
    outer loop
      vertex -0.135972 0.683578 4.69859
      vertex -0.335033 1.10446 4.60765
      vertex -0.202319 0.666958 4.69859
    endloop
  endfacet
  facet normal -0.0143978 -0.0970723 0.995173
    outer loop
      vertex -0.0228443 -0.231949 4.74428
      vertex -0.135972 -0.683578 4.69859
      vertex -0.0683146 -0.693613 4.69859
    endloop
  endfacet
  facet normal -0.0474568 0.189463 0.98074
    outer loop
      vertex -0.225164 1.13198 4.60765
      vertex -0.335033 1.10446 4.60765
      vertex -0.135972 0.683578 4.69859
    endloop
  endfacet
  facet normal 0.0142682 0.290267 0.956839
    outer loop
      vertex 0 1.60023 4.47233
      vertex 0 1.15416 4.60765
      vertex 0.156849 1.59252 4.47233
    endloop
  endfacet
  facet normal -0.129043 0.360685 0.923718
    outer loop
      vertex -0.46452 1.53132 4.47233
      vertex -0.777186 1.87629 4.29395
      vertex -0.61238 1.47842 4.47233
    endloop
  endfacet
  facet normal -0.1638 0.346288 0.923718
    outer loop
      vertex -0.61238 1.47842 4.47233
      vertex -0.777186 1.87629 4.29395
      vertex -0.754341 1.41127 4.47233
    endloop
  endfacet
  facet normal 0.173121 0.233427 0.956839
    outer loop
      vertex 1.01517 1.23699 4.47233
      vertex 0.641214 0.959645 4.60765
      vertex 0.732188 0.892174 4.60765
    endloop
  endfacet
  facet normal 0.173125 0.233422 0.95684
    outer loop
      vertex 0.889038 1.33054 4.47233
      vertex 0.641214 0.959645 4.60765
      vertex 1.01517 1.23699 4.47233
    endloop
  endfacet
  facet normal 0.124265 0.262708 0.95684
    outer loop
      vertex 0.61238 1.47842 4.47233
      vertex 0.441676 1.0663 4.60765
      vertex 0.754341 1.41127 4.47233
    endloop
  endfacet
  facet normal 0.124262 0.26271 0.95684
    outer loop
      vertex 0.754341 1.41127 4.47233
      vertex 0.441676 1.0663 4.60765
      vertex 0.544065 1.01787 4.60765
    endloop
  endfacet
  facet normal 0.0931662 0.627988 0.772626
    outer loop
      vertex 0.312665 3.17454 3.51952
      vertex 0.277346 2.81595 3.81524
      vertex 0.552022 2.7752 3.81524
    endloop
  endfacet
  facet normal 0.0272858 0.555359 0.831163
    outer loop
      vertex 0 2.82957 3.81524
      vertex 0 2.44199 4.07421
      vertex 0.239356 2.43023 4.07421
    endloop
  endfacet
  facet normal 0.114634 0.457705 0.881683
    outer loop
      vertex 0.708871 2.33684 4.07421
      vertex 0.396206 1.99186 4.29395
      vertex 0.589535 1.94344 4.29395
    endloop
  endfacet
  facet normal 0.114648 0.457694 0.881687
    outer loop
      vertex 0.476408 2.39507 4.07421
      vertex 0.396206 1.99186 4.29395
      vertex 0.708871 2.33684 4.07421
    endloop
  endfacet
  facet normal 0.187333 0.523523 0.831162
    outer loop
      vertex 0.821381 2.70773 3.81524
      vertex 0.708871 2.33684 4.07421
      vertex 0.934508 2.2561 4.07421
    endloop
  endfacet
  facet normal 0.158968 0.444254 0.881684
    outer loop
      vertex 0.934508 2.2561 4.07421
      vertex 0.708871 2.33684 4.07421
      vertex 0.777186 1.87629 4.29395
    endloop
  endfacet
  facet normal 0.0692485 0.466735 0.881682
    outer loop
      vertex 0.239356 2.43023 4.07421
      vertex 0.199061 2.02111 4.29395
      vertex 0.396206 1.99186 4.29395
    endloop
  endfacet
  facet normal 0.0562192 0.378918 0.923721
    outer loop
      vertex 0.199061 2.02111 4.29395
      vertex 0.156849 1.59252 4.47233
      vertex 0.396206 1.99186 4.29395
    endloop
  endfacet
  facet normal 0.302503 0.639605 0.706681
    outer loop
      vertex 1.65909 3.10394 3.1899
      vertex 1.34686 3.25161 3.1899
      vertex 1.50371 2.81324 3.51952
    endloop
  endfacet
  facet normal 0.363752 0.606867 0.70668
    outer loop
      vertex 1.65909 3.10394 3.1899
      vertex 1.50371 2.81324 3.51952
      vertex 1.95534 2.92637 3.1899
    endloop
  endfacet
  facet normal -0.684667 0.620549 0.382297
    outer loop
      vertex -3.16242 3.16242 1.60023
      vertex -3.31927 2.72405 2.03089
      vertex -3.03628 3.03628 2.03089
    endloop
  endfacet
  facet normal -0.592424 0.653628 0.47096
    outer loop
      vertex -2.58465 3.14941 2.44199
      vertex -3.03628 3.03628 2.03089
      vertex -2.8809 2.8809 2.44199
    endloop
  endfacet
  facet normal -0.495479 0.668095 0.555112
    outer loop
      vertex -2.26351 3.38758 2.44199
      vertex -2.42036 2.94922 2.82957
      vertex -2.11963 3.17225 2.82957
    endloop
  endfacet
  facet normal -0.460695 0.621194 0.633938
    outer loop
      vertex -2.11963 3.17225 2.82957
      vertex -2.42036 2.94922 2.82957
      vertex -1.95534 2.92637 3.1899
    endloop
  endfacet
  facet normal -0.316885 0.349603 0.881681
    outer loop
      vertex -1.28838 1.5699 4.29395
      vertex -1.54918 1.88768 4.07421
      vertex -1.43605 1.43605 4.29395
    endloop
  endfacet
  facet normal -0.25726 0.283823 0.923722
    outer loop
      vertex -1.28838 1.5699 4.29395
      vertex -1.43605 1.43605 4.29395
      vertex -1.01517 1.23699 4.47233
    endloop
  endfacet
  facet normal -0.163778 0.34629 0.923721
    outer loop
      vertex -0.777186 1.87629 4.29395
      vertex -0.957353 1.79108 4.29395
      vertex -0.754341 1.41127 4.47233
    endloop
  endfacet
  facet normal -0.201734 0.426543 0.881683
    outer loop
      vertex -0.777186 1.87629 4.29395
      vertex -1.15114 2.15364 4.07421
      vertex -0.957353 1.79108 4.29395
    endloop
  endfacet
  facet normal 0.914038 -0.135586 -0.382297
    outer loop
      vertex 4.3864 -0.872509 -1.60023
      vertex 4.27327 -0.42088 -2.03089
      vertex 4.4508 -0.438365 -1.60023
    endloop
  endfacet
  facet normal 0.91404 -0.135584 -0.382294
    outer loop
      vertex 4.3864 -0.872509 -1.60023
      vertex 4.21144 -0.837708 -2.03089
      vertex 4.27327 -0.42088 -2.03089
    endloop
  endfacet
  facet normal 0.302503 0.639605 -0.706681
    outer loop
      vertex 1.50371 2.81324 -3.51952
      vertex 1.34686 3.25161 -3.1899
      vertex 1.65909 3.10394 -3.1899
    endloop
  endfacet
  facet normal -0.5683 0.421483 0.706673
    outer loop
      vertex -2.72062 2.23276 3.1899
      vertex -2.92637 1.95534 3.1899
      vertex -2.46583 2.02365 3.51952
    endloop
  endfacet
  facet normal -0.519374 0.573024 0.633951
    outer loop
      vertex -2.23276 2.72062 3.1899
      vertex -2.69778 2.69778 2.82957
      vertex -2.48867 2.48867 3.1899
    endloop
  endfacet
  facet normal -0.544535 0.326383 0.772629
    outer loop
      vertex -2.3527 1.57203 3.81524
      vertex -2.81324 1.50371 3.51952
      vertex -2.49546 1.33385 3.81524
    endloop
  endfacet
  facet normal -0.544537 0.326365 0.772635
    outer loop
      vertex -2.65231 1.77222 3.51952
      vertex -2.81324 1.50371 3.51952
      vertex -2.3527 1.57203 3.81524
    endloop
  endfacet
  facet normal -0.699133 0.330657 0.633939
    outer loop
      vertex -3.10394 1.65909 3.1899
      vertex -3.36474 1.79849 2.82957
      vertex -3.25161 1.34686 3.1899
    endloop
  endfacet
  facet normal -0.639605 0.302503 0.706681
    outer loop
      vertex -3.10394 1.65909 3.1899
      vertex -3.25161 1.34686 3.1899
      vertex -2.81324 1.50371 3.51952
    endloop
  endfacet
  facet normal -0.539367 0.135102 0.831162
    outer loop
      vertex -2.70773 0.821381 3.81524
      vertex -2.7752 0.552022 3.81524
      vertex -2.33684 0.708871 4.07421
    endloop
  endfacet
  facet normal -0.523523 0.187333 0.831162
    outer loop
      vertex -2.2561 0.934508 4.07421
      vertex -2.70773 0.821381 3.81524
      vertex -2.33684 0.708871 4.07421
    endloop
  endfacet
  facet normal -0.328568 0.196933 0.923721
    outer loop
      vertex -1.68862 1.1283 4.29395
      vertex -1.79108 0.957353 4.29395
      vertex -1.41127 0.754341 4.47233
    endloop
  endfacet
  facet normal -0.307679 0.2282 0.92372
    outer loop
      vertex -1.23699 1.01517 4.47233
      vertex -1.68862 1.1283 4.29395
      vertex -1.33054 0.889038 4.47233
    endloop
  endfacet
  facet normal -0.26271 0.124262 0.95684
    outer loop
      vertex -1.01787 0.544065 4.60765
      vertex -1.41127 0.754341 4.47233
      vertex -1.0663 0.441676 4.60765
    endloop
  endfacet
  facet normal -0.249274 0.149399 0.95684
    outer loop
      vertex -0.959645 0.641214 4.60765
      vertex -1.41127 0.754341 4.47233
      vertex -1.01787 0.544065 4.60765
    endloop
  endfacet
  facet normal -0.373389 0.411997 0.831167
    outer loop
      vertex -1.54918 1.88768 4.07421
      vertex -1.79506 2.18729 3.81524
      vertex -1.72675 1.72675 4.07421
    endloop
  endfacet
  facet normal -0.373406 0.411992 0.831162
    outer loop
      vertex -1.79506 2.18729 3.81524
      vertex -2.00081 2.00081 3.81524
      vertex -1.72675 1.72675 4.07421
    endloop
  endfacet
  facet normal -0.0970721 -0.0143988 0.995173
    outer loop
      vertex -0.231949 -0.0228443 4.74428
      vertex -0.683578 -0.135972 4.69859
      vertex -0.228593 -0.0454693 4.74428
    endloop
  endfacet
  facet normal -0.0659034 -0.0727125 0.995173
    outer loop
      vertex -0.164806 -0.164806 4.74428
      vertex -0.442152 -0.538764 4.69859
      vertex -0.147859 -0.180166 4.74428
    endloop
  endfacet
  facet normal 0.0143978 -0.0970723 0.995173
    outer loop
      vertex 0.135972 -0.683578 4.69859
      vertex 0.0228443 -0.231949 4.74428
      vertex 0.0683146 -0.693613 4.69859
    endloop
  endfacet
  facet normal 0.0951929 -0.0238459 0.995173
    outer loop
      vertex 0.683578 -0.135972 4.69859
      vertex 0.228593 -0.0454693 4.74428
      vertex 0.666958 -0.202319 4.69859
    endloop
  endfacet
  facet normal 0.0923973 -0.0330617 0.995173
    outer loop
      vertex 0.223035 -0.0676565 4.74428
      vertex 0.215329 -0.0891924 4.74428
      vertex 0.666958 -0.202319 4.69859
    endloop
  endfacet
  facet normal -0.100411 0.167531 0.98074
    outer loop
      vertex -0.328548 0.614672 4.69859
      vertex -0.544065 1.01787 4.60765
      vertex -0.387216 0.579509 4.69859
    endloop
  endfacet
  facet normal -0.0504498 0.0841733 0.995173
    outer loop
      vertex -0.328548 0.614672 4.69859
      vertex -0.387216 0.579509 4.69859
      vertex -0.109869 0.20555 4.74428
    endloop
  endfacet
  facet normal -0.167531 -0.100411 0.98074
    outer loop
      vertex -0.614672 -0.328548 4.69859
      vertex -1.01787 -0.544065 4.60765
      vertex -0.579509 -0.387216 4.69859
    endloop
  endfacet
  facet normal 0.0330613 -0.0923974 0.995173
    outer loop
      vertex 0.266718 -0.643915 4.69859
      vertex 0.0891924 -0.215329 4.74428
      vertex 0.202319 -0.666958 4.69859
    endloop
  endfacet
  facet normal -0.0330613 -0.0923974 0.995173
    outer loop
      vertex -0.0891924 -0.215329 4.74428
      vertex -0.266718 -0.643915 4.69859
      vertex -0.202319 -0.666958 4.69859
    endloop
  endfacet
  facet normal -0.0659032 -0.0727126 0.995173
    outer loop
      vertex -0.164806 -0.164806 4.74428
      vertex -0.492831 -0.492831 4.69859
      vertex -0.442152 -0.538764 4.69859
    endloop
  endfacet
  facet normal 0.0142662 -0.290268 0.956839
    outer loop
      vertex 0.113127 -1.1486 4.60765
      vertex 0 -1.15416 4.60765
      vertex 0.156849 -1.59252 4.47233
    endloop
  endfacet
  facet normal 0.0426448 -0.287473 0.956839
    outer loop
      vertex 0.225164 -1.13198 4.60765
      vertex 0.113127 -1.1486 4.60765
      vertex 0.156849 -1.59252 4.47233
    endloop
  endfacet
  facet normal 0.0930853 -0.37159 0.923719
    outer loop
      vertex 0.46452 -1.53132 4.47233
      vertex 0.312188 -1.56948 4.47233
      vertex 0.396206 -1.99186 4.29395
    endloop
  endfacet
  facet normal 0.0706191 -0.281906 0.95684
    outer loop
      vertex 0.46452 -1.53132 4.47233
      vertex 0.225164 -1.13198 4.60765
      vertex 0.312188 -1.56948 4.47233
    endloop
  endfacet
  facet normal 0.0286559 -0.193202 0.98074
    outer loop
      vertex 0.135972 -0.683578 4.69859
      vertex 0.0683146 -0.693613 4.69859
      vertex 0.113127 -1.1486 4.60765
    endloop
  endfacet
  facet normal 0.0286604 -0.193202 0.98074
    outer loop
      vertex 0.135972 -0.683578 4.69859
      vertex 0.113127 -1.1486 4.60765
      vertex 0.225164 -1.13198 4.60765
    endloop
  endfacet
  facet normal 0.0788231 -0.0584566 0.995173
    outer loop
      vertex 0.193791 -0.129487 4.74428
      vertex 0.180166 -0.147859 4.74428
      vertex 0.579509 -0.387216 4.69859
    endloop
  endfacet
  facet normal 0.167532 -0.100408 0.98074
    outer loop
      vertex 1.01787 -0.544065 4.60765
      vertex 0.579509 -0.387216 4.69859
      vertex 0.959645 -0.641214 4.60765
    endloop
  endfacet
  facet normal 0.167531 -0.100411 0.98074
    outer loop
      vertex 0.614672 -0.328548 4.69859
      vertex 0.579509 -0.387216 4.69859
      vertex 1.01787 -0.544065 4.60765
    endloop
  endfacet
  facet normal -0.0951929 -0.0238459 0.995173
    outer loop
      vertex -0.228593 -0.0454693 4.74428
      vertex -0.683578 -0.135972 4.69859
      vertex -0.666958 -0.202319 4.69859
    endloop
  endfacet
  facet normal 0.100411 -0.167531 0.98074
    outer loop
      vertex 0.387216 -0.579509 4.69859
      vertex 0.328548 -0.614672 4.69859
      vertex 0.544065 -1.01787 4.60765
    endloop
  endfacet
  facet normal 0.0835142 -0.176563 0.98074
    outer loop
      vertex 0.544065 -1.01787 4.60765
      vertex 0.328548 -0.614672 4.69859
      vertex 0.441676 -1.0663 4.60765
    endloop
  endfacet
  facet normal 0.131166 -0.14472 0.98074
    outer loop
      vertex 0.816111 -0.816111 4.60765
      vertex 0.492831 -0.492831 4.69859
      vertex 0.732188 -0.892174 4.60765
    endloop
  endfacet
  facet normal 0.0584601 -0.078821 0.995173
    outer loop
      vertex 0.442152 -0.538764 4.69859
      vertex 0.147859 -0.180166 4.74428
      vertex 0.387216 -0.579509 4.69859
    endloop
  endfacet
  facet normal -0.0887128 -0.0419567 0.995173
    outer loop
      vertex -0.215329 -0.0891924 4.74428
      vertex -0.643915 -0.266718 4.69859
      vertex -0.20555 -0.109869 4.74428
    endloop
  endfacet
  facet normal 0.14472 -0.131167 0.98074
    outer loop
      vertex 0.538764 -0.442152 4.69859
      vertex 0.492831 -0.492831 4.69859
      vertex 0.892174 -0.732188 4.60765
    endloop
  endfacet
  facet normal -0.0419573 -0.0887126 0.995173
    outer loop
      vertex -0.109869 -0.20555 4.74428
      vertex -0.328548 -0.614672 4.69859
      vertex -0.266718 -0.643915 4.69859
    endloop
  endfacet
  facet normal 0.281073 -0.378994 0.881681
    outer loop
      vertex 1.28838 -1.5699 4.29395
      vertex 1.1283 -1.68862 4.29395
      vertex 1.54918 -1.88768 4.07421
    endloop
  endfacet
  facet normal 0.25726 -0.283823 0.923722
    outer loop
      vertex 1.43605 -1.43605 4.29395
      vertex 1.01517 -1.23699 4.47233
      vertex 1.28838 -1.5699 4.29395
    endloop
  endfacet
  facet normal 0.173121 -0.233427 0.956839
    outer loop
      vertex 0.732188 -0.892174 4.60765
      vertex 0.641214 -0.959645 4.60765
      vertex 1.01517 -1.23699 4.47233
    endloop
  endfacet
  facet normal 0.173125 -0.233422 0.95684
    outer loop
      vertex 1.01517 -1.23699 4.47233
      vertex 0.641214 -0.959645 4.60765
      vertex 0.889038 -1.33054 4.47233
    endloop
  endfacet
  facet normal 0.196933 -0.328568 0.923721
    outer loop
      vertex 1.1283 -1.68862 4.29395
      vertex 0.754341 -1.41127 4.47233
      vertex 0.957353 -1.79108 4.29395
    endloop
  endfacet
  facet normal 0.196929 -0.328573 0.92372
    outer loop
      vertex 0.889038 -1.33054 4.47233
      vertex 0.754341 -1.41127 4.47233
      vertex 1.1283 -1.68862 4.29395
    endloop
  endfacet
  facet normal -0.0272725 -0.555354 0.831167
    outer loop
      vertex -0.239356 -2.43023 4.07421
      vertex -0.277346 -2.81595 3.81524
      vertex 0 -2.82957 3.81524
    endloop
  endfacet
  facet normal -0.135107 -0.539368 0.831161
    outer loop
      vertex -0.476408 -2.39507 4.07421
      vertex -0.708871 -2.33684 4.07421
      vertex -0.552022 -2.7752 3.81524
    endloop
  endfacet
  facet normal -0.213875 -0.597739 0.772635
    outer loop
      vertex -0.821381 -2.70773 3.81524
      vertex -1.22072 -2.94709 3.51952
      vertex -0.92598 -3.05255 3.51952
    endloop
  endfacet
  facet normal -0.15425 -0.615826 0.772635
    outer loop
      vertex -0.821381 -2.70773 3.81524
      vertex -0.92598 -3.05255 3.51952
      vertex -0.622319 -3.12861 3.51952
    endloop
  endfacet
  facet normal -0.0238462 0.0951928 0.995173
    outer loop
      vertex -0.0454693 0.228593 4.74428
      vertex -0.202319 0.666958 4.69859
      vertex -0.0676565 0.223035 4.74428
    endloop
  endfacet
  facet normal -0.0887126 -0.0419573 0.995173
    outer loop
      vertex -0.20555 -0.109869 4.74428
      vertex -0.643915 -0.266718 4.69859
      vertex -0.614672 -0.328548 4.69859
    endloop
  endfacet
  facet normal -0.0504523 0.0841715 0.995173
    outer loop
      vertex -0.109869 0.20555 4.74428
      vertex -0.387216 0.579509 4.69859
      vertex -0.129487 0.193791 4.74428
    endloop
  endfacet
  facet normal -0.100408 0.167532 0.98074
    outer loop
      vertex -0.544065 1.01787 4.60765
      vertex -0.641214 0.959645 4.60765
      vertex -0.387216 0.579509 4.69859
    endloop
  endfacet
  facet normal -0.0142662 -0.290268 0.956839
    outer loop
      vertex -0.113127 -1.1486 4.60765
      vertex -0.156849 -1.59252 4.47233
      vertex 0 -1.15416 4.60765
    endloop
  endfacet
  facet normal -0.00958785 -0.19508 0.98074
    outer loop
      vertex -0.0683146 -0.693613 4.69859
      vertex -0.113127 -1.1486 4.60765
      vertex 0 -1.15416 4.60765
    endloop
  endfacet
  facet normal -0.0979107 -0.273624 0.95684
    outer loop
      vertex -0.441676 -1.0663 4.60765
      vertex -0.61238 -1.47842 4.47233
      vertex -0.335033 -1.10446 4.60765
    endloop
  endfacet
  facet normal -0.0978979 -0.273633 0.956839
    outer loop
      vertex -0.335033 -1.10446 4.60765
      vertex -0.61238 -1.47842 4.47233
      vertex -0.46452 -1.53132 4.47233
    endloop
  endfacet
  facet normal -0.0835076 -0.176564 0.98074
    outer loop
      vertex -0.328548 -0.614672 4.69859
      vertex -0.441676 -1.0663 4.60765
      vertex -0.266718 -0.643915 4.69859
    endloop
  endfacet
  facet normal -0.0658018 -0.183898 0.98074
    outer loop
      vertex -0.266718 -0.643915 4.69859
      vertex -0.441676 -1.0663 4.60765
      vertex -0.202319 -0.666958 4.69859
    endloop
  endfacet
  facet normal -0.0951928 -0.0238462 0.995173
    outer loop
      vertex -0.228593 -0.0454693 4.74428
      vertex -0.666958 -0.202319 4.69859
      vertex -0.223035 -0.0676565 4.74428
    endloop
  endfacet
  facet normal 0.0584566 -0.0788231 0.995173
    outer loop
      vertex 0.147859 -0.180166 4.74428
      vertex 0.129487 -0.193791 4.74428
      vertex 0.387216 -0.579509 4.69859
    endloop
  endfacet
  facet normal 0.0815793 -0.550015 0.831161
    outer loop
      vertex 0.476408 -2.39507 4.07421
      vertex 0.239356 -2.43023 4.07421
      vertex 0.552022 -2.7752 3.81524
    endloop
  endfacet
  facet normal 0.0692261 -0.466729 0.881687
    outer loop
      vertex 0.396206 -1.99186 4.29395
      vertex 0.239356 -2.43023 4.07421
      vertex 0.476408 -2.39507 4.07421
    endloop
  endfacet
  facet normal -0.756648 0.453517 0.470962
    outer loop
      vertex -3.57029 2.38559 2.03089
      vertex -3.59313 1.92057 2.44199
      vertex -3.38758 2.26351 2.44199
    endloop
  endfacet
  facet normal -0.713443 0.42762 0.555104
    outer loop
      vertex -3.38758 2.26351 2.44199
      vertex -3.59313 1.92057 2.44199
      vertex -3.36474 1.79849 2.82957
    endloop
  endfacet
  facet normal -0.51937 0.573034 0.633945
    outer loop
      vertex -2.42036 2.94922 2.82957
      vertex -2.69778 2.69778 2.82957
      vertex -2.23276 2.72062 3.1899
    endloop
  endfacet
  facet normal -0.558589 0.616306 0.555108
    outer loop
      vertex -2.58465 3.14941 2.44199
      vertex -2.69778 2.69778 2.82957
      vertex -2.42036 2.94922 2.82957
    endloop
  endfacet
  facet normal -0.363752 -0.606867 0.70668
    outer loop
      vertex -1.50371 -2.81324 3.51952
      vertex -1.95534 -2.92637 3.1899
      vertex -1.65909 -3.10394 3.1899
    endloop
  endfacet
  facet normal -0.363737 -0.606891 0.706668
    outer loop
      vertex -1.77222 -2.65231 3.51952
      vertex -1.95534 -2.92637 3.1899
      vertex -1.50371 -2.81324 3.51952
    endloop
  endfacet
  facet normal 0.187323 -0.523522 0.831165
    outer loop
      vertex 0.934508 -2.2561 4.07421
      vertex 0.821381 -2.70773 3.81524
      vertex 1.08283 -2.61418 3.81524
    endloop
  endfacet
  facet normal 0.237726 -0.502644 0.831165
    outer loop
      vertex 1.33385 -2.49546 3.81524
      vertex 0.934508 -2.2561 4.07421
      vertex 1.08283 -2.61418 3.81524
    endloop
  endfacet
  facet normal -0.5683 -0.421483 -0.706673
    outer loop
      vertex -2.72062 -2.23276 -3.1899
      vertex -2.92637 -1.95534 -3.1899
      vertex -2.46583 -2.02365 -3.51952
    endloop
  endfacet
  facet normal -0.524246 -0.475162 -0.706673
    outer loop
      vertex -2.48867 -2.48867 -3.1899
      vertex -2.72062 -2.23276 -3.1899
      vertex -2.46583 -2.02365 -3.51952
    endloop
  endfacet
  facet normal -0.470399 -0.42635 -0.772626
    outer loop
      vertex -2.46583 -2.02365 -3.51952
      vertex -2.2196 -2.01289 -3.67537
      vertex -2.2556 -2.2556 -3.51952
    endloop
  endfacet
  facet normal -0.470405 -0.426327 -0.772635
    outer loop
      vertex -2.2196 -2.01289 -3.67537
      vertex -2.46583 -2.02365 -3.51952
      vertex -2.31903 -1.90318 -3.67537
    endloop
  endfacet
  facet normal -0.470387 -0.426355 -0.77263
    outer loop
      vertex -2.12132 -2.12132 -3.67537
      vertex -2.2556 -2.2556 -3.51952
      vertex -2.2196 -2.01289 -3.67537
    endloop
  endfacet
  facet normal -0.615813 -0.154272 -0.772642
    outer loop
      vertex -3.05255 -0.92598 -3.51952
      vertex -2.9068 -0.72723 -3.67537
      vertex -2.87082 -0.870853 -3.67537
    endloop
  endfacet
  facet normal -0.61583 -0.154251 -0.772632
    outer loop
      vertex -2.9068 -0.72723 -3.67537
      vertex -3.05255 -0.92598 -3.51952
      vertex -3.12861 -0.622319 -3.51952
    endloop
  endfacet
  facet normal -0.615833 -0.154263 -0.772627
    outer loop
      vertex -3.12861 -0.622319 -3.51952
      vertex -2.94236 -0.585271 -3.67537
      vertex -2.9068 -0.72723 -3.67537
    endloop
  endfacet
  facet normal -0.750202 -0.187911 -0.633945
    outer loop
      vertex -3.36797 -1.02166 -3.1899
      vertex -3.74193 -0.744315 -2.82957
      vertex -3.45189 -0.686624 -3.1899
    endloop
  endfacet
  facet normal -0.765007 -0.11348 -0.633945
    outer loop
      vertex -3.45189 -0.686624 -3.1899
      vertex -3.74193 -0.744315 -2.82957
      vertex -3.50257 -0.344973 -3.1899
    endloop
  endfacet
  facet normal -0.663348 -0.397606 -0.633939
    outer loop
      vertex -2.92637 -1.95534 -3.1899
      vertex -3.36474 -1.79849 -2.82957
      vertex -3.10394 -1.65909 -3.1899
    endloop
  endfacet
  facet normal -0.699133 -0.330657 -0.633939
    outer loop
      vertex -3.10394 -1.65909 -3.1899
      vertex -3.36474 -1.79849 -2.82957
      vertex -3.25161 -1.34686 -3.1899
    endloop
  endfacet
  facet normal 0.544536 -0.326365 -0.772636
    outer loop
      vertex 2.65231 -1.77222 -3.51952
      vertex 2.57053 -1.53971 -3.67537
      vertex 2.81324 -1.50371 -3.51952
    endloop
  endfacet
  facet normal 0.544525 -0.326372 -0.772641
    outer loop
      vertex 2.65231 -1.77222 -3.51952
      vertex 2.49441 -1.66671 -3.67537
      vertex 2.57053 -1.53971 -3.67537
    endloop
  endfacet
  facet normal 0.509913 -0.378172 -0.772641
    outer loop
      vertex 2.65231 -1.77222 -3.51952
      vertex 2.40723 -1.78426 -3.67537
      vertex 2.49441 -1.66671 -3.67537
    endloop
  endfacet
  facet normal -0.923496 -0.330427 -0.194866
    outer loop
      vertex -4.34093 -1.79807 -0.696969
      vertex -4.40924 -1.33753 -1.15416
      vertex -4.25691 -1.76327 -1.15416
    endloop
  endfacet
  facet normal -0.901097 -0.322413 -0.289956
    outer loop
      vertex -4.25691 -1.76327 -1.15416
      vertex -4.40924 -1.33753 -1.15416
      vertex -4.1319 -1.71149 -1.60023
    endloop
  endfacet
  facet normal -0.792574 -0.475048 -0.382303
    outer loop
      vertex -3.71861 -2.4847 -1.60023
      vertex -3.94425 -2.10824 -1.60023
      vertex -3.78692 -2.02415 -2.03089
    endloop
  endfacet
  facet normal -0.820881 -0.492014 -0.289959
    outer loop
      vertex -3.83112 -2.55987 -1.15416
      vertex -3.94425 -2.10824 -1.60023
      vertex -3.71861 -2.4847 -1.60023
    endloop
  endfacet
  facet normal -0.737384 0.66834 0.0979086
    outer loop
      vertex -3.3224 3.3224 0.696969
      vertex -3.66738 3.00974 0.233071
      vertex -3.63206 2.98075 0.696969
    endloop
  endfacet
  facet normal -0.799349 0.592837 0.097908
    outer loop
      vertex -3.66738 3.00974 0.233071
      vertex -3.90673 2.6104 0.696969
      vertex -3.63206 2.98075 0.696969
    endloop
  endfacet
  facet normal -0.377178 0.79746 0.470951
    outer loop
      vertex -1.64322 3.96709 2.03089
      vertex -2.02415 3.78692 2.03089
      vertex -1.92057 3.59313 2.44199
    endloop
  endfacet
  facet normal -0.453507 0.756662 0.47095
    outer loop
      vertex -2.02415 3.78692 2.03089
      vertex -2.38559 3.57029 2.03089
      vertex -1.92057 3.59313 2.44199
    endloop
  endfacet
  facet normal -0.213878 0.597736 0.772637
    outer loop
      vertex -0.821381 2.70773 3.81524
      vertex -1.22072 2.94709 3.51952
      vertex -1.08283 2.61418 3.81524
    endloop
  endfacet
  facet normal -0.271443 0.573893 0.772636
    outer loop
      vertex -1.22072 2.94709 3.51952
      vertex -1.50371 2.81324 3.51952
      vertex -1.08283 2.61418 3.81524
    endloop
  endfacet
  facet normal 0.0931466 0.627982 0.772633
    outer loop
      vertex 0.622319 3.12861 3.51952
      vertex 0.312665 3.17454 3.51952
      vertex 0.552022 2.7752 3.81524
    endloop
  endfacet
  facet normal 0.0311395 0.634098 0.772626
    outer loop
      vertex 0.312665 3.17454 3.51952
      vertex 0 2.82957 3.81524
      vertex 0.277346 2.81595 3.81524
    endloop
  endfacet
  facet normal -0.0815967 0.550004 0.831167
    outer loop
      vertex -0.277346 2.81595 3.81524
      vertex -0.552022 2.7752 3.81524
      vertex -0.239356 2.43023 4.07421
    endloop
  endfacet
  facet normal -0.0931466 0.627982 0.772633
    outer loop
      vertex -0.312665 3.17454 3.51952
      vertex -0.622319 3.12861 3.51952
      vertex -0.552022 2.7752 3.81524
    endloop
  endfacet
  facet normal 0.0238459 0.0951929 0.995173
    outer loop
      vertex 0.135972 0.683578 4.69859
      vertex 0.0454693 0.228593 4.74428
      vertex 0.202319 0.666958 4.69859
    endloop
  endfacet
  facet normal 0.131167 0.14472 0.98074
    outer loop
      vertex 0.732188 0.892174 4.60765
      vertex 0.442152 0.538764 4.69859
      vertex 0.492831 0.492831 4.69859
    endloop
  endfacet
  facet normal 0.233427 0.173121 0.956839
    outer loop
      vertex 1.23699 1.01517 4.47233
      vertex 0.892174 0.732188 4.60765
      vertex 0.959645 0.641214 4.60765
    endloop
  endfacet
  facet normal -0.196929 0.328573 0.92372
    outer loop
      vertex -0.754341 1.41127 4.47233
      vertex -1.1283 1.68862 4.29395
      vertex -0.889038 1.33054 4.47233
    endloop
  endfacet
  facet normal -0.2282 0.307679 0.92372
    outer loop
      vertex -0.889038 1.33054 4.47233
      vertex -1.1283 1.68862 4.29395
      vertex -1.01517 1.23699 4.47233
    endloop
  endfacet
  facet normal -0.0562026 0.378926 0.923719
    outer loop
      vertex -0.156849 1.59252 4.47233
      vertex -0.396206 1.99186 4.29395
      vertex -0.312188 1.56948 4.47233
    endloop
  endfacet
  facet normal -0.0188072 0.382606 0.92372
    outer loop
      vertex 0 2.03089 4.29395
      vertex -0.156849 1.59252 4.47233
      vertex 0 1.60023 4.47233
    endloop
  endfacet
  facet normal 0.00958341 0.195079 0.980741
    outer loop
      vertex 0 1.15416 4.60765
      vertex 0 0.696969 4.69859
      vertex 0.0683146 0.693613 4.69859
    endloop
  endfacet
  facet normal 0.00958785 0.19508 0.98074
    outer loop
      vertex 0.113127 1.1486 4.60765
      vertex 0 1.15416 4.60765
      vertex 0.0683146 0.693613 4.69859
    endloop
  endfacet
  facet normal 0.0286559 0.193202 0.98074
    outer loop
      vertex 0.113127 1.1486 4.60765
      vertex 0.0683146 0.693613 4.69859
      vertex 0.135972 0.683578 4.69859
    endloop
  endfacet
  facet normal -0.0930853 0.37159 0.923719
    outer loop
      vertex -0.396206 1.99186 4.29395
      vertex -0.46452 1.53132 4.47233
      vertex -0.312188 1.56948 4.47233
    endloop
  endfacet
  facet normal -0.0426448 0.287473 0.956839
    outer loop
      vertex -0.156849 1.59252 4.47233
      vertex -0.225164 1.13198 4.60765
      vertex -0.113127 1.1486 4.60765
    endloop
  endfacet
  facet normal -0.114634 0.457705 0.881683
    outer loop
      vertex -0.396206 1.99186 4.29395
      vertex -0.708871 2.33684 4.07421
      vertex -0.589535 1.94344 4.29395
    endloop
  endfacet
  facet normal -0.158974 0.444254 0.881683
    outer loop
      vertex -0.708871 2.33684 4.07421
      vertex -0.777186 1.87629 4.29395
      vertex -0.589535 1.94344 4.29395
    endloop
  endfacet
  facet normal -0.0835142 0.176563 0.98074
    outer loop
      vertex -0.441676 1.0663 4.60765
      vertex -0.544065 1.01787 4.60765
      vertex -0.328548 0.614672 4.69859
    endloop
  endfacet
  facet normal -0.124262 0.26271 0.95684
    outer loop
      vertex -0.441676 1.0663 4.60765
      vertex -0.754341 1.41127 4.47233
      vertex -0.544065 1.01787 4.60765
    endloop
  endfacet
  facet normal 0.149399 0.249274 0.95684
    outer loop
      vertex 0.754341 1.41127 4.47233
      vertex 0.544065 1.01787 4.60765
      vertex 0.641214 0.959645 4.60765
    endloop
  endfacet
  facet normal 0.100408 0.167532 0.98074
    outer loop
      vertex 0.544065 1.01787 4.60765
      vertex 0.387216 0.579509 4.69859
      vertex 0.641214 0.959645 4.60765
    endloop
  endfacet
  facet normal 0.0979107 0.273624 0.95684
    outer loop
      vertex 0.61238 1.47842 4.47233
      vertex 0.335033 1.10446 4.60765
      vertex 0.441676 1.0663 4.60765
    endloop
  endfacet
  facet normal 0.0835076 0.176564 0.98074
    outer loop
      vertex 0.441676 1.0663 4.60765
      vertex 0.266718 0.643915 4.69859
      vertex 0.328548 0.614672 4.69859
    endloop
  endfacet
  facet normal -0.0272725 0.555354 0.831167
    outer loop
      vertex 0 2.82957 3.81524
      vertex -0.277346 2.81595 3.81524
      vertex -0.239356 2.43023 4.07421
    endloop
  endfacet
  facet normal -0.0931662 0.627988 0.772626
    outer loop
      vertex -0.312665 3.17454 3.51952
      vertex -0.552022 2.7752 3.81524
      vertex -0.277346 2.81595 3.81524
    endloop
  endfacet
  facet normal -0.0692261 0.466729 0.881687
    outer loop
      vertex -0.239356 2.43023 4.07421
      vertex -0.476408 2.39507 4.07421
      vertex -0.396206 1.99186 4.29395
    endloop
  endfacet
  facet normal -0.0815793 0.550015 0.831161
    outer loop
      vertex -0.239356 2.43023 4.07421
      vertex -0.552022 2.7752 3.81524
      vertex -0.476408 2.39507 4.07421
    endloop
  endfacet
  facet normal -0.0692485 0.466735 0.881682
    outer loop
      vertex -0.239356 2.43023 4.07421
      vertex -0.396206 1.99186 4.29395
      vertex -0.199061 2.02111 4.29395
    endloop
  endfacet
  facet normal -0.0562192 0.378918 0.923721
    outer loop
      vertex -0.199061 2.02111 4.29395
      vertex -0.396206 1.99186 4.29395
      vertex -0.156849 1.59252 4.47233
    endloop
  endfacet
  facet normal 0.0692261 0.466729 0.881687
    outer loop
      vertex 0.476408 2.39507 4.07421
      vertex 0.239356 2.43023 4.07421
      vertex 0.396206 1.99186 4.29395
    endloop
  endfacet
  facet normal 0.0815793 0.550015 0.831161
    outer loop
      vertex 0.552022 2.7752 3.81524
      vertex 0.239356 2.43023 4.07421
      vertex 0.476408 2.39507 4.07421
    endloop
  endfacet
  facet normal 0.0930656 0.371588 0.923721
    outer loop
      vertex 0.589535 1.94344 4.29395
      vertex 0.396206 1.99186 4.29395
      vertex 0.46452 1.53132 4.47233
    endloop
  endfacet
  facet normal 0.129063 0.360668 0.923721
    outer loop
      vertex 0.589535 1.94344 4.29395
      vertex 0.46452 1.53132 4.47233
      vertex 0.777186 1.87629 4.29395
    endloop
  endfacet
  facet normal -0.742195 0.550456 0.382289
    outer loop
      vertex -3.45716 2.83722 1.60023
      vertex -3.71861 2.4847 1.60023
      vertex -3.31927 2.72405 2.03089
    endloop
  endfacet
  facet normal -0.742196 0.550452 0.382292
    outer loop
      vertex -3.31927 2.72405 2.03089
      vertex -3.71861 2.4847 1.60023
      vertex -3.57029 2.38559 2.03089
    endloop
  endfacet
  facet normal -0.616304 0.558595 0.555105
    outer loop
      vertex -2.8809 2.8809 2.44199
      vertex -3.14941 2.58465 2.44199
      vertex -2.69778 2.69778 2.82957
    endloop
  endfacet
  facet normal -0.558595 0.616304 0.555105
    outer loop
      vertex -2.58465 3.14941 2.44199
      vertex -2.8809 2.8809 2.44199
      vertex -2.69778 2.69778 2.82957
    endloop
  endfacet
  facet normal 0.363737 0.606891 -0.706668
    outer loop
      vertex 1.77222 2.65231 -3.51952
      vertex 1.50371 2.81324 -3.51952
      vertex 1.95534 2.92637 -3.1899
    endloop
  endfacet
  facet normal 0.238367 0.666181 -0.706671
    outer loop
      vertex 1.22072 2.94709 -3.51952
      vertex 1.02166 3.36797 -3.1899
      vertex 1.34686 3.25161 -3.1899
    endloop
  endfacet
  facet normal 0.213873 0.597734 -0.77264
    outer loop
      vertex 1.01026 2.82094 -3.67537
      vertex 0.92598 3.05255 -3.51952
      vertex 1.22072 2.94709 -3.51952
    endloop
  endfacet
  facet normal 0.21387 0.597734 -0.772641
    outer loop
      vertex 0.870853 2.87082 -3.67537
      vertex 0.92598 3.05255 -3.51952
      vertex 1.01026 2.82094 -3.67537
    endloop
  endfacet
  facet normal 0.238364 0.666181 -0.706672
    outer loop
      vertex 1.22072 2.94709 -3.51952
      vertex 0.92598 3.05255 -3.51952
      vertex 1.02166 3.36797 -3.1899
    endloop
  endfacet
  facet normal -0.470401 0.426344 0.772628
    outer loop
      vertex -2.00081 2.00081 3.81524
      vertex -2.2556 2.2556 3.51952
      vertex -2.18729 1.79506 3.81524
    endloop
  endfacet
  facet normal -0.378192 0.509914 0.772631
    outer loop
      vertex -1.77222 2.65231 3.51952
      vertex -2.02365 2.46583 3.51952
      vertex -1.79506 2.18729 3.81524
    endloop
  endfacet
  facet normal -0.621181 0.460702 0.633946
    outer loop
      vertex -2.72062 2.23276 3.1899
      vertex -2.94922 2.42036 2.82957
      vertex -2.92637 1.95534 3.1899
    endloop
  endfacet
  facet normal -0.470395 0.426346 0.77263
    outer loop
      vertex -2.2556 2.2556 3.51952
      vertex -2.46583 2.02365 3.51952
      vertex -2.18729 1.79506 3.81524
    endloop
  endfacet
  facet normal -0.426346 0.470395 0.77263
    outer loop
      vertex -2.02365 2.46583 3.51952
      vertex -2.2556 2.2556 3.51952
      vertex -1.79506 2.18729 3.81524
    endloop
  endfacet
  facet normal -0.47516 0.524251 0.706671
    outer loop
      vertex -2.02365 2.46583 3.51952
      vertex -2.48867 2.48867 3.1899
      vertex -2.2556 2.2556 3.51952
    endloop
  endfacet
  facet normal -0.606867 0.363752 0.70668
    outer loop
      vertex -2.92637 1.95534 3.1899
      vertex -3.10394 1.65909 3.1899
      vertex -2.81324 1.50371 3.51952
    endloop
  endfacet
  facet normal -0.663348 0.397606 0.633939
    outer loop
      vertex -2.92637 1.95534 3.1899
      vertex -3.36474 1.79849 2.82957
      vertex -3.10394 1.65909 3.1899
    endloop
  endfacet
  facet normal -0.597736 0.213878 0.772637
    outer loop
      vertex -2.61418 1.08283 3.81524
      vertex -2.94709 1.22072 3.51952
      vertex -2.70773 0.821381 3.81524
    endloop
  endfacet
  facet normal -0.523522 0.187323 0.831165
    outer loop
      vertex -2.61418 1.08283 3.81524
      vertex -2.70773 0.821381 3.81524
      vertex -2.2561 0.934508 4.07421
    endloop
  endfacet
  facet normal -0.378994 0.281073 0.881681
    outer loop
      vertex -1.5699 1.28838 4.29395
      vertex -1.88768 1.54918 4.07421
      vertex -1.68862 1.1283 4.29395
    endloop
  endfacet
  facet normal -0.307683 0.228187 0.923722
    outer loop
      vertex -1.5699 1.28838 4.29395
      vertex -1.68862 1.1283 4.29395
      vertex -1.23699 1.01517 4.47233
    endloop
  endfacet
  facet normal 0.0727125 -0.0659034 0.995173
    outer loop
      vertex 0.180166 -0.147859 4.74428
      vertex 0.164806 -0.164806 4.74428
      vertex 0.538764 -0.442152 4.69859
    endloop
  endfacet
  facet normal -0.0659032 0.0727126 0.995173
    outer loop
      vertex -0.442152 0.538764 4.69859
      vertex -0.492831 0.492831 4.69859
      vertex -0.164806 0.164806 4.74428
    endloop
  endfacet
  facet normal -0.0584601 0.078821 0.995173
    outer loop
      vertex -0.387216 0.579509 4.69859
      vertex -0.442152 0.538764 4.69859
      vertex -0.147859 0.180166 4.74428
    endloop
  endfacet
  facet normal -0.0419567 0.0887128 0.995173
    outer loop
      vertex -0.0891924 0.215329 4.74428
      vertex -0.266718 0.643915 4.69859
      vertex -0.109869 0.20555 4.74428
    endloop
  endfacet
  facet normal 0.116353 -0.156877 0.98074
    outer loop
      vertex 0.442152 -0.538764 4.69859
      vertex 0.387216 -0.579509 4.69859
      vertex 0.732188 -0.892174 4.60765
    endloop
  endfacet
  facet normal -0.176564 -0.0835076 0.98074
    outer loop
      vertex -0.643915 -0.266718 4.69859
      vertex -1.0663 -0.441676 4.60765
      vertex -0.614672 -0.328548 4.69859
    endloop
  endfacet
  facet normal -0.0143978 0.0970723 0.995173
    outer loop
      vertex -0.0683146 0.693613 4.69859
      vertex -0.135972 0.683578 4.69859
      vertex -0.0228443 0.231949 4.74428
    endloop
  endfacet
  facet normal 0.0504498 -0.0841733 0.995173
    outer loop
      vertex 0.387216 -0.579509 4.69859
      vertex 0.109869 -0.20555 4.74428
      vertex 0.328548 -0.614672 4.69859
    endloop
  endfacet
  facet normal 0.0330617 -0.0923973 0.995173
    outer loop
      vertex 0.0891924 -0.215329 4.74428
      vertex 0.0676565 -0.223035 4.74428
      vertex 0.202319 -0.666958 4.69859
    endloop
  endfacet
  facet normal 0.0238462 -0.0951928 0.995173
    outer loop
      vertex 0.0676565 -0.223035 4.74428
      vertex 0.0454693 -0.228593 4.74428
      vertex 0.202319 -0.666958 4.69859
    endloop
  endfacet
  facet normal 0.0980162 -0.00481408 0.995173
    outer loop
      vertex 0.233071 0 4.74428
      vertex 0.231949 -0.0228443 4.74428
      vertex 0.693613 -0.0683146 4.69859
    endloop
  endfacet
  facet normal 0.0970723 -0.0143978 0.995173
    outer loop
      vertex 0.693613 -0.0683146 4.69859
      vertex 0.231949 -0.0228443 4.74428
      vertex 0.683578 -0.135972 4.69859
    endloop
  endfacet
  facet normal 0.0887126 -0.0419573 0.995173
    outer loop
      vertex 0.643915 -0.266718 4.69859
      vertex 0.20555 -0.109869 4.74428
      vertex 0.614672 -0.328548 4.69859
    endloop
  endfacet
  facet normal 0.183897 -0.0658039 0.98074
    outer loop
      vertex 1.10446 -0.335033 4.60765
      vertex 0.666958 -0.202319 4.69859
      vertex 1.0663 -0.441676 4.60765
    endloop
  endfacet
  facet normal -0.0584601 -0.078821 0.995173
    outer loop
      vertex -0.147859 -0.180166 4.74428
      vertex -0.442152 -0.538764 4.69859
      vertex -0.387216 -0.579509 4.69859
    endloop
  endfacet
  facet normal -0.0584566 -0.0788231 0.995173
    outer loop
      vertex -0.147859 -0.180166 4.74428
      vertex -0.387216 -0.579509 4.69859
      vertex -0.129487 -0.193791 4.74428
    endloop
  endfacet
  facet normal 0.215334 -0.195167 0.956839
    outer loop
      vertex 0.892174 -0.732188 4.60765
      vertex 0.816111 -0.816111 4.60765
      vertex 1.23699 -1.01517 4.47233
    endloop
  endfacet
  facet normal -0.0330617 0.0923973 0.995173
    outer loop
      vertex -0.0676565 0.223035 4.74428
      vertex -0.202319 0.666958 4.69859
      vertex -0.0891924 0.215329 4.74428
    endloop
  endfacet
  facet normal -0.0659034 0.0727125 0.995173
    outer loop
      vertex -0.147859 0.180166 4.74428
      vertex -0.442152 0.538764 4.69859
      vertex -0.164806 0.164806 4.74428
    endloop
  endfacet
  facet normal 0.149399 -0.249274 0.95684
    outer loop
      vertex 0.641214 -0.959645 4.60765
      vertex 0.544065 -1.01787 4.60765
      vertex 0.754341 -1.41127 4.47233
    endloop
  endfacet
  facet normal 0.100408 -0.167532 0.98074
    outer loop
      vertex 0.641214 -0.959645 4.60765
      vertex 0.387216 -0.579509 4.69859
      vertex 0.544065 -1.01787 4.60765
    endloop
  endfacet
  facet normal 0.0659032 -0.0727126 0.995173
    outer loop
      vertex 0.492831 -0.492831 4.69859
      vertex 0.164806 -0.164806 4.74428
      vertex 0.442152 -0.538764 4.69859
    endloop
  endfacet
  facet normal 0.0659034 -0.0727125 0.995173
    outer loop
      vertex 0.164806 -0.164806 4.74428
      vertex 0.147859 -0.180166 4.74428
      vertex 0.442152 -0.538764 4.69859
    endloop
  endfacet
  facet normal 0.215336 -0.195164 0.956839
    outer loop
      vertex 1.23699 -1.01517 4.47233
      vertex 0.816111 -0.816111 4.60765
      vertex 1.13153 -1.13153 4.47233
    endloop
  endfacet
  facet normal 0.195164 -0.215336 0.956839
    outer loop
      vertex 1.13153 -1.13153 4.47233
      vertex 0.816111 -0.816111 4.60765
      vertex 1.01517 -1.23699 4.47233
    endloop
  endfacet
  facet normal -0.0815967 -0.550004 0.831167
    outer loop
      vertex -0.239356 -2.43023 4.07421
      vertex -0.552022 -2.7752 3.81524
      vertex -0.277346 -2.81595 3.81524
    endloop
  endfacet
  facet normal -0.0931662 -0.627988 0.772626
    outer loop
      vertex -0.277346 -2.81595 3.81524
      vertex -0.552022 -2.7752 3.81524
      vertex -0.312665 -3.17454 3.51952
    endloop
  endfacet
  facet normal -0.0692261 -0.466729 0.881687
    outer loop
      vertex -0.396206 -1.99186 4.29395
      vertex -0.476408 -2.39507 4.07421
      vertex -0.239356 -2.43023 4.07421
    endloop
  endfacet
  facet normal -0.114648 -0.457694 0.881687
    outer loop
      vertex -0.396206 -1.99186 4.29395
      vertex -0.708871 -2.33684 4.07421
      vertex -0.476408 -2.39507 4.07421
    endloop
  endfacet
  facet normal -0.242573 -0.404715 0.881683
    outer loop
      vertex -1.1283 -1.68862 4.29395
      vertex -1.15114 -2.15364 4.07421
      vertex -0.957353 -1.79108 4.29395
    endloop
  endfacet
  facet normal -0.242562 -0.404717 0.881685
    outer loop
      vertex -1.1283 -1.68862 4.29395
      vertex -1.3567 -2.03044 4.07421
      vertex -1.15114 -2.15364 4.07421
    endloop
  endfacet
  facet normal -0.187323 -0.523522 0.831165
    outer loop
      vertex -0.934508 -2.2561 4.07421
      vertex -1.08283 -2.61418 3.81524
      vertex -0.821381 -2.70773 3.81524
    endloop
  endfacet
  facet normal -0.237726 -0.502644 0.831165
    outer loop
      vertex -0.934508 -2.2561 4.07421
      vertex -1.33385 -2.49546 3.81524
      vertex -1.08283 -2.61418 3.81524
    endloop
  endfacet
  facet normal 0.0659034 0.0727125 0.995173
    outer loop
      vertex 0.442152 0.538764 4.69859
      vertex 0.147859 0.180166 4.74428
      vertex 0.164806 0.164806 4.74428
    endloop
  endfacet
  facet normal -0.0474568 -0.189463 0.98074
    outer loop
      vertex -0.135972 -0.683578 4.69859
      vertex -0.335033 -1.10446 4.60765
      vertex -0.225164 -1.13198 4.60765
    endloop
  endfacet
  facet normal -0.0474604 -0.189462 0.98074
    outer loop
      vertex -0.202319 -0.666958 4.69859
      vertex -0.335033 -1.10446 4.60765
      vertex -0.135972 -0.683578 4.69859
    endloop
  endfacet
  facet normal 0.0887128 -0.0419567 0.995173
    outer loop
      vertex 0.215329 -0.0891924 4.74428
      vertex 0.20555 -0.109869 4.74428
      vertex 0.643915 -0.266718 4.69859
    endloop
  endfacet
  facet normal -0.116353 -0.156877 0.98074
    outer loop
      vertex -0.442152 -0.538764 4.69859
      vertex -0.732188 -0.892174 4.60765
      vertex -0.387216 -0.579509 4.69859
    endloop
  endfacet
  facet normal 0.0931466 -0.627982 0.772633
    outer loop
      vertex 0.552022 -2.7752 3.81524
      vertex 0.312665 -3.17454 3.51952
      vertex 0.622319 -3.12861 3.51952
    endloop
  endfacet
  facet normal 0.154255 -0.615827 0.772633
    outer loop
      vertex 0.821381 -2.70773 3.81524
      vertex 0.552022 -2.7752 3.81524
      vertex 0.622319 -3.12861 3.51952
    endloop
  endfacet
  facet normal 0.0562192 -0.378918 0.923721
    outer loop
      vertex 0.396206 -1.99186 4.29395
      vertex 0.156849 -1.59252 4.47233
      vertex 0.199061 -2.02111 4.29395
    endloop
  endfacet
  facet normal 0.0187976 -0.382603 0.923721
    outer loop
      vertex 0.156849 -1.59252 4.47233
      vertex 0 -2.03089 4.29395
      vertex 0.199061 -2.02111 4.29395
    endloop
  endfacet
  facet normal 0.0272858 -0.555359 0.831163
    outer loop
      vertex 0 -2.44199 4.07421
      vertex 0 -2.82957 3.81524
      vertex 0.239356 -2.43023 4.07421
    endloop
  endfacet
  facet normal 0.0231546 -0.471274 0.881683
    outer loop
      vertex 0 -2.03089 4.29395
      vertex 0 -2.44199 4.07421
      vertex 0.239356 -2.43023 4.07421
    endloop
  endfacet
  facet normal 0.129063 -0.360668 0.923721
    outer loop
      vertex 0.777186 -1.87629 4.29395
      vertex 0.46452 -1.53132 4.47233
      vertex 0.589535 -1.94344 4.29395
    endloop
  endfacet
  facet normal 0.158974 -0.444254 0.881683
    outer loop
      vertex 0.777186 -1.87629 4.29395
      vertex 0.589535 -1.94344 4.29395
      vertex 0.708871 -2.33684 4.07421
    endloop
  endfacet
  facet normal -0.0311395 0.634098 0.772626
    outer loop
      vertex 0 2.82957 3.81524
      vertex -0.312665 3.17454 3.51952
      vertex -0.277346 2.81595 3.81524
    endloop
  endfacet
  facet normal -0.0311504 0.634092 0.77263
    outer loop
      vertex 0 3.1899 3.51952
      vertex -0.312665 3.17454 3.51952
      vertex 0 2.82957 3.81524
    endloop
  endfacet
  facet normal 0.0419573 0.0887126 0.995173
    outer loop
      vertex 0.266718 0.643915 4.69859
      vertex 0.109869 0.20555 4.74428
      vertex 0.328548 0.614672 4.69859
    endloop
  endfacet
  facet normal 0.0419567 0.0887128 0.995173
    outer loop
      vertex 0.266718 0.643915 4.69859
      vertex 0.0891924 0.215329 4.74428
      vertex 0.109869 0.20555 4.74428
    endloop
  endfacet
  facet normal 0.116353 0.156877 0.98074
    outer loop
      vertex 0.732188 0.892174 4.60765
      vertex 0.387216 0.579509 4.69859
      vertex 0.442152 0.538764 4.69859
    endloop
  endfacet
  facet normal 0 0 1
    outer loop
      vertex 0.231949 0.0228443 4.74428
      vertex 0.231949 -0.0228443 4.74428
      vertex 0.233071 0 4.74428
    endloop
  endfacet
  facet normal 0 0 1
    outer loop
      vertex 0.228593 0.0454693 4.74428
      vertex 0.231949 -0.0228443 4.74428
      vertex 0.231949 0.0228443 4.74428
    endloop
  endfacet
  facet normal 0 0 1
    outer loop
      vertex 0.228593 0.0454693 4.74428
      vertex 0.228593 -0.0454693 4.74428
      vertex 0.231949 -0.0228443 4.74428
    endloop
  endfacet
  facet normal 0 0 1
    outer loop
      vertex 0.223035 0.0676565 4.74428
      vertex 0.228593 -0.0454693 4.74428
      vertex 0.228593 0.0454693 4.74428
    endloop
  endfacet
  facet normal 0 0 1
    outer loop
      vertex 0.223035 0.0676565 4.74428
      vertex 0.223035 -0.0676565 4.74428
      vertex 0.228593 -0.0454693 4.74428
    endloop
  endfacet
  facet normal 0 0 1
    outer loop
      vertex 0.215329 0.0891924 4.74428
      vertex 0.223035 -0.0676565 4.74428
      vertex 0.223035 0.0676565 4.74428
    endloop
  endfacet
  facet normal 0 0 1
    outer loop
      vertex 0.215329 0.0891924 4.74428
      vertex 0.215329 -0.0891924 4.74428
      vertex 0.223035 -0.0676565 4.74428
    endloop
  endfacet
  facet normal 0 0 1
    outer loop
      vertex 0.20555 0.109869 4.74428
      vertex 0.215329 -0.0891924 4.74428
      vertex 0.215329 0.0891924 4.74428
    endloop
  endfacet
  facet normal 0 0 1
    outer loop
      vertex 0.20555 0.109869 4.74428
      vertex 0.20555 -0.109869 4.74428
      vertex 0.215329 -0.0891924 4.74428
    endloop
  endfacet
  facet normal 0 0 1
    outer loop
      vertex 0.193791 0.129487 4.74428
      vertex 0.20555 -0.109869 4.74428
      vertex 0.20555 0.109869 4.74428
    endloop
  endfacet
  facet normal 0 0 1
    outer loop
      vertex 0.193791 0.129487 4.74428
      vertex 0.193791 -0.129487 4.74428
      vertex 0.20555 -0.109869 4.74428
    endloop
  endfacet
  facet normal 0 0 1
    outer loop
      vertex 0.180166 0.147859 4.74428
      vertex 0.193791 -0.129487 4.74428
      vertex 0.193791 0.129487 4.74428
    endloop
  endfacet
  facet normal 0 0 1
    outer loop
      vertex 0.180166 0.147859 4.74428
      vertex 0.180166 -0.147859 4.74428
      vertex 0.193791 -0.129487 4.74428
    endloop
  endfacet
  facet normal 0 0 1
    outer loop
      vertex 0.164806 0.164806 4.74428
      vertex 0.180166 -0.147859 4.74428
      vertex 0.180166 0.147859 4.74428
    endloop
  endfacet
  facet normal 0 0 1
    outer loop
      vertex 0.164806 0.164806 4.74428
      vertex 0.164806 -0.164806 4.74428
      vertex 0.180166 -0.147859 4.74428
    endloop
  endfacet
  facet normal 0 0 1
    outer loop
      vertex 0.147859 0.180166 4.74428
      vertex 0.164806 -0.164806 4.74428
      vertex 0.164806 0.164806 4.74428
    endloop
  endfacet
  facet normal 0 0 1
    outer loop
      vertex 0.147859 0.180166 4.74428
      vertex 0.147859 -0.180166 4.74428
      vertex 0.164806 -0.164806 4.74428
    endloop
  endfacet
  facet normal 0 0 1
    outer loop
      vertex 0.129487 0.193791 4.74428
      vertex 0.147859 -0.180166 4.74428
      vertex 0.147859 0.180166 4.74428
    endloop
  endfacet
  facet normal 0 0 1
    outer loop
      vertex 0.129487 0.193791 4.74428
      vertex 0.129487 -0.193791 4.74428
      vertex 0.147859 -0.180166 4.74428
    endloop
  endfacet
  facet normal 0 0 1
    outer loop
      vertex 0.109869 0.20555 4.74428
      vertex 0.129487 -0.193791 4.74428
      vertex 0.129487 0.193791 4.74428
    endloop
  endfacet
  facet normal 0 0 1
    outer loop
      vertex 0.109869 0.20555 4.74428
      vertex 0.109869 -0.20555 4.74428
      vertex 0.129487 -0.193791 4.74428
    endloop
  endfacet
  facet normal 0 0 1
    outer loop
      vertex 0.0891924 0.215329 4.74428
      vertex 0.109869 -0.20555 4.74428
      vertex 0.109869 0.20555 4.74428
    endloop
  endfacet
  facet normal 0 0 1
    outer loop
      vertex 0.0891924 0.215329 4.74428
      vertex 0.0891924 -0.215329 4.74428
      vertex 0.109869 -0.20555 4.74428
    endloop
  endfacet
  facet normal 0 0 1
    outer loop
      vertex 0.0676565 0.223035 4.74428
      vertex 0.0891924 -0.215329 4.74428
      vertex 0.0891924 0.215329 4.74428
    endloop
  endfacet
  facet normal 0 0 1
    outer loop
      vertex 0.0676565 0.223035 4.74428
      vertex 0.0676565 -0.223035 4.74428
      vertex 0.0891924 -0.215329 4.74428
    endloop
  endfacet
  facet normal 0 0 1
    outer loop
      vertex 0.0454693 0.228593 4.74428
      vertex 0.0676565 -0.223035 4.74428
      vertex 0.0676565 0.223035 4.74428
    endloop
  endfacet
  facet normal 0 0 1
    outer loop
      vertex 0.0454693 0.228593 4.74428
      vertex 0.0454693 -0.228593 4.74428
      vertex 0.0676565 -0.223035 4.74428
    endloop
  endfacet
  facet normal 0 0 1
    outer loop
      vertex 0.0228443 0.231949 4.74428
      vertex 0.0454693 -0.228593 4.74428
      vertex 0.0454693 0.228593 4.74428
    endloop
  endfacet
  facet normal 0 0 1
    outer loop
      vertex 0.0228443 0.231949 4.74428
      vertex 0.0228443 -0.231949 4.74428
      vertex 0.0454693 -0.228593 4.74428
    endloop
  endfacet
  facet normal 0 0 1
    outer loop
      vertex 0 0.233071 4.74428
      vertex 0.0228443 -0.231949 4.74428
      vertex 0.0228443 0.231949 4.74428
    endloop
  endfacet
  facet normal 0 0 1
    outer loop
      vertex 0 0.233071 4.74428
      vertex 0 -0.233071 4.74428
      vertex 0.0228443 -0.231949 4.74428
    endloop
  endfacet
  facet normal -0 0 1
    outer loop
      vertex -0.0228443 0.231949 4.74428
      vertex 0 -0.233071 4.74428
      vertex 0 0.233071 4.74428
    endloop
  endfacet
  facet normal 0 0 1
    outer loop
      vertex -0.0228443 0.231949 4.74428
      vertex -0.0228443 -0.231949 4.74428
      vertex 0 -0.233071 4.74428
    endloop
  endfacet
  facet normal -0 0 1
    outer loop
      vertex -0.0454693 0.228593 4.74428
      vertex -0.0228443 -0.231949 4.74428
      vertex -0.0228443 0.231949 4.74428
    endloop
  endfacet
  facet normal 0 0 1
    outer loop
      vertex -0.0454693 0.228593 4.74428
      vertex -0.0454693 -0.228593 4.74428
      vertex -0.0228443 -0.231949 4.74428
    endloop
  endfacet
  facet normal -0 0 1
    outer loop
      vertex -0.0676565 0.223035 4.74428
      vertex -0.0454693 -0.228593 4.74428
      vertex -0.0454693 0.228593 4.74428
    endloop
  endfacet
  facet normal 0 0 1
    outer loop
      vertex -0.0676565 0.223035 4.74428
      vertex -0.0676565 -0.223035 4.74428
      vertex -0.0454693 -0.228593 4.74428
    endloop
  endfacet
  facet normal -0 0 1
    outer loop
      vertex -0.0891924 0.215329 4.74428
      vertex -0.0676565 -0.223035 4.74428
      vertex -0.0676565 0.223035 4.74428
    endloop
  endfacet
  facet normal 0 0 1
    outer loop
      vertex -0.0891924 0.215329 4.74428
      vertex -0.0891924 -0.215329 4.74428
      vertex -0.0676565 -0.223035 4.74428
    endloop
  endfacet
  facet normal -0 0 1
    outer loop
      vertex -0.109869 0.20555 4.74428
      vertex -0.0891924 -0.215329 4.74428
      vertex -0.0891924 0.215329 4.74428
    endloop
  endfacet
  facet normal 0 0 1
    outer loop
      vertex -0.109869 0.20555 4.74428
      vertex -0.109869 -0.20555 4.74428
      vertex -0.0891924 -0.215329 4.74428
    endloop
  endfacet
  facet normal -0 0 1
    outer loop
      vertex -0.129487 0.193791 4.74428
      vertex -0.109869 -0.20555 4.74428
      vertex -0.109869 0.20555 4.74428
    endloop
  endfacet
  facet normal 0 0 1
    outer loop
      vertex -0.129487 0.193791 4.74428
      vertex -0.129487 -0.193791 4.74428
      vertex -0.109869 -0.20555 4.74428
    endloop
  endfacet
  facet normal -0 0 1
    outer loop
      vertex -0.147859 0.180166 4.74428
      vertex -0.129487 -0.193791 4.74428
      vertex -0.129487 0.193791 4.74428
    endloop
  endfacet
  facet normal 0 0 1
    outer loop
      vertex -0.147859 0.180166 4.74428
      vertex -0.147859 -0.180166 4.74428
      vertex -0.129487 -0.193791 4.74428
    endloop
  endfacet
  facet normal -0 0 1
    outer loop
      vertex -0.164806 0.164806 4.74428
      vertex -0.147859 -0.180166 4.74428
      vertex -0.147859 0.180166 4.74428
    endloop
  endfacet
  facet normal 0 0 1
    outer loop
      vertex -0.164806 0.164806 4.74428
      vertex -0.164806 -0.164806 4.74428
      vertex -0.147859 -0.180166 4.74428
    endloop
  endfacet
  facet normal -0 0 1
    outer loop
      vertex -0.180166 0.147859 4.74428
      vertex -0.164806 -0.164806 4.74428
      vertex -0.164806 0.164806 4.74428
    endloop
  endfacet
  facet normal 0 0 1
    outer loop
      vertex -0.180166 0.147859 4.74428
      vertex -0.180166 -0.147859 4.74428
      vertex -0.164806 -0.164806 4.74428
    endloop
  endfacet
  facet normal -0 0 1
    outer loop
      vertex -0.193791 0.129487 4.74428
      vertex -0.180166 -0.147859 4.74428
      vertex -0.180166 0.147859 4.74428
    endloop
  endfacet
  facet normal 0 0 1
    outer loop
      vertex -0.193791 0.129487 4.74428
      vertex -0.193791 -0.129487 4.74428
      vertex -0.180166 -0.147859 4.74428
    endloop
  endfacet
  facet normal -0 0 1
    outer loop
      vertex -0.20555 0.109869 4.74428
      vertex -0.193791 -0.129487 4.74428
      vertex -0.193791 0.129487 4.74428
    endloop
  endfacet
  facet normal 0 0 1
    outer loop
      vertex -0.20555 0.109869 4.74428
      vertex -0.20555 -0.109869 4.74428
      vertex -0.193791 -0.129487 4.74428
    endloop
  endfacet
  facet normal -0 0 1
    outer loop
      vertex -0.215329 0.0891924 4.74428
      vertex -0.20555 -0.109869 4.74428
      vertex -0.20555 0.109869 4.74428
    endloop
  endfacet
  facet normal 0 0 1
    outer loop
      vertex -0.215329 0.0891924 4.74428
      vertex -0.215329 -0.0891924 4.74428
      vertex -0.20555 -0.109869 4.74428
    endloop
  endfacet
  facet normal -0 0 1
    outer loop
      vertex -0.223035 0.0676565 4.74428
      vertex -0.215329 -0.0891924 4.74428
      vertex -0.215329 0.0891924 4.74428
    endloop
  endfacet
  facet normal 0 0 1
    outer loop
      vertex -0.223035 0.0676565 4.74428
      vertex -0.223035 -0.0676565 4.74428
      vertex -0.215329 -0.0891924 4.74428
    endloop
  endfacet
  facet normal -0 0 1
    outer loop
      vertex -0.228593 0.0454693 4.74428
      vertex -0.223035 -0.0676565 4.74428
      vertex -0.223035 0.0676565 4.74428
    endloop
  endfacet
  facet normal 0 0 1
    outer loop
      vertex -0.228593 0.0454693 4.74428
      vertex -0.228593 -0.0454693 4.74428
      vertex -0.223035 -0.0676565 4.74428
    endloop
  endfacet
  facet normal -0 0 1
    outer loop
      vertex -0.231949 0.0228443 4.74428
      vertex -0.228593 -0.0454693 4.74428
      vertex -0.228593 0.0454693 4.74428
    endloop
  endfacet
  facet normal 0 0 1
    outer loop
      vertex -0.231949 0.0228443 4.74428
      vertex -0.231949 -0.0228443 4.74428
      vertex -0.228593 -0.0454693 4.74428
    endloop
  endfacet
  facet normal 0 -0 1
    outer loop
      vertex -0.231949 -0.0228443 4.74428
      vertex -0.231949 0.0228443 4.74428
      vertex -0.233071 0 4.74428
    endloop
  endfacet
  facet normal 0.0788231 0.0584566 0.995173
    outer loop
      vertex 0.579509 0.387216 4.69859
      vertex 0.180166 0.147859 4.74428
      vertex 0.193791 0.129487 4.74428
    endloop
  endfacet
  facet normal 0.176563 0.0835142 0.98074
    outer loop
      vertex 1.01787 0.544065 4.60765
      vertex 0.614672 0.328548 4.69859
      vertex 1.0663 0.441676 4.60765
    endloop
  endfacet
  facet normal 0.167531 0.100411 0.98074
    outer loop
      vertex 1.01787 0.544065 4.60765
      vertex 0.579509 0.387216 4.69859
      vertex 0.614672 0.328548 4.69859
    endloop
  endfacet
  facet normal -0.149399 0.249274 0.95684
    outer loop
      vertex -0.544065 1.01787 4.60765
      vertex -0.754341 1.41127 4.47233
      vertex -0.641214 0.959645 4.60765
    endloop
  endfacet
  facet normal -0.149401 0.249274 0.95684
    outer loop
      vertex -0.754341 1.41127 4.47233
      vertex -0.889038 1.33054 4.47233
      vertex -0.641214 0.959645 4.60765
    endloop
  endfacet
  facet normal -0.00958341 0.195079 0.980741
    outer loop
      vertex 0 1.15416 4.60765
      vertex -0.0683146 0.693613 4.69859
      vertex 0 0.696969 4.69859
    endloop
  endfacet
  facet normal -0.00958785 0.19508 0.98074
    outer loop
      vertex 0 1.15416 4.60765
      vertex -0.113127 1.1486 4.60765
      vertex -0.0683146 0.693613 4.69859
    endloop
  endfacet
  facet normal 0.0887128 0.0419567 0.995173
    outer loop
      vertex 0.643915 0.266718 4.69859
      vertex 0.20555 0.109869 4.74428
      vertex 0.215329 0.0891924 4.74428
    endloop
  endfacet
  facet normal 0.0143988 0.0970721 0.995173
    outer loop
      vertex 0.135972 0.683578 4.69859
      vertex 0.0228443 0.231949 4.74428
      vertex 0.0454693 0.228593 4.74428
    endloop
  endfacet
  facet normal -0.0706191 0.281906 0.95684
    outer loop
      vertex -0.312188 1.56948 4.47233
      vertex -0.46452 1.53132 4.47233
      vertex -0.225164 1.13198 4.60765
    endloop
  endfacet
  facet normal -0.0426381 0.287472 0.95684
    outer loop
      vertex -0.156849 1.59252 4.47233
      vertex -0.312188 1.56948 4.47233
      vertex -0.225164 1.13198 4.60765
    endloop
  endfacet
  facet normal -0.0706128 0.28191 0.956839
    outer loop
      vertex -0.225164 1.13198 4.60765
      vertex -0.46452 1.53132 4.47233
      vertex -0.335033 1.10446 4.60765
    endloop
  endfacet
  facet normal -0.0978979 0.273633 0.956839
    outer loop
      vertex -0.46452 1.53132 4.47233
      vertex -0.61238 1.47842 4.47233
      vertex -0.335033 1.10446 4.60765
    endloop
  endfacet
  facet normal 0.0706128 0.28191 0.956839
    outer loop
      vertex 0.46452 1.53132 4.47233
      vertex 0.225164 1.13198 4.60765
      vertex 0.335033 1.10446 4.60765
    endloop
  endfacet
  facet normal 0.0474568 0.189463 0.98074
    outer loop
      vertex 0.225164 1.13198 4.60765
      vertex 0.135972 0.683578 4.69859
      vertex 0.335033 1.10446 4.60765
    endloop
  endfacet
  facet normal 0.0330613 0.0923974 0.995173
    outer loop
      vertex 0.202319 0.666958 4.69859
      vertex 0.0891924 0.215329 4.74428
      vertex 0.266718 0.643915 4.69859
    endloop
  endfacet
  facet normal 0.0272725 0.555354 0.831167
    outer loop
      vertex 0.277346 2.81595 3.81524
      vertex 0 2.82957 3.81524
      vertex 0.239356 2.43023 4.07421
    endloop
  endfacet
  facet normal 0.0815967 0.550004 0.831167
    outer loop
      vertex 0.277346 2.81595 3.81524
      vertex 0.239356 2.43023 4.07421
      vertex 0.552022 2.7752 3.81524
    endloop
  endfacet
  facet normal -0.0231546 0.471274 0.881683
    outer loop
      vertex 0 2.44199 4.07421
      vertex -0.239356 2.43023 4.07421
      vertex 0 2.03089 4.29395
    endloop
  endfacet
  facet normal 0.0231546 0.471274 0.881683
    outer loop
      vertex 0 2.44199 4.07421
      vertex 0 2.03089 4.29395
      vertex 0.239356 2.43023 4.07421
    endloop
  endfacet
  facet normal 0.326366 0.544536 -0.772635
    outer loop
      vertex 1.53971 2.57053 -3.67537
      vertex 1.41419 2.64576 -3.67537
      vertex 1.50371 2.81324 -3.51952
    endloop
  endfacet
  facet normal 0.326372 0.544525 -0.772641
    outer loop
      vertex 1.53971 2.57053 -3.67537
      vertex 1.77222 2.65231 -3.51952
      vertex 1.66671 2.49441 -3.67537
    endloop
  endfacet
  facet normal 0.326365 0.544536 -0.772636
    outer loop
      vertex 1.77222 2.65231 -3.51952
      vertex 1.53971 2.57053 -3.67537
      vertex 1.50371 2.81324 -3.51952
    endloop
  endfacet
  facet normal 0.302524 0.639605 -0.706671
    outer loop
      vertex 1.50371 2.81324 -3.51952
      vertex 1.22072 2.94709 -3.51952
      vertex 1.34686 3.25161 -3.1899
    endloop
  endfacet
  facet normal 0.213866 0.597741 -0.772636
    outer loop
      vertex 1.22072 2.94709 -3.51952
      vertex 1.14805 2.77164 -3.67537
      vertex 1.01026 2.82094 -3.67537
    endloop
  endfacet
  facet normal -0.421494 0.568298 0.706668
    outer loop
      vertex -1.95534 2.92637 3.1899
      vertex -2.02365 2.46583 3.51952
      vertex -1.77222 2.65231 3.51952
    endloop
  endfacet
  facet normal -0.421483 0.5683 0.706673
    outer loop
      vertex -1.95534 2.92637 3.1899
      vertex -2.23276 2.72062 3.1899
      vertex -2.02365 2.46583 3.51952
    endloop
  endfacet
  facet normal -0.524251 0.47516 0.706671
    outer loop
      vertex -2.2556 2.2556 3.51952
      vertex -2.48867 2.48867 3.1899
      vertex -2.46583 2.02365 3.51952
    endloop
  endfacet
  facet normal -0.524246 0.475162 0.706673
    outer loop
      vertex -2.48867 2.48867 3.1899
      vertex -2.72062 2.23276 3.1899
      vertex -2.46583 2.02365 3.51952
    endloop
  endfacet
  facet normal 0.0659032 0.0727126 0.995173
    outer loop
      vertex 0.442152 0.538764 4.69859
      vertex 0.164806 0.164806 4.74428
      vertex 0.492831 0.492831 4.69859
    endloop
  endfacet
  facet normal 0.0970723 0.0143978 0.995173
    outer loop
      vertex 0.683578 0.135972 4.69859
      vertex 0.231949 0.0228443 4.74428
      vertex 0.693613 0.0683146 4.69859
    endloop
  endfacet
  facet normal 0.0980161 -0.0048151 0.995173
    outer loop
      vertex 0.696969 0 4.69859
      vertex 0.233071 0 4.74428
      vertex 0.693613 -0.0683146 4.69859
    endloop
  endfacet
  facet normal 0.0238462 0.0951928 0.995173
    outer loop
      vertex 0.202319 0.666958 4.69859
      vertex 0.0454693 0.228593 4.74428
      vertex 0.0676565 0.223035 4.74428
    endloop
  endfacet
  facet normal 0.15688 -0.11635 0.98074
    outer loop
      vertex 0.959645 -0.641214 4.60765
      vertex 0.579509 -0.387216 4.69859
      vertex 0.892174 -0.732188 4.60765
    endloop
  endfacet
  facet normal 0.156877 -0.116353 0.98074
    outer loop
      vertex 0.579509 -0.387216 4.69859
      vertex 0.538764 -0.442152 4.69859
      vertex 0.892174 -0.732188 4.60765
    endloop
  endfacet
  facet normal -0.271443 -0.573893 0.772636
    outer loop
      vertex -1.08283 -2.61418 3.81524
      vertex -1.50371 -2.81324 3.51952
      vertex -1.22072 -2.94709 3.51952
    endloop
  endfacet
  facet normal -0.213878 -0.597736 0.772637
    outer loop
      vertex -1.08283 -2.61418 3.81524
      vertex -1.22072 -2.94709 3.51952
      vertex -0.821381 -2.70773 3.81524
    endloop
  endfacet
  facet normal 0.15425 -0.615826 0.772635
    outer loop
      vertex 0.821381 -2.70773 3.81524
      vertex 0.622319 -3.12861 3.51952
      vertex 0.92598 -3.05255 3.51952
    endloop
  endfacet
  facet normal 0.135107 -0.539368 0.831161
    outer loop
      vertex 0.708871 -2.33684 4.07421
      vertex 0.476408 -2.39507 4.07421
      vertex 0.552022 -2.7752 3.81524
    endloop
  endfacet
  facet normal 0.0504498 0.0841733 0.995173
    outer loop
      vertex 0.328548 0.614672 4.69859
      vertex 0.109869 0.20555 4.74428
      vertex 0.387216 0.579509 4.69859
    endloop
  endfacet
  facet normal 0.215336 0.195164 0.956839
    outer loop
      vertex 1.13153 1.13153 4.47233
      vertex 0.816111 0.816111 4.60765
      vertex 1.23699 1.01517 4.47233
    endloop
  endfacet
  facet normal 0.156877 0.116353 0.98074
    outer loop
      vertex 0.892174 0.732188 4.60765
      vertex 0.538764 0.442152 4.69859
      vertex 0.579509 0.387216 4.69859
    endloop
  endfacet
  facet normal 0.0584601 0.078821 0.995173
    outer loop
      vertex 0.387216 0.579509 4.69859
      vertex 0.147859 0.180166 4.74428
      vertex 0.442152 0.538764 4.69859
    endloop
  endfacet
  facet normal 0.0887126 0.0419573 0.995173
    outer loop
      vertex 0.614672 0.328548 4.69859
      vertex 0.20555 0.109869 4.74428
      vertex 0.643915 0.266718 4.69859
    endloop
  endfacet
  facet normal 0.0841733 0.0504498 0.995173
    outer loop
      vertex 0.579509 0.387216 4.69859
      vertex 0.20555 0.109869 4.74428
      vertex 0.614672 0.328548 4.69859
    endloop
  endfacet
  facet normal -0.131166 0.14472 0.98074
    outer loop
      vertex -0.732188 0.892174 4.60765
      vertex -0.816111 0.816111 4.60765
      vertex -0.492831 0.492831 4.69859
    endloop
  endfacet
  facet normal -0.131167 0.14472 0.98074
    outer loop
      vertex -0.442152 0.538764 4.69859
      vertex -0.732188 0.892174 4.60765
      vertex -0.492831 0.492831 4.69859
    endloop
  endfacet
  facet normal -0.00481408 0.0980162 0.995173
    outer loop
      vertex 0 0.233071 4.74428
      vertex -0.0683146 0.693613 4.69859
      vertex -0.0228443 0.231949 4.74428
    endloop
  endfacet
  facet normal 0.00481408 0.0980162 0.995173
    outer loop
      vertex 0.0683146 0.693613 4.69859
      vertex 0 0.233071 4.74428
      vertex 0.0228443 0.231949 4.74428
    endloop
  endfacet
  facet normal 0.0048151 0.0980161 0.995173
    outer loop
      vertex 0 0.696969 4.69859
      vertex 0 0.233071 4.74428
      vertex 0.0683146 0.693613 4.69859
    endloop
  endfacet
  facet normal -0.0658039 0.183897 0.98074
    outer loop
      vertex -0.335033 1.10446 4.60765
      vertex -0.441676 1.0663 4.60765
      vertex -0.202319 0.666958 4.69859
    endloop
  endfacet
  facet normal -0.0979107 0.273624 0.95684
    outer loop
      vertex -0.335033 1.10446 4.60765
      vertex -0.61238 1.47842 4.47233
      vertex -0.441676 1.0663 4.60765
    endloop
  endfacet
  facet normal 0.271442 0.573891 -0.772637
    outer loop
      vertex 1.2819 2.70833 -3.67537
      vertex 1.22072 2.94709 -3.51952
      vertex 1.50371 2.81324 -3.51952
    endloop
  endfacet
  facet normal 0.271446 0.573891 -0.772636
    outer loop
      vertex 1.22072 2.94709 -3.51952
      vertex 1.2819 2.70833 -3.67537
      vertex 1.14805 2.77164 -3.67537
    endloop
  endfacet
  facet normal 0.271439 0.573895 -0.772635
    outer loop
      vertex 1.50371 2.81324 -3.51952
      vertex 1.41419 2.64576 -3.67537
      vertex 1.2819 2.70833 -3.67537
    endloop
  endfacet
  facet normal 0.0980162 0.00481408 0.995173
    outer loop
      vertex 0.693613 0.0683146 4.69859
      vertex 0.231949 0.0228443 4.74428
      vertex 0.233071 0 4.74428
    endloop
  endfacet
  facet normal 0.0980161 0.0048151 0.995173
    outer loop
      vertex 0.693613 0.0683146 4.69859
      vertex 0.233071 0 4.74428
      vertex 0.696969 0 4.69859
    endloop
  endfacet
  facet normal 0.176564 -0.0835076 0.98074
    outer loop
      vertex 0.643915 -0.266718 4.69859
      vertex 0.614672 -0.328548 4.69859
      vertex 1.0663 -0.441676 4.60765
    endloop
  endfacet
  facet normal 0.183898 -0.0658018 0.98074
    outer loop
      vertex 0.666958 -0.202319 4.69859
      vertex 0.643915 -0.266718 4.69859
      vertex 1.0663 -0.441676 4.60765
    endloop
  endfacet
  facet normal 0.0311395 -0.634098 0.772626
    outer loop
      vertex 0.277346 -2.81595 3.81524
      vertex 0 -2.82957 3.81524
      vertex 0.312665 -3.17454 3.51952
    endloop
  endfacet
  facet normal 0.0931662 -0.627988 0.772626
    outer loop
      vertex 0.552022 -2.7752 3.81524
      vertex 0.277346 -2.81595 3.81524
      vertex 0.312665 -3.17454 3.51952
    endloop
  endfacet
  facet normal 0.171912 -0.686338 0.706672
    outer loop
      vertex 0.92598 -3.05255 3.51952
      vertex 0.622319 -3.12861 3.51952
      vertex 1.02166 -3.36797 3.1899
    endloop
  endfacet
  facet normal 0.213875 -0.597739 0.772635
    outer loop
      vertex 1.22072 -2.94709 3.51952
      vertex 0.821381 -2.70773 3.81524
      vertex 0.92598 -3.05255 3.51952
    endloop
  endfacet
  facet normal 0.187333 -0.523523 0.831162
    outer loop
      vertex 0.934508 -2.2561 4.07421
      vertex 0.708871 -2.33684 4.07421
      vertex 0.821381 -2.70773 3.81524
    endloop
  endfacet
  facet normal 0.135102 -0.539367 0.831162
    outer loop
      vertex 0.708871 -2.33684 4.07421
      vertex 0.552022 -2.7752 3.81524
      vertex 0.821381 -2.70773 3.81524
    endloop
  endfacet
  facet normal 0.195167 0.215334 0.956839
    outer loop
      vertex 1.01517 1.23699 4.47233
      vertex 0.732188 0.892174 4.60765
      vertex 0.816111 0.816111 4.60765
    endloop
  endfacet
  facet normal 0.131166 0.14472 0.98074
    outer loop
      vertex 0.732188 0.892174 4.60765
      vertex 0.492831 0.492831 4.69859
      vertex 0.816111 0.816111 4.60765
    endloop
  endfacet
  facet normal 0.0727125 0.0659034 0.995173
    outer loop
      vertex 0.538764 0.442152 4.69859
      vertex 0.164806 0.164806 4.74428
      vertex 0.180166 0.147859 4.74428
    endloop
  endfacet
  facet normal 0.078821 0.0584601 0.995173
    outer loop
      vertex 0.538764 0.442152 4.69859
      vertex 0.180166 0.147859 4.74428
      vertex 0.579509 0.387216 4.69859
    endloop
  endfacet
  facet normal 0.0841715 0.0504523 0.995173
    outer loop
      vertex 0.579509 0.387216 4.69859
      vertex 0.193791 0.129487 4.74428
      vertex 0.20555 0.109869 4.74428
    endloop
  endfacet
  facet normal 0.740935 0.671577 0
    outer loop
      vertex 2.2196 2.01289 -3.67537
      vertex 2.12132 2.12132 -18
      vertex 2.12132 2.12132 -3.67537
    endloop
  endfacet
  facet normal 0.740969 0.671539 -5.20475e-07
    outer loop
      vertex 2.31903 1.90318 -3.67537
      vertex 2.12132 2.12132 -18
      vertex 2.2196 2.01289 -3.67537
    endloop
  endfacet
  facet normal 0.740952 0.671558 0
    outer loop
      vertex 2.12132 2.12132 -18
      vertex 2.31903 1.90318 -3.67537
      vertex 2.31903 1.90318 -18
    endloop
  endfacet
  facet normal 0.989182 0.146697 0
    outer loop
      vertex 2.96408 0.438812 -3.67537
      vertex 2.94236 0.585271 -18
      vertex 2.94236 0.585271 -3.67537
    endloop
  endfacet
  facet normal 0.98918 0.146709 -0
    outer loop
      vertex 2.98555 0.294051 -18
      vertex 2.96408 0.438812 -3.67537
      vertex 2.98555 0.294051 -3.67537
    endloop
  endfacet
  facet normal 0.989181 0.146703 6.30293e-08
    outer loop
      vertex 2.96408 0.438812 -3.67537
      vertex 2.98555 0.294051 -18
      vertex 2.94236 0.585271 -18
    endloop
  endfacet
  facet normal 0.998796 0.0490624 0
    outer loop
      vertex 2.99273 0.147883 -3.67537
      vertex 2.98555 0.294051 -18
      vertex 2.98555 0.294051 -3.67537
    endloop
  endfacet
  facet normal 0.998794 0.0491012 -0
    outer loop
      vertex 3 0 -18
      vertex 2.99273 0.147883 -3.67537
      vertex 3 0 -3.67537
    endloop
  endfacet
  facet normal 0.998795 0.0490819 1.99518e-07
    outer loop
      vertex 2.99273 0.147883 -3.67537
      vertex 3 0 -18
      vertex 2.98555 0.294051 -18
    endloop
  endfacet
  facet normal 0.970024 0.243008 0
    outer loop
      vertex 2.9068 0.72723 -3.67537
      vertex 2.87082 0.870853 -18
      vertex 2.87082 0.870853 -3.67537
    endloop
  endfacet
  facet normal 0.970029 0.242987 -0
    outer loop
      vertex 2.94236 0.585271 -18
      vertex 2.9068 0.72723 -3.67537
      vertex 2.94236 0.585271 -3.67537
    endloop
  endfacet
  facet normal 0.970027 0.242998 -1.06927e-07
    outer loop
      vertex 2.9068 0.72723 -3.67537
      vertex 2.94236 0.585271 -18
      vertex 2.87082 0.870853 -18
    endloop
  endfacet
  facet normal 0.336886 -0.941545 0
    outer loop
      vertex 0.870853 -2.87082 -18
      vertex 1.01026 -2.82094 -3.67537
      vertex 0.870853 -2.87082 -3.67537
    endloop
  endfacet
  facet normal 0.336877 -0.941549 9.54528e-08
    outer loop
      vertex 0.870853 -2.87082 -18
      vertex 1.14805 -2.77164 -3.67537
      vertex 1.01026 -2.82094 -3.67537
    endloop
  endfacet
  facet normal 0.336882 -0.941547 0
    outer loop
      vertex 1.14805 -2.77164 -3.67537
      vertex 0.870853 -2.87082 -18
      vertex 1.14805 -2.77164 -18
    endloop
  endfacet
  facet normal 0.857731 0.514098 0
    outer loop
      vertex 2.57053 1.53971 -3.67537
      vertex 2.49441 1.66671 -18
      vertex 2.49441 1.66671 -3.67537
    endloop
  endfacet
  facet normal 0.85774 0.514084 -1.77652e-07
    outer loop
      vertex 2.64576 1.41419 -3.67537
      vertex 2.49441 1.66671 -18
      vertex 2.57053 1.53971 -3.67537
    endloop
  endfacet
  facet normal 0.857736 0.514091 0
    outer loop
      vertex 2.64576 1.41419 -3.67537
      vertex 2.64576 1.41419 -18
      vertex 2.49441 1.66671 -18
    endloop
  endfacet
  facet normal 0.941549 0.336877 0
    outer loop
      vertex 2.82094 1.01026 -3.67537
      vertex 2.77164 1.14805 -18
      vertex 2.77164 1.14805 -3.67537
    endloop
  endfacet
  facet normal 0.941545 0.336886 9.43453e-08
    outer loop
      vertex 2.87082 0.870853 -3.67537
      vertex 2.77164 1.14805 -18
      vertex 2.82094 1.01026 -3.67537
    endloop
  endfacet
  facet normal 0.941547 0.336882 0
    outer loop
      vertex 2.77164 1.14805 -18
      vertex 2.87082 0.870853 -3.67537
      vertex 2.87082 0.870853 -18
    endloop
  endfacet
  facet normal 0.243008 0.970024 0
    outer loop
      vertex 0.870853 2.87082 -3.67537
      vertex 0.870853 2.87082 -18
      vertex 0.72723 2.9068 -3.67537
    endloop
  endfacet
  facet normal 0.242998 0.970027 -1.06927e-07
    outer loop
      vertex 0.585271 2.94236 -18
      vertex 0.72723 2.9068 -3.67537
      vertex 0.870853 2.87082 -18
    endloop
  endfacet
  facet normal 0.242987 0.970029 0
    outer loop
      vertex 0.72723 2.9068 -3.67537
      vertex 0.585271 2.94236 -18
      vertex 0.585271 2.94236 -3.67537
    endloop
  endfacet
  facet normal -0.740935 0.671577 0
    outer loop
      vertex -2.12132 2.12132 -18
      vertex -2.2196 2.01289 -3.67537
      vertex -2.12132 2.12132 -3.67537
    endloop
  endfacet
  facet normal -0.740952 0.671558 -2.61759e-07
    outer loop
      vertex -2.31903 1.90318 -18
      vertex -2.2196 2.01289 -3.67537
      vertex -2.12132 2.12132 -18
    endloop
  endfacet
  facet normal -0.740969 0.671539 0
    outer loop
      vertex -2.2196 2.01289 -3.67537
      vertex -2.31903 1.90318 -18
      vertex -2.31903 1.90318 -3.67537
    endloop
  endfacet
  facet normal 0.0490624 -0.998796 0
    outer loop
      vertex 0.294051 -2.98555 -18
      vertex 0.294051 -2.98555 -3.67537
      vertex 0.147883 -2.99273 -3.67537
    endloop
  endfacet
  facet normal 0.0491012 -0.998794 0
    outer loop
      vertex 0 -3 -18
      vertex 0.147883 -2.99273 -3.67537
      vertex 0 -3 -3.67537
    endloop
  endfacet
  facet normal 0.0490819 -0.998795 1.99518e-07
    outer loop
      vertex 0.294051 -2.98555 -18
      vertex 0.147883 -2.99273 -3.67537
      vertex 0 -3 -18
    endloop
  endfacet
  facet normal 0.427563 0.903985 0
    outer loop
      vertex 1.41419 2.64576 -3.67537
      vertex 1.41419 2.64576 -18
      vertex 1.2819 2.70833 -3.67537
    endloop
  endfacet
  facet normal 0.427575 0.90398 1.34558e-07
    outer loop
      vertex 1.41419 2.64576 -18
      vertex 1.14805 2.77164 -3.67537
      vertex 1.2819 2.70833 -3.67537
    endloop
  endfacet
  facet normal 0.427569 0.903983 0
    outer loop
      vertex 1.14805 2.77164 -3.67537
      vertex 1.41419 2.64576 -18
      vertex 1.14805 2.77164 -18
    endloop
  endfacet
  facet normal 0.671577 0.740935 -0
    outer loop
      vertex 2.12132 2.12132 -18
      vertex 2.01289 2.2196 -3.67537
      vertex 2.12132 2.12132 -3.67537
    endloop
  endfacet
  facet normal 0.671539 0.740969 -5.20475e-07
    outer loop
      vertex 2.12132 2.12132 -18
      vertex 1.90318 2.31903 -3.67537
      vertex 2.01289 2.2196 -3.67537
    endloop
  endfacet
  facet normal 0.671558 0.740952 0
    outer loop
      vertex 1.90318 2.31903 -3.67537
      vertex 2.12132 2.12132 -18
      vertex 1.90318 2.31903 -18
    endloop
  endfacet
  facet normal -0.595712 -0.803198 0
    outer loop
      vertex -1.90318 -2.31903 -18
      vertex -1.78426 -2.40723 -3.67537
      vertex -1.90318 -2.31903 -3.67537
    endloop
  endfacet
  facet normal -0.595695 -0.803211 -2.21521e-07
    outer loop
      vertex -1.90318 -2.31903 -18
      vertex -1.66671 -2.49441 -3.67537
      vertex -1.78426 -2.40723 -3.67537
    endloop
  endfacet
  facet normal -0.595703 -0.803204 0
    outer loop
      vertex -1.66671 -2.49441 -18
      vertex -1.66671 -2.49441 -3.67537
      vertex -1.90318 -2.31903 -18
    endloop
  endfacet
  facet normal 0.0490624 0.998796 0
    outer loop
      vertex 0.294051 2.98555 -3.67537
      vertex 0.294051 2.98555 -18
      vertex 0.147883 2.99273 -3.67537
    endloop
  endfacet
  facet normal 0.0490819 0.998795 1.99518e-07
    outer loop
      vertex 0 3 -18
      vertex 0.147883 2.99273 -3.67537
      vertex 0.294051 2.98555 -18
    endloop
  endfacet
  facet normal 0.0491012 0.998794 0
    outer loop
      vertex 0.147883 2.99273 -3.67537
      vertex 0 3 -18
      vertex 0 3 -3.67537
    endloop
  endfacet
  facet normal 0.242987 -0.970029 0
    outer loop
      vertex 0.585271 -2.94236 -3.67537
      vertex 0.585271 -2.94236 -18
      vertex 0.72723 -2.9068 -3.67537
    endloop
  endfacet
  facet normal 0.243008 -0.970024 -2.12615e-07
    outer loop
      vertex 0.585271 -2.94236 -18
      vertex 0.870853 -2.87082 -3.67537
      vertex 0.72723 -2.9068 -3.67537
    endloop
  endfacet
  facet normal 0.242998 -0.970027 0
    outer loop
      vertex 0.870853 -2.87082 -18
      vertex 0.870853 -2.87082 -3.67537
      vertex 0.585271 -2.94236 -18
    endloop
  endfacet
  facet normal 0.98918 -0.146709 0
    outer loop
      vertex 2.96408 -0.438812 -3.67537
      vertex 2.98555 -0.294051 -18
      vertex 2.98555 -0.294051 -3.67537
    endloop
  endfacet
  facet normal 0.989182 -0.146697 0
    outer loop
      vertex 2.94236 -0.585271 -18
      vertex 2.96408 -0.438812 -3.67537
      vertex 2.94236 -0.585271 -3.67537
    endloop
  endfacet
  facet normal 0.989181 -0.146703 6.30293e-08
    outer loop
      vertex 2.96408 -0.438812 -3.67537
      vertex 2.94236 -0.585271 -18
      vertex 2.98555 -0.294051 -18
    endloop
  endfacet
  facet normal 0.514084 -0.85774 0
    outer loop
      vertex 1.53971 -2.57053 -3.67537
      vertex 1.41419 -2.64576 -3.67537
      vertex 1.41419 -2.64576 -18
    endloop
  endfacet
  facet normal 0.514098 -0.857731 -1.75579e-07
    outer loop
      vertex 1.41419 -2.64576 -18
      vertex 1.66671 -2.49441 -3.67537
      vertex 1.53971 -2.57053 -3.67537
    endloop
  endfacet
  facet normal 0.514091 -0.857736 0
    outer loop
      vertex 1.66671 -2.49441 -3.67537
      vertex 1.41419 -2.64576 -18
      vertex 1.66671 -2.49441 -18
    endloop
  endfacet
  facet normal -0.243008 -0.970024 -0
    outer loop
      vertex -0.870853 -2.87082 -3.67537
      vertex -0.870853 -2.87082 -18
      vertex -0.72723 -2.9068 -3.67537
    endloop
  endfacet
  facet normal -0.242998 -0.970027 -1.06927e-07
    outer loop
      vertex -0.585271 -2.94236 -18
      vertex -0.72723 -2.9068 -3.67537
      vertex -0.870853 -2.87082 -18
    endloop
  endfacet
  facet normal -0.242987 -0.970029 0
    outer loop
      vertex -0.72723 -2.9068 -3.67537
      vertex -0.585271 -2.94236 -18
      vertex -0.585271 -2.94236 -3.67537
    endloop
  endfacet
  facet normal -0.595695 0.803211 0
    outer loop
      vertex -1.66671 2.49441 -18
      vertex -1.78426 2.40723 -3.67537
      vertex -1.66671 2.49441 -3.67537
    endloop
  endfacet
  facet normal -0.595712 0.803198 -2.18966e-07
    outer loop
      vertex -1.66671 2.49441 -18
      vertex -1.90318 2.31903 -3.67537
      vertex -1.78426 2.40723 -3.67537
    endloop
  endfacet
  facet normal -0.595703 0.803204 0
    outer loop
      vertex -1.90318 2.31903 -3.67537
      vertex -1.66671 2.49441 -18
      vertex -1.90318 2.31903 -18
    endloop
  endfacet
  facet normal -0.998794 -0.0491012 0
    outer loop
      vertex -3 0 -18
      vertex -2.99273 -0.147883 -3.67537
      vertex -3 0 -3.67537
    endloop
  endfacet
  facet normal -0.998795 -0.0490819 1.99518e-07
    outer loop
      vertex -2.98555 -0.294051 -18
      vertex -2.99273 -0.147883 -3.67537
      vertex -3 0 -18
    endloop
  endfacet
  facet normal -0.998796 -0.0490624 0
    outer loop
      vertex -2.99273 -0.147883 -3.67537
      vertex -2.98555 -0.294051 -18
      vertex -2.98555 -0.294051 -3.67537
    endloop
  endfacet
  facet normal -0.970029 -0.242987 0
    outer loop
      vertex -2.94236 -0.585271 -18
      vertex -2.9068 -0.72723 -3.67537
      vertex -2.94236 -0.585271 -3.67537
    endloop
  endfacet
  facet normal -0.970024 -0.243008 -2.12615e-07
    outer loop
      vertex -2.94236 -0.585271 -18
      vertex -2.87082 -0.870853 -3.67537
      vertex -2.9068 -0.72723 -3.67537
    endloop
  endfacet
  facet normal -0.970027 -0.242998 0
    outer loop
      vertex -2.87082 -0.870853 -18
      vertex -2.87082 -0.870853 -3.67537
      vertex -2.94236 -0.585271 -18
    endloop
  endfacet
  facet normal 0.970029 -0.242987 0
    outer loop
      vertex 2.9068 -0.72723 -3.67537
      vertex 2.94236 -0.585271 -18
      vertex 2.94236 -0.585271 -3.67537
    endloop
  endfacet
  facet normal 0.970024 -0.243008 -2.12615e-07
    outer loop
      vertex 2.87082 -0.870853 -3.67537
      vertex 2.94236 -0.585271 -18
      vertex 2.9068 -0.72723 -3.67537
    endloop
  endfacet
  facet normal 0.970027 -0.242998 0
    outer loop
      vertex 2.87082 -0.870853 -3.67537
      vertex 2.87082 -0.870853 -18
      vertex 2.94236 -0.585271 -18
    endloop
  endfacet
  facet normal -0.514084 0.85774 0
    outer loop
      vertex -1.53971 2.57053 -3.67537
      vertex -1.41419 2.64576 -3.67537
      vertex -1.41419 2.64576 -18
    endloop
  endfacet
  facet normal -0.514098 0.857731 -1.75579e-07
    outer loop
      vertex -1.41419 2.64576 -18
      vertex -1.66671 2.49441 -3.67537
      vertex -1.53971 2.57053 -3.67537
    endloop
  endfacet
  facet normal -0.514091 0.857736 0
    outer loop
      vertex -1.66671 2.49441 -3.67537
      vertex -1.41419 2.64576 -18
      vertex -1.66671 2.49441 -18
    endloop
  endfacet
  facet normal 0.595712 0.803198 -0
    outer loop
      vertex 1.90318 2.31903 -18
      vertex 1.78426 2.40723 -3.67537
      vertex 1.90318 2.31903 -3.67537
    endloop
  endfacet
  facet normal 0.595695 0.803211 -2.21521e-07
    outer loop
      vertex 1.90318 2.31903 -18
      vertex 1.66671 2.49441 -3.67537
      vertex 1.78426 2.40723 -3.67537
    endloop
  endfacet
  facet normal 0.595703 0.803204 -0
    outer loop
      vertex 1.66671 2.49441 -18
      vertex 1.66671 2.49441 -3.67537
      vertex 1.90318 2.31903 -18
    endloop
  endfacet
  facet normal -0.90398 -0.427575 0
    outer loop
      vertex -2.77164 -1.14805 -18
      vertex -2.70833 -1.2819 -3.67537
      vertex -2.77164 -1.14805 -3.67537
    endloop
  endfacet
  facet normal -0.903983 -0.427569 6.76738e-08
    outer loop
      vertex -2.64576 -1.41419 -18
      vertex -2.70833 -1.2819 -3.67537
      vertex -2.77164 -1.14805 -18
    endloop
  endfacet
  facet normal -0.903985 -0.427563 0
    outer loop
      vertex -2.70833 -1.2819 -3.67537
      vertex -2.64576 -1.41419 -18
      vertex -2.64576 -1.41419 -3.67537
    endloop
  endfacet
  facet normal 0.941545 -0.336886 0
    outer loop
      vertex 2.82094 -1.01026 -3.67537
      vertex 2.87082 -0.870853 -18
      vertex 2.87082 -0.870853 -3.67537
    endloop
  endfacet
  facet normal 0.941549 -0.336877 9.54528e-08
    outer loop
      vertex 2.77164 -1.14805 -3.67537
      vertex 2.87082 -0.870853 -18
      vertex 2.82094 -1.01026 -3.67537
    endloop
  endfacet
  facet normal 0.941547 -0.336882 0
    outer loop
      vertex 2.87082 -0.870853 -18
      vertex 2.77164 -1.14805 -3.67537
      vertex 2.77164 -1.14805 -18
    endloop
  endfacet
  facet normal 0.146697 0.989182 0
    outer loop
      vertex 0.585271 2.94236 -3.67537
      vertex 0.585271 2.94236 -18
      vertex 0.438812 2.96408 -3.67537
    endloop
  endfacet
  facet normal 0.146703 0.989181 6.30293e-08
    outer loop
      vertex 0.294051 2.98555 -18
      vertex 0.438812 2.96408 -3.67537
      vertex 0.585271 2.94236 -18
    endloop
  endfacet
  facet normal 0.146709 0.98918 0
    outer loop
      vertex 0.438812 2.96408 -3.67537
      vertex 0.294051 2.98555 -18
      vertex 0.294051 2.98555 -3.67537
    endloop
  endfacet
  facet normal -0.427575 0.90398 0
    outer loop
      vertex -1.14805 2.77164 -18
      vertex -1.2819 2.70833 -3.67537
      vertex -1.14805 2.77164 -3.67537
    endloop
  endfacet
  facet normal -0.427563 0.903985 1.36146e-07
    outer loop
      vertex -1.14805 2.77164 -18
      vertex -1.41419 2.64576 -3.67537
      vertex -1.2819 2.70833 -3.67537
    endloop
  endfacet
  facet normal -0.427569 0.903983 0
    outer loop
      vertex -1.41419 2.64576 -3.67537
      vertex -1.14805 2.77164 -18
      vertex -1.41419 2.64576 -18
    endloop
  endfacet
  facet normal 0.514098 0.857731 -0
    outer loop
      vertex 1.66671 2.49441 -18
      vertex 1.53971 2.57053 -3.67537
      vertex 1.66671 2.49441 -3.67537
    endloop
  endfacet
  facet normal 0.514084 0.85774 -1.77652e-07
    outer loop
      vertex 1.66671 2.49441 -18
      vertex 1.41419 2.64576 -3.67537
      vertex 1.53971 2.57053 -3.67537
    endloop
  endfacet
  facet normal 0.514091 0.857736 0
    outer loop
      vertex 1.41419 2.64576 -3.67537
      vertex 1.66671 2.49441 -18
      vertex 1.41419 2.64576 -18
    endloop
  endfacet
  facet normal 0.427575 -0.90398 0
    outer loop
      vertex 1.14805 -2.77164 -18
      vertex 1.2819 -2.70833 -3.67537
      vertex 1.14805 -2.77164 -3.67537
    endloop
  endfacet
  facet normal 0.427563 -0.903985 1.36146e-07
    outer loop
      vertex 1.14805 -2.77164 -18
      vertex 1.41419 -2.64576 -3.67537
      vertex 1.2819 -2.70833 -3.67537
    endloop
  endfacet
  facet normal 0.427569 -0.903983 0
    outer loop
      vertex 1.41419 -2.64576 -3.67537
      vertex 1.14805 -2.77164 -18
      vertex 1.41419 -2.64576 -18
    endloop
  endfacet
  facet normal -0.941545 -0.336886 0
    outer loop
      vertex -2.87082 -0.870853 -18
      vertex -2.82094 -1.01026 -3.67537
      vertex -2.87082 -0.870853 -3.67537
    endloop
  endfacet
  facet normal -0.941547 -0.336882 4.74479e-08
    outer loop
      vertex -2.77164 -1.14805 -18
      vertex -2.82094 -1.01026 -3.67537
      vertex -2.87082 -0.870853 -18
    endloop
  endfacet
  facet normal -0.941549 -0.336877 0
    outer loop
      vertex -2.82094 -1.01026 -3.67537
      vertex -2.77164 -1.14805 -18
      vertex -2.77164 -1.14805 -3.67537
    endloop
  endfacet
  facet normal 0.85774 -0.514084 0
    outer loop
      vertex 2.57053 -1.53971 -3.67537
      vertex 2.64576 -1.41419 -18
      vertex 2.64576 -1.41419 -3.67537
    endloop
  endfacet
  facet normal 0.857731 -0.514098 -1.75579e-07
    outer loop
      vertex 2.49441 -1.66671 -3.67537
      vertex 2.64576 -1.41419 -18
      vertex 2.57053 -1.53971 -3.67537
    endloop
  endfacet
  facet normal 0.857736 -0.514091 0
    outer loop
      vertex 2.64576 -1.41419 -18
      vertex 2.49441 -1.66671 -3.67537
      vertex 2.49441 -1.66671 -18
    endloop
  endfacet
  facet normal 0.90398 -0.427575 0
    outer loop
      vertex 2.70833 -1.2819 -3.67537
      vertex 2.77164 -1.14805 -18
      vertex 2.77164 -1.14805 -3.67537
    endloop
  endfacet
  facet normal 0.903985 -0.427563 1.36146e-07
    outer loop
      vertex 2.64576 -1.41419 -3.67537
      vertex 2.77164 -1.14805 -18
      vertex 2.70833 -1.2819 -3.67537
    endloop
  endfacet
  facet normal 0.903983 -0.427569 0
    outer loop
      vertex 2.77164 -1.14805 -18
      vertex 2.64576 -1.41419 -3.67537
      vertex 2.64576 -1.41419 -18
    endloop
  endfacet
  facet normal 0.998794 -0.0491012 0
    outer loop
      vertex 2.99273 -0.147883 -3.67537
      vertex 3 0 -18
      vertex 3 0 -3.67537
    endloop
  endfacet
  facet normal 0.998796 -0.0490624 0
    outer loop
      vertex 2.98555 -0.294051 -18
      vertex 2.99273 -0.147883 -3.67537
      vertex 2.98555 -0.294051 -3.67537
    endloop
  endfacet
  facet normal 0.998795 -0.0490819 1.99518e-07
    outer loop
      vertex 2.99273 -0.147883 -3.67537
      vertex 2.98555 -0.294051 -18
      vertex 3 0 -18
    endloop
  endfacet
  facet normal -0.146697 0.989182 0
    outer loop
      vertex -0.585271 2.94236 -18
      vertex -0.585271 2.94236 -3.67537
      vertex -0.438812 2.96408 -3.67537
    endloop
  endfacet
  facet normal -0.146709 0.98918 0
    outer loop
      vertex -0.294051 2.98555 -18
      vertex -0.438812 2.96408 -3.67537
      vertex -0.294051 2.98555 -3.67537
    endloop
  endfacet
  facet normal -0.146703 0.989181 6.30293e-08
    outer loop
      vertex -0.585271 2.94236 -18
      vertex -0.438812 2.96408 -3.67537
      vertex -0.294051 2.98555 -18
    endloop
  endfacet
  facet normal 0.146697 -0.989182 0
    outer loop
      vertex 0.585271 -2.94236 -18
      vertex 0.585271 -2.94236 -3.67537
      vertex 0.438812 -2.96408 -3.67537
    endloop
  endfacet
  facet normal 0.146709 -0.98918 0
    outer loop
      vertex 0.294051 -2.98555 -18
      vertex 0.438812 -2.96408 -3.67537
      vertex 0.294051 -2.98555 -3.67537
    endloop
  endfacet
  facet normal 0.146703 -0.989181 6.30293e-08
    outer loop
      vertex 0.585271 -2.94236 -18
      vertex 0.438812 -2.96408 -3.67537
      vertex 0.294051 -2.98555 -18
    endloop
  endfacet
  facet normal 0.740969 -0.671539 0
    outer loop
      vertex 2.2196 -2.01289 -3.67537
      vertex 2.31903 -1.90318 -18
      vertex 2.31903 -1.90318 -3.67537
    endloop
  endfacet
  facet normal 0.740935 -0.671577 -5.26595e-07
    outer loop
      vertex 2.12132 -2.12132 -3.67537
      vertex 2.31903 -1.90318 -18
      vertex 2.2196 -2.01289 -3.67537
    endloop
  endfacet
  facet normal 0.740952 -0.671558 0
    outer loop
      vertex 2.31903 -1.90318 -18
      vertex 2.12132 -2.12132 -3.67537
      vertex 2.12132 -2.12132 -18
    endloop
  endfacet
  facet normal 0.803211 -0.595695 0
    outer loop
      vertex 2.40723 -1.78426 -3.67537
      vertex 2.49441 -1.66671 -18
      vertex 2.49441 -1.66671 -3.67537
    endloop
  endfacet
  facet normal 0.803198 -0.595712 -2.18966e-07
    outer loop
      vertex 2.31903 -1.90318 -3.67537
      vertex 2.49441 -1.66671 -18
      vertex 2.40723 -1.78426 -3.67537
    endloop
  endfacet
  facet normal 0.803204 -0.595703 0
    outer loop
      vertex 2.49441 -1.66671 -18
      vertex 2.31903 -1.90318 -3.67537
      vertex 2.31903 -1.90318 -18
    endloop
  endfacet
  facet normal -0.242987 0.970029 0
    outer loop
      vertex -0.585271 2.94236 -3.67537
      vertex -0.585271 2.94236 -18
      vertex -0.72723 2.9068 -3.67537
    endloop
  endfacet
  facet normal -0.243008 0.970024 -2.12615e-07
    outer loop
      vertex -0.585271 2.94236 -18
      vertex -0.870853 2.87082 -3.67537
      vertex -0.72723 2.9068 -3.67537
    endloop
  endfacet
  facet normal -0.242998 0.970027 0
    outer loop
      vertex -0.870853 2.87082 -18
      vertex -0.870853 2.87082 -3.67537
      vertex -0.585271 2.94236 -18
    endloop
  endfacet
  facet normal 0.803198 0.595712 0
    outer loop
      vertex 2.40723 1.78426 -3.67537
      vertex 2.31903 1.90318 -18
      vertex 2.31903 1.90318 -3.67537
    endloop
  endfacet
  facet normal 0.803211 0.595695 -2.21521e-07
    outer loop
      vertex 2.49441 1.66671 -3.67537
      vertex 2.31903 1.90318 -18
      vertex 2.40723 1.78426 -3.67537
    endloop
  endfacet
  facet normal 0.803204 0.595703 0
    outer loop
      vertex 2.49441 1.66671 -3.67537
      vertex 2.49441 1.66671 -18
      vertex 2.31903 1.90318 -18
    endloop
  endfacet
  facet normal 0.903985 0.427563 0
    outer loop
      vertex 2.70833 1.2819 -3.67537
      vertex 2.64576 1.41419 -18
      vertex 2.64576 1.41419 -3.67537
    endloop
  endfacet
  facet normal 0.90398 0.427575 1.34558e-07
    outer loop
      vertex 2.77164 1.14805 -3.67537
      vertex 2.64576 1.41419 -18
      vertex 2.70833 1.2819 -3.67537
    endloop
  endfacet
  facet normal 0.903983 0.427569 0
    outer loop
      vertex 2.77164 1.14805 -3.67537
      vertex 2.77164 1.14805 -18
      vertex 2.64576 1.41419 -18
    endloop
  endfacet
  facet normal -0.857731 0.514098 0
    outer loop
      vertex -2.49441 1.66671 -18
      vertex -2.57053 1.53971 -3.67537
      vertex -2.49441 1.66671 -3.67537
    endloop
  endfacet
  facet normal -0.85774 0.514084 -1.77652e-07
    outer loop
      vertex -2.49441 1.66671 -18
      vertex -2.64576 1.41419 -3.67537
      vertex -2.57053 1.53971 -3.67537
    endloop
  endfacet
  facet normal -0.857736 0.514091 0
    outer loop
      vertex -2.64576 1.41419 -18
      vertex -2.64576 1.41419 -3.67537
      vertex -2.49441 1.66671 -18
    endloop
  endfacet
  facet normal -0.671539 0.740969 0
    outer loop
      vertex -1.90318 2.31903 -18
      vertex -2.01289 2.2196 -3.67537
      vertex -1.90318 2.31903 -3.67537
    endloop
  endfacet
  facet normal -0.671577 0.740935 -5.26595e-07
    outer loop
      vertex -1.90318 2.31903 -18
      vertex -2.12132 2.12132 -3.67537
      vertex -2.01289 2.2196 -3.67537
    endloop
  endfacet
  facet normal -0.671558 0.740952 0
    outer loop
      vertex -2.12132 2.12132 -3.67537
      vertex -1.90318 2.31903 -18
      vertex -2.12132 2.12132 -18
    endloop
  endfacet
  facet normal -0.85774 -0.514084 0
    outer loop
      vertex -2.64576 -1.41419 -18
      vertex -2.57053 -1.53971 -3.67537
      vertex -2.64576 -1.41419 -3.67537
    endloop
  endfacet
  facet normal -0.857736 -0.514091 -8.83047e-08
    outer loop
      vertex -2.49441 -1.66671 -18
      vertex -2.57053 -1.53971 -3.67537
      vertex -2.64576 -1.41419 -18
    endloop
  endfacet
  facet normal -0.857731 -0.514098 0
    outer loop
      vertex -2.57053 -1.53971 -3.67537
      vertex -2.49441 -1.66671 -18
      vertex -2.49441 -1.66671 -3.67537
    endloop
  endfacet
  facet normal -0.427563 -0.903985 -0
    outer loop
      vertex -1.41419 -2.64576 -3.67537
      vertex -1.41419 -2.64576 -18
      vertex -1.2819 -2.70833 -3.67537
    endloop
  endfacet
  facet normal -0.427575 -0.90398 1.34558e-07
    outer loop
      vertex -1.41419 -2.64576 -18
      vertex -1.14805 -2.77164 -3.67537
      vertex -1.2819 -2.70833 -3.67537
    endloop
  endfacet
  facet normal -0.427569 -0.903983 -0
    outer loop
      vertex -1.14805 -2.77164 -3.67537
      vertex -1.41419 -2.64576 -18
      vertex -1.14805 -2.77164 -18
    endloop
  endfacet
  facet normal -0.740969 -0.671539 0
    outer loop
      vertex -2.31903 -1.90318 -18
      vertex -2.2196 -2.01289 -3.67537
      vertex -2.31903 -1.90318 -3.67537
    endloop
  endfacet
  facet normal -0.740952 -0.671558 -2.61759e-07
    outer loop
      vertex -2.12132 -2.12132 -18
      vertex -2.2196 -2.01289 -3.67537
      vertex -2.31903 -1.90318 -18
    endloop
  endfacet
  facet normal -0.740935 -0.671577 0
    outer loop
      vertex -2.2196 -2.01289 -3.67537
      vertex -2.12132 -2.12132 -18
      vertex -2.12132 -2.12132 -3.67537
    endloop
  endfacet
  facet normal -0.336886 0.941545 0
    outer loop
      vertex -0.870853 2.87082 -18
      vertex -1.01026 2.82094 -3.67537
      vertex -0.870853 2.87082 -3.67537
    endloop
  endfacet
  facet normal -0.336877 0.941549 9.54528e-08
    outer loop
      vertex -0.870853 2.87082 -18
      vertex -1.14805 2.77164 -3.67537
      vertex -1.01026 2.82094 -3.67537
    endloop
  endfacet
  facet normal -0.336882 0.941547 0
    outer loop
      vertex -1.14805 2.77164 -3.67537
      vertex -0.870853 2.87082 -18
      vertex -1.14805 2.77164 -18
    endloop
  endfacet
  facet normal -0.514098 -0.857731 0
    outer loop
      vertex -1.66671 -2.49441 -18
      vertex -1.53971 -2.57053 -3.67537
      vertex -1.66671 -2.49441 -3.67537
    endloop
  endfacet
  facet normal -0.514084 -0.85774 -1.77652e-07
    outer loop
      vertex -1.66671 -2.49441 -18
      vertex -1.41419 -2.64576 -3.67537
      vertex -1.53971 -2.57053 -3.67537
    endloop
  endfacet
  facet normal -0.514091 -0.857736 -0
    outer loop
      vertex -1.41419 -2.64576 -3.67537
      vertex -1.66671 -2.49441 -18
      vertex -1.41419 -2.64576 -18
    endloop
  endfacet
  facet normal 0.595695 -0.803211 0
    outer loop
      vertex 1.66671 -2.49441 -18
      vertex 1.78426 -2.40723 -3.67537
      vertex 1.66671 -2.49441 -3.67537
    endloop
  endfacet
  facet normal 0.595712 -0.803198 -2.18966e-07
    outer loop
      vertex 1.66671 -2.49441 -18
      vertex 1.90318 -2.31903 -3.67537
      vertex 1.78426 -2.40723 -3.67537
    endloop
  endfacet
  facet normal 0.595703 -0.803204 0
    outer loop
      vertex 1.90318 -2.31903 -3.67537
      vertex 1.66671 -2.49441 -18
      vertex 1.90318 -2.31903 -18
    endloop
  endfacet
  facet normal -0.0490624 0.998796 0
    outer loop
      vertex -0.294051 2.98555 -18
      vertex -0.294051 2.98555 -3.67537
      vertex -0.147883 2.99273 -3.67537
    endloop
  endfacet
  facet normal -0.0491012 0.998794 0
    outer loop
      vertex 0 3 -18
      vertex -0.147883 2.99273 -3.67537
      vertex 0 3 -3.67537
    endloop
  endfacet
  facet normal -0.0490819 0.998795 1.99518e-07
    outer loop
      vertex -0.294051 2.98555 -18
      vertex -0.147883 2.99273 -3.67537
      vertex 0 3 -18
    endloop
  endfacet
  facet normal -0.970024 0.243008 0
    outer loop
      vertex -2.87082 0.870853 -18
      vertex -2.9068 0.72723 -3.67537
      vertex -2.87082 0.870853 -3.67537
    endloop
  endfacet
  facet normal -0.970027 0.242998 -1.06927e-07
    outer loop
      vertex -2.94236 0.585271 -18
      vertex -2.9068 0.72723 -3.67537
      vertex -2.87082 0.870853 -18
    endloop
  endfacet
  facet normal -0.970029 0.242987 0
    outer loop
      vertex -2.9068 0.72723 -3.67537
      vertex -2.94236 0.585271 -18
      vertex -2.94236 0.585271 -3.67537
    endloop
  endfacet
  facet normal -0.941549 0.336877 0
    outer loop
      vertex -2.77164 1.14805 -18
      vertex -2.82094 1.01026 -3.67537
      vertex -2.77164 1.14805 -3.67537
    endloop
  endfacet
  facet normal -0.941547 0.336882 4.74479e-08
    outer loop
      vertex -2.87082 0.870853 -18
      vertex -2.82094 1.01026 -3.67537
      vertex -2.77164 1.14805 -18
    endloop
  endfacet
  facet normal -0.941545 0.336886 0
    outer loop
      vertex -2.82094 1.01026 -3.67537
      vertex -2.87082 0.870853 -18
      vertex -2.87082 0.870853 -3.67537
    endloop
  endfacet
  facet normal -0.98918 -0.146709 0
    outer loop
      vertex -2.98555 -0.294051 -18
      vertex -2.96408 -0.438812 -3.67537
      vertex -2.98555 -0.294051 -3.67537
    endloop
  endfacet
  facet normal -0.989181 -0.146703 6.30293e-08
    outer loop
      vertex -2.94236 -0.585271 -18
      vertex -2.96408 -0.438812 -3.67537
      vertex -2.98555 -0.294051 -18
    endloop
  endfacet
  facet normal -0.989182 -0.146697 0
    outer loop
      vertex -2.96408 -0.438812 -3.67537
      vertex -2.94236 -0.585271 -18
      vertex -2.94236 -0.585271 -3.67537
    endloop
  endfacet
  facet normal 0.336877 0.941549 0
    outer loop
      vertex 1.14805 2.77164 -3.67537
      vertex 1.14805 2.77164 -18
      vertex 1.01026 2.82094 -3.67537
    endloop
  endfacet
  facet normal 0.336886 0.941545 9.43453e-08
    outer loop
      vertex 1.14805 2.77164 -18
      vertex 0.870853 2.87082 -3.67537
      vertex 1.01026 2.82094 -3.67537
    endloop
  endfacet
  facet normal 0.336882 0.941547 0
    outer loop
      vertex 0.870853 2.87082 -3.67537
      vertex 1.14805 2.77164 -18
      vertex 0.870853 2.87082 -18
    endloop
  endfacet
  facet normal -0.803211 -0.595695 0
    outer loop
      vertex -2.49441 -1.66671 -18
      vertex -2.40723 -1.78426 -3.67537
      vertex -2.49441 -1.66671 -3.67537
    endloop
  endfacet
  facet normal -0.803204 -0.595703 -1.10118e-07
    outer loop
      vertex -2.31903 -1.90318 -18
      vertex -2.40723 -1.78426 -3.67537
      vertex -2.49441 -1.66671 -18
    endloop
  endfacet
  facet normal -0.803198 -0.595712 0
    outer loop
      vertex -2.40723 -1.78426 -3.67537
      vertex -2.31903 -1.90318 -18
      vertex -2.31903 -1.90318 -3.67537
    endloop
  endfacet
  facet normal -0.903985 0.427563 0
    outer loop
      vertex -2.64576 1.41419 -18
      vertex -2.70833 1.2819 -3.67537
      vertex -2.64576 1.41419 -3.67537
    endloop
  endfacet
  facet normal -0.90398 0.427575 1.34558e-07
    outer loop
      vertex -2.64576 1.41419 -18
      vertex -2.77164 1.14805 -3.67537
      vertex -2.70833 1.2819 -3.67537
    endloop
  endfacet
  facet normal -0.903983 0.427569 0
    outer loop
      vertex -2.77164 1.14805 -18
      vertex -2.77164 1.14805 -3.67537
      vertex -2.64576 1.41419 -18
    endloop
  endfacet
  facet normal 0 0 -1
    outer loop
      vertex 2.98555 -0.294051 -18
      vertex 2.98555 0.294051 -18
      vertex 3 0 -18
    endloop
  endfacet
  facet normal 0 0 -1
    outer loop
      vertex 2.94236 -0.585271 -18
      vertex 2.98555 0.294051 -18
      vertex 2.98555 -0.294051 -18
    endloop
  endfacet
  facet normal 0 0 -1
    outer loop
      vertex 2.94236 -0.585271 -18
      vertex 2.94236 0.585271 -18
      vertex 2.98555 0.294051 -18
    endloop
  endfacet
  facet normal 0 0 -1
    outer loop
      vertex 2.87082 -0.870853 -18
      vertex 2.94236 0.585271 -18
      vertex 2.94236 -0.585271 -18
    endloop
  endfacet
  facet normal 0 0 -1
    outer loop
      vertex 2.87082 -0.870853 -18
      vertex 2.87082 0.870853 -18
      vertex 2.94236 0.585271 -18
    endloop
  endfacet
  facet normal 0 0 -1
    outer loop
      vertex 2.77164 -1.14805 -18
      vertex 2.87082 0.870853 -18
      vertex 2.87082 -0.870853 -18
    endloop
  endfacet
  facet normal 0 0 -1
    outer loop
      vertex 2.77164 -1.14805 -18
      vertex 2.77164 1.14805 -18
      vertex 2.87082 0.870853 -18
    endloop
  endfacet
  facet normal 0 0 -1
    outer loop
      vertex 2.64576 -1.41419 -18
      vertex 2.77164 1.14805 -18
      vertex 2.77164 -1.14805 -18
    endloop
  endfacet
  facet normal 0 0 -1
    outer loop
      vertex 2.64576 -1.41419 -18
      vertex 2.64576 1.41419 -18
      vertex 2.77164 1.14805 -18
    endloop
  endfacet
  facet normal 0 0 -1
    outer loop
      vertex 2.49441 -1.66671 -18
      vertex 2.64576 1.41419 -18
      vertex 2.64576 -1.41419 -18
    endloop
  endfacet
  facet normal 0 0 -1
    outer loop
      vertex 2.49441 -1.66671 -18
      vertex 2.49441 1.66671 -18
      vertex 2.64576 1.41419 -18
    endloop
  endfacet
  facet normal 0 0 -1
    outer loop
      vertex 2.31903 -1.90318 -18
      vertex 2.49441 1.66671 -18
      vertex 2.49441 -1.66671 -18
    endloop
  endfacet
  facet normal 0 0 -1
    outer loop
      vertex 2.31903 -1.90318 -18
      vertex 2.31903 1.90318 -18
      vertex 2.49441 1.66671 -18
    endloop
  endfacet
  facet normal 0 0 -1
    outer loop
      vertex 2.12132 -2.12132 -18
      vertex 2.31903 1.90318 -18
      vertex 2.31903 -1.90318 -18
    endloop
  endfacet
  facet normal 0 0 -1
    outer loop
      vertex 2.12132 -2.12132 -18
      vertex 2.12132 2.12132 -18
      vertex 2.31903 1.90318 -18
    endloop
  endfacet
  facet normal 0 0 -1
    outer loop
      vertex 1.90318 -2.31903 -18
      vertex 2.12132 2.12132 -18
      vertex 2.12132 -2.12132 -18
    endloop
  endfacet
  facet normal 0 0 -1
    outer loop
      vertex 1.90318 -2.31903 -18
      vertex 1.90318 2.31903 -18
      vertex 2.12132 2.12132 -18
    endloop
  endfacet
  facet normal 0 0 -1
    outer loop
      vertex 1.66671 -2.49441 -18
      vertex 1.90318 2.31903 -18
      vertex 1.90318 -2.31903 -18
    endloop
  endfacet
  facet normal 0 0 -1
    outer loop
      vertex 1.66671 -2.49441 -18
      vertex 1.66671 2.49441 -18
      vertex 1.90318 2.31903 -18
    endloop
  endfacet
  facet normal 0 0 -1
    outer loop
      vertex 1.41419 -2.64576 -18
      vertex 1.66671 2.49441 -18
      vertex 1.66671 -2.49441 -18
    endloop
  endfacet
  facet normal 0 0 -1
    outer loop
      vertex 1.41419 -2.64576 -18
      vertex 1.41419 2.64576 -18
      vertex 1.66671 2.49441 -18
    endloop
  endfacet
  facet normal 0 0 -1
    outer loop
      vertex 1.14805 -2.77164 -18
      vertex 1.41419 2.64576 -18
      vertex 1.41419 -2.64576 -18
    endloop
  endfacet
  facet normal 0 0 -1
    outer loop
      vertex 1.14805 -2.77164 -18
      vertex 1.14805 2.77164 -18
      vertex 1.41419 2.64576 -18
    endloop
  endfacet
  facet normal 0 0 -1
    outer loop
      vertex 0.870853 -2.87082 -18
      vertex 1.14805 2.77164 -18
      vertex 1.14805 -2.77164 -18
    endloop
  endfacet
  facet normal 0 0 -1
    outer loop
      vertex 0.870853 -2.87082 -18
      vertex 0.870853 2.87082 -18
      vertex 1.14805 2.77164 -18
    endloop
  endfacet
  facet normal 0 0 -1
    outer loop
      vertex 0.585271 -2.94236 -18
      vertex 0.870853 2.87082 -18
      vertex 0.870853 -2.87082 -18
    endloop
  endfacet
  facet normal 0 0 -1
    outer loop
      vertex 0.585271 -2.94236 -18
      vertex 0.585271 2.94236 -18
      vertex 0.870853 2.87082 -18
    endloop
  endfacet
  facet normal 0 0 -1
    outer loop
      vertex 0.294051 -2.98555 -18
      vertex 0.585271 2.94236 -18
      vertex 0.585271 -2.94236 -18
    endloop
  endfacet
  facet normal 0 0 -1
    outer loop
      vertex 0.294051 -2.98555 -18
      vertex 0.294051 2.98555 -18
      vertex 0.585271 2.94236 -18
    endloop
  endfacet
  facet normal 0 0 -1
    outer loop
      vertex 0 -3 -18
      vertex 0.294051 2.98555 -18
      vertex 0.294051 -2.98555 -18
    endloop
  endfacet
  facet normal 0 0 -1
    outer loop
      vertex 0 -3 -18
      vertex 0 3 -18
      vertex 0.294051 2.98555 -18
    endloop
  endfacet
  facet normal 0 0 -1
    outer loop
      vertex -0.294051 -2.98555 -18
      vertex 0 3 -18
      vertex 0 -3 -18
    endloop
  endfacet
  facet normal 0 0 -1
    outer loop
      vertex -0.294051 -2.98555 -18
      vertex -0.294051 2.98555 -18
      vertex 0 3 -18
    endloop
  endfacet
  facet normal 0 0 -1
    outer loop
      vertex -0.585271 -2.94236 -18
      vertex -0.294051 2.98555 -18
      vertex -0.294051 -2.98555 -18
    endloop
  endfacet
  facet normal 0 0 -1
    outer loop
      vertex -0.585271 -2.94236 -18
      vertex -0.585271 2.94236 -18
      vertex -0.294051 2.98555 -18
    endloop
  endfacet
  facet normal 0 0 -1
    outer loop
      vertex -0.870853 -2.87082 -18
      vertex -0.585271 2.94236 -18
      vertex -0.585271 -2.94236 -18
    endloop
  endfacet
  facet normal 0 0 -1
    outer loop
      vertex -0.870853 -2.87082 -18
      vertex -0.870853 2.87082 -18
      vertex -0.585271 2.94236 -18
    endloop
  endfacet
  facet normal 0 0 -1
    outer loop
      vertex -1.14805 -2.77164 -18
      vertex -0.870853 2.87082 -18
      vertex -0.870853 -2.87082 -18
    endloop
  endfacet
  facet normal 0 0 -1
    outer loop
      vertex -1.14805 -2.77164 -18
      vertex -1.14805 2.77164 -18
      vertex -0.870853 2.87082 -18
    endloop
  endfacet
  facet normal 0 0 -1
    outer loop
      vertex -1.41419 -2.64576 -18
      vertex -1.14805 2.77164 -18
      vertex -1.14805 -2.77164 -18
    endloop
  endfacet
  facet normal 0 0 -1
    outer loop
      vertex -1.41419 -2.64576 -18
      vertex -1.41419 2.64576 -18
      vertex -1.14805 2.77164 -18
    endloop
  endfacet
  facet normal 0 0 -1
    outer loop
      vertex -1.66671 -2.49441 -18
      vertex -1.41419 2.64576 -18
      vertex -1.41419 -2.64576 -18
    endloop
  endfacet
  facet normal 0 0 -1
    outer loop
      vertex -1.66671 -2.49441 -18
      vertex -1.66671 2.49441 -18
      vertex -1.41419 2.64576 -18
    endloop
  endfacet
  facet normal 0 0 -1
    outer loop
      vertex -1.90318 -2.31903 -18
      vertex -1.66671 2.49441 -18
      vertex -1.66671 -2.49441 -18
    endloop
  endfacet
  facet normal 0 0 -1
    outer loop
      vertex -1.90318 -2.31903 -18
      vertex -1.90318 2.31903 -18
      vertex -1.66671 2.49441 -18
    endloop
  endfacet
  facet normal 0 0 -1
    outer loop
      vertex -2.12132 -2.12132 -18
      vertex -1.90318 2.31903 -18
      vertex -1.90318 -2.31903 -18
    endloop
  endfacet
  facet normal 0 0 -1
    outer loop
      vertex -2.12132 -2.12132 -18
      vertex -2.12132 2.12132 -18
      vertex -1.90318 2.31903 -18
    endloop
  endfacet
  facet normal 0 0 -1
    outer loop
      vertex -2.31903 -1.90318 -18
      vertex -2.12132 2.12132 -18
      vertex -2.12132 -2.12132 -18
    endloop
  endfacet
  facet normal 0 0 -1
    outer loop
      vertex -2.31903 -1.90318 -18
      vertex -2.31903 1.90318 -18
      vertex -2.12132 2.12132 -18
    endloop
  endfacet
  facet normal 0 0 -1
    outer loop
      vertex -2.49441 -1.66671 -18
      vertex -2.31903 1.90318 -18
      vertex -2.31903 -1.90318 -18
    endloop
  endfacet
  facet normal 0 0 -1
    outer loop
      vertex -2.49441 -1.66671 -18
      vertex -2.49441 1.66671 -18
      vertex -2.31903 1.90318 -18
    endloop
  endfacet
  facet normal 0 0 -1
    outer loop
      vertex -2.64576 -1.41419 -18
      vertex -2.49441 1.66671 -18
      vertex -2.49441 -1.66671 -18
    endloop
  endfacet
  facet normal 0 0 -1
    outer loop
      vertex -2.64576 -1.41419 -18
      vertex -2.64576 1.41419 -18
      vertex -2.49441 1.66671 -18
    endloop
  endfacet
  facet normal 0 0 -1
    outer loop
      vertex -2.77164 -1.14805 -18
      vertex -2.64576 1.41419 -18
      vertex -2.64576 -1.41419 -18
    endloop
  endfacet
  facet normal 0 0 -1
    outer loop
      vertex -2.77164 -1.14805 -18
      vertex -2.77164 1.14805 -18
      vertex -2.64576 1.41419 -18
    endloop
  endfacet
  facet normal 0 0 -1
    outer loop
      vertex -2.87082 -0.870853 -18
      vertex -2.77164 1.14805 -18
      vertex -2.77164 -1.14805 -18
    endloop
  endfacet
  facet normal 0 0 -1
    outer loop
      vertex -2.87082 -0.870853 -18
      vertex -2.87082 0.870853 -18
      vertex -2.77164 1.14805 -18
    endloop
  endfacet
  facet normal 0 0 -1
    outer loop
      vertex -2.94236 -0.585271 -18
      vertex -2.87082 0.870853 -18
      vertex -2.87082 -0.870853 -18
    endloop
  endfacet
  facet normal 0 0 -1
    outer loop
      vertex -2.94236 -0.585271 -18
      vertex -2.94236 0.585271 -18
      vertex -2.87082 0.870853 -18
    endloop
  endfacet
  facet normal 0 0 -1
    outer loop
      vertex -2.98555 -0.294051 -18
      vertex -2.94236 0.585271 -18
      vertex -2.94236 -0.585271 -18
    endloop
  endfacet
  facet normal 0 0 -1
    outer loop
      vertex -2.98555 -0.294051 -18
      vertex -2.98555 0.294051 -18
      vertex -2.94236 0.585271 -18
    endloop
  endfacet
  facet normal 0 -0 -1
    outer loop
      vertex -2.98555 0.294051 -18
      vertex -2.98555 -0.294051 -18
      vertex -3 0 -18
    endloop
  endfacet
  facet normal -0.671577 -0.740935 0
    outer loop
      vertex -2.12132 -2.12132 -18
      vertex -2.01289 -2.2196 -3.67537
      vertex -2.12132 -2.12132 -3.67537
    endloop
  endfacet
  facet normal -0.671539 -0.740969 -5.20475e-07
    outer loop
      vertex -2.12132 -2.12132 -18
      vertex -1.90318 -2.31903 -3.67537
      vertex -2.01289 -2.2196 -3.67537
    endloop
  endfacet
  facet normal -0.671558 -0.740952 -0
    outer loop
      vertex -1.90318 -2.31903 -3.67537
      vertex -2.12132 -2.12132 -18
      vertex -1.90318 -2.31903 -18
    endloop
  endfacet
  facet normal -0.803198 0.595712 0
    outer loop
      vertex -2.31903 1.90318 -18
      vertex -2.40723 1.78426 -3.67537
      vertex -2.31903 1.90318 -3.67537
    endloop
  endfacet
  facet normal -0.803211 0.595695 -2.21521e-07
    outer loop
      vertex -2.31903 1.90318 -18
      vertex -2.49441 1.66671 -3.67537
      vertex -2.40723 1.78426 -3.67537
    endloop
  endfacet
  facet normal -0.803204 0.595703 0
    outer loop
      vertex -2.49441 1.66671 -18
      vertex -2.49441 1.66671 -3.67537
      vertex -2.31903 1.90318 -18
    endloop
  endfacet
  facet normal -0.0490624 -0.998796 -0
    outer loop
      vertex -0.294051 -2.98555 -3.67537
      vertex -0.294051 -2.98555 -18
      vertex -0.147883 -2.99273 -3.67537
    endloop
  endfacet
  facet normal -0.0490819 -0.998795 1.99518e-07
    outer loop
      vertex 0 -3 -18
      vertex -0.147883 -2.99273 -3.67537
      vertex -0.294051 -2.98555 -18
    endloop
  endfacet
  facet normal -0.0491012 -0.998794 0
    outer loop
      vertex -0.147883 -2.99273 -3.67537
      vertex 0 -3 -18
      vertex 0 -3 -3.67537
    endloop
  endfacet
  facet normal -0.146697 -0.989182 -0
    outer loop
      vertex -0.585271 -2.94236 -3.67537
      vertex -0.585271 -2.94236 -18
      vertex -0.438812 -2.96408 -3.67537
    endloop
  endfacet
  facet normal -0.146703 -0.989181 6.30293e-08
    outer loop
      vertex -0.294051 -2.98555 -18
      vertex -0.438812 -2.96408 -3.67537
      vertex -0.585271 -2.94236 -18
    endloop
  endfacet
  facet normal -0.146709 -0.98918 0
    outer loop
      vertex -0.438812 -2.96408 -3.67537
      vertex -0.294051 -2.98555 -18
      vertex -0.294051 -2.98555 -3.67537
    endloop
  endfacet
  facet normal -0.989182 0.146697 0
    outer loop
      vertex -2.94236 0.585271 -18
      vertex -2.96408 0.438812 -3.67537
      vertex -2.94236 0.585271 -3.67537
    endloop
  endfacet
  facet normal -0.989181 0.146703 6.30293e-08
    outer loop
      vertex -2.98555 0.294051 -18
      vertex -2.96408 0.438812 -3.67537
      vertex -2.94236 0.585271 -18
    endloop
  endfacet
  facet normal -0.98918 0.146709 0
    outer loop
      vertex -2.96408 0.438812 -3.67537
      vertex -2.98555 0.294051 -18
      vertex -2.98555 0.294051 -3.67537
    endloop
  endfacet
  facet normal -0.998796 0.0490624 0
    outer loop
      vertex -2.98555 0.294051 -18
      vertex -2.99273 0.147883 -3.67537
      vertex -2.98555 0.294051 -3.67537
    endloop
  endfacet
  facet normal -0.998795 0.0490819 1.99518e-07
    outer loop
      vertex -3 0 -18
      vertex -2.99273 0.147883 -3.67537
      vertex -2.98555 0.294051 -18
    endloop
  endfacet
  facet normal -0.998794 0.0491012 0
    outer loop
      vertex -2.99273 0.147883 -3.67537
      vertex -3 0 -18
      vertex -3 0 -3.67537
    endloop
  endfacet
  facet normal -0.336877 -0.941549 -0
    outer loop
      vertex -1.14805 -2.77164 -3.67537
      vertex -1.14805 -2.77164 -18
      vertex -1.01026 -2.82094 -3.67537
    endloop
  endfacet
  facet normal -0.336886 -0.941545 9.43453e-08
    outer loop
      vertex -1.14805 -2.77164 -18
      vertex -0.870853 -2.87082 -3.67537
      vertex -1.01026 -2.82094 -3.67537
    endloop
  endfacet
  facet normal -0.336882 -0.941547 -0
    outer loop
      vertex -0.870853 -2.87082 -3.67537
      vertex -1.14805 -2.77164 -18
      vertex -0.870853 -2.87082 -18
    endloop
  endfacet
  facet normal 0.671539 -0.740969 0
    outer loop
      vertex 1.90318 -2.31903 -18
      vertex 2.01289 -2.2196 -3.67537
      vertex 1.90318 -2.31903 -3.67537
    endloop
  endfacet
  facet normal 0.671577 -0.740935 -5.26595e-07
    outer loop
      vertex 1.90318 -2.31903 -18
      vertex 2.12132 -2.12132 -3.67537
      vertex 2.01289 -2.2196 -3.67537
    endloop
  endfacet
  facet normal 0.671558 -0.740952 0
    outer loop
      vertex 2.12132 -2.12132 -3.67537
      vertex 1.90318 -2.31903 -18
      vertex 2.12132 -2.12132 -18
    endloop
  endfacet
  facet normal 0 -0.24296 0.970036
    outer loop
      vertex 4.53139 0.406398 -1.33972
      vertex -4.52781 0.273126 -1.3731
      vertex 4.52781 0.273126 -1.3731
    endloop
  endfacet
  facet normal 0 -0.24296 0.970036
    outer loop
      vertex -4.52781 0.273126 -1.3731
      vertex 4.53139 0.406398 -1.33972
      vertex -4.53139 0.406398 -1.33972
    endloop
  endfacet
  facet normal 0 -0.427545 0.903994
    outer loop
      vertex -4.52989 0.659955 -1.23469
      vertex 4.53032 0.535756 -1.29343
      vertex 4.52989 0.659955 -1.23469
    endloop
  endfacet
  facet normal 0 -0.427545 0.903994
    outer loop
      vertex 4.53032 0.535756 -1.29343
      vertex -4.52989 0.659955 -1.23469
      vertex -4.53032 0.535756 -1.29343
    endloop
  endfacet
  facet normal 0 -0.049058 0.998796
    outer loop
      vertex -4.52838 0.137223 -1.39326
      vertex 4.53307 0 -1.4
      vertex 4.52838 0.137223 -1.39326
    endloop
  endfacet
  facet normal 0 -0.049058 0.998796
    outer loop
      vertex 4.53307 0 -1.4
      vertex -4.52838 0.137223 -1.39326
      vertex -4.53307 0 -1.4
    endloop
  endfacet
  facet normal 0 -0.970036 0.24296
    outer loop
      vertex -4.5318 1.33972 -0.406398
      vertex 4.53695 1.3731 -0.273126
      vertex -4.53695 1.3731 -0.273126
    endloop
  endfacet
  facet normal 0 -0.970036 0.24296
    outer loop
      vertex 4.53695 1.3731 -0.273126
      vertex -4.5318 1.33972 -0.406398
      vertex 4.5318 1.33972 -0.406398
    endloop
  endfacet
  facet normal 0 0.970036 -0.24296
    outer loop
      vertex 4.53695 -1.3731 0.273126
      vertex -4.5318 -1.33972 0.406398
      vertex 4.5318 -1.33972 0.406398
    endloop
  endfacet
  facet normal 0 0.970036 -0.24296
    outer loop
      vertex -4.5318 -1.33972 0.406398
      vertex 4.53695 -1.3731 0.273126
      vertex -4.53695 -1.3731 0.273126
    endloop
  endfacet
  facet normal 0 0.51409 -0.857736
    outer loop
      vertex 4.53405 -0.777798 1.16406
      vertex -4.52989 -0.659955 1.23469
      vertex 4.52989 -0.659955 1.23469
    endloop
  endfacet
  facet normal 0 0.51409 -0.857736
    outer loop
      vertex -4.52989 -0.659955 1.23469
      vertex 4.53405 -0.777798 1.16406
      vertex -4.53405 -0.777798 1.16406
    endloop
  endfacet
  facet normal -0.0014181 0.989183 0.14668
    outer loop
      vertex 4.53854 -1.37675 -0.248522
      vertex 4.53424 -1.39326 -0.137223
      vertex 4.53933 -1.37904 -0.233071
    endloop
  endfacet
  facet normal 0.000102534 0.989175 0.146737
    outer loop
      vertex 4.53695 -1.3731 -0.273126
      vertex 4.53424 -1.39326 -0.137223
      vertex 4.53854 -1.37675 -0.248522
    endloop
  endfacet
  facet normal 0 0.989176 0.146735
    outer loop
      vertex 4.53424 -1.39326 -0.137223
      vertex 4.53695 -1.3731 -0.273126
      vertex -4.53424 -1.39326 -0.137223
    endloop
  endfacet
  facet normal 0.0014181 0.989183 0.14668
    outer loop
      vertex -4.53424 -1.39326 -0.137223
      vertex -4.53854 -1.37675 -0.248522
      vertex -4.53933 -1.37904 -0.233071
    endloop
  endfacet
  facet normal -0 0.989176 0.146735
    outer loop
      vertex -4.53695 -1.3731 -0.273126
      vertex -4.53424 -1.39326 -0.137223
      vertex 4.53695 -1.3731 -0.273126
    endloop
  endfacet
  facet normal -0.000102534 0.989175 0.146737
    outer loop
      vertex -4.53424 -1.39326 -0.137223
      vertex -4.53695 -1.3731 -0.273126
      vertex -4.53854 -1.37675 -0.248522
    endloop
  endfacet
  facet normal 0.001764 -0.857718 -0.514118
    outer loop
      vertex -4.53239 1.23469 0.659955
      vertex -4.52978 1.16406 0.777798
      vertex -4.5342 1.2125 0.696969
    endloop
  endfacet
  facet normal 0 -0.857736 -0.51409
    outer loop
      vertex -4.52978 1.16406 0.777798
      vertex -4.53239 1.23469 0.659955
      vertex 4.52978 1.16406 0.777798
    endloop
  endfacet
  facet normal -0 -0.857736 -0.51409
    outer loop
      vertex 4.53239 1.23469 0.659955
      vertex 4.52978 1.16406 0.777798
      vertex -4.53239 1.23469 0.659955
    endloop
  endfacet
  facet normal -0.001764 -0.857718 -0.514118
    outer loop
      vertex 4.52978 1.16406 0.777798
      vertex 4.53239 1.23469 0.659955
      vertex 4.5342 1.2125 0.696969
    endloop
  endfacet
  facet normal -0.00212271 0.336937 -0.941525
    outer loop
      vertex 4.53032 -0.535756 1.29343
      vertex 4.53139 -0.406398 1.33972
      vertex 4.53378 -0.446538 1.32535
    endloop
  endfacet
  facet normal 0 0.336922 -0.941533
    outer loop
      vertex -4.53032 -0.535756 1.29343
      vertex 4.53139 -0.406398 1.33972
      vertex 4.53032 -0.535756 1.29343
    endloop
  endfacet
  facet normal 0 0.336922 -0.941533
    outer loop
      vertex -4.53032 -0.535756 1.29343
      vertex -4.53139 -0.406398 1.33972
      vertex 4.53139 -0.406398 1.33972
    endloop
  endfacet
  facet normal 0.00212271 0.336937 -0.941525
    outer loop
      vertex -4.53139 -0.406398 1.33972
      vertex -4.53032 -0.535756 1.29343
      vertex -4.53378 -0.446538 1.32535
    endloop
  endfacet
  facet normal 0.00394974 0.671426 0.741061
    outer loop
      vertex 4.53516 -0.88815 -1.08221
      vertex 4.52994 -0.989949 -0.989949
      vertex 4.53563 -0.902192 -1.06949
    endloop
  endfacet
  facet normal 0 0.671542 0.740966
    outer loop
      vertex 4.53516 -0.88815 -1.08221
      vertex -4.52994 -0.989949 -0.989949
      vertex 4.52994 -0.989949 -0.989949
    endloop
  endfacet
  facet normal -0 0.671542 0.740966
    outer loop
      vertex -4.53516 -0.88815 -1.08221
      vertex -4.52994 -0.989949 -0.989949
      vertex 4.53516 -0.88815 -1.08221
    endloop
  endfacet
  facet normal -0.00394974 0.671426 0.741061
    outer loop
      vertex -4.52994 -0.989949 -0.989949
      vertex -4.53516 -0.88815 -1.08221
      vertex -4.53563 -0.902192 -1.06949
    endloop
  endfacet
  facet normal -0.001764 0.857718 0.514118
    outer loop
      vertex 4.52978 -1.16406 -0.777798
      vertex 4.53239 -1.23469 -0.659955
      vertex 4.5342 -1.2125 -0.696969
    endloop
  endfacet
  facet normal 0 0.857736 0.51409
    outer loop
      vertex 4.53239 -1.23469 -0.659955
      vertex 4.52978 -1.16406 -0.777798
      vertex -4.53239 -1.23469 -0.659955
    endloop
  endfacet
  facet normal -0 0.857736 0.51409
    outer loop
      vertex -4.52978 -1.16406 -0.777798
      vertex -4.53239 -1.23469 -0.659955
      vertex 4.52978 -1.16406 -0.777798
    endloop
  endfacet
  facet normal 0.001764 0.857718 0.514118
    outer loop
      vertex -4.53239 -1.23469 -0.659955
      vertex -4.52978 -1.16406 -0.777798
      vertex -4.5342 -1.2125 -0.696969
    endloop
  endfacet
  facet normal 0 -0.146797 -0.989167
    outer loop
      vertex -4.52802 0.222328 1.38063
      vertex 4.52802 0.222328 1.38063
      vertex 4.52838 0.137223 1.39326
    endloop
  endfacet
  facet normal 0 -0.146632 -0.989191
    outer loop
      vertex 4.52802 0.222328 1.38063
      vertex -4.52781 0.273126 1.3731
      vertex 4.52781 0.273126 1.3731
    endloop
  endfacet
  facet normal -0 -0.146632 -0.989191
    outer loop
      vertex 4.52802 0.222328 1.38063
      vertex -4.52802 0.222328 1.38063
      vertex -4.52781 0.273126 1.3731
    endloop
  endfacet
  facet normal 0 -0.146797 -0.989167
    outer loop
      vertex -4.52802 0.222328 1.38063
      vertex 4.52838 0.137223 1.39326
      vertex -4.52838 0.137223 1.39326
    endloop
  endfacet
  facet normal 0 -0.51409 0.857736
    outer loop
      vertex 4.53405 0.777798 -1.16406
      vertex -4.52989 0.659955 -1.23469
      vertex 4.52989 0.659955 -1.23469
    endloop
  endfacet
  facet normal 0 -0.51409 0.857736
    outer loop
      vertex -4.52989 0.659955 -1.23469
      vertex 4.53405 0.777798 -1.16406
      vertex -4.53405 0.777798 -1.16406
    endloop
  endfacet
  facet normal 0.00579018 -0.595762 0.803141
    outer loop
      vertex 4.53405 0.777798 -1.16406
      vertex 4.53514 0.854124 -1.10745
      vertex 4.53516 0.88815 -1.08221
    endloop
  endfacet
  facet normal 0.00142169 -0.595731 0.803183
    outer loop
      vertex 4.53514 0.854124 -1.10745
      vertex 4.53405 0.777798 -1.16406
      vertex 4.5351 0.791148 -1.15416
    endloop
  endfacet
  facet normal 0 -0.595734 0.803182
    outer loop
      vertex 4.53516 0.88815 -1.08221
      vertex -4.53405 0.777798 -1.16406
      vertex 4.53405 0.777798 -1.16406
    endloop
  endfacet
  facet normal -2.97431e-07 -0.595718 0.803194
    outer loop
      vertex -4.53514 0.854124 -1.10745
      vertex -4.53405 0.777798 -1.16406
      vertex 4.53516 0.88815 -1.08221
    endloop
  endfacet
  facet normal -0.00142169 -0.595731 0.803183
    outer loop
      vertex -4.53405 0.777798 -1.16406
      vertex -4.53514 0.854124 -1.10745
      vertex -4.5351 0.791148 -1.15416
    endloop
  endfacet
  facet normal 0 -0.595769 0.803156
    outer loop
      vertex -4.53514 0.854124 -1.10745
      vertex 4.53516 0.88815 -1.08221
      vertex -4.53516 0.88815 -1.08221
    endloop
  endfacet
  facet normal -0 0.24296 0.970036
    outer loop
      vertex -4.52781 -0.273126 -1.3731
      vertex 4.53139 -0.406398 -1.33972
      vertex 4.52781 -0.273126 -1.3731
    endloop
  endfacet
  facet normal 0 0.24296 0.970036
    outer loop
      vertex 4.53139 -0.406398 -1.33972
      vertex -4.52781 -0.273126 -1.3731
      vertex -4.53139 -0.406398 -1.33972
    endloop
  endfacet
  facet normal 0 0.049058 -0.998796
    outer loop
      vertex -4.52838 -0.137223 1.39326
      vertex 4.53307 0 1.4
      vertex 4.52838 -0.137223 1.39326
    endloop
  endfacet
  facet normal 0 0.049058 -0.998796
    outer loop
      vertex 4.53307 0 1.4
      vertex -4.52838 -0.137223 1.39326
      vertex -4.53307 0 1.4
    endloop
  endfacet
  facet normal 0 -0.803197 0.595713
    outer loop
      vertex -4.5278 1.08687 -0.881873
      vertex 4.52978 1.16406 -0.777798
      vertex -4.52978 1.16406 -0.777798
    endloop
  endfacet
  facet normal 0 -0.803197 0.595713
    outer loop
      vertex -4.5278 1.08687 -0.881873
      vertex 4.5278 1.08687 -0.881873
      vertex 4.52978 1.16406 -0.777798
    endloop
  endfacet
  facet normal 0 -0.802922 0.596084
    outer loop
      vertex -4.52768 1.08221 -0.88815
      vertex 4.5278 1.08687 -0.881873
      vertex -4.5278 1.08687 -0.881873
    endloop
  endfacet
  facet normal 0 -0.802922 0.596084
    outer loop
      vertex 4.5278 1.08687 -0.881873
      vertex -4.52768 1.08221 -0.88815
      vertex 4.52768 1.08221 -0.88815
    endloop
  endfacet
  facet normal -0.00212271 -0.336937 0.941525
    outer loop
      vertex 4.53032 0.535756 -1.29343
      vertex 4.53139 0.406398 -1.33972
      vertex 4.53378 0.446538 -1.32535
    endloop
  endfacet
  facet normal 0 -0.336922 0.941533
    outer loop
      vertex -4.53032 0.535756 -1.29343
      vertex 4.53139 0.406398 -1.33972
      vertex 4.53032 0.535756 -1.29343
    endloop
  endfacet
  facet normal 0 -0.336922 0.941533
    outer loop
      vertex -4.53032 0.535756 -1.29343
      vertex -4.53139 0.406398 -1.33972
      vertex 4.53139 0.406398 -1.33972
    endloop
  endfacet
  facet normal 0.00212271 -0.336937 0.941525
    outer loop
      vertex -4.53139 0.406398 -1.33972
      vertex -4.53032 0.535756 -1.29343
      vertex -4.53378 0.446538 -1.32535
    endloop
  endfacet
  facet normal 0 -0.740966 0.671542
    outer loop
      vertex -4.52994 0.989949 -0.989949
      vertex 4.52768 1.08221 -0.88815
      vertex -4.52768 1.08221 -0.88815
    endloop
  endfacet
  facet normal 0 -0.740966 0.671542
    outer loop
      vertex 4.52768 1.08221 -0.88815
      vertex -4.52994 0.989949 -0.989949
      vertex 4.52994 0.989949 -0.989949
    endloop
  endfacet
  facet normal 0.00394974 -0.671426 -0.741061
    outer loop
      vertex 4.53516 0.88815 1.08221
      vertex 4.52994 0.989949 0.989949
      vertex 4.53563 0.902192 1.06949
    endloop
  endfacet
  facet normal 0 -0.671542 -0.740966
    outer loop
      vertex 4.53516 0.88815 1.08221
      vertex -4.52994 0.989949 0.989949
      vertex 4.52994 0.989949 0.989949
    endloop
  endfacet
  facet normal 0 -0.671542 -0.740966
    outer loop
      vertex -4.53516 0.88815 1.08221
      vertex -4.52994 0.989949 0.989949
      vertex 4.53516 0.88815 1.08221
    endloop
  endfacet
  facet normal -0.00394974 -0.671426 -0.741061
    outer loop
      vertex -4.52994 0.989949 0.989949
      vertex -4.53516 0.88815 1.08221
      vertex -4.53563 0.902192 1.06949
    endloop
  endfacet
  facet normal 0 0.24296 -0.970036
    outer loop
      vertex 4.53139 -0.406398 1.33972
      vertex -4.52781 -0.273126 1.3731
      vertex 4.52781 -0.273126 1.3731
    endloop
  endfacet
  facet normal 0 0.24296 -0.970036
    outer loop
      vertex -4.52781 -0.273126 1.3731
      vertex 4.53139 -0.406398 1.33972
      vertex -4.53139 -0.406398 1.33972
    endloop
  endfacet
  facet normal 0.00394974 -0.671426 0.741061
    outer loop
      vertex 4.52994 0.989949 -0.989949
      vertex 4.53516 0.88815 -1.08221
      vertex 4.53563 0.902192 -1.06949
    endloop
  endfacet
  facet normal 0 -0.671542 0.740966
    outer loop
      vertex -4.52994 0.989949 -0.989949
      vertex 4.53516 0.88815 -1.08221
      vertex 4.52994 0.989949 -0.989949
    endloop
  endfacet
  facet normal 0 -0.671542 0.740966
    outer loop
      vertex -4.52994 0.989949 -0.989949
      vertex -4.53516 0.88815 -1.08221
      vertex 4.53516 0.88815 -1.08221
    endloop
  endfacet
  facet normal -0.00394974 -0.671426 0.741061
    outer loop
      vertex -4.53516 0.88815 -1.08221
      vertex -4.52994 0.989949 -0.989949
      vertex -4.53563 0.902192 -1.06949
    endloop
  endfacet
  facet normal 0 -0.941533 -0.336922
    outer loop
      vertex -4.5318 1.33972 0.406398
      vertex 4.53028 1.29343 0.535756
      vertex -4.53028 1.29343 0.535756
    endloop
  endfacet
  facet normal 0 -0.941533 -0.336922
    outer loop
      vertex 4.53028 1.29343 0.535756
      vertex -4.5318 1.33972 0.406398
      vertex 4.5318 1.33972 0.406398
    endloop
  endfacet
  facet normal 0 0.146632 -0.989191
    outer loop
      vertex -4.52781 -0.273126 1.3731
      vertex 4.52802 -0.222328 1.38063
      vertex 4.52781 -0.273126 1.3731
    endloop
  endfacet
  facet normal 0 0.146632 -0.989191
    outer loop
      vertex -4.52802 -0.222328 1.38063
      vertex 4.52802 -0.222328 1.38063
      vertex -4.52781 -0.273126 1.3731
    endloop
  endfacet
  facet normal 0 0.146797 -0.989167
    outer loop
      vertex 4.52802 -0.222328 1.38063
      vertex -4.52802 -0.222328 1.38063
      vertex 4.52838 -0.137223 1.39326
    endloop
  endfacet
  facet normal 0 0.146797 -0.989167
    outer loop
      vertex 4.52838 -0.137223 1.39326
      vertex -4.52802 -0.222328 1.38063
      vertex -4.52838 -0.137223 1.39326
    endloop
  endfacet
  facet normal 0 -0.941533 0.336922
    outer loop
      vertex -4.53028 1.29343 -0.535756
      vertex 4.5318 1.33972 -0.406398
      vertex -4.5318 1.33972 -0.406398
    endloop
  endfacet
  facet normal 0 -0.941533 0.336922
    outer loop
      vertex 4.5318 1.33972 -0.406398
      vertex -4.53028 1.29343 -0.535756
      vertex 4.53028 1.29343 -0.535756
    endloop
  endfacet
  facet normal 0 -0.146632 0.989191
    outer loop
      vertex -4.52781 0.273126 -1.3731
      vertex 4.52802 0.222328 -1.38063
      vertex 4.52781 0.273126 -1.3731
    endloop
  endfacet
  facet normal 0 -0.146632 0.989191
    outer loop
      vertex -4.52802 0.222328 -1.38063
      vertex 4.52802 0.222328 -1.38063
      vertex -4.52781 0.273126 -1.3731
    endloop
  endfacet
  facet normal 0 -0.146797 0.989167
    outer loop
      vertex 4.52802 0.222328 -1.38063
      vertex -4.52802 0.222328 -1.38063
      vertex 4.52838 0.137223 -1.39326
    endloop
  endfacet
  facet normal 0 -0.146797 0.989167
    outer loop
      vertex 4.52838 0.137223 -1.39326
      vertex -4.52802 0.222328 -1.38063
      vertex -4.52838 0.137223 -1.39326
    endloop
  endfacet
  facet normal 0.00142169 -0.595731 -0.803183
    outer loop
      vertex 4.53405 0.777798 1.16406
      vertex 4.53514 0.854124 1.10745
      vertex 4.5351 0.791148 1.15416
    endloop
  endfacet
  facet normal 0.00579018 -0.595762 -0.803141
    outer loop
      vertex 4.53514 0.854124 1.10745
      vertex 4.53405 0.777798 1.16406
      vertex 4.53516 0.88815 1.08221
    endloop
  endfacet
  facet normal 0 -0.595734 -0.803182
    outer loop
      vertex -4.53405 0.777798 1.16406
      vertex 4.53516 0.88815 1.08221
      vertex 4.53405 0.777798 1.16406
    endloop
  endfacet
  facet normal -0.00142169 -0.595731 -0.803183
    outer loop
      vertex -4.53514 0.854124 1.10745
      vertex -4.53405 0.777798 1.16406
      vertex -4.5351 0.791148 1.15416
    endloop
  endfacet
  facet normal -2.97431e-07 -0.595718 -0.803194
    outer loop
      vertex -4.53405 0.777798 1.16406
      vertex -4.53514 0.854124 1.10745
      vertex 4.53516 0.88815 1.08221
    endloop
  endfacet
  facet normal -0 -0.595769 -0.803156
    outer loop
      vertex 4.53516 0.88815 1.08221
      vertex -4.53514 0.854124 1.10745
      vertex -4.53516 0.88815 1.08221
    endloop
  endfacet
  facet normal 0 -0.24296 -0.970036
    outer loop
      vertex -4.52781 0.273126 1.3731
      vertex 4.53139 0.406398 1.33972
      vertex 4.52781 0.273126 1.3731
    endloop
  endfacet
  facet normal -0 -0.24296 -0.970036
    outer loop
      vertex 4.53139 0.406398 1.33972
      vertex -4.52781 0.273126 1.3731
      vertex -4.53139 0.406398 1.33972
    endloop
  endfacet
  facet normal 0 -0.740966 -0.671542
    outer loop
      vertex -4.52768 1.08221 0.88815
      vertex 4.52994 0.989949 0.989949
      vertex -4.52994 0.989949 0.989949
    endloop
  endfacet
  facet normal 0 -0.740966 -0.671542
    outer loop
      vertex 4.52994 0.989949 0.989949
      vertex -4.52768 1.08221 0.88815
      vertex 4.52768 1.08221 0.88815
    endloop
  endfacet
  facet normal 0 0.903994 0.427545
    outer loop
      vertex 4.53239 -1.23469 -0.659955
      vertex -4.53028 -1.29343 -0.535756
      vertex 4.53028 -1.29343 -0.535756
    endloop
  endfacet
  facet normal 0 0.903994 0.427545
    outer loop
      vertex -4.53028 -1.29343 -0.535756
      vertex 4.53239 -1.23469 -0.659955
      vertex -4.53239 -1.23469 -0.659955
    endloop
  endfacet
  facet normal 0 -0.970036 -0.24296
    outer loop
      vertex -4.53695 1.3731 0.273126
      vertex 4.5318 1.33972 0.406398
      vertex -4.5318 1.33972 0.406398
    endloop
  endfacet
  facet normal 0 -0.970036 -0.24296
    outer loop
      vertex 4.5318 1.33972 0.406398
      vertex -4.53695 1.3731 0.273126
      vertex 4.53695 1.3731 0.273126
    endloop
  endfacet
  facet normal -0.00212271 -0.336937 -0.941525
    outer loop
      vertex 4.53139 0.406398 1.33972
      vertex 4.53032 0.535756 1.29343
      vertex 4.53378 0.446538 1.32535
    endloop
  endfacet
  facet normal 0 -0.336922 -0.941533
    outer loop
      vertex 4.53139 0.406398 1.33972
      vertex -4.53032 0.535756 1.29343
      vertex 4.53032 0.535756 1.29343
    endloop
  endfacet
  facet normal 0 -0.336922 -0.941533
    outer loop
      vertex -4.53139 0.406398 1.33972
      vertex -4.53032 0.535756 1.29343
      vertex 4.53139 0.406398 1.33972
    endloop
  endfacet
  facet normal 0.00212271 -0.336937 -0.941525
    outer loop
      vertex -4.53032 0.535756 1.29343
      vertex -4.53139 0.406398 1.33972
      vertex -4.53378 0.446538 1.32535
    endloop
  endfacet
  facet normal 0.001764 -0.857718 0.514118
    outer loop
      vertex -4.52978 1.16406 -0.777798
      vertex -4.53239 1.23469 -0.659955
      vertex -4.5342 1.2125 -0.696969
    endloop
  endfacet
  facet normal 0 -0.857736 0.51409
    outer loop
      vertex -4.53239 1.23469 -0.659955
      vertex -4.52978 1.16406 -0.777798
      vertex 4.53239 1.23469 -0.659955
    endloop
  endfacet
  facet normal 0 -0.857736 0.51409
    outer loop
      vertex 4.52978 1.16406 -0.777798
      vertex 4.53239 1.23469 -0.659955
      vertex -4.52978 1.16406 -0.777798
    endloop
  endfacet
  facet normal -0.001764 -0.857718 0.514118
    outer loop
      vertex 4.53239 1.23469 -0.659955
      vertex 4.52978 1.16406 -0.777798
      vertex 4.5342 1.2125 -0.696969
    endloop
  endfacet
  facet normal 0 -0.903994 0.427545
    outer loop
      vertex -4.53239 1.23469 -0.659955
      vertex 4.53028 1.29343 -0.535756
      vertex -4.53028 1.29343 -0.535756
    endloop
  endfacet
  facet normal 0 -0.903994 0.427545
    outer loop
      vertex 4.53028 1.29343 -0.535756
      vertex -4.53239 1.23469 -0.659955
      vertex 4.53239 1.23469 -0.659955
    endloop
  endfacet
  facet normal 0 -0.802922 -0.596084
    outer loop
      vertex -4.5278 1.08687 0.881873
      vertex 4.52768 1.08221 0.88815
      vertex -4.52768 1.08221 0.88815
    endloop
  endfacet
  facet normal 0 -0.802922 -0.596084
    outer loop
      vertex -4.5278 1.08687 0.881873
      vertex 4.5278 1.08687 0.881873
      vertex 4.52768 1.08221 0.88815
    endloop
  endfacet
  facet normal 0 -0.803197 -0.595713
    outer loop
      vertex -4.52978 1.16406 0.777798
      vertex 4.5278 1.08687 0.881873
      vertex -4.5278 1.08687 0.881873
    endloop
  endfacet
  facet normal 0 -0.803197 -0.595713
    outer loop
      vertex 4.5278 1.08687 0.881873
      vertex -4.52978 1.16406 0.777798
      vertex 4.52978 1.16406 0.777798
    endloop
  endfacet
  facet normal 0 -0.998796 -0.049058
    outer loop
      vertex -4.53183 1.4 0
      vertex 4.53424 1.39326 0.137223
      vertex -4.53424 1.39326 0.137223
    endloop
  endfacet
  facet normal 0 -0.998796 -0.049058
    outer loop
      vertex 4.53424 1.39326 0.137223
      vertex -4.53183 1.4 0
      vertex 4.53183 1.4 0
    endloop
  endfacet
  facet normal 0 0.998796 0.049058
    outer loop
      vertex 4.53424 -1.39326 -0.137223
      vertex -4.53183 -1.4 0
      vertex 4.53183 -1.4 0
    endloop
  endfacet
  facet normal 0 0.998796 0.049058
    outer loop
      vertex -4.53183 -1.4 0
      vertex 4.53424 -1.39326 -0.137223
      vertex -4.53424 -1.39326 -0.137223
    endloop
  endfacet
  facet normal -0.00212271 0.336937 0.941525
    outer loop
      vertex 4.53139 -0.406398 -1.33972
      vertex 4.53032 -0.535756 -1.29343
      vertex 4.53378 -0.446538 -1.32535
    endloop
  endfacet
  facet normal 0 0.336922 0.941533
    outer loop
      vertex 4.53139 -0.406398 -1.33972
      vertex -4.53032 -0.535756 -1.29343
      vertex 4.53032 -0.535756 -1.29343
    endloop
  endfacet
  facet normal -0 0.336922 0.941533
    outer loop
      vertex -4.53139 -0.406398 -1.33972
      vertex -4.53032 -0.535756 -1.29343
      vertex 4.53139 -0.406398 -1.33972
    endloop
  endfacet
  facet normal 0.00212271 0.336937 0.941525
    outer loop
      vertex -4.53032 -0.535756 -1.29343
      vertex -4.53139 -0.406398 -1.33972
      vertex -4.53378 -0.446538 -1.32535
    endloop
  endfacet
  facet normal 0.00142169 0.595731 0.803183
    outer loop
      vertex 4.53405 -0.777798 -1.16406
      vertex 4.53514 -0.854124 -1.10745
      vertex 4.5351 -0.791148 -1.15416
    endloop
  endfacet
  facet normal 0.00579018 0.595762 0.803141
    outer loop
      vertex 4.53514 -0.854124 -1.10745
      vertex 4.53405 -0.777798 -1.16406
      vertex 4.53516 -0.88815 -1.08221
    endloop
  endfacet
  facet normal -0 0.595734 0.803182
    outer loop
      vertex -4.53405 -0.777798 -1.16406
      vertex 4.53516 -0.88815 -1.08221
      vertex 4.53405 -0.777798 -1.16406
    endloop
  endfacet
  facet normal -0.00142169 0.595731 0.803183
    outer loop
      vertex -4.53514 -0.854124 -1.10745
      vertex -4.53405 -0.777798 -1.16406
      vertex -4.5351 -0.791148 -1.15416
    endloop
  endfacet
  facet normal -2.97431e-07 0.595718 0.803194
    outer loop
      vertex -4.53405 -0.777798 -1.16406
      vertex -4.53514 -0.854124 -1.10745
      vertex 4.53516 -0.88815 -1.08221
    endloop
  endfacet
  facet normal 0 0.595769 0.803156
    outer loop
      vertex 4.53516 -0.88815 -1.08221
      vertex -4.53514 -0.854124 -1.10745
      vertex -4.53516 -0.88815 -1.08221
    endloop
  endfacet
  facet normal -0 0.146797 0.989167
    outer loop
      vertex -4.52802 -0.222328 -1.38063
      vertex 4.52802 -0.222328 -1.38063
      vertex 4.52838 -0.137223 -1.39326
    endloop
  endfacet
  facet normal 0 0.146632 0.989191
    outer loop
      vertex 4.52802 -0.222328 -1.38063
      vertex -4.52781 -0.273126 -1.3731
      vertex 4.52781 -0.273126 -1.3731
    endloop
  endfacet
  facet normal 0 0.146632 0.989191
    outer loop
      vertex 4.52802 -0.222328 -1.38063
      vertex -4.52802 -0.222328 -1.38063
      vertex -4.52781 -0.273126 -1.3731
    endloop
  endfacet
  facet normal 0 0.146797 0.989167
    outer loop
      vertex -4.52802 -0.222328 -1.38063
      vertex 4.52838 -0.137223 -1.39326
      vertex -4.52838 -0.137223 -1.39326
    endloop
  endfacet
  facet normal 0 -0.51409 -0.857736
    outer loop
      vertex -4.52989 0.659955 1.23469
      vertex 4.53405 0.777798 1.16406
      vertex 4.52989 0.659955 1.23469
    endloop
  endfacet
  facet normal -0 -0.51409 -0.857736
    outer loop
      vertex 4.53405 0.777798 1.16406
      vertex -4.52989 0.659955 1.23469
      vertex -4.53405 0.777798 1.16406
    endloop
  endfacet
  facet normal 0 -0.903994 -0.427545
    outer loop
      vertex -4.53028 1.29343 0.535756
      vertex 4.53239 1.23469 0.659955
      vertex -4.53239 1.23469 0.659955
    endloop
  endfacet
  facet normal 0 -0.903994 -0.427545
    outer loop
      vertex 4.53239 1.23469 0.659955
      vertex -4.53028 1.29343 0.535756
      vertex 4.53028 1.29343 0.535756
    endloop
  endfacet
  facet normal 0 0.803197 0.595713
    outer loop
      vertex 4.5278 -1.08687 -0.881873
      vertex -4.52978 -1.16406 -0.777798
      vertex 4.52978 -1.16406 -0.777798
    endloop
  endfacet
  facet normal 0 0.803197 0.595713
    outer loop
      vertex 4.5278 -1.08687 -0.881873
      vertex -4.5278 -1.08687 -0.881873
      vertex -4.52978 -1.16406 -0.777798
    endloop
  endfacet
  facet normal 0 0.802922 0.596084
    outer loop
      vertex 4.52768 -1.08221 -0.88815
      vertex -4.5278 -1.08687 -0.881873
      vertex 4.5278 -1.08687 -0.881873
    endloop
  endfacet
  facet normal 0 0.802922 0.596084
    outer loop
      vertex -4.5278 -1.08687 -0.881873
      vertex 4.52768 -1.08221 -0.88815
      vertex -4.52768 -1.08221 -0.88815
    endloop
  endfacet
  facet normal 0 0.740966 -0.671542
    outer loop
      vertex 4.52768 -1.08221 0.88815
      vertex -4.52994 -0.989949 0.989949
      vertex 4.52994 -0.989949 0.989949
    endloop
  endfacet
  facet normal 0 0.740966 -0.671542
    outer loop
      vertex -4.52994 -0.989949 0.989949
      vertex 4.52768 -1.08221 0.88815
      vertex -4.52768 -1.08221 0.88815
    endloop
  endfacet
  facet normal 0.0014181 -0.989183 0.14668
    outer loop
      vertex -4.53854 1.37675 -0.248522
      vertex -4.53424 1.39326 -0.137223
      vertex -4.53933 1.37904 -0.233071
    endloop
  endfacet
  facet normal -0.000102534 -0.989175 0.146737
    outer loop
      vertex -4.53695 1.3731 -0.273126
      vertex -4.53424 1.39326 -0.137223
      vertex -4.53854 1.37675 -0.248522
    endloop
  endfacet
  facet normal 0 -0.989176 0.146735
    outer loop
      vertex -4.53424 1.39326 -0.137223
      vertex -4.53695 1.3731 -0.273126
      vertex 4.53424 1.39326 -0.137223
    endloop
  endfacet
  facet normal -0.0014181 -0.989183 0.14668
    outer loop
      vertex 4.53424 1.39326 -0.137223
      vertex 4.53854 1.37675 -0.248522
      vertex 4.53933 1.37904 -0.233071
    endloop
  endfacet
  facet normal 0 -0.989176 0.146735
    outer loop
      vertex 4.53695 1.3731 -0.273126
      vertex 4.53424 1.39326 -0.137223
      vertex -4.53695 1.3731 -0.273126
    endloop
  endfacet
  facet normal 0.000102534 -0.989175 0.146737
    outer loop
      vertex 4.53424 1.39326 -0.137223
      vertex 4.53695 1.3731 -0.273126
      vertex 4.53854 1.37675 -0.248522
    endloop
  endfacet
  facet normal 0 0.049058 0.998796
    outer loop
      vertex 4.53307 0 -1.4
      vertex -4.52838 -0.137223 -1.39326
      vertex 4.52838 -0.137223 -1.39326
    endloop
  endfacet
  facet normal 0 0.049058 0.998796
    outer loop
      vertex -4.52838 -0.137223 -1.39326
      vertex 4.53307 0 -1.4
      vertex -4.53307 0 -1.4
    endloop
  endfacet
  facet normal 0 0.427545 -0.903994
    outer loop
      vertex -4.52989 -0.659955 1.23469
      vertex 4.53032 -0.535756 1.29343
      vertex 4.52989 -0.659955 1.23469
    endloop
  endfacet
  facet normal 0 0.427545 -0.903994
    outer loop
      vertex 4.53032 -0.535756 1.29343
      vertex -4.52989 -0.659955 1.23469
      vertex -4.53032 -0.535756 1.29343
    endloop
  endfacet
  facet normal 0.00579018 0.595762 -0.803141
    outer loop
      vertex 4.53405 -0.777798 1.16406
      vertex 4.53514 -0.854124 1.10745
      vertex 4.53516 -0.88815 1.08221
    endloop
  endfacet
  facet normal 0.00142169 0.595731 -0.803183
    outer loop
      vertex 4.53514 -0.854124 1.10745
      vertex 4.53405 -0.777798 1.16406
      vertex 4.5351 -0.791148 1.15416
    endloop
  endfacet
  facet normal 0 0.595734 -0.803182
    outer loop
      vertex 4.53516 -0.88815 1.08221
      vertex -4.53405 -0.777798 1.16406
      vertex 4.53405 -0.777798 1.16406
    endloop
  endfacet
  facet normal -2.97431e-07 0.595718 -0.803194
    outer loop
      vertex -4.53514 -0.854124 1.10745
      vertex -4.53405 -0.777798 1.16406
      vertex 4.53516 -0.88815 1.08221
    endloop
  endfacet
  facet normal -0.00142169 0.595731 -0.803183
    outer loop
      vertex -4.53405 -0.777798 1.16406
      vertex -4.53514 -0.854124 1.10745
      vertex -4.5351 -0.791148 1.15416
    endloop
  endfacet
  facet normal 0 0.595769 -0.803156
    outer loop
      vertex -4.53514 -0.854124 1.10745
      vertex 4.53516 -0.88815 1.08221
      vertex -4.53516 -0.88815 1.08221
    endloop
  endfacet
  facet normal 0 0.903994 -0.427545
    outer loop
      vertex 4.53028 -1.29343 0.535756
      vertex -4.53239 -1.23469 0.659955
      vertex 4.53239 -1.23469 0.659955
    endloop
  endfacet
  facet normal 0 0.903994 -0.427545
    outer loop
      vertex -4.53239 -1.23469 0.659955
      vertex 4.53028 -1.29343 0.535756
      vertex -4.53028 -1.29343 0.535756
    endloop
  endfacet
  facet normal -0.001764 0.857718 -0.514118
    outer loop
      vertex 4.53239 -1.23469 0.659955
      vertex 4.52978 -1.16406 0.777798
      vertex 4.5342 -1.2125 0.696969
    endloop
  endfacet
  facet normal 0 0.857736 -0.51409
    outer loop
      vertex 4.52978 -1.16406 0.777798
      vertex 4.53239 -1.23469 0.659955
      vertex -4.52978 -1.16406 0.777798
    endloop
  endfacet
  facet normal 0 0.857736 -0.51409
    outer loop
      vertex -4.53239 -1.23469 0.659955
      vertex -4.52978 -1.16406 0.777798
      vertex 4.53239 -1.23469 0.659955
    endloop
  endfacet
  facet normal 0.001764 0.857718 -0.514118
    outer loop
      vertex -4.52978 -1.16406 0.777798
      vertex -4.53239 -1.23469 0.659955
      vertex -4.5342 -1.2125 0.696969
    endloop
  endfacet
  facet normal -0.000102534 -0.989175 -0.146737
    outer loop
      vertex -4.53424 1.39326 0.137223
      vertex -4.53695 1.3731 0.273126
      vertex -4.53854 1.37675 0.248522
    endloop
  endfacet
  facet normal 0 -0.989176 -0.146735
    outer loop
      vertex -4.53695 1.3731 0.273126
      vertex -4.53424 1.39326 0.137223
      vertex 4.53695 1.3731 0.273126
    endloop
  endfacet
  facet normal 0.0014181 -0.989183 -0.14668
    outer loop
      vertex -4.53424 1.39326 0.137223
      vertex -4.53854 1.37675 0.248522
      vertex -4.53933 1.37904 0.233071
    endloop
  endfacet
  facet normal -0 -0.989176 -0.146735
    outer loop
      vertex 4.53424 1.39326 0.137223
      vertex 4.53695 1.3731 0.273126
      vertex -4.53424 1.39326 0.137223
    endloop
  endfacet
  facet normal 0.000102534 -0.989175 -0.146737
    outer loop
      vertex 4.53695 1.3731 0.273126
      vertex 4.53424 1.39326 0.137223
      vertex 4.53854 1.37675 0.248522
    endloop
  endfacet
  facet normal -0.0014181 -0.989183 -0.14668
    outer loop
      vertex 4.53854 1.37675 0.248522
      vertex 4.53424 1.39326 0.137223
      vertex 4.53933 1.37904 0.233071
    endloop
  endfacet
  facet normal 0 0.941533 0.336922
    outer loop
      vertex 4.53028 -1.29343 -0.535756
      vertex -4.5318 -1.33972 -0.406398
      vertex 4.5318 -1.33972 -0.406398
    endloop
  endfacet
  facet normal 0 0.941533 0.336922
    outer loop
      vertex -4.5318 -1.33972 -0.406398
      vertex 4.53028 -1.29343 -0.535756
      vertex -4.53028 -1.29343 -0.535756
    endloop
  endfacet
  facet normal 0 0.970036 0.24296
    outer loop
      vertex 4.5318 -1.33972 -0.406398
      vertex -4.53695 -1.3731 -0.273126
      vertex 4.53695 -1.3731 -0.273126
    endloop
  endfacet
  facet normal 0 0.970036 0.24296
    outer loop
      vertex -4.53695 -1.3731 -0.273126
      vertex 4.5318 -1.33972 -0.406398
      vertex -4.5318 -1.33972 -0.406398
    endloop
  endfacet
  facet normal 0 -0.427545 -0.903994
    outer loop
      vertex 4.53032 0.535756 1.29343
      vertex -4.52989 0.659955 1.23469
      vertex 4.52989 0.659955 1.23469
    endloop
  endfacet
  facet normal 0 -0.427545 -0.903994
    outer loop
      vertex -4.52989 0.659955 1.23469
      vertex 4.53032 0.535756 1.29343
      vertex -4.53032 0.535756 1.29343
    endloop
  endfacet
  facet normal 0.00394974 0.671426 -0.741061
    outer loop
      vertex 4.52994 -0.989949 0.989949
      vertex 4.53516 -0.88815 1.08221
      vertex 4.53563 -0.902192 1.06949
    endloop
  endfacet
  facet normal 0 0.671542 -0.740966
    outer loop
      vertex -4.52994 -0.989949 0.989949
      vertex 4.53516 -0.88815 1.08221
      vertex 4.52994 -0.989949 0.989949
    endloop
  endfacet
  facet normal 0 0.671542 -0.740966
    outer loop
      vertex -4.52994 -0.989949 0.989949
      vertex -4.53516 -0.88815 1.08221
      vertex 4.53516 -0.88815 1.08221
    endloop
  endfacet
  facet normal -0.00394974 0.671426 -0.741061
    outer loop
      vertex -4.53516 -0.88815 1.08221
      vertex -4.52994 -0.989949 0.989949
      vertex -4.53563 -0.902192 1.06949
    endloop
  endfacet
  facet normal 0 0.427545 0.903994
    outer loop
      vertex 4.53032 -0.535756 -1.29343
      vertex -4.52989 -0.659955 -1.23469
      vertex 4.52989 -0.659955 -1.23469
    endloop
  endfacet
  facet normal 0 0.427545 0.903994
    outer loop
      vertex -4.52989 -0.659955 -1.23469
      vertex 4.53032 -0.535756 -1.29343
      vertex -4.53032 -0.535756 -1.29343
    endloop
  endfacet
  facet normal -0 0.51409 0.857736
    outer loop
      vertex -4.52989 -0.659955 -1.23469
      vertex 4.53405 -0.777798 -1.16406
      vertex 4.52989 -0.659955 -1.23469
    endloop
  endfacet
  facet normal 0 0.51409 0.857736
    outer loop
      vertex 4.53405 -0.777798 -1.16406
      vertex -4.52989 -0.659955 -1.23469
      vertex -4.53405 -0.777798 -1.16406
    endloop
  endfacet
  facet normal 0 0.802922 -0.596084
    outer loop
      vertex 4.5278 -1.08687 0.881873
      vertex -4.52768 -1.08221 0.88815
      vertex 4.52768 -1.08221 0.88815
    endloop
  endfacet
  facet normal 0 0.802922 -0.596084
    outer loop
      vertex 4.5278 -1.08687 0.881873
      vertex -4.5278 -1.08687 0.881873
      vertex -4.52768 -1.08221 0.88815
    endloop
  endfacet
  facet normal 0 0.803197 -0.595713
    outer loop
      vertex 4.52978 -1.16406 0.777798
      vertex -4.5278 -1.08687 0.881873
      vertex 4.5278 -1.08687 0.881873
    endloop
  endfacet
  facet normal 0 0.803197 -0.595713
    outer loop
      vertex -4.5278 -1.08687 0.881873
      vertex 4.52978 -1.16406 0.777798
      vertex -4.52978 -1.16406 0.777798
    endloop
  endfacet
  facet normal 0 -0.998796 0.049058
    outer loop
      vertex -4.53424 1.39326 -0.137223
      vertex 4.53183 1.4 0
      vertex -4.53183 1.4 0
    endloop
  endfacet
  facet normal 0 -0.998796 0.049058
    outer loop
      vertex 4.53183 1.4 0
      vertex -4.53424 1.39326 -0.137223
      vertex 4.53424 1.39326 -0.137223
    endloop
  endfacet
  facet normal 0 0.998796 -0.049058
    outer loop
      vertex 4.53183 -1.4 0
      vertex -4.53424 -1.39326 0.137223
      vertex 4.53424 -1.39326 0.137223
    endloop
  endfacet
  facet normal 0 0.998796 -0.049058
    outer loop
      vertex -4.53424 -1.39326 0.137223
      vertex 4.53183 -1.4 0
      vertex -4.53183 -1.4 0
    endloop
  endfacet
  facet normal 0.000102534 0.989175 -0.146737
    outer loop
      vertex 4.53424 -1.39326 0.137223
      vertex 4.53695 -1.3731 0.273126
      vertex 4.53854 -1.37675 0.248522
    endloop
  endfacet
  facet normal 0 0.989176 -0.146735
    outer loop
      vertex 4.53695 -1.3731 0.273126
      vertex 4.53424 -1.39326 0.137223
      vertex -4.53695 -1.3731 0.273126
    endloop
  endfacet
  facet normal -0.0014181 0.989183 -0.14668
    outer loop
      vertex 4.53424 -1.39326 0.137223
      vertex 4.53854 -1.37675 0.248522
      vertex 4.53933 -1.37904 0.233071
    endloop
  endfacet
  facet normal 0 0.989176 -0.146735
    outer loop
      vertex -4.53424 -1.39326 0.137223
      vertex -4.53695 -1.3731 0.273126
      vertex 4.53424 -1.39326 0.137223
    endloop
  endfacet
  facet normal -0.000102534 0.989175 -0.146737
    outer loop
      vertex -4.53695 -1.3731 0.273126
      vertex -4.53424 -1.39326 0.137223
      vertex -4.53854 -1.37675 0.248522
    endloop
  endfacet
  facet normal 0.0014181 0.989183 -0.14668
    outer loop
      vertex -4.53854 -1.37675 0.248522
      vertex -4.53424 -1.39326 0.137223
      vertex -4.53933 -1.37904 0.233071
    endloop
  endfacet
  facet normal 0 -0.049058 -0.998796
    outer loop
      vertex 4.53307 0 1.4
      vertex -4.52838 0.137223 1.39326
      vertex 4.52838 0.137223 1.39326
    endloop
  endfacet
  facet normal 0 -0.049058 -0.998796
    outer loop
      vertex -4.52838 0.137223 1.39326
      vertex 4.53307 0 1.4
      vertex -4.53307 0 1.4
    endloop
  endfacet
  facet normal 0 0.941533 -0.336922
    outer loop
      vertex 4.5318 -1.33972 0.406398
      vertex -4.53028 -1.29343 0.535756
      vertex 4.53028 -1.29343 0.535756
    endloop
  endfacet
  facet normal 0 0.941533 -0.336922
    outer loop
      vertex -4.53028 -1.29343 0.535756
      vertex 4.5318 -1.33972 0.406398
      vertex -4.5318 -1.33972 0.406398
    endloop
  endfacet
  facet normal 0 0.740966 0.671542
    outer loop
      vertex 4.52994 -0.989949 -0.989949
      vertex -4.52768 -1.08221 -0.88815
      vertex 4.52768 -1.08221 -0.88815
    endloop
  endfacet
  facet normal 0 0.740966 0.671542
    outer loop
      vertex -4.52768 -1.08221 -0.88815
      vertex 4.52994 -0.989949 -0.989949
      vertex -4.52994 -0.989949 -0.989949
    endloop
  endfacet
  facet normal 0 0.998794 0.0491068
    outer loop
      vertex 5.58335 1.19912 0.0179578
      vertex -30 1.19422 0.11762
      vertex 5.58335 1.19422 0.11762
    endloop
  endfacet
  facet normal -4.54048e-07 0.998801 0.048945
    outer loop
      vertex 5.58335 1.2 0
      vertex -30 1.19422 0.11762
      vertex 5.58335 1.19912 0.0179578
    endloop
  endfacet
  facet normal 0 0.998795 0.0490821
    outer loop
      vertex -30 1.19422 0.11762
      vertex 5.58335 1.2 0
      vertex -30 1.2 0
    endloop
  endfacet
  facet normal 1 0 0
    outer loop
      vertex 5.58335 0.234108 -1.17694
      vertex 5.58335 0.348341 -1.14833
      vertex 5.58335 0.251548 -1.17257
    endloop
  endfacet
  facet normal 0 0.242949 -0.970039
    outer loop
      vertex -30 0.234108 -1.17694
      vertex 5.58335 0.348341 -1.14833
      vertex 5.58335 0.234108 -1.17694
    endloop
  endfacet
  facet normal 0 0.242949 -0.970039
    outer loop
      vertex 5.58335 0.348341 -1.14833
      vertex -30 0.234108 -1.17694
      vertex -30 0.348341 -1.14833
    endloop
  endfacet
  facet normal 0 0.941531 -0.336927
    outer loop
      vertex 5.58335 1.11471 -0.442291
      vertex -30 1.14833 -0.348341
      vertex 5.58335 1.14833 -0.348341
    endloop
  endfacet
  facet normal -2.87611e-07 0.941496 -0.337023
    outer loop
      vertex 5.58335 1.10865 -0.45922
      vertex -30 1.14833 -0.348341
      vertex 5.58335 1.11471 -0.442291
    endloop
  endfacet
  facet normal 0 0.941526 -0.336941
    outer loop
      vertex -30 1.14833 -0.348341
      vertex 5.58335 1.10865 -0.45922
      vertex -30 1.10865 -0.45922
    endloop
  endfacet
  facet normal 0 0.989178 -0.146719
    outer loop
      vertex 5.58335 1.17958 -0.216323
      vertex -30 1.19422 -0.11762
      vertex 5.58335 1.19422 -0.11762
    endloop
  endfacet
  facet normal -3.18107e-07 0.989162 -0.146831
    outer loop
      vertex 5.58335 1.17694 -0.234108
      vertex -30 1.19422 -0.11762
      vertex 5.58335 1.17958 -0.216323
    endloop
  endfacet
  facet normal 0 0.989176 -0.146736
    outer loop
      vertex -30 1.19422 -0.11762
      vertex 5.58335 1.17694 -0.234108
      vertex -30 1.17694 -0.234108
    endloop
  endfacet
  facet normal 0 0.803209 -0.595697
    outer loop
      vertex 5.58335 0.938323 -0.74683
      vertex -30 0.997763 -0.666684
      vertex 5.58335 0.997763 -0.666684
    endloop
  endfacet
  facet normal -1.10611e-07 0.803186 -0.595729
    outer loop
      vertex 5.58335 0.927612 -0.761271
      vertex -30 0.997763 -0.666684
      vertex 5.58335 0.938323 -0.74683
    endloop
  endfacet
  facet normal 0 0.803206 -0.595702
    outer loop
      vertex -30 0.997763 -0.666684
      vertex 5.58335 0.927612 -0.761271
      vertex -30 0.927612 -0.761271
    endloop
  endfacet
  facet normal -1 0 0
    outer loop
      vertex 5.58335 0.45922 1.10865
      vertex 5.58335 0.348341 1.14833
      vertex 5.58335 0.442291 1.11471
    endloop
  endfacet
  facet normal -0 0.336941 0.941526
    outer loop
      vertex -30 0.45922 1.10865
      vertex 5.58335 0.348341 1.14833
      vertex 5.58335 0.45922 1.10865
    endloop
  endfacet
  facet normal 0 0.336941 0.941526
    outer loop
      vertex 5.58335 0.348341 1.14833
      vertex -30 0.45922 1.10865
      vertex -30 0.348341 1.14833
    endloop
  endfacet
  facet normal 0 -0.0489459 -0.998801
    outer loop
      vertex -30 -0.11762 -1.19422
      vertex 5.58335 -0.0996625 -1.1951
      vertex 5.58335 -0.11762 -1.19422
    endloop
  endfacet
  facet normal 8.13241e-08 -0.0491066 -0.998794
    outer loop
      vertex -30 -0.11762 -1.19422
      vertex 5.58335 0 -1.2
      vertex 5.58335 -0.0996625 -1.1951
    endloop
  endfacet
  facet normal -0 -0.0490821 -0.998795
    outer loop
      vertex 5.58335 0 -1.2
      vertex -30 -0.11762 -1.19422
      vertex -30 0 -1.2
    endloop
  endfacet
  facet normal 0 1 -0
    outer loop
      vertex 5.58335 1.0583 0.565675
      vertex -30 1.0583 0.565676
      vertex 5.58335 1.0583 0.565676
    endloop
  endfacet
  facet normal 1.20174e-08 0.90396 0.427618
    outer loop
      vertex 5.58335 1.10097 0.475473
      vertex -30 1.0583 0.565676
      vertex 5.58335 1.0583 0.565675
    endloop
  endfacet
  facet normal -1.18263e-06 0.904142 0.427232
    outer loop
      vertex 5.58335 1.10865 0.45922
      vertex -30 1.0583 0.565676
      vertex 5.58335 1.10097 0.475473
    endloop
  endfacet
  facet normal 0 0.903989 0.427556
    outer loop
      vertex -30 1.0583 0.565676
      vertex 5.58335 1.10865 0.45922
      vertex -30 1.10865 0.45922
    endloop
  endfacet
  facet normal 0 0.989178 0.146719
    outer loop
      vertex 5.58335 1.19158 0.135405
      vertex -30 1.17694 0.234108
      vertex 5.58335 1.17694 0.234108
    endloop
  endfacet
  facet normal 3.18107e-07 0.989162 0.146831
    outer loop
      vertex 5.58335 1.19422 0.11762
      vertex -30 1.17694 0.234108
      vertex 5.58335 1.19158 0.135405
    endloop
  endfacet
  facet normal 0 0.989176 0.146736
    outer loop
      vertex -30 1.17694 0.234108
      vertex 5.58335 1.19422 0.11762
      vertex -30 1.19422 0.11762
    endloop
  endfacet
  facet normal -1 0 0
    outer loop
      vertex 5.58335 0 -1.2
      vertex 5.58335 0.11762 -1.19422
      vertex 5.58335 0.0179578 -1.19912
    endloop
  endfacet
  facet normal 0 0.0490821 -0.998795
    outer loop
      vertex -30 0 -1.2
      vertex 5.58335 0.11762 -1.19422
      vertex 5.58335 0 -1.2
    endloop
  endfacet
  facet normal 0 0.0490821 -0.998795
    outer loop
      vertex 5.58335 0.11762 -1.19422
      vertex -30 0 -1.2
      vertex -30 0.11762 -1.19422
    endloop
  endfacet
  facet normal -0 0.671576 0.740936
    outer loop
      vertex -30 0.848528 0.848528
      vertex 5.58336 0.835207 0.860602
      vertex 5.58336 0.848528 0.848528
    endloop
  endfacet
  facet normal -1.4358e-08 0.671555 0.740955
    outer loop
      vertex -30 0.848528 0.848528
      vertex 5.58335 0.761272 0.927612
      vertex 5.58336 0.835207 0.860602
    endloop
  endfacet
  facet normal -0.00222249 0 0.999998
    outer loop
      vertex -30 0.848528 0.848528
      vertex 5.58335 0.761271 0.927612
      vertex 5.58335 0.761272 0.927612
    endloop
  endfacet
  facet normal 0 0.671554 0.740956
    outer loop
      vertex 5.58335 0.761271 0.927612
      vertex -30 0.848528 0.848528
      vertex -30 0.761271 0.927612
    endloop
  endfacet
  facet normal 0 0.903998 -0.427536
    outer loop
      vertex 5.58335 1.06599 -0.549422
      vertex -30 1.10865 -0.45922
      vertex 5.58335 1.10865 -0.45922
    endloop
  endfacet
  facet normal -4.69519e-07 0.903927 -0.427687
    outer loop
      vertex 5.58335 1.0583 -0.565675
      vertex -30 1.10865 -0.45922
      vertex 5.58335 1.06599 -0.549422
    endloop
  endfacet
  facet normal 0.00141499 0.999999 -0
    outer loop
      vertex 5.58335 1.0583 -0.565676
      vertex -30 1.10865 -0.45922
      vertex 5.58335 1.0583 -0.565675
    endloop
  endfacet
  facet normal 0 0.903989 -0.427556
    outer loop
      vertex -30 1.10865 -0.45922
      vertex 5.58335 1.0583 -0.565676
      vertex -30 1.0583 -0.565676
    endloop
  endfacet
  facet normal -1 0 0
    outer loop
      vertex 5.58335 0.666684 0.997763
      vertex 5.58335 0.565676 1.0583
      vertex 5.58335 0.651262 1.00701
    endloop
  endfacet
  facet normal -0 0.514072 0.857747
    outer loop
      vertex -30 0.666684 0.997763
      vertex 5.58335 0.565676 1.0583
      vertex 5.58335 0.666684 0.997763
    endloop
  endfacet
  facet normal 0 0.514072 0.857747
    outer loop
      vertex 5.58335 0.565676 1.0583
      vertex -30 0.666684 0.997763
      vertex -30 0.565676 1.0583
    endloop
  endfacet
  facet normal 0 -0.941496 -0.337023
    outer loop
      vertex -30 -1.14833 -0.348341
      vertex 5.58335 -1.14227 -0.36527
      vertex 5.58335 -1.14833 -0.348341
    endloop
  endfacet
  facet normal 4.39138e-08 -0.941526 -0.336941
    outer loop
      vertex -30 -1.10865 -0.45922
      vertex 5.58335 -1.14227 -0.36527
      vertex -30 -1.14833 -0.348341
    endloop
  endfacet
  facet normal 0 -0.941531 -0.336927
    outer loop
      vertex 5.58335 -1.14227 -0.36527
      vertex -30 -1.10865 -0.45922
      vertex 5.58335 -1.10865 -0.45922
    endloop
  endfacet
  facet normal 0 0.941531 0.336927
    outer loop
      vertex 5.58335 1.14227 0.36527
      vertex -30 1.10865 0.45922
      vertex 5.58335 1.10865 0.45922
    endloop
  endfacet
  facet normal 2.87611e-07 0.941496 0.337023
    outer loop
      vertex 5.58335 1.14833 0.348341
      vertex -30 1.10865 0.45922
      vertex 5.58335 1.14227 0.36527
    endloop
  endfacet
  facet normal 0 0.941526 0.336941
    outer loop
      vertex -30 1.10865 0.45922
      vertex 5.58335 1.14833 0.348341
      vertex -30 1.14833 0.348341
    endloop
  endfacet
  facet normal 0 0.803209 0.595697
    outer loop
      vertex 5.58335 0.987052 0.681125
      vertex -30 0.927612 0.761271
      vertex 5.58335 0.927612 0.761271
    endloop
  endfacet
  facet normal 1.10611e-07 0.803186 0.595729
    outer loop
      vertex 5.58335 0.997763 0.666684
      vertex -30 0.927612 0.761271
      vertex 5.58335 0.987052 0.681125
    endloop
  endfacet
  facet normal 0 0.803206 0.595702
    outer loop
      vertex -30 0.927612 0.761271
      vertex 5.58335 0.997763 0.666684
      vertex -30 0.997763 0.666684
    endloop
  endfacet
  facet normal -1 0 0
    outer loop
      vertex 5.58335 0 1.2
      vertex 5.58335 -0.11762 1.19422
      vertex 5.58335 -0.0179578 1.19912
    endloop
  endfacet
  facet normal 0 -0.0490821 0.998795
    outer loop
      vertex -30 0 1.2
      vertex 5.58335 -0.11762 1.19422
      vertex 5.58335 0 1.2
    endloop
  endfacet
  facet normal 0 -0.0490821 0.998795
    outer loop
      vertex 5.58335 -0.11762 1.19422
      vertex -30 0 1.2
      vertex -30 -0.11762 1.19422
    endloop
  endfacet
  facet normal 0 0.998794 -0.0491066
    outer loop
      vertex 5.58335 1.1951 -0.0996625
      vertex -30 1.2 0
      vertex 5.58335 1.2 0
    endloop
  endfacet
  facet normal 4.51345e-07 0.998801 -0.0489459
    outer loop
      vertex 5.58335 1.19422 -0.11762
      vertex -30 1.2 0
      vertex 5.58335 1.1951 -0.0996625
    endloop
  endfacet
  facet normal 0 0.998795 -0.0490821
    outer loop
      vertex -30 1.2 0
      vertex 5.58335 1.19422 -0.11762
      vertex -30 1.19422 -0.11762
    endloop
  endfacet
  facet normal 1 0 0
    outer loop
      vertex 5.58335 -0.666684 0.997763
      vertex 5.58335 -0.761271 0.927612
      vertex 5.58335 -0.681125 0.987052
    endloop
  endfacet
  facet normal 0 -0.595702 0.803206
    outer loop
      vertex -30 -0.666684 0.997763
      vertex 5.58335 -0.761271 0.927612
      vertex 5.58335 -0.666684 0.997763
    endloop
  endfacet
  facet normal 0 -0.595702 0.803206
    outer loop
      vertex 5.58335 -0.761271 0.927612
      vertex -30 -0.666684 0.997763
      vertex -30 -0.761271 0.927612
    endloop
  endfacet
  facet normal -1 0 0
    outer loop
      vertex 5.58335 -0.234108 -1.17694
      vertex 5.58335 -0.11762 -1.19422
      vertex 5.58335 -0.216323 -1.17958
    endloop
  endfacet
  facet normal 0 -0.146736 -0.989176
    outer loop
      vertex -30 -0.234108 -1.17694
      vertex 5.58335 -0.11762 -1.19422
      vertex 5.58335 -0.234108 -1.17694
    endloop
  endfacet
  facet normal -0 -0.146736 -0.989176
    outer loop
      vertex 5.58335 -0.11762 -1.19422
      vertex -30 -0.234108 -1.17694
      vertex -30 -0.11762 -1.19422
    endloop
  endfacet
  facet normal 0 0.337023 -0.941496
    outer loop
      vertex 5.58335 0.36527 -1.14227
      vertex 5.58335 0.348341 -1.14833
      vertex -30 0.348341 -1.14833
    endloop
  endfacet
  facet normal 5.1827e-08 0.336927 -0.941531
    outer loop
      vertex -30 0.348341 -1.14833
      vertex 5.58335 0.45922 -1.10865
      vertex 5.58335 0.36527 -1.14227
    endloop
  endfacet
  facet normal 0 0.336941 -0.941526
    outer loop
      vertex 5.58335 0.45922 -1.10865
      vertex -30 0.348341 -1.14833
      vertex -30 0.45922 -1.10865
    endloop
  endfacet
  facet normal 0 -0.51398 0.857802
    outer loop
      vertex 5.58335 -0.565676 1.0583
      vertex -30 -0.565676 1.0583
      vertex 5.58335 -0.581097 1.04906
    endloop
  endfacet
  facet normal -6.39773e-08 -0.514089 0.857737
    outer loop
      vertex -30 -0.565676 1.0583
      vertex 5.58335 -0.666684 0.997763
      vertex 5.58335 -0.581097 1.04906
    endloop
  endfacet
  facet normal 0 -0.514072 0.857747
    outer loop
      vertex 5.58335 -0.666684 0.997763
      vertex -30 -0.565676 1.0583
      vertex -30 -0.666684 0.997763
    endloop
  endfacet
  facet normal -1 0 0
    outer loop
      vertex 5.58335 -0.761271 -0.927612
      vertex 5.58335 -0.666684 -0.997763
      vertex 5.58335 -0.74683 -0.938323
    endloop
  endfacet
  facet normal 0 -0.595702 -0.803206
    outer loop
      vertex -30 -0.761271 -0.927612
      vertex 5.58335 -0.666684 -0.997763
      vertex 5.58335 -0.761271 -0.927612
    endloop
  endfacet
  facet normal -0 -0.595702 -0.803206
    outer loop
      vertex 5.58335 -0.666684 -0.997763
      vertex -30 -0.761271 -0.927612
      vertex -30 -0.666684 -0.997763
    endloop
  endfacet
  facet normal 1 0 0
    outer loop
      vertex 5.58335 0.666684 -0.997763
      vertex 5.58335 0.761271 -0.927612
      vertex 5.58335 0.681125 -0.987052
    endloop
  endfacet
  facet normal 0 0.595702 -0.803206
    outer loop
      vertex -30 0.666684 -0.997763
      vertex 5.58335 0.761271 -0.927612
      vertex 5.58335 0.666684 -0.997763
    endloop
  endfacet
  facet normal 0 0.595702 -0.803206
    outer loop
      vertex 5.58335 0.761271 -0.927612
      vertex -30 0.666684 -0.997763
      vertex -30 0.761271 -0.927612
    endloop
  endfacet
  facet normal -1 0 0
    outer loop
      vertex 5.58335 -0.45922 1.10865
      vertex 5.58335 -0.565675 1.0583
      vertex 5.58335 -0.475473 1.10097
    endloop
  endfacet
  facet normal 0 -0.427559 0.903988
    outer loop
      vertex -30 -0.45922 1.10865
      vertex 5.58335 -0.565675 1.0583
      vertex 5.58335 -0.45922 1.10865
    endloop
  endfacet
  facet normal 0.00141499 0 0.999999
    outer loop
      vertex -30 -0.45922 1.10865
      vertex 5.58335 -0.565676 1.0583
      vertex 5.58335 -0.565675 1.0583
    endloop
  endfacet
  facet normal 0 -0.427556 0.903989
    outer loop
      vertex 5.58335 -0.565676 1.0583
      vertex -30 -0.45922 1.10865
      vertex -30 -0.565676 1.0583
    endloop
  endfacet
  facet normal 0 0 1
    outer loop
      vertex 5.58335 0.565676 1.0583
      vertex -30 0.565676 1.0583
      vertex 5.58335 0.565675 1.0583
    endloop
  endfacet
  facet normal -1 0 0
    outer loop
      vertex 5.58335 0.565675 1.0583
      vertex 5.58335 0.45922 1.10865
      vertex 5.58335 0.549422 1.06599
    endloop
  endfacet
  facet normal 1.20157e-08 0.427559 0.903988
    outer loop
      vertex -30 0.565676 1.0583
      vertex 5.58335 0.45922 1.10865
      vertex 5.58335 0.565675 1.0583
    endloop
  endfacet
  facet normal 0 0.427556 0.903989
    outer loop
      vertex 5.58335 0.45922 1.10865
      vertex -30 0.565676 1.0583
      vertex -30 0.45922 1.10865
    endloop
  endfacet
  facet normal 0 -0.857802 -0.51398
    outer loop
      vertex -30 -1.0583 -0.565676
      vertex 5.58335 -1.04906 -0.581097
      vertex 5.58335 -1.0583 -0.565676
    endloop
  endfacet
  facet normal -6.39773e-08 -0.857737 -0.514089
    outer loop
      vertex -30 -1.0583 -0.565676
      vertex 5.58335 -0.997763 -0.666684
      vertex 5.58335 -1.04906 -0.581097
    endloop
  endfacet
  facet normal 0 -0.857747 -0.514072
    outer loop
      vertex -30 -0.997763 -0.666684
      vertex 5.58335 -0.997763 -0.666684
      vertex -30 -1.0583 -0.565676
    endloop
  endfacet
  facet normal 0 0.970044 0.242929
    outer loop
      vertex 5.58335 1.17257 0.251548
      vertex -30 1.14833 0.348341
      vertex 5.58335 1.14833 0.348341
    endloop
  endfacet
  facet normal 3.74844e-07 0.970011 0.243059
    outer loop
      vertex 5.58335 1.17694 0.234108
      vertex -30 1.14833 0.348341
      vertex 5.58335 1.17257 0.251548
    endloop
  endfacet
  facet normal 0 0.970039 0.242949
    outer loop
      vertex -30 1.14833 0.348341
      vertex 5.58335 1.17694 0.234108
      vertex -30 1.17694 0.234108
    endloop
  endfacet
  facet normal 0 -0.989162 0.146831
    outer loop
      vertex -30 -1.17694 0.234108
      vertex 5.58335 -1.17958 0.216323
      vertex 5.58335 -1.17694 0.234108
    endloop
  endfacet
  facet normal -4.85683e-08 -0.989176 0.146736
    outer loop
      vertex -30 -1.19422 0.11762
      vertex 5.58335 -1.17958 0.216323
      vertex -30 -1.17694 0.234108
    endloop
  endfacet
  facet normal 0 -0.989178 0.146719
    outer loop
      vertex 5.58335 -1.17958 0.216323
      vertex -30 -1.19422 0.11762
      vertex 5.58335 -1.19422 0.11762
    endloop
  endfacet
  facet normal 0 0.146831 -0.989162
    outer loop
      vertex 5.58335 0.11762 -1.19422
      vertex -30 0.11762 -1.19422
      vertex 5.58335 0.135405 -1.19158
    endloop
  endfacet
  facet normal 5.73198e-08 0.146719 -0.989178
    outer loop
      vertex -30 0.11762 -1.19422
      vertex 5.58335 0.234108 -1.17694
      vertex 5.58335 0.135405 -1.19158
    endloop
  endfacet
  facet normal 0 0.146736 -0.989176
    outer loop
      vertex 5.58335 0.234108 -1.17694
      vertex -30 0.11762 -1.19422
      vertex -30 0.234108 -1.17694
    endloop
  endfacet
  facet normal 0 -0.146831 0.989162
    outer loop
      vertex 5.58335 -0.11762 1.19422
      vertex -30 -0.11762 1.19422
      vertex 5.58335 -0.135405 1.19158
    endloop
  endfacet
  facet normal 5.73198e-08 -0.146719 0.989178
    outer loop
      vertex -30 -0.11762 1.19422
      vertex 5.58335 -0.234108 1.17694
      vertex 5.58335 -0.135405 1.19158
    endloop
  endfacet
  facet normal 0 -0.146736 0.989176
    outer loop
      vertex 5.58335 -0.234108 1.17694
      vertex -30 -0.11762 1.19422
      vertex -30 -0.234108 1.17694
    endloop
  endfacet
  facet normal 0 -1 0
    outer loop
      vertex -30 -0.927612 -0.761271
      vertex 5.58335 -0.927612 -0.761272
      vertex 5.58335 -0.927612 -0.761271
    endloop
  endfacet
  facet normal -1.88733e-08 -0.740936 -0.671576
    outer loop
      vertex -30 -0.927612 -0.761271
      vertex 5.58335 -0.915538 -0.774593
      vertex 5.58335 -0.927612 -0.761272
    endloop
  endfacet
  facet normal -3.82542e-09 -0.740956 -0.671554
    outer loop
      vertex -30 -0.848528 -0.848528
      vertex 5.58335 -0.915538 -0.774593
      vertex -30 -0.927612 -0.761271
    endloop
  endfacet
  facet normal 0 -0.740955 -0.671555
    outer loop
      vertex 5.58335 -0.915538 -0.774593
      vertex -30 -0.848528 -0.848528
      vertex 5.58336 -0.848528 -0.848528
    endloop
  endfacet
  facet normal -1 0 0
    outer loop
      vertex 5.58335 0.45922 -1.10865
      vertex 5.58335 0.565675 -1.0583
      vertex 5.58335 0.475473 -1.10097
    endloop
  endfacet
  facet normal 0 0.427559 -0.903988
    outer loop
      vertex -30 0.45922 -1.10865
      vertex 5.58335 0.565675 -1.0583
      vertex 5.58335 0.45922 -1.10865
    endloop
  endfacet
  facet normal 0.00141499 0 -0.999999
    outer loop
      vertex -30 0.45922 -1.10865
      vertex 5.58335 0.565676 -1.0583
      vertex 5.58335 0.565675 -1.0583
    endloop
  endfacet
  facet normal 0 0.427556 -0.903989
    outer loop
      vertex 5.58335 0.565676 -1.0583
      vertex -30 0.45922 -1.10865
      vertex -30 0.565676 -1.0583
    endloop
  endfacet
  facet normal 0 -0.989162 -0.146831
    outer loop
      vertex -30 -1.19422 -0.11762
      vertex 5.58335 -1.19158 -0.135405
      vertex 5.58335 -1.19422 -0.11762
    endloop
  endfacet
  facet normal 5.73198e-08 -0.989178 -0.146719
    outer loop
      vertex -30 -1.19422 -0.11762
      vertex 5.58335 -1.17694 -0.234108
      vertex 5.58335 -1.19158 -0.135405
    endloop
  endfacet
  facet normal 0 -0.989176 -0.146736
    outer loop
      vertex -30 -1.17694 -0.234108
      vertex 5.58335 -1.17694 -0.234108
      vertex -30 -1.19422 -0.11762
    endloop
  endfacet
  facet normal 0 -0.803186 -0.595729
    outer loop
      vertex -30 -0.997763 -0.666684
      vertex 5.58335 -0.987052 -0.681125
      vertex 5.58335 -0.997763 -0.666684
    endloop
  endfacet
  facet normal 1.68878e-08 -0.803206 -0.595702
    outer loop
      vertex -30 -0.927612 -0.761271
      vertex 5.58335 -0.987052 -0.681125
      vertex -30 -0.997763 -0.666684
    endloop
  endfacet
  facet normal 0 -0.803209 -0.595697
    outer loop
      vertex 5.58335 -0.987052 -0.681125
      vertex -30 -0.927612 -0.761271
      vertex 5.58335 -0.927612 -0.761271
    endloop
  endfacet
  facet normal 0 -0.904142 -0.427232
    outer loop
      vertex -30 -1.10865 -0.45922
      vertex 5.58335 -1.10097 -0.475473
      vertex 5.58335 -1.10865 -0.45922
    endloop
  endfacet
  facet normal -2.15211e-07 -0.90396 -0.427618
    outer loop
      vertex -30 -1.10865 -0.45922
      vertex 5.58335 -1.0583 -0.565675
      vertex 5.58335 -1.10097 -0.475473
    endloop
  endfacet
  facet normal 1.20156e-08 -0.903989 -0.427556
    outer loop
      vertex -30 -1.0583 -0.565676
      vertex 5.58335 -1.0583 -0.565675
      vertex -30 -1.10865 -0.45922
    endloop
  endfacet
  facet normal 0 -1 -0
    outer loop
      vertex 5.58335 -1.0583 -0.565675
      vertex -30 -1.0583 -0.565676
      vertex 5.58335 -1.0583 -0.565676
    endloop
  endfacet
  facet normal 0 -0.740936 0.671576
    outer loop
      vertex -30 -0.848528 0.848528
      vertex 5.58336 -0.860602 0.835207
      vertex 5.58336 -0.848528 0.848528
    endloop
  endfacet
  facet normal -1.4358e-08 -0.740955 0.671555
    outer loop
      vertex -30 -0.848528 0.848528
      vertex 5.58335 -0.927612 0.761272
      vertex 5.58336 -0.860602 0.835207
    endloop
  endfacet
  facet normal -1.88727e-08 -0.740956 0.671554
    outer loop
      vertex -30 -0.927612 0.761271
      vertex 5.58335 -0.927612 0.761272
      vertex -30 -0.848528 0.848528
    endloop
  endfacet
  facet normal 0 -1 -0
    outer loop
      vertex 5.58335 -0.927612 0.761272
      vertex -30 -0.927612 0.761271
      vertex 5.58335 -0.927612 0.761271
    endloop
  endfacet
  facet normal 0 0 -1
    outer loop
      vertex 5.58335 -0.565676 -1.0583
      vertex -30 -0.565676 -1.0583
      vertex 5.58335 -0.565675 -1.0583
    endloop
  endfacet
  facet normal -1 0 0
    outer loop
      vertex 5.58335 -0.565675 -1.0583
      vertex 5.58335 -0.45922 -1.10865
      vertex 5.58335 -0.549422 -1.06599
    endloop
  endfacet
  facet normal 1.20157e-08 -0.427559 -0.903988
    outer loop
      vertex -30 -0.565676 -1.0583
      vertex 5.58335 -0.45922 -1.10865
      vertex 5.58335 -0.565675 -1.0583
    endloop
  endfacet
  facet normal -0 -0.427556 -0.903989
    outer loop
      vertex 5.58335 -0.45922 -1.10865
      vertex -30 -0.565676 -1.0583
      vertex -30 -0.45922 -1.10865
    endloop
  endfacet
  facet normal 0 1 -0
    outer loop
      vertex 5.58335 0.927612 -0.761272
      vertex -30 0.927612 -0.761271
      vertex 5.58335 0.927612 -0.761271
    endloop
  endfacet
  facet normal -1.88727e-08 0.740955 -0.671555
    outer loop
      vertex 5.58336 0.860602 -0.835207
      vertex -30 0.927612 -0.761271
      vertex 5.58335 0.927612 -0.761272
    endloop
  endfacet
  facet normal -9.8562e-08 0.740936 -0.671576
    outer loop
      vertex 5.58336 0.848528 -0.848528
      vertex -30 0.927612 -0.761271
      vertex 5.58336 0.860602 -0.835207
    endloop
  endfacet
  facet normal 0 0.740956 -0.671554
    outer loop
      vertex -30 0.927612 -0.761271
      vertex 5.58336 0.848528 -0.848528
      vertex -30 0.848528 -0.848528
    endloop
  endfacet
  facet normal 0 0 -1
    outer loop
      vertex 5.58335 0.761271 -0.927612
      vertex -30 0.761271 -0.927612
      vertex 5.58335 0.761272 -0.927612
    endloop
  endfacet
  facet normal 0.272804 -0.646103 0.712832
    outer loop
      vertex 5.58335 0.761272 -0.927612
      vertex 5.58336 0.848528 -0.848528
      vertex 5.58335 0.774593 -0.915538
    endloop
  endfacet
  facet normal -1.88728e-08 0.671558 -0.740952
    outer loop
      vertex -30 0.761271 -0.927612
      vertex 5.58336 0.848528 -0.848528
      vertex 5.58335 0.761272 -0.927612
    endloop
  endfacet
  facet normal 0 0.671554 -0.740956
    outer loop
      vertex 5.58336 0.848528 -0.848528
      vertex -30 0.761271 -0.927612
      vertex -30 0.848528 -0.848528
    endloop
  endfacet
  facet normal 0 0.857765 -0.514042
    outer loop
      vertex 5.58335 1.00701 -0.651262
      vertex -30 1.0583 -0.565676
      vertex 5.58335 1.0583 -0.565676
    endloop
  endfacet
  facet normal -6.55404e-07 0.857645 -0.514242
    outer loop
      vertex 5.58335 0.997763 -0.666684
      vertex -30 1.0583 -0.565676
      vertex 5.58335 1.00701 -0.651262
    endloop
  endfacet
  facet normal 0 0.857747 -0.514072
    outer loop
      vertex -30 1.0583 -0.565676
      vertex 5.58335 0.997763 -0.666684
      vertex -30 0.997763 -0.666684
    endloop
  endfacet
  facet normal 0 -0.337023 0.941496
    outer loop
      vertex 5.58335 -0.36527 1.14227
      vertex 5.58335 -0.348341 1.14833
      vertex -30 -0.348341 1.14833
    endloop
  endfacet
  facet normal 5.1827e-08 -0.336927 0.941531
    outer loop
      vertex -30 -0.348341 1.14833
      vertex 5.58335 -0.45922 1.10865
      vertex 5.58335 -0.36527 1.14227
    endloop
  endfacet
  facet normal 0 -0.336941 0.941526
    outer loop
      vertex 5.58335 -0.45922 1.10865
      vertex -30 -0.348341 1.14833
      vertex -30 -0.45922 1.10865
    endloop
  endfacet
  facet normal -0 -0.243046 -0.970015
    outer loop
      vertex 5.58335 -0.348341 -1.14833
      vertex -30 -0.348341 -1.14833
      vertex 5.58335 -0.3309 -1.1527
    endloop
  endfacet
  facet normal -5.94838e-08 -0.242932 -0.970043
    outer loop
      vertex -30 -0.348341 -1.14833
      vertex 5.58335 -0.234108 -1.17694
      vertex 5.58335 -0.3309 -1.1527
    endloop
  endfacet
  facet normal -0 -0.242949 -0.970039
    outer loop
      vertex 5.58335 -0.234108 -1.17694
      vertex -30 -0.348341 -1.14833
      vertex -30 -0.234108 -1.17694
    endloop
  endfacet
  facet normal 0 -0.970015 0.243046
    outer loop
      vertex -30 -1.14833 0.348341
      vertex 5.58335 -1.1527 0.3309
      vertex 5.58335 -1.14833 0.348341
    endloop
  endfacet
  facet normal -5.04016e-08 -0.970039 0.242949
    outer loop
      vertex -30 -1.17694 0.234108
      vertex 5.58335 -1.1527 0.3309
      vertex -30 -1.14833 0.348341
    endloop
  endfacet
  facet normal 0 -0.970043 0.242932
    outer loop
      vertex 5.58335 -1.1527 0.3309
      vertex -30 -1.17694 0.234108
      vertex 5.58335 -1.17694 0.234108
    endloop
  endfacet
  facet normal 0 -0.803186 0.595729
    outer loop
      vertex -30 -0.927612 0.761271
      vertex 5.58335 -0.938323 0.74683
      vertex 5.58335 -0.927612 0.761271
    endloop
  endfacet
  facet normal -1.68878e-08 -0.803206 0.595702
    outer loop
      vertex -30 -0.997763 0.666684
      vertex 5.58335 -0.938323 0.74683
      vertex -30 -0.927612 0.761271
    endloop
  endfacet
  facet normal 0 -0.803209 0.595697
    outer loop
      vertex 5.58335 -0.938323 0.74683
      vertex -30 -0.997763 0.666684
      vertex 5.58335 -0.997763 0.666684
    endloop
  endfacet
  facet normal 0 -0.970011 -0.243059
    outer loop
      vertex -30 -1.17694 -0.234108
      vertex 5.58335 -1.17257 -0.251548
      vertex 5.58335 -1.17694 -0.234108
    endloop
  endfacet
  facet normal 5.72293e-08 -0.970039 -0.242949
    outer loop
      vertex -30 -1.14833 -0.348341
      vertex 5.58335 -1.17257 -0.251548
      vertex -30 -1.17694 -0.234108
    endloop
  endfacet
  facet normal 0 -0.970044 -0.242929
    outer loop
      vertex 5.58335 -1.17257 -0.251548
      vertex -30 -1.14833 -0.348341
      vertex 5.58335 -1.14833 -0.348341
    endloop
  endfacet
  facet normal 0 -0.857645 0.514242
    outer loop
      vertex -30 -0.997763 0.666684
      vertex 5.58335 -1.00701 0.651262
      vertex 5.58335 -0.997763 0.666684
    endloop
  endfacet
  facet normal -1.0008e-07 -0.857747 0.514072
    outer loop
      vertex -30 -1.0583 0.565676
      vertex 5.58335 -1.00701 0.651262
      vertex -30 -0.997763 0.666684
    endloop
  endfacet
  facet normal 0 -0.857765 0.514042
    outer loop
      vertex 5.58335 -1.00701 0.651262
      vertex -30 -1.0583 0.565676
      vertex 5.58335 -1.0583 0.565676
    endloop
  endfacet
  facet normal 0 -0.671576 -0.740936
    outer loop
      vertex -30 -0.848528 -0.848528
      vertex 5.58336 -0.835207 -0.860602
      vertex 5.58336 -0.848528 -0.848528
    endloop
  endfacet
  facet normal -1.4358e-08 -0.671555 -0.740955
    outer loop
      vertex -30 -0.848528 -0.848528
      vertex 5.58335 -0.761272 -0.927612
      vertex 5.58336 -0.835207 -0.860602
    endloop
  endfacet
  facet normal -0.00222249 0 -0.999998
    outer loop
      vertex -30 -0.848528 -0.848528
      vertex 5.58335 -0.761271 -0.927612
      vertex 5.58335 -0.761272 -0.927612
    endloop
  endfacet
  facet normal -0 -0.671554 -0.740956
    outer loop
      vertex 5.58335 -0.761271 -0.927612
      vertex -30 -0.848528 -0.848528
      vertex -30 -0.761271 -0.927612
    endloop
  endfacet
  facet normal 0 0.51398 -0.857802
    outer loop
      vertex 5.58335 0.565676 -1.0583
      vertex -30 0.565676 -1.0583
      vertex 5.58335 0.581097 -1.04906
    endloop
  endfacet
  facet normal -6.39773e-08 0.514089 -0.857737
    outer loop
      vertex -30 0.565676 -1.0583
      vertex 5.58335 0.666684 -0.997763
      vertex 5.58335 0.581097 -1.04906
    endloop
  endfacet
  facet normal 0 0.514072 -0.857747
    outer loop
      vertex 5.58335 0.666684 -0.997763
      vertex -30 0.565676 -1.0583
      vertex -30 0.666684 -0.997763
    endloop
  endfacet
  facet normal 0 -0.998801 -0.048945
    outer loop
      vertex -30 -1.2 0
      vertex 5.58335 -1.19912 -0.0179578
      vertex 5.58335 -1.2 0
    endloop
  endfacet
  facet normal -8.18127e-08 -0.998794 -0.0491068
    outer loop
      vertex -30 -1.2 0
      vertex 5.58335 -1.19422 -0.11762
      vertex 5.58335 -1.19912 -0.0179578
    endloop
  endfacet
  facet normal 0 -0.998795 -0.0490821
    outer loop
      vertex -30 -1.19422 -0.11762
      vertex 5.58335 -1.19422 -0.11762
      vertex -30 -1.2 0
    endloop
  endfacet
  facet normal 1 0 0
    outer loop
      vertex 5.58335 -0.234108 1.17694
      vertex 5.58335 -0.348341 1.14833
      vertex 5.58335 -0.251548 1.17257
    endloop
  endfacet
  facet normal 0 -0.242949 0.970039
    outer loop
      vertex -30 -0.234108 1.17694
      vertex 5.58335 -0.348341 1.14833
      vertex 5.58335 -0.234108 1.17694
    endloop
  endfacet
  facet normal 0 -0.242949 0.970039
    outer loop
      vertex 5.58335 -0.348341 1.14833
      vertex -30 -0.234108 1.17694
      vertex -30 -0.348341 1.14833
    endloop
  endfacet
  facet normal 0 0.740955 0.671555
    outer loop
      vertex 5.58335 0.915538 0.774593
      vertex -30 0.848528 0.848528
      vertex 5.58336 0.848528 0.848528
    endloop
  endfacet
  facet normal 7.96887e-08 0.740936 0.671576
    outer loop
      vertex 5.58335 0.927612 0.761272
      vertex -30 0.848528 0.848528
      vertex 5.58335 0.915538 0.774593
    endloop
  endfacet
  facet normal -0.00222249 0.999998 0
    outer loop
      vertex 5.58335 0.927612 0.761271
      vertex -30 0.848528 0.848528
      vertex 5.58335 0.927612 0.761272
    endloop
  endfacet
  facet normal 0 0.740956 0.671554
    outer loop
      vertex -30 0.848528 0.848528
      vertex 5.58335 0.927612 0.761271
      vertex -30 0.927612 0.761271
    endloop
  endfacet
  facet normal 0 -0.941496 0.337023
    outer loop
      vertex -30 -1.10865 0.45922
      vertex 5.58335 -1.11471 0.442291
      vertex 5.58335 -1.10865 0.45922
    endloop
  endfacet
  facet normal -5.1827e-08 -0.941531 0.336927
    outer loop
      vertex -30 -1.10865 0.45922
      vertex 5.58335 -1.14833 0.348341
      vertex 5.58335 -1.11471 0.442291
    endloop
  endfacet
  facet normal 0 -0.941526 0.336941
    outer loop
      vertex -30 -1.14833 0.348341
      vertex 5.58335 -1.14833 0.348341
      vertex -30 -1.10865 0.45922
    endloop
  endfacet
  facet normal 0 0.857737 0.514089
    outer loop
      vertex 5.58335 1.04906 0.581097
      vertex -30 0.997763 0.666684
      vertex 5.58335 0.997763 0.666684
    endloop
  endfacet
  facet normal -3.55103e-07 0.857802 0.51398
    outer loop
      vertex 5.58335 1.0583 0.565676
      vertex -30 0.997763 0.666684
      vertex 5.58335 1.04906 0.581097
    endloop
  endfacet
  facet normal 0 0.857747 0.514072
    outer loop
      vertex -30 0.997763 0.666684
      vertex 5.58335 1.0583 0.565676
      vertex -30 1.0583 0.565676
    endloop
  endfacet
  facet normal 0 0 1
    outer loop
      vertex 5.58335 -0.761271 0.927612
      vertex -30 -0.761271 0.927612
      vertex 5.58335 -0.761272 0.927612
    endloop
  endfacet
  facet normal 0.272804 0.646103 -0.712832
    outer loop
      vertex 5.58335 -0.761272 0.927612
      vertex 5.58336 -0.848528 0.848528
      vertex 5.58335 -0.774593 0.915538
    endloop
  endfacet
  facet normal -1.88728e-08 -0.671558 0.740952
    outer loop
      vertex -30 -0.761271 0.927612
      vertex 5.58336 -0.848528 0.848528
      vertex 5.58335 -0.761272 0.927612
    endloop
  endfacet
  facet normal 0 -0.671554 0.740956
    outer loop
      vertex 5.58336 -0.848528 0.848528
      vertex -30 -0.761271 0.927612
      vertex -30 -0.848528 0.848528
    endloop
  endfacet
  facet normal 0 0.243046 0.970015
    outer loop
      vertex 5.58335 0.348341 1.14833
      vertex -30 0.348341 1.14833
      vertex 5.58335 0.3309 1.1527
    endloop
  endfacet
  facet normal -5.94838e-08 0.242932 0.970043
    outer loop
      vertex -30 0.348341 1.14833
      vertex 5.58335 0.234108 1.17694
      vertex 5.58335 0.3309 1.1527
    endloop
  endfacet
  facet normal 0 0.242949 0.970039
    outer loop
      vertex 5.58335 0.234108 1.17694
      vertex -30 0.348341 1.14833
      vertex -30 0.234108 1.17694
    endloop
  endfacet
  facet normal -1 0 0
    outer loop
      vertex 5.58335 -0.666684 -0.997763
      vertex 5.58335 -0.565676 -1.0583
      vertex 5.58335 -0.651262 -1.00701
    endloop
  endfacet
  facet normal 0 -0.514072 -0.857747
    outer loop
      vertex -30 -0.666684 -0.997763
      vertex 5.58335 -0.565676 -1.0583
      vertex 5.58335 -0.666684 -0.997763
    endloop
  endfacet
  facet normal -0 -0.514072 -0.857747
    outer loop
      vertex 5.58335 -0.565676 -1.0583
      vertex -30 -0.666684 -0.997763
      vertex -30 -0.565676 -1.0583
    endloop
  endfacet
  facet normal -1 0 0
    outer loop
      vertex 5.58335 -0.45922 -1.10865
      vertex 5.58335 -0.348341 -1.14833
      vertex 5.58335 -0.442291 -1.11471
    endloop
  endfacet
  facet normal 0 -0.336941 -0.941526
    outer loop
      vertex -30 -0.45922 -1.10865
      vertex 5.58335 -0.348341 -1.14833
      vertex 5.58335 -0.45922 -1.10865
    endloop
  endfacet
  facet normal -0 -0.336941 -0.941526
    outer loop
      vertex 5.58335 -0.348341 -1.14833
      vertex -30 -0.45922 -1.10865
      vertex -30 -0.348341 -1.14833
    endloop
  endfacet
  facet normal -1 0 0
    outer loop
      vertex -30 1.19422 -0.11762
      vertex -30 1.19422 0.11762
      vertex -30 1.2 0
    endloop
  endfacet
  facet normal -1 0 0
    outer loop
      vertex -30 1.17694 -0.234108
      vertex -30 1.19422 0.11762
      vertex -30 1.19422 -0.11762
    endloop
  endfacet
  facet normal -1 0 0
    outer loop
      vertex -30 1.17694 -0.234108
      vertex -30 1.17694 0.234108
      vertex -30 1.19422 0.11762
    endloop
  endfacet
  facet normal -1 0 0
    outer loop
      vertex -30 1.14833 -0.348341
      vertex -30 1.17694 0.234108
      vertex -30 1.17694 -0.234108
    endloop
  endfacet
  facet normal -1 0 0
    outer loop
      vertex -30 1.14833 -0.348341
      vertex -30 1.14833 0.348341
      vertex -30 1.17694 0.234108
    endloop
  endfacet
  facet normal -1 0 0
    outer loop
      vertex -30 1.10865 -0.45922
      vertex -30 1.14833 0.348341
      vertex -30 1.14833 -0.348341
    endloop
  endfacet
  facet normal -1 0 0
    outer loop
      vertex -30 1.10865 -0.45922
      vertex -30 1.10865 0.45922
      vertex -30 1.14833 0.348341
    endloop
  endfacet
  facet normal -1 0 0
    outer loop
      vertex -30 1.0583 -0.565676
      vertex -30 1.10865 0.45922
      vertex -30 1.10865 -0.45922
    endloop
  endfacet
  facet normal -1 0 0
    outer loop
      vertex -30 1.0583 -0.565676
      vertex -30 1.0583 0.565676
      vertex -30 1.10865 0.45922
    endloop
  endfacet
  facet normal -1 0 0
    outer loop
      vertex -30 0.997763 -0.666684
      vertex -30 1.0583 0.565676
      vertex -30 1.0583 -0.565676
    endloop
  endfacet
  facet normal -1 0 0
    outer loop
      vertex -30 0.997763 -0.666684
      vertex -30 0.997763 0.666684
      vertex -30 1.0583 0.565676
    endloop
  endfacet
  facet normal -1 0 0
    outer loop
      vertex -30 0.927612 -0.761271
      vertex -30 0.997763 0.666684
      vertex -30 0.997763 -0.666684
    endloop
  endfacet
  facet normal -1 0 0
    outer loop
      vertex -30 0.927612 -0.761271
      vertex -30 0.927612 0.761271
      vertex -30 0.997763 0.666684
    endloop
  endfacet
  facet normal -1 0 0
    outer loop
      vertex -30 0.848528 -0.848528
      vertex -30 0.927612 0.761271
      vertex -30 0.927612 -0.761271
    endloop
  endfacet
  facet normal -1 0 0
    outer loop
      vertex -30 0.848528 -0.848528
      vertex -30 0.848528 0.848528
      vertex -30 0.927612 0.761271
    endloop
  endfacet
  facet normal -1 0 0
    outer loop
      vertex -30 0.761271 -0.927612
      vertex -30 0.848528 0.848528
      vertex -30 0.848528 -0.848528
    endloop
  endfacet
  facet normal -1 0 0
    outer loop
      vertex -30 0.761271 -0.927612
      vertex -30 0.761271 0.927612
      vertex -30 0.848528 0.848528
    endloop
  endfacet
  facet normal -1 0 0
    outer loop
      vertex -30 0.666684 -0.997763
      vertex -30 0.761271 0.927612
      vertex -30 0.761271 -0.927612
    endloop
  endfacet
  facet normal -1 0 0
    outer loop
      vertex -30 0.666684 -0.997763
      vertex -30 0.666684 0.997763
      vertex -30 0.761271 0.927612
    endloop
  endfacet
  facet normal -1 0 0
    outer loop
      vertex -30 0.565676 -1.0583
      vertex -30 0.666684 0.997763
      vertex -30 0.666684 -0.997763
    endloop
  endfacet
  facet normal -1 0 0
    outer loop
      vertex -30 0.565676 -1.0583
      vertex -30 0.565676 1.0583
      vertex -30 0.666684 0.997763
    endloop
  endfacet
  facet normal -1 0 0
    outer loop
      vertex -30 0.45922 -1.10865
      vertex -30 0.565676 1.0583
      vertex -30 0.565676 -1.0583
    endloop
  endfacet
  facet normal -1 0 0
    outer loop
      vertex -30 0.45922 -1.10865
      vertex -30 0.45922 1.10865
      vertex -30 0.565676 1.0583
    endloop
  endfacet
  facet normal -1 0 0
    outer loop
      vertex -30 0.348341 -1.14833
      vertex -30 0.45922 1.10865
      vertex -30 0.45922 -1.10865
    endloop
  endfacet
  facet normal -1 0 0
    outer loop
      vertex -30 0.348341 -1.14833
      vertex -30 0.348341 1.14833
      vertex -30 0.45922 1.10865
    endloop
  endfacet
  facet normal -1 0 0
    outer loop
      vertex -30 0.234108 -1.17694
      vertex -30 0.348341 1.14833
      vertex -30 0.348341 -1.14833
    endloop
  endfacet
  facet normal -1 0 0
    outer loop
      vertex -30 0.234108 -1.17694
      vertex -30 0.234108 1.17694
      vertex -30 0.348341 1.14833
    endloop
  endfacet
  facet normal -1 0 0
    outer loop
      vertex -30 0.11762 -1.19422
      vertex -30 0.234108 1.17694
      vertex -30 0.234108 -1.17694
    endloop
  endfacet
  facet normal -1 0 0
    outer loop
      vertex -30 0.11762 -1.19422
      vertex -30 0.11762 1.19422
      vertex -30 0.234108 1.17694
    endloop
  endfacet
  facet normal -1 0 0
    outer loop
      vertex -30 0 -1.2
      vertex -30 0.11762 1.19422
      vertex -30 0.11762 -1.19422
    endloop
  endfacet
  facet normal -1 0 0
    outer loop
      vertex -30 0 -1.2
      vertex -30 0 1.2
      vertex -30 0.11762 1.19422
    endloop
  endfacet
  facet normal -1 0 0
    outer loop
      vertex -30 -0.11762 -1.19422
      vertex -30 0 1.2
      vertex -30 0 -1.2
    endloop
  endfacet
  facet normal -1 0 0
    outer loop
      vertex -30 -0.11762 -1.19422
      vertex -30 -0.11762 1.19422
      vertex -30 0 1.2
    endloop
  endfacet
  facet normal -1 0 0
    outer loop
      vertex -30 -0.234108 -1.17694
      vertex -30 -0.11762 1.19422
      vertex -30 -0.11762 -1.19422
    endloop
  endfacet
  facet normal -1 0 0
    outer loop
      vertex -30 -0.234108 -1.17694
      vertex -30 -0.234108 1.17694
      vertex -30 -0.11762 1.19422
    endloop
  endfacet
  facet normal -1 0 0
    outer loop
      vertex -30 -0.348341 -1.14833
      vertex -30 -0.234108 1.17694
      vertex -30 -0.234108 -1.17694
    endloop
  endfacet
  facet normal -1 0 0
    outer loop
      vertex -30 -0.348341 -1.14833
      vertex -30 -0.348341 1.14833
      vertex -30 -0.234108 1.17694
    endloop
  endfacet
  facet normal -1 0 0
    outer loop
      vertex -30 -0.45922 -1.10865
      vertex -30 -0.348341 1.14833
      vertex -30 -0.348341 -1.14833
    endloop
  endfacet
  facet normal -1 0 0
    outer loop
      vertex -30 -0.45922 -1.10865
      vertex -30 -0.45922 1.10865
      vertex -30 -0.348341 1.14833
    endloop
  endfacet
  facet normal -1 0 0
    outer loop
      vertex -30 -0.565676 -1.0583
      vertex -30 -0.45922 1.10865
      vertex -30 -0.45922 -1.10865
    endloop
  endfacet
  facet normal -1 0 0
    outer loop
      vertex -30 -0.565676 -1.0583
      vertex -30 -0.565676 1.0583
      vertex -30 -0.45922 1.10865
    endloop
  endfacet
  facet normal -1 0 0
    outer loop
      vertex -30 -0.666684 -0.997763
      vertex -30 -0.565676 1.0583
      vertex -30 -0.565676 -1.0583
    endloop
  endfacet
  facet normal -1 0 0
    outer loop
      vertex -30 -0.666684 -0.997763
      vertex -30 -0.666684 0.997763
      vertex -30 -0.565676 1.0583
    endloop
  endfacet
  facet normal -1 0 0
    outer loop
      vertex -30 -0.761271 -0.927612
      vertex -30 -0.666684 0.997763
      vertex -30 -0.666684 -0.997763
    endloop
  endfacet
  facet normal -1 0 0
    outer loop
      vertex -30 -0.761271 -0.927612
      vertex -30 -0.761271 0.927612
      vertex -30 -0.666684 0.997763
    endloop
  endfacet
  facet normal -1 0 0
    outer loop
      vertex -30 -0.848528 -0.848528
      vertex -30 -0.761271 0.927612
      vertex -30 -0.761271 -0.927612
    endloop
  endfacet
  facet normal -1 0 0
    outer loop
      vertex -30 -0.848528 -0.848528
      vertex -30 -0.848528 0.848528
      vertex -30 -0.761271 0.927612
    endloop
  endfacet
  facet normal -1 0 0
    outer loop
      vertex -30 -0.927612 -0.761271
      vertex -30 -0.848528 0.848528
      vertex -30 -0.848528 -0.848528
    endloop
  endfacet
  facet normal -1 0 0
    outer loop
      vertex -30 -0.927612 -0.761271
      vertex -30 -0.927612 0.761271
      vertex -30 -0.848528 0.848528
    endloop
  endfacet
  facet normal -1 0 0
    outer loop
      vertex -30 -0.997763 -0.666684
      vertex -30 -0.927612 0.761271
      vertex -30 -0.927612 -0.761271
    endloop
  endfacet
  facet normal -1 0 0
    outer loop
      vertex -30 -0.997763 -0.666684
      vertex -30 -0.997763 0.666684
      vertex -30 -0.927612 0.761271
    endloop
  endfacet
  facet normal -1 0 0
    outer loop
      vertex -30 -1.0583 -0.565676
      vertex -30 -0.997763 0.666684
      vertex -30 -0.997763 -0.666684
    endloop
  endfacet
  facet normal -1 0 0
    outer loop
      vertex -30 -1.0583 -0.565676
      vertex -30 -1.0583 0.565676
      vertex -30 -0.997763 0.666684
    endloop
  endfacet
  facet normal -1 0 0
    outer loop
      vertex -30 -1.10865 -0.45922
      vertex -30 -1.0583 0.565676
      vertex -30 -1.0583 -0.565676
    endloop
  endfacet
  facet normal -1 0 0
    outer loop
      vertex -30 -1.10865 -0.45922
      vertex -30 -1.10865 0.45922
      vertex -30 -1.0583 0.565676
    endloop
  endfacet
  facet normal -1 0 0
    outer loop
      vertex -30 -1.14833 -0.348341
      vertex -30 -1.10865 0.45922
      vertex -30 -1.10865 -0.45922
    endloop
  endfacet
  facet normal -1 0 0
    outer loop
      vertex -30 -1.14833 -0.348341
      vertex -30 -1.14833 0.348341
      vertex -30 -1.10865 0.45922
    endloop
  endfacet
  facet normal -1 0 0
    outer loop
      vertex -30 -1.17694 -0.234108
      vertex -30 -1.14833 0.348341
      vertex -30 -1.14833 -0.348341
    endloop
  endfacet
  facet normal -1 0 0
    outer loop
      vertex -30 -1.17694 -0.234108
      vertex -30 -1.17694 0.234108
      vertex -30 -1.14833 0.348341
    endloop
  endfacet
  facet normal -1 0 0
    outer loop
      vertex -30 -1.19422 -0.11762
      vertex -30 -1.17694 0.234108
      vertex -30 -1.17694 -0.234108
    endloop
  endfacet
  facet normal -1 0 0
    outer loop
      vertex -30 -1.19422 -0.11762
      vertex -30 -1.19422 0.11762
      vertex -30 -1.17694 0.234108
    endloop
  endfacet
  facet normal -1 0 -0
    outer loop
      vertex -30 -1.19422 0.11762
      vertex -30 -1.19422 -0.11762
      vertex -30 -1.2 0
    endloop
  endfacet
  facet normal 0 -0.998801 0.0489459
    outer loop
      vertex -30 -1.19422 0.11762
      vertex 5.58335 -1.1951 0.0996625
      vertex 5.58335 -1.19422 0.11762
    endloop
  endfacet
  facet normal 6.89081e-08 -0.998795 0.0490821
    outer loop
      vertex -30 -1.2 0
      vertex 5.58335 -1.1951 0.0996625
      vertex -30 -1.19422 0.11762
    endloop
  endfacet
  facet normal 0 -0.998794 0.0491066
    outer loop
      vertex 5.58335 -1.1951 0.0996625
      vertex -30 -1.2 0
      vertex 5.58335 -1.2 0
    endloop
  endfacet
  facet normal 0 -1 0
    outer loop
      vertex -30 -1.0583 0.565676
      vertex 5.58335 -1.0583 0.565675
      vertex 5.58335 -1.0583 0.565676
    endloop
  endfacet
  facet normal 1.20193e-08 -0.903927 0.427687
    outer loop
      vertex -30 -1.0583 0.565676
      vertex 5.58335 -1.06599 0.549422
      vertex 5.58335 -1.0583 0.565675
    endloop
  endfacet
  facet normal -6.15075e-08 -0.903989 0.427556
    outer loop
      vertex -30 -1.10865 0.45922
      vertex 5.58335 -1.06599 0.549422
      vertex -30 -1.0583 0.565676
    endloop
  endfacet
  facet normal 0 -0.903998 0.427536
    outer loop
      vertex 5.58335 -1.06599 0.549422
      vertex -30 -1.10865 0.45922
      vertex 5.58335 -1.10865 0.45922
    endloop
  endfacet
  facet normal -1 0 0
    outer loop
      vertex 5.58335 0.234108 1.17694
      vertex 5.58335 0.11762 1.19422
      vertex 5.58335 0.216323 1.17958
    endloop
  endfacet
  facet normal -0 0.146736 0.989176
    outer loop
      vertex -30 0.234108 1.17694
      vertex 5.58335 0.11762 1.19422
      vertex 5.58335 0.234108 1.17694
    endloop
  endfacet
  facet normal 0 0.146736 0.989176
    outer loop
      vertex 5.58335 0.11762 1.19422
      vertex -30 0.234108 1.17694
      vertex -30 0.11762 1.19422
    endloop
  endfacet
  facet normal -0 0.0489459 0.998801
    outer loop
      vertex -30 0.11762 1.19422
      vertex 5.58335 0.0996625 1.1951
      vertex 5.58335 0.11762 1.19422
    endloop
  endfacet
  facet normal 8.13241e-08 0.0491066 0.998794
    outer loop
      vertex -30 0.11762 1.19422
      vertex 5.58335 0 1.2
      vertex 5.58335 0.0996625 1.1951
    endloop
  endfacet
  facet normal 0 0.0490821 0.998795
    outer loop
      vertex 5.58335 0 1.2
      vertex -30 0.11762 1.19422
      vertex -30 0 1.2
    endloop
  endfacet
  facet normal 0 0.970043 -0.242932
    outer loop
      vertex 5.58335 1.1527 -0.3309
      vertex -30 1.17694 -0.234108
      vertex 5.58335 1.17694 -0.234108
    endloop
  endfacet
  facet normal -3.30106e-07 0.970015 -0.243046
    outer loop
      vertex 5.58335 1.14833 -0.348341
      vertex -30 1.17694 -0.234108
      vertex 5.58335 1.1527 -0.3309
    endloop
  endfacet
  facet normal 0 0.970039 -0.242949
    outer loop
      vertex -30 1.17694 -0.234108
      vertex 5.58335 1.14833 -0.348341
      vertex -30 1.14833 -0.348341
    endloop
  endfacet
  facet normal -1 0 0
    outer loop
      vertex 5.58335 0.761271 0.927612
      vertex 5.58335 0.666684 0.997763
      vertex 5.58335 0.74683 0.938323
    endloop
  endfacet
  facet normal -0 0.595702 0.803206
    outer loop
      vertex -30 0.761271 0.927612
      vertex 5.58335 0.666684 0.997763
      vertex 5.58335 0.761271 0.927612
    endloop
  endfacet
  facet normal 0 0.595702 0.803206
    outer loop
      vertex 5.58335 0.666684 0.997763
      vertex -30 0.761271 0.927612
      vertex -30 0.666684 0.997763
    endloop
  endfacet
  facet normal -0.39353 0.0451503 0.918202
    outer loop
      vertex 5.58335 0.0996625 1.1951
      vertex 5.62999 0 1.21999
      vertex 5.62999 0.119579 1.21411
    endloop
  endfacet
  facet normal -0.393541 0.0451441 0.918198
    outer loop
      vertex 5.62999 0 1.21999
      vertex 5.58335 0.0996625 1.1951
      vertex 5.58335 0 1.2
    endloop
  endfacet
  facet normal -0.393478 0.0449976 0.918232
    outer loop
      vertex 5.62999 0.119579 1.21411
      vertex 5.58335 0.11762 1.19422
      vertex 5.58335 0.0996625 1.1951
    endloop
  endfacet
  facet normal -0.918966 0.0193415 0.393861
    outer loop
      vertex 5.75 0 1.5
      vertex 5.75 0.147025 1.49278
      vertex 5.62999 0 1.21999
    endloop
  endfacet
  facet normal -0.918971 0.0193666 0.39385
    outer loop
      vertex 5.75 0.147025 1.49278
      vertex 5.62999 0.119579 1.21411
      vertex 5.62999 0 1.21999
    endloop
  endfacet
  facet normal -0 0.0490397 0.998797
    outer loop
      vertex 5.75 0.23524 2.38844
      vertex 7.34999 0 2.39999
      vertex 7.34999 0.23524 2.38844
    endloop
  endfacet
  facet normal 0 0.0490397 0.998797
    outer loop
      vertex 7.34999 0 2.39999
      vertex 5.75 0.23524 2.38844
      vertex 5.75 0 2.39999
    endloop
  endfacet
  facet normal -0.39342 0.134919 0.909405
    outer loop
      vertex 5.58335 0.216323 1.17958
      vertex 5.62999 0.119579 1.21411
      vertex 5.62999 0.238007 1.19654
    endloop
  endfacet
  facet normal -0.39348 0.134883 0.909385
    outer loop
      vertex 5.58335 0.11762 1.19422
      vertex 5.62999 0.119579 1.21411
      vertex 5.58335 0.216323 1.17958
    endloop
  endfacet
  facet normal -0.393444 0.134989 0.909384
    outer loop
      vertex 5.58335 0.216323 1.17958
      vertex 5.62999 0.238007 1.19654
      vertex 5.58335 0.234108 1.17694
    endloop
  endfacet
  facet normal -0.91897 0.0578618 0.390058
    outer loop
      vertex 5.75 0.147025 1.49278
      vertex 5.75 0.292635 1.47118
      vertex 5.62999 0.119579 1.21411
    endloop
  endfacet
  facet normal -0.918972 0.0578685 0.390054
    outer loop
      vertex 5.75 0.292635 1.47118
      vertex 5.62999 0.238007 1.19654
      vertex 5.62999 0.119579 1.21411
    endloop
  endfacet
  facet normal -0 0.146736 0.989176
    outer loop
      vertex 5.75 0.468215 2.35388
      vertex 7.34999 0.23524 2.38844
      vertex 7.34999 0.468215 2.35388
    endloop
  endfacet
  facet normal 0 0.146736 0.989176
    outer loop
      vertex 7.34999 0.23524 2.38844
      vertex 5.75 0.468215 2.35388
      vertex 5.75 0.23524 2.38844
    endloop
  endfacet
  facet normal -0.393368 0.223387 0.891829
    outer loop
      vertex 5.58335 0.3309 1.1527
      vertex 5.62999 0.238007 1.19654
      vertex 5.62999 0.354143 1.16745
    endloop
  endfacet
  facet normal -0.393444 0.223339 0.891808
    outer loop
      vertex 5.62999 0.238007 1.19654
      vertex 5.58335 0.3309 1.1527
      vertex 5.58335 0.234108 1.17694
    endloop
  endfacet
  facet normal -0.393391 0.223449 0.891804
    outer loop
      vertex 5.62999 0.354143 1.16745
      vertex 5.58335 0.348341 1.14833
      vertex 5.58335 0.3309 1.1527
    endloop
  endfacet
  facet normal -0.918971 0.0958193 0.382506
    outer loop
      vertex 5.75 0.292635 1.47118
      vertex 5.75 0.435427 1.43541
      vertex 5.62999 0.238007 1.19654
    endloop
  endfacet
  facet normal -0.91897 0.0958121 0.382511
    outer loop
      vertex 5.75 0.435427 1.43541
      vertex 5.62999 0.354143 1.16745
      vertex 5.62999 0.238007 1.19654
    endloop
  endfacet
  facet normal -0 0.242989 0.970029
    outer loop
      vertex 5.75 0.696681 2.29665
      vertex 7.34999 0.468215 2.35388
      vertex 7.34999 0.696681 2.29665
    endloop
  endfacet
  facet normal 0 0.242989 0.970029
    outer loop
      vertex 7.34999 0.468215 2.35388
      vertex 5.75 0.696681 2.29665
      vertex 5.75 0.468215 2.35388
    endloop
  endfacet
  facet normal -0.393506 0.309685 0.865591
    outer loop
      vertex 5.58335 0.442291 1.11471
      vertex 5.62999 0.354143 1.16745
      vertex 5.62999 0.466868 1.12712
    endloop
  endfacet
  facet normal -0.393392 0.309761 0.865616
    outer loop
      vertex 5.62999 0.354143 1.16745
      vertex 5.58335 0.442291 1.11471
      vertex 5.58335 0.348341 1.14833
    endloop
  endfacet
  facet normal -0.39356 0.309825 0.865517
    outer loop
      vertex 5.62999 0.466868 1.12712
      vertex 5.58335 0.45922 1.10865
      vertex 5.58335 0.442291 1.11471
    endloop
  endfacet
  facet normal -0.91897 0.132843 0.371278
    outer loop
      vertex 5.75 0.435427 1.43541
      vertex 5.75 0.574024 1.38582
      vertex 5.62999 0.354143 1.16745
    endloop
  endfacet
  facet normal -0.918968 0.132836 0.371284
    outer loop
      vertex 5.75 0.574024 1.38582
      vertex 5.62999 0.466868 1.12712
      vertex 5.62999 0.354143 1.16745
    endloop
  endfacet
  facet normal -0 0.336869 0.941552
    outer loop
      vertex 5.75 0.918437 2.21731
      vertex 7.34999 0.696681 2.29665
      vertex 7.34999 0.918437 2.21731
    endloop
  endfacet
  facet normal 0 0.336869 0.941552
    outer loop
      vertex 7.34999 0.696681 2.29665
      vertex 5.75 0.918437 2.21731
      vertex 5.75 0.696681 2.29665
    endloop
  endfacet
  facet normal -0.393499 0.393071 0.831055
    outer loop
      vertex 5.58335 0.549422 1.06599
      vertex 5.62999 0.466868 1.12712
      vertex 5.62999 0.575097 1.07593
    endloop
  endfacet
  facet normal -0.393554 0.393034 0.831047
    outer loop
      vertex 5.62999 0.466868 1.12712
      vertex 5.58335 0.549422 1.06599
      vertex 5.58335 0.45922 1.10865
    endloop
  endfacet
  facet normal -0.393542 0.393176 0.830986
    outer loop
      vertex 5.58335 0.549422 1.06599
      vertex 5.62999 0.575097 1.07593
      vertex 5.58335 0.565675 1.0583
    endloop
  endfacet
  facet normal -0.918968 0.168604 0.356469
    outer loop
      vertex 5.75 0.574024 1.38582
      vertex 5.75 0.707094 1.32288
      vertex 5.62999 0.466868 1.12712
    endloop
  endfacet
  facet normal -0.918968 0.168603 0.35647
    outer loop
      vertex 5.75 0.707094 1.32288
      vertex 5.62999 0.575097 1.07593
      vertex 5.62999 0.466868 1.12712
    endloop
  endfacet
  facet normal -0 0.427589 0.903973
    outer loop
      vertex 5.75 1.13135 2.1166
      vertex 7.34999 0.918437 2.21731
      vertex 7.34999 1.13135 2.1166
    endloop
  endfacet
  facet normal 0 0.427589 0.903973
    outer loop
      vertex 7.34999 0.918437 2.21731
      vertex 5.75 1.13135 2.1166
      vertex 5.75 0.918437 2.21731
    endloop
  endfacet
  facet normal -0.393418 0.472642 0.788563
    outer loop
      vertex 5.58335 0.651262 1.00701
      vertex 5.62999 0.575097 1.07593
      vertex 5.62999 0.677788 1.01438
    endloop
  endfacet
  facet normal -0.39353 0.472565 0.788554
    outer loop
      vertex 5.58335 0.565676 1.0583
      vertex 5.62999 0.575097 1.07593
      vertex 5.58335 0.651262 1.00701
    endloop
  endfacet
  facet normal -0.353584 0 0.935403
    outer loop
      vertex 5.62999 0.575097 1.07593
      vertex 5.58335 0.565676 1.0583
      vertex 5.58335 0.565675 1.0583
    endloop
  endfacet
  facet normal -0.393471 0.472762 0.788465
    outer loop
      vertex 5.58335 0.651262 1.00701
      vertex 5.62999 0.677788 1.01438
      vertex 5.58335 0.666684 0.997763
    endloop
  endfacet
  facet normal -0.918968 0.202732 0.338228
    outer loop
      vertex 5.75 0.707094 1.32288
      vertex 5.75 0.833355 1.2472
      vertex 5.62999 0.575097 1.07593
    endloop
  endfacet
  facet normal -0.918967 0.202727 0.338233
    outer loop
      vertex 5.75 0.833355 1.2472
      vertex 5.62999 0.677788 1.01438
      vertex 5.62999 0.575097 1.07593
    endloop
  endfacet
  facet normal -0 0.514102 0.857729
    outer loop
      vertex 5.75 1.33336 1.99552
      vertex 7.34999 1.13135 2.1166
      vertex 7.34999 1.33336 1.99552
    endloop
  endfacet
  facet normal 0 0.514102 0.857729
    outer loop
      vertex 7.34999 1.13135 2.1166
      vertex 5.75 1.33336 1.99552
      vertex 5.75 1.13135 2.1166
    endloop
  endfacet
  facet normal -0.39348 0.54764 0.73842
    outer loop
      vertex 5.58335 0.74683 0.938323
      vertex 5.62999 0.677788 1.01438
      vertex 5.62999 0.773951 0.943062
    endloop
  endfacet
  facet normal -0.393469 0.547647 0.73842
    outer loop
      vertex 5.58335 0.666684 0.997763
      vertex 5.62999 0.677788 1.01438
      vertex 5.58335 0.74683 0.938323
    endloop
  endfacet
  facet normal -0.314456 0 0.949272
    outer loop
      vertex 5.58335 0.761271 0.927612
      vertex 5.62999 0.773951 0.943062
      vertex 5.58335 0.761272 0.927612
    endloop
  endfacet
  facet normal -0.393494 0.54767 0.73839
    outer loop
      vertex 5.62999 0.773951 0.943062
      vertex 5.58335 0.761271 0.927612
      vertex 5.58335 0.74683 0.938323
    endloop
  endfacet
  facet normal -0.918967 0.234889 0.316744
    outer loop
      vertex 5.75 0.833355 1.2472
      vertex 5.75 0.95159 1.15952
      vertex 5.62999 0.677788 1.01438
    endloop
  endfacet
  facet normal -0.91897 0.234898 0.316729
    outer loop
      vertex 5.75 0.95159 1.15952
      vertex 5.62999 0.773951 0.943062
      vertex 5.62999 0.677788 1.01438
    endloop
  endfacet
  facet normal -0 0.595684 0.803219
    outer loop
      vertex 5.75 1.52254 1.85522
      vertex 7.34999 1.33336 1.99552
      vertex 7.34999 1.52254 1.85522
    endloop
  endfacet
  facet normal 0 0.595684 0.803219
    outer loop
      vertex 7.34999 1.33336 1.99552
      vertex 5.75 1.52254 1.85522
      vertex 5.75 1.33336 1.99552
    endloop
  endfacet
  facet normal -0.393516 0.617388 0.681159
    outer loop
      vertex 5.58336 0.835207 0.860602
      vertex 5.62999 0.773951 0.943062
      vertex 5.62999 0.862659 0.862659
    endloop
  endfacet
  facet normal -0.393483 0.617411 0.681157
    outer loop
      vertex 5.62999 0.773951 0.943062
      vertex 5.58336 0.835207 0.860602
      vertex 5.58335 0.761272 0.927612
    endloop
  endfacet
  facet normal -0.393518 0.617391 0.681155
    outer loop
      vertex 5.62999 0.862659 0.862659
      vertex 5.58336 0.848528 0.848528
      vertex 5.58336 0.835207 0.860602
    endloop
  endfacet
  facet normal -0.91897 0.264822 0.292172
    outer loop
      vertex 5.75 0.95159 1.15952
      vertex 5.75 1.06066 1.06066
      vertex 5.62999 0.773951 0.943062
    endloop
  endfacet
  facet normal -0.918969 0.26482 0.292174
    outer loop
      vertex 5.75 1.06066 1.06066
      vertex 5.62999 0.862659 0.862659
      vertex 5.62999 0.773951 0.943062
    endloop
  endfacet
  facet normal -0 0.671567 0.740944
    outer loop
      vertex 5.75 1.69705 1.69705
      vertex 7.34999 1.52254 1.85522
      vertex 7.34999 1.69705 1.69705
    endloop
  endfacet
  facet normal 0 0.671567 0.740944
    outer loop
      vertex 7.34999 1.52254 1.85522
      vertex 5.75 1.69705 1.69705
      vertex 5.75 1.52254 1.85522
    endloop
  endfacet
  facet normal -0.393518 0.681158 0.617387
    outer loop
      vertex 5.62999 0.943062 0.773951
      vertex 5.58336 0.848528 0.848528
      vertex 5.62999 0.862659 0.862659
    endloop
  endfacet
  facet normal -0.393478 0.681159 0.617412
    outer loop
      vertex 5.58336 0.848528 0.848528
      vertex 5.62999 0.943062 0.773951
      vertex 5.58335 0.915538 0.774593
    endloop
  endfacet
  facet normal -0.393483 0.681166 0.617401
    outer loop
      vertex 5.58335 0.915538 0.774593
      vertex 5.62999 0.943062 0.773951
      vertex 5.58335 0.927612 0.761272
    endloop
  endfacet
  facet normal -0.918969 0.292172 0.264822
    outer loop
      vertex 5.75 1.06066 1.06066
      vertex 5.75 1.15952 0.95159
      vertex 5.62999 0.862659 0.862659
    endloop
  endfacet
  facet normal -0.91897 0.292173 0.26482
    outer loop
      vertex 5.75 1.15952 0.95159
      vertex 5.62999 0.943062 0.773951
      vertex 5.62999 0.862659 0.862659
    endloop
  endfacet
  facet normal 0 0.740944 0.671567
    outer loop
      vertex 7.34999 1.85522 1.52254
      vertex 5.75 1.69705 1.69705
      vertex 7.34999 1.69705 1.69705
    endloop
  endfacet
  facet normal 0 0.740944 0.671567
    outer loop
      vertex 5.75 1.69705 1.69705
      vertex 7.34999 1.85522 1.52254
      vertex 5.75 1.85522 1.52254
    endloop
  endfacet
  facet normal -0.314456 0.949272 0
    outer loop
      vertex 5.62999 0.943062 0.773951
      vertex 5.58335 0.927612 0.761271
      vertex 5.58335 0.927612 0.761272
    endloop
  endfacet
  facet normal -0.393494 0.738416 0.547636
    outer loop
      vertex 5.62999 1.01438 0.677788
      vertex 5.58335 0.927612 0.761271
      vertex 5.62999 0.943062 0.773951
    endloop
  endfacet
  facet normal -0.393481 0.738416 0.547644
    outer loop
      vertex 5.58335 0.927612 0.761271
      vertex 5.62999 1.01438 0.677788
      vertex 5.58335 0.987052 0.681125
    endloop
  endfacet
  facet normal -0.393469 0.738399 0.547676
    outer loop
      vertex 5.62999 1.01438 0.677788
      vertex 5.58335 0.997763 0.666684
      vertex 5.58335 0.987052 0.681125
    endloop
  endfacet
  facet normal -0.91897 0.316739 0.234885
    outer loop
      vertex 5.75 1.15952 0.95159
      vertex 5.75 1.2472 0.833355
      vertex 5.62999 0.943062 0.773951
    endloop
  endfacet
  facet normal -0.918967 0.316735 0.234902
    outer loop
      vertex 5.75 1.2472 0.833355
      vertex 5.62999 1.01438 0.677788
      vertex 5.62999 0.943062 0.773951
    endloop
  endfacet
  facet normal 0 0.803219 0.595684
    outer loop
      vertex 7.34999 1.99552 1.33336
      vertex 5.75 1.85522 1.52254
      vertex 7.34999 1.85522 1.52254
    endloop
  endfacet
  facet normal 0 0.803219 0.595684
    outer loop
      vertex 5.75 1.85522 1.52254
      vertex 7.34999 1.99552 1.33336
      vertex 5.75 1.99552 1.33336
    endloop
  endfacet
  facet normal -0.393468 0.788545 0.472631
    outer loop
      vertex 5.62999 1.07593 0.575097
      vertex 5.58335 0.997763 0.666684
      vertex 5.62999 1.01438 0.677788
    endloop
  endfacet
  facet normal -0.393491 0.788542 0.472617
    outer loop
      vertex 5.58335 0.997763 0.666684
      vertex 5.62999 1.07593 0.575097
      vertex 5.58335 1.04906 0.581097
    endloop
  endfacet
  facet normal -0.393531 0.788587 0.472508
    outer loop
      vertex 5.62999 1.07593 0.575097
      vertex 5.58335 1.0583 0.565676
      vertex 5.58335 1.04906 0.581097
    endloop
  endfacet
  facet normal -0.353584 0.935403 0
    outer loop
      vertex 5.58335 1.0583 0.565676
      vertex 5.62999 1.07593 0.575097
      vertex 5.58335 1.0583 0.565675
    endloop
  endfacet
  facet normal -0.918967 0.33823 0.202733
    outer loop
      vertex 5.75 1.2472 0.833355
      vertex 5.75 1.32288 0.707094
      vertex 5.62999 1.01438 0.677788
    endloop
  endfacet
  facet normal -0.918968 0.338231 0.202726
    outer loop
      vertex 5.75 1.32288 0.707094
      vertex 5.62999 1.07593 0.575097
      vertex 5.62999 1.01438 0.677788
    endloop
  endfacet
  facet normal 0 0.857729 0.514102
    outer loop
      vertex 7.34999 2.1166 1.13135
      vertex 5.75 1.99552 1.33336
      vertex 7.34999 1.99552 1.33336
    endloop
  endfacet
  facet normal 0 0.857729 0.514102
    outer loop
      vertex 5.75 1.99552 1.33336
      vertex 7.34999 2.1166 1.13135
      vertex 5.75 2.1166 1.13135
    endloop
  endfacet
  facet normal -0.39354 0.83104 0.393064
    outer loop
      vertex 5.62999 1.12712 0.466868
      vertex 5.58335 1.0583 0.565675
      vertex 5.62999 1.07593 0.575097
    endloop
  endfacet
  facet normal -0.393425 0.831061 0.393133
    outer loop
      vertex 5.58335 1.0583 0.565675
      vertex 5.62999 1.12712 0.466868
      vertex 5.58335 1.10097 0.475473
    endloop
  endfacet
  facet normal -0.39356 0.831177 0.392754
    outer loop
      vertex 5.62999 1.12712 0.466868
      vertex 5.58335 1.10865 0.45922
      vertex 5.58335 1.10097 0.475473
    endloop
  endfacet
  facet normal -0.918968 0.356469 0.168604
    outer loop
      vertex 5.75 1.32288 0.707094
      vertex 5.75 1.38582 0.574024
      vertex 5.62999 1.07593 0.575097
    endloop
  endfacet
  facet normal -0.918968 0.356469 0.168602
    outer loop
      vertex 5.75 1.38582 0.574024
      vertex 5.62999 1.12712 0.466868
      vertex 5.62999 1.07593 0.575097
    endloop
  endfacet
  facet normal 0 0.903973 0.427589
    outer loop
      vertex 7.34999 2.21731 0.918437
      vertex 5.75 2.1166 1.13135
      vertex 7.34999 2.1166 1.13135
    endloop
  endfacet
  facet normal 0 0.903973 0.427589
    outer loop
      vertex 5.75 2.1166 1.13135
      vertex 7.34999 2.21731 0.918437
      vertex 5.75 2.21731 0.918437
    endloop
  endfacet
  facet normal -0.393558 0.865549 0.309737
    outer loop
      vertex 5.62999 1.12712 0.466868
      vertex 5.58335 1.14227 0.36527
      vertex 5.58335 1.10865 0.45922
    endloop
  endfacet
  facet normal -0.393444 0.865616 0.309694
    outer loop
      vertex 5.58335 1.14227 0.36527
      vertex 5.62999 1.12712 0.466868
      vertex 5.62999 1.16745 0.354143
    endloop
  endfacet
  facet normal -0.39339 0.865585 0.30985
    outer loop
      vertex 5.58335 1.14227 0.36527
      vertex 5.62999 1.16745 0.354143
      vertex 5.58335 1.14833 0.348341
    endloop
  endfacet
  facet normal -0.918968 0.371281 0.132844
    outer loop
      vertex 5.75 1.38582 0.574024
      vertex 5.75 1.43541 0.435427
      vertex 5.62999 1.12712 0.466868
    endloop
  endfacet
  facet normal -0.91897 0.37128 0.132834
    outer loop
      vertex 5.75 1.43541 0.435427
      vertex 5.62999 1.16745 0.354143
      vertex 5.62999 1.12712 0.466868
    endloop
  endfacet
  facet normal 0 0.941552 0.336869
    outer loop
      vertex 7.34999 2.29665 0.696681
      vertex 5.75 2.21731 0.918437
      vertex 7.34999 2.21731 0.918437
    endloop
  endfacet
  facet normal 0 0.941552 0.336869
    outer loop
      vertex 5.75 2.21731 0.918437
      vertex 7.34999 2.29665 0.696681
      vertex 5.75 2.29665 0.696681
    endloop
  endfacet
  facet normal -0.393389 0.891831 0.223343
    outer loop
      vertex 5.62999 1.16745 0.354143
      vertex 5.58335 1.17257 0.251548
      vertex 5.58335 1.14833 0.348341
    endloop
  endfacet
  facet normal -0.393469 0.891787 0.223377
    outer loop
      vertex 5.58335 1.17257 0.251548
      vertex 5.62999 1.16745 0.354143
      vertex 5.62999 1.19654 0.238007
    endloop
  endfacet
  facet normal -0.393442 0.89178 0.223456
    outer loop
      vertex 5.62999 1.19654 0.238007
      vertex 5.58335 1.17694 0.234108
      vertex 5.58335 1.17257 0.251548
    endloop
  endfacet
  facet normal -0.91897 0.382508 0.09582
    outer loop
      vertex 5.75 1.43541 0.435427
      vertex 5.75 1.47118 0.292635
      vertex 5.62999 1.16745 0.354143
    endloop
  endfacet
  facet normal -0.918971 0.382507 0.0958112
    outer loop
      vertex 5.75 1.47118 0.292635
      vertex 5.62999 1.19654 0.238007
      vertex 5.62999 1.16745 0.354143
    endloop
  endfacet
  facet normal 0 0.970029 0.242989
    outer loop
      vertex 7.34999 2.35388 0.468215
      vertex 5.75 2.29665 0.696681
      vertex 7.34999 2.29665 0.696681
    endloop
  endfacet
  facet normal 0 0.970029 0.242989
    outer loop
      vertex 5.75 2.29665 0.696681
      vertex 7.34999 2.35388 0.468215
      vertex 5.75 2.35388 0.468215
    endloop
  endfacet
  facet normal -0.393443 0.9094 0.134886
    outer loop
      vertex 5.62999 1.19654 0.238007
      vertex 5.58335 1.19158 0.135405
      vertex 5.58335 1.17694 0.234108
    endloop
  endfacet
  facet normal -0.393502 0.90937 0.134914
    outer loop
      vertex 5.58335 1.19158 0.135405
      vertex 5.62999 1.19654 0.238007
      vertex 5.62999 1.21411 0.119579
    endloop
  endfacet
  facet normal -0.393478 0.90937 0.134987
    outer loop
      vertex 5.62999 1.21411 0.119579
      vertex 5.58335 1.19422 0.11762
      vertex 5.58335 1.19158 0.135405
    endloop
  endfacet
  facet normal -0.918971 0.390056 0.0578614
    outer loop
      vertex 5.75 1.47118 0.292635
      vertex 5.75 1.49278 0.147025
      vertex 5.62999 1.19654 0.238007
    endloop
  endfacet
  facet normal -0.91897 0.390058 0.057869
    outer loop
      vertex 5.75 1.49278 0.147025
      vertex 5.62999 1.21411 0.119579
      vertex 5.62999 1.19654 0.238007
    endloop
  endfacet
  facet normal 0 0.989176 0.146736
    outer loop
      vertex 7.34999 2.38844 0.23524
      vertex 5.75 2.35388 0.468215
      vertex 7.34999 2.35388 0.468215
    endloop
  endfacet
  facet normal 0 0.989176 0.146736
    outer loop
      vertex 5.75 2.35388 0.468215
      vertex 7.34999 2.38844 0.23524
      vertex 5.75 2.38844 0.23524
    endloop
  endfacet
  facet normal -0.39348 0.918224 0.0451455
    outer loop
      vertex 5.62999 1.21411 0.119579
      vertex 5.58335 1.19912 0.0179578
      vertex 5.58335 1.19422 0.11762
    endloop
  endfacet
  facet normal -0.393491 0.918219 0.0451511
    outer loop
      vertex 5.58335 1.19912 0.0179578
      vertex 5.62999 1.21411 0.119579
      vertex 5.62999 1.21999 0
    endloop
  endfacet
  facet normal -0.393544 0.918204 0.0449955
    outer loop
      vertex 5.58335 1.19912 0.0179578
      vertex 5.62999 1.21999 0
      vertex 5.58335 1.2 0
    endloop
  endfacet
  facet normal -0.91897 0.393852 0.019341
    outer loop
      vertex 5.75 1.49278 0.147025
      vertex 5.75 1.5 0
      vertex 5.62999 1.21411 0.119579
    endloop
  endfacet
  facet normal -0.918966 0.393861 0.0193671
    outer loop
      vertex 5.75 1.5 0
      vertex 5.62999 1.21999 0
      vertex 5.62999 1.21411 0.119579
    endloop
  endfacet
  facet normal 0 0.998797 0.0490397
    outer loop
      vertex 7.34999 2.39999 0
      vertex 5.75 2.38844 0.23524
      vertex 7.34999 2.38844 0.23524
    endloop
  endfacet
  facet normal 0 0.998797 0.0490397
    outer loop
      vertex 5.75 2.38844 0.23524
      vertex 7.34999 2.39999 0
      vertex 5.75 2.39999 0
    endloop
  endfacet
  facet normal -0.393541 0.918198 -0.0451441
    outer loop
      vertex 5.62999 1.21999 0
      vertex 5.58335 1.1951 -0.0996625
      vertex 5.58335 1.2 0
    endloop
  endfacet
  facet normal -0.39353 0.918202 -0.0451503
    outer loop
      vertex 5.58335 1.1951 -0.0996625
      vertex 5.62999 1.21999 0
      vertex 5.62999 1.21411 -0.119579
    endloop
  endfacet
  facet normal -0.393478 0.918232 -0.0449976
    outer loop
      vertex 5.62999 1.21411 -0.119579
      vertex 5.58335 1.19422 -0.11762
      vertex 5.58335 1.1951 -0.0996625
    endloop
  endfacet
  facet normal -0.918966 0.393861 -0.0193415
    outer loop
      vertex 5.75 1.5 0
      vertex 5.75 1.49278 -0.147025
      vertex 5.62999 1.21999 0
    endloop
  endfacet
  facet normal -0.918971 0.39385 -0.0193666
    outer loop
      vertex 5.62999 1.21999 0
      vertex 5.75 1.49278 -0.147025
      vertex 5.62999 1.21411 -0.119579
    endloop
  endfacet
  facet normal 0 0.998797 -0.0490397
    outer loop
      vertex 7.34999 2.38844 -0.23524
      vertex 5.75 2.39999 0
      vertex 7.34999 2.39999 0
    endloop
  endfacet
  facet normal 0 0.998797 -0.0490397
    outer loop
      vertex 5.75 2.39999 0
      vertex 7.34999 2.38844 -0.23524
      vertex 5.75 2.38844 -0.23524
    endloop
  endfacet
  facet normal -0.39348 0.909385 -0.134883
    outer loop
      vertex 5.62999 1.21411 -0.119579
      vertex 5.58335 1.17958 -0.216323
      vertex 5.58335 1.19422 -0.11762
    endloop
  endfacet
  facet normal -0.39342 0.909405 -0.134919
    outer loop
      vertex 5.58335 1.17958 -0.216323
      vertex 5.62999 1.21411 -0.119579
      vertex 5.62999 1.19654 -0.238007
    endloop
  endfacet
  facet normal -0.393444 0.909384 -0.134989
    outer loop
      vertex 5.58335 1.17958 -0.216323
      vertex 5.62999 1.19654 -0.238007
      vertex 5.58335 1.17694 -0.234108
    endloop
  endfacet
  facet normal -0.91897 0.390058 -0.0578618
    outer loop
      vertex 5.75 1.49278 -0.147025
      vertex 5.75 1.47118 -0.292635
      vertex 5.62999 1.21411 -0.119579
    endloop
  endfacet
  facet normal -0.918972 0.390054 -0.0578685
    outer loop
      vertex 5.62999 1.21411 -0.119579
      vertex 5.75 1.47118 -0.292635
      vertex 5.62999 1.19654 -0.238007
    endloop
  endfacet
  facet normal 0 0.989176 -0.146736
    outer loop
      vertex 7.34999 2.35388 -0.468215
      vertex 5.75 2.38844 -0.23524
      vertex 7.34999 2.38844 -0.23524
    endloop
  endfacet
  facet normal 0 0.989176 -0.146736
    outer loop
      vertex 5.75 2.38844 -0.23524
      vertex 7.34999 2.35388 -0.468215
      vertex 5.75 2.35388 -0.468215
    endloop
  endfacet
  facet normal -0.393444 0.891808 -0.223339
    outer loop
      vertex 5.62999 1.19654 -0.238007
      vertex 5.58335 1.1527 -0.3309
      vertex 5.58335 1.17694 -0.234108
    endloop
  endfacet
  facet normal -0.393368 0.891829 -0.223387
    outer loop
      vertex 5.58335 1.1527 -0.3309
      vertex 5.62999 1.19654 -0.238007
      vertex 5.62999 1.16745 -0.354143
    endloop
  endfacet
  facet normal -0.393391 0.891804 -0.223449
    outer loop
      vertex 5.62999 1.16745 -0.354143
      vertex 5.58335 1.14833 -0.348341
      vertex 5.58335 1.1527 -0.3309
    endloop
  endfacet
  facet normal -0.918971 0.382506 -0.0958193
    outer loop
      vertex 5.75 1.47118 -0.292635
      vertex 5.75 1.43541 -0.435427
      vertex 5.62999 1.19654 -0.238007
    endloop
  endfacet
  facet normal -0.91897 0.382511 -0.0958121
    outer loop
      vertex 5.62999 1.19654 -0.238007
      vertex 5.75 1.43541 -0.435427
      vertex 5.62999 1.16745 -0.354143
    endloop
  endfacet
  facet normal 0 0.970029 -0.242989
    outer loop
      vertex 7.34999 2.29665 -0.696681
      vertex 5.75 2.35388 -0.468215
      vertex 7.34999 2.35388 -0.468215
    endloop
  endfacet
  facet normal 0 0.970029 -0.242989
    outer loop
      vertex 5.75 2.35388 -0.468215
      vertex 7.34999 2.29665 -0.696681
      vertex 5.75 2.29665 -0.696681
    endloop
  endfacet
  facet normal -0.393392 0.865616 -0.309761
    outer loop
      vertex 5.62999 1.16745 -0.354143
      vertex 5.58335 1.11471 -0.442291
      vertex 5.58335 1.14833 -0.348341
    endloop
  endfacet
  facet normal -0.393506 0.865591 -0.309685
    outer loop
      vertex 5.58335 1.11471 -0.442291
      vertex 5.62999 1.16745 -0.354143
      vertex 5.62999 1.12712 -0.466868
    endloop
  endfacet
  facet normal -0.39356 0.865517 -0.309825
    outer loop
      vertex 5.62999 1.12712 -0.466868
      vertex 5.58335 1.10865 -0.45922
      vertex 5.58335 1.11471 -0.442291
    endloop
  endfacet
  facet normal -0.91897 0.371278 -0.132843
    outer loop
      vertex 5.75 1.43541 -0.435427
      vertex 5.75 1.38582 -0.574024
      vertex 5.62999 1.16745 -0.354143
    endloop
  endfacet
  facet normal -0.918968 0.371284 -0.132836
    outer loop
      vertex 5.62999 1.16745 -0.354143
      vertex 5.75 1.38582 -0.574024
      vertex 5.62999 1.12712 -0.466868
    endloop
  endfacet
  facet normal 0 0.941552 -0.336869
    outer loop
      vertex 7.34999 2.21731 -0.918437
      vertex 5.75 2.29665 -0.696681
      vertex 7.34999 2.29665 -0.696681
    endloop
  endfacet
  facet normal 0 0.941552 -0.336869
    outer loop
      vertex 5.75 2.29665 -0.696681
      vertex 7.34999 2.21731 -0.918437
      vertex 5.75 2.21731 -0.918437
    endloop
  endfacet
  facet normal -0.393554 0.831047 -0.393034
    outer loop
      vertex 5.62999 1.12712 -0.466868
      vertex 5.58335 1.06599 -0.549422
      vertex 5.58335 1.10865 -0.45922
    endloop
  endfacet
  facet normal -0.393499 0.831055 -0.393071
    outer loop
      vertex 5.58335 1.06599 -0.549422
      vertex 5.62999 1.12712 -0.466868
      vertex 5.62999 1.07593 -0.575097
    endloop
  endfacet
  facet normal -0.393542 0.830986 -0.393176
    outer loop
      vertex 5.58335 1.06599 -0.549422
      vertex 5.62999 1.07593 -0.575097
      vertex 5.58335 1.0583 -0.565675
    endloop
  endfacet
  facet normal -0.918968 0.356469 -0.168604
    outer loop
      vertex 5.75 1.38582 -0.574024
      vertex 5.75 1.32288 -0.707094
      vertex 5.62999 1.12712 -0.466868
    endloop
  endfacet
  facet normal -0.918968 0.35647 -0.168603
    outer loop
      vertex 5.62999 1.12712 -0.466868
      vertex 5.75 1.32288 -0.707094
      vertex 5.62999 1.07593 -0.575097
    endloop
  endfacet
  facet normal 0 0.903973 -0.427589
    outer loop
      vertex 7.34999 2.1166 -1.13135
      vertex 5.75 2.21731 -0.918437
      vertex 7.34999 2.21731 -0.918437
    endloop
  endfacet
  facet normal 0 0.903973 -0.427589
    outer loop
      vertex 5.75 2.21731 -0.918437
      vertex 7.34999 2.1166 -1.13135
      vertex 5.75 2.1166 -1.13135
    endloop
  endfacet
  facet normal -0.353584 0.935403 0
    outer loop
      vertex 5.62999 1.07593 -0.575097
      vertex 5.58335 1.0583 -0.565676
      vertex 5.58335 1.0583 -0.565675
    endloop
  endfacet
  facet normal -0.39353 0.788554 -0.472565
    outer loop
      vertex 5.62999 1.07593 -0.575097
      vertex 5.58335 1.00701 -0.651262
      vertex 5.58335 1.0583 -0.565676
    endloop
  endfacet
  facet normal -0.393418 0.788563 -0.472642
    outer loop
      vertex 5.58335 1.00701 -0.651262
      vertex 5.62999 1.07593 -0.575097
      vertex 5.62999 1.01438 -0.677788
    endloop
  endfacet
  facet normal -0.393471 0.788465 -0.472762
    outer loop
      vertex 5.58335 1.00701 -0.651262
      vertex 5.62999 1.01438 -0.677788
      vertex 5.58335 0.997763 -0.666684
    endloop
  endfacet
  facet normal -0.918968 0.338228 -0.202732
    outer loop
      vertex 5.75 1.32288 -0.707094
      vertex 5.75 1.2472 -0.833355
      vertex 5.62999 1.07593 -0.575097
    endloop
  endfacet
  facet normal -0.918967 0.338233 -0.202727
    outer loop
      vertex 5.62999 1.07593 -0.575097
      vertex 5.75 1.2472 -0.833355
      vertex 5.62999 1.01438 -0.677788
    endloop
  endfacet
  facet normal 0 0.857729 -0.514102
    outer loop
      vertex 7.34999 1.99552 -1.33336
      vertex 5.75 2.1166 -1.13135
      vertex 7.34999 2.1166 -1.13135
    endloop
  endfacet
  facet normal 0 0.857729 -0.514102
    outer loop
      vertex 5.75 2.1166 -1.13135
      vertex 7.34999 1.99552 -1.33336
      vertex 5.75 1.99552 -1.33336
    endloop
  endfacet
  facet normal -0.393469 0.73842 -0.547647
    outer loop
      vertex 5.62999 1.01438 -0.677788
      vertex 5.58335 0.938323 -0.74683
      vertex 5.58335 0.997763 -0.666684
    endloop
  endfacet
  facet normal -0.39348 0.73842 -0.54764
    outer loop
      vertex 5.58335 0.938323 -0.74683
      vertex 5.62999 1.01438 -0.677788
      vertex 5.62999 0.943062 -0.773951
    endloop
  endfacet
  facet normal -0.393494 0.73839 -0.54767
    outer loop
      vertex 5.62999 0.943062 -0.773951
      vertex 5.58335 0.927612 -0.761271
      vertex 5.58335 0.938323 -0.74683
    endloop
  endfacet
  facet normal -0.314456 0.949272 0
    outer loop
      vertex 5.58335 0.927612 -0.761271
      vertex 5.62999 0.943062 -0.773951
      vertex 5.58335 0.927612 -0.761272
    endloop
  endfacet
  facet normal -0.918967 0.316744 -0.234889
    outer loop
      vertex 5.75 1.2472 -0.833355
      vertex 5.75 1.15952 -0.95159
      vertex 5.62999 1.01438 -0.677788
    endloop
  endfacet
  facet normal -0.91897 0.316729 -0.234898
    outer loop
      vertex 5.62999 1.01438 -0.677788
      vertex 5.75 1.15952 -0.95159
      vertex 5.62999 0.943062 -0.773951
    endloop
  endfacet
  facet normal 0 0.803219 -0.595684
    outer loop
      vertex 7.34999 1.85522 -1.52254
      vertex 5.75 1.99552 -1.33336
      vertex 7.34999 1.99552 -1.33336
    endloop
  endfacet
  facet normal 0 0.803219 -0.595684
    outer loop
      vertex 5.75 1.99552 -1.33336
      vertex 7.34999 1.85522 -1.52254
      vertex 5.75 1.85522 -1.52254
    endloop
  endfacet
  facet normal -0.393483 0.681157 -0.617411
    outer loop
      vertex 5.62999 0.943062 -0.773951
      vertex 5.58336 0.860602 -0.835207
      vertex 5.58335 0.927612 -0.761272
    endloop
  endfacet
  facet normal -0.393516 0.681159 -0.617388
    outer loop
      vertex 5.58336 0.860602 -0.835207
      vertex 5.62999 0.943062 -0.773951
      vertex 5.62999 0.862659 -0.862659
    endloop
  endfacet
  facet normal -0.393518 0.681155 -0.617391
    outer loop
      vertex 5.62999 0.862659 -0.862659
      vertex 5.58336 0.848528 -0.848528
      vertex 5.58336 0.860602 -0.835207
    endloop
  endfacet
  facet normal -0.91897 0.292172 -0.264822
    outer loop
      vertex 5.75 1.15952 -0.95159
      vertex 5.75 1.06066 -1.06066
      vertex 5.62999 0.943062 -0.773951
    endloop
  endfacet
  facet normal -0.918969 0.292174 -0.26482
    outer loop
      vertex 5.62999 0.943062 -0.773951
      vertex 5.75 1.06066 -1.06066
      vertex 5.62999 0.862659 -0.862659
    endloop
  endfacet
  facet normal 0 0.740944 -0.671567
    outer loop
      vertex 7.34999 1.69705 -1.69705
      vertex 5.75 1.85522 -1.52254
      vertex 7.34999 1.85522 -1.52254
    endloop
  endfacet
  facet normal 0 0.740944 -0.671567
    outer loop
      vertex 5.75 1.85522 -1.52254
      vertex 7.34999 1.69705 -1.69705
      vertex 5.75 1.69705 -1.69705
    endloop
  endfacet
  facet normal -0.393518 0.617387 -0.681158
    outer loop
      vertex 5.62999 0.773951 -0.943062
      vertex 5.58336 0.848528 -0.848528
      vertex 5.62999 0.862659 -0.862659
    endloop
  endfacet
  facet normal -0.393478 0.617412 -0.681159
    outer loop
      vertex 5.58336 0.848528 -0.848528
      vertex 5.62999 0.773951 -0.943062
      vertex 5.58335 0.774593 -0.915538
    endloop
  endfacet
  facet normal -0.393483 0.617401 -0.681166
    outer loop
      vertex 5.58335 0.774593 -0.915538
      vertex 5.62999 0.773951 -0.943062
      vertex 5.58335 0.761272 -0.927612
    endloop
  endfacet
  facet normal -0.918969 0.264822 -0.292172
    outer loop
      vertex 5.75 1.06066 -1.06066
      vertex 5.75 0.95159 -1.15952
      vertex 5.62999 0.862659 -0.862659
    endloop
  endfacet
  facet normal -0.91897 0.26482 -0.292173
    outer loop
      vertex 5.62999 0.862659 -0.862659
      vertex 5.75 0.95159 -1.15952
      vertex 5.62999 0.773951 -0.943062
    endloop
  endfacet
  facet normal 0 0.671567 -0.740944
    outer loop
      vertex 5.75 1.52254 -1.85522
      vertex 7.34999 1.69705 -1.69705
      vertex 7.34999 1.52254 -1.85522
    endloop
  endfacet
  facet normal 0 0.671567 -0.740944
    outer loop
      vertex 7.34999 1.69705 -1.69705
      vertex 5.75 1.52254 -1.85522
      vertex 5.75 1.69705 -1.69705
    endloop
  endfacet
  facet normal -0.393481 0.547644 -0.738416
    outer loop
      vertex 5.58335 0.761271 -0.927612
      vertex 5.62999 0.677788 -1.01438
      vertex 5.58335 0.681125 -0.987052
    endloop
  endfacet
  facet normal -0.393494 0.547636 -0.738416
    outer loop
      vertex 5.62999 0.677788 -1.01438
      vertex 5.58335 0.761271 -0.927612
      vertex 5.62999 0.773951 -0.943062
    endloop
  endfacet
  facet normal -0.314456 0 -0.949272
    outer loop
      vertex 5.62999 0.773951 -0.943062
      vertex 5.58335 0.761271 -0.927612
      vertex 5.58335 0.761272 -0.927612
    endloop
  endfacet
  facet normal -0.393469 0.547676 -0.738399
    outer loop
      vertex 5.62999 0.677788 -1.01438
      vertex 5.58335 0.666684 -0.997763
      vertex 5.58335 0.681125 -0.987052
    endloop
  endfacet
  facet normal -0.91897 0.234885 -0.316739
    outer loop
      vertex 5.75 0.95159 -1.15952
      vertex 5.75 0.833355 -1.2472
      vertex 5.62999 0.773951 -0.943062
    endloop
  endfacet
  facet normal -0.918967 0.234902 -0.316735
    outer loop
      vertex 5.62999 0.773951 -0.943062
      vertex 5.75 0.833355 -1.2472
      vertex 5.62999 0.677788 -1.01438
    endloop
  endfacet
  facet normal 0 0.595684 -0.803219
    outer loop
      vertex 5.75 1.33336 -1.99552
      vertex 7.34999 1.52254 -1.85522
      vertex 7.34999 1.33336 -1.99552
    endloop
  endfacet
  facet normal 0 0.595684 -0.803219
    outer loop
      vertex 7.34999 1.52254 -1.85522
      vertex 5.75 1.33336 -1.99552
      vertex 5.75 1.52254 -1.85522
    endloop
  endfacet
  facet normal -0.393468 0.472631 -0.788545
    outer loop
      vertex 5.62999 0.575097 -1.07593
      vertex 5.58335 0.666684 -0.997763
      vertex 5.62999 0.677788 -1.01438
    endloop
  endfacet
  facet normal -0.393491 0.472617 -0.788542
    outer loop
      vertex 5.58335 0.666684 -0.997763
      vertex 5.62999 0.575097 -1.07593
      vertex 5.58335 0.581097 -1.04906
    endloop
  endfacet
  facet normal -0.353584 -0 -0.935403
    outer loop
      vertex 5.58335 0.565676 -1.0583
      vertex 5.62999 0.575097 -1.07593
      vertex 5.58335 0.565675 -1.0583
    endloop
  endfacet
  facet normal -0.393531 0.472508 -0.788587
    outer loop
      vertex 5.62999 0.575097 -1.07593
      vertex 5.58335 0.565676 -1.0583
      vertex 5.58335 0.581097 -1.04906
    endloop
  endfacet
  facet normal -0.918967 0.202733 -0.33823
    outer loop
      vertex 5.75 0.833355 -1.2472
      vertex 5.75 0.707094 -1.32288
      vertex 5.62999 0.677788 -1.01438
    endloop
  endfacet
  facet normal -0.918968 0.202726 -0.338231
    outer loop
      vertex 5.62999 0.677788 -1.01438
      vertex 5.75 0.707094 -1.32288
      vertex 5.62999 0.575097 -1.07593
    endloop
  endfacet
  facet normal 0 0.514102 -0.857729
    outer loop
      vertex 5.75 1.13135 -2.1166
      vertex 7.34999 1.33336 -1.99552
      vertex 7.34999 1.13135 -2.1166
    endloop
  endfacet
  facet normal 0 0.514102 -0.857729
    outer loop
      vertex 7.34999 1.33336 -1.99552
      vertex 5.75 1.13135 -2.1166
      vertex 5.75 1.33336 -1.99552
    endloop
  endfacet
  facet normal -0.393425 0.393133 -0.831061
    outer loop
      vertex 5.58335 0.565675 -1.0583
      vertex 5.62999 0.466868 -1.12712
      vertex 5.58335 0.475473 -1.10097
    endloop
  endfacet
  facet normal -0.39354 0.393064 -0.83104
    outer loop
      vertex 5.62999 0.466868 -1.12712
      vertex 5.58335 0.565675 -1.0583
      vertex 5.62999 0.575097 -1.07593
    endloop
  endfacet
  facet normal -0.39356 0.392754 -0.831177
    outer loop
      vertex 5.62999 0.466868 -1.12712
      vertex 5.58335 0.45922 -1.10865
      vertex 5.58335 0.475473 -1.10097
    endloop
  endfacet
  facet normal -0.918968 0.168604 -0.356469
    outer loop
      vertex 5.75 0.707094 -1.32288
      vertex 5.75 0.574024 -1.38582
      vertex 5.62999 0.575097 -1.07593
    endloop
  endfacet
  facet normal -0.918968 0.168602 -0.356469
    outer loop
      vertex 5.62999 0.575097 -1.07593
      vertex 5.75 0.574024 -1.38582
      vertex 5.62999 0.466868 -1.12712
    endloop
  endfacet
  facet normal 0 0.427589 -0.903973
    outer loop
      vertex 5.75 0.918437 -2.21731
      vertex 7.34999 1.13135 -2.1166
      vertex 7.34999 0.918437 -2.21731
    endloop
  endfacet
  facet normal 0 0.427589 -0.903973
    outer loop
      vertex 7.34999 1.13135 -2.1166
      vertex 5.75 0.918437 -2.21731
      vertex 5.75 1.13135 -2.1166
    endloop
  endfacet
  facet normal -0.393444 0.309694 -0.865616
    outer loop
      vertex 5.58335 0.36527 -1.14227
      vertex 5.62999 0.466868 -1.12712
      vertex 5.62999 0.354143 -1.16745
    endloop
  endfacet
  facet normal -0.393558 0.309737 -0.865549
    outer loop
      vertex 5.62999 0.466868 -1.12712
      vertex 5.58335 0.36527 -1.14227
      vertex 5.58335 0.45922 -1.10865
    endloop
  endfacet
  facet normal -0.39339 0.30985 -0.865585
    outer loop
      vertex 5.58335 0.36527 -1.14227
      vertex 5.62999 0.354143 -1.16745
      vertex 5.58335 0.348341 -1.14833
    endloop
  endfacet
  facet normal -0.918968 0.132844 -0.371281
    outer loop
      vertex 5.75 0.574024 -1.38582
      vertex 5.75 0.435427 -1.43541
      vertex 5.62999 0.466868 -1.12712
    endloop
  endfacet
  facet normal -0.91897 0.132834 -0.37128
    outer loop
      vertex 5.62999 0.466868 -1.12712
      vertex 5.75 0.435427 -1.43541
      vertex 5.62999 0.354143 -1.16745
    endloop
  endfacet
  facet normal 0 0.336869 -0.941552
    outer loop
      vertex 5.75 0.696681 -2.29665
      vertex 7.34999 0.918437 -2.21731
      vertex 7.34999 0.696681 -2.29665
    endloop
  endfacet
  facet normal 0 0.336869 -0.941552
    outer loop
      vertex 7.34999 0.918437 -2.21731
      vertex 5.75 0.696681 -2.29665
      vertex 5.75 0.918437 -2.21731
    endloop
  endfacet
  facet normal -0.393469 0.223377 -0.891787
    outer loop
      vertex 5.58335 0.251548 -1.17257
      vertex 5.62999 0.354143 -1.16745
      vertex 5.62999 0.238007 -1.19654
    endloop
  endfacet
  facet normal -0.393389 0.223343 -0.891831
    outer loop
      vertex 5.58335 0.348341 -1.14833
      vertex 5.62999 0.354143 -1.16745
      vertex 5.58335 0.251548 -1.17257
    endloop
  endfacet
  facet normal -0.393442 0.223456 -0.89178
    outer loop
      vertex 5.62999 0.238007 -1.19654
      vertex 5.58335 0.234108 -1.17694
      vertex 5.58335 0.251548 -1.17257
    endloop
  endfacet
  facet normal -0.91897 0.09582 -0.382508
    outer loop
      vertex 5.75 0.435427 -1.43541
      vertex 5.75 0.292635 -1.47118
      vertex 5.62999 0.354143 -1.16745
    endloop
  endfacet
  facet normal -0.918971 0.0958112 -0.382507
    outer loop
      vertex 5.62999 0.354143 -1.16745
      vertex 5.75 0.292635 -1.47118
      vertex 5.62999 0.238007 -1.19654
    endloop
  endfacet
  facet normal 0 0.242989 -0.970029
    outer loop
      vertex 5.75 0.468215 -2.35388
      vertex 7.34999 0.696681 -2.29665
      vertex 7.34999 0.468215 -2.35388
    endloop
  endfacet
  facet normal 0 0.242989 -0.970029
    outer loop
      vertex 7.34999 0.696681 -2.29665
      vertex 5.75 0.468215 -2.35388
      vertex 5.75 0.696681 -2.29665
    endloop
  endfacet
  facet normal -0.393502 0.134914 -0.90937
    outer loop
      vertex 5.58335 0.135405 -1.19158
      vertex 5.62999 0.238007 -1.19654
      vertex 5.62999 0.119579 -1.21411
    endloop
  endfacet
  facet normal -0.393443 0.134886 -0.9094
    outer loop
      vertex 5.62999 0.238007 -1.19654
      vertex 5.58335 0.135405 -1.19158
      vertex 5.58335 0.234108 -1.17694
    endloop
  endfacet
  facet normal -0.393478 0.134987 -0.90937
    outer loop
      vertex 5.62999 0.119579 -1.21411
      vertex 5.58335 0.11762 -1.19422
      vertex 5.58335 0.135405 -1.19158
    endloop
  endfacet
  facet normal -0.918971 0.0578614 -0.390056
    outer loop
      vertex 5.75 0.292635 -1.47118
      vertex 5.75 0.147025 -1.49278
      vertex 5.62999 0.238007 -1.19654
    endloop
  endfacet
  facet normal -0.91897 0.057869 -0.390058
    outer loop
      vertex 5.62999 0.238007 -1.19654
      vertex 5.75 0.147025 -1.49278
      vertex 5.62999 0.119579 -1.21411
    endloop
  endfacet
  facet normal 0 0.146736 -0.989176
    outer loop
      vertex 5.75 0.23524 -2.38844
      vertex 7.34999 0.468215 -2.35388
      vertex 7.34999 0.23524 -2.38844
    endloop
  endfacet
  facet normal 0 0.146736 -0.989176
    outer loop
      vertex 7.34999 0.468215 -2.35388
      vertex 5.75 0.23524 -2.38844
      vertex 5.75 0.468215 -2.35388
    endloop
  endfacet
  facet normal -0.393491 0.0451511 -0.918219
    outer loop
      vertex 5.58335 0.0179578 -1.19912
      vertex 5.62999 0.119579 -1.21411
      vertex 5.62999 0 -1.21999
    endloop
  endfacet
  facet normal -0.39348 0.0451455 -0.918224
    outer loop
      vertex 5.62999 0.119579 -1.21411
      vertex 5.58335 0.0179578 -1.19912
      vertex 5.58335 0.11762 -1.19422
    endloop
  endfacet
  facet normal -0.393544 0.0449955 -0.918204
    outer loop
      vertex 5.58335 0.0179578 -1.19912
      vertex 5.62999 0 -1.21999
      vertex 5.58335 0 -1.2
    endloop
  endfacet
  facet normal -0.91897 0.019341 -0.393852
    outer loop
      vertex 5.75 0.147025 -1.49278
      vertex 5.75 0 -1.5
      vertex 5.62999 0.119579 -1.21411
    endloop
  endfacet
  facet normal -0.918966 0.0193671 -0.393861
    outer loop
      vertex 5.62999 0.119579 -1.21411
      vertex 5.75 0 -1.5
      vertex 5.62999 0 -1.21999
    endloop
  endfacet
  facet normal 0 0.0490397 -0.998797
    outer loop
      vertex 5.75 0 -2.39999
      vertex 7.34999 0.23524 -2.38844
      vertex 7.34999 0 -2.39999
    endloop
  endfacet
  facet normal 0 0.0490397 -0.998797
    outer loop
      vertex 7.34999 0.23524 -2.38844
      vertex 5.75 0 -2.39999
      vertex 5.75 0.23524 -2.38844
    endloop
  endfacet
  facet normal -0.39353 -0.0451503 -0.918202
    outer loop
      vertex 5.58335 -0.0996625 -1.1951
      vertex 5.62999 0 -1.21999
      vertex 5.62999 -0.119579 -1.21411
    endloop
  endfacet
  facet normal -0.393541 -0.0451441 -0.918198
    outer loop
      vertex 5.62999 0 -1.21999
      vertex 5.58335 -0.0996625 -1.1951
      vertex 5.58335 0 -1.2
    endloop
  endfacet
  facet normal -0.393478 -0.0449976 -0.918232
    outer loop
      vertex 5.62999 -0.119579 -1.21411
      vertex 5.58335 -0.11762 -1.19422
      vertex 5.58335 -0.0996625 -1.1951
    endloop
  endfacet
  facet normal -0.918966 -0.0193415 -0.393861
    outer loop
      vertex 5.75 0 -1.5
      vertex 5.75 -0.147025 -1.49278
      vertex 5.62999 0 -1.21999
    endloop
  endfacet
  facet normal -0.918971 -0.0193666 -0.39385
    outer loop
      vertex 5.62999 0 -1.21999
      vertex 5.75 -0.147025 -1.49278
      vertex 5.62999 -0.119579 -1.21411
    endloop
  endfacet
  facet normal 0 -0.0490397 -0.998797
    outer loop
      vertex 5.75 -0.23524 -2.38844
      vertex 7.34999 0 -2.39999
      vertex 7.34999 -0.23524 -2.38844
    endloop
  endfacet
  facet normal -0 -0.0490397 -0.998797
    outer loop
      vertex 7.34999 0 -2.39999
      vertex 5.75 -0.23524 -2.38844
      vertex 5.75 0 -2.39999
    endloop
  endfacet
  facet normal -0.39342 -0.134919 -0.909405
    outer loop
      vertex 5.58335 -0.216323 -1.17958
      vertex 5.62999 -0.119579 -1.21411
      vertex 5.62999 -0.238007 -1.19654
    endloop
  endfacet
  facet normal -0.39348 -0.134883 -0.909385
    outer loop
      vertex 5.58335 -0.11762 -1.19422
      vertex 5.62999 -0.119579 -1.21411
      vertex 5.58335 -0.216323 -1.17958
    endloop
  endfacet
  facet normal -0.393444 -0.134989 -0.909384
    outer loop
      vertex 5.58335 -0.216323 -1.17958
      vertex 5.62999 -0.238007 -1.19654
      vertex 5.58335 -0.234108 -1.17694
    endloop
  endfacet
  facet normal -0.91897 -0.0578618 -0.390058
    outer loop
      vertex 5.75 -0.147025 -1.49278
      vertex 5.75 -0.292635 -1.47118
      vertex 5.62999 -0.119579 -1.21411
    endloop
  endfacet
  facet normal -0.918972 -0.0578685 -0.390054
    outer loop
      vertex 5.62999 -0.119579 -1.21411
      vertex 5.75 -0.292635 -1.47118
      vertex 5.62999 -0.238007 -1.19654
    endloop
  endfacet
  facet normal 0 -0.146736 -0.989176
    outer loop
      vertex 5.75 -0.468215 -2.35388
      vertex 7.34999 -0.23524 -2.38844
      vertex 7.34999 -0.468215 -2.35388
    endloop
  endfacet
  facet normal -0 -0.146736 -0.989176
    outer loop
      vertex 7.34999 -0.23524 -2.38844
      vertex 5.75 -0.468215 -2.35388
      vertex 5.75 -0.23524 -2.38844
    endloop
  endfacet
  facet normal -0.393368 -0.223387 -0.891829
    outer loop
      vertex 5.58335 -0.3309 -1.1527
      vertex 5.62999 -0.238007 -1.19654
      vertex 5.62999 -0.354143 -1.16745
    endloop
  endfacet
  facet normal -0.393444 -0.223339 -0.891808
    outer loop
      vertex 5.62999 -0.238007 -1.19654
      vertex 5.58335 -0.3309 -1.1527
      vertex 5.58335 -0.234108 -1.17694
    endloop
  endfacet
  facet normal -0.393391 -0.223449 -0.891804
    outer loop
      vertex 5.62999 -0.354143 -1.16745
      vertex 5.58335 -0.348341 -1.14833
      vertex 5.58335 -0.3309 -1.1527
    endloop
  endfacet
  facet normal -0.918971 -0.0958193 -0.382506
    outer loop
      vertex 5.75 -0.292635 -1.47118
      vertex 5.75 -0.435427 -1.43541
      vertex 5.62999 -0.238007 -1.19654
    endloop
  endfacet
  facet normal -0.91897 -0.0958121 -0.382511
    outer loop
      vertex 5.62999 -0.238007 -1.19654
      vertex 5.75 -0.435427 -1.43541
      vertex 5.62999 -0.354143 -1.16745
    endloop
  endfacet
  facet normal 0 -0.242989 -0.970029
    outer loop
      vertex 5.75 -0.696681 -2.29665
      vertex 7.34999 -0.468215 -2.35388
      vertex 7.34999 -0.696681 -2.29665
    endloop
  endfacet
  facet normal -0 -0.242989 -0.970029
    outer loop
      vertex 7.34999 -0.468215 -2.35388
      vertex 5.75 -0.696681 -2.29665
      vertex 5.75 -0.468215 -2.35388
    endloop
  endfacet
  facet normal -0.393506 -0.309685 -0.865591
    outer loop
      vertex 5.58335 -0.442291 -1.11471
      vertex 5.62999 -0.354143 -1.16745
      vertex 5.62999 -0.466868 -1.12712
    endloop
  endfacet
  facet normal -0.393392 -0.309761 -0.865616
    outer loop
      vertex 5.62999 -0.354143 -1.16745
      vertex 5.58335 -0.442291 -1.11471
      vertex 5.58335 -0.348341 -1.14833
    endloop
  endfacet
  facet normal -0.39356 -0.309825 -0.865517
    outer loop
      vertex 5.62999 -0.466868 -1.12712
      vertex 5.58335 -0.45922 -1.10865
      vertex 5.58335 -0.442291 -1.11471
    endloop
  endfacet
  facet normal -0.91897 -0.132843 -0.371278
    outer loop
      vertex 5.75 -0.435427 -1.43541
      vertex 5.75 -0.574024 -1.38582
      vertex 5.62999 -0.354143 -1.16745
    endloop
  endfacet
  facet normal -0.918968 -0.132836 -0.371284
    outer loop
      vertex 5.62999 -0.354143 -1.16745
      vertex 5.75 -0.574024 -1.38582
      vertex 5.62999 -0.466868 -1.12712
    endloop
  endfacet
  facet normal 0 -0.336869 -0.941552
    outer loop
      vertex 5.75 -0.918437 -2.21731
      vertex 7.34999 -0.696681 -2.29665
      vertex 7.34999 -0.918437 -2.21731
    endloop
  endfacet
  facet normal -0 -0.336869 -0.941552
    outer loop
      vertex 7.34999 -0.696681 -2.29665
      vertex 5.75 -0.918437 -2.21731
      vertex 5.75 -0.696681 -2.29665
    endloop
  endfacet
  facet normal -0.393499 -0.393071 -0.831055
    outer loop
      vertex 5.58335 -0.549422 -1.06599
      vertex 5.62999 -0.466868 -1.12712
      vertex 5.62999 -0.575097 -1.07593
    endloop
  endfacet
  facet normal -0.393554 -0.393034 -0.831047
    outer loop
      vertex 5.62999 -0.466868 -1.12712
      vertex 5.58335 -0.549422 -1.06599
      vertex 5.58335 -0.45922 -1.10865
    endloop
  endfacet
  facet normal -0.393542 -0.393176 -0.830986
    outer loop
      vertex 5.58335 -0.549422 -1.06599
      vertex 5.62999 -0.575097 -1.07593
      vertex 5.58335 -0.565675 -1.0583
    endloop
  endfacet
  facet normal -0.918968 -0.168604 -0.356469
    outer loop
      vertex 5.75 -0.574024 -1.38582
      vertex 5.75 -0.707094 -1.32288
      vertex 5.62999 -0.466868 -1.12712
    endloop
  endfacet
  facet normal -0.918968 -0.168603 -0.35647
    outer loop
      vertex 5.62999 -0.466868 -1.12712
      vertex 5.75 -0.707094 -1.32288
      vertex 5.62999 -0.575097 -1.07593
    endloop
  endfacet
  facet normal 0 -0.427589 -0.903973
    outer loop
      vertex 5.75 -1.13135 -2.1166
      vertex 7.34999 -0.918437 -2.21731
      vertex 7.34999 -1.13135 -2.1166
    endloop
  endfacet
  facet normal -0 -0.427589 -0.903973
    outer loop
      vertex 7.34999 -0.918437 -2.21731
      vertex 5.75 -1.13135 -2.1166
      vertex 5.75 -0.918437 -2.21731
    endloop
  endfacet
  facet normal -0.393418 -0.472642 -0.788563
    outer loop
      vertex 5.58335 -0.651262 -1.00701
      vertex 5.62999 -0.575097 -1.07593
      vertex 5.62999 -0.677788 -1.01438
    endloop
  endfacet
  facet normal -0.39353 -0.472565 -0.788554
    outer loop
      vertex 5.58335 -0.565676 -1.0583
      vertex 5.62999 -0.575097 -1.07593
      vertex 5.58335 -0.651262 -1.00701
    endloop
  endfacet
  facet normal -0.353584 0 -0.935403
    outer loop
      vertex 5.62999 -0.575097 -1.07593
      vertex 5.58335 -0.565676 -1.0583
      vertex 5.58335 -0.565675 -1.0583
    endloop
  endfacet
  facet normal -0.393471 -0.472762 -0.788465
    outer loop
      vertex 5.58335 -0.651262 -1.00701
      vertex 5.62999 -0.677788 -1.01438
      vertex 5.58335 -0.666684 -0.997763
    endloop
  endfacet
  facet normal -0.918968 -0.202732 -0.338228
    outer loop
      vertex 5.75 -0.707094 -1.32288
      vertex 5.75 -0.833355 -1.2472
      vertex 5.62999 -0.575097 -1.07593
    endloop
  endfacet
  facet normal -0.918967 -0.202727 -0.338233
    outer loop
      vertex 5.62999 -0.575097 -1.07593
      vertex 5.75 -0.833355 -1.2472
      vertex 5.62999 -0.677788 -1.01438
    endloop
  endfacet
  facet normal 0 -0.514102 -0.857729
    outer loop
      vertex 5.75 -1.33336 -1.99552
      vertex 7.34999 -1.13135 -2.1166
      vertex 7.34999 -1.33336 -1.99552
    endloop
  endfacet
  facet normal -0 -0.514102 -0.857729
    outer loop
      vertex 7.34999 -1.13135 -2.1166
      vertex 5.75 -1.33336 -1.99552
      vertex 5.75 -1.13135 -2.1166
    endloop
  endfacet
  facet normal -0.39348 -0.54764 -0.73842
    outer loop
      vertex 5.58335 -0.74683 -0.938323
      vertex 5.62999 -0.677788 -1.01438
      vertex 5.62999 -0.773951 -0.943062
    endloop
  endfacet
  facet normal -0.393469 -0.547647 -0.73842
    outer loop
      vertex 5.58335 -0.666684 -0.997763
      vertex 5.62999 -0.677788 -1.01438
      vertex 5.58335 -0.74683 -0.938323
    endloop
  endfacet
  facet normal -0.314456 -0 -0.949272
    outer loop
      vertex 5.58335 -0.761271 -0.927612
      vertex 5.62999 -0.773951 -0.943062
      vertex 5.58335 -0.761272 -0.927612
    endloop
  endfacet
  facet normal -0.393494 -0.54767 -0.73839
    outer loop
      vertex 5.62999 -0.773951 -0.943062
      vertex 5.58335 -0.761271 -0.927612
      vertex 5.58335 -0.74683 -0.938323
    endloop
  endfacet
  facet normal -0.918967 -0.234889 -0.316744
    outer loop
      vertex 5.75 -0.833355 -1.2472
      vertex 5.75 -0.95159 -1.15952
      vertex 5.62999 -0.677788 -1.01438
    endloop
  endfacet
  facet normal -0.91897 -0.234898 -0.316729
    outer loop
      vertex 5.62999 -0.677788 -1.01438
      vertex 5.75 -0.95159 -1.15952
      vertex 5.62999 -0.773951 -0.943062
    endloop
  endfacet
  facet normal 0 -0.595684 -0.803219
    outer loop
      vertex 5.75 -1.52254 -1.85522
      vertex 7.34999 -1.33336 -1.99552
      vertex 7.34999 -1.52254 -1.85522
    endloop
  endfacet
  facet normal -0 -0.595684 -0.803219
    outer loop
      vertex 7.34999 -1.33336 -1.99552
      vertex 5.75 -1.52254 -1.85522
      vertex 5.75 -1.33336 -1.99552
    endloop
  endfacet
  facet normal -0.393516 -0.617388 -0.681159
    outer loop
      vertex 5.58336 -0.835207 -0.860602
      vertex 5.62999 -0.773951 -0.943062
      vertex 5.62999 -0.862659 -0.862659
    endloop
  endfacet
  facet normal -0.393483 -0.617411 -0.681157
    outer loop
      vertex 5.62999 -0.773951 -0.943062
      vertex 5.58336 -0.835207 -0.860602
      vertex 5.58335 -0.761272 -0.927612
    endloop
  endfacet
  facet normal -0.393518 -0.617391 -0.681155
    outer loop
      vertex 5.62999 -0.862659 -0.862659
      vertex 5.58336 -0.848528 -0.848528
      vertex 5.58336 -0.835207 -0.860602
    endloop
  endfacet
  facet normal -0.91897 -0.264822 -0.292172
    outer loop
      vertex 5.75 -0.95159 -1.15952
      vertex 5.75 -1.06066 -1.06066
      vertex 5.62999 -0.773951 -0.943062
    endloop
  endfacet
  facet normal -0.918969 -0.26482 -0.292174
    outer loop
      vertex 5.62999 -0.773951 -0.943062
      vertex 5.75 -1.06066 -1.06066
      vertex 5.62999 -0.862659 -0.862659
    endloop
  endfacet
  facet normal 0 -0.671567 -0.740944
    outer loop
      vertex 5.75 -1.69705 -1.69705
      vertex 7.34999 -1.52254 -1.85522
      vertex 7.34999 -1.69705 -1.69705
    endloop
  endfacet
  facet normal -0 -0.671567 -0.740944
    outer loop
      vertex 7.34999 -1.52254 -1.85522
      vertex 5.75 -1.69705 -1.69705
      vertex 5.75 -1.52254 -1.85522
    endloop
  endfacet
  facet normal -0.393478 -0.681159 -0.617412
    outer loop
      vertex 5.58336 -0.848528 -0.848528
      vertex 5.62999 -0.943062 -0.773951
      vertex 5.58335 -0.915538 -0.774593
    endloop
  endfacet
  facet normal -0.393518 -0.681158 -0.617387
    outer loop
      vertex 5.62999 -0.943062 -0.773951
      vertex 5.58336 -0.848528 -0.848528
      vertex 5.62999 -0.862659 -0.862659
    endloop
  endfacet
  facet normal -0.393483 -0.681166 -0.617401
    outer loop
      vertex 5.58335 -0.915538 -0.774593
      vertex 5.62999 -0.943062 -0.773951
      vertex 5.58335 -0.927612 -0.761272
    endloop
  endfacet
  facet normal -0.918969 -0.292172 -0.264822
    outer loop
      vertex 5.75 -1.06066 -1.06066
      vertex 5.75 -1.15952 -0.95159
      vertex 5.62999 -0.862659 -0.862659
    endloop
  endfacet
  facet normal -0.91897 -0.292173 -0.26482
    outer loop
      vertex 5.62999 -0.862659 -0.862659
      vertex 5.75 -1.15952 -0.95159
      vertex 5.62999 -0.943062 -0.773951
    endloop
  endfacet
  facet normal 0 -0.740944 -0.671567
    outer loop
      vertex 5.75 -1.69705 -1.69705
      vertex 7.34999 -1.85522 -1.52254
      vertex 5.75 -1.85522 -1.52254
    endloop
  endfacet
  facet normal 0 -0.740944 -0.671567
    outer loop
      vertex 7.34999 -1.85522 -1.52254
      vertex 5.75 -1.69705 -1.69705
      vertex 7.34999 -1.69705 -1.69705
    endloop
  endfacet
  facet normal -0.393481 -0.738416 -0.547644
    outer loop
      vertex 5.58335 -0.927612 -0.761271
      vertex 5.62999 -1.01438 -0.677788
      vertex 5.58335 -0.987052 -0.681125
    endloop
  endfacet
  facet normal -0.314456 -0.949272 0
    outer loop
      vertex 5.62999 -0.943062 -0.773951
      vertex 5.58335 -0.927612 -0.761271
      vertex 5.58335 -0.927612 -0.761272
    endloop
  endfacet
  facet normal -0.393494 -0.738416 -0.547636
    outer loop
      vertex 5.58335 -0.927612 -0.761271
      vertex 5.62999 -0.943062 -0.773951
      vertex 5.62999 -1.01438 -0.677788
    endloop
  endfacet
  facet normal -0.393469 -0.738399 -0.547676
    outer loop
      vertex 5.62999 -1.01438 -0.677788
      vertex 5.58335 -0.997763 -0.666684
      vertex 5.58335 -0.987052 -0.681125
    endloop
  endfacet
  facet normal -0.91897 -0.316739 -0.234885
    outer loop
      vertex 5.75 -1.15952 -0.95159
      vertex 5.75 -1.2472 -0.833355
      vertex 5.62999 -0.943062 -0.773951
    endloop
  endfacet
  facet normal -0.918967 -0.316735 -0.234902
    outer loop
      vertex 5.62999 -0.943062 -0.773951
      vertex 5.75 -1.2472 -0.833355
      vertex 5.62999 -1.01438 -0.677788
    endloop
  endfacet
  facet normal 0 -0.803219 -0.595684
    outer loop
      vertex 5.75 -1.85522 -1.52254
      vertex 7.34999 -1.99552 -1.33336
      vertex 5.75 -1.99552 -1.33336
    endloop
  endfacet
  facet normal 0 -0.803219 -0.595684
    outer loop
      vertex 7.34999 -1.99552 -1.33336
      vertex 5.75 -1.85522 -1.52254
      vertex 7.34999 -1.85522 -1.52254
    endloop
  endfacet
  facet normal -0.393491 -0.788542 -0.472617
    outer loop
      vertex 5.58335 -0.997763 -0.666684
      vertex 5.62999 -1.07593 -0.575097
      vertex 5.58335 -1.04906 -0.581097
    endloop
  endfacet
  facet normal -0.393468 -0.788545 -0.472631
    outer loop
      vertex 5.62999 -1.07593 -0.575097
      vertex 5.58335 -0.997763 -0.666684
      vertex 5.62999 -1.01438 -0.677788
    endloop
  endfacet
  facet normal -0.353584 -0.935403 0
    outer loop
      vertex 5.58335 -1.0583 -0.565676
      vertex 5.62999 -1.07593 -0.575097
      vertex 5.58335 -1.0583 -0.565675
    endloop
  endfacet
  facet normal -0.393531 -0.788587 -0.472508
    outer loop
      vertex 5.62999 -1.07593 -0.575097
      vertex 5.58335 -1.0583 -0.565676
      vertex 5.58335 -1.04906 -0.581097
    endloop
  endfacet
  facet normal -0.918967 -0.33823 -0.202733
    outer loop
      vertex 5.75 -1.2472 -0.833355
      vertex 5.75 -1.32288 -0.707094
      vertex 5.62999 -1.01438 -0.677788
    endloop
  endfacet
  facet normal -0.918968 -0.338231 -0.202726
    outer loop
      vertex 5.62999 -1.01438 -0.677788
      vertex 5.75 -1.32288 -0.707094
      vertex 5.62999 -1.07593 -0.575097
    endloop
  endfacet
  facet normal 0 -0.857729 -0.514102
    outer loop
      vertex 5.75 -1.99552 -1.33336
      vertex 7.34999 -2.1166 -1.13135
      vertex 5.75 -2.1166 -1.13135
    endloop
  endfacet
  facet normal 0 -0.857729 -0.514102
    outer loop
      vertex 7.34999 -2.1166 -1.13135
      vertex 5.75 -1.99552 -1.33336
      vertex 7.34999 -1.99552 -1.33336
    endloop
  endfacet
  facet normal -0.393425 -0.831061 -0.393133
    outer loop
      vertex 5.58335 -1.0583 -0.565675
      vertex 5.62999 -1.12712 -0.466868
      vertex 5.58335 -1.10097 -0.475473
    endloop
  endfacet
  facet normal -0.39354 -0.83104 -0.393064
    outer loop
      vertex 5.62999 -1.12712 -0.466868
      vertex 5.58335 -1.0583 -0.565675
      vertex 5.62999 -1.07593 -0.575097
    endloop
  endfacet
  facet normal -0.39356 -0.831177 -0.392754
    outer loop
      vertex 5.62999 -1.12712 -0.466868
      vertex 5.58335 -1.10865 -0.45922
      vertex 5.58335 -1.10097 -0.475473
    endloop
  endfacet
  facet normal -0.918968 -0.356469 -0.168604
    outer loop
      vertex 5.75 -1.32288 -0.707094
      vertex 5.75 -1.38582 -0.574024
      vertex 5.62999 -1.07593 -0.575097
    endloop
  endfacet
  facet normal -0.918968 -0.356469 -0.168602
    outer loop
      vertex 5.62999 -1.07593 -0.575097
      vertex 5.75 -1.38582 -0.574024
      vertex 5.62999 -1.12712 -0.466868
    endloop
  endfacet
  facet normal 0 -0.903973 -0.427589
    outer loop
      vertex 5.75 -2.1166 -1.13135
      vertex 7.34999 -2.21731 -0.918437
      vertex 5.75 -2.21731 -0.918437
    endloop
  endfacet
  facet normal 0 -0.903973 -0.427589
    outer loop
      vertex 7.34999 -2.21731 -0.918437
      vertex 5.75 -2.1166 -1.13135
      vertex 7.34999 -2.1166 -1.13135
    endloop
  endfacet
  facet normal -0.393558 -0.865549 -0.309737
    outer loop
      vertex 5.62999 -1.12712 -0.466868
      vertex 5.58335 -1.14227 -0.36527
      vertex 5.58335 -1.10865 -0.45922
    endloop
  endfacet
  facet normal -0.393444 -0.865616 -0.309694
    outer loop
      vertex 5.58335 -1.14227 -0.36527
      vertex 5.62999 -1.12712 -0.466868
      vertex 5.62999 -1.16745 -0.354143
    endloop
  endfacet
  facet normal -0.39339 -0.865585 -0.30985
    outer loop
      vertex 5.58335 -1.14227 -0.36527
      vertex 5.62999 -1.16745 -0.354143
      vertex 5.58335 -1.14833 -0.348341
    endloop
  endfacet
  facet normal -0.918968 -0.371281 -0.132844
    outer loop
      vertex 5.75 -1.38582 -0.574024
      vertex 5.75 -1.43541 -0.435427
      vertex 5.62999 -1.12712 -0.466868
    endloop
  endfacet
  facet normal -0.91897 -0.37128 -0.132834
    outer loop
      vertex 5.62999 -1.12712 -0.466868
      vertex 5.75 -1.43541 -0.435427
      vertex 5.62999 -1.16745 -0.354143
    endloop
  endfacet
  facet normal 0 -0.941552 -0.336869
    outer loop
      vertex 5.75 -2.21731 -0.918437
      vertex 7.34999 -2.29665 -0.696681
      vertex 5.75 -2.29665 -0.696681
    endloop
  endfacet
  facet normal 0 -0.941552 -0.336869
    outer loop
      vertex 7.34999 -2.29665 -0.696681
      vertex 5.75 -2.21731 -0.918437
      vertex 7.34999 -2.21731 -0.918437
    endloop
  endfacet
  facet normal -0.393389 -0.891831 -0.223343
    outer loop
      vertex 5.62999 -1.16745 -0.354143
      vertex 5.58335 -1.17257 -0.251548
      vertex 5.58335 -1.14833 -0.348341
    endloop
  endfacet
  facet normal -0.393469 -0.891787 -0.223377
    outer loop
      vertex 5.58335 -1.17257 -0.251548
      vertex 5.62999 -1.16745 -0.354143
      vertex 5.62999 -1.19654 -0.238007
    endloop
  endfacet
  facet normal -0.393442 -0.89178 -0.223456
    outer loop
      vertex 5.62999 -1.19654 -0.238007
      vertex 5.58335 -1.17694 -0.234108
      vertex 5.58335 -1.17257 -0.251548
    endloop
  endfacet
  facet normal -0.91897 -0.382508 -0.09582
    outer loop
      vertex 5.75 -1.43541 -0.435427
      vertex 5.75 -1.47118 -0.292635
      vertex 5.62999 -1.16745 -0.354143
    endloop
  endfacet
  facet normal -0.918971 -0.382507 -0.0958112
    outer loop
      vertex 5.62999 -1.16745 -0.354143
      vertex 5.75 -1.47118 -0.292635
      vertex 5.62999 -1.19654 -0.238007
    endloop
  endfacet
  facet normal 0 -0.970029 -0.242989
    outer loop
      vertex 5.75 -2.29665 -0.696681
      vertex 7.34999 -2.35388 -0.468215
      vertex 5.75 -2.35388 -0.468215
    endloop
  endfacet
  facet normal 0 -0.970029 -0.242989
    outer loop
      vertex 7.34999 -2.35388 -0.468215
      vertex 5.75 -2.29665 -0.696681
      vertex 7.34999 -2.29665 -0.696681
    endloop
  endfacet
  facet normal -0.393443 -0.9094 -0.134886
    outer loop
      vertex 5.62999 -1.19654 -0.238007
      vertex 5.58335 -1.19158 -0.135405
      vertex 5.58335 -1.17694 -0.234108
    endloop
  endfacet
  facet normal -0.393502 -0.90937 -0.134914
    outer loop
      vertex 5.58335 -1.19158 -0.135405
      vertex 5.62999 -1.19654 -0.238007
      vertex 5.62999 -1.21411 -0.119579
    endloop
  endfacet
  facet normal -0.393478 -0.90937 -0.134987
    outer loop
      vertex 5.62999 -1.21411 -0.119579
      vertex 5.58335 -1.19422 -0.11762
      vertex 5.58335 -1.19158 -0.135405
    endloop
  endfacet
  facet normal -0.918971 -0.390056 -0.0578614
    outer loop
      vertex 5.75 -1.47118 -0.292635
      vertex 5.75 -1.49278 -0.147025
      vertex 5.62999 -1.19654 -0.238007
    endloop
  endfacet
  facet normal -0.91897 -0.390058 -0.057869
    outer loop
      vertex 5.62999 -1.19654 -0.238007
      vertex 5.75 -1.49278 -0.147025
      vertex 5.62999 -1.21411 -0.119579
    endloop
  endfacet
  facet normal 0 -0.989176 -0.146736
    outer loop
      vertex 5.75 -2.35388 -0.468215
      vertex 7.34999 -2.38844 -0.23524
      vertex 5.75 -2.38844 -0.23524
    endloop
  endfacet
  facet normal 0 -0.989176 -0.146736
    outer loop
      vertex 7.34999 -2.38844 -0.23524
      vertex 5.75 -2.35388 -0.468215
      vertex 7.34999 -2.35388 -0.468215
    endloop
  endfacet
  facet normal -0.39348 -0.918224 -0.0451455
    outer loop
      vertex 5.62999 -1.21411 -0.119579
      vertex 5.58335 -1.19912 -0.0179578
      vertex 5.58335 -1.19422 -0.11762
    endloop
  endfacet
  facet normal -0.393491 -0.918219 -0.0451511
    outer loop
      vertex 5.58335 -1.19912 -0.0179578
      vertex 5.62999 -1.21411 -0.119579
      vertex 5.62999 -1.21999 0
    endloop
  endfacet
  facet normal -0.393544 -0.918204 -0.0449955
    outer loop
      vertex 5.58335 -1.19912 -0.0179578
      vertex 5.62999 -1.21999 0
      vertex 5.58335 -1.2 0
    endloop
  endfacet
  facet normal -0.91897 -0.393852 -0.019341
    outer loop
      vertex 5.75 -1.49278 -0.147025
      vertex 5.75 -1.5 0
      vertex 5.62999 -1.21411 -0.119579
    endloop
  endfacet
  facet normal -0.918966 -0.393861 -0.0193671
    outer loop
      vertex 5.62999 -1.21411 -0.119579
      vertex 5.75 -1.5 0
      vertex 5.62999 -1.21999 0
    endloop
  endfacet
  facet normal 0 -0.998797 -0.0490397
    outer loop
      vertex 5.75 -2.38844 -0.23524
      vertex 7.34999 -2.39999 0
      vertex 5.75 -2.39999 0
    endloop
  endfacet
  facet normal 0 -0.998797 -0.0490397
    outer loop
      vertex 7.34999 -2.39999 0
      vertex 5.75 -2.38844 -0.23524
      vertex 7.34999 -2.38844 -0.23524
    endloop
  endfacet
  facet normal 1 0 0
    outer loop
      vertex 7.34999 2.38844 0.23524
      vertex 7.34999 2.38844 -0.23524
      vertex 7.34999 2.39999 0
    endloop
  endfacet
  facet normal 1 0 0
    outer loop
      vertex 7.34999 2.35388 0.468215
      vertex 7.34999 2.38844 -0.23524
      vertex 7.34999 2.38844 0.23524
    endloop
  endfacet
  facet normal 1 0 0
    outer loop
      vertex 7.34999 2.35388 0.468215
      vertex 7.34999 2.35388 -0.468215
      vertex 7.34999 2.38844 -0.23524
    endloop
  endfacet
  facet normal 1 0 0
    outer loop
      vertex 7.34999 2.29665 0.696681
      vertex 7.34999 2.35388 -0.468215
      vertex 7.34999 2.35388 0.468215
    endloop
  endfacet
  facet normal 1 0 0
    outer loop
      vertex 7.34999 2.29665 0.696681
      vertex 7.34999 2.29665 -0.696681
      vertex 7.34999 2.35388 -0.468215
    endloop
  endfacet
  facet normal 1 0 0
    outer loop
      vertex 7.34999 2.21731 0.918437
      vertex 7.34999 2.29665 -0.696681
      vertex 7.34999 2.29665 0.696681
    endloop
  endfacet
  facet normal 1 0 0
    outer loop
      vertex 7.34999 2.21731 0.918437
      vertex 7.34999 2.21731 -0.918437
      vertex 7.34999 2.29665 -0.696681
    endloop
  endfacet
  facet normal 1 0 0
    outer loop
      vertex 7.34999 2.1166 1.13135
      vertex 7.34999 2.21731 -0.918437
      vertex 7.34999 2.21731 0.918437
    endloop
  endfacet
  facet normal 1 0 0
    outer loop
      vertex 7.34999 2.1166 1.13135
      vertex 7.34999 2.1166 -1.13135
      vertex 7.34999 2.21731 -0.918437
    endloop
  endfacet
  facet normal 1 0 0
    outer loop
      vertex 7.34999 1.99552 1.33336
      vertex 7.34999 2.1166 -1.13135
      vertex 7.34999 2.1166 1.13135
    endloop
  endfacet
  facet normal 1 0 0
    outer loop
      vertex 7.34999 1.99552 1.33336
      vertex 7.34999 1.99552 -1.33336
      vertex 7.34999 2.1166 -1.13135
    endloop
  endfacet
  facet normal 1 0 0
    outer loop
      vertex 7.34999 1.85522 1.52254
      vertex 7.34999 1.99552 -1.33336
      vertex 7.34999 1.99552 1.33336
    endloop
  endfacet
  facet normal 1 0 0
    outer loop
      vertex 7.34999 1.85522 1.52254
      vertex 7.34999 1.85522 -1.52254
      vertex 7.34999 1.99552 -1.33336
    endloop
  endfacet
  facet normal 1 0 0
    outer loop
      vertex 7.34999 1.69705 1.69705
      vertex 7.34999 1.85522 -1.52254
      vertex 7.34999 1.85522 1.52254
    endloop
  endfacet
  facet normal 1 0 0
    outer loop
      vertex 7.34999 1.69705 1.69705
      vertex 7.34999 1.69705 -1.69705
      vertex 7.34999 1.85522 -1.52254
    endloop
  endfacet
  facet normal 1 0 0
    outer loop
      vertex 7.34999 1.52254 1.85522
      vertex 7.34999 1.69705 -1.69705
      vertex 7.34999 1.69705 1.69705
    endloop
  endfacet
  facet normal 1 0 0
    outer loop
      vertex 7.34999 1.52254 1.85522
      vertex 7.34999 1.52254 -1.85522
      vertex 7.34999 1.69705 -1.69705
    endloop
  endfacet
  facet normal 1 0 0
    outer loop
      vertex 7.34999 1.33336 1.99552
      vertex 7.34999 1.52254 -1.85522
      vertex 7.34999 1.52254 1.85522
    endloop
  endfacet
  facet normal 1 0 0
    outer loop
      vertex 7.34999 1.33336 1.99552
      vertex 7.34999 1.33336 -1.99552
      vertex 7.34999 1.52254 -1.85522
    endloop
  endfacet
  facet normal 1 0 0
    outer loop
      vertex 7.34999 1.13135 2.1166
      vertex 7.34999 1.33336 -1.99552
      vertex 7.34999 1.33336 1.99552
    endloop
  endfacet
  facet normal 1 0 0
    outer loop
      vertex 7.34999 1.13135 2.1166
      vertex 7.34999 1.13135 -2.1166
      vertex 7.34999 1.33336 -1.99552
    endloop
  endfacet
  facet normal 1 0 0
    outer loop
      vertex 7.34999 0.918437 2.21731
      vertex 7.34999 1.13135 -2.1166
      vertex 7.34999 1.13135 2.1166
    endloop
  endfacet
  facet normal 1 0 0
    outer loop
      vertex 7.34999 0.918437 2.21731
      vertex 7.34999 0.918437 -2.21731
      vertex 7.34999 1.13135 -2.1166
    endloop
  endfacet
  facet normal 1 0 0
    outer loop
      vertex 7.34999 0.696681 2.29665
      vertex 7.34999 0.918437 -2.21731
      vertex 7.34999 0.918437 2.21731
    endloop
  endfacet
  facet normal 1 0 0
    outer loop
      vertex 7.34999 0.696681 2.29665
      vertex 7.34999 0.696681 -2.29665
      vertex 7.34999 0.918437 -2.21731
    endloop
  endfacet
  facet normal 1 0 0
    outer loop
      vertex 7.34999 0.468215 2.35388
      vertex 7.34999 0.696681 -2.29665
      vertex 7.34999 0.696681 2.29665
    endloop
  endfacet
  facet normal 1 0 0
    outer loop
      vertex 7.34999 0.468215 2.35388
      vertex 7.34999 0.468215 -2.35388
      vertex 7.34999 0.696681 -2.29665
    endloop
  endfacet
  facet normal 1 0 0
    outer loop
      vertex 7.34999 0.23524 2.38844
      vertex 7.34999 0.468215 -2.35388
      vertex 7.34999 0.468215 2.35388
    endloop
  endfacet
  facet normal 1 0 0
    outer loop
      vertex 7.34999 0.23524 2.38844
      vertex 7.34999 0.23524 -2.38844
      vertex 7.34999 0.468215 -2.35388
    endloop
  endfacet
  facet normal 1 0 0
    outer loop
      vertex 7.34999 0 2.39999
      vertex 7.34999 0.23524 -2.38844
      vertex 7.34999 0.23524 2.38844
    endloop
  endfacet
  facet normal 1 0 0
    outer loop
      vertex 7.34999 0 2.39999
      vertex 7.34999 0 -2.39999
      vertex 7.34999 0.23524 -2.38844
    endloop
  endfacet
  facet normal 1 -0 0
    outer loop
      vertex 7.34999 -0.23524 2.38844
      vertex 7.34999 0 -2.39999
      vertex 7.34999 0 2.39999
    endloop
  endfacet
  facet normal 1 0 0
    outer loop
      vertex 7.34999 -0.23524 2.38844
      vertex 7.34999 -0.23524 -2.38844
      vertex 7.34999 0 -2.39999
    endloop
  endfacet
  facet normal 1 -0 0
    outer loop
      vertex 7.34999 -0.468215 2.35388
      vertex 7.34999 -0.23524 -2.38844
      vertex 7.34999 -0.23524 2.38844
    endloop
  endfacet
  facet normal 1 0 0
    outer loop
      vertex 7.34999 -0.468215 2.35388
      vertex 7.34999 -0.468215 -2.35388
      vertex 7.34999 -0.23524 -2.38844
    endloop
  endfacet
  facet normal 1 -0 0
    outer loop
      vertex 7.34999 -0.696681 2.29665
      vertex 7.34999 -0.468215 -2.35388
      vertex 7.34999 -0.468215 2.35388
    endloop
  endfacet
  facet normal 1 0 0
    outer loop
      vertex 7.34999 -0.696681 2.29665
      vertex 7.34999 -0.696681 -2.29665
      vertex 7.34999 -0.468215 -2.35388
    endloop
  endfacet
  facet normal 1 -0 0
    outer loop
      vertex 7.34999 -0.918437 2.21731
      vertex 7.34999 -0.696681 -2.29665
      vertex 7.34999 -0.696681 2.29665
    endloop
  endfacet
  facet normal 1 0 0
    outer loop
      vertex 7.34999 -0.918437 2.21731
      vertex 7.34999 -0.918437 -2.21731
      vertex 7.34999 -0.696681 -2.29665
    endloop
  endfacet
  facet normal 1 -0 0
    outer loop
      vertex 7.34999 -1.13135 2.1166
      vertex 7.34999 -0.918437 -2.21731
      vertex 7.34999 -0.918437 2.21731
    endloop
  endfacet
  facet normal 1 0 0
    outer loop
      vertex 7.34999 -1.13135 2.1166
      vertex 7.34999 -1.13135 -2.1166
      vertex 7.34999 -0.918437 -2.21731
    endloop
  endfacet
  facet normal 1 -0 0
    outer loop
      vertex 7.34999 -1.33336 1.99552
      vertex 7.34999 -1.13135 -2.1166
      vertex 7.34999 -1.13135 2.1166
    endloop
  endfacet
  facet normal 1 0 0
    outer loop
      vertex 7.34999 -1.33336 1.99552
      vertex 7.34999 -1.33336 -1.99552
      vertex 7.34999 -1.13135 -2.1166
    endloop
  endfacet
  facet normal 1 -0 0
    outer loop
      vertex 7.34999 -1.52254 1.85522
      vertex 7.34999 -1.33336 -1.99552
      vertex 7.34999 -1.33336 1.99552
    endloop
  endfacet
  facet normal 1 0 0
    outer loop
      vertex 7.34999 -1.52254 1.85522
      vertex 7.34999 -1.52254 -1.85522
      vertex 7.34999 -1.33336 -1.99552
    endloop
  endfacet
  facet normal 1 -0 0
    outer loop
      vertex 7.34999 -1.69705 1.69705
      vertex 7.34999 -1.52254 -1.85522
      vertex 7.34999 -1.52254 1.85522
    endloop
  endfacet
  facet normal 1 0 0
    outer loop
      vertex 7.34999 -1.69705 1.69705
      vertex 7.34999 -1.69705 -1.69705
      vertex 7.34999 -1.52254 -1.85522
    endloop
  endfacet
  facet normal 1 -0 0
    outer loop
      vertex 7.34999 -1.85522 1.52254
      vertex 7.34999 -1.69705 -1.69705
      vertex 7.34999 -1.69705 1.69705
    endloop
  endfacet
  facet normal 1 0 0
    outer loop
      vertex 7.34999 -1.85522 1.52254
      vertex 7.34999 -1.85522 -1.52254
      vertex 7.34999 -1.69705 -1.69705
    endloop
  endfacet
  facet normal 1 -0 0
    outer loop
      vertex 7.34999 -1.99552 1.33336
      vertex 7.34999 -1.85522 -1.52254
      vertex 7.34999 -1.85522 1.52254
    endloop
  endfacet
  facet normal 1 0 0
    outer loop
      vertex 7.34999 -1.99552 1.33336
      vertex 7.34999 -1.99552 -1.33336
      vertex 7.34999 -1.85522 -1.52254
    endloop
  endfacet
  facet normal 1 -0 0
    outer loop
      vertex 7.34999 -2.1166 1.13135
      vertex 7.34999 -1.99552 -1.33336
      vertex 7.34999 -1.99552 1.33336
    endloop
  endfacet
  facet normal 1 0 0
    outer loop
      vertex 7.34999 -2.1166 1.13135
      vertex 7.34999 -2.1166 -1.13135
      vertex 7.34999 -1.99552 -1.33336
    endloop
  endfacet
  facet normal 1 -0 0
    outer loop
      vertex 7.34999 -2.21731 0.918437
      vertex 7.34999 -2.1166 -1.13135
      vertex 7.34999 -2.1166 1.13135
    endloop
  endfacet
  facet normal 1 0 0
    outer loop
      vertex 7.34999 -2.21731 0.918437
      vertex 7.34999 -2.21731 -0.918437
      vertex 7.34999 -2.1166 -1.13135
    endloop
  endfacet
  facet normal 1 -0 0
    outer loop
      vertex 7.34999 -2.29665 0.696681
      vertex 7.34999 -2.21731 -0.918437
      vertex 7.34999 -2.21731 0.918437
    endloop
  endfacet
  facet normal 1 0 0
    outer loop
      vertex 7.34999 -2.29665 0.696681
      vertex 7.34999 -2.29665 -0.696681
      vertex 7.34999 -2.21731 -0.918437
    endloop
  endfacet
  facet normal 1 -0 0
    outer loop
      vertex 7.34999 -2.35388 0.468215
      vertex 7.34999 -2.29665 -0.696681
      vertex 7.34999 -2.29665 0.696681
    endloop
  endfacet
  facet normal 1 0 0
    outer loop
      vertex 7.34999 -2.35388 0.468215
      vertex 7.34999 -2.35388 -0.468215
      vertex 7.34999 -2.29665 -0.696681
    endloop
  endfacet
  facet normal 1 -0 0
    outer loop
      vertex 7.34999 -2.38844 0.23524
      vertex 7.34999 -2.35388 -0.468215
      vertex 7.34999 -2.35388 0.468215
    endloop
  endfacet
  facet normal 1 0 0
    outer loop
      vertex 7.34999 -2.38844 0.23524
      vertex 7.34999 -2.38844 -0.23524
      vertex 7.34999 -2.35388 -0.468215
    endloop
  endfacet
  facet normal 1 0 -0
    outer loop
      vertex 7.34999 -2.38844 -0.23524
      vertex 7.34999 -2.38844 0.23524
      vertex 7.34999 -2.39999 0
    endloop
  endfacet
  facet normal -0.393541 -0.918198 0.0451441
    outer loop
      vertex 5.62999 -1.21999 0
      vertex 5.58335 -1.1951 0.0996625
      vertex 5.58335 -1.2 0
    endloop
  endfacet
  facet normal -0.39353 -0.918202 0.0451503
    outer loop
      vertex 5.58335 -1.1951 0.0996625
      vertex 5.62999 -1.21999 0
      vertex 5.62999 -1.21411 0.119579
    endloop
  endfacet
  facet normal -0.393478 -0.918232 0.0449976
    outer loop
      vertex 5.62999 -1.21411 0.119579
      vertex 5.58335 -1.19422 0.11762
      vertex 5.58335 -1.1951 0.0996625
    endloop
  endfacet
  facet normal -0.918966 -0.393861 0.0193415
    outer loop
      vertex 5.75 -1.5 0
      vertex 5.75 -1.49278 0.147025
      vertex 5.62999 -1.21999 0
    endloop
  endfacet
  facet normal -0.918971 -0.39385 0.0193666
    outer loop
      vertex 5.75 -1.49278 0.147025
      vertex 5.62999 -1.21411 0.119579
      vertex 5.62999 -1.21999 0
    endloop
  endfacet
  facet normal -1 0 0
    outer loop
      vertex 5.75 1.5 0
      vertex 5.75 2.39999 0
      vertex 5.75 2.38844 -0.23524
    endloop
  endfacet
  facet normal -1 0 0
    outer loop
      vertex 5.75 1.49278 -0.147025
      vertex 5.75 2.38844 -0.23524
      vertex 5.75 2.35388 -0.468215
    endloop
  endfacet
  facet normal -1 0 0
    outer loop
      vertex 5.75 2.39999 0
      vertex 5.75 1.5 0
      vertex 5.75 2.38844 0.23524
    endloop
  endfacet
  facet normal -1 0 0
    outer loop
      vertex 5.75 1.47118 -0.292635
      vertex 5.75 2.35388 -0.468215
      vertex 5.75 2.29665 -0.696681
    endloop
  endfacet
  facet normal -1 0 0
    outer loop
      vertex 5.75 1.49278 0.147025
      vertex 5.75 2.38844 0.23524
      vertex 5.75 1.5 0
    endloop
  endfacet
  facet normal -1 0 0
    outer loop
      vertex 5.75 1.43541 -0.435427
      vertex 5.75 2.29665 -0.696681
      vertex 5.75 2.21731 -0.918437
    endloop
  endfacet
  facet normal -1 -0 0
    outer loop
      vertex 5.75 2.38844 0.23524
      vertex 5.75 1.49278 0.147025
      vertex 5.75 2.35388 0.468215
    endloop
  endfacet
  facet normal -1 0 0
    outer loop
      vertex 5.75 1.38582 -0.574024
      vertex 5.75 2.21731 -0.918437
      vertex 5.75 2.1166 -1.13135
    endloop
  endfacet
  facet normal -1 0 0
    outer loop
      vertex 5.75 1.47118 0.292635
      vertex 5.75 2.35388 0.468215
      vertex 5.75 1.49278 0.147025
    endloop
  endfacet
  facet normal -1 0 0
    outer loop
      vertex 5.75 1.32288 -0.707094
      vertex 5.75 2.1166 -1.13135
      vertex 5.75 1.99552 -1.33336
    endloop
  endfacet
  facet normal -1 -0 0
    outer loop
      vertex 5.75 2.35388 0.468215
      vertex 5.75 1.47118 0.292635
      vertex 5.75 2.29665 0.696681
    endloop
  endfacet
  facet normal -1 0 0
    outer loop
      vertex 5.75 1.2472 -0.833355
      vertex 5.75 1.99552 -1.33336
      vertex 5.75 1.85522 -1.52254
    endloop
  endfacet
  facet normal -1 0 0
    outer loop
      vertex 5.75 1.43541 0.435427
      vertex 5.75 2.29665 0.696681
      vertex 5.75 1.47118 0.292635
    endloop
  endfacet
  facet normal -1 0 0
    outer loop
      vertex 5.75 1.15952 -0.95159
      vertex 5.75 1.85522 -1.52254
      vertex 5.75 1.69705 -1.69705
    endloop
  endfacet
  facet normal -1 -0 0
    outer loop
      vertex 5.75 2.29665 0.696681
      vertex 5.75 1.43541 0.435427
      vertex 5.75 2.21731 0.918437
    endloop
  endfacet
  facet normal -1 0 0
    outer loop
      vertex 5.75 1.06066 -1.06066
      vertex 5.75 1.69705 -1.69705
      vertex 5.75 1.52254 -1.85522
    endloop
  endfacet
  facet normal -1 0 0
    outer loop
      vertex 5.75 1.38582 0.574024
      vertex 5.75 2.21731 0.918437
      vertex 5.75 1.43541 0.435427
    endloop
  endfacet
  facet normal -1 -0 0
    outer loop
      vertex 5.75 2.21731 0.918437
      vertex 5.75 1.38582 0.574024
      vertex 5.75 2.1166 1.13135
    endloop
  endfacet
  facet normal -1 0 0
    outer loop
      vertex 5.75 2.38844 -0.23524
      vertex 5.75 1.49278 -0.147025
      vertex 5.75 1.5 0
    endloop
  endfacet
  facet normal -1 0 0
    outer loop
      vertex 5.75 2.35388 -0.468215
      vertex 5.75 1.47118 -0.292635
      vertex 5.75 1.49278 -0.147025
    endloop
  endfacet
  facet normal -1 0 0
    outer loop
      vertex 5.75 2.29665 -0.696681
      vertex 5.75 1.43541 -0.435427
      vertex 5.75 1.47118 -0.292635
    endloop
  endfacet
  facet normal -1 0 0
    outer loop
      vertex 5.75 2.21731 -0.918437
      vertex 5.75 1.38582 -0.574024
      vertex 5.75 1.43541 -0.435427
    endloop
  endfacet
  facet normal -1 0 0
    outer loop
      vertex 5.75 0.95159 -1.15952
      vertex 5.75 1.52254 -1.85522
      vertex 5.75 1.33336 -1.99552
    endloop
  endfacet
  facet normal -1 0 0
    outer loop
      vertex 5.75 2.1166 -1.13135
      vertex 5.75 1.32288 -0.707094
      vertex 5.75 1.38582 -0.574024
    endloop
  endfacet
  facet normal -1 0 0
    outer loop
      vertex 5.75 1.99552 -1.33336
      vertex 5.75 1.2472 -0.833355
      vertex 5.75 1.32288 -0.707094
    endloop
  endfacet
  facet normal -1 0 0
    outer loop
      vertex 5.75 1.85522 -1.52254
      vertex 5.75 1.15952 -0.95159
      vertex 5.75 1.2472 -0.833355
    endloop
  endfacet
  facet normal -1 0 0
    outer loop
      vertex 5.75 0.833355 -1.2472
      vertex 5.75 1.33336 -1.99552
      vertex 5.75 1.13135 -2.1166
    endloop
  endfacet
  facet normal -1 0 0
    outer loop
      vertex 5.75 1.69705 -1.69705
      vertex 5.75 1.06066 -1.06066
      vertex 5.75 1.15952 -0.95159
    endloop
  endfacet
  facet normal -1 0 0
    outer loop
      vertex 5.75 1.52254 -1.85522
      vertex 5.75 0.95159 -1.15952
      vertex 5.75 1.06066 -1.06066
    endloop
  endfacet
  facet normal -1 0 0
    outer loop
      vertex 5.75 0.707094 -1.32288
      vertex 5.75 1.13135 -2.1166
      vertex 5.75 0.918437 -2.21731
    endloop
  endfacet
  facet normal -1 0 0
    outer loop
      vertex 5.75 1.33336 -1.99552
      vertex 5.75 0.833355 -1.2472
      vertex 5.75 0.95159 -1.15952
    endloop
  endfacet
  facet normal -1 0 0
    outer loop
      vertex 5.75 1.13135 -2.1166
      vertex 5.75 0.707094 -1.32288
      vertex 5.75 0.833355 -1.2472
    endloop
  endfacet
  facet normal -1 0 0
    outer loop
      vertex 5.75 0.574024 -1.38582
      vertex 5.75 0.918437 -2.21731
      vertex 5.75 0.696681 -2.29665
    endloop
  endfacet
  facet normal -1 0 0
    outer loop
      vertex 5.75 0.918437 -2.21731
      vertex 5.75 0.574024 -1.38582
      vertex 5.75 0.707094 -1.32288
    endloop
  endfacet
  facet normal -1 0 0
    outer loop
      vertex 5.75 0.435427 -1.43541
      vertex 5.75 0.696681 -2.29665
      vertex 5.75 0.468215 -2.35388
    endloop
  endfacet
  facet normal -1 0 0
    outer loop
      vertex 5.75 0.696681 -2.29665
      vertex 5.75 0.435427 -1.43541
      vertex 5.75 0.574024 -1.38582
    endloop
  endfacet
  facet normal -1 0 0
    outer loop
      vertex 5.75 0.468215 -2.35388
      vertex 5.75 0.292635 -1.47118
      vertex 5.75 0.435427 -1.43541
    endloop
  endfacet
  facet normal -1 0 0
    outer loop
      vertex 5.75 0.23524 -2.38844
      vertex 5.75 0.292635 -1.47118
      vertex 5.75 0.468215 -2.35388
    endloop
  endfacet
  facet normal -1 0 0
    outer loop
      vertex 5.75 0.23524 -2.38844
      vertex 5.75 0.147025 -1.49278
      vertex 5.75 0.292635 -1.47118
    endloop
  endfacet
  facet normal -1 0 0
    outer loop
      vertex 5.75 0 -2.39999
      vertex 5.75 0.147025 -1.49278
      vertex 5.75 0.23524 -2.38844
    endloop
  endfacet
  facet normal -1 0 0
    outer loop
      vertex 5.75 0 -2.39999
      vertex 5.75 0 -1.5
      vertex 5.75 0.147025 -1.49278
    endloop
  endfacet
  facet normal -1 0 0
    outer loop
      vertex 5.75 0 -2.39999
      vertex 5.75 -0.147025 -1.49278
      vertex 5.75 0 -1.5
    endloop
  endfacet
  facet normal -1 0 0
    outer loop
      vertex 5.75 -0.23524 -2.38844
      vertex 5.75 -0.147025 -1.49278
      vertex 5.75 0 -2.39999
    endloop
  endfacet
  facet normal -1 0 0
    outer loop
      vertex 5.75 -0.23524 -2.38844
      vertex 5.75 -0.292635 -1.47118
      vertex 5.75 -0.147025 -1.49278
    endloop
  endfacet
  facet normal -1 0 0
    outer loop
      vertex 5.75 -0.468215 -2.35388
      vertex 5.75 -0.292635 -1.47118
      vertex 5.75 -0.23524 -2.38844
    endloop
  endfacet
  facet normal -1 -0 0
    outer loop
      vertex 5.75 -0.292635 -1.47118
      vertex 5.75 -0.468215 -2.35388
      vertex 5.75 -0.435427 -1.43541
    endloop
  endfacet
  facet normal -1 0 0
    outer loop
      vertex 5.75 -0.696681 -2.29665
      vertex 5.75 -0.435427 -1.43541
      vertex 5.75 -0.468215 -2.35388
    endloop
  endfacet
  facet normal -1 -0 0
    outer loop
      vertex 5.75 -0.435427 -1.43541
      vertex 5.75 -0.696681 -2.29665
      vertex 5.75 -0.574024 -1.38582
    endloop
  endfacet
  facet normal -1 0 0
    outer loop
      vertex 5.75 -0.918437 -2.21731
      vertex 5.75 -0.574024 -1.38582
      vertex 5.75 -0.696681 -2.29665
    endloop
  endfacet
  facet normal -1 -0 0
    outer loop
      vertex 5.75 -0.574024 -1.38582
      vertex 5.75 -0.918437 -2.21731
      vertex 5.75 -0.707094 -1.32288
    endloop
  endfacet
  facet normal -1 0 0
    outer loop
      vertex 5.75 -1.13135 -2.1166
      vertex 5.75 -0.707094 -1.32288
      vertex 5.75 -0.918437 -2.21731
    endloop
  endfacet
  facet normal -1 -0 0
    outer loop
      vertex 5.75 -0.707094 -1.32288
      vertex 5.75 -1.13135 -2.1166
      vertex 5.75 -0.833355 -1.2472
    endloop
  endfacet
  facet normal -1 0 0
    outer loop
      vertex 5.75 -1.33336 -1.99552
      vertex 5.75 -0.833355 -1.2472
      vertex 5.75 -1.13135 -2.1166
    endloop
  endfacet
  facet normal -1 -0 0
    outer loop
      vertex 5.75 -0.833355 -1.2472
      vertex 5.75 -1.33336 -1.99552
      vertex 5.75 -0.95159 -1.15952
    endloop
  endfacet
  facet normal -1 0 0
    outer loop
      vertex 5.75 -1.52254 -1.85522
      vertex 5.75 -0.95159 -1.15952
      vertex 5.75 -1.33336 -1.99552
    endloop
  endfacet
  facet normal -1 -0 0
    outer loop
      vertex 5.75 -0.95159 -1.15952
      vertex 5.75 -1.52254 -1.85522
      vertex 5.75 -1.06066 -1.06066
    endloop
  endfacet
  facet normal -1 0 0
    outer loop
      vertex 5.75 -1.69705 -1.69705
      vertex 5.75 -1.06066 -1.06066
      vertex 5.75 -1.52254 -1.85522
    endloop
  endfacet
  facet normal -1 -0 0
    outer loop
      vertex 5.75 -1.06066 -1.06066
      vertex 5.75 -1.69705 -1.69705
      vertex 5.75 -1.15952 -0.95159
    endloop
  endfacet
  facet normal -1 0 0
    outer loop
      vertex 5.75 -1.85522 -1.52254
      vertex 5.75 -1.15952 -0.95159
      vertex 5.75 -1.69705 -1.69705
    endloop
  endfacet
  facet normal -1 -0 0
    outer loop
      vertex 5.75 -1.15952 -0.95159
      vertex 5.75 -1.85522 -1.52254
      vertex 5.75 -1.2472 -0.833355
    endloop
  endfacet
  facet normal -1 0 0
    outer loop
      vertex 5.75 -1.99552 -1.33336
      vertex 5.75 -1.2472 -0.833355
      vertex 5.75 -1.85522 -1.52254
    endloop
  endfacet
  facet normal -1 -0 0
    outer loop
      vertex 5.75 -1.2472 -0.833355
      vertex 5.75 -1.99552 -1.33336
      vertex 5.75 -1.32288 -0.707094
    endloop
  endfacet
  facet normal -1 -0 0
    outer loop
      vertex 5.75 -1.32288 -0.707094
      vertex 5.75 -2.1166 -1.13135
      vertex 5.75 -1.38582 -0.574024
    endloop
  endfacet
  facet normal -1 0 0
    outer loop
      vertex 5.75 -2.1166 -1.13135
      vertex 5.75 -1.32288 -0.707094
      vertex 5.75 -1.99552 -1.33336
    endloop
  endfacet
  facet normal -1 0 0
    outer loop
      vertex 5.75 1.32288 0.707094
      vertex 5.75 2.1166 1.13135
      vertex 5.75 1.38582 0.574024
    endloop
  endfacet
  facet normal -1 -0 0
    outer loop
      vertex 5.75 2.1166 1.13135
      vertex 5.75 1.32288 0.707094
      vertex 5.75 1.99552 1.33336
    endloop
  endfacet
  facet normal -1 0 0
    outer loop
      vertex 5.75 1.2472 0.833355
      vertex 5.75 1.99552 1.33336
      vertex 5.75 1.32288 0.707094
    endloop
  endfacet
  facet normal -1 -0 0
    outer loop
      vertex 5.75 1.99552 1.33336
      vertex 5.75 1.2472 0.833355
      vertex 5.75 1.85522 1.52254
    endloop
  endfacet
  facet normal -1 0 0
    outer loop
      vertex 5.75 1.15952 0.95159
      vertex 5.75 1.85522 1.52254
      vertex 5.75 1.2472 0.833355
    endloop
  endfacet
  facet normal -1 -0 0
    outer loop
      vertex 5.75 1.85522 1.52254
      vertex 5.75 1.15952 0.95159
      vertex 5.75 1.69705 1.69705
    endloop
  endfacet
  facet normal -1 0 0
    outer loop
      vertex 5.75 1.06066 1.06066
      vertex 5.75 1.69705 1.69705
      vertex 5.75 1.15952 0.95159
    endloop
  endfacet
  facet normal -1 -0 0
    outer loop
      vertex 5.75 1.69705 1.69705
      vertex 5.75 1.06066 1.06066
      vertex 5.75 1.52254 1.85522
    endloop
  endfacet
  facet normal -1 0 0
    outer loop
      vertex 5.75 0.95159 1.15952
      vertex 5.75 1.52254 1.85522
      vertex 5.75 1.06066 1.06066
    endloop
  endfacet
  facet normal -1 -0 0
    outer loop
      vertex 5.75 1.52254 1.85522
      vertex 5.75 0.95159 1.15952
      vertex 5.75 1.33336 1.99552
    endloop
  endfacet
  facet normal -1 0 0
    outer loop
      vertex 5.75 0.833355 1.2472
      vertex 5.75 1.33336 1.99552
      vertex 5.75 0.95159 1.15952
    endloop
  endfacet
  facet normal -1 -0 0
    outer loop
      vertex 5.75 1.33336 1.99552
      vertex 5.75 0.833355 1.2472
      vertex 5.75 1.13135 2.1166
    endloop
  endfacet
  facet normal -1 0 0
    outer loop
      vertex 5.75 0.707094 1.32288
      vertex 5.75 1.13135 2.1166
      vertex 5.75 0.833355 1.2472
    endloop
  endfacet
  facet normal -1 -0 0
    outer loop
      vertex 5.75 1.13135 2.1166
      vertex 5.75 0.707094 1.32288
      vertex 5.75 0.918437 2.21731
    endloop
  endfacet
  facet normal -1 0 0
    outer loop
      vertex 5.75 0.574024 1.38582
      vertex 5.75 0.918437 2.21731
      vertex 5.75 0.707094 1.32288
    endloop
  endfacet
  facet normal -1 -0 0
    outer loop
      vertex 5.75 0.918437 2.21731
      vertex 5.75 0.574024 1.38582
      vertex 5.75 0.696681 2.29665
    endloop
  endfacet
  facet normal -1 0 0
    outer loop
      vertex 5.75 0.435427 1.43541
      vertex 5.75 0.696681 2.29665
      vertex 5.75 0.574024 1.38582
    endloop
  endfacet
  facet normal -1 -0 0
    outer loop
      vertex 5.75 0.696681 2.29665
      vertex 5.75 0.435427 1.43541
      vertex 5.75 0.468215 2.35388
    endloop
  endfacet
  facet normal -1 0 0
    outer loop
      vertex 5.75 0.292635 1.47118
      vertex 5.75 0.468215 2.35388
      vertex 5.75 0.435427 1.43541
    endloop
  endfacet
  facet normal -1 0 0
    outer loop
      vertex 5.75 0.292635 1.47118
      vertex 5.75 0.23524 2.38844
      vertex 5.75 0.468215 2.35388
    endloop
  endfacet
  facet normal -1 0 0
    outer loop
      vertex 5.75 0.147025 1.49278
      vertex 5.75 0.23524 2.38844
      vertex 5.75 0.292635 1.47118
    endloop
  endfacet
  facet normal -1 0 0
    outer loop
      vertex 5.75 0 1.5
      vertex 5.75 0.23524 2.38844
      vertex 5.75 0.147025 1.49278
    endloop
  endfacet
  facet normal -1 0 0
    outer loop
      vertex 5.75 0 1.5
      vertex 5.75 0 2.39999
      vertex 5.75 0.23524 2.38844
    endloop
  endfacet
  facet normal -1 0 0
    outer loop
      vertex 5.75 -0.147025 1.49278
      vertex 5.75 0 2.39999
      vertex 5.75 0 1.5
    endloop
  endfacet
  facet normal -1 0 0
    outer loop
      vertex 5.75 -0.147025 1.49278
      vertex 5.75 -0.23524 2.38844
      vertex 5.75 0 2.39999
    endloop
  endfacet
  facet normal -1 0 0
    outer loop
      vertex 5.75 -0.292635 1.47118
      vertex 5.75 -0.23524 2.38844
      vertex 5.75 -0.147025 1.49278
    endloop
  endfacet
  facet normal -1 0 0
    outer loop
      vertex 5.75 -0.468215 2.35388
      vertex 5.75 -0.292635 1.47118
      vertex 5.75 -0.435427 1.43541
    endloop
  endfacet
  facet normal -1 0 0
    outer loop
      vertex 5.75 -0.292635 1.47118
      vertex 5.75 -0.468215 2.35388
      vertex 5.75 -0.23524 2.38844
    endloop
  endfacet
  facet normal -1 0 0
    outer loop
      vertex 5.75 -0.696681 2.29665
      vertex 5.75 -0.435427 1.43541
      vertex 5.75 -0.574024 1.38582
    endloop
  endfacet
  facet normal -1 0 0
    outer loop
      vertex 5.75 -0.435427 1.43541
      vertex 5.75 -0.696681 2.29665
      vertex 5.75 -0.468215 2.35388
    endloop
  endfacet
  facet normal -1 0 0
    outer loop
      vertex 5.75 -0.918437 2.21731
      vertex 5.75 -0.574024 1.38582
      vertex 5.75 -0.707094 1.32288
    endloop
  endfacet
  facet normal -1 0 0
    outer loop
      vertex 5.75 -1.13135 2.1166
      vertex 5.75 -0.707094 1.32288
      vertex 5.75 -0.833355 1.2472
    endloop
  endfacet
  facet normal -1 0 0
    outer loop
      vertex 5.75 -0.574024 1.38582
      vertex 5.75 -0.918437 2.21731
      vertex 5.75 -0.696681 2.29665
    endloop
  endfacet
  facet normal -1 0 0
    outer loop
      vertex 5.75 -1.33336 1.99552
      vertex 5.75 -0.833355 1.2472
      vertex 5.75 -0.95159 1.15952
    endloop
  endfacet
  facet normal -1 0 0
    outer loop
      vertex 5.75 -1.52254 1.85522
      vertex 5.75 -0.95159 1.15952
      vertex 5.75 -1.06066 1.06066
    endloop
  endfacet
  facet normal -1 0 0
    outer loop
      vertex 5.75 -0.707094 1.32288
      vertex 5.75 -1.13135 2.1166
      vertex 5.75 -0.918437 2.21731
    endloop
  endfacet
  facet normal -1 0 0
    outer loop
      vertex 5.75 -1.69705 1.69705
      vertex 5.75 -1.06066 1.06066
      vertex 5.75 -1.15952 0.95159
    endloop
  endfacet
  facet normal -1 0 0
    outer loop
      vertex 5.75 -1.85522 1.52254
      vertex 5.75 -1.15952 0.95159
      vertex 5.75 -1.2472 0.833355
    endloop
  endfacet
  facet normal -1 0 0
    outer loop
      vertex 5.75 -1.99552 1.33336
      vertex 5.75 -1.2472 0.833355
      vertex 5.75 -1.32288 0.707094
    endloop
  endfacet
  facet normal -1 0 0
    outer loop
      vertex 5.75 -0.833355 1.2472
      vertex 5.75 -1.33336 1.99552
      vertex 5.75 -1.13135 2.1166
    endloop
  endfacet
  facet normal -1 0 0
    outer loop
      vertex 5.75 -2.1166 1.13135
      vertex 5.75 -1.32288 0.707094
      vertex 5.75 -1.38582 0.574024
    endloop
  endfacet
  facet normal -1 0 0
    outer loop
      vertex 5.75 -2.21731 0.918437
      vertex 5.75 -1.38582 0.574024
      vertex 5.75 -1.43541 0.435427
    endloop
  endfacet
  facet normal -1 0 0
    outer loop
      vertex 5.75 -2.29665 0.696681
      vertex 5.75 -1.43541 0.435427
      vertex 5.75 -1.47118 0.292635
    endloop
  endfacet
  facet normal -1 0 0
    outer loop
      vertex 5.75 -2.35388 0.468215
      vertex 5.75 -1.47118 0.292635
      vertex 5.75 -1.49278 0.147025
    endloop
  endfacet
  facet normal -1 0 0
    outer loop
      vertex 5.75 -0.95159 1.15952
      vertex 5.75 -1.52254 1.85522
      vertex 5.75 -1.33336 1.99552
    endloop
  endfacet
  facet normal -1 0 0
    outer loop
      vertex 5.75 -2.38844 0.23524
      vertex 5.75 -1.49278 0.147025
      vertex 5.75 -1.5 0
    endloop
  endfacet
  facet normal -1 0 0
    outer loop
      vertex 5.75 -2.21731 -0.918437
      vertex 5.75 -1.38582 -0.574024
      vertex 5.75 -2.1166 -1.13135
    endloop
  endfacet
  facet normal -1 -0 0
    outer loop
      vertex 5.75 -1.38582 -0.574024
      vertex 5.75 -2.21731 -0.918437
      vertex 5.75 -1.43541 -0.435427
    endloop
  endfacet
  facet normal -1 0 0
    outer loop
      vertex 5.75 -1.06066 1.06066
      vertex 5.75 -1.69705 1.69705
      vertex 5.75 -1.52254 1.85522
    endloop
  endfacet
  facet normal -1 0 0
    outer loop
      vertex 5.75 -2.29665 -0.696681
      vertex 5.75 -1.43541 -0.435427
      vertex 5.75 -2.21731 -0.918437
    endloop
  endfacet
  facet normal -1 0 0
    outer loop
      vertex 5.75 -1.15952 0.95159
      vertex 5.75 -1.85522 1.52254
      vertex 5.75 -1.69705 1.69705
    endloop
  endfacet
  facet normal -1 -0 0
    outer loop
      vertex 5.75 -1.43541 -0.435427
      vertex 5.75 -2.29665 -0.696681
      vertex 5.75 -1.47118 -0.292635
    endloop
  endfacet
  facet normal -1 0 0
    outer loop
      vertex 5.75 -1.2472 0.833355
      vertex 5.75 -1.99552 1.33336
      vertex 5.75 -1.85522 1.52254
    endloop
  endfacet
  facet normal -1 0 0
    outer loop
      vertex 5.75 -2.35388 -0.468215
      vertex 5.75 -1.47118 -0.292635
      vertex 5.75 -2.29665 -0.696681
    endloop
  endfacet
  facet normal -1 0 0
    outer loop
      vertex 5.75 -1.32288 0.707094
      vertex 5.75 -2.1166 1.13135
      vertex 5.75 -1.99552 1.33336
    endloop
  endfacet
  facet normal -1 -0 0
    outer loop
      vertex 5.75 -1.47118 -0.292635
      vertex 5.75 -2.35388 -0.468215
      vertex 5.75 -1.49278 -0.147025
    endloop
  endfacet
  facet normal -1 0 0
    outer loop
      vertex 5.75 -1.38582 0.574024
      vertex 5.75 -2.21731 0.918437
      vertex 5.75 -2.1166 1.13135
    endloop
  endfacet
  facet normal -1 0 0
    outer loop
      vertex 5.75 -2.38844 -0.23524
      vertex 5.75 -1.49278 -0.147025
      vertex 5.75 -2.35388 -0.468215
    endloop
  endfacet
  facet normal -1 0 0
    outer loop
      vertex 5.75 -1.43541 0.435427
      vertex 5.75 -2.29665 0.696681
      vertex 5.75 -2.21731 0.918437
    endloop
  endfacet
  facet normal -1 -0 0
    outer loop
      vertex 5.75 -1.49278 -0.147025
      vertex 5.75 -2.38844 -0.23524
      vertex 5.75 -1.5 0
    endloop
  endfacet
  facet normal -1 0 0
    outer loop
      vertex 5.75 -1.47118 0.292635
      vertex 5.75 -2.35388 0.468215
      vertex 5.75 -2.29665 0.696681
    endloop
  endfacet
  facet normal -1 0 0
    outer loop
      vertex 5.75 -2.39999 0
      vertex 5.75 -1.5 0
      vertex 5.75 -2.38844 -0.23524
    endloop
  endfacet
  facet normal -1 0 0
    outer loop
      vertex 5.75 -1.49278 0.147025
      vertex 5.75 -2.38844 0.23524
      vertex 5.75 -2.35388 0.468215
    endloop
  endfacet
  facet normal -1 0 0
    outer loop
      vertex 5.75 -1.5 0
      vertex 5.75 -2.39999 0
      vertex 5.75 -2.38844 0.23524
    endloop
  endfacet
  facet normal 0 -0.998797 0.0490397
    outer loop
      vertex 5.75 -2.39999 0
      vertex 7.34999 -2.38844 0.23524
      vertex 5.75 -2.38844 0.23524
    endloop
  endfacet
  facet normal 0 -0.998797 0.0490397
    outer loop
      vertex 7.34999 -2.38844 0.23524
      vertex 5.75 -2.39999 0
      vertex 7.34999 -2.39999 0
    endloop
  endfacet
  facet normal -0.39342 -0.909405 0.134919
    outer loop
      vertex 5.58335 -1.17958 0.216323
      vertex 5.62999 -1.21411 0.119579
      vertex 5.62999 -1.19654 0.238007
    endloop
  endfacet
  facet normal -0.39348 -0.909385 0.134883
    outer loop
      vertex 5.58335 -1.19422 0.11762
      vertex 5.62999 -1.21411 0.119579
      vertex 5.58335 -1.17958 0.216323
    endloop
  endfacet
  facet normal -0.393444 -0.909384 0.134989
    outer loop
      vertex 5.58335 -1.17958 0.216323
      vertex 5.62999 -1.19654 0.238007
      vertex 5.58335 -1.17694 0.234108
    endloop
  endfacet
  facet normal -0.91897 -0.390058 0.0578618
    outer loop
      vertex 5.75 -1.49278 0.147025
      vertex 5.75 -1.47118 0.292635
      vertex 5.62999 -1.21411 0.119579
    endloop
  endfacet
  facet normal -0.918972 -0.390054 0.0578685
    outer loop
      vertex 5.75 -1.47118 0.292635
      vertex 5.62999 -1.19654 0.238007
      vertex 5.62999 -1.21411 0.119579
    endloop
  endfacet
  facet normal 0 -0.989176 0.146736
    outer loop
      vertex 5.75 -2.38844 0.23524
      vertex 7.34999 -2.35388 0.468215
      vertex 5.75 -2.35388 0.468215
    endloop
  endfacet
  facet normal 0 -0.989176 0.146736
    outer loop
      vertex 7.34999 -2.35388 0.468215
      vertex 5.75 -2.38844 0.23524
      vertex 7.34999 -2.38844 0.23524
    endloop
  endfacet
  facet normal -0.393368 -0.891829 0.223387
    outer loop
      vertex 5.58335 -1.1527 0.3309
      vertex 5.62999 -1.19654 0.238007
      vertex 5.62999 -1.16745 0.354143
    endloop
  endfacet
  facet normal -0.393444 -0.891808 0.223339
    outer loop
      vertex 5.58335 -1.17694 0.234108
      vertex 5.62999 -1.19654 0.238007
      vertex 5.58335 -1.1527 0.3309
    endloop
  endfacet
  facet normal -0.393391 -0.891804 0.223449
    outer loop
      vertex 5.62999 -1.16745 0.354143
      vertex 5.58335 -1.14833 0.348341
      vertex 5.58335 -1.1527 0.3309
    endloop
  endfacet
  facet normal -0.918971 -0.382506 0.0958193
    outer loop
      vertex 5.75 -1.47118 0.292635
      vertex 5.75 -1.43541 0.435427
      vertex 5.62999 -1.19654 0.238007
    endloop
  endfacet
  facet normal -0.91897 -0.382511 0.0958121
    outer loop
      vertex 5.75 -1.43541 0.435427
      vertex 5.62999 -1.16745 0.354143
      vertex 5.62999 -1.19654 0.238007
    endloop
  endfacet
  facet normal 0 -0.970029 0.242989
    outer loop
      vertex 5.75 -2.35388 0.468215
      vertex 7.34999 -2.29665 0.696681
      vertex 5.75 -2.29665 0.696681
    endloop
  endfacet
  facet normal 0 -0.970029 0.242989
    outer loop
      vertex 7.34999 -2.29665 0.696681
      vertex 5.75 -2.35388 0.468215
      vertex 7.34999 -2.35388 0.468215
    endloop
  endfacet
  facet normal -0.393506 -0.865591 0.309685
    outer loop
      vertex 5.58335 -1.11471 0.442291
      vertex 5.62999 -1.16745 0.354143
      vertex 5.62999 -1.12712 0.466868
    endloop
  endfacet
  facet normal -0.393392 -0.865616 0.309761
    outer loop
      vertex 5.62999 -1.16745 0.354143
      vertex 5.58335 -1.11471 0.442291
      vertex 5.58335 -1.14833 0.348341
    endloop
  endfacet
  facet normal -0.39356 -0.865517 0.309825
    outer loop
      vertex 5.62999 -1.12712 0.466868
      vertex 5.58335 -1.10865 0.45922
      vertex 5.58335 -1.11471 0.442291
    endloop
  endfacet
  facet normal -0.91897 -0.371278 0.132843
    outer loop
      vertex 5.75 -1.43541 0.435427
      vertex 5.75 -1.38582 0.574024
      vertex 5.62999 -1.16745 0.354143
    endloop
  endfacet
  facet normal -0.918968 -0.371284 0.132836
    outer loop
      vertex 5.75 -1.38582 0.574024
      vertex 5.62999 -1.12712 0.466868
      vertex 5.62999 -1.16745 0.354143
    endloop
  endfacet
  facet normal 0 -0.941552 0.336869
    outer loop
      vertex 5.75 -2.29665 0.696681
      vertex 7.34999 -2.21731 0.918437
      vertex 5.75 -2.21731 0.918437
    endloop
  endfacet
  facet normal 0 -0.941552 0.336869
    outer loop
      vertex 7.34999 -2.21731 0.918437
      vertex 5.75 -2.29665 0.696681
      vertex 7.34999 -2.29665 0.696681
    endloop
  endfacet
  facet normal -0.393499 -0.831055 0.393071
    outer loop
      vertex 5.58335 -1.06599 0.549422
      vertex 5.62999 -1.12712 0.466868
      vertex 5.62999 -1.07593 0.575097
    endloop
  endfacet
  facet normal -0.393554 -0.831047 0.393034
    outer loop
      vertex 5.62999 -1.12712 0.466868
      vertex 5.58335 -1.06599 0.549422
      vertex 5.58335 -1.10865 0.45922
    endloop
  endfacet
  facet normal -0.393542 -0.830986 0.393176
    outer loop
      vertex 5.58335 -1.06599 0.549422
      vertex 5.62999 -1.07593 0.575097
      vertex 5.58335 -1.0583 0.565675
    endloop
  endfacet
  facet normal -0.918968 -0.356469 0.168604
    outer loop
      vertex 5.75 -1.38582 0.574024
      vertex 5.75 -1.32288 0.707094
      vertex 5.62999 -1.12712 0.466868
    endloop
  endfacet
  facet normal -0.918968 -0.35647 0.168603
    outer loop
      vertex 5.75 -1.32288 0.707094
      vertex 5.62999 -1.07593 0.575097
      vertex 5.62999 -1.12712 0.466868
    endloop
  endfacet
  facet normal 0 -0.903973 0.427589
    outer loop
      vertex 5.75 -2.21731 0.918437
      vertex 7.34999 -2.1166 1.13135
      vertex 5.75 -2.1166 1.13135
    endloop
  endfacet
  facet normal 0 -0.903973 0.427589
    outer loop
      vertex 7.34999 -2.1166 1.13135
      vertex 5.75 -2.21731 0.918437
      vertex 7.34999 -2.21731 0.918437
    endloop
  endfacet
  facet normal -0.393418 -0.788563 0.472642
    outer loop
      vertex 5.58335 -1.00701 0.651262
      vertex 5.62999 -1.07593 0.575097
      vertex 5.62999 -1.01438 0.677788
    endloop
  endfacet
  facet normal -0.39353 -0.788554 0.472565
    outer loop
      vertex 5.58335 -1.0583 0.565676
      vertex 5.62999 -1.07593 0.575097
      vertex 5.58335 -1.00701 0.651262
    endloop
  endfacet
  facet normal -0.353584 -0.935403 0
    outer loop
      vertex 5.62999 -1.07593 0.575097
      vertex 5.58335 -1.0583 0.565676
      vertex 5.58335 -1.0583 0.565675
    endloop
  endfacet
  facet normal -0.393471 -0.788465 0.472762
    outer loop
      vertex 5.58335 -1.00701 0.651262
      vertex 5.62999 -1.01438 0.677788
      vertex 5.58335 -0.997763 0.666684
    endloop
  endfacet
  facet normal -0.918968 -0.338228 0.202732
    outer loop
      vertex 5.75 -1.32288 0.707094
      vertex 5.75 -1.2472 0.833355
      vertex 5.62999 -1.07593 0.575097
    endloop
  endfacet
  facet normal -0.918967 -0.338233 0.202727
    outer loop
      vertex 5.75 -1.2472 0.833355
      vertex 5.62999 -1.01438 0.677788
      vertex 5.62999 -1.07593 0.575097
    endloop
  endfacet
  facet normal 0 -0.857729 0.514102
    outer loop
      vertex 5.75 -2.1166 1.13135
      vertex 7.34999 -1.99552 1.33336
      vertex 5.75 -1.99552 1.33336
    endloop
  endfacet
  facet normal 0 -0.857729 0.514102
    outer loop
      vertex 7.34999 -1.99552 1.33336
      vertex 5.75 -2.1166 1.13135
      vertex 7.34999 -2.1166 1.13135
    endloop
  endfacet
  facet normal -0.39348 -0.73842 0.54764
    outer loop
      vertex 5.58335 -0.938323 0.74683
      vertex 5.62999 -1.01438 0.677788
      vertex 5.62999 -0.943062 0.773951
    endloop
  endfacet
  facet normal -0.393469 -0.73842 0.547647
    outer loop
      vertex 5.58335 -0.997763 0.666684
      vertex 5.62999 -1.01438 0.677788
      vertex 5.58335 -0.938323 0.74683
    endloop
  endfacet
  facet normal -0.314456 -0.949272 0
    outer loop
      vertex 5.58335 -0.927612 0.761271
      vertex 5.62999 -0.943062 0.773951
      vertex 5.58335 -0.927612 0.761272
    endloop
  endfacet
  facet normal -0.393494 -0.73839 0.54767
    outer loop
      vertex 5.62999 -0.943062 0.773951
      vertex 5.58335 -0.927612 0.761271
      vertex 5.58335 -0.938323 0.74683
    endloop
  endfacet
  facet normal -0.918967 -0.316744 0.234889
    outer loop
      vertex 5.75 -1.2472 0.833355
      vertex 5.75 -1.15952 0.95159
      vertex 5.62999 -1.01438 0.677788
    endloop
  endfacet
  facet normal -0.91897 -0.316729 0.234898
    outer loop
      vertex 5.75 -1.15952 0.95159
      vertex 5.62999 -0.943062 0.773951
      vertex 5.62999 -1.01438 0.677788
    endloop
  endfacet
  facet normal 0 -0.803219 0.595684
    outer loop
      vertex 5.75 -1.99552 1.33336
      vertex 7.34999 -1.85522 1.52254
      vertex 5.75 -1.85522 1.52254
    endloop
  endfacet
  facet normal 0 -0.803219 0.595684
    outer loop
      vertex 7.34999 -1.85522 1.52254
      vertex 5.75 -1.99552 1.33336
      vertex 7.34999 -1.99552 1.33336
    endloop
  endfacet
  facet normal -0.393516 -0.681159 0.617388
    outer loop
      vertex 5.58336 -0.860602 0.835207
      vertex 5.62999 -0.943062 0.773951
      vertex 5.62999 -0.862659 0.862659
    endloop
  endfacet
  facet normal -0.393483 -0.681157 0.617411
    outer loop
      vertex 5.62999 -0.943062 0.773951
      vertex 5.58336 -0.860602 0.835207
      vertex 5.58335 -0.927612 0.761272
    endloop
  endfacet
  facet normal -0.393518 -0.681155 0.617391
    outer loop
      vertex 5.62999 -0.862659 0.862659
      vertex 5.58336 -0.848528 0.848528
      vertex 5.58336 -0.860602 0.835207
    endloop
  endfacet
  facet normal -0.91897 -0.292172 0.264822
    outer loop
      vertex 5.75 -1.15952 0.95159
      vertex 5.75 -1.06066 1.06066
      vertex 5.62999 -0.943062 0.773951
    endloop
  endfacet
  facet normal -0.918969 -0.292174 0.26482
    outer loop
      vertex 5.75 -1.06066 1.06066
      vertex 5.62999 -0.862659 0.862659
      vertex 5.62999 -0.943062 0.773951
    endloop
  endfacet
  facet normal 0 -0.740944 0.671567
    outer loop
      vertex 5.75 -1.85522 1.52254
      vertex 7.34999 -1.69705 1.69705
      vertex 5.75 -1.69705 1.69705
    endloop
  endfacet
  facet normal 0 -0.740944 0.671567
    outer loop
      vertex 7.34999 -1.69705 1.69705
      vertex 5.75 -1.85522 1.52254
      vertex 7.34999 -1.85522 1.52254
    endloop
  endfacet
  facet normal -0.393518 -0.617387 0.681158
    outer loop
      vertex 5.62999 -0.773951 0.943062
      vertex 5.58336 -0.848528 0.848528
      vertex 5.62999 -0.862659 0.862659
    endloop
  endfacet
  facet normal -0.393478 -0.617412 0.681159
    outer loop
      vertex 5.58336 -0.848528 0.848528
      vertex 5.62999 -0.773951 0.943062
      vertex 5.58335 -0.774593 0.915538
    endloop
  endfacet
  facet normal -0.393483 -0.617401 0.681166
    outer loop
      vertex 5.58335 -0.774593 0.915538
      vertex 5.62999 -0.773951 0.943062
      vertex 5.58335 -0.761272 0.927612
    endloop
  endfacet
  facet normal -0.918969 -0.264822 0.292172
    outer loop
      vertex 5.75 -1.06066 1.06066
      vertex 5.75 -0.95159 1.15952
      vertex 5.62999 -0.862659 0.862659
    endloop
  endfacet
  facet normal -0.91897 -0.26482 0.292173
    outer loop
      vertex 5.75 -0.95159 1.15952
      vertex 5.62999 -0.773951 0.943062
      vertex 5.62999 -0.862659 0.862659
    endloop
  endfacet
  facet normal 0 -0.671567 0.740944
    outer loop
      vertex 5.75 -1.52254 1.85522
      vertex 7.34999 -1.69705 1.69705
      vertex 7.34999 -1.52254 1.85522
    endloop
  endfacet
  facet normal 0 -0.671567 0.740944
    outer loop
      vertex 7.34999 -1.69705 1.69705
      vertex 5.75 -1.52254 1.85522
      vertex 5.75 -1.69705 1.69705
    endloop
  endfacet
  facet normal -0.393481 -0.547644 0.738416
    outer loop
      vertex 5.58335 -0.761271 0.927612
      vertex 5.62999 -0.677788 1.01438
      vertex 5.58335 -0.681125 0.987052
    endloop
  endfacet
  facet normal -0.393494 -0.547636 0.738416
    outer loop
      vertex 5.62999 -0.677788 1.01438
      vertex 5.58335 -0.761271 0.927612
      vertex 5.62999 -0.773951 0.943062
    endloop
  endfacet
  facet normal -0.314456 0 0.949272
    outer loop
      vertex 5.62999 -0.773951 0.943062
      vertex 5.58335 -0.761271 0.927612
      vertex 5.58335 -0.761272 0.927612
    endloop
  endfacet
  facet normal -0.393469 -0.547676 0.738399
    outer loop
      vertex 5.62999 -0.677788 1.01438
      vertex 5.58335 -0.666684 0.997763
      vertex 5.58335 -0.681125 0.987052
    endloop
  endfacet
  facet normal -0.91897 -0.234885 0.316739
    outer loop
      vertex 5.75 -0.95159 1.15952
      vertex 5.75 -0.833355 1.2472
      vertex 5.62999 -0.773951 0.943062
    endloop
  endfacet
  facet normal -0.918967 -0.234902 0.316735
    outer loop
      vertex 5.75 -0.833355 1.2472
      vertex 5.62999 -0.677788 1.01438
      vertex 5.62999 -0.773951 0.943062
    endloop
  endfacet
  facet normal 0 -0.595684 0.803219
    outer loop
      vertex 5.75 -1.33336 1.99552
      vertex 7.34999 -1.52254 1.85522
      vertex 7.34999 -1.33336 1.99552
    endloop
  endfacet
  facet normal 0 -0.595684 0.803219
    outer loop
      vertex 7.34999 -1.52254 1.85522
      vertex 5.75 -1.33336 1.99552
      vertex 5.75 -1.52254 1.85522
    endloop
  endfacet
  facet normal -0.393468 -0.472631 0.788545
    outer loop
      vertex 5.62999 -0.575097 1.07593
      vertex 5.58335 -0.666684 0.997763
      vertex 5.62999 -0.677788 1.01438
    endloop
  endfacet
  facet normal -0.393491 -0.472617 0.788542
    outer loop
      vertex 5.58335 -0.666684 0.997763
      vertex 5.62999 -0.575097 1.07593
      vertex 5.58335 -0.581097 1.04906
    endloop
  endfacet
  facet normal -0.353584 0 0.935403
    outer loop
      vertex 5.58335 -0.565676 1.0583
      vertex 5.62999 -0.575097 1.07593
      vertex 5.58335 -0.565675 1.0583
    endloop
  endfacet
  facet normal -0.393531 -0.472508 0.788587
    outer loop
      vertex 5.62999 -0.575097 1.07593
      vertex 5.58335 -0.565676 1.0583
      vertex 5.58335 -0.581097 1.04906
    endloop
  endfacet
  facet normal -0.918967 -0.202733 0.33823
    outer loop
      vertex 5.75 -0.833355 1.2472
      vertex 5.75 -0.707094 1.32288
      vertex 5.62999 -0.677788 1.01438
    endloop
  endfacet
  facet normal -0.918968 -0.202726 0.338231
    outer loop
      vertex 5.75 -0.707094 1.32288
      vertex 5.62999 -0.575097 1.07593
      vertex 5.62999 -0.677788 1.01438
    endloop
  endfacet
  facet normal 0 -0.514102 0.857729
    outer loop
      vertex 5.75 -1.13135 2.1166
      vertex 7.34999 -1.33336 1.99552
      vertex 7.34999 -1.13135 2.1166
    endloop
  endfacet
  facet normal 0 -0.514102 0.857729
    outer loop
      vertex 7.34999 -1.33336 1.99552
      vertex 5.75 -1.13135 2.1166
      vertex 5.75 -1.33336 1.99552
    endloop
  endfacet
  facet normal -0.393425 -0.393133 0.831061
    outer loop
      vertex 5.58335 -0.565675 1.0583
      vertex 5.62999 -0.466868 1.12712
      vertex 5.58335 -0.475473 1.10097
    endloop
  endfacet
  facet normal -0.39354 -0.393064 0.83104
    outer loop
      vertex 5.62999 -0.466868 1.12712
      vertex 5.58335 -0.565675 1.0583
      vertex 5.62999 -0.575097 1.07593
    endloop
  endfacet
  facet normal -0.39356 -0.392754 0.831177
    outer loop
      vertex 5.62999 -0.466868 1.12712
      vertex 5.58335 -0.45922 1.10865
      vertex 5.58335 -0.475473 1.10097
    endloop
  endfacet
  facet normal -0.918968 -0.168604 0.356469
    outer loop
      vertex 5.75 -0.707094 1.32288
      vertex 5.75 -0.574024 1.38582
      vertex 5.62999 -0.575097 1.07593
    endloop
  endfacet
  facet normal -0.918968 -0.168602 0.356469
    outer loop
      vertex 5.75 -0.574024 1.38582
      vertex 5.62999 -0.466868 1.12712
      vertex 5.62999 -0.575097 1.07593
    endloop
  endfacet
  facet normal 0 -0.427589 0.903973
    outer loop
      vertex 5.75 -0.918437 2.21731
      vertex 7.34999 -1.13135 2.1166
      vertex 7.34999 -0.918437 2.21731
    endloop
  endfacet
  facet normal 0 -0.427589 0.903973
    outer loop
      vertex 7.34999 -1.13135 2.1166
      vertex 5.75 -0.918437 2.21731
      vertex 5.75 -1.13135 2.1166
    endloop
  endfacet
  facet normal -0.393444 -0.309694 0.865616
    outer loop
      vertex 5.58335 -0.36527 1.14227
      vertex 5.62999 -0.466868 1.12712
      vertex 5.62999 -0.354143 1.16745
    endloop
  endfacet
  facet normal -0.393558 -0.309737 0.865549
    outer loop
      vertex 5.62999 -0.466868 1.12712
      vertex 5.58335 -0.36527 1.14227
      vertex 5.58335 -0.45922 1.10865
    endloop
  endfacet
  facet normal -0.39339 -0.30985 0.865585
    outer loop
      vertex 5.58335 -0.36527 1.14227
      vertex 5.62999 -0.354143 1.16745
      vertex 5.58335 -0.348341 1.14833
    endloop
  endfacet
  facet normal -0.918968 -0.132844 0.371281
    outer loop
      vertex 5.75 -0.574024 1.38582
      vertex 5.75 -0.435427 1.43541
      vertex 5.62999 -0.466868 1.12712
    endloop
  endfacet
  facet normal -0.91897 -0.132834 0.37128
    outer loop
      vertex 5.75 -0.435427 1.43541
      vertex 5.62999 -0.354143 1.16745
      vertex 5.62999 -0.466868 1.12712
    endloop
  endfacet
  facet normal 0 -0.336869 0.941552
    outer loop
      vertex 5.75 -0.696681 2.29665
      vertex 7.34999 -0.918437 2.21731
      vertex 7.34999 -0.696681 2.29665
    endloop
  endfacet
  facet normal 0 -0.336869 0.941552
    outer loop
      vertex 7.34999 -0.918437 2.21731
      vertex 5.75 -0.696681 2.29665
      vertex 5.75 -0.918437 2.21731
    endloop
  endfacet
  facet normal -0.393469 -0.223377 0.891787
    outer loop
      vertex 5.58335 -0.251548 1.17257
      vertex 5.62999 -0.354143 1.16745
      vertex 5.62999 -0.238007 1.19654
    endloop
  endfacet
  facet normal -0.393389 -0.223343 0.891831
    outer loop
      vertex 5.58335 -0.348341 1.14833
      vertex 5.62999 -0.354143 1.16745
      vertex 5.58335 -0.251548 1.17257
    endloop
  endfacet
  facet normal -0.393442 -0.223456 0.89178
    outer loop
      vertex 5.62999 -0.238007 1.19654
      vertex 5.58335 -0.234108 1.17694
      vertex 5.58335 -0.251548 1.17257
    endloop
  endfacet
  facet normal -0.91897 -0.09582 0.382508
    outer loop
      vertex 5.75 -0.435427 1.43541
      vertex 5.75 -0.292635 1.47118
      vertex 5.62999 -0.354143 1.16745
    endloop
  endfacet
  facet normal -0.918971 -0.0958112 0.382507
    outer loop
      vertex 5.75 -0.292635 1.47118
      vertex 5.62999 -0.238007 1.19654
      vertex 5.62999 -0.354143 1.16745
    endloop
  endfacet
  facet normal 0 -0.242989 0.970029
    outer loop
      vertex 5.75 -0.468215 2.35388
      vertex 7.34999 -0.696681 2.29665
      vertex 7.34999 -0.468215 2.35388
    endloop
  endfacet
  facet normal 0 -0.242989 0.970029
    outer loop
      vertex 7.34999 -0.696681 2.29665
      vertex 5.75 -0.468215 2.35388
      vertex 5.75 -0.696681 2.29665
    endloop
  endfacet
  facet normal -0.393502 -0.134914 0.90937
    outer loop
      vertex 5.58335 -0.135405 1.19158
      vertex 5.62999 -0.238007 1.19654
      vertex 5.62999 -0.119579 1.21411
    endloop
  endfacet
  facet normal -0.393443 -0.134886 0.9094
    outer loop
      vertex 5.62999 -0.238007 1.19654
      vertex 5.58335 -0.135405 1.19158
      vertex 5.58335 -0.234108 1.17694
    endloop
  endfacet
  facet normal -0.393478 -0.134987 0.90937
    outer loop
      vertex 5.62999 -0.119579 1.21411
      vertex 5.58335 -0.11762 1.19422
      vertex 5.58335 -0.135405 1.19158
    endloop
  endfacet
  facet normal -0.918971 -0.0578614 0.390056
    outer loop
      vertex 5.75 -0.292635 1.47118
      vertex 5.75 -0.147025 1.49278
      vertex 5.62999 -0.238007 1.19654
    endloop
  endfacet
  facet normal -0.91897 -0.057869 0.390058
    outer loop
      vertex 5.75 -0.147025 1.49278
      vertex 5.62999 -0.119579 1.21411
      vertex 5.62999 -0.238007 1.19654
    endloop
  endfacet
  facet normal 0 -0.146736 0.989176
    outer loop
      vertex 5.75 -0.23524 2.38844
      vertex 7.34999 -0.468215 2.35388
      vertex 7.34999 -0.23524 2.38844
    endloop
  endfacet
  facet normal 0 -0.146736 0.989176
    outer loop
      vertex 7.34999 -0.468215 2.35388
      vertex 5.75 -0.23524 2.38844
      vertex 5.75 -0.468215 2.35388
    endloop
  endfacet
  facet normal -0.393491 -0.0451511 0.918219
    outer loop
      vertex 5.58335 -0.0179578 1.19912
      vertex 5.62999 -0.119579 1.21411
      vertex 5.62999 0 1.21999
    endloop
  endfacet
  facet normal -0.39348 -0.0451455 0.918224
    outer loop
      vertex 5.62999 -0.119579 1.21411
      vertex 5.58335 -0.0179578 1.19912
      vertex 5.58335 -0.11762 1.19422
    endloop
  endfacet
  facet normal -0.393544 -0.0449955 0.918204
    outer loop
      vertex 5.58335 -0.0179578 1.19912
      vertex 5.62999 0 1.21999
      vertex 5.58335 0 1.2
    endloop
  endfacet
  facet normal -0.91897 -0.019341 0.393852
    outer loop
      vertex 5.75 -0.147025 1.49278
      vertex 5.75 0 1.5
      vertex 5.62999 -0.119579 1.21411
    endloop
  endfacet
  facet normal -0.918966 -0.0193671 0.393861
    outer loop
      vertex 5.75 0 1.5
      vertex 5.62999 0 1.21999
      vertex 5.62999 -0.119579 1.21411
    endloop
  endfacet
  facet normal 0 -0.0490397 0.998797
    outer loop
      vertex 5.75 0 2.39999
      vertex 7.34999 -0.23524 2.38844
      vertex 7.34999 0 2.39999
    endloop
  endfacet
  facet normal 0 -0.0490397 0.998797
    outer loop
      vertex 7.34999 -0.23524 2.38844
      vertex 5.75 0 2.39999
      vertex 5.75 -0.23524 2.38844
    endloop
  endfacet
endsolid OpenSCAD_Model
