ISO-10303-21;
HEADER;
/* Generated by software containing ST-Developer
 * from STEP Tools, Inc. (www.steptools.com) 
 */
/* OPTION: using custom renumber hook */

FILE_DESCRIPTION(
/* description */ ('STEP AP214',
'CAx-IF Rec.Pracs.---User Defined Attributes---1.5---2016-08-15'),
/* implementation_level */ '2;1');

FILE_NAME(
/* name */ '6a729a6a6f54d3374edde945',
/* time_stamp */ '2026-08-05T02:05:31Z',
/* author */ (''),
/* organization */ (''),
/* preprocessor_version */ 'ST-DEVELOPER v20',
/* originating_system */ 'ONSHAPE BY PTC INC, 1.218',
/* authorisation */ '  ');

FILE_SCHEMA (('AUTOMOTIVE_DESIGN {1 0 10303 214 3 1 1}'));
ENDSEC;

DATA;
#10=PROPERTY_DEFINITION_REPRESENTATION(#14,#12);
#11=PROPERTY_DEFINITION_REPRESENTATION(#15,#13);
#12=REPRESENTATION('',(#16),#6529);
#13=REPRESENTATION('',(#17),#6529);
#14=PROPERTY_DEFINITION('pmi validation property','',#6549);
#15=PROPERTY_DEFINITION('pmi validation property','',#6549);
#16=VALUE_REPRESENTATION_ITEM('number of annotations',COUNT_MEASURE(0.));
#17=VALUE_REPRESENTATION_ITEM('number of views',COUNT_MEASURE(0.));
#18=SHAPE_REPRESENTATION_RELATIONSHIP('','',#3571,#22);
#19=SHAPE_REPRESENTATION_RELATIONSHIP('','',#3572,#23);
#20=SHAPE_REPRESENTATION_RELATIONSHIP('','',#3573,#24);
#21=SHAPE_REPRESENTATION_RELATIONSHIP('','',#3574,#25);
#22=ADVANCED_BREP_SHAPE_REPRESENTATION('',(#3563),#6526);
#23=ADVANCED_BREP_SHAPE_REPRESENTATION('',(#3564),#6527);
#24=ADVANCED_BREP_SHAPE_REPRESENTATION('',(#3565),#6528);
#25=ADVANCED_BREP_SHAPE_REPRESENTATION('',(#3566),#6529);
#26=(
BOUNDED_SURFACE()
B_SPLINE_SURFACE(3,2,((#5336,#5337,#5338),(#5339,#5340,#5341),(#5342,#5343,
#5344),(#5345,#5346,#5347)),.UNSPECIFIED.,.F.,.F.,.F.)
B_SPLINE_SURFACE_WITH_KNOTS((4,4),(3,3),(2.33274226205033,2.39421158986237),
(0.,1.),.PIECEWISE_BEZIER_KNOTS.)
GEOMETRIC_REPRESENTATION_ITEM()
RATIONAL_B_SPLINE_SURFACE(((1.,0.399687907610936,1.),(1.,0.390547583034004,
1.),(1.,0.381361664123244,1.),(1.,0.372138646110004,1.)))
REPRESENTATION_ITEM('')
SURFACE()
);
#27=(
BOUNDED_SURFACE()
B_SPLINE_SURFACE(3,2,((#5354,#5355,#5356),(#5357,#5358,#5359),(#5360,#5361,
#5362),(#5363,#5364,#5365),(#5366,#5367,#5368)),.UNSPECIFIED.,.F.,.F.,.F.)
B_SPLINE_SURFACE_WITH_KNOTS((4,1,4),(3,3),(0.316694244212684,1.0208245785986,
1.72495491298452),(0.,1.),.UNSPECIFIED.)
GEOMETRIC_REPRESENTATION_ITEM()
RATIONAL_B_SPLINE_SURFACE(((1.,0.812283948167601,1.),(1.,0.80471746721707,
1.),(1.,0.772664969546614,1.),(1.,0.716925874934495,1.),(1.,0.688605829687448,
1.)))
REPRESENTATION_ITEM('')
SURFACE()
);
#28=(
BOUNDED_SURFACE()
B_SPLINE_SURFACE(3,2,((#5376,#5377,#5378),(#5379,#5380,#5381),(#5382,#5383,
#5384),(#5385,#5386,#5387)),.UNSPECIFIED.,.F.,.F.,.F.)
B_SPLINE_SURFACE_WITH_KNOTS((4,4),(3,3),(3.78441668238175,3.95044304512926),
(0.,1.),.PIECEWISE_BEZIER_KNOTS.)
GEOMETRIC_REPRESENTATION_ITEM()
RATIONAL_B_SPLINE_SURFACE(((1.,0.324802298230729,1.),(1.,0.349973622719518,
1.),(1.,0.375000231694252,1.),(1.,0.39968790761093,1.)))
REPRESENTATION_ITEM('')
SURFACE()
);
#29=(
BOUNDED_SURFACE()
B_SPLINE_SURFACE(3,2,((#5839,#5840,#5841),(#5842,#5843,#5844),(#5845,#5846,
#5847),(#5848,#5849,#5850)),.UNSPECIFIED.,.F.,.F.,.F.)
B_SPLINE_SURFACE_WITH_KNOTS((4,4),(3,3),(2.33274226205033,2.39421158986237),
(0.,1.),.PIECEWISE_BEZIER_KNOTS.)
GEOMETRIC_REPRESENTATION_ITEM()
RATIONAL_B_SPLINE_SURFACE(((1.,0.399687907610934,1.),(1.,0.390547583033757,
1.),(1.,0.381361664123955,1.),(1.,0.372138646110002,1.)))
REPRESENTATION_ITEM('')
SURFACE()
);
#30=(
BOUNDED_SURFACE()
B_SPLINE_SURFACE(3,2,((#5857,#5858,#5859),(#5860,#5861,#5862),(#5863,#5864,
#5865),(#5866,#5867,#5868),(#5869,#5870,#5871)),.UNSPECIFIED.,.F.,.F.,.F.)
B_SPLINE_SURFACE_WITH_KNOTS((4,1,4),(3,3),(0.316694244212683,1.02082457859861,
1.72495491298453),(0.,1.),.UNSPECIFIED.)
GEOMETRIC_REPRESENTATION_ITEM()
RATIONAL_B_SPLINE_SURFACE(((1.,0.812283948167602,1.),(1.,0.804717467217175,
1.),(1.,0.772664969548394,1.),(1.,0.716925874930831,1.),(1.,0.688605829687451,
1.)))
REPRESENTATION_ITEM('')
SURFACE()
);
#31=(
BOUNDED_SURFACE()
B_SPLINE_SURFACE(3,2,((#5879,#5880,#5881),(#5882,#5883,#5884),(#5885,#5886,
#5887),(#5888,#5889,#5890)),.UNSPECIFIED.,.F.,.F.,.F.)
B_SPLINE_SURFACE_WITH_KNOTS((4,4),(3,3),(3.78441668238175,3.95044304512926),
(0.,1.),.PIECEWISE_BEZIER_KNOTS.)
GEOMETRIC_REPRESENTATION_ITEM()
RATIONAL_B_SPLINE_SURFACE(((1.,0.324802298230732,1.),(1.,0.34997362271054,
1.),(1.,0.375000231697299,1.),(1.,0.399687907610928,1.)))
REPRESENTATION_ITEM('')
SURFACE()
);
#32=(
BOUNDED_SURFACE()
B_SPLINE_SURFACE(3,2,((#6342,#6343,#6344),(#6345,#6346,#6347),(#6348,#6349,
#6350),(#6351,#6352,#6353)),.UNSPECIFIED.,.F.,.F.,.F.)
B_SPLINE_SURFACE_WITH_KNOTS((4,4),(3,3),(2.33274226205033,2.39421158986237),
(0.,1.),.PIECEWISE_BEZIER_KNOTS.)
GEOMETRIC_REPRESENTATION_ITEM()
RATIONAL_B_SPLINE_SURFACE(((1.,0.399687907610934,1.),(1.,0.390547583034719,
1.),(1.,0.381361664123934,1.),(1.,0.372138646109999,1.)))
REPRESENTATION_ITEM('')
SURFACE()
);
#33=(
BOUNDED_SURFACE()
B_SPLINE_SURFACE(3,2,((#6360,#6361,#6362),(#6363,#6364,#6365),(#6366,#6367,
#6368),(#6369,#6370,#6371),(#6372,#6373,#6374)),.UNSPECIFIED.,.F.,.F.,.F.)
B_SPLINE_SURFACE_WITH_KNOTS((4,1,4),(3,3),(0.316694244212677,1.0208245785986,
1.72495491298453),(0.,1.),.UNSPECIFIED.)
GEOMETRIC_REPRESENTATION_ITEM()
RATIONAL_B_SPLINE_SURFACE(((1.,0.812283948167602,1.),(1.,0.804717467214318,
1.),(1.,0.772664969549931,1.),(1.,0.716925874930608,1.),(1.,0.688605829687447,
1.)))
REPRESENTATION_ITEM('')
SURFACE()
);
#34=(
BOUNDED_SURFACE()
B_SPLINE_SURFACE(3,2,((#6382,#6383,#6384),(#6385,#6386,#6387),(#6388,#6389,
#6390),(#6391,#6392,#6393)),.UNSPECIFIED.,.F.,.F.,.F.)
B_SPLINE_SURFACE_WITH_KNOTS((4,4),(3,3),(3.78441668238175,3.95044304512926),
(0.,1.),.PIECEWISE_BEZIER_KNOTS.)
GEOMETRIC_REPRESENTATION_ITEM()
RATIONAL_B_SPLINE_SURFACE(((1.,0.324802298230731,1.),(1.,0.349973622709472,
1.),(1.,0.375000231688551,1.),(1.,0.39968790761093,1.)))
REPRESENTATION_ITEM('')
SURFACE()
);
#35=VERTEX_LOOP('',#2275);
#36=VERTEX_LOOP('',#2290);
#37=VERTEX_LOOP('',#2384);
#38=VERTEX_LOOP('',#2400);
#39=VERTEX_LOOP('',#2493);
#40=VERTEX_LOOP('',#2509);
#41=LINE('',#5069,#236);
#42=LINE('',#5074,#237);
#43=LINE('',#5076,#238);
#44=LINE('',#5078,#239);
#45=LINE('',#5083,#240);
#46=LINE('',#5085,#241);
#47=LINE('',#5090,#242);
#48=LINE('',#5092,#243);
#49=LINE('',#5097,#244);
#50=LINE('',#5099,#245);
#51=LINE('',#5104,#246);
#52=LINE('',#5111,#247);
#53=LINE('',#5113,#248);
#54=LINE('',#5115,#249);
#55=LINE('',#5122,#250);
#56=LINE('',#5137,#251);
#57=LINE('',#5139,#252);
#58=LINE('',#5141,#253);
#59=LINE('',#5143,#254);
#60=LINE('',#5147,#255);
#61=LINE('',#5149,#256);
#62=LINE('',#5152,#257);
#63=LINE('',#5154,#258);
#64=LINE('',#5156,#259);
#65=LINE('',#5157,#260);
#66=LINE('',#5159,#261);
#67=LINE('',#5161,#262);
#68=LINE('',#5176,#263);
#69=LINE('',#5180,#264);
#70=LINE('',#5182,#265);
#71=LINE('',#5183,#266);
#72=LINE('',#5197,#267);
#73=LINE('',#5198,#268);
#74=LINE('',#5201,#269);
#75=LINE('',#5214,#270);
#76=LINE('',#5219,#271);
#77=LINE('',#5236,#272);
#78=LINE('',#5238,#273);
#79=LINE('',#5245,#274);
#80=LINE('',#5247,#275);
#81=LINE('',#5254,#276);
#82=LINE('',#5256,#277);
#83=LINE('',#5258,#278);
#84=LINE('',#5261,#279);
#85=LINE('',#5263,#280);
#86=LINE('',#5265,#281);
#87=LINE('',#5279,#282);
#88=LINE('',#5286,#283);
#89=LINE('',#5289,#284);
#90=LINE('',#5431,#285);
#91=LINE('',#5433,#286);
#92=LINE('',#5435,#287);
#93=LINE('',#5437,#288);
#94=LINE('',#5439,#289);
#95=LINE('',#5441,#290);
#96=LINE('',#5443,#291);
#97=LINE('',#5445,#292);
#98=LINE('',#5448,#293);
#99=LINE('',#5450,#294);
#100=LINE('',#5452,#295);
#101=LINE('',#5454,#296);
#102=LINE('',#5456,#297);
#103=LINE('',#5458,#298);
#104=LINE('',#5460,#299);
#105=LINE('',#5462,#300);
#106=LINE('',#5572,#301);
#107=LINE('',#5577,#302);
#108=LINE('',#5579,#303);
#109=LINE('',#5581,#304);
#110=LINE('',#5586,#305);
#111=LINE('',#5588,#306);
#112=LINE('',#5593,#307);
#113=LINE('',#5595,#308);
#114=LINE('',#5600,#309);
#115=LINE('',#5602,#310);
#116=LINE('',#5607,#311);
#117=LINE('',#5614,#312);
#118=LINE('',#5616,#313);
#119=LINE('',#5618,#314);
#120=LINE('',#5625,#315);
#121=LINE('',#5640,#316);
#122=LINE('',#5642,#317);
#123=LINE('',#5644,#318);
#124=LINE('',#5646,#319);
#125=LINE('',#5650,#320);
#126=LINE('',#5652,#321);
#127=LINE('',#5655,#322);
#128=LINE('',#5657,#323);
#129=LINE('',#5659,#324);
#130=LINE('',#5660,#325);
#131=LINE('',#5662,#326);
#132=LINE('',#5664,#327);
#133=LINE('',#5679,#328);
#134=LINE('',#5683,#329);
#135=LINE('',#5685,#330);
#136=LINE('',#5686,#331);
#137=LINE('',#5700,#332);
#138=LINE('',#5701,#333);
#139=LINE('',#5704,#334);
#140=LINE('',#5717,#335);
#141=LINE('',#5722,#336);
#142=LINE('',#5738,#337);
#143=LINE('',#5745,#338);
#144=LINE('',#5747,#339);
#145=LINE('',#5755,#340);
#146=LINE('',#5757,#341);
#147=LINE('',#5759,#342);
#148=LINE('',#5762,#343);
#149=LINE('',#5764,#344);
#150=LINE('',#5766,#345);
#151=LINE('',#5781,#346);
#152=LINE('',#5783,#347);
#153=LINE('',#5790,#348);
#154=LINE('',#5793,#349);
#155=LINE('',#5934,#350);
#156=LINE('',#5936,#351);
#157=LINE('',#5938,#352);
#158=LINE('',#5940,#353);
#159=LINE('',#5942,#354);
#160=LINE('',#5944,#355);
#161=LINE('',#5946,#356);
#162=LINE('',#5948,#357);
#163=LINE('',#5951,#358);
#164=LINE('',#5953,#359);
#165=LINE('',#5955,#360);
#166=LINE('',#5957,#361);
#167=LINE('',#5959,#362);
#168=LINE('',#5961,#363);
#169=LINE('',#5963,#364);
#170=LINE('',#5965,#365);
#171=LINE('',#6075,#366);
#172=LINE('',#6080,#367);
#173=LINE('',#6082,#368);
#174=LINE('',#6084,#369);
#175=LINE('',#6089,#370);
#176=LINE('',#6091,#371);
#177=LINE('',#6096,#372);
#178=LINE('',#6098,#373);
#179=LINE('',#6103,#374);
#180=LINE('',#6105,#375);
#181=LINE('',#6110,#376);
#182=LINE('',#6117,#377);
#183=LINE('',#6119,#378);
#184=LINE('',#6121,#379);
#185=LINE('',#6128,#380);
#186=LINE('',#6143,#381);
#187=LINE('',#6145,#382);
#188=LINE('',#6147,#383);
#189=LINE('',#6149,#384);
#190=LINE('',#6153,#385);
#191=LINE('',#6155,#386);
#192=LINE('',#6158,#387);
#193=LINE('',#6160,#388);
#194=LINE('',#6162,#389);
#195=LINE('',#6163,#390);
#196=LINE('',#6165,#391);
#197=LINE('',#6167,#392);
#198=LINE('',#6182,#393);
#199=LINE('',#6186,#394);
#200=LINE('',#6188,#395);
#201=LINE('',#6189,#396);
#202=LINE('',#6203,#397);
#203=LINE('',#6204,#398);
#204=LINE('',#6207,#399);
#205=LINE('',#6220,#400);
#206=LINE('',#6225,#401);
#207=LINE('',#6241,#402);
#208=LINE('',#6248,#403);
#209=LINE('',#6250,#404);
#210=LINE('',#6258,#405);
#211=LINE('',#6260,#406);
#212=LINE('',#6262,#407);
#213=LINE('',#6265,#408);
#214=LINE('',#6267,#409);
#215=LINE('',#6269,#410);
#216=LINE('',#6284,#411);
#217=LINE('',#6286,#412);
#218=LINE('',#6293,#413);
#219=LINE('',#6296,#414);
#220=LINE('',#6437,#415);
#221=LINE('',#6439,#416);
#222=LINE('',#6441,#417);
#223=LINE('',#6443,#418);
#224=LINE('',#6445,#419);
#225=LINE('',#6447,#420);
#226=LINE('',#6449,#421);
#227=LINE('',#6451,#422);
#228=LINE('',#6454,#423);
#229=LINE('',#6456,#424);
#230=LINE('',#6458,#425);
#231=LINE('',#6460,#426);
#232=LINE('',#6462,#427);
#233=LINE('',#6464,#428);
#234=LINE('',#6466,#429);
#235=LINE('',#6468,#430);
#236=VECTOR('',#4044,1.);
#237=VECTOR('',#4047,1.);
#238=VECTOR('',#4048,1.);
#239=VECTOR('',#4051,1.);
#240=VECTOR('',#4054,1.);
#241=VECTOR('',#4057,1.);
#242=VECTOR('',#4060,1.);
#243=VECTOR('',#4063,1.);
#244=VECTOR('',#4066,1.);
#245=VECTOR('',#4069,1.);
#246=VECTOR('',#4072,1.);
#247=VECTOR('',#4079,1.);
#248=VECTOR('',#4080,1.);
#249=VECTOR('',#4083,1.);
#250=VECTOR('',#4088,1.);
#251=VECTOR('',#4093,1.);
#252=VECTOR('',#4094,1.);
#253=VECTOR('',#4095,1.);
#254=VECTOR('',#4096,1.);
#255=VECTOR('',#4099,1.);
#256=VECTOR('',#4102,1.);
#257=VECTOR('',#4103,1.);
#258=VECTOR('',#4104,1.);
#259=VECTOR('',#4105,1.);
#260=VECTOR('',#4106,1.);
#261=VECTOR('',#4107,1.);
#262=VECTOR('',#4108,1.);
#263=VECTOR('',#4113,1.);
#264=VECTOR('',#4116,1.);
#265=VECTOR('',#4117,1.);
#266=VECTOR('',#4118,1.);
#267=VECTOR('',#4125,1.);
#268=VECTOR('',#4126,1.);
#269=VECTOR('',#4131,1.);
#270=VECTOR('',#4136,1.);
#271=VECTOR('',#4139,1.);
#272=VECTOR('',#4144,1.);
#273=VECTOR('',#4145,1.);
#274=VECTOR('',#4146,1.);
#275=VECTOR('',#4147,1.);
#276=VECTOR('',#4150,1.);
#277=VECTOR('',#4151,1.);
#278=VECTOR('',#4154,1.);
#279=VECTOR('',#4155,1.);
#280=VECTOR('',#4156,1.);
#281=VECTOR('',#4157,1.);
#282=VECTOR('',#4160,1.);
#283=VECTOR('',#4161,1.);
#284=VECTOR('',#4164,1.);
#285=VECTOR('',#4245,1.);
#286=VECTOR('',#4246,1.);
#287=VECTOR('',#4247,1.);
#288=VECTOR('',#4250,1.);
#289=VECTOR('',#4251,1.);
#290=VECTOR('',#4252,1.);
#291=VECTOR('',#4255,1.);
#292=VECTOR('',#4258,1.);
#293=VECTOR('',#4263,1.);
#294=VECTOR('',#4264,1.);
#295=VECTOR('',#4265,1.);
#296=VECTOR('',#4268,1.);
#297=VECTOR('',#4269,1.);
#298=VECTOR('',#4270,1.);
#299=VECTOR('',#4273,1.);
#300=VECTOR('',#4276,1.);
#301=VECTOR('',#4351,1.);
#302=VECTOR('',#4354,1.);
#303=VECTOR('',#4355,1.);
#304=VECTOR('',#4358,1.);
#305=VECTOR('',#4361,1.);
#306=VECTOR('',#4364,1.);
#307=VECTOR('',#4367,1.);
#308=VECTOR('',#4370,1.);
#309=VECTOR('',#4373,1.);
#310=VECTOR('',#4376,1.);
#311=VECTOR('',#4379,1.);
#312=VECTOR('',#4386,1.);
#313=VECTOR('',#4387,1.);
#314=VECTOR('',#4390,1.);
#315=VECTOR('',#4395,1.);
#316=VECTOR('',#4400,1.);
#317=VECTOR('',#4401,1.);
#318=VECTOR('',#4402,1.);
#319=VECTOR('',#4403,1.);
#320=VECTOR('',#4406,1.);
#321=VECTOR('',#4409,1.);
#322=VECTOR('',#4410,1.);
#323=VECTOR('',#4411,1.);
#324=VECTOR('',#4412,1.);
#325=VECTOR('',#4413,1.);
#326=VECTOR('',#4414,1.);
#327=VECTOR('',#4415,1.);
#328=VECTOR('',#4420,1.);
#329=VECTOR('',#4423,1.);
#330=VECTOR('',#4424,1.);
#331=VECTOR('',#4425,1.);
#332=VECTOR('',#4432,1.);
#333=VECTOR('',#4433,1.);
#334=VECTOR('',#4438,1.);
#335=VECTOR('',#4443,1.);
#336=VECTOR('',#4446,1.);
#337=VECTOR('',#4451,1.);
#338=VECTOR('',#4452,1.);
#339=VECTOR('',#4453,1.);
#340=VECTOR('',#4456,1.);
#341=VECTOR('',#4457,1.);
#342=VECTOR('',#4460,1.);
#343=VECTOR('',#4461,1.);
#344=VECTOR('',#4462,1.);
#345=VECTOR('',#4463,1.);
#346=VECTOR('',#4466,1.);
#347=VECTOR('',#4467,1.);
#348=VECTOR('',#4468,1.);
#349=VECTOR('',#4471,1.);
#350=VECTOR('',#4552,1.);
#351=VECTOR('',#4553,1.);
#352=VECTOR('',#4554,1.);
#353=VECTOR('',#4557,1.);
#354=VECTOR('',#4558,1.);
#355=VECTOR('',#4559,1.);
#356=VECTOR('',#4562,1.);
#357=VECTOR('',#4565,1.);
#358=VECTOR('',#4570,1.);
#359=VECTOR('',#4571,1.);
#360=VECTOR('',#4572,1.);
#361=VECTOR('',#4575,1.);
#362=VECTOR('',#4576,1.);
#363=VECTOR('',#4577,1.);
#364=VECTOR('',#4580,1.);
#365=VECTOR('',#4583,1.);
#366=VECTOR('',#4658,1.);
#367=VECTOR('',#4661,1.);
#368=VECTOR('',#4662,1.);
#369=VECTOR('',#4665,1.);
#370=VECTOR('',#4668,1.);
#371=VECTOR('',#4671,1.);
#372=VECTOR('',#4674,1.);
#373=VECTOR('',#4677,1.);
#374=VECTOR('',#4680,1.);
#375=VECTOR('',#4683,1.);
#376=VECTOR('',#4686,1.);
#377=VECTOR('',#4693,1.);
#378=VECTOR('',#4694,1.);
#379=VECTOR('',#4697,1.);
#380=VECTOR('',#4702,1.);
#381=VECTOR('',#4707,1.);
#382=VECTOR('',#4708,1.);
#383=VECTOR('',#4709,1.);
#384=VECTOR('',#4710,1.);
#385=VECTOR('',#4713,1.);
#386=VECTOR('',#4716,1.);
#387=VECTOR('',#4717,1.);
#388=VECTOR('',#4718,1.);
#389=VECTOR('',#4719,1.);
#390=VECTOR('',#4720,1.);
#391=VECTOR('',#4721,1.);
#392=VECTOR('',#4722,1.);
#393=VECTOR('',#4727,1.);
#394=VECTOR('',#4730,1.);
#395=VECTOR('',#4731,1.);
#396=VECTOR('',#4732,1.);
#397=VECTOR('',#4739,1.);
#398=VECTOR('',#4740,1.);
#399=VECTOR('',#4745,1.);
#400=VECTOR('',#4750,1.);
#401=VECTOR('',#4753,1.);
#402=VECTOR('',#4758,1.);
#403=VECTOR('',#4759,1.);
#404=VECTOR('',#4760,1.);
#405=VECTOR('',#4763,1.);
#406=VECTOR('',#4764,1.);
#407=VECTOR('',#4767,1.);
#408=VECTOR('',#4768,1.);
#409=VECTOR('',#4769,1.);
#410=VECTOR('',#4770,1.);
#411=VECTOR('',#4773,1.);
#412=VECTOR('',#4774,1.);
#413=VECTOR('',#4775,1.);
#414=VECTOR('',#4778,1.);
#415=VECTOR('',#4859,1.);
#416=VECTOR('',#4860,1.);
#417=VECTOR('',#4861,1.);
#418=VECTOR('',#4864,1.);
#419=VECTOR('',#4865,1.);
#420=VECTOR('',#4866,1.);
#421=VECTOR('',#4869,1.);
#422=VECTOR('',#4872,1.);
#423=VECTOR('',#4877,1.);
#424=VECTOR('',#4878,1.);
#425=VECTOR('',#4879,1.);
#426=VECTOR('',#4882,1.);
#427=VECTOR('',#4883,1.);
#428=VECTOR('',#4884,1.);
#429=VECTOR('',#4887,1.);
#430=VECTOR('',#4890,1.);
#431=PLANE('',#3610);
#432=PLANE('',#3612);
#433=PLANE('',#3614);
#434=PLANE('',#3616);
#435=PLANE('',#3618);
#436=PLANE('',#3620);
#437=PLANE('',#3623);
#438=PLANE('',#3626);
#439=PLANE('',#3629);
#440=PLANE('',#3630);
#441=PLANE('',#3633);
#442=PLANE('',#3635);
#443=PLANE('',#3636);
#444=PLANE('',#3637);
#445=PLANE('',#3639);
#446=PLANE('',#3641);
#447=PLANE('',#3643);
#448=PLANE('',#3644);
#449=PLANE('',#3646);
#450=PLANE('',#3647);
#451=PLANE('',#3649);
#452=PLANE('',#3686);
#453=PLANE('',#3687);
#454=PLANE('',#3688);
#455=PLANE('',#3689);
#456=PLANE('',#3690);
#457=PLANE('',#3691);
#458=PLANE('',#3692);
#459=PLANE('',#3693);
#460=PLANE('',#3694);
#461=PLANE('',#3695);
#462=PLANE('',#3731);
#463=PLANE('',#3733);
#464=PLANE('',#3735);
#465=PLANE('',#3737);
#466=PLANE('',#3739);
#467=PLANE('',#3741);
#468=PLANE('',#3744);
#469=PLANE('',#3747);
#470=PLANE('',#3750);
#471=PLANE('',#3751);
#472=PLANE('',#3754);
#473=PLANE('',#3756);
#474=PLANE('',#3757);
#475=PLANE('',#3758);
#476=PLANE('',#3760);
#477=PLANE('',#3762);
#478=PLANE('',#3764);
#479=PLANE('',#3765);
#480=PLANE('',#3767);
#481=PLANE('',#3768);
#482=PLANE('',#3770);
#483=PLANE('',#3807);
#484=PLANE('',#3808);
#485=PLANE('',#3809);
#486=PLANE('',#3810);
#487=PLANE('',#3811);
#488=PLANE('',#3812);
#489=PLANE('',#3813);
#490=PLANE('',#3814);
#491=PLANE('',#3815);
#492=PLANE('',#3816);
#493=PLANE('',#3852);
#494=PLANE('',#3854);
#495=PLANE('',#3856);
#496=PLANE('',#3858);
#497=PLANE('',#3860);
#498=PLANE('',#3862);
#499=PLANE('',#3865);
#500=PLANE('',#3868);
#501=PLANE('',#3871);
#502=PLANE('',#3872);
#503=PLANE('',#3875);
#504=PLANE('',#3877);
#505=PLANE('',#3878);
#506=PLANE('',#3879);
#507=PLANE('',#3881);
#508=PLANE('',#3883);
#509=PLANE('',#3885);
#510=PLANE('',#3886);
#511=PLANE('',#3888);
#512=PLANE('',#3889);
#513=PLANE('',#3891);
#514=PLANE('',#3928);
#515=PLANE('',#3929);
#516=PLANE('',#3930);
#517=PLANE('',#3931);
#518=PLANE('',#3932);
#519=PLANE('',#3933);
#520=PLANE('',#3934);
#521=PLANE('',#3935);
#522=PLANE('',#3936);
#523=PLANE('',#3937);
#524=TOROIDAL_SURFACE('',#3605,0.0039614,0.0005);
#525=TOROIDAL_SURFACE('',#3607,0.0039614,0.0005);
#526=TOROIDAL_SURFACE('',#3609,0.0039614,0.0005);
#527=TOROIDAL_SURFACE('',#3653,0.00610932987379925,0.0005);
#528=TOROIDAL_SURFACE('',#3654,0.00306599216965732,0.0005);
#529=TOROIDAL_SURFACE('',#3655,0.00464085336980172,0.0005);
#530=TOROIDAL_SURFACE('',#3656,0.00610932987379925,0.0005);
#531=TOROIDAL_SURFACE('',#3658,0.00610932987379925,0.0005);
#532=TOROIDAL_SURFACE('',#3661,0.00306599216965733,0.0005);
#533=TOROIDAL_SURFACE('',#3662,0.00610932987379925,0.0005);
#534=TOROIDAL_SURFACE('',#3666,0.00541352750062287,0.0005);
#535=TOROIDAL_SURFACE('',#3667,0.00442722350739151,0.0005);
#536=TOROIDAL_SURFACE('',#3668,0.00442722350739151,0.0005);
#537=TOROIDAL_SURFACE('',#3669,0.00541352750062287,0.0005);
#538=TOROIDAL_SURFACE('',#3671,0.00431277173056956,0.0005);
#539=TOROIDAL_SURFACE('',#3726,0.0039614,0.0005);
#540=TOROIDAL_SURFACE('',#3728,0.0039614,0.0005);
#541=TOROIDAL_SURFACE('',#3730,0.0039614,0.0005);
#542=TOROIDAL_SURFACE('',#3774,0.00610932987379925,0.0005);
#543=TOROIDAL_SURFACE('',#3775,0.00306599216965732,0.0005);
#544=TOROIDAL_SURFACE('',#3776,0.00464085336980172,0.0005);
#545=TOROIDAL_SURFACE('',#3777,0.00610932987379925,0.0005);
#546=TOROIDAL_SURFACE('',#3779,0.00610932987379925,0.0005);
#547=TOROIDAL_SURFACE('',#3782,0.00306599216965732,0.0005);
#548=TOROIDAL_SURFACE('',#3783,0.00610932987379925,0.0005);
#549=TOROIDAL_SURFACE('',#3787,0.00541352750062287,0.0005);
#550=TOROIDAL_SURFACE('',#3788,0.00442722350739151,0.0005);
#551=TOROIDAL_SURFACE('',#3789,0.00442722350739151,0.0005);
#552=TOROIDAL_SURFACE('',#3790,0.00541352750062287,0.0005);
#553=TOROIDAL_SURFACE('',#3792,0.00431277173056956,0.0005);
#554=TOROIDAL_SURFACE('',#3847,0.0039614,0.0005);
#555=TOROIDAL_SURFACE('',#3849,0.0039614,0.0005);
#556=TOROIDAL_SURFACE('',#3851,0.0039614,0.0005);
#557=TOROIDAL_SURFACE('',#3895,0.00610932987379925,0.0005);
#558=TOROIDAL_SURFACE('',#3896,0.00306599216965732,0.0005);
#559=TOROIDAL_SURFACE('',#3897,0.00464085336980172,0.0005);
#560=TOROIDAL_SURFACE('',#3898,0.00610932987379925,0.0005);
#561=TOROIDAL_SURFACE('',#3900,0.00610932987379925,0.0005);
#562=TOROIDAL_SURFACE('',#3903,0.00306599216965732,0.0005);
#563=TOROIDAL_SURFACE('',#3904,0.00610932987379925,0.0005);
#564=TOROIDAL_SURFACE('',#3908,0.00541352750062287,0.0005);
#565=TOROIDAL_SURFACE('',#3909,0.00442722350739151,0.0005);
#566=TOROIDAL_SURFACE('',#3910,0.00442722350739152,0.0005);
#567=TOROIDAL_SURFACE('',#3911,0.00541352750062287,0.0005);
#568=TOROIDAL_SURFACE('',#3913,0.00431277173056956,0.0005);
#569=ELLIPSE('',#3587,0.0234772680903379,0.0034614);
#570=ELLIPSE('',#3588,0.00373937275185919,0.0034614);
#571=ELLIPSE('',#3589,0.0234772680903379,0.0034614);
#572=ELLIPSE('',#3622,0.023556177894251,0.0039614);
#573=ELLIPSE('',#3624,0.023556177894251,0.0039614);
#574=ELLIPSE('',#3638,0.00420646033825911,0.0039614);
#575=ELLIPSE('',#3708,0.0234772680903379,0.0034614);
#576=ELLIPSE('',#3709,0.00373937275185919,0.0034614);
#577=ELLIPSE('',#3710,0.0234772680903379,0.0034614);
#578=ELLIPSE('',#3743,0.0235561778942511,0.0039614);
#579=ELLIPSE('',#3745,0.0235561778942511,0.0039614);
#580=ELLIPSE('',#3759,0.00420646033825911,0.0039614);
#581=ELLIPSE('',#3829,0.0234772680903379,0.0034614);
#582=ELLIPSE('',#3830,0.00373937275185919,0.0034614);
#583=ELLIPSE('',#3831,0.0234772680903379,0.0034614);
#584=ELLIPSE('',#3864,0.0235561778942511,0.0039614);
#585=ELLIPSE('',#3866,0.0235561778942511,0.0039614);
#586=ELLIPSE('',#3880,0.00420646033825911,0.0039614);
#587=B_SPLINE_CURVE_WITH_KNOTS('',3,(#4980,#4981,#4982,#4983,#4984,#4985,
#4986,#4987,#4988,#4989,#4990,#4991,#4992,#4993),.UNSPECIFIED.,.F.,.F.,
(4,1,1,1,1,1,1,1,1,1,1,4),(0.,0.000974790764098753,0.00194958152819751,
0.00243697691024688,0.00292437229229626,0.00341176767434564,0.00389916305639501,
0.00438655843844439,0.00487395382049377,0.00584874458459252,0.00682353534869127,
0.00779832611279003),.UNSPECIFIED.);
#588=B_SPLINE_CURVE_WITH_KNOTS('',3,(#5005,#5006,#5007,#5008,#5009,#5010,
#5011,#5012,#5013,#5014,#5015,#5016,#5017,#5018),.UNSPECIFIED.,.F.,.F.,
(4,1,1,1,1,1,1,1,1,1,1,4),(0.,0.000974790764098787,0.00194958152819757,
0.00243697691024697,0.00292437229229636,0.00341176767434575,0.00389916305639515,
0.00438655843844454,0.00487395382049394,0.00584874458459272,0.00682353534869151,
0.0077983261127903),.UNSPECIFIED.);
#589=B_SPLINE_CURVE_WITH_KNOTS('',3,(#5048,#5049,#5050,#5051),
 .UNSPECIFIED.,.F.,.F.,(4,4),(0.000954883660740099,0.00141530125707844),
 .UNSPECIFIED.);
#590=B_SPLINE_CURVE_WITH_KNOTS('',3,(#5054,#5055,#5056,#5057),
 .UNSPECIFIED.,.F.,.F.,(4,4),(0.00064863399579803,0.00110942709597053),
 .UNSPECIFIED.);
#591=B_SPLINE_CURVE_WITH_KNOTS('',3,(#5060,#5061,#5062,#5063),
 .UNSPECIFIED.,.F.,.F.,(4,4),(0.000426561928127387,0.000886493863970239),
 .UNSPECIFIED.);
#592=B_SPLINE_CURVE_WITH_KNOTS('',3,(#5064,#5065,#5066,#5067),
 .UNSPECIFIED.,.F.,.F.,(4,4),(0.00074432598076505,0.00120541576437416),
 .UNSPECIFIED.);
#593=B_SPLINE_CURVE_WITH_KNOTS('',3,(#5124,#5125,#5126,#5127,#5128),
 .UNSPECIFIED.,.F.,.F.,(4,1,4),(0.,0.000556538572405881,0.00111307714481176),
 .UNSPECIFIED.);
#594=B_SPLINE_CURVE_WITH_KNOTS('',3,(#5132,#5133,#5134,#5135,#5136),
 .UNSPECIFIED.,.F.,.F.,(4,1,4),(0.,0.00055964816848609,0.00111929633697218),
 .UNSPECIFIED.);
#595=B_SPLINE_CURVE_WITH_KNOTS('',3,(#5163,#5164,#5165,#5166,#5167),
 .UNSPECIFIED.,.F.,.F.,(4,1,4),(5.20417042793042E-18,0.000556538572405868,
0.00111307714481173),.UNSPECIFIED.);
#596=B_SPLINE_CURVE_WITH_KNOTS('',3,(#5171,#5172,#5173,#5174,#5175),
 .UNSPECIFIED.,.F.,.F.,(4,1,4),(0.,0.000559648168486093,0.00111929633697219),
 .UNSPECIFIED.);
#597=B_SPLINE_CURVE_WITH_KNOTS('',3,(#5185,#5186,#5187,#5188),
 .UNSPECIFIED.,.F.,.F.,(4,4),(0.,0.000648851566485874),.UNSPECIFIED.);
#598=B_SPLINE_CURVE_WITH_KNOTS('',3,(#5192,#5193,#5194,#5195),
 .UNSPECIFIED.,.F.,.F.,(4,4),(0.,0.000647835462154806),.UNSPECIFIED.);
#599=B_SPLINE_CURVE_WITH_KNOTS('',3,(#5202,#5203,#5204,#5205),
 .UNSPECIFIED.,.F.,.F.,(4,4),(0.,0.000458179683074927),.UNSPECIFIED.);
#600=B_SPLINE_CURVE_WITH_KNOTS('',3,(#5209,#5210,#5211,#5212),
 .UNSPECIFIED.,.F.,.F.,(4,4),(0.,0.000622849722686651),.UNSPECIFIED.);
#601=B_SPLINE_CURVE_WITH_KNOTS('',3,(#5222,#5223,#5224,#5225,#5226),
 .UNSPECIFIED.,.F.,.F.,(4,1,4),(0.,0.000469361469629022,0.000938722939258043),
 .UNSPECIFIED.);
#602=B_SPLINE_CURVE_WITH_KNOTS('',3,(#5231,#5232,#5233,#5234,#5235),
 .UNSPECIFIED.,.F.,.F.,(4,1,4),(0.,0.000471366355796985,0.00094273271159397),
 .UNSPECIFIED.);
#603=B_SPLINE_CURVE_WITH_KNOTS('',3,(#5240,#5241,#5242,#5243,#5244),
 .UNSPECIFIED.,.F.,.F.,(4,1,4),(0.,0.00134009575188063,0.00268019150376125),
 .UNSPECIFIED.);
#604=B_SPLINE_CURVE_WITH_KNOTS('',3,(#5249,#5250,#5251,#5252,#5253),
 .UNSPECIFIED.,.F.,.F.,(4,1,4),(0.,0.00182405651112786,0.00364811302225573),
 .UNSPECIFIED.);
#605=B_SPLINE_CURVE_WITH_KNOTS('',3,(#5266,#5267,#5268,#5269,#5270),
 .UNSPECIFIED.,.F.,.F.,(4,1,4),(0.,0.000469361469629023,0.000938722939258045),
 .UNSPECIFIED.);
#606=B_SPLINE_CURVE_WITH_KNOTS('',3,(#5274,#5275,#5276,#5277,#5278),
 .UNSPECIFIED.,.F.,.F.,(4,1,4),(0.,0.000471366355796981,0.000942732711593963),
 .UNSPECIFIED.);
#607=B_SPLINE_CURVE_WITH_KNOTS('',3,(#5280,#5281,#5282,#5283,#5284),
 .UNSPECIFIED.,.F.,.F.,(4,1,4),(0.,0.00134009575188063,0.00268019150376125),
 .UNSPECIFIED.);
#608=B_SPLINE_CURVE_WITH_KNOTS('',3,(#5291,#5292,#5293,#5294,#5295),
 .UNSPECIFIED.,.F.,.F.,(4,1,4),(0.,0.00182405651112786,0.00364811302225573),
 .UNSPECIFIED.);
#609=B_SPLINE_CURVE_WITH_KNOTS('',3,(#5304,#5305,#5306,#5307),
 .UNSPECIFIED.,.F.,.F.,(4,4),(0.,0.000278253570280859),.UNSPECIFIED.);
#610=B_SPLINE_CURVE_WITH_KNOTS('',3,(#5308,#5309,#5310,#5311),
 .UNSPECIFIED.,.F.,.F.,(4,4),(0.,0.000481695073368467),.UNSPECIFIED.);
#611=B_SPLINE_CURVE_WITH_KNOTS('',3,(#5313,#5314,#5315,#5316),
 .UNSPECIFIED.,.F.,.F.,(4,4),(0.,0.000278253570280867),.UNSPECIFIED.);
#612=B_SPLINE_CURVE_WITH_KNOTS('',3,(#5318,#5319,#5320,#5321),
 .UNSPECIFIED.,.F.,.F.,(4,4),(0.,0.000481695073368471),.UNSPECIFIED.);
#613=B_SPLINE_CURVE_WITH_KNOTS('',3,(#5325,#5326,#5327,#5328),
 .UNSPECIFIED.,.F.,.F.,(4,4),(0.,0.00027825357028092),.UNSPECIFIED.);
#614=B_SPLINE_CURVE_WITH_KNOTS('',3,(#5332,#5333,#5334,#5335),
 .UNSPECIFIED.,.F.,.F.,(4,4),(0.,0.000278253570280916),.UNSPECIFIED.);
#615=B_SPLINE_CURVE_WITH_KNOTS('',3,(#5348,#5349,#5350,#5351),
 .UNSPECIFIED.,.F.,.F.,(4,4),(0.,0.000693249999868233),.UNSPECIFIED.);
#616=B_SPLINE_CURVE_WITH_KNOTS('',3,(#5369,#5370,#5371,#5372,#5373),
 .UNSPECIFIED.,.F.,.F.,(4,1,4),(0.,0.000487498410562862,0.000974996821125724),
 .UNSPECIFIED.);
#617=B_SPLINE_CURVE_WITH_KNOTS('',3,(#5389,#5390,#5391,#5392),
 .UNSPECIFIED.,.F.,.F.,(4,4),(0.,0.000411647819638348),.UNSPECIFIED.);
#618=B_SPLINE_CURVE_WITH_KNOTS('',3,(#5393,#5394,#5395,#5396),
 .UNSPECIFIED.,.F.,.F.,(4,4),(0.,0.000411647819638348),.UNSPECIFIED.);
#619=B_SPLINE_CURVE_WITH_KNOTS('',3,(#5398,#5399,#5400,#5401),
 .UNSPECIFIED.,.F.,.F.,(4,4),(0.,0.000411647819638347),.UNSPECIFIED.);
#620=B_SPLINE_CURVE_WITH_KNOTS('',3,(#5403,#5404,#5405,#5406),
 .UNSPECIFIED.,.F.,.F.,(4,4),(0.,0.000411647819638348),.UNSPECIFIED.);
#621=B_SPLINE_CURVE_WITH_KNOTS('',3,(#5483,#5484,#5485,#5486,#5487,#5488,
#5489,#5490,#5491,#5492,#5493,#5494,#5495,#5496),.UNSPECIFIED.,.F.,.F.,
(4,1,1,1,1,1,1,1,1,1,1,4),(0.,0.000974790764098761,0.00194958152819752,
0.0024369769102469,0.00292437229229628,0.00341176767434566,0.00389916305639505,
0.00438655843844443,0.00487395382049381,0.00584874458459257,0.00682353534869133,
0.00779832611279009),.UNSPECIFIED.);
#622=B_SPLINE_CURVE_WITH_KNOTS('',3,(#5508,#5509,#5510,#5511,#5512,#5513,
#5514,#5515,#5516,#5517,#5518,#5519,#5520,#5521),.UNSPECIFIED.,.F.,.F.,
(4,1,1,1,1,1,1,1,1,1,1,4),(0.,0.000974790764098754,0.00194958152819751,
0.00243697691024689,0.00292437229229626,0.00341176767434564,0.00389916305639502,
0.00438655843844439,0.00487395382049377,0.00584874458459252,0.00682353534869128,
0.00779832611279003),.UNSPECIFIED.);
#623=B_SPLINE_CURVE_WITH_KNOTS('',3,(#5551,#5552,#5553,#5554),
 .UNSPECIFIED.,.F.,.F.,(4,4),(0.000426561928127225,0.000886493863970041),
 .UNSPECIFIED.);
#624=B_SPLINE_CURVE_WITH_KNOTS('',3,(#5557,#5558,#5559,#5560),
 .UNSPECIFIED.,.F.,.F.,(4,4),(0.000744325980764998,0.00120541576437417),
 .UNSPECIFIED.);
#625=B_SPLINE_CURVE_WITH_KNOTS('',3,(#5563,#5564,#5565,#5566),
 .UNSPECIFIED.,.F.,.F.,(4,4),(0.000954883660740139,0.00141530125707847),
 .UNSPECIFIED.);
#626=B_SPLINE_CURVE_WITH_KNOTS('',3,(#5567,#5568,#5569,#5570),
 .UNSPECIFIED.,.F.,.F.,(4,4),(0.000648633995798131,0.00110942709597053),
 .UNSPECIFIED.);
#627=B_SPLINE_CURVE_WITH_KNOTS('',3,(#5627,#5628,#5629,#5630,#5631),
 .UNSPECIFIED.,.F.,.F.,(4,1,4),(0.,0.000556538572405871,0.00111307714481174),
 .UNSPECIFIED.);
#628=B_SPLINE_CURVE_WITH_KNOTS('',3,(#5635,#5636,#5637,#5638,#5639),
 .UNSPECIFIED.,.F.,.F.,(4,1,4),(0.,0.000559648168486087,0.00111929633697217),
 .UNSPECIFIED.);
#629=B_SPLINE_CURVE_WITH_KNOTS('',3,(#5666,#5667,#5668,#5669,#5670),
 .UNSPECIFIED.,.F.,.F.,(4,1,4),(5.20417042793042E-18,0.000556538572405871,
0.00111307714481174),.UNSPECIFIED.);
#630=B_SPLINE_CURVE_WITH_KNOTS('',3,(#5674,#5675,#5676,#5677,#5678),
 .UNSPECIFIED.,.F.,.F.,(4,1,4),(0.,0.000559648168486093,0.00111929633697219),
 .UNSPECIFIED.);
#631=B_SPLINE_CURVE_WITH_KNOTS('',3,(#5688,#5689,#5690,#5691),
 .UNSPECIFIED.,.F.,.F.,(4,4),(0.,0.000648851566485865),.UNSPECIFIED.);
#632=B_SPLINE_CURVE_WITH_KNOTS('',3,(#5695,#5696,#5697,#5698),
 .UNSPECIFIED.,.F.,.F.,(4,4),(0.,0.000647835462154799),.UNSPECIFIED.);
#633=B_SPLINE_CURVE_WITH_KNOTS('',3,(#5705,#5706,#5707,#5708),
 .UNSPECIFIED.,.F.,.F.,(4,4),(0.,0.000458179683074954),.UNSPECIFIED.);
#634=B_SPLINE_CURVE_WITH_KNOTS('',3,(#5712,#5713,#5714,#5715),
 .UNSPECIFIED.,.F.,.F.,(4,4),(0.,0.000622849722686631),.UNSPECIFIED.);
#635=B_SPLINE_CURVE_WITH_KNOTS('',3,(#5725,#5726,#5727,#5728,#5729),
 .UNSPECIFIED.,.F.,.F.,(4,1,4),(0.,0.000469361469629031,0.000938722939258063),
 .UNSPECIFIED.);
#636=B_SPLINE_CURVE_WITH_KNOTS('',3,(#5733,#5734,#5735,#5736,#5737),
 .UNSPECIFIED.,.F.,.F.,(4,1,4),(0.,0.000471366355796972,0.000942732711593945),
 .UNSPECIFIED.);
#637=B_SPLINE_CURVE_WITH_KNOTS('',3,(#5739,#5740,#5741,#5742,#5743),
 .UNSPECIFIED.,.F.,.F.,(4,1,4),(0.,0.00134009575188063,0.00268019150376126),
 .UNSPECIFIED.);
#638=B_SPLINE_CURVE_WITH_KNOTS('',3,(#5749,#5750,#5751,#5752,#5753),
 .UNSPECIFIED.,.F.,.F.,(4,1,4),(0.,0.00182405651112787,0.00364811302225573),
 .UNSPECIFIED.);
#639=B_SPLINE_CURVE_WITH_KNOTS('',3,(#5767,#5768,#5769,#5770,#5771),
 .UNSPECIFIED.,.F.,.F.,(4,1,4),(0.,0.000469361469629002,0.000938722939258005),
 .UNSPECIFIED.);
#640=B_SPLINE_CURVE_WITH_KNOTS('',3,(#5776,#5777,#5778,#5779,#5780),
 .UNSPECIFIED.,.F.,.F.,(4,1,4),(0.,0.000471366355796995,0.00094273271159399),
 .UNSPECIFIED.);
#641=B_SPLINE_CURVE_WITH_KNOTS('',3,(#5785,#5786,#5787,#5788,#5789),
 .UNSPECIFIED.,.F.,.F.,(4,1,4),(0.,0.00134009575188064,0.00268019150376128),
 .UNSPECIFIED.);
#642=B_SPLINE_CURVE_WITH_KNOTS('',3,(#5794,#5795,#5796,#5797,#5798),
 .UNSPECIFIED.,.F.,.F.,(4,1,4),(0.,0.00182405651112786,0.00364811302225572),
 .UNSPECIFIED.);
#643=B_SPLINE_CURVE_WITH_KNOTS('',3,(#5807,#5808,#5809,#5810),
 .UNSPECIFIED.,.F.,.F.,(4,4),(0.,0.000278253570280855),.UNSPECIFIED.);
#644=B_SPLINE_CURVE_WITH_KNOTS('',3,(#5811,#5812,#5813,#5814),
 .UNSPECIFIED.,.F.,.F.,(4,4),(0.,0.000481695073368448),.UNSPECIFIED.);
#645=B_SPLINE_CURVE_WITH_KNOTS('',3,(#5816,#5817,#5818,#5819),
 .UNSPECIFIED.,.F.,.F.,(4,4),(0.,0.000278253570280855),.UNSPECIFIED.);
#646=B_SPLINE_CURVE_WITH_KNOTS('',3,(#5821,#5822,#5823,#5824),
 .UNSPECIFIED.,.F.,.F.,(4,4),(0.,0.000481695073368447),.UNSPECIFIED.);
#647=B_SPLINE_CURVE_WITH_KNOTS('',3,(#5828,#5829,#5830,#5831),
 .UNSPECIFIED.,.F.,.F.,(4,4),(0.,0.000278253570280858),.UNSPECIFIED.);
#648=B_SPLINE_CURVE_WITH_KNOTS('',3,(#5835,#5836,#5837,#5838),
 .UNSPECIFIED.,.F.,.F.,(4,4),(0.,0.00027825357028086),.UNSPECIFIED.);
#649=B_SPLINE_CURVE_WITH_KNOTS('',3,(#5851,#5852,#5853,#5854),
 .UNSPECIFIED.,.F.,.F.,(4,4),(0.,0.000693249999868212),.UNSPECIFIED.);
#650=B_SPLINE_CURVE_WITH_KNOTS('',3,(#5872,#5873,#5874,#5875,#5876),
 .UNSPECIFIED.,.F.,.F.,(4,1,4),(0.,0.00048749841056285,0.0009749968211257),
 .UNSPECIFIED.);
#651=B_SPLINE_CURVE_WITH_KNOTS('',3,(#5892,#5893,#5894,#5895),
 .UNSPECIFIED.,.F.,.F.,(4,4),(0.,0.000411647819638336),.UNSPECIFIED.);
#652=B_SPLINE_CURVE_WITH_KNOTS('',3,(#5896,#5897,#5898,#5899),
 .UNSPECIFIED.,.F.,.F.,(4,4),(0.,0.000411647819638314),.UNSPECIFIED.);
#653=B_SPLINE_CURVE_WITH_KNOTS('',3,(#5901,#5902,#5903,#5904),
 .UNSPECIFIED.,.F.,.F.,(4,4),(0.,0.000411647819638316),.UNSPECIFIED.);
#654=B_SPLINE_CURVE_WITH_KNOTS('',3,(#5906,#5907,#5908,#5909),
 .UNSPECIFIED.,.F.,.F.,(4,4),(0.,0.000411647819638338),.UNSPECIFIED.);
#655=B_SPLINE_CURVE_WITH_KNOTS('',3,(#5986,#5987,#5988,#5989,#5990,#5991,
#5992,#5993,#5994,#5995,#5996,#5997,#5998,#5999),.UNSPECIFIED.,.F.,.F.,
(4,1,1,1,1,1,1,1,1,1,1,4),(0.,0.000974790764098801,0.0019495815281976,0.002436976910247,
0.0029243722922964,0.00341176767434581,0.00389916305639521,0.00438655843844461,
0.00487395382049401,0.00584874458459281,0.00682353534869161,0.00779832611279041),
 .UNSPECIFIED.);
#656=B_SPLINE_CURVE_WITH_KNOTS('',3,(#6011,#6012,#6013,#6014,#6015,#6016,
#6017,#6018,#6019,#6020,#6021,#6022,#6023,#6024),.UNSPECIFIED.,.F.,.F.,
(4,1,1,1,1,1,1,1,1,1,1,4),(0.,0.000974790764098752,0.0019495815281975,0.00243697691024688,
0.00292437229229626,0.00341176767434563,0.00389916305639501,0.00438655843844438,
0.00487395382049376,0.00584874458459251,0.00682353534869127,0.00779832611279002),
 .UNSPECIFIED.);
#657=B_SPLINE_CURVE_WITH_KNOTS('',3,(#6054,#6055,#6056,#6057),
 .UNSPECIFIED.,.F.,.F.,(4,4),(6.93893281497432E-6,0.000469370251972286),
 .UNSPECIFIED.);
#658=B_SPLINE_CURVE_WITH_KNOTS('',3,(#6060,#6061,#6062,#6063),
 .UNSPECIFIED.,.F.,.F.,(4,4),(0.000971026513814143,0.00143212413382817),
 .UNSPECIFIED.);
#659=B_SPLINE_CURVE_WITH_KNOTS('',3,(#6066,#6067,#6068,#6069),
 .UNSPECIFIED.,.F.,.F.,(4,4),(6.93893281497009E-6,0.000469370251972269),
 .UNSPECIFIED.);
#660=B_SPLINE_CURVE_WITH_KNOTS('',3,(#6070,#6071,#6072,#6073),
 .UNSPECIFIED.,.F.,.F.,(4,4),(0.000971026513814174,0.0014321241338281),
 .UNSPECIFIED.);
#661=B_SPLINE_CURVE_WITH_KNOTS('',3,(#6130,#6131,#6132,#6133,#6134),
 .UNSPECIFIED.,.F.,.F.,(4,1,4),(0.,0.000556538572405891,0.00111307714481178),
 .UNSPECIFIED.);
#662=B_SPLINE_CURVE_WITH_KNOTS('',3,(#6138,#6139,#6140,#6141,#6142),
 .UNSPECIFIED.,.F.,.F.,(4,1,4),(0.,0.000559648168486094,0.00111929633697219),
 .UNSPECIFIED.);
#663=B_SPLINE_CURVE_WITH_KNOTS('',3,(#6169,#6170,#6171,#6172,#6173),
 .UNSPECIFIED.,.F.,.F.,(4,1,4),(0.,0.000556538572405875,0.00111307714481175),
 .UNSPECIFIED.);
#664=B_SPLINE_CURVE_WITH_KNOTS('',3,(#6177,#6178,#6179,#6180,#6181),
 .UNSPECIFIED.,.F.,.F.,(4,1,4),(0.,0.00055964816848609,0.00111929633697218),
 .UNSPECIFIED.);
#665=B_SPLINE_CURVE_WITH_KNOTS('',3,(#6191,#6192,#6193,#6194),
 .UNSPECIFIED.,.F.,.F.,(4,4),(0.,0.00064885156648584),.UNSPECIFIED.);
#666=B_SPLINE_CURVE_WITH_KNOTS('',3,(#6198,#6199,#6200,#6201),
 .UNSPECIFIED.,.F.,.F.,(4,4),(0.,0.000647835462154802),.UNSPECIFIED.);
#667=B_SPLINE_CURVE_WITH_KNOTS('',3,(#6208,#6209,#6210,#6211),
 .UNSPECIFIED.,.F.,.F.,(4,4),(0.,0.00045817968307494),.UNSPECIFIED.);
#668=B_SPLINE_CURVE_WITH_KNOTS('',3,(#6215,#6216,#6217,#6218),
 .UNSPECIFIED.,.F.,.F.,(4,4),(0.,0.000622849722686629),.UNSPECIFIED.);
#669=B_SPLINE_CURVE_WITH_KNOTS('',3,(#6228,#6229,#6230,#6231,#6232),
 .UNSPECIFIED.,.F.,.F.,(4,1,4),(0.,0.000469361469629025,0.00093872293925805),
 .UNSPECIFIED.);
#670=B_SPLINE_CURVE_WITH_KNOTS('',3,(#6236,#6237,#6238,#6239,#6240),
 .UNSPECIFIED.,.F.,.F.,(4,1,4),(0.,0.000471366355796979,0.000942732711593958),
 .UNSPECIFIED.);
#671=B_SPLINE_CURVE_WITH_KNOTS('',3,(#6242,#6243,#6244,#6245,#6246),
 .UNSPECIFIED.,.F.,.F.,(4,1,4),(0.,0.00134009575188063,0.00268019150376126),
 .UNSPECIFIED.);
#672=B_SPLINE_CURVE_WITH_KNOTS('',3,(#6252,#6253,#6254,#6255,#6256),
 .UNSPECIFIED.,.F.,.F.,(4,1,4),(0.,0.00182405651112787,0.00364811302225573),
 .UNSPECIFIED.);
#673=B_SPLINE_CURVE_WITH_KNOTS('',3,(#6270,#6271,#6272,#6273,#6274),
 .UNSPECIFIED.,.F.,.F.,(4,1,4),(1.55158384577955E-17,0.000469361469629034,
0.000938722939258052),.UNSPECIFIED.);
#674=B_SPLINE_CURVE_WITH_KNOTS('',3,(#6279,#6280,#6281,#6282,#6283),
 .UNSPECIFIED.,.F.,.F.,(4,1,4),(0.,0.000471366355796982,0.000942732711593964),
 .UNSPECIFIED.);
#675=B_SPLINE_CURVE_WITH_KNOTS('',3,(#6288,#6289,#6290,#6291,#6292),
 .UNSPECIFIED.,.F.,.F.,(4,1,4),(0.,0.00134009575188063,0.00268019150376127),
 .UNSPECIFIED.);
#676=B_SPLINE_CURVE_WITH_KNOTS('',3,(#6297,#6298,#6299,#6300,#6301),
 .UNSPECIFIED.,.F.,.F.,(4,1,4),(0.,0.00182405651112783,0.00364811302225567),
 .UNSPECIFIED.);
#677=B_SPLINE_CURVE_WITH_KNOTS('',3,(#6310,#6311,#6312,#6313),
 .UNSPECIFIED.,.F.,.F.,(4,4),(0.,0.000278253570280887),.UNSPECIFIED.);
#678=B_SPLINE_CURVE_WITH_KNOTS('',3,(#6314,#6315,#6316,#6317),
 .UNSPECIFIED.,.F.,.F.,(4,4),(0.,0.000481695073368471),.UNSPECIFIED.);
#679=B_SPLINE_CURVE_WITH_KNOTS('',3,(#6319,#6320,#6321,#6322),
 .UNSPECIFIED.,.F.,.F.,(4,4),(0.,0.000278253570280887),.UNSPECIFIED.);
#680=B_SPLINE_CURVE_WITH_KNOTS('',3,(#6324,#6325,#6326,#6327),
 .UNSPECIFIED.,.F.,.F.,(4,4),(0.,0.000481695073368467),.UNSPECIFIED.);
#681=B_SPLINE_CURVE_WITH_KNOTS('',3,(#6331,#6332,#6333,#6334),
 .UNSPECIFIED.,.F.,.F.,(4,4),(0.,0.000278253570280855),.UNSPECIFIED.);
#682=B_SPLINE_CURVE_WITH_KNOTS('',3,(#6338,#6339,#6340,#6341),
 .UNSPECIFIED.,.F.,.F.,(4,4),(0.,0.000278253570280848),.UNSPECIFIED.);
#683=B_SPLINE_CURVE_WITH_KNOTS('',3,(#6354,#6355,#6356,#6357),
 .UNSPECIFIED.,.F.,.F.,(4,4),(0.,0.000693249999868242),.UNSPECIFIED.);
#684=B_SPLINE_CURVE_WITH_KNOTS('',3,(#6375,#6376,#6377,#6378,#6379),
 .UNSPECIFIED.,.F.,.F.,(4,1,4),(0.,0.000487498410562871,0.000974996821125741),
 .UNSPECIFIED.);
#685=B_SPLINE_CURVE_WITH_KNOTS('',3,(#6395,#6396,#6397,#6398),
 .UNSPECIFIED.,.F.,.F.,(4,4),(0.,0.00041164781963833),.UNSPECIFIED.);
#686=B_SPLINE_CURVE_WITH_KNOTS('',3,(#6399,#6400,#6401,#6402),
 .UNSPECIFIED.,.F.,.F.,(4,4),(0.,0.00041164781963833),.UNSPECIFIED.);
#687=B_SPLINE_CURVE_WITH_KNOTS('',3,(#6404,#6405,#6406,#6407),
 .UNSPECIFIED.,.F.,.F.,(4,4),(0.,0.000411647819638335),.UNSPECIFIED.);
#688=B_SPLINE_CURVE_WITH_KNOTS('',3,(#6409,#6410,#6411,#6412),
 .UNSPECIFIED.,.F.,.F.,(4,4),(0.,0.000411647819638355),.UNSPECIFIED.);
#689=CYLINDRICAL_SURFACE('',#3585,0.0034614);
#690=CYLINDRICAL_SURFACE('',#3670,0.0005);
#691=CYLINDRICAL_SURFACE('',#3672,0.0017307);
#692=CYLINDRICAL_SURFACE('',#3674,0.0017307);
#693=CYLINDRICAL_SURFACE('',#3676,0.0017307);
#694=CYLINDRICAL_SURFACE('',#3679,0.0017307);
#695=CYLINDRICAL_SURFACE('',#3681,0.0017307);
#696=CYLINDRICAL_SURFACE('',#3685,0.0017307);
#697=CYLINDRICAL_SURFACE('',#3706,0.0034614);
#698=CYLINDRICAL_SURFACE('',#3791,0.0005);
#699=CYLINDRICAL_SURFACE('',#3793,0.0017307);
#700=CYLINDRICAL_SURFACE('',#3798,0.0017307);
#701=CYLINDRICAL_SURFACE('',#3799,0.0017307);
#702=CYLINDRICAL_SURFACE('',#3800,0.0017307);
#703=CYLINDRICAL_SURFACE('',#3805,0.0017307);
#704=CYLINDRICAL_SURFACE('',#3806,0.0017307);
#705=CYLINDRICAL_SURFACE('',#3827,0.0034614);
#706=CYLINDRICAL_SURFACE('',#3912,0.0005);
#707=CYLINDRICAL_SURFACE('',#3914,0.0017307);
#708=CYLINDRICAL_SURFACE('',#3916,0.0017307);
#709=CYLINDRICAL_SURFACE('',#3920,0.0017307);
#710=CYLINDRICAL_SURFACE('',#3921,0.0017307);
#711=CYLINDRICAL_SURFACE('',#3923,0.0017307);
#712=CYLINDRICAL_SURFACE('',#3927,0.0017307);
#713=CYLINDRICAL_SURFACE('',#3963,0.0017307);
#714=CYLINDRICAL_SURFACE('',#3964,0.0017307);
#715=CYLINDRICAL_SURFACE('',#3965,0.0017307);
#716=CYLINDRICAL_SURFACE('',#3966,0.0017307);
#717=CYLINDRICAL_SURFACE('',#3967,0.0017307);
#718=CYLINDRICAL_SURFACE('',#3968,0.0017307);
#719=CYLINDRICAL_SURFACE('',#3969,0.0017307);
#720=CYLINDRICAL_SURFACE('',#3970,0.0017307);
#721=CYLINDRICAL_SURFACE('',#3971,0.0017307);
#722=ORIENTED_EDGE('',*,*,#1706,.T.);
#723=ORIENTED_EDGE('',*,*,#1707,.T.);
#724=ORIENTED_EDGE('',*,*,#1708,.T.);
#725=ORIENTED_EDGE('',*,*,#1709,.T.);
#726=ORIENTED_EDGE('',*,*,#1710,.T.);
#727=ORIENTED_EDGE('',*,*,#1711,.T.);
#728=ORIENTED_EDGE('',*,*,#1712,.T.);
#729=ORIENTED_EDGE('',*,*,#1713,.T.);
#730=ORIENTED_EDGE('',*,*,#1714,.F.);
#731=ORIENTED_EDGE('',*,*,#1715,.T.);
#732=ORIENTED_EDGE('',*,*,#1716,.T.);
#733=ORIENTED_EDGE('',*,*,#1717,.T.);
#734=ORIENTED_EDGE('',*,*,#1718,.T.);
#735=ORIENTED_EDGE('',*,*,#1719,.T.);
#736=ORIENTED_EDGE('',*,*,#1720,.F.);
#737=ORIENTED_EDGE('',*,*,#1721,.T.);
#738=ORIENTED_EDGE('',*,*,#1722,.T.);
#739=ORIENTED_EDGE('',*,*,#1723,.T.);
#740=ORIENTED_EDGE('',*,*,#1724,.T.);
#741=ORIENTED_EDGE('',*,*,#1725,.T.);
#742=ORIENTED_EDGE('',*,*,#1726,.T.);
#743=ORIENTED_EDGE('',*,*,#1727,.T.);
#744=ORIENTED_EDGE('',*,*,#1728,.T.);
#745=ORIENTED_EDGE('',*,*,#1729,.T.);
#746=ORIENTED_EDGE('',*,*,#1730,.T.);
#747=ORIENTED_EDGE('',*,*,#1731,.T.);
#748=ORIENTED_EDGE('',*,*,#1732,.T.);
#749=ORIENTED_EDGE('',*,*,#1733,.T.);
#750=ORIENTED_EDGE('',*,*,#1734,.F.);
#751=ORIENTED_EDGE('',*,*,#1723,.F.);
#752=ORIENTED_EDGE('',*,*,#1735,.T.);
#753=ORIENTED_EDGE('',*,*,#1715,.F.);
#754=ORIENTED_EDGE('',*,*,#1736,.F.);
#755=ORIENTED_EDGE('',*,*,#1719,.F.);
#756=ORIENTED_EDGE('',*,*,#1737,.F.);
#757=ORIENTED_EDGE('',*,*,#1725,.F.);
#758=ORIENTED_EDGE('',*,*,#1738,.F.);
#759=ORIENTED_EDGE('',*,*,#1711,.F.);
#760=ORIENTED_EDGE('',*,*,#1739,.F.);
#761=ORIENTED_EDGE('',*,*,#1721,.F.);
#762=ORIENTED_EDGE('',*,*,#1740,.F.);
#763=ORIENTED_EDGE('',*,*,#1741,.T.);
#764=ORIENTED_EDGE('',*,*,#1742,.T.);
#765=ORIENTED_EDGE('',*,*,#1743,.F.);
#766=ORIENTED_EDGE('',*,*,#1744,.T.);
#767=ORIENTED_EDGE('',*,*,#1745,.T.);
#768=ORIENTED_EDGE('',*,*,#1746,.F.);
#769=ORIENTED_EDGE('',*,*,#1747,.F.);
#770=ORIENTED_EDGE('',*,*,#1748,.T.);
#771=ORIENTED_EDGE('',*,*,#1749,.T.);
#772=ORIENTED_EDGE('',*,*,#1750,.F.);
#773=ORIENTED_EDGE('',*,*,#1751,.T.);
#774=ORIENTED_EDGE('',*,*,#1752,.F.);
#775=ORIENTED_EDGE('',*,*,#1753,.F.);
#776=ORIENTED_EDGE('',*,*,#1754,.T.);
#777=ORIENTED_EDGE('',*,*,#1755,.T.);
#778=ORIENTED_EDGE('',*,*,#1756,.T.);
#779=ORIENTED_EDGE('',*,*,#1757,.T.);
#780=ORIENTED_EDGE('',*,*,#1758,.T.);
#781=ORIENTED_EDGE('',*,*,#1759,.T.);
#782=ORIENTED_EDGE('',*,*,#1760,.T.);
#783=ORIENTED_EDGE('',*,*,#1761,.T.);
#784=ORIENTED_EDGE('',*,*,#1762,.T.);
#785=ORIENTED_EDGE('',*,*,#1763,.F.);
#786=ORIENTED_EDGE('',*,*,#1764,.T.);
#787=ORIENTED_EDGE('',*,*,#1765,.T.);
#788=ORIENTED_EDGE('',*,*,#1766,.T.);
#789=ORIENTED_EDGE('',*,*,#1750,.T.);
#790=ORIENTED_EDGE('',*,*,#1767,.T.);
#791=ORIENTED_EDGE('',*,*,#1768,.F.);
#792=ORIENTED_EDGE('',*,*,#1769,.F.);
#793=ORIENTED_EDGE('',*,*,#1770,.T.);
#794=ORIENTED_EDGE('',*,*,#1771,.T.);
#795=ORIENTED_EDGE('',*,*,#1772,.F.);
#796=ORIENTED_EDGE('',*,*,#1763,.T.);
#797=ORIENTED_EDGE('',*,*,#1773,.F.);
#798=ORIENTED_EDGE('',*,*,#1774,.T.);
#799=ORIENTED_EDGE('',*,*,#1775,.T.);
#800=ORIENTED_EDGE('',*,*,#1776,.F.);
#801=ORIENTED_EDGE('',*,*,#1777,.T.);
#802=ORIENTED_EDGE('',*,*,#1778,.F.);
#803=ORIENTED_EDGE('',*,*,#1779,.F.);
#804=ORIENTED_EDGE('',*,*,#1768,.T.);
#805=ORIENTED_EDGE('',*,*,#1780,.T.);
#806=ORIENTED_EDGE('',*,*,#1781,.T.);
#807=ORIENTED_EDGE('',*,*,#1782,.T.);
#808=ORIENTED_EDGE('',*,*,#1759,.F.);
#809=ORIENTED_EDGE('',*,*,#1783,.T.);
#810=ORIENTED_EDGE('',*,*,#1784,.T.);
#811=ORIENTED_EDGE('',*,*,#1785,.F.);
#812=ORIENTED_EDGE('',*,*,#1786,.T.);
#813=ORIENTED_EDGE('',*,*,#1778,.T.);
#814=ORIENTED_EDGE('',*,*,#1787,.F.);
#815=ORIENTED_EDGE('',*,*,#1755,.F.);
#816=ORIENTED_EDGE('',*,*,#1788,.T.);
#817=ORIENTED_EDGE('',*,*,#1789,.T.);
#818=ORIENTED_EDGE('',*,*,#1790,.T.);
#819=ORIENTED_EDGE('',*,*,#1753,.T.);
#820=ORIENTED_EDGE('',*,*,#1787,.T.);
#821=ORIENTED_EDGE('',*,*,#1777,.F.);
#822=ORIENTED_EDGE('',*,*,#1767,.F.);
#823=ORIENTED_EDGE('',*,*,#1752,.T.);
#824=ORIENTED_EDGE('',*,*,#1785,.T.);
#825=ORIENTED_EDGE('',*,*,#1791,.T.);
#826=ORIENTED_EDGE('',*,*,#1770,.F.);
#827=ORIENTED_EDGE('',*,*,#1792,.T.);
#828=ORIENTED_EDGE('',*,*,#1792,.F.);
#829=ORIENTED_EDGE('',*,*,#1769,.T.);
#830=ORIENTED_EDGE('',*,*,#1779,.T.);
#831=ORIENTED_EDGE('',*,*,#1786,.F.);
#832=ORIENTED_EDGE('',*,*,#1772,.T.);
#833=ORIENTED_EDGE('',*,*,#1793,.T.);
#834=ORIENTED_EDGE('',*,*,#1783,.F.);
#835=ORIENTED_EDGE('',*,*,#1758,.F.);
#836=ORIENTED_EDGE('',*,*,#1794,.T.);
#837=ORIENTED_EDGE('',*,*,#1795,.T.);
#838=ORIENTED_EDGE('',*,*,#1796,.T.);
#839=ORIENTED_EDGE('',*,*,#1760,.F.);
#840=ORIENTED_EDGE('',*,*,#1797,.F.);
#841=ORIENTED_EDGE('',*,*,#1798,.T.);
#842=ORIENTED_EDGE('',*,*,#1799,.F.);
#843=ORIENTED_EDGE('',*,*,#1800,.T.);
#844=ORIENTED_EDGE('',*,*,#1801,.T.);
#845=ORIENTED_EDGE('',*,*,#1802,.T.);
#846=ORIENTED_EDGE('',*,*,#1744,.F.);
#847=ORIENTED_EDGE('',*,*,#1803,.F.);
#848=ORIENTED_EDGE('',*,*,#1804,.T.);
#849=ORIENTED_EDGE('',*,*,#1805,.T.);
#850=ORIENTED_EDGE('',*,*,#1740,.T.);
#851=ORIENTED_EDGE('',*,*,#1806,.T.);
#852=ORIENTED_EDGE('',*,*,#1807,.F.);
#853=ORIENTED_EDGE('',*,*,#1746,.T.);
#854=ORIENTED_EDGE('',*,*,#1808,.T.);
#855=ORIENTED_EDGE('',*,*,#1797,.T.);
#856=ORIENTED_EDGE('',*,*,#1809,.F.);
#857=ORIENTED_EDGE('',*,*,#1810,.F.);
#858=ORIENTED_EDGE('',*,*,#1803,.T.);
#859=ORIENTED_EDGE('',*,*,#1811,.F.);
#860=ORIENTED_EDGE('',*,*,#1812,.T.);
#861=ORIENTED_EDGE('',*,*,#1813,.T.);
#862=ORIENTED_EDGE('',*,*,#1814,.F.);
#863=ORIENTED_EDGE('',*,*,#1815,.T.);
#864=ORIENTED_EDGE('',*,*,#1816,.T.);
#865=ORIENTED_EDGE('',*,*,#1817,.T.);
#866=ORIENTED_EDGE('',*,*,#1747,.T.);
#867=ORIENTED_EDGE('',*,*,#1818,.F.);
#868=ORIENTED_EDGE('',*,*,#1742,.F.);
#869=ORIENTED_EDGE('',*,*,#1819,.T.);
#870=ORIENTED_EDGE('',*,*,#1820,.F.);
#871=ORIENTED_EDGE('',*,*,#1809,.T.);
#872=ORIENTED_EDGE('',*,*,#1799,.T.);
#873=ORIENTED_EDGE('',*,*,#1821,.F.);
#874=ORIENTED_EDGE('',*,*,#1806,.F.);
#875=ORIENTED_EDGE('',*,*,#1743,.T.);
#876=ORIENTED_EDGE('',*,*,#1818,.T.);
#877=ORIENTED_EDGE('',*,*,#1749,.F.);
#878=ORIENTED_EDGE('',*,*,#1822,.T.);
#879=ORIENTED_EDGE('',*,*,#1820,.T.);
#880=ORIENTED_EDGE('',*,*,#1823,.T.);
#881=ORIENTED_EDGE('',*,*,#1804,.F.);
#882=ORIENTED_EDGE('',*,*,#1810,.T.);
#883=ORIENTED_EDGE('',*,*,#1821,.T.);
#884=ORIENTED_EDGE('',*,*,#1824,.T.);
#885=ORIENTED_EDGE('',*,*,#1807,.T.);
#886=ORIENTED_EDGE('',*,*,#1825,.T.);
#887=ORIENTED_EDGE('',*,*,#1751,.F.);
#888=ORIENTED_EDGE('',*,*,#1766,.F.);
#889=ORIENTED_EDGE('',*,*,#1826,.F.);
#890=ORIENTED_EDGE('',*,*,#1730,.F.);
#891=ORIENTED_EDGE('',*,*,#1827,.F.);
#892=ORIENTED_EDGE('',*,*,#1788,.F.);
#893=ORIENTED_EDGE('',*,*,#1765,.F.);
#894=ORIENTED_EDGE('',*,*,#1828,.F.);
#895=ORIENTED_EDGE('',*,*,#1731,.F.);
#896=ORIENTED_EDGE('',*,*,#1826,.T.);
#897=ORIENTED_EDGE('',*,*,#1827,.T.);
#898=ORIENTED_EDGE('',*,*,#1729,.F.);
#899=ORIENTED_EDGE('',*,*,#1829,.F.);
#900=ORIENTED_EDGE('',*,*,#1789,.F.);
#901=ORIENTED_EDGE('',*,*,#1764,.F.);
#902=ORIENTED_EDGE('',*,*,#1762,.F.);
#903=ORIENTED_EDGE('',*,*,#1830,.F.);
#904=ORIENTED_EDGE('',*,*,#1732,.F.);
#905=ORIENTED_EDGE('',*,*,#1828,.T.);
#906=ORIENTED_EDGE('',*,*,#1829,.T.);
#907=ORIENTED_EDGE('',*,*,#1728,.F.);
#908=ORIENTED_EDGE('',*,*,#1831,.F.);
#909=ORIENTED_EDGE('',*,*,#1780,.F.);
#910=ORIENTED_EDGE('',*,*,#1754,.F.);
#911=ORIENTED_EDGE('',*,*,#1790,.F.);
#912=ORIENTED_EDGE('',*,*,#1735,.F.);
#913=ORIENTED_EDGE('',*,*,#1830,.T.);
#914=ORIENTED_EDGE('',*,*,#1832,.F.);
#915=ORIENTED_EDGE('',*,*,#1831,.T.);
#916=ORIENTED_EDGE('',*,*,#1727,.F.);
#917=ORIENTED_EDGE('',*,*,#1833,.F.);
#918=ORIENTED_EDGE('',*,*,#1781,.F.);
#919=ORIENTED_EDGE('',*,*,#1761,.F.);
#920=ORIENTED_EDGE('',*,*,#1796,.F.);
#921=ORIENTED_EDGE('',*,*,#1834,.F.);
#922=ORIENTED_EDGE('',*,*,#1716,.F.);
#923=ORIENTED_EDGE('',*,*,#1832,.T.);
#924=ORIENTED_EDGE('',*,*,#1833,.T.);
#925=ORIENTED_EDGE('',*,*,#1726,.F.);
#926=ORIENTED_EDGE('',*,*,#1835,.F.);
#927=ORIENTED_EDGE('',*,*,#1756,.F.);
#928=ORIENTED_EDGE('',*,*,#1782,.F.);
#929=ORIENTED_EDGE('',*,*,#1795,.F.);
#930=ORIENTED_EDGE('',*,*,#1836,.F.);
#931=ORIENTED_EDGE('',*,*,#1717,.F.);
#932=ORIENTED_EDGE('',*,*,#1834,.T.);
#933=ORIENTED_EDGE('',*,*,#1835,.T.);
#934=ORIENTED_EDGE('',*,*,#1737,.T.);
#935=ORIENTED_EDGE('',*,*,#1837,.F.);
#936=ORIENTED_EDGE('',*,*,#1794,.F.);
#937=ORIENTED_EDGE('',*,*,#1757,.F.);
#938=ORIENTED_EDGE('',*,*,#1837,.T.);
#939=ORIENTED_EDGE('',*,*,#1718,.F.);
#940=ORIENTED_EDGE('',*,*,#1836,.T.);
#941=ORIENTED_EDGE('',*,*,#1745,.F.);
#942=ORIENTED_EDGE('',*,*,#1802,.F.);
#943=ORIENTED_EDGE('',*,*,#1838,.F.);
#944=ORIENTED_EDGE('',*,*,#1709,.F.);
#945=ORIENTED_EDGE('',*,*,#1839,.F.);
#946=ORIENTED_EDGE('',*,*,#1815,.F.);
#947=ORIENTED_EDGE('',*,*,#1798,.F.);
#948=ORIENTED_EDGE('',*,*,#1808,.F.);
#949=ORIENTED_EDGE('',*,*,#1801,.F.);
#950=ORIENTED_EDGE('',*,*,#1840,.F.);
#951=ORIENTED_EDGE('',*,*,#1710,.F.);
#952=ORIENTED_EDGE('',*,*,#1838,.T.);
#953=ORIENTED_EDGE('',*,*,#1839,.T.);
#954=ORIENTED_EDGE('',*,*,#1708,.F.);
#955=ORIENTED_EDGE('',*,*,#1841,.F.);
#956=ORIENTED_EDGE('',*,*,#1816,.F.);
#957=ORIENTED_EDGE('',*,*,#1822,.F.);
#958=ORIENTED_EDGE('',*,*,#1748,.F.);
#959=ORIENTED_EDGE('',*,*,#1817,.F.);
#960=ORIENTED_EDGE('',*,*,#1841,.T.);
#961=ORIENTED_EDGE('',*,*,#1707,.F.);
#962=ORIENTED_EDGE('',*,*,#1840,.T.);
#963=ORIENTED_EDGE('',*,*,#1800,.F.);
#964=ORIENTED_EDGE('',*,*,#1824,.F.);
#965=ORIENTED_EDGE('',*,*,#1771,.F.);
#966=ORIENTED_EDGE('',*,*,#1791,.F.);
#967=ORIENTED_EDGE('',*,*,#1784,.F.);
#968=ORIENTED_EDGE('',*,*,#1793,.F.);
#969=ORIENTED_EDGE('',*,*,#1819,.F.);
#970=ORIENTED_EDGE('',*,*,#1741,.F.);
#971=ORIENTED_EDGE('',*,*,#1805,.F.);
#972=ORIENTED_EDGE('',*,*,#1823,.F.);
#973=ORIENTED_EDGE('',*,*,#1825,.F.);
#974=ORIENTED_EDGE('',*,*,#1842,.T.);
#975=ORIENTED_EDGE('',*,*,#1738,.T.);
#976=ORIENTED_EDGE('',*,*,#1720,.T.);
#977=ORIENTED_EDGE('',*,*,#1739,.T.);
#978=ORIENTED_EDGE('',*,*,#1712,.F.);
#979=ORIENTED_EDGE('',*,*,#1713,.F.);
#980=ORIENTED_EDGE('',*,*,#1843,.T.);
#981=ORIENTED_EDGE('',*,*,#1706,.F.);
#982=ORIENTED_EDGE('',*,*,#1844,.T.);
#983=ORIENTED_EDGE('',*,*,#1843,.F.);
#984=ORIENTED_EDGE('',*,*,#1844,.F.);
#985=ORIENTED_EDGE('',*,*,#1842,.F.);
#986=ORIENTED_EDGE('',*,*,#1845,.T.);
#987=ORIENTED_EDGE('',*,*,#1734,.T.);
#988=ORIENTED_EDGE('',*,*,#1714,.T.);
#989=ORIENTED_EDGE('',*,*,#1736,.T.);
#990=ORIENTED_EDGE('',*,*,#1724,.F.);
#991=ORIENTED_EDGE('',*,*,#1733,.F.);
#992=ORIENTED_EDGE('',*,*,#1846,.T.);
#993=ORIENTED_EDGE('',*,*,#1845,.F.);
#994=ORIENTED_EDGE('',*,*,#1847,.F.);
#995=ORIENTED_EDGE('',*,*,#1846,.F.);
#996=ORIENTED_EDGE('',*,*,#1722,.F.);
#997=ORIENTED_EDGE('',*,*,#1847,.T.);
#998=ORIENTED_EDGE('',*,*,#1811,.T.);
#999=ORIENTED_EDGE('',*,*,#1848,.F.);
#1000=ORIENTED_EDGE('',*,*,#1849,.F.);
#1001=ORIENTED_EDGE('',*,*,#1850,.T.);
#1002=ORIENTED_EDGE('',*,*,#1851,.F.);
#1003=ORIENTED_EDGE('',*,*,#1852,.T.);
#1004=ORIENTED_EDGE('',*,*,#1853,.T.);
#1005=ORIENTED_EDGE('',*,*,#1813,.F.);
#1006=ORIENTED_EDGE('',*,*,#1850,.F.);
#1007=ORIENTED_EDGE('',*,*,#1854,.T.);
#1008=ORIENTED_EDGE('',*,*,#1851,.T.);
#1009=ORIENTED_EDGE('',*,*,#1812,.F.);
#1010=ORIENTED_EDGE('',*,*,#1814,.T.);
#1011=ORIENTED_EDGE('',*,*,#1853,.F.);
#1012=ORIENTED_EDGE('',*,*,#1855,.F.);
#1013=ORIENTED_EDGE('',*,*,#1848,.T.);
#1014=ORIENTED_EDGE('',*,*,#1855,.T.);
#1015=ORIENTED_EDGE('',*,*,#1852,.F.);
#1016=ORIENTED_EDGE('',*,*,#1854,.F.);
#1017=ORIENTED_EDGE('',*,*,#1849,.T.);
#1018=ORIENTED_EDGE('',*,*,#1773,.T.);
#1019=ORIENTED_EDGE('',*,*,#1856,.F.);
#1020=ORIENTED_EDGE('',*,*,#1857,.F.);
#1021=ORIENTED_EDGE('',*,*,#1858,.T.);
#1022=ORIENTED_EDGE('',*,*,#1859,.F.);
#1023=ORIENTED_EDGE('',*,*,#1860,.T.);
#1024=ORIENTED_EDGE('',*,*,#1861,.T.);
#1025=ORIENTED_EDGE('',*,*,#1775,.F.);
#1026=ORIENTED_EDGE('',*,*,#1858,.F.);
#1027=ORIENTED_EDGE('',*,*,#1862,.T.);
#1028=ORIENTED_EDGE('',*,*,#1859,.T.);
#1029=ORIENTED_EDGE('',*,*,#1774,.F.);
#1030=ORIENTED_EDGE('',*,*,#1776,.T.);
#1031=ORIENTED_EDGE('',*,*,#1861,.F.);
#1032=ORIENTED_EDGE('',*,*,#1863,.F.);
#1033=ORIENTED_EDGE('',*,*,#1856,.T.);
#1034=ORIENTED_EDGE('',*,*,#1863,.T.);
#1035=ORIENTED_EDGE('',*,*,#1860,.F.);
#1036=ORIENTED_EDGE('',*,*,#1862,.F.);
#1037=ORIENTED_EDGE('',*,*,#1857,.T.);
#1038=ORIENTED_EDGE('',*,*,#1864,.T.);
#1039=ORIENTED_EDGE('',*,*,#1865,.T.);
#1040=ORIENTED_EDGE('',*,*,#1866,.T.);
#1041=ORIENTED_EDGE('',*,*,#1867,.T.);
#1042=ORIENTED_EDGE('',*,*,#1868,.T.);
#1043=ORIENTED_EDGE('',*,*,#1869,.T.);
#1044=ORIENTED_EDGE('',*,*,#1870,.T.);
#1045=ORIENTED_EDGE('',*,*,#1871,.T.);
#1046=ORIENTED_EDGE('',*,*,#1872,.F.);
#1047=ORIENTED_EDGE('',*,*,#1873,.T.);
#1048=ORIENTED_EDGE('',*,*,#1874,.T.);
#1049=ORIENTED_EDGE('',*,*,#1875,.T.);
#1050=ORIENTED_EDGE('',*,*,#1876,.T.);
#1051=ORIENTED_EDGE('',*,*,#1877,.T.);
#1052=ORIENTED_EDGE('',*,*,#1878,.F.);
#1053=ORIENTED_EDGE('',*,*,#1879,.T.);
#1054=ORIENTED_EDGE('',*,*,#1880,.T.);
#1055=ORIENTED_EDGE('',*,*,#1881,.T.);
#1056=ORIENTED_EDGE('',*,*,#1882,.T.);
#1057=ORIENTED_EDGE('',*,*,#1883,.T.);
#1058=ORIENTED_EDGE('',*,*,#1884,.T.);
#1059=ORIENTED_EDGE('',*,*,#1885,.T.);
#1060=ORIENTED_EDGE('',*,*,#1886,.T.);
#1061=ORIENTED_EDGE('',*,*,#1887,.T.);
#1062=ORIENTED_EDGE('',*,*,#1888,.T.);
#1063=ORIENTED_EDGE('',*,*,#1889,.T.);
#1064=ORIENTED_EDGE('',*,*,#1890,.T.);
#1065=ORIENTED_EDGE('',*,*,#1891,.T.);
#1066=ORIENTED_EDGE('',*,*,#1892,.F.);
#1067=ORIENTED_EDGE('',*,*,#1880,.F.);
#1068=ORIENTED_EDGE('',*,*,#1893,.T.);
#1069=ORIENTED_EDGE('',*,*,#1873,.F.);
#1070=ORIENTED_EDGE('',*,*,#1894,.F.);
#1071=ORIENTED_EDGE('',*,*,#1877,.F.);
#1072=ORIENTED_EDGE('',*,*,#1895,.F.);
#1073=ORIENTED_EDGE('',*,*,#1882,.F.);
#1074=ORIENTED_EDGE('',*,*,#1896,.F.);
#1075=ORIENTED_EDGE('',*,*,#1870,.F.);
#1076=ORIENTED_EDGE('',*,*,#1897,.F.);
#1077=ORIENTED_EDGE('',*,*,#1879,.F.);
#1078=ORIENTED_EDGE('',*,*,#1898,.T.);
#1079=ORIENTED_EDGE('',*,*,#1899,.T.);
#1080=ORIENTED_EDGE('',*,*,#1900,.F.);
#1081=ORIENTED_EDGE('',*,*,#1901,.T.);
#1082=ORIENTED_EDGE('',*,*,#1902,.T.);
#1083=ORIENTED_EDGE('',*,*,#1903,.T.);
#1084=ORIENTED_EDGE('',*,*,#1904,.F.);
#1085=ORIENTED_EDGE('',*,*,#1905,.F.);
#1086=ORIENTED_EDGE('',*,*,#1906,.T.);
#1087=ORIENTED_EDGE('',*,*,#1907,.T.);
#1088=ORIENTED_EDGE('',*,*,#1908,.F.);
#1089=ORIENTED_EDGE('',*,*,#1909,.T.);
#1090=ORIENTED_EDGE('',*,*,#1910,.F.);
#1091=ORIENTED_EDGE('',*,*,#1911,.F.);
#1092=ORIENTED_EDGE('',*,*,#1912,.T.);
#1093=ORIENTED_EDGE('',*,*,#1913,.T.);
#1094=ORIENTED_EDGE('',*,*,#1914,.T.);
#1095=ORIENTED_EDGE('',*,*,#1915,.T.);
#1096=ORIENTED_EDGE('',*,*,#1916,.T.);
#1097=ORIENTED_EDGE('',*,*,#1917,.T.);
#1098=ORIENTED_EDGE('',*,*,#1918,.T.);
#1099=ORIENTED_EDGE('',*,*,#1919,.T.);
#1100=ORIENTED_EDGE('',*,*,#1920,.T.);
#1101=ORIENTED_EDGE('',*,*,#1921,.F.);
#1102=ORIENTED_EDGE('',*,*,#1922,.T.);
#1103=ORIENTED_EDGE('',*,*,#1923,.T.);
#1104=ORIENTED_EDGE('',*,*,#1924,.T.);
#1105=ORIENTED_EDGE('',*,*,#1908,.T.);
#1106=ORIENTED_EDGE('',*,*,#1925,.T.);
#1107=ORIENTED_EDGE('',*,*,#1926,.F.);
#1108=ORIENTED_EDGE('',*,*,#1927,.F.);
#1109=ORIENTED_EDGE('',*,*,#1928,.T.);
#1110=ORIENTED_EDGE('',*,*,#1929,.T.);
#1111=ORIENTED_EDGE('',*,*,#1930,.F.);
#1112=ORIENTED_EDGE('',*,*,#1921,.T.);
#1113=ORIENTED_EDGE('',*,*,#1931,.F.);
#1114=ORIENTED_EDGE('',*,*,#1932,.T.);
#1115=ORIENTED_EDGE('',*,*,#1933,.T.);
#1116=ORIENTED_EDGE('',*,*,#1934,.F.);
#1117=ORIENTED_EDGE('',*,*,#1935,.T.);
#1118=ORIENTED_EDGE('',*,*,#1936,.F.);
#1119=ORIENTED_EDGE('',*,*,#1937,.F.);
#1120=ORIENTED_EDGE('',*,*,#1926,.T.);
#1121=ORIENTED_EDGE('',*,*,#1938,.T.);
#1122=ORIENTED_EDGE('',*,*,#1939,.T.);
#1123=ORIENTED_EDGE('',*,*,#1940,.T.);
#1124=ORIENTED_EDGE('',*,*,#1917,.F.);
#1125=ORIENTED_EDGE('',*,*,#1941,.T.);
#1126=ORIENTED_EDGE('',*,*,#1942,.T.);
#1127=ORIENTED_EDGE('',*,*,#1943,.F.);
#1128=ORIENTED_EDGE('',*,*,#1944,.T.);
#1129=ORIENTED_EDGE('',*,*,#1936,.T.);
#1130=ORIENTED_EDGE('',*,*,#1945,.F.);
#1131=ORIENTED_EDGE('',*,*,#1913,.F.);
#1132=ORIENTED_EDGE('',*,*,#1946,.T.);
#1133=ORIENTED_EDGE('',*,*,#1947,.T.);
#1134=ORIENTED_EDGE('',*,*,#1948,.T.);
#1135=ORIENTED_EDGE('',*,*,#1911,.T.);
#1136=ORIENTED_EDGE('',*,*,#1945,.T.);
#1137=ORIENTED_EDGE('',*,*,#1935,.F.);
#1138=ORIENTED_EDGE('',*,*,#1925,.F.);
#1139=ORIENTED_EDGE('',*,*,#1910,.T.);
#1140=ORIENTED_EDGE('',*,*,#1943,.T.);
#1141=ORIENTED_EDGE('',*,*,#1949,.T.);
#1142=ORIENTED_EDGE('',*,*,#1928,.F.);
#1143=ORIENTED_EDGE('',*,*,#1950,.T.);
#1144=ORIENTED_EDGE('',*,*,#1950,.F.);
#1145=ORIENTED_EDGE('',*,*,#1927,.T.);
#1146=ORIENTED_EDGE('',*,*,#1937,.T.);
#1147=ORIENTED_EDGE('',*,*,#1944,.F.);
#1148=ORIENTED_EDGE('',*,*,#1930,.T.);
#1149=ORIENTED_EDGE('',*,*,#1951,.T.);
#1150=ORIENTED_EDGE('',*,*,#1941,.F.);
#1151=ORIENTED_EDGE('',*,*,#1916,.F.);
#1152=ORIENTED_EDGE('',*,*,#1952,.T.);
#1153=ORIENTED_EDGE('',*,*,#1953,.T.);
#1154=ORIENTED_EDGE('',*,*,#1954,.T.);
#1155=ORIENTED_EDGE('',*,*,#1918,.F.);
#1156=ORIENTED_EDGE('',*,*,#1955,.T.);
#1157=ORIENTED_EDGE('',*,*,#1956,.T.);
#1158=ORIENTED_EDGE('',*,*,#1957,.T.);
#1159=ORIENTED_EDGE('',*,*,#1958,.T.);
#1160=ORIENTED_EDGE('',*,*,#1959,.T.);
#1161=ORIENTED_EDGE('',*,*,#1960,.T.);
#1162=ORIENTED_EDGE('',*,*,#1902,.F.);
#1163=ORIENTED_EDGE('',*,*,#1961,.F.);
#1164=ORIENTED_EDGE('',*,*,#1900,.T.);
#1165=ORIENTED_EDGE('',*,*,#1962,.T.);
#1166=ORIENTED_EDGE('',*,*,#1963,.T.);
#1167=ORIENTED_EDGE('',*,*,#1964,.T.);
#1168=ORIENTED_EDGE('',*,*,#1957,.F.);
#1169=ORIENTED_EDGE('',*,*,#1904,.T.);
#1170=ORIENTED_EDGE('',*,*,#1965,.T.);
#1171=ORIENTED_EDGE('',*,*,#1966,.T.);
#1172=ORIENTED_EDGE('',*,*,#1967,.F.);
#1173=ORIENTED_EDGE('',*,*,#1901,.F.);
#1174=ORIENTED_EDGE('',*,*,#1961,.T.);
#1175=ORIENTED_EDGE('',*,*,#1968,.F.);
#1176=ORIENTED_EDGE('',*,*,#1969,.T.);
#1177=ORIENTED_EDGE('',*,*,#1970,.T.);
#1178=ORIENTED_EDGE('',*,*,#1971,.F.);
#1179=ORIENTED_EDGE('',*,*,#1972,.T.);
#1180=ORIENTED_EDGE('',*,*,#1973,.T.);
#1181=ORIENTED_EDGE('',*,*,#1974,.T.);
#1182=ORIENTED_EDGE('',*,*,#1905,.T.);
#1183=ORIENTED_EDGE('',*,*,#1975,.F.);
#1184=ORIENTED_EDGE('',*,*,#1976,.F.);
#1185=ORIENTED_EDGE('',*,*,#1977,.T.);
#1186=ORIENTED_EDGE('',*,*,#1898,.F.);
#1187=ORIENTED_EDGE('',*,*,#1967,.T.);
#1188=ORIENTED_EDGE('',*,*,#1978,.T.);
#1189=ORIENTED_EDGE('',*,*,#1955,.F.);
#1190=ORIENTED_EDGE('',*,*,#1964,.F.);
#1191=ORIENTED_EDGE('',*,*,#1979,.T.);
#1192=ORIENTED_EDGE('',*,*,#1975,.T.);
#1193=ORIENTED_EDGE('',*,*,#1907,.F.);
#1194=ORIENTED_EDGE('',*,*,#1980,.T.);
#1195=ORIENTED_EDGE('',*,*,#1963,.F.);
#1196=ORIENTED_EDGE('',*,*,#1981,.T.);
#1197=ORIENTED_EDGE('',*,*,#1976,.T.);
#1198=ORIENTED_EDGE('',*,*,#1979,.F.);
#1199=ORIENTED_EDGE('',*,*,#1966,.F.);
#1200=ORIENTED_EDGE('',*,*,#1982,.T.);
#1201=ORIENTED_EDGE('',*,*,#1978,.F.);
#1202=ORIENTED_EDGE('',*,*,#1983,.T.);
#1203=ORIENTED_EDGE('',*,*,#1909,.F.);
#1204=ORIENTED_EDGE('',*,*,#1924,.F.);
#1205=ORIENTED_EDGE('',*,*,#1984,.F.);
#1206=ORIENTED_EDGE('',*,*,#1887,.F.);
#1207=ORIENTED_EDGE('',*,*,#1985,.F.);
#1208=ORIENTED_EDGE('',*,*,#1946,.F.);
#1209=ORIENTED_EDGE('',*,*,#1923,.F.);
#1210=ORIENTED_EDGE('',*,*,#1986,.F.);
#1211=ORIENTED_EDGE('',*,*,#1888,.F.);
#1212=ORIENTED_EDGE('',*,*,#1984,.T.);
#1213=ORIENTED_EDGE('',*,*,#1985,.T.);
#1214=ORIENTED_EDGE('',*,*,#1886,.F.);
#1215=ORIENTED_EDGE('',*,*,#1987,.F.);
#1216=ORIENTED_EDGE('',*,*,#1947,.F.);
#1217=ORIENTED_EDGE('',*,*,#1922,.F.);
#1218=ORIENTED_EDGE('',*,*,#1920,.F.);
#1219=ORIENTED_EDGE('',*,*,#1988,.F.);
#1220=ORIENTED_EDGE('',*,*,#1889,.F.);
#1221=ORIENTED_EDGE('',*,*,#1986,.T.);
#1222=ORIENTED_EDGE('',*,*,#1987,.T.);
#1223=ORIENTED_EDGE('',*,*,#1885,.F.);
#1224=ORIENTED_EDGE('',*,*,#1989,.F.);
#1225=ORIENTED_EDGE('',*,*,#1938,.F.);
#1226=ORIENTED_EDGE('',*,*,#1912,.F.);
#1227=ORIENTED_EDGE('',*,*,#1948,.F.);
#1228=ORIENTED_EDGE('',*,*,#1893,.F.);
#1229=ORIENTED_EDGE('',*,*,#1988,.T.);
#1230=ORIENTED_EDGE('',*,*,#1990,.F.);
#1231=ORIENTED_EDGE('',*,*,#1989,.T.);
#1232=ORIENTED_EDGE('',*,*,#1884,.F.);
#1233=ORIENTED_EDGE('',*,*,#1991,.F.);
#1234=ORIENTED_EDGE('',*,*,#1939,.F.);
#1235=ORIENTED_EDGE('',*,*,#1919,.F.);
#1236=ORIENTED_EDGE('',*,*,#1954,.F.);
#1237=ORIENTED_EDGE('',*,*,#1992,.F.);
#1238=ORIENTED_EDGE('',*,*,#1874,.F.);
#1239=ORIENTED_EDGE('',*,*,#1990,.T.);
#1240=ORIENTED_EDGE('',*,*,#1991,.T.);
#1241=ORIENTED_EDGE('',*,*,#1883,.F.);
#1242=ORIENTED_EDGE('',*,*,#1993,.F.);
#1243=ORIENTED_EDGE('',*,*,#1914,.F.);
#1244=ORIENTED_EDGE('',*,*,#1940,.F.);
#1245=ORIENTED_EDGE('',*,*,#1953,.F.);
#1246=ORIENTED_EDGE('',*,*,#1994,.F.);
#1247=ORIENTED_EDGE('',*,*,#1875,.F.);
#1248=ORIENTED_EDGE('',*,*,#1992,.T.);
#1249=ORIENTED_EDGE('',*,*,#1993,.T.);
#1250=ORIENTED_EDGE('',*,*,#1895,.T.);
#1251=ORIENTED_EDGE('',*,*,#1995,.F.);
#1252=ORIENTED_EDGE('',*,*,#1952,.F.);
#1253=ORIENTED_EDGE('',*,*,#1915,.F.);
#1254=ORIENTED_EDGE('',*,*,#1995,.T.);
#1255=ORIENTED_EDGE('',*,*,#1876,.F.);
#1256=ORIENTED_EDGE('',*,*,#1994,.T.);
#1257=ORIENTED_EDGE('',*,*,#1903,.F.);
#1258=ORIENTED_EDGE('',*,*,#1960,.F.);
#1259=ORIENTED_EDGE('',*,*,#1996,.F.);
#1260=ORIENTED_EDGE('',*,*,#1867,.F.);
#1261=ORIENTED_EDGE('',*,*,#1997,.F.);
#1262=ORIENTED_EDGE('',*,*,#1972,.F.);
#1263=ORIENTED_EDGE('',*,*,#1982,.F.);
#1264=ORIENTED_EDGE('',*,*,#1965,.F.);
#1265=ORIENTED_EDGE('',*,*,#1959,.F.);
#1266=ORIENTED_EDGE('',*,*,#1998,.F.);
#1267=ORIENTED_EDGE('',*,*,#1868,.F.);
#1268=ORIENTED_EDGE('',*,*,#1996,.T.);
#1269=ORIENTED_EDGE('',*,*,#1997,.T.);
#1270=ORIENTED_EDGE('',*,*,#1866,.F.);
#1271=ORIENTED_EDGE('',*,*,#1999,.F.);
#1272=ORIENTED_EDGE('',*,*,#1973,.F.);
#1273=ORIENTED_EDGE('',*,*,#1980,.F.);
#1274=ORIENTED_EDGE('',*,*,#1906,.F.);
#1275=ORIENTED_EDGE('',*,*,#1974,.F.);
#1276=ORIENTED_EDGE('',*,*,#1999,.T.);
#1277=ORIENTED_EDGE('',*,*,#1865,.F.);
#1278=ORIENTED_EDGE('',*,*,#1998,.T.);
#1279=ORIENTED_EDGE('',*,*,#1958,.F.);
#1280=ORIENTED_EDGE('',*,*,#1956,.F.);
#1281=ORIENTED_EDGE('',*,*,#1929,.F.);
#1282=ORIENTED_EDGE('',*,*,#1949,.F.);
#1283=ORIENTED_EDGE('',*,*,#1942,.F.);
#1284=ORIENTED_EDGE('',*,*,#1951,.F.);
#1285=ORIENTED_EDGE('',*,*,#1962,.F.);
#1286=ORIENTED_EDGE('',*,*,#1899,.F.);
#1287=ORIENTED_EDGE('',*,*,#1977,.F.);
#1288=ORIENTED_EDGE('',*,*,#1981,.F.);
#1289=ORIENTED_EDGE('',*,*,#1983,.F.);
#1290=ORIENTED_EDGE('',*,*,#2000,.T.);
#1291=ORIENTED_EDGE('',*,*,#1896,.T.);
#1292=ORIENTED_EDGE('',*,*,#1878,.T.);
#1293=ORIENTED_EDGE('',*,*,#1897,.T.);
#1294=ORIENTED_EDGE('',*,*,#1871,.F.);
#1295=ORIENTED_EDGE('',*,*,#2001,.F.);
#1296=ORIENTED_EDGE('',*,*,#2002,.F.);
#1297=ORIENTED_EDGE('',*,*,#2000,.F.);
#1298=ORIENTED_EDGE('',*,*,#1869,.F.);
#1299=ORIENTED_EDGE('',*,*,#2002,.T.);
#1300=ORIENTED_EDGE('',*,*,#1864,.F.);
#1301=ORIENTED_EDGE('',*,*,#2001,.T.);
#1302=ORIENTED_EDGE('',*,*,#2003,.T.);
#1303=ORIENTED_EDGE('',*,*,#1892,.T.);
#1304=ORIENTED_EDGE('',*,*,#1872,.T.);
#1305=ORIENTED_EDGE('',*,*,#1894,.T.);
#1306=ORIENTED_EDGE('',*,*,#1881,.F.);
#1307=ORIENTED_EDGE('',*,*,#2003,.F.);
#1308=ORIENTED_EDGE('',*,*,#2004,.F.);
#1309=ORIENTED_EDGE('',*,*,#2005,.F.);
#1310=ORIENTED_EDGE('',*,*,#1891,.F.);
#1311=ORIENTED_EDGE('',*,*,#2004,.T.);
#1312=ORIENTED_EDGE('',*,*,#1890,.F.);
#1313=ORIENTED_EDGE('',*,*,#2005,.T.);
#1314=ORIENTED_EDGE('',*,*,#1968,.T.);
#1315=ORIENTED_EDGE('',*,*,#2006,.F.);
#1316=ORIENTED_EDGE('',*,*,#2007,.F.);
#1317=ORIENTED_EDGE('',*,*,#2008,.T.);
#1318=ORIENTED_EDGE('',*,*,#2009,.F.);
#1319=ORIENTED_EDGE('',*,*,#2010,.T.);
#1320=ORIENTED_EDGE('',*,*,#2011,.T.);
#1321=ORIENTED_EDGE('',*,*,#1970,.F.);
#1322=ORIENTED_EDGE('',*,*,#2008,.F.);
#1323=ORIENTED_EDGE('',*,*,#2012,.T.);
#1324=ORIENTED_EDGE('',*,*,#2009,.T.);
#1325=ORIENTED_EDGE('',*,*,#1969,.F.);
#1326=ORIENTED_EDGE('',*,*,#1971,.T.);
#1327=ORIENTED_EDGE('',*,*,#2011,.F.);
#1328=ORIENTED_EDGE('',*,*,#2013,.F.);
#1329=ORIENTED_EDGE('',*,*,#2006,.T.);
#1330=ORIENTED_EDGE('',*,*,#2013,.T.);
#1331=ORIENTED_EDGE('',*,*,#2010,.F.);
#1332=ORIENTED_EDGE('',*,*,#2012,.F.);
#1333=ORIENTED_EDGE('',*,*,#2007,.T.);
#1334=ORIENTED_EDGE('',*,*,#1931,.T.);
#1335=ORIENTED_EDGE('',*,*,#2014,.F.);
#1336=ORIENTED_EDGE('',*,*,#2015,.F.);
#1337=ORIENTED_EDGE('',*,*,#2016,.T.);
#1338=ORIENTED_EDGE('',*,*,#2017,.F.);
#1339=ORIENTED_EDGE('',*,*,#2018,.T.);
#1340=ORIENTED_EDGE('',*,*,#2019,.T.);
#1341=ORIENTED_EDGE('',*,*,#1933,.F.);
#1342=ORIENTED_EDGE('',*,*,#2016,.F.);
#1343=ORIENTED_EDGE('',*,*,#2020,.T.);
#1344=ORIENTED_EDGE('',*,*,#2017,.T.);
#1345=ORIENTED_EDGE('',*,*,#1932,.F.);
#1346=ORIENTED_EDGE('',*,*,#1934,.T.);
#1347=ORIENTED_EDGE('',*,*,#2019,.F.);
#1348=ORIENTED_EDGE('',*,*,#2021,.F.);
#1349=ORIENTED_EDGE('',*,*,#2014,.T.);
#1350=ORIENTED_EDGE('',*,*,#2021,.T.);
#1351=ORIENTED_EDGE('',*,*,#2018,.F.);
#1352=ORIENTED_EDGE('',*,*,#2020,.F.);
#1353=ORIENTED_EDGE('',*,*,#2015,.T.);
#1354=ORIENTED_EDGE('',*,*,#2022,.T.);
#1355=ORIENTED_EDGE('',*,*,#2023,.T.);
#1356=ORIENTED_EDGE('',*,*,#2024,.T.);
#1357=ORIENTED_EDGE('',*,*,#2025,.T.);
#1358=ORIENTED_EDGE('',*,*,#2026,.T.);
#1359=ORIENTED_EDGE('',*,*,#2027,.T.);
#1360=ORIENTED_EDGE('',*,*,#2028,.T.);
#1361=ORIENTED_EDGE('',*,*,#2029,.T.);
#1362=ORIENTED_EDGE('',*,*,#2030,.F.);
#1363=ORIENTED_EDGE('',*,*,#2031,.T.);
#1364=ORIENTED_EDGE('',*,*,#2032,.T.);
#1365=ORIENTED_EDGE('',*,*,#2033,.T.);
#1366=ORIENTED_EDGE('',*,*,#2034,.T.);
#1367=ORIENTED_EDGE('',*,*,#2035,.T.);
#1368=ORIENTED_EDGE('',*,*,#2036,.F.);
#1369=ORIENTED_EDGE('',*,*,#2037,.T.);
#1370=ORIENTED_EDGE('',*,*,#2038,.T.);
#1371=ORIENTED_EDGE('',*,*,#2039,.T.);
#1372=ORIENTED_EDGE('',*,*,#2040,.T.);
#1373=ORIENTED_EDGE('',*,*,#2041,.T.);
#1374=ORIENTED_EDGE('',*,*,#2042,.T.);
#1375=ORIENTED_EDGE('',*,*,#2043,.T.);
#1376=ORIENTED_EDGE('',*,*,#2044,.T.);
#1377=ORIENTED_EDGE('',*,*,#2045,.T.);
#1378=ORIENTED_EDGE('',*,*,#2046,.T.);
#1379=ORIENTED_EDGE('',*,*,#2047,.T.);
#1380=ORIENTED_EDGE('',*,*,#2048,.T.);
#1381=ORIENTED_EDGE('',*,*,#2049,.T.);
#1382=ORIENTED_EDGE('',*,*,#2050,.F.);
#1383=ORIENTED_EDGE('',*,*,#2038,.F.);
#1384=ORIENTED_EDGE('',*,*,#2051,.T.);
#1385=ORIENTED_EDGE('',*,*,#2031,.F.);
#1386=ORIENTED_EDGE('',*,*,#2052,.F.);
#1387=ORIENTED_EDGE('',*,*,#2035,.F.);
#1388=ORIENTED_EDGE('',*,*,#2053,.F.);
#1389=ORIENTED_EDGE('',*,*,#2040,.F.);
#1390=ORIENTED_EDGE('',*,*,#2054,.F.);
#1391=ORIENTED_EDGE('',*,*,#2022,.F.);
#1392=ORIENTED_EDGE('',*,*,#2055,.F.);
#1393=ORIENTED_EDGE('',*,*,#2037,.F.);
#1394=ORIENTED_EDGE('',*,*,#2056,.T.);
#1395=ORIENTED_EDGE('',*,*,#2057,.T.);
#1396=ORIENTED_EDGE('',*,*,#2058,.F.);
#1397=ORIENTED_EDGE('',*,*,#2059,.T.);
#1398=ORIENTED_EDGE('',*,*,#2060,.T.);
#1399=ORIENTED_EDGE('',*,*,#2061,.T.);
#1400=ORIENTED_EDGE('',*,*,#2062,.F.);
#1401=ORIENTED_EDGE('',*,*,#2063,.F.);
#1402=ORIENTED_EDGE('',*,*,#2064,.T.);
#1403=ORIENTED_EDGE('',*,*,#2065,.T.);
#1404=ORIENTED_EDGE('',*,*,#2066,.F.);
#1405=ORIENTED_EDGE('',*,*,#2067,.T.);
#1406=ORIENTED_EDGE('',*,*,#2068,.F.);
#1407=ORIENTED_EDGE('',*,*,#2069,.F.);
#1408=ORIENTED_EDGE('',*,*,#2070,.T.);
#1409=ORIENTED_EDGE('',*,*,#2071,.T.);
#1410=ORIENTED_EDGE('',*,*,#2072,.T.);
#1411=ORIENTED_EDGE('',*,*,#2073,.T.);
#1412=ORIENTED_EDGE('',*,*,#2074,.T.);
#1413=ORIENTED_EDGE('',*,*,#2075,.T.);
#1414=ORIENTED_EDGE('',*,*,#2076,.T.);
#1415=ORIENTED_EDGE('',*,*,#2077,.T.);
#1416=ORIENTED_EDGE('',*,*,#2078,.T.);
#1417=ORIENTED_EDGE('',*,*,#2079,.F.);
#1418=ORIENTED_EDGE('',*,*,#2080,.T.);
#1419=ORIENTED_EDGE('',*,*,#2081,.T.);
#1420=ORIENTED_EDGE('',*,*,#2082,.T.);
#1421=ORIENTED_EDGE('',*,*,#2066,.T.);
#1422=ORIENTED_EDGE('',*,*,#2083,.T.);
#1423=ORIENTED_EDGE('',*,*,#2084,.F.);
#1424=ORIENTED_EDGE('',*,*,#2085,.F.);
#1425=ORIENTED_EDGE('',*,*,#2086,.T.);
#1426=ORIENTED_EDGE('',*,*,#2087,.T.);
#1427=ORIENTED_EDGE('',*,*,#2088,.F.);
#1428=ORIENTED_EDGE('',*,*,#2079,.T.);
#1429=ORIENTED_EDGE('',*,*,#2089,.F.);
#1430=ORIENTED_EDGE('',*,*,#2090,.T.);
#1431=ORIENTED_EDGE('',*,*,#2091,.T.);
#1432=ORIENTED_EDGE('',*,*,#2092,.F.);
#1433=ORIENTED_EDGE('',*,*,#2093,.T.);
#1434=ORIENTED_EDGE('',*,*,#2094,.F.);
#1435=ORIENTED_EDGE('',*,*,#2095,.F.);
#1436=ORIENTED_EDGE('',*,*,#2084,.T.);
#1437=ORIENTED_EDGE('',*,*,#2096,.T.);
#1438=ORIENTED_EDGE('',*,*,#2097,.T.);
#1439=ORIENTED_EDGE('',*,*,#2098,.T.);
#1440=ORIENTED_EDGE('',*,*,#2075,.F.);
#1441=ORIENTED_EDGE('',*,*,#2099,.T.);
#1442=ORIENTED_EDGE('',*,*,#2100,.T.);
#1443=ORIENTED_EDGE('',*,*,#2101,.F.);
#1444=ORIENTED_EDGE('',*,*,#2102,.T.);
#1445=ORIENTED_EDGE('',*,*,#2094,.T.);
#1446=ORIENTED_EDGE('',*,*,#2103,.F.);
#1447=ORIENTED_EDGE('',*,*,#2071,.F.);
#1448=ORIENTED_EDGE('',*,*,#2104,.T.);
#1449=ORIENTED_EDGE('',*,*,#2105,.T.);
#1450=ORIENTED_EDGE('',*,*,#2106,.T.);
#1451=ORIENTED_EDGE('',*,*,#2069,.T.);
#1452=ORIENTED_EDGE('',*,*,#2103,.T.);
#1453=ORIENTED_EDGE('',*,*,#2093,.F.);
#1454=ORIENTED_EDGE('',*,*,#2083,.F.);
#1455=ORIENTED_EDGE('',*,*,#2068,.T.);
#1456=ORIENTED_EDGE('',*,*,#2101,.T.);
#1457=ORIENTED_EDGE('',*,*,#2107,.T.);
#1458=ORIENTED_EDGE('',*,*,#2086,.F.);
#1459=ORIENTED_EDGE('',*,*,#2108,.T.);
#1460=ORIENTED_EDGE('',*,*,#2108,.F.);
#1461=ORIENTED_EDGE('',*,*,#2085,.T.);
#1462=ORIENTED_EDGE('',*,*,#2095,.T.);
#1463=ORIENTED_EDGE('',*,*,#2102,.F.);
#1464=ORIENTED_EDGE('',*,*,#2088,.T.);
#1465=ORIENTED_EDGE('',*,*,#2109,.T.);
#1466=ORIENTED_EDGE('',*,*,#2099,.F.);
#1467=ORIENTED_EDGE('',*,*,#2074,.F.);
#1468=ORIENTED_EDGE('',*,*,#2110,.T.);
#1469=ORIENTED_EDGE('',*,*,#2111,.T.);
#1470=ORIENTED_EDGE('',*,*,#2112,.T.);
#1471=ORIENTED_EDGE('',*,*,#2076,.F.);
#1472=ORIENTED_EDGE('',*,*,#2113,.T.);
#1473=ORIENTED_EDGE('',*,*,#2114,.T.);
#1474=ORIENTED_EDGE('',*,*,#2115,.T.);
#1475=ORIENTED_EDGE('',*,*,#2116,.T.);
#1476=ORIENTED_EDGE('',*,*,#2117,.T.);
#1477=ORIENTED_EDGE('',*,*,#2118,.T.);
#1478=ORIENTED_EDGE('',*,*,#2060,.F.);
#1479=ORIENTED_EDGE('',*,*,#2119,.F.);
#1480=ORIENTED_EDGE('',*,*,#2058,.T.);
#1481=ORIENTED_EDGE('',*,*,#2120,.T.);
#1482=ORIENTED_EDGE('',*,*,#2121,.T.);
#1483=ORIENTED_EDGE('',*,*,#2122,.T.);
#1484=ORIENTED_EDGE('',*,*,#2115,.F.);
#1485=ORIENTED_EDGE('',*,*,#2062,.T.);
#1486=ORIENTED_EDGE('',*,*,#2123,.T.);
#1487=ORIENTED_EDGE('',*,*,#2124,.T.);
#1488=ORIENTED_EDGE('',*,*,#2125,.F.);
#1489=ORIENTED_EDGE('',*,*,#2059,.F.);
#1490=ORIENTED_EDGE('',*,*,#2119,.T.);
#1491=ORIENTED_EDGE('',*,*,#2126,.F.);
#1492=ORIENTED_EDGE('',*,*,#2127,.T.);
#1493=ORIENTED_EDGE('',*,*,#2128,.T.);
#1494=ORIENTED_EDGE('',*,*,#2129,.F.);
#1495=ORIENTED_EDGE('',*,*,#2130,.T.);
#1496=ORIENTED_EDGE('',*,*,#2131,.T.);
#1497=ORIENTED_EDGE('',*,*,#2132,.T.);
#1498=ORIENTED_EDGE('',*,*,#2063,.T.);
#1499=ORIENTED_EDGE('',*,*,#2133,.F.);
#1500=ORIENTED_EDGE('',*,*,#2134,.F.);
#1501=ORIENTED_EDGE('',*,*,#2135,.T.);
#1502=ORIENTED_EDGE('',*,*,#2056,.F.);
#1503=ORIENTED_EDGE('',*,*,#2125,.T.);
#1504=ORIENTED_EDGE('',*,*,#2136,.T.);
#1505=ORIENTED_EDGE('',*,*,#2113,.F.);
#1506=ORIENTED_EDGE('',*,*,#2122,.F.);
#1507=ORIENTED_EDGE('',*,*,#2137,.T.);
#1508=ORIENTED_EDGE('',*,*,#2133,.T.);
#1509=ORIENTED_EDGE('',*,*,#2065,.F.);
#1510=ORIENTED_EDGE('',*,*,#2138,.T.);
#1511=ORIENTED_EDGE('',*,*,#2121,.F.);
#1512=ORIENTED_EDGE('',*,*,#2139,.T.);
#1513=ORIENTED_EDGE('',*,*,#2134,.T.);
#1514=ORIENTED_EDGE('',*,*,#2137,.F.);
#1515=ORIENTED_EDGE('',*,*,#2124,.F.);
#1516=ORIENTED_EDGE('',*,*,#2140,.T.);
#1517=ORIENTED_EDGE('',*,*,#2136,.F.);
#1518=ORIENTED_EDGE('',*,*,#2141,.T.);
#1519=ORIENTED_EDGE('',*,*,#2067,.F.);
#1520=ORIENTED_EDGE('',*,*,#2082,.F.);
#1521=ORIENTED_EDGE('',*,*,#2142,.F.);
#1522=ORIENTED_EDGE('',*,*,#2045,.F.);
#1523=ORIENTED_EDGE('',*,*,#2143,.F.);
#1524=ORIENTED_EDGE('',*,*,#2104,.F.);
#1525=ORIENTED_EDGE('',*,*,#2081,.F.);
#1526=ORIENTED_EDGE('',*,*,#2144,.F.);
#1527=ORIENTED_EDGE('',*,*,#2046,.F.);
#1528=ORIENTED_EDGE('',*,*,#2142,.T.);
#1529=ORIENTED_EDGE('',*,*,#2143,.T.);
#1530=ORIENTED_EDGE('',*,*,#2044,.F.);
#1531=ORIENTED_EDGE('',*,*,#2145,.F.);
#1532=ORIENTED_EDGE('',*,*,#2105,.F.);
#1533=ORIENTED_EDGE('',*,*,#2080,.F.);
#1534=ORIENTED_EDGE('',*,*,#2078,.F.);
#1535=ORIENTED_EDGE('',*,*,#2146,.F.);
#1536=ORIENTED_EDGE('',*,*,#2047,.F.);
#1537=ORIENTED_EDGE('',*,*,#2144,.T.);
#1538=ORIENTED_EDGE('',*,*,#2145,.T.);
#1539=ORIENTED_EDGE('',*,*,#2043,.F.);
#1540=ORIENTED_EDGE('',*,*,#2147,.F.);
#1541=ORIENTED_EDGE('',*,*,#2096,.F.);
#1542=ORIENTED_EDGE('',*,*,#2070,.F.);
#1543=ORIENTED_EDGE('',*,*,#2106,.F.);
#1544=ORIENTED_EDGE('',*,*,#2051,.F.);
#1545=ORIENTED_EDGE('',*,*,#2146,.T.);
#1546=ORIENTED_EDGE('',*,*,#2148,.F.);
#1547=ORIENTED_EDGE('',*,*,#2147,.T.);
#1548=ORIENTED_EDGE('',*,*,#2042,.F.);
#1549=ORIENTED_EDGE('',*,*,#2149,.F.);
#1550=ORIENTED_EDGE('',*,*,#2097,.F.);
#1551=ORIENTED_EDGE('',*,*,#2077,.F.);
#1552=ORIENTED_EDGE('',*,*,#2112,.F.);
#1553=ORIENTED_EDGE('',*,*,#2150,.F.);
#1554=ORIENTED_EDGE('',*,*,#2032,.F.);
#1555=ORIENTED_EDGE('',*,*,#2148,.T.);
#1556=ORIENTED_EDGE('',*,*,#2149,.T.);
#1557=ORIENTED_EDGE('',*,*,#2041,.F.);
#1558=ORIENTED_EDGE('',*,*,#2151,.F.);
#1559=ORIENTED_EDGE('',*,*,#2072,.F.);
#1560=ORIENTED_EDGE('',*,*,#2098,.F.);
#1561=ORIENTED_EDGE('',*,*,#2111,.F.);
#1562=ORIENTED_EDGE('',*,*,#2152,.F.);
#1563=ORIENTED_EDGE('',*,*,#2033,.F.);
#1564=ORIENTED_EDGE('',*,*,#2150,.T.);
#1565=ORIENTED_EDGE('',*,*,#2151,.T.);
#1566=ORIENTED_EDGE('',*,*,#2053,.T.);
#1567=ORIENTED_EDGE('',*,*,#2153,.F.);
#1568=ORIENTED_EDGE('',*,*,#2110,.F.);
#1569=ORIENTED_EDGE('',*,*,#2073,.F.);
#1570=ORIENTED_EDGE('',*,*,#2153,.T.);
#1571=ORIENTED_EDGE('',*,*,#2034,.F.);
#1572=ORIENTED_EDGE('',*,*,#2152,.T.);
#1573=ORIENTED_EDGE('',*,*,#2061,.F.);
#1574=ORIENTED_EDGE('',*,*,#2118,.F.);
#1575=ORIENTED_EDGE('',*,*,#2154,.F.);
#1576=ORIENTED_EDGE('',*,*,#2027,.F.);
#1577=ORIENTED_EDGE('',*,*,#2155,.F.);
#1578=ORIENTED_EDGE('',*,*,#2130,.F.);
#1579=ORIENTED_EDGE('',*,*,#2140,.F.);
#1580=ORIENTED_EDGE('',*,*,#2123,.F.);
#1581=ORIENTED_EDGE('',*,*,#2117,.F.);
#1582=ORIENTED_EDGE('',*,*,#2156,.F.);
#1583=ORIENTED_EDGE('',*,*,#2028,.F.);
#1584=ORIENTED_EDGE('',*,*,#2154,.T.);
#1585=ORIENTED_EDGE('',*,*,#2155,.T.);
#1586=ORIENTED_EDGE('',*,*,#2026,.F.);
#1587=ORIENTED_EDGE('',*,*,#2157,.F.);
#1588=ORIENTED_EDGE('',*,*,#2131,.F.);
#1589=ORIENTED_EDGE('',*,*,#2138,.F.);
#1590=ORIENTED_EDGE('',*,*,#2064,.F.);
#1591=ORIENTED_EDGE('',*,*,#2132,.F.);
#1592=ORIENTED_EDGE('',*,*,#2157,.T.);
#1593=ORIENTED_EDGE('',*,*,#2025,.F.);
#1594=ORIENTED_EDGE('',*,*,#2156,.T.);
#1595=ORIENTED_EDGE('',*,*,#2116,.F.);
#1596=ORIENTED_EDGE('',*,*,#2114,.F.);
#1597=ORIENTED_EDGE('',*,*,#2087,.F.);
#1598=ORIENTED_EDGE('',*,*,#2107,.F.);
#1599=ORIENTED_EDGE('',*,*,#2100,.F.);
#1600=ORIENTED_EDGE('',*,*,#2109,.F.);
#1601=ORIENTED_EDGE('',*,*,#2120,.F.);
#1602=ORIENTED_EDGE('',*,*,#2057,.F.);
#1603=ORIENTED_EDGE('',*,*,#2135,.F.);
#1604=ORIENTED_EDGE('',*,*,#2139,.F.);
#1605=ORIENTED_EDGE('',*,*,#2141,.F.);
#1606=ORIENTED_EDGE('',*,*,#2158,.T.);
#1607=ORIENTED_EDGE('',*,*,#2054,.T.);
#1608=ORIENTED_EDGE('',*,*,#2036,.T.);
#1609=ORIENTED_EDGE('',*,*,#2055,.T.);
#1610=ORIENTED_EDGE('',*,*,#2023,.F.);
#1611=ORIENTED_EDGE('',*,*,#2029,.F.);
#1612=ORIENTED_EDGE('',*,*,#2159,.T.);
#1613=ORIENTED_EDGE('',*,*,#2160,.F.);
#1614=ORIENTED_EDGE('',*,*,#2159,.F.);
#1615=ORIENTED_EDGE('',*,*,#2158,.F.);
#1616=ORIENTED_EDGE('',*,*,#2024,.F.);
#1617=ORIENTED_EDGE('',*,*,#2160,.T.);
#1618=ORIENTED_EDGE('',*,*,#2161,.T.);
#1619=ORIENTED_EDGE('',*,*,#2050,.T.);
#1620=ORIENTED_EDGE('',*,*,#2030,.T.);
#1621=ORIENTED_EDGE('',*,*,#2052,.T.);
#1622=ORIENTED_EDGE('',*,*,#2039,.F.);
#1623=ORIENTED_EDGE('',*,*,#2049,.F.);
#1624=ORIENTED_EDGE('',*,*,#2162,.T.);
#1625=ORIENTED_EDGE('',*,*,#2161,.F.);
#1626=ORIENTED_EDGE('',*,*,#2162,.F.);
#1627=ORIENTED_EDGE('',*,*,#2163,.F.);
#1628=ORIENTED_EDGE('',*,*,#2048,.F.);
#1629=ORIENTED_EDGE('',*,*,#2163,.T.);
#1630=ORIENTED_EDGE('',*,*,#2126,.T.);
#1631=ORIENTED_EDGE('',*,*,#2164,.F.);
#1632=ORIENTED_EDGE('',*,*,#2165,.F.);
#1633=ORIENTED_EDGE('',*,*,#2166,.T.);
#1634=ORIENTED_EDGE('',*,*,#2167,.F.);
#1635=ORIENTED_EDGE('',*,*,#2168,.T.);
#1636=ORIENTED_EDGE('',*,*,#2169,.T.);
#1637=ORIENTED_EDGE('',*,*,#2128,.F.);
#1638=ORIENTED_EDGE('',*,*,#2166,.F.);
#1639=ORIENTED_EDGE('',*,*,#2170,.T.);
#1640=ORIENTED_EDGE('',*,*,#2167,.T.);
#1641=ORIENTED_EDGE('',*,*,#2127,.F.);
#1642=ORIENTED_EDGE('',*,*,#2129,.T.);
#1643=ORIENTED_EDGE('',*,*,#2169,.F.);
#1644=ORIENTED_EDGE('',*,*,#2171,.F.);
#1645=ORIENTED_EDGE('',*,*,#2164,.T.);
#1646=ORIENTED_EDGE('',*,*,#2171,.T.);
#1647=ORIENTED_EDGE('',*,*,#2168,.F.);
#1648=ORIENTED_EDGE('',*,*,#2170,.F.);
#1649=ORIENTED_EDGE('',*,*,#2165,.T.);
#1650=ORIENTED_EDGE('',*,*,#2089,.T.);
#1651=ORIENTED_EDGE('',*,*,#2172,.F.);
#1652=ORIENTED_EDGE('',*,*,#2173,.F.);
#1653=ORIENTED_EDGE('',*,*,#2174,.T.);
#1654=ORIENTED_EDGE('',*,*,#2175,.F.);
#1655=ORIENTED_EDGE('',*,*,#2176,.T.);
#1656=ORIENTED_EDGE('',*,*,#2177,.T.);
#1657=ORIENTED_EDGE('',*,*,#2091,.F.);
#1658=ORIENTED_EDGE('',*,*,#2174,.F.);
#1659=ORIENTED_EDGE('',*,*,#2178,.T.);
#1660=ORIENTED_EDGE('',*,*,#2175,.T.);
#1661=ORIENTED_EDGE('',*,*,#2090,.F.);
#1662=ORIENTED_EDGE('',*,*,#2092,.T.);
#1663=ORIENTED_EDGE('',*,*,#2177,.F.);
#1664=ORIENTED_EDGE('',*,*,#2179,.F.);
#1665=ORIENTED_EDGE('',*,*,#2172,.T.);
#1666=ORIENTED_EDGE('',*,*,#2179,.T.);
#1667=ORIENTED_EDGE('',*,*,#2176,.F.);
#1668=ORIENTED_EDGE('',*,*,#2178,.F.);
#1669=ORIENTED_EDGE('',*,*,#2173,.T.);
#1670=ORIENTED_EDGE('',*,*,#2180,.F.);
#1671=ORIENTED_EDGE('',*,*,#2181,.F.);
#1672=ORIENTED_EDGE('',*,*,#2182,.F.);
#1673=ORIENTED_EDGE('',*,*,#2183,.T.);
#1674=ORIENTED_EDGE('',*,*,#2184,.T.);
#1675=ORIENTED_EDGE('',*,*,#2185,.F.);
#1676=ORIENTED_EDGE('',*,*,#2186,.T.);
#1677=ORIENTED_EDGE('',*,*,#2187,.F.);
#1678=ORIENTED_EDGE('',*,*,#2188,.F.);
#1679=ORIENTED_EDGE('',*,*,#2189,.F.);
#1680=ORIENTED_EDGE('',*,*,#2190,.F.);
#1681=ORIENTED_EDGE('',*,*,#2191,.F.);
#1682=ORIENTED_EDGE('',*,*,#2192,.F.);
#1683=ORIENTED_EDGE('',*,*,#2193,.F.);
#1684=ORIENTED_EDGE('',*,*,#2194,.F.);
#1685=ORIENTED_EDGE('',*,*,#2195,.F.);
#1686=ORIENTED_EDGE('',*,*,#2196,.F.);
#1687=ORIENTED_EDGE('',*,*,#2197,.F.);
#1688=ORIENTED_EDGE('',*,*,#2184,.F.);
#1689=ORIENTED_EDGE('',*,*,#2192,.T.);
#1690=ORIENTED_EDGE('',*,*,#2183,.F.);
#1691=ORIENTED_EDGE('',*,*,#2195,.T.);
#1692=ORIENTED_EDGE('',*,*,#2186,.F.);
#1693=ORIENTED_EDGE('',*,*,#2196,.T.);
#1694=ORIENTED_EDGE('',*,*,#2189,.T.);
#1695=ORIENTED_EDGE('',*,*,#2193,.T.);
#1696=ORIENTED_EDGE('',*,*,#2197,.T.);
#1697=ORIENTED_EDGE('',*,*,#2190,.T.);
#1698=ORIENTED_EDGE('',*,*,#2194,.T.);
#1699=ORIENTED_EDGE('',*,*,#2180,.T.);
#1700=ORIENTED_EDGE('',*,*,#2181,.T.);
#1701=ORIENTED_EDGE('',*,*,#2187,.T.);
#1702=ORIENTED_EDGE('',*,*,#2188,.T.);
#1703=ORIENTED_EDGE('',*,*,#2191,.T.);
#1704=ORIENTED_EDGE('',*,*,#2182,.T.);
#1705=ORIENTED_EDGE('',*,*,#2185,.T.);
#1706=EDGE_CURVE('',#2198,#2198,#2543,.T.);
#1707=EDGE_CURVE('',#2199,#2200,#2544,.T.);
#1708=EDGE_CURVE('',#2200,#2201,#2545,.F.);
#1709=EDGE_CURVE('',#2201,#2202,#2546,.T.);
#1710=EDGE_CURVE('',#2202,#2199,#2547,.F.);
#1711=EDGE_CURVE('',#2203,#2204,#2548,.T.);
#1712=EDGE_CURVE('',#2204,#2203,#2549,.T.);
#1713=EDGE_CURVE('',#2205,#2205,#2550,.T.);
#1714=EDGE_CURVE('',#2206,#2207,#587,.T.);
#1715=EDGE_CURVE('',#2206,#2208,#2551,.F.);
#1716=EDGE_CURVE('',#2208,#2209,#569,.F.);
#1717=EDGE_CURVE('',#2209,#2210,#570,.F.);
#1718=EDGE_CURVE('',#2210,#2211,#571,.F.);
#1719=EDGE_CURVE('',#2211,#2207,#2552,.F.);
#1720=EDGE_CURVE('',#2212,#2213,#588,.T.);
#1721=EDGE_CURVE('',#2212,#2213,#2553,.F.);
#1722=EDGE_CURVE('',#2214,#2214,#2554,.T.);
#1723=EDGE_CURVE('',#2215,#2216,#2555,.T.);
#1724=EDGE_CURVE('',#2216,#2217,#2556,.T.);
#1725=EDGE_CURVE('',#2217,#2218,#2557,.T.);
#1726=EDGE_CURVE('',#2218,#2219,#2558,.T.);
#1727=EDGE_CURVE('',#2219,#2220,#2559,.F.);
#1728=EDGE_CURVE('',#2220,#2221,#2560,.T.);
#1729=EDGE_CURVE('',#2221,#2222,#2561,.F.);
#1730=EDGE_CURVE('',#2222,#2223,#2562,.T.);
#1731=EDGE_CURVE('',#2223,#2224,#2563,.F.);
#1732=EDGE_CURVE('',#2224,#2215,#2564,.T.);
#1733=EDGE_CURVE('',#2225,#2225,#2565,.T.);
#1734=EDGE_CURVE('',#2216,#2206,#589,.T.);
#1735=EDGE_CURVE('',#2215,#2208,#2566,.F.);
#1736=EDGE_CURVE('',#2207,#2217,#590,.T.);
#1737=EDGE_CURVE('',#2218,#2211,#2567,.T.);
#1738=EDGE_CURVE('',#2204,#2212,#591,.T.);
#1739=EDGE_CURVE('',#2213,#2203,#592,.T.);
#1740=EDGE_CURVE('',#2226,#2227,#41,.T.);
#1741=EDGE_CURVE('',#2226,#2228,#2568,.F.);
#1742=EDGE_CURVE('',#2228,#2229,#42,.T.);
#1743=EDGE_CURVE('',#2227,#2229,#43,.T.);
#1744=EDGE_CURVE('',#2230,#2231,#44,.T.);
#1745=EDGE_CURVE('',#2231,#2232,#2569,.T.);
#1746=EDGE_CURVE('',#2230,#2232,#45,.T.);
#1747=EDGE_CURVE('',#2233,#2234,#46,.T.);
#1748=EDGE_CURVE('',#2233,#2235,#2570,.T.);
#1749=EDGE_CURVE('',#2235,#2234,#47,.T.);
#1750=EDGE_CURVE('',#2236,#2237,#48,.T.);
#1751=EDGE_CURVE('',#2236,#2238,#2571,.F.);
#1752=EDGE_CURVE('',#2237,#2238,#49,.T.);
#1753=EDGE_CURVE('',#2239,#2240,#50,.T.);
#1754=EDGE_CURVE('',#2239,#2241,#2572,.F.);
#1755=EDGE_CURVE('',#2241,#2240,#51,.T.);
#1756=EDGE_CURVE('',#2242,#2243,#2573,.F.);
#1757=EDGE_CURVE('',#2243,#2244,#572,.F.);
#1758=EDGE_CURVE('',#2244,#2245,#52,.T.);
#1759=EDGE_CURVE('',#2245,#2242,#53,.T.);
#1760=EDGE_CURVE('',#2246,#2247,#54,.T.);
#1761=EDGE_CURVE('',#2247,#2248,#573,.F.);
#1762=EDGE_CURVE('',#2248,#2249,#2574,.F.);
#1763=EDGE_CURVE('',#2246,#2249,#55,.T.);
#1764=EDGE_CURVE('',#2249,#2250,#593,.T.);
#1765=EDGE_CURVE('',#2250,#2251,#2575,.T.);
#1766=EDGE_CURVE('',#2251,#2236,#594,.T.);
#1767=EDGE_CURVE('',#2237,#2252,#56,.T.);
#1768=EDGE_CURVE('',#2253,#2252,#57,.T.);
#1769=EDGE_CURVE('',#2254,#2253,#58,.T.);
#1770=EDGE_CURVE('',#2254,#2255,#59,.T.);
#1771=EDGE_CURVE('',#2255,#2256,#2576,.T.);
#1772=EDGE_CURVE('',#2246,#2256,#60,.T.);
#1773=EDGE_CURVE('',#2257,#2258,#61,.T.);
#1774=EDGE_CURVE('',#2257,#2259,#62,.T.);
#1775=EDGE_CURVE('',#2259,#2260,#63,.T.);
#1776=EDGE_CURVE('',#2258,#2260,#64,.T.);
#1777=EDGE_CURVE('',#2252,#2261,#65,.T.);
#1778=EDGE_CURVE('',#2262,#2261,#66,.T.);
#1779=EDGE_CURVE('',#2253,#2262,#67,.T.);
#1780=EDGE_CURVE('',#2241,#2263,#595,.T.);
#1781=EDGE_CURVE('',#2263,#2264,#2577,.F.);
#1782=EDGE_CURVE('',#2264,#2242,#596,.T.);
#1783=EDGE_CURVE('',#2245,#2265,#68,.T.);
#1784=EDGE_CURVE('',#2265,#2266,#2578,.F.);
#1785=EDGE_CURVE('',#2267,#2266,#69,.T.);
#1786=EDGE_CURVE('',#2267,#2262,#70,.T.);
#1787=EDGE_CURVE('',#2240,#2261,#71,.T.);
#1788=EDGE_CURVE('',#2238,#2268,#597,.T.);
#1789=EDGE_CURVE('',#2268,#2269,#2579,.T.);
#1790=EDGE_CURVE('',#2269,#2239,#598,.T.);
#1791=EDGE_CURVE('',#2266,#2255,#72,.F.);
#1792=EDGE_CURVE('',#2254,#2267,#73,.T.);
#1793=EDGE_CURVE('',#2256,#2265,#74,.T.);
#1794=EDGE_CURVE('',#2244,#2270,#599,.T.);
#1795=EDGE_CURVE('',#2270,#2271,#574,.F.);
#1796=EDGE_CURVE('',#2271,#2247,#600,.T.);
#1797=EDGE_CURVE('',#2272,#2273,#75,.T.);
#1798=EDGE_CURVE('',#2272,#2274,#2580,.T.);
#1799=EDGE_CURVE('',#2273,#2274,#76,.T.);
#1800=EDGE_CURVE('',#2276,#2277,#601,.T.);
#1801=EDGE_CURVE('',#2277,#2278,#2581,.F.);
#1802=EDGE_CURVE('',#2278,#2231,#602,.T.);
#1803=EDGE_CURVE('',#2279,#2230,#77,.T.);
#1804=EDGE_CURVE('',#2279,#2280,#78,.T.);
#1805=EDGE_CURVE('',#2280,#2226,#603,.T.);
#1806=EDGE_CURVE('',#2227,#2281,#79,.T.);
#1807=EDGE_CURVE('',#2276,#2281,#80,.T.);
#1808=EDGE_CURVE('',#2232,#2272,#604,.T.);
#1809=EDGE_CURVE('',#2282,#2273,#81,.T.);
#1810=EDGE_CURVE('',#2279,#2282,#82,.T.);
#1811=EDGE_CURVE('',#2283,#2284,#83,.T.);
#1812=EDGE_CURVE('',#2283,#2285,#84,.T.);
#1813=EDGE_CURVE('',#2285,#2286,#85,.T.);
#1814=EDGE_CURVE('',#2284,#2286,#86,.T.);
#1815=EDGE_CURVE('',#2274,#2287,#605,.T.);
#1816=EDGE_CURVE('',#2287,#2288,#2582,.T.);
#1817=EDGE_CURVE('',#2288,#2233,#606,.T.);
#1818=EDGE_CURVE('',#2229,#2234,#87,.T.);
#1819=EDGE_CURVE('',#2228,#2289,#607,.T.);
#1820=EDGE_CURVE('',#2282,#2289,#88,.T.);
#1821=EDGE_CURVE('',#2281,#2291,#89,.T.);
#1822=EDGE_CURVE('',#2235,#2291,#608,.T.);
#1823=EDGE_CURVE('',#2289,#2280,#2583,.F.);
#1824=EDGE_CURVE('',#2291,#2276,#2584,.T.);
#1825=EDGE_CURVE('',#2292,#2292,#2585,.F.);
#1826=EDGE_CURVE('',#2223,#2251,#609,.F.);
#1827=EDGE_CURVE('',#2268,#2222,#610,.T.);
#1828=EDGE_CURVE('',#2224,#2250,#611,.F.);
#1829=EDGE_CURVE('',#2269,#2221,#612,.T.);
#1830=EDGE_CURVE('',#2215,#2248,#2586,.T.);
#1831=EDGE_CURVE('',#2263,#2220,#613,.T.);
#1832=EDGE_CURVE('',#2208,#2248,#2587,.F.);
#1833=EDGE_CURVE('',#2264,#2219,#614,.T.);
#1834=EDGE_CURVE('',#2209,#2271,#615,.F.);
#1835=EDGE_CURVE('',#2243,#2218,#2588,.T.);
#1836=EDGE_CURVE('',#2210,#2270,#616,.F.);
#1837=EDGE_CURVE('',#2243,#2211,#2589,.F.);
#1838=EDGE_CURVE('',#2202,#2278,#617,.F.);
#1839=EDGE_CURVE('',#2287,#2201,#618,.T.);
#1840=EDGE_CURVE('',#2199,#2277,#619,.F.);
#1841=EDGE_CURVE('',#2288,#2200,#620,.T.);
#1842=EDGE_CURVE('',#2293,#2293,#2590,.T.);
#1843=EDGE_CURVE('',#2294,#2294,#2591,.T.);
#1844=EDGE_CURVE('',#2295,#2295,#2592,.T.);
#1845=EDGE_CURVE('',#2296,#2296,#2593,.T.);
#1846=EDGE_CURVE('',#2297,#2297,#2594,.T.);
#1847=EDGE_CURVE('',#2298,#2298,#2595,.T.);
#1848=EDGE_CURVE('',#2299,#2284,#90,.T.);
#1849=EDGE_CURVE('',#2300,#2299,#91,.T.);
#1850=EDGE_CURVE('',#2300,#2283,#92,.T.);
#1851=EDGE_CURVE('',#2301,#2285,#93,.T.);
#1852=EDGE_CURVE('',#2301,#2302,#94,.T.);
#1853=EDGE_CURVE('',#2302,#2286,#95,.T.);
#1854=EDGE_CURVE('',#2300,#2301,#96,.T.);
#1855=EDGE_CURVE('',#2299,#2302,#97,.T.);
#1856=EDGE_CURVE('',#2303,#2258,#98,.T.);
#1857=EDGE_CURVE('',#2304,#2303,#99,.T.);
#1858=EDGE_CURVE('',#2304,#2257,#100,.T.);
#1859=EDGE_CURVE('',#2305,#2259,#101,.T.);
#1860=EDGE_CURVE('',#2305,#2306,#102,.T.);
#1861=EDGE_CURVE('',#2306,#2260,#103,.T.);
#1862=EDGE_CURVE('',#2304,#2305,#104,.T.);
#1863=EDGE_CURVE('',#2303,#2306,#105,.T.);
#1864=EDGE_CURVE('',#2307,#2307,#2596,.T.);
#1865=EDGE_CURVE('',#2308,#2309,#2597,.T.);
#1866=EDGE_CURVE('',#2309,#2310,#2598,.F.);
#1867=EDGE_CURVE('',#2310,#2311,#2599,.T.);
#1868=EDGE_CURVE('',#2311,#2308,#2600,.F.);
#1869=EDGE_CURVE('',#2312,#2312,#2601,.T.);
#1870=EDGE_CURVE('',#2313,#2314,#2602,.T.);
#1871=EDGE_CURVE('',#2314,#2313,#2603,.T.);
#1872=EDGE_CURVE('',#2315,#2316,#621,.T.);
#1873=EDGE_CURVE('',#2315,#2317,#2604,.F.);
#1874=EDGE_CURVE('',#2317,#2318,#575,.F.);
#1875=EDGE_CURVE('',#2318,#2319,#576,.F.);
#1876=EDGE_CURVE('',#2319,#2320,#577,.F.);
#1877=EDGE_CURVE('',#2320,#2316,#2605,.F.);
#1878=EDGE_CURVE('',#2321,#2322,#622,.T.);
#1879=EDGE_CURVE('',#2321,#2322,#2606,.F.);
#1880=EDGE_CURVE('',#2323,#2324,#2607,.T.);
#1881=EDGE_CURVE('',#2324,#2325,#2608,.T.);
#1882=EDGE_CURVE('',#2325,#2326,#2609,.T.);
#1883=EDGE_CURVE('',#2326,#2327,#2610,.T.);
#1884=EDGE_CURVE('',#2327,#2328,#2611,.F.);
#1885=EDGE_CURVE('',#2328,#2329,#2612,.T.);
#1886=EDGE_CURVE('',#2329,#2330,#2613,.F.);
#1887=EDGE_CURVE('',#2330,#2331,#2614,.T.);
#1888=EDGE_CURVE('',#2331,#2332,#2615,.F.);
#1889=EDGE_CURVE('',#2332,#2323,#2616,.T.);
#1890=EDGE_CURVE('',#2333,#2333,#2617,.T.);
#1891=EDGE_CURVE('',#2334,#2334,#2618,.T.);
#1892=EDGE_CURVE('',#2324,#2315,#623,.T.);
#1893=EDGE_CURVE('',#2323,#2317,#2619,.F.);
#1894=EDGE_CURVE('',#2316,#2325,#624,.T.);
#1895=EDGE_CURVE('',#2326,#2320,#2620,.T.);
#1896=EDGE_CURVE('',#2314,#2321,#625,.T.);
#1897=EDGE_CURVE('',#2322,#2313,#626,.T.);
#1898=EDGE_CURVE('',#2335,#2336,#106,.T.);
#1899=EDGE_CURVE('',#2336,#2337,#2621,.F.);
#1900=EDGE_CURVE('',#2338,#2337,#107,.T.);
#1901=EDGE_CURVE('',#2338,#2335,#108,.T.);
#1902=EDGE_CURVE('',#2339,#2340,#109,.T.);
#1903=EDGE_CURVE('',#2340,#2341,#2622,.T.);
#1904=EDGE_CURVE('',#2339,#2341,#110,.T.);
#1905=EDGE_CURVE('',#2342,#2343,#111,.T.);
#1906=EDGE_CURVE('',#2342,#2344,#2623,.T.);
#1907=EDGE_CURVE('',#2344,#2343,#112,.T.);
#1908=EDGE_CURVE('',#2345,#2346,#113,.T.);
#1909=EDGE_CURVE('',#2345,#2347,#2624,.F.);
#1910=EDGE_CURVE('',#2346,#2347,#114,.T.);
#1911=EDGE_CURVE('',#2348,#2349,#115,.T.);
#1912=EDGE_CURVE('',#2348,#2350,#2625,.F.);
#1913=EDGE_CURVE('',#2350,#2349,#116,.T.);
#1914=EDGE_CURVE('',#2351,#2352,#2626,.F.);
#1915=EDGE_CURVE('',#2352,#2353,#578,.F.);
#1916=EDGE_CURVE('',#2353,#2354,#117,.T.);
#1917=EDGE_CURVE('',#2354,#2351,#118,.T.);
#1918=EDGE_CURVE('',#2355,#2356,#119,.T.);
#1919=EDGE_CURVE('',#2356,#2357,#579,.F.);
#1920=EDGE_CURVE('',#2357,#2358,#2627,.F.);
#1921=EDGE_CURVE('',#2355,#2358,#120,.T.);
#1922=EDGE_CURVE('',#2358,#2359,#627,.T.);
#1923=EDGE_CURVE('',#2359,#2360,#2628,.T.);
#1924=EDGE_CURVE('',#2360,#2345,#628,.T.);
#1925=EDGE_CURVE('',#2346,#2361,#121,.T.);
#1926=EDGE_CURVE('',#2362,#2361,#122,.T.);
#1927=EDGE_CURVE('',#2363,#2362,#123,.T.);
#1928=EDGE_CURVE('',#2363,#2364,#124,.T.);
#1929=EDGE_CURVE('',#2364,#2365,#2629,.T.);
#1930=EDGE_CURVE('',#2355,#2365,#125,.T.);
#1931=EDGE_CURVE('',#2366,#2367,#126,.T.);
#1932=EDGE_CURVE('',#2366,#2368,#127,.T.);
#1933=EDGE_CURVE('',#2368,#2369,#128,.T.);
#1934=EDGE_CURVE('',#2367,#2369,#129,.T.);
#1935=EDGE_CURVE('',#2361,#2370,#130,.T.);
#1936=EDGE_CURVE('',#2371,#2370,#131,.T.);
#1937=EDGE_CURVE('',#2362,#2371,#132,.T.);
#1938=EDGE_CURVE('',#2350,#2372,#629,.T.);
#1939=EDGE_CURVE('',#2372,#2373,#2630,.F.);
#1940=EDGE_CURVE('',#2373,#2351,#630,.T.);
#1941=EDGE_CURVE('',#2354,#2374,#133,.T.);
#1942=EDGE_CURVE('',#2374,#2375,#2631,.F.);
#1943=EDGE_CURVE('',#2376,#2375,#134,.T.);
#1944=EDGE_CURVE('',#2376,#2371,#135,.T.);
#1945=EDGE_CURVE('',#2349,#2370,#136,.T.);
#1946=EDGE_CURVE('',#2347,#2377,#631,.T.);
#1947=EDGE_CURVE('',#2377,#2378,#2632,.T.);
#1948=EDGE_CURVE('',#2378,#2348,#632,.T.);
#1949=EDGE_CURVE('',#2375,#2364,#137,.F.);
#1950=EDGE_CURVE('',#2363,#2376,#138,.T.);
#1951=EDGE_CURVE('',#2365,#2374,#139,.T.);
#1952=EDGE_CURVE('',#2353,#2379,#633,.T.);
#1953=EDGE_CURVE('',#2379,#2380,#580,.F.);
#1954=EDGE_CURVE('',#2380,#2356,#634,.T.);
#1955=EDGE_CURVE('',#2381,#2382,#140,.T.);
#1956=EDGE_CURVE('',#2382,#2383,#2633,.T.);
#1957=EDGE_CURVE('',#2383,#2381,#141,.T.);
#1958=EDGE_CURVE('',#2383,#2385,#635,.T.);
#1959=EDGE_CURVE('',#2385,#2386,#2634,.F.);
#1960=EDGE_CURVE('',#2386,#2340,#636,.T.);
#1961=EDGE_CURVE('',#2338,#2339,#142,.T.);
#1962=EDGE_CURVE('',#2337,#2387,#637,.T.);
#1963=EDGE_CURVE('',#2387,#2388,#143,.T.);
#1964=EDGE_CURVE('',#2388,#2381,#144,.T.);
#1965=EDGE_CURVE('',#2341,#2389,#638,.T.);
#1966=EDGE_CURVE('',#2389,#2390,#145,.T.);
#1967=EDGE_CURVE('',#2335,#2390,#146,.T.);
#1968=EDGE_CURVE('',#2391,#2392,#147,.T.);
#1969=EDGE_CURVE('',#2391,#2393,#148,.T.);
#1970=EDGE_CURVE('',#2393,#2394,#149,.T.);
#1971=EDGE_CURVE('',#2392,#2394,#150,.T.);
#1972=EDGE_CURVE('',#2395,#2396,#639,.T.);
#1973=EDGE_CURVE('',#2396,#2397,#2635,.T.);
#1974=EDGE_CURVE('',#2397,#2342,#640,.T.);
#1975=EDGE_CURVE('',#2398,#2343,#151,.T.);
#1976=EDGE_CURVE('',#2399,#2398,#152,.T.);
#1977=EDGE_CURVE('',#2399,#2336,#641,.T.);
#1978=EDGE_CURVE('',#2390,#2395,#153,.T.);
#1979=EDGE_CURVE('',#2388,#2398,#154,.T.);
#1980=EDGE_CURVE('',#2344,#2382,#642,.T.);
#1981=EDGE_CURVE('',#2387,#2399,#2636,.F.);
#1982=EDGE_CURVE('',#2389,#2395,#2637,.T.);
#1983=EDGE_CURVE('',#2401,#2401,#2638,.F.);
#1984=EDGE_CURVE('',#2331,#2360,#643,.F.);
#1985=EDGE_CURVE('',#2377,#2330,#644,.T.);
#1986=EDGE_CURVE('',#2332,#2359,#645,.F.);
#1987=EDGE_CURVE('',#2378,#2329,#646,.T.);
#1988=EDGE_CURVE('',#2323,#2357,#2639,.T.);
#1989=EDGE_CURVE('',#2372,#2328,#647,.T.);
#1990=EDGE_CURVE('',#2317,#2357,#2640,.F.);
#1991=EDGE_CURVE('',#2373,#2327,#648,.T.);
#1992=EDGE_CURVE('',#2318,#2380,#649,.F.);
#1993=EDGE_CURVE('',#2352,#2326,#2641,.T.);
#1994=EDGE_CURVE('',#2319,#2379,#650,.F.);
#1995=EDGE_CURVE('',#2352,#2320,#2642,.F.);
#1996=EDGE_CURVE('',#2311,#2386,#651,.F.);
#1997=EDGE_CURVE('',#2396,#2310,#652,.T.);
#1998=EDGE_CURVE('',#2308,#2385,#653,.F.);
#1999=EDGE_CURVE('',#2397,#2309,#654,.T.);
#2000=EDGE_CURVE('',#2402,#2402,#2643,.T.);
#2001=EDGE_CURVE('',#2403,#2403,#2644,.T.);
#2002=EDGE_CURVE('',#2404,#2404,#2645,.T.);
#2003=EDGE_CURVE('',#2405,#2405,#2646,.T.);
#2004=EDGE_CURVE('',#2406,#2406,#2647,.T.);
#2005=EDGE_CURVE('',#2407,#2407,#2648,.T.);
#2006=EDGE_CURVE('',#2408,#2392,#155,.T.);
#2007=EDGE_CURVE('',#2409,#2408,#156,.T.);
#2008=EDGE_CURVE('',#2409,#2391,#157,.T.);
#2009=EDGE_CURVE('',#2410,#2393,#158,.T.);
#2010=EDGE_CURVE('',#2410,#2411,#159,.T.);
#2011=EDGE_CURVE('',#2411,#2394,#160,.T.);
#2012=EDGE_CURVE('',#2409,#2410,#161,.T.);
#2013=EDGE_CURVE('',#2408,#2411,#162,.T.);
#2014=EDGE_CURVE('',#2412,#2367,#163,.T.);
#2015=EDGE_CURVE('',#2413,#2412,#164,.T.);
#2016=EDGE_CURVE('',#2413,#2366,#165,.T.);
#2017=EDGE_CURVE('',#2414,#2368,#166,.T.);
#2018=EDGE_CURVE('',#2414,#2415,#167,.T.);
#2019=EDGE_CURVE('',#2415,#2369,#168,.T.);
#2020=EDGE_CURVE('',#2413,#2414,#169,.T.);
#2021=EDGE_CURVE('',#2412,#2415,#170,.T.);
#2022=EDGE_CURVE('',#2416,#2417,#2649,.T.);
#2023=EDGE_CURVE('',#2417,#2416,#2650,.T.);
#2024=EDGE_CURVE('',#2418,#2418,#2651,.T.);
#2025=EDGE_CURVE('',#2419,#2420,#2652,.T.);
#2026=EDGE_CURVE('',#2420,#2421,#2653,.F.);
#2027=EDGE_CURVE('',#2421,#2422,#2654,.T.);
#2028=EDGE_CURVE('',#2422,#2419,#2655,.F.);
#2029=EDGE_CURVE('',#2423,#2423,#2656,.T.);
#2030=EDGE_CURVE('',#2424,#2425,#655,.T.);
#2031=EDGE_CURVE('',#2424,#2426,#2657,.F.);
#2032=EDGE_CURVE('',#2426,#2427,#581,.F.);
#2033=EDGE_CURVE('',#2427,#2428,#582,.F.);
#2034=EDGE_CURVE('',#2428,#2429,#583,.F.);
#2035=EDGE_CURVE('',#2429,#2425,#2658,.F.);
#2036=EDGE_CURVE('',#2430,#2431,#656,.T.);
#2037=EDGE_CURVE('',#2430,#2431,#2659,.F.);
#2038=EDGE_CURVE('',#2432,#2433,#2660,.T.);
#2039=EDGE_CURVE('',#2433,#2434,#2661,.T.);
#2040=EDGE_CURVE('',#2434,#2435,#2662,.T.);
#2041=EDGE_CURVE('',#2435,#2436,#2663,.T.);
#2042=EDGE_CURVE('',#2436,#2437,#2664,.F.);
#2043=EDGE_CURVE('',#2437,#2438,#2665,.T.);
#2044=EDGE_CURVE('',#2438,#2439,#2666,.F.);
#2045=EDGE_CURVE('',#2439,#2440,#2667,.T.);
#2046=EDGE_CURVE('',#2440,#2441,#2668,.F.);
#2047=EDGE_CURVE('',#2441,#2432,#2669,.T.);
#2048=EDGE_CURVE('',#2442,#2442,#2670,.T.);
#2049=EDGE_CURVE('',#2443,#2443,#2671,.T.);
#2050=EDGE_CURVE('',#2433,#2424,#657,.T.);
#2051=EDGE_CURVE('',#2432,#2426,#2672,.F.);
#2052=EDGE_CURVE('',#2425,#2434,#658,.T.);
#2053=EDGE_CURVE('',#2435,#2429,#2673,.T.);
#2054=EDGE_CURVE('',#2417,#2430,#659,.T.);
#2055=EDGE_CURVE('',#2431,#2416,#660,.T.);
#2056=EDGE_CURVE('',#2444,#2445,#171,.T.);
#2057=EDGE_CURVE('',#2445,#2446,#2674,.F.);
#2058=EDGE_CURVE('',#2447,#2446,#172,.T.);
#2059=EDGE_CURVE('',#2447,#2444,#173,.T.);
#2060=EDGE_CURVE('',#2448,#2449,#174,.T.);
#2061=EDGE_CURVE('',#2449,#2450,#2675,.T.);
#2062=EDGE_CURVE('',#2448,#2450,#175,.T.);
#2063=EDGE_CURVE('',#2451,#2452,#176,.T.);
#2064=EDGE_CURVE('',#2451,#2453,#2676,.T.);
#2065=EDGE_CURVE('',#2453,#2452,#177,.T.);
#2066=EDGE_CURVE('',#2454,#2455,#178,.T.);
#2067=EDGE_CURVE('',#2454,#2456,#2677,.F.);
#2068=EDGE_CURVE('',#2455,#2456,#179,.T.);
#2069=EDGE_CURVE('',#2457,#2458,#180,.T.);
#2070=EDGE_CURVE('',#2457,#2459,#2678,.F.);
#2071=EDGE_CURVE('',#2459,#2458,#181,.T.);
#2072=EDGE_CURVE('',#2460,#2461,#2679,.F.);
#2073=EDGE_CURVE('',#2461,#2462,#584,.F.);
#2074=EDGE_CURVE('',#2462,#2463,#182,.T.);
#2075=EDGE_CURVE('',#2463,#2460,#183,.T.);
#2076=EDGE_CURVE('',#2464,#2465,#184,.T.);
#2077=EDGE_CURVE('',#2465,#2466,#585,.F.);
#2078=EDGE_CURVE('',#2466,#2467,#2680,.F.);
#2079=EDGE_CURVE('',#2464,#2467,#185,.T.);
#2080=EDGE_CURVE('',#2467,#2468,#661,.T.);
#2081=EDGE_CURVE('',#2468,#2469,#2681,.T.);
#2082=EDGE_CURVE('',#2469,#2454,#662,.T.);
#2083=EDGE_CURVE('',#2455,#2470,#186,.T.);
#2084=EDGE_CURVE('',#2471,#2470,#187,.T.);
#2085=EDGE_CURVE('',#2472,#2471,#188,.T.);
#2086=EDGE_CURVE('',#2472,#2473,#189,.T.);
#2087=EDGE_CURVE('',#2473,#2474,#2682,.T.);
#2088=EDGE_CURVE('',#2464,#2474,#190,.T.);
#2089=EDGE_CURVE('',#2475,#2476,#191,.T.);
#2090=EDGE_CURVE('',#2475,#2477,#192,.T.);
#2091=EDGE_CURVE('',#2477,#2478,#193,.T.);
#2092=EDGE_CURVE('',#2476,#2478,#194,.T.);
#2093=EDGE_CURVE('',#2470,#2479,#195,.T.);
#2094=EDGE_CURVE('',#2480,#2479,#196,.T.);
#2095=EDGE_CURVE('',#2471,#2480,#197,.T.);
#2096=EDGE_CURVE('',#2459,#2481,#663,.T.);
#2097=EDGE_CURVE('',#2481,#2482,#2683,.F.);
#2098=EDGE_CURVE('',#2482,#2460,#664,.T.);
#2099=EDGE_CURVE('',#2463,#2483,#198,.T.);
#2100=EDGE_CURVE('',#2483,#2484,#2684,.F.);
#2101=EDGE_CURVE('',#2485,#2484,#199,.T.);
#2102=EDGE_CURVE('',#2485,#2480,#200,.T.);
#2103=EDGE_CURVE('',#2458,#2479,#201,.T.);
#2104=EDGE_CURVE('',#2456,#2486,#665,.T.);
#2105=EDGE_CURVE('',#2486,#2487,#2685,.T.);
#2106=EDGE_CURVE('',#2487,#2457,#666,.T.);
#2107=EDGE_CURVE('',#2484,#2473,#202,.F.);
#2108=EDGE_CURVE('',#2472,#2485,#203,.T.);
#2109=EDGE_CURVE('',#2474,#2483,#204,.T.);
#2110=EDGE_CURVE('',#2462,#2488,#667,.T.);
#2111=EDGE_CURVE('',#2488,#2489,#586,.F.);
#2112=EDGE_CURVE('',#2489,#2465,#668,.T.);
#2113=EDGE_CURVE('',#2490,#2491,#205,.T.);
#2114=EDGE_CURVE('',#2491,#2492,#2686,.T.);
#2115=EDGE_CURVE('',#2492,#2490,#206,.T.);
#2116=EDGE_CURVE('',#2492,#2494,#669,.T.);
#2117=EDGE_CURVE('',#2494,#2495,#2687,.F.);
#2118=EDGE_CURVE('',#2495,#2449,#670,.T.);
#2119=EDGE_CURVE('',#2447,#2448,#207,.T.);
#2120=EDGE_CURVE('',#2446,#2496,#671,.T.);
#2121=EDGE_CURVE('',#2496,#2497,#208,.T.);
#2122=EDGE_CURVE('',#2497,#2490,#209,.T.);
#2123=EDGE_CURVE('',#2450,#2498,#672,.T.);
#2124=EDGE_CURVE('',#2498,#2499,#210,.T.);
#2125=EDGE_CURVE('',#2444,#2499,#211,.T.);
#2126=EDGE_CURVE('',#2500,#2501,#212,.T.);
#2127=EDGE_CURVE('',#2500,#2502,#213,.T.);
#2128=EDGE_CURVE('',#2502,#2503,#214,.T.);
#2129=EDGE_CURVE('',#2501,#2503,#215,.T.);
#2130=EDGE_CURVE('',#2504,#2505,#673,.T.);
#2131=EDGE_CURVE('',#2505,#2506,#2688,.T.);
#2132=EDGE_CURVE('',#2506,#2451,#674,.T.);
#2133=EDGE_CURVE('',#2507,#2452,#216,.T.);
#2134=EDGE_CURVE('',#2508,#2507,#217,.T.);
#2135=EDGE_CURVE('',#2508,#2445,#675,.T.);
#2136=EDGE_CURVE('',#2499,#2504,#218,.T.);
#2137=EDGE_CURVE('',#2497,#2507,#219,.T.);
#2138=EDGE_CURVE('',#2453,#2491,#676,.T.);
#2139=EDGE_CURVE('',#2496,#2508,#2689,.F.);
#2140=EDGE_CURVE('',#2498,#2504,#2690,.T.);
#2141=EDGE_CURVE('',#2510,#2510,#2691,.F.);
#2142=EDGE_CURVE('',#2440,#2469,#677,.F.);
#2143=EDGE_CURVE('',#2486,#2439,#678,.T.);
#2144=EDGE_CURVE('',#2441,#2468,#679,.F.);
#2145=EDGE_CURVE('',#2487,#2438,#680,.T.);
#2146=EDGE_CURVE('',#2432,#2466,#2692,.T.);
#2147=EDGE_CURVE('',#2481,#2437,#681,.T.);
#2148=EDGE_CURVE('',#2426,#2466,#2693,.F.);
#2149=EDGE_CURVE('',#2482,#2436,#682,.T.);
#2150=EDGE_CURVE('',#2427,#2489,#683,.F.);
#2151=EDGE_CURVE('',#2461,#2435,#2694,.T.);
#2152=EDGE_CURVE('',#2428,#2488,#684,.F.);
#2153=EDGE_CURVE('',#2461,#2429,#2695,.F.);
#2154=EDGE_CURVE('',#2422,#2495,#685,.F.);
#2155=EDGE_CURVE('',#2505,#2421,#686,.T.);
#2156=EDGE_CURVE('',#2419,#2494,#687,.F.);
#2157=EDGE_CURVE('',#2506,#2420,#688,.T.);
#2158=EDGE_CURVE('',#2511,#2511,#2696,.T.);
#2159=EDGE_CURVE('',#2512,#2512,#2697,.T.);
#2160=EDGE_CURVE('',#2513,#2513,#2698,.T.);
#2161=EDGE_CURVE('',#2514,#2514,#2699,.T.);
#2162=EDGE_CURVE('',#2515,#2515,#2700,.T.);
#2163=EDGE_CURVE('',#2516,#2516,#2701,.T.);
#2164=EDGE_CURVE('',#2517,#2501,#220,.T.);
#2165=EDGE_CURVE('',#2518,#2517,#221,.T.);
#2166=EDGE_CURVE('',#2518,#2500,#222,.T.);
#2167=EDGE_CURVE('',#2519,#2502,#223,.T.);
#2168=EDGE_CURVE('',#2519,#2520,#224,.T.);
#2169=EDGE_CURVE('',#2520,#2503,#225,.T.);
#2170=EDGE_CURVE('',#2518,#2519,#226,.T.);
#2171=EDGE_CURVE('',#2517,#2520,#227,.T.);
#2172=EDGE_CURVE('',#2521,#2476,#228,.T.);
#2173=EDGE_CURVE('',#2522,#2521,#229,.T.);
#2174=EDGE_CURVE('',#2522,#2475,#230,.T.);
#2175=EDGE_CURVE('',#2523,#2477,#231,.T.);
#2176=EDGE_CURVE('',#2523,#2524,#232,.T.);
#2177=EDGE_CURVE('',#2524,#2478,#233,.T.);
#2178=EDGE_CURVE('',#2522,#2523,#234,.T.);
#2179=EDGE_CURVE('',#2521,#2524,#235,.T.);
#2180=EDGE_CURVE('',#2525,#2525,#2702,.F.);
#2181=EDGE_CURVE('',#2526,#2526,#2703,.F.);
#2182=EDGE_CURVE('',#2527,#2527,#2704,.F.);
#2183=EDGE_CURVE('',#2528,#2528,#2705,.T.);
#2184=EDGE_CURVE('',#2529,#2529,#2706,.T.);
#2185=EDGE_CURVE('',#2530,#2530,#2707,.F.);
#2186=EDGE_CURVE('',#2531,#2531,#2708,.T.);
#2187=EDGE_CURVE('',#2532,#2532,#2709,.F.);
#2188=EDGE_CURVE('',#2533,#2533,#2710,.F.);
#2189=EDGE_CURVE('',#2534,#2534,#2711,.F.);
#2190=EDGE_CURVE('',#2535,#2535,#2712,.F.);
#2191=EDGE_CURVE('',#2536,#2536,#2713,.F.);
#2192=EDGE_CURVE('',#2537,#2537,#2714,.F.);
#2193=EDGE_CURVE('',#2538,#2538,#2715,.F.);
#2194=EDGE_CURVE('',#2539,#2539,#2716,.F.);
#2195=EDGE_CURVE('',#2540,#2540,#2717,.F.);
#2196=EDGE_CURVE('',#2541,#2541,#2718,.F.);
#2197=EDGE_CURVE('',#2542,#2542,#2719,.F.);
#2198=VERTEX_POINT('',#4964);
#2199=VERTEX_POINT('',#4966);
#2200=VERTEX_POINT('',#4967);
#2201=VERTEX_POINT('',#4969);
#2202=VERTEX_POINT('',#4971);
#2203=VERTEX_POINT('',#4974);
#2204=VERTEX_POINT('',#4975);
#2205=VERTEX_POINT('',#4978);
#2206=VERTEX_POINT('',#4994);
#2207=VERTEX_POINT('',#4995);
#2208=VERTEX_POINT('',#4997);
#2209=VERTEX_POINT('',#4999);
#2210=VERTEX_POINT('',#5001);
#2211=VERTEX_POINT('',#5003);
#2212=VERTEX_POINT('',#5019);
#2213=VERTEX_POINT('',#5020);
#2214=VERTEX_POINT('',#5024);
#2215=VERTEX_POINT('',#5026);
#2216=VERTEX_POINT('',#5027);
#2217=VERTEX_POINT('',#5029);
#2218=VERTEX_POINT('',#5031);
#2219=VERTEX_POINT('',#5033);
#2220=VERTEX_POINT('',#5035);
#2221=VERTEX_POINT('',#5037);
#2222=VERTEX_POINT('',#5039);
#2223=VERTEX_POINT('',#5041);
#2224=VERTEX_POINT('',#5043);
#2225=VERTEX_POINT('',#5046);
#2226=VERTEX_POINT('',#5070);
#2227=VERTEX_POINT('',#5071);
#2228=VERTEX_POINT('',#5073);
#2229=VERTEX_POINT('',#5075);
#2230=VERTEX_POINT('',#5079);
#2231=VERTEX_POINT('',#5080);
#2232=VERTEX_POINT('',#5082);
#2233=VERTEX_POINT('',#5086);
#2234=VERTEX_POINT('',#5087);
#2235=VERTEX_POINT('',#5089);
#2236=VERTEX_POINT('',#5093);
#2237=VERTEX_POINT('',#5094);
#2238=VERTEX_POINT('',#5096);
#2239=VERTEX_POINT('',#5100);
#2240=VERTEX_POINT('',#5101);
#2241=VERTEX_POINT('',#5103);
#2242=VERTEX_POINT('',#5107);
#2243=VERTEX_POINT('',#5108);
#2244=VERTEX_POINT('',#5110);
#2245=VERTEX_POINT('',#5112);
#2246=VERTEX_POINT('',#5116);
#2247=VERTEX_POINT('',#5117);
#2248=VERTEX_POINT('',#5119);
#2249=VERTEX_POINT('',#5121);
#2250=VERTEX_POINT('',#5129);
#2251=VERTEX_POINT('',#5131);
#2252=VERTEX_POINT('',#5138);
#2253=VERTEX_POINT('',#5140);
#2254=VERTEX_POINT('',#5142);
#2255=VERTEX_POINT('',#5144);
#2256=VERTEX_POINT('',#5146);
#2257=VERTEX_POINT('',#5150);
#2258=VERTEX_POINT('',#5151);
#2259=VERTEX_POINT('',#5153);
#2260=VERTEX_POINT('',#5155);
#2261=VERTEX_POINT('',#5158);
#2262=VERTEX_POINT('',#5160);
#2263=VERTEX_POINT('',#5168);
#2264=VERTEX_POINT('',#5170);
#2265=VERTEX_POINT('',#5177);
#2266=VERTEX_POINT('',#5179);
#2267=VERTEX_POINT('',#5181);
#2268=VERTEX_POINT('',#5189);
#2269=VERTEX_POINT('',#5191);
#2270=VERTEX_POINT('',#5206);
#2271=VERTEX_POINT('',#5208);
#2272=VERTEX_POINT('',#5215);
#2273=VERTEX_POINT('',#5216);
#2274=VERTEX_POINT('',#5218);
#2275=VERTEX_POINT('',#5221);
#2276=VERTEX_POINT('',#5227);
#2277=VERTEX_POINT('',#5228);
#2278=VERTEX_POINT('',#5230);
#2279=VERTEX_POINT('',#5237);
#2280=VERTEX_POINT('',#5239);
#2281=VERTEX_POINT('',#5246);
#2282=VERTEX_POINT('',#5255);
#2283=VERTEX_POINT('',#5259);
#2284=VERTEX_POINT('',#5260);
#2285=VERTEX_POINT('',#5262);
#2286=VERTEX_POINT('',#5264);
#2287=VERTEX_POINT('',#5271);
#2288=VERTEX_POINT('',#5273);
#2289=VERTEX_POINT('',#5285);
#2290=VERTEX_POINT('',#5287);
#2291=VERTEX_POINT('',#5290);
#2292=VERTEX_POINT('',#5302);
#2293=VERTEX_POINT('',#5412);
#2294=VERTEX_POINT('',#5415);
#2295=VERTEX_POINT('',#5418);
#2296=VERTEX_POINT('',#5422);
#2297=VERTEX_POINT('',#5425);
#2298=VERTEX_POINT('',#5428);
#2299=VERTEX_POINT('',#5432);
#2300=VERTEX_POINT('',#5434);
#2301=VERTEX_POINT('',#5438);
#2302=VERTEX_POINT('',#5440);
#2303=VERTEX_POINT('',#5449);
#2304=VERTEX_POINT('',#5451);
#2305=VERTEX_POINT('',#5455);
#2306=VERTEX_POINT('',#5457);
#2307=VERTEX_POINT('',#5467);
#2308=VERTEX_POINT('',#5469);
#2309=VERTEX_POINT('',#5470);
#2310=VERTEX_POINT('',#5472);
#2311=VERTEX_POINT('',#5474);
#2312=VERTEX_POINT('',#5477);
#2313=VERTEX_POINT('',#5479);
#2314=VERTEX_POINT('',#5480);
#2315=VERTEX_POINT('',#5497);
#2316=VERTEX_POINT('',#5498);
#2317=VERTEX_POINT('',#5500);
#2318=VERTEX_POINT('',#5502);
#2319=VERTEX_POINT('',#5504);
#2320=VERTEX_POINT('',#5506);
#2321=VERTEX_POINT('',#5522);
#2322=VERTEX_POINT('',#5523);
#2323=VERTEX_POINT('',#5527);
#2324=VERTEX_POINT('',#5528);
#2325=VERTEX_POINT('',#5530);
#2326=VERTEX_POINT('',#5532);
#2327=VERTEX_POINT('',#5534);
#2328=VERTEX_POINT('',#5536);
#2329=VERTEX_POINT('',#5538);
#2330=VERTEX_POINT('',#5540);
#2331=VERTEX_POINT('',#5542);
#2332=VERTEX_POINT('',#5544);
#2333=VERTEX_POINT('',#5547);
#2334=VERTEX_POINT('',#5549);
#2335=VERTEX_POINT('',#5573);
#2336=VERTEX_POINT('',#5574);
#2337=VERTEX_POINT('',#5576);
#2338=VERTEX_POINT('',#5578);
#2339=VERTEX_POINT('',#5582);
#2340=VERTEX_POINT('',#5583);
#2341=VERTEX_POINT('',#5585);
#2342=VERTEX_POINT('',#5589);
#2343=VERTEX_POINT('',#5590);
#2344=VERTEX_POINT('',#5592);
#2345=VERTEX_POINT('',#5596);
#2346=VERTEX_POINT('',#5597);
#2347=VERTEX_POINT('',#5599);
#2348=VERTEX_POINT('',#5603);
#2349=VERTEX_POINT('',#5604);
#2350=VERTEX_POINT('',#5606);
#2351=VERTEX_POINT('',#5610);
#2352=VERTEX_POINT('',#5611);
#2353=VERTEX_POINT('',#5613);
#2354=VERTEX_POINT('',#5615);
#2355=VERTEX_POINT('',#5619);
#2356=VERTEX_POINT('',#5620);
#2357=VERTEX_POINT('',#5622);
#2358=VERTEX_POINT('',#5624);
#2359=VERTEX_POINT('',#5632);
#2360=VERTEX_POINT('',#5634);
#2361=VERTEX_POINT('',#5641);
#2362=VERTEX_POINT('',#5643);
#2363=VERTEX_POINT('',#5645);
#2364=VERTEX_POINT('',#5647);
#2365=VERTEX_POINT('',#5649);
#2366=VERTEX_POINT('',#5653);
#2367=VERTEX_POINT('',#5654);
#2368=VERTEX_POINT('',#5656);
#2369=VERTEX_POINT('',#5658);
#2370=VERTEX_POINT('',#5661);
#2371=VERTEX_POINT('',#5663);
#2372=VERTEX_POINT('',#5671);
#2373=VERTEX_POINT('',#5673);
#2374=VERTEX_POINT('',#5680);
#2375=VERTEX_POINT('',#5682);
#2376=VERTEX_POINT('',#5684);
#2377=VERTEX_POINT('',#5692);
#2378=VERTEX_POINT('',#5694);
#2379=VERTEX_POINT('',#5709);
#2380=VERTEX_POINT('',#5711);
#2381=VERTEX_POINT('',#5718);
#2382=VERTEX_POINT('',#5719);
#2383=VERTEX_POINT('',#5721);
#2384=VERTEX_POINT('',#5724);
#2385=VERTEX_POINT('',#5730);
#2386=VERTEX_POINT('',#5732);
#2387=VERTEX_POINT('',#5744);
#2388=VERTEX_POINT('',#5746);
#2389=VERTEX_POINT('',#5754);
#2390=VERTEX_POINT('',#5756);
#2391=VERTEX_POINT('',#5760);
#2392=VERTEX_POINT('',#5761);
#2393=VERTEX_POINT('',#5763);
#2394=VERTEX_POINT('',#5765);
#2395=VERTEX_POINT('',#5772);
#2396=VERTEX_POINT('',#5773);
#2397=VERTEX_POINT('',#5775);
#2398=VERTEX_POINT('',#5782);
#2399=VERTEX_POINT('',#5784);
#2400=VERTEX_POINT('',#5791);
#2401=VERTEX_POINT('',#5805);
#2402=VERTEX_POINT('',#5915);
#2403=VERTEX_POINT('',#5918);
#2404=VERTEX_POINT('',#5920);
#2405=VERTEX_POINT('',#5925);
#2406=VERTEX_POINT('',#5928);
#2407=VERTEX_POINT('',#5930);
#2408=VERTEX_POINT('',#5935);
#2409=VERTEX_POINT('',#5937);
#2410=VERTEX_POINT('',#5941);
#2411=VERTEX_POINT('',#5943);
#2412=VERTEX_POINT('',#5952);
#2413=VERTEX_POINT('',#5954);
#2414=VERTEX_POINT('',#5958);
#2415=VERTEX_POINT('',#5960);
#2416=VERTEX_POINT('',#5970);
#2417=VERTEX_POINT('',#5971);
#2418=VERTEX_POINT('',#5974);
#2419=VERTEX_POINT('',#5976);
#2420=VERTEX_POINT('',#5977);
#2421=VERTEX_POINT('',#5979);
#2422=VERTEX_POINT('',#5981);
#2423=VERTEX_POINT('',#5984);
#2424=VERTEX_POINT('',#6000);
#2425=VERTEX_POINT('',#6001);
#2426=VERTEX_POINT('',#6003);
#2427=VERTEX_POINT('',#6005);
#2428=VERTEX_POINT('',#6007);
#2429=VERTEX_POINT('',#6009);
#2430=VERTEX_POINT('',#6025);
#2431=VERTEX_POINT('',#6026);
#2432=VERTEX_POINT('',#6030);
#2433=VERTEX_POINT('',#6031);
#2434=VERTEX_POINT('',#6033);
#2435=VERTEX_POINT('',#6035);
#2436=VERTEX_POINT('',#6037);
#2437=VERTEX_POINT('',#6039);
#2438=VERTEX_POINT('',#6041);
#2439=VERTEX_POINT('',#6043);
#2440=VERTEX_POINT('',#6045);
#2441=VERTEX_POINT('',#6047);
#2442=VERTEX_POINT('',#6050);
#2443=VERTEX_POINT('',#6052);
#2444=VERTEX_POINT('',#6076);
#2445=VERTEX_POINT('',#6077);
#2446=VERTEX_POINT('',#6079);
#2447=VERTEX_POINT('',#6081);
#2448=VERTEX_POINT('',#6085);
#2449=VERTEX_POINT('',#6086);
#2450=VERTEX_POINT('',#6088);
#2451=VERTEX_POINT('',#6092);
#2452=VERTEX_POINT('',#6093);
#2453=VERTEX_POINT('',#6095);
#2454=VERTEX_POINT('',#6099);
#2455=VERTEX_POINT('',#6100);
#2456=VERTEX_POINT('',#6102);
#2457=VERTEX_POINT('',#6106);
#2458=VERTEX_POINT('',#6107);
#2459=VERTEX_POINT('',#6109);
#2460=VERTEX_POINT('',#6113);
#2461=VERTEX_POINT('',#6114);
#2462=VERTEX_POINT('',#6116);
#2463=VERTEX_POINT('',#6118);
#2464=VERTEX_POINT('',#6122);
#2465=VERTEX_POINT('',#6123);
#2466=VERTEX_POINT('',#6125);
#2467=VERTEX_POINT('',#6127);
#2468=VERTEX_POINT('',#6135);
#2469=VERTEX_POINT('',#6137);
#2470=VERTEX_POINT('',#6144);
#2471=VERTEX_POINT('',#6146);
#2472=VERTEX_POINT('',#6148);
#2473=VERTEX_POINT('',#6150);
#2474=VERTEX_POINT('',#6152);
#2475=VERTEX_POINT('',#6156);
#2476=VERTEX_POINT('',#6157);
#2477=VERTEX_POINT('',#6159);
#2478=VERTEX_POINT('',#6161);
#2479=VERTEX_POINT('',#6164);
#2480=VERTEX_POINT('',#6166);
#2481=VERTEX_POINT('',#6174);
#2482=VERTEX_POINT('',#6176);
#2483=VERTEX_POINT('',#6183);
#2484=VERTEX_POINT('',#6185);
#2485=VERTEX_POINT('',#6187);
#2486=VERTEX_POINT('',#6195);
#2487=VERTEX_POINT('',#6197);
#2488=VERTEX_POINT('',#6212);
#2489=VERTEX_POINT('',#6214);
#2490=VERTEX_POINT('',#6221);
#2491=VERTEX_POINT('',#6222);
#2492=VERTEX_POINT('',#6224);
#2493=VERTEX_POINT('',#6227);
#2494=VERTEX_POINT('',#6233);
#2495=VERTEX_POINT('',#6235);
#2496=VERTEX_POINT('',#6247);
#2497=VERTEX_POINT('',#6249);
#2498=VERTEX_POINT('',#6257);
#2499=VERTEX_POINT('',#6259);
#2500=VERTEX_POINT('',#6263);
#2501=VERTEX_POINT('',#6264);
#2502=VERTEX_POINT('',#6266);
#2503=VERTEX_POINT('',#6268);
#2504=VERTEX_POINT('',#6275);
#2505=VERTEX_POINT('',#6276);
#2506=VERTEX_POINT('',#6278);
#2507=VERTEX_POINT('',#6285);
#2508=VERTEX_POINT('',#6287);
#2509=VERTEX_POINT('',#6294);
#2510=VERTEX_POINT('',#6308);
#2511=VERTEX_POINT('',#6418);
#2512=VERTEX_POINT('',#6421);
#2513=VERTEX_POINT('',#6424);
#2514=VERTEX_POINT('',#6428);
#2515=VERTEX_POINT('',#6431);
#2516=VERTEX_POINT('',#6434);
#2517=VERTEX_POINT('',#6438);
#2518=VERTEX_POINT('',#6440);
#2519=VERTEX_POINT('',#6444);
#2520=VERTEX_POINT('',#6446);
#2521=VERTEX_POINT('',#6455);
#2522=VERTEX_POINT('',#6457);
#2523=VERTEX_POINT('',#6461);
#2524=VERTEX_POINT('',#6463);
#2525=VERTEX_POINT('',#6473);
#2526=VERTEX_POINT('',#6475);
#2527=VERTEX_POINT('',#6477);
#2528=VERTEX_POINT('',#6480);
#2529=VERTEX_POINT('',#6482);
#2530=VERTEX_POINT('',#6484);
#2531=VERTEX_POINT('',#6487);
#2532=VERTEX_POINT('',#6489);
#2533=VERTEX_POINT('',#6491);
#2534=VERTEX_POINT('',#6494);
#2535=VERTEX_POINT('',#6496);
#2536=VERTEX_POINT('',#6498);
#2537=VERTEX_POINT('',#6501);
#2538=VERTEX_POINT('',#6503);
#2539=VERTEX_POINT('',#6505);
#2540=VERTEX_POINT('',#6508);
#2541=VERTEX_POINT('',#6510);
#2542=VERTEX_POINT('',#6512);
#2543=CIRCLE('',#3577,0.0017307);
#2544=CIRCLE('',#3578,0.00498956092120381);
#2545=CIRCLE('',#3579,0.00408050044991439);
#2546=CIRCLE('',#3580,0.00498956092120381);
#2547=CIRCLE('',#3581,0.00408050044991439);
#2548=CIRCLE('',#3582,0.00365115844169676);
#2549=CIRCLE('',#3583,0.0017307);
#2550=CIRCLE('',#3584,0.0017307);
#2551=CIRCLE('',#3586,0.0034614);
#2552=CIRCLE('',#3590,0.0034614);
#2553=CIRCLE('',#3591,0.0034614);
#2554=CIRCLE('',#3593,0.0017307);
#2555=CIRCLE('',#3594,0.00365115844169677);
#2556=CIRCLE('',#3595,0.0017307);
#2557=CIRCLE('',#3596,0.00365115844169677);
#2558=CIRCLE('',#3597,0.00563087073808057);
#2559=CIRCLE('',#3598,0.00282587549664779);
#2560=CIRCLE('',#3599,0.00563087073808057);
#2561=CIRCLE('',#3600,0.00427739964604141);
#2562=CIRCLE('',#3601,0.00563087073808057);
#2563=CIRCLE('',#3602,0.00282587549664778);
#2564=CIRCLE('',#3603,0.00563087073808057);
#2565=CIRCLE('',#3604,0.0017307);
#2566=CIRCLE('',#3606,0.0005);
#2567=CIRCLE('',#3608,0.0005);
#2568=CIRCLE('',#3611,0.00431277173056956);
#2569=CIRCLE('',#3613,0.00541352750062287);
#2570=CIRCLE('',#3615,0.00541352750062287);
#2571=CIRCLE('',#3617,0.00610932987379925);
#2572=CIRCLE('',#3619,0.00610932987379925);
#2573=CIRCLE('',#3621,0.00610932987379925);
#2574=CIRCLE('',#3625,0.00610932987379925);
#2575=CIRCLE('',#3627,0.00306599216965732);
#2576=CIRCLE('',#3628,0.0005);
#2577=CIRCLE('',#3631,0.00306599216965733);
#2578=CIRCLE('',#3632,0.0005);
#2579=CIRCLE('',#3634,0.00464085336980172);
#2580=CIRCLE('',#3640,0.00541352750062287);
#2581=CIRCLE('',#3642,0.00442722350739151);
#2582=CIRCLE('',#3645,0.00442722350739151);
#2583=CIRCLE('',#3648,0.00431277173056956);
#2584=CIRCLE('',#3650,0.00541352750062287);
#2585=CIRCLE('',#3652,0.00384399219463809);
#2586=CIRCLE('',#3657,0.0005);
#2587=CIRCLE('',#3660,0.0005);
#2588=CIRCLE('',#3663,0.0005);
#2589=CIRCLE('',#3665,0.0005);
#2590=CIRCLE('',#3673,0.0017307);
#2591=CIRCLE('',#3675,0.0017307);
#2592=CIRCLE('',#3677,0.0017307);
#2593=CIRCLE('',#3680,0.0017307);
#2594=CIRCLE('',#3682,0.0017307);
#2595=CIRCLE('',#3684,0.0017307);
#2596=CIRCLE('',#3698,0.0017307);
#2597=CIRCLE('',#3699,0.00498956092120381);
#2598=CIRCLE('',#3700,0.00408050044991439);
#2599=CIRCLE('',#3701,0.00498956092120381);
#2600=CIRCLE('',#3702,0.00408050044991439);
#2601=CIRCLE('',#3703,0.0017307);
#2602=CIRCLE('',#3704,0.00365115844169676);
#2603=CIRCLE('',#3705,0.0017307);
#2604=CIRCLE('',#3707,0.0034614);
#2605=CIRCLE('',#3711,0.0034614);
#2606=CIRCLE('',#3712,0.0034614);
#2607=CIRCLE('',#3714,0.00365115844169677);
#2608=CIRCLE('',#3715,0.0017307);
#2609=CIRCLE('',#3716,0.00365115844169677);
#2610=CIRCLE('',#3717,0.00563087073808057);
#2611=CIRCLE('',#3718,0.00282587549664778);
#2612=CIRCLE('',#3719,0.00563087073808057);
#2613=CIRCLE('',#3720,0.00427739964604141);
#2614=CIRCLE('',#3721,0.00563087073808057);
#2615=CIRCLE('',#3722,0.00282587549664778);
#2616=CIRCLE('',#3723,0.00563087073808057);
#2617=CIRCLE('',#3724,0.0017307);
#2618=CIRCLE('',#3725,0.0017307);
#2619=CIRCLE('',#3727,0.0005);
#2620=CIRCLE('',#3729,0.0005);
#2621=CIRCLE('',#3732,0.00431277173056956);
#2622=CIRCLE('',#3734,0.00541352750062287);
#2623=CIRCLE('',#3736,0.00541352750062287);
#2624=CIRCLE('',#3738,0.00610932987379925);
#2625=CIRCLE('',#3740,0.00610932987379925);
#2626=CIRCLE('',#3742,0.00610932987379925);
#2627=CIRCLE('',#3746,0.00610932987379925);
#2628=CIRCLE('',#3748,0.00306599216965732);
#2629=CIRCLE('',#3749,0.0005);
#2630=CIRCLE('',#3752,0.00306599216965732);
#2631=CIRCLE('',#3753,0.0005);
#2632=CIRCLE('',#3755,0.00464085336980172);
#2633=CIRCLE('',#3761,0.00541352750062287);
#2634=CIRCLE('',#3763,0.00442722350739151);
#2635=CIRCLE('',#3766,0.00442722350739151);
#2636=CIRCLE('',#3769,0.00431277173056956);
#2637=CIRCLE('',#3771,0.00541352750062287);
#2638=CIRCLE('',#3773,0.00384399219463809);
#2639=CIRCLE('',#3778,0.0005);
#2640=CIRCLE('',#3781,0.0005);
#2641=CIRCLE('',#3784,0.0005);
#2642=CIRCLE('',#3786,0.0005);
#2643=CIRCLE('',#3794,0.0017307);
#2644=CIRCLE('',#3796,0.0017307);
#2645=CIRCLE('',#3797,0.0017307);
#2646=CIRCLE('',#3801,0.0017307);
#2647=CIRCLE('',#3803,0.0017307);
#2648=CIRCLE('',#3804,0.0017307);
#2649=CIRCLE('',#3819,0.00365115844169676);
#2650=CIRCLE('',#3820,0.0017307);
#2651=CIRCLE('',#3821,0.0017307);
#2652=CIRCLE('',#3822,0.00498956092120381);
#2653=CIRCLE('',#3823,0.0040805004499144);
#2654=CIRCLE('',#3824,0.00498956092120381);
#2655=CIRCLE('',#3825,0.00408050044991439);
#2656=CIRCLE('',#3826,0.0017307);
#2657=CIRCLE('',#3828,0.0034614);
#2658=CIRCLE('',#3832,0.0034614);
#2659=CIRCLE('',#3833,0.0034614);
#2660=CIRCLE('',#3835,0.00365115844169677);
#2661=CIRCLE('',#3836,0.0017307);
#2662=CIRCLE('',#3837,0.00365115844169677);
#2663=CIRCLE('',#3838,0.00563087073808057);
#2664=CIRCLE('',#3839,0.00282587549664779);
#2665=CIRCLE('',#3840,0.00563087073808057);
#2666=CIRCLE('',#3841,0.00427739964604141);
#2667=CIRCLE('',#3842,0.00563087073808057);
#2668=CIRCLE('',#3843,0.00282587549664778);
#2669=CIRCLE('',#3844,0.00563087073808057);
#2670=CIRCLE('',#3845,0.0017307);
#2671=CIRCLE('',#3846,0.0017307);
#2672=CIRCLE('',#3848,0.0005);
#2673=CIRCLE('',#3850,0.0005);
#2674=CIRCLE('',#3853,0.00431277173056956);
#2675=CIRCLE('',#3855,0.00541352750062287);
#2676=CIRCLE('',#3857,0.00541352750062287);
#2677=CIRCLE('',#3859,0.00610932987379925);
#2678=CIRCLE('',#3861,0.00610932987379925);
#2679=CIRCLE('',#3863,0.00610932987379925);
#2680=CIRCLE('',#3867,0.00610932987379925);
#2681=CIRCLE('',#3869,0.00306599216965732);
#2682=CIRCLE('',#3870,0.0005);
#2683=CIRCLE('',#3873,0.00306599216965732);
#2684=CIRCLE('',#3874,0.0005);
#2685=CIRCLE('',#3876,0.00464085336980172);
#2686=CIRCLE('',#3882,0.00541352750062287);
#2687=CIRCLE('',#3884,0.00442722350739151);
#2688=CIRCLE('',#3887,0.00442722350739152);
#2689=CIRCLE('',#3890,0.00431277173056956);
#2690=CIRCLE('',#3892,0.00541352750062287);
#2691=CIRCLE('',#3894,0.00384399219463809);
#2692=CIRCLE('',#3899,0.0005);
#2693=CIRCLE('',#3902,0.0005);
#2694=CIRCLE('',#3905,0.0005);
#2695=CIRCLE('',#3907,0.0005);
#2696=CIRCLE('',#3915,0.0017307);
#2697=CIRCLE('',#3917,0.0017307);
#2698=CIRCLE('',#3919,0.0017307);
#2699=CIRCLE('',#3922,0.0017307);
#2700=CIRCLE('',#3924,0.0017307);
#2701=CIRCLE('',#3926,0.0017307);
#2702=CIRCLE('',#3940,0.0017307);
#2703=CIRCLE('',#3941,0.0017307);
#2704=CIRCLE('',#3942,0.0017307);
#2705=CIRCLE('',#3944,0.0017307);
#2706=CIRCLE('',#3945,0.0017307);
#2707=CIRCLE('',#3946,0.0017307);
#2708=CIRCLE('',#3948,0.0017307);
#2709=CIRCLE('',#3949,0.0017307);
#2710=CIRCLE('',#3950,0.0017307);
#2711=CIRCLE('',#3952,0.0017307);
#2712=CIRCLE('',#3953,0.0017307);
#2713=CIRCLE('',#3954,0.0017307);
#2714=CIRCLE('',#3956,0.0017307);
#2715=CIRCLE('',#3957,0.0017307);
#2716=CIRCLE('',#3958,0.0017307);
#2717=CIRCLE('',#3960,0.0017307);
#2718=CIRCLE('',#3961,0.0017307);
#2719=CIRCLE('',#3962,0.0017307);
#2720=EDGE_LOOP('',(#722));
#2721=EDGE_LOOP('',(#723,#724,#725,#726));
#2722=EDGE_LOOP('',(#727,#728));
#2723=EDGE_LOOP('',(#729));
#2724=EDGE_LOOP('',(#730,#731,#732,#733,#734,#735));
#2725=EDGE_LOOP('',(#736,#737));
#2726=EDGE_LOOP('',(#738));
#2727=EDGE_LOOP('',(#739,#740,#741,#742,#743,#744,#745,#746,#747,#748));
#2728=EDGE_LOOP('',(#749));
#2729=EDGE_LOOP('',(#750,#751,#752,#753));
#2730=EDGE_LOOP('',(#754,#755,#756,#757));
#2731=EDGE_LOOP('',(#758,#759,#760,#761));
#2732=EDGE_LOOP('',(#762,#763,#764,#765));
#2733=EDGE_LOOP('',(#766,#767,#768));
#2734=EDGE_LOOP('',(#769,#770,#771));
#2735=EDGE_LOOP('',(#772,#773,#774));
#2736=EDGE_LOOP('',(#775,#776,#777));
#2737=EDGE_LOOP('',(#778,#779,#780,#781));
#2738=EDGE_LOOP('',(#782,#783,#784,#785));
#2739=EDGE_LOOP('',(#786,#787,#788,#789,#790,#791,#792,#793,#794,#795,#796));
#2740=EDGE_LOOP('',(#797,#798,#799,#800));
#2741=EDGE_LOOP('',(#801,#802,#803,#804));
#2742=EDGE_LOOP('',(#805,#806,#807,#808,#809,#810,#811,#812,#813,#814,#815));
#2743=EDGE_LOOP('',(#816,#817,#818,#819,#820,#821,#822,#823));
#2744=EDGE_LOOP('',(#824,#825,#826,#827));
#2745=EDGE_LOOP('',(#828,#829,#830,#831));
#2746=EDGE_LOOP('',(#832,#833,#834,#835,#836,#837,#838,#839));
#2747=EDGE_LOOP('',(#840,#841,#842));
#2748=EDGE_LOOP('',(#843,#844,#845,#846,#847,#848,#849,#850,#851,#852));
#2749=EDGE_LOOP('',(#853,#854,#855,#856,#857,#858));
#2750=EDGE_LOOP('',(#859,#860,#861,#862));
#2751=EDGE_LOOP('',(#863,#864,#865,#866,#867,#868,#869,#870,#871,#872));
#2752=EDGE_LOOP('',(#873,#874,#875,#876,#877,#878));
#2753=EDGE_LOOP('',(#879,#880,#881,#882));
#2754=EDGE_LOOP('',(#883,#884,#885));
#2755=EDGE_LOOP('',(#886));
#2756=EDGE_LOOP('',(#887,#888,#889,#890,#891,#892));
#2757=EDGE_LOOP('',(#893,#894,#895,#896));
#2758=EDGE_LOOP('',(#897,#898,#899,#900));
#2759=EDGE_LOOP('',(#901,#902,#903,#904,#905));
#2760=EDGE_LOOP('',(#906,#907,#908,#909,#910,#911));
#2761=EDGE_LOOP('',(#912,#913,#914));
#2762=EDGE_LOOP('',(#915,#916,#917,#918));
#2763=EDGE_LOOP('',(#919,#920,#921,#922,#923));
#2764=EDGE_LOOP('',(#924,#925,#926,#927,#928));
#2765=EDGE_LOOP('',(#929,#930,#931,#932));
#2766=EDGE_LOOP('',(#933,#934,#935));
#2767=EDGE_LOOP('',(#936,#937,#938,#939,#940));
#2768=EDGE_LOOP('',(#941,#942,#943,#944,#945,#946,#947,#948));
#2769=EDGE_LOOP('',(#949,#950,#951,#952));
#2770=EDGE_LOOP('',(#953,#954,#955,#956));
#2771=EDGE_LOOP('',(#957,#958,#959,#960,#961,#962,#963,#964));
#2772=EDGE_LOOP('',(#965,#966,#967,#968));
#2773=EDGE_LOOP('',(#969,#970,#971,#972));
#2774=EDGE_LOOP('',(#973));
#2775=EDGE_LOOP('',(#974));
#2776=EDGE_LOOP('',(#975,#976,#977,#978));
#2777=EDGE_LOOP('',(#979));
#2778=EDGE_LOOP('',(#980));
#2779=EDGE_LOOP('',(#981));
#2780=EDGE_LOOP('',(#982));
#2781=EDGE_LOOP('',(#983));
#2782=EDGE_LOOP('',(#984));
#2783=EDGE_LOOP('',(#985));
#2784=EDGE_LOOP('',(#986));
#2785=EDGE_LOOP('',(#987,#988,#989,#990));
#2786=EDGE_LOOP('',(#991));
#2787=EDGE_LOOP('',(#992));
#2788=EDGE_LOOP('',(#993));
#2789=EDGE_LOOP('',(#994));
#2790=EDGE_LOOP('',(#995));
#2791=EDGE_LOOP('',(#996));
#2792=EDGE_LOOP('',(#997));
#2793=EDGE_LOOP('',(#998,#999,#1000,#1001));
#2794=EDGE_LOOP('',(#1002,#1003,#1004,#1005));
#2795=EDGE_LOOP('',(#1006,#1007,#1008,#1009));
#2796=EDGE_LOOP('',(#1010,#1011,#1012,#1013));
#2797=EDGE_LOOP('',(#1014,#1015,#1016,#1017));
#2798=EDGE_LOOP('',(#1018,#1019,#1020,#1021));
#2799=EDGE_LOOP('',(#1022,#1023,#1024,#1025));
#2800=EDGE_LOOP('',(#1026,#1027,#1028,#1029));
#2801=EDGE_LOOP('',(#1030,#1031,#1032,#1033));
#2802=EDGE_LOOP('',(#1034,#1035,#1036,#1037));
#2803=EDGE_LOOP('',(#1038));
#2804=EDGE_LOOP('',(#1039,#1040,#1041,#1042));
#2805=EDGE_LOOP('',(#1043));
#2806=EDGE_LOOP('',(#1044,#1045));
#2807=EDGE_LOOP('',(#1046,#1047,#1048,#1049,#1050,#1051));
#2808=EDGE_LOOP('',(#1052,#1053));
#2809=EDGE_LOOP('',(#1054,#1055,#1056,#1057,#1058,#1059,#1060,#1061,#1062,
#1063));
#2810=EDGE_LOOP('',(#1064));
#2811=EDGE_LOOP('',(#1065));
#2812=EDGE_LOOP('',(#1066,#1067,#1068,#1069));
#2813=EDGE_LOOP('',(#1070,#1071,#1072,#1073));
#2814=EDGE_LOOP('',(#1074,#1075,#1076,#1077));
#2815=EDGE_LOOP('',(#1078,#1079,#1080,#1081));
#2816=EDGE_LOOP('',(#1082,#1083,#1084));
#2817=EDGE_LOOP('',(#1085,#1086,#1087));
#2818=EDGE_LOOP('',(#1088,#1089,#1090));
#2819=EDGE_LOOP('',(#1091,#1092,#1093));
#2820=EDGE_LOOP('',(#1094,#1095,#1096,#1097));
#2821=EDGE_LOOP('',(#1098,#1099,#1100,#1101));
#2822=EDGE_LOOP('',(#1102,#1103,#1104,#1105,#1106,#1107,#1108,#1109,#1110,
#1111,#1112));
#2823=EDGE_LOOP('',(#1113,#1114,#1115,#1116));
#2824=EDGE_LOOP('',(#1117,#1118,#1119,#1120));
#2825=EDGE_LOOP('',(#1121,#1122,#1123,#1124,#1125,#1126,#1127,#1128,#1129,
#1130,#1131));
#2826=EDGE_LOOP('',(#1132,#1133,#1134,#1135,#1136,#1137,#1138,#1139));
#2827=EDGE_LOOP('',(#1140,#1141,#1142,#1143));
#2828=EDGE_LOOP('',(#1144,#1145,#1146,#1147));
#2829=EDGE_LOOP('',(#1148,#1149,#1150,#1151,#1152,#1153,#1154,#1155));
#2830=EDGE_LOOP('',(#1156,#1157,#1158));
#2831=EDGE_LOOP('',(#1159,#1160,#1161,#1162,#1163,#1164,#1165,#1166,#1167,
#1168));
#2832=EDGE_LOOP('',(#1169,#1170,#1171,#1172,#1173,#1174));
#2833=EDGE_LOOP('',(#1175,#1176,#1177,#1178));
#2834=EDGE_LOOP('',(#1179,#1180,#1181,#1182,#1183,#1184,#1185,#1186,#1187,
#1188));
#2835=EDGE_LOOP('',(#1189,#1190,#1191,#1192,#1193,#1194));
#2836=EDGE_LOOP('',(#1195,#1196,#1197,#1198));
#2837=EDGE_LOOP('',(#1199,#1200,#1201));
#2838=EDGE_LOOP('',(#1202));
#2839=EDGE_LOOP('',(#1203,#1204,#1205,#1206,#1207,#1208));
#2840=EDGE_LOOP('',(#1209,#1210,#1211,#1212));
#2841=EDGE_LOOP('',(#1213,#1214,#1215,#1216));
#2842=EDGE_LOOP('',(#1217,#1218,#1219,#1220,#1221));
#2843=EDGE_LOOP('',(#1222,#1223,#1224,#1225,#1226,#1227));
#2844=EDGE_LOOP('',(#1228,#1229,#1230));
#2845=EDGE_LOOP('',(#1231,#1232,#1233,#1234));
#2846=EDGE_LOOP('',(#1235,#1236,#1237,#1238,#1239));
#2847=EDGE_LOOP('',(#1240,#1241,#1242,#1243,#1244));
#2848=EDGE_LOOP('',(#1245,#1246,#1247,#1248));
#2849=EDGE_LOOP('',(#1249,#1250,#1251));
#2850=EDGE_LOOP('',(#1252,#1253,#1254,#1255,#1256));
#2851=EDGE_LOOP('',(#1257,#1258,#1259,#1260,#1261,#1262,#1263,#1264));
#2852=EDGE_LOOP('',(#1265,#1266,#1267,#1268));
#2853=EDGE_LOOP('',(#1269,#1270,#1271,#1272));
#2854=EDGE_LOOP('',(#1273,#1274,#1275,#1276,#1277,#1278,#1279,#1280));
#2855=EDGE_LOOP('',(#1281,#1282,#1283,#1284));
#2856=EDGE_LOOP('',(#1285,#1286,#1287,#1288));
#2857=EDGE_LOOP('',(#1289));
#2858=EDGE_LOOP('',(#1290));
#2859=EDGE_LOOP('',(#1291,#1292,#1293,#1294));
#2860=EDGE_LOOP('',(#1295));
#2861=EDGE_LOOP('',(#1296));
#2862=EDGE_LOOP('',(#1297));
#2863=EDGE_LOOP('',(#1298));
#2864=EDGE_LOOP('',(#1299));
#2865=EDGE_LOOP('',(#1300));
#2866=EDGE_LOOP('',(#1301));
#2867=EDGE_LOOP('',(#1302));
#2868=EDGE_LOOP('',(#1303,#1304,#1305,#1306));
#2869=EDGE_LOOP('',(#1307));
#2870=EDGE_LOOP('',(#1308));
#2871=EDGE_LOOP('',(#1309));
#2872=EDGE_LOOP('',(#1310));
#2873=EDGE_LOOP('',(#1311));
#2874=EDGE_LOOP('',(#1312));
#2875=EDGE_LOOP('',(#1313));
#2876=EDGE_LOOP('',(#1314,#1315,#1316,#1317));
#2877=EDGE_LOOP('',(#1318,#1319,#1320,#1321));
#2878=EDGE_LOOP('',(#1322,#1323,#1324,#1325));
#2879=EDGE_LOOP('',(#1326,#1327,#1328,#1329));
#2880=EDGE_LOOP('',(#1330,#1331,#1332,#1333));
#2881=EDGE_LOOP('',(#1334,#1335,#1336,#1337));
#2882=EDGE_LOOP('',(#1338,#1339,#1340,#1341));
#2883=EDGE_LOOP('',(#1342,#1343,#1344,#1345));
#2884=EDGE_LOOP('',(#1346,#1347,#1348,#1349));
#2885=EDGE_LOOP('',(#1350,#1351,#1352,#1353));
#2886=EDGE_LOOP('',(#1354,#1355));
#2887=EDGE_LOOP('',(#1356));
#2888=EDGE_LOOP('',(#1357,#1358,#1359,#1360));
#2889=EDGE_LOOP('',(#1361));
#2890=EDGE_LOOP('',(#1362,#1363,#1364,#1365,#1366,#1367));
#2891=EDGE_LOOP('',(#1368,#1369));
#2892=EDGE_LOOP('',(#1370,#1371,#1372,#1373,#1374,#1375,#1376,#1377,#1378,
#1379));
#2893=EDGE_LOOP('',(#1380));
#2894=EDGE_LOOP('',(#1381));
#2895=EDGE_LOOP('',(#1382,#1383,#1384,#1385));
#2896=EDGE_LOOP('',(#1386,#1387,#1388,#1389));
#2897=EDGE_LOOP('',(#1390,#1391,#1392,#1393));
#2898=EDGE_LOOP('',(#1394,#1395,#1396,#1397));
#2899=EDGE_LOOP('',(#1398,#1399,#1400));
#2900=EDGE_LOOP('',(#1401,#1402,#1403));
#2901=EDGE_LOOP('',(#1404,#1405,#1406));
#2902=EDGE_LOOP('',(#1407,#1408,#1409));
#2903=EDGE_LOOP('',(#1410,#1411,#1412,#1413));
#2904=EDGE_LOOP('',(#1414,#1415,#1416,#1417));
#2905=EDGE_LOOP('',(#1418,#1419,#1420,#1421,#1422,#1423,#1424,#1425,#1426,
#1427,#1428));
#2906=EDGE_LOOP('',(#1429,#1430,#1431,#1432));
#2907=EDGE_LOOP('',(#1433,#1434,#1435,#1436));
#2908=EDGE_LOOP('',(#1437,#1438,#1439,#1440,#1441,#1442,#1443,#1444,#1445,
#1446,#1447));
#2909=EDGE_LOOP('',(#1448,#1449,#1450,#1451,#1452,#1453,#1454,#1455));
#2910=EDGE_LOOP('',(#1456,#1457,#1458,#1459));
#2911=EDGE_LOOP('',(#1460,#1461,#1462,#1463));
#2912=EDGE_LOOP('',(#1464,#1465,#1466,#1467,#1468,#1469,#1470,#1471));
#2913=EDGE_LOOP('',(#1472,#1473,#1474));
#2914=EDGE_LOOP('',(#1475,#1476,#1477,#1478,#1479,#1480,#1481,#1482,#1483,
#1484));
#2915=EDGE_LOOP('',(#1485,#1486,#1487,#1488,#1489,#1490));
#2916=EDGE_LOOP('',(#1491,#1492,#1493,#1494));
#2917=EDGE_LOOP('',(#1495,#1496,#1497,#1498,#1499,#1500,#1501,#1502,#1503,
#1504));
#2918=EDGE_LOOP('',(#1505,#1506,#1507,#1508,#1509,#1510));
#2919=EDGE_LOOP('',(#1511,#1512,#1513,#1514));
#2920=EDGE_LOOP('',(#1515,#1516,#1517));
#2921=EDGE_LOOP('',(#1518));
#2922=EDGE_LOOP('',(#1519,#1520,#1521,#1522,#1523,#1524));
#2923=EDGE_LOOP('',(#1525,#1526,#1527,#1528));
#2924=EDGE_LOOP('',(#1529,#1530,#1531,#1532));
#2925=EDGE_LOOP('',(#1533,#1534,#1535,#1536,#1537));
#2926=EDGE_LOOP('',(#1538,#1539,#1540,#1541,#1542,#1543));
#2927=EDGE_LOOP('',(#1544,#1545,#1546));
#2928=EDGE_LOOP('',(#1547,#1548,#1549,#1550));
#2929=EDGE_LOOP('',(#1551,#1552,#1553,#1554,#1555));
#2930=EDGE_LOOP('',(#1556,#1557,#1558,#1559,#1560));
#2931=EDGE_LOOP('',(#1561,#1562,#1563,#1564));
#2932=EDGE_LOOP('',(#1565,#1566,#1567));
#2933=EDGE_LOOP('',(#1568,#1569,#1570,#1571,#1572));
#2934=EDGE_LOOP('',(#1573,#1574,#1575,#1576,#1577,#1578,#1579,#1580));
#2935=EDGE_LOOP('',(#1581,#1582,#1583,#1584));
#2936=EDGE_LOOP('',(#1585,#1586,#1587,#1588));
#2937=EDGE_LOOP('',(#1589,#1590,#1591,#1592,#1593,#1594,#1595,#1596));
#2938=EDGE_LOOP('',(#1597,#1598,#1599,#1600));
#2939=EDGE_LOOP('',(#1601,#1602,#1603,#1604));
#2940=EDGE_LOOP('',(#1605));
#2941=EDGE_LOOP('',(#1606));
#2942=EDGE_LOOP('',(#1607,#1608,#1609,#1610));
#2943=EDGE_LOOP('',(#1611));
#2944=EDGE_LOOP('',(#1612));
#2945=EDGE_LOOP('',(#1613));
#2946=EDGE_LOOP('',(#1614));
#2947=EDGE_LOOP('',(#1615));
#2948=EDGE_LOOP('',(#1616));
#2949=EDGE_LOOP('',(#1617));
#2950=EDGE_LOOP('',(#1618));
#2951=EDGE_LOOP('',(#1619,#1620,#1621,#1622));
#2952=EDGE_LOOP('',(#1623));
#2953=EDGE_LOOP('',(#1624));
#2954=EDGE_LOOP('',(#1625));
#2955=EDGE_LOOP('',(#1626));
#2956=EDGE_LOOP('',(#1627));
#2957=EDGE_LOOP('',(#1628));
#2958=EDGE_LOOP('',(#1629));
#2959=EDGE_LOOP('',(#1630,#1631,#1632,#1633));
#2960=EDGE_LOOP('',(#1634,#1635,#1636,#1637));
#2961=EDGE_LOOP('',(#1638,#1639,#1640,#1641));
#2962=EDGE_LOOP('',(#1642,#1643,#1644,#1645));
#2963=EDGE_LOOP('',(#1646,#1647,#1648,#1649));
#2964=EDGE_LOOP('',(#1650,#1651,#1652,#1653));
#2965=EDGE_LOOP('',(#1654,#1655,#1656,#1657));
#2966=EDGE_LOOP('',(#1658,#1659,#1660,#1661));
#2967=EDGE_LOOP('',(#1662,#1663,#1664,#1665));
#2968=EDGE_LOOP('',(#1666,#1667,#1668,#1669));
#2969=EDGE_LOOP('',(#1670));
#2970=EDGE_LOOP('',(#1671));
#2971=EDGE_LOOP('',(#1672));
#2972=EDGE_LOOP('',(#1673));
#2973=EDGE_LOOP('',(#1674));
#2974=EDGE_LOOP('',(#1675));
#2975=EDGE_LOOP('',(#1676));
#2976=EDGE_LOOP('',(#1677));
#2977=EDGE_LOOP('',(#1678));
#2978=EDGE_LOOP('',(#1679));
#2979=EDGE_LOOP('',(#1680));
#2980=EDGE_LOOP('',(#1681));
#2981=EDGE_LOOP('',(#1682));
#2982=EDGE_LOOP('',(#1683));
#2983=EDGE_LOOP('',(#1684));
#2984=EDGE_LOOP('',(#1685));
#2985=EDGE_LOOP('',(#1686));
#2986=EDGE_LOOP('',(#1687));
#2987=EDGE_LOOP('',(#1688));
#2988=EDGE_LOOP('',(#1689));
#2989=EDGE_LOOP('',(#1690));
#2990=EDGE_LOOP('',(#1691));
#2991=EDGE_LOOP('',(#1692));
#2992=EDGE_LOOP('',(#1693));
#2993=EDGE_LOOP('',(#1694));
#2994=EDGE_LOOP('',(#1695));
#2995=EDGE_LOOP('',(#1696));
#2996=EDGE_LOOP('',(#1697));
#2997=EDGE_LOOP('',(#1698));
#2998=EDGE_LOOP('',(#1699));
#2999=EDGE_LOOP('',(#1700));
#3000=EDGE_LOOP('',(#1701));
#3001=EDGE_LOOP('',(#1702));
#3002=EDGE_LOOP('',(#1703));
#3003=EDGE_LOOP('',(#1704));
#3004=EDGE_LOOP('',(#1705));
#3005=FACE_BOUND('',#2720,.T.);
#3006=FACE_BOUND('',#2721,.T.);
#3007=FACE_BOUND('',#2722,.T.);
#3008=FACE_BOUND('',#2723,.T.);
#3009=FACE_BOUND('',#2724,.T.);
#3010=FACE_BOUND('',#2725,.T.);
#3011=FACE_BOUND('',#2726,.T.);
#3012=FACE_BOUND('',#2727,.T.);
#3013=FACE_BOUND('',#2728,.T.);
#3014=FACE_BOUND('',#2729,.T.);
#3015=FACE_BOUND('',#2730,.T.);
#3016=FACE_BOUND('',#2731,.T.);
#3017=FACE_BOUND('',#2732,.T.);
#3018=FACE_BOUND('',#2733,.T.);
#3019=FACE_BOUND('',#2734,.T.);
#3020=FACE_BOUND('',#2735,.T.);
#3021=FACE_BOUND('',#2736,.T.);
#3022=FACE_BOUND('',#2737,.T.);
#3023=FACE_BOUND('',#2738,.T.);
#3024=FACE_BOUND('',#2739,.T.);
#3025=FACE_BOUND('',#2740,.T.);
#3026=FACE_BOUND('',#2741,.T.);
#3027=FACE_BOUND('',#2742,.T.);
#3028=FACE_BOUND('',#2743,.T.);
#3029=FACE_BOUND('',#2744,.T.);
#3030=FACE_BOUND('',#2745,.T.);
#3031=FACE_BOUND('',#2746,.T.);
#3032=FACE_BOUND('',#2747,.T.);
#3033=FACE_BOUND('',#35,.T.);
#3034=FACE_BOUND('',#2748,.T.);
#3035=FACE_BOUND('',#2749,.T.);
#3036=FACE_BOUND('',#2750,.T.);
#3037=FACE_BOUND('',#2751,.T.);
#3038=FACE_BOUND('',#36,.T.);
#3039=FACE_BOUND('',#2752,.T.);
#3040=FACE_BOUND('',#2753,.T.);
#3041=FACE_BOUND('',#2754,.T.);
#3042=FACE_BOUND('',#2755,.T.);
#3043=FACE_BOUND('',#2756,.T.);
#3044=FACE_BOUND('',#2757,.T.);
#3045=FACE_BOUND('',#2758,.T.);
#3046=FACE_BOUND('',#2759,.T.);
#3047=FACE_BOUND('',#2760,.T.);
#3048=FACE_BOUND('',#2761,.T.);
#3049=FACE_BOUND('',#2762,.T.);
#3050=FACE_BOUND('',#2763,.T.);
#3051=FACE_BOUND('',#2764,.T.);
#3052=FACE_BOUND('',#2765,.T.);
#3053=FACE_BOUND('',#2766,.T.);
#3054=FACE_BOUND('',#2767,.T.);
#3055=FACE_BOUND('',#2768,.T.);
#3056=FACE_BOUND('',#2769,.T.);
#3057=FACE_BOUND('',#2770,.T.);
#3058=FACE_BOUND('',#2771,.T.);
#3059=FACE_BOUND('',#2772,.T.);
#3060=FACE_BOUND('',#2773,.T.);
#3061=FACE_BOUND('',#2774,.T.);
#3062=FACE_BOUND('',#2775,.T.);
#3063=FACE_BOUND('',#2776,.T.);
#3064=FACE_BOUND('',#2777,.T.);
#3065=FACE_BOUND('',#2778,.T.);
#3066=FACE_BOUND('',#2779,.T.);
#3067=FACE_BOUND('',#2780,.T.);
#3068=FACE_BOUND('',#2781,.T.);
#3069=FACE_BOUND('',#2782,.T.);
#3070=FACE_BOUND('',#2783,.T.);
#3071=FACE_BOUND('',#2784,.T.);
#3072=FACE_BOUND('',#2785,.T.);
#3073=FACE_BOUND('',#2786,.T.);
#3074=FACE_BOUND('',#2787,.T.);
#3075=FACE_BOUND('',#2788,.T.);
#3076=FACE_BOUND('',#2789,.T.);
#3077=FACE_BOUND('',#2790,.T.);
#3078=FACE_BOUND('',#2791,.T.);
#3079=FACE_BOUND('',#2792,.T.);
#3080=FACE_BOUND('',#2793,.T.);
#3081=FACE_BOUND('',#2794,.T.);
#3082=FACE_BOUND('',#2795,.T.);
#3083=FACE_BOUND('',#2796,.T.);
#3084=FACE_BOUND('',#2797,.T.);
#3085=FACE_BOUND('',#2798,.T.);
#3086=FACE_BOUND('',#2799,.T.);
#3087=FACE_BOUND('',#2800,.T.);
#3088=FACE_BOUND('',#2801,.T.);
#3089=FACE_BOUND('',#2802,.T.);
#3090=FACE_BOUND('',#2803,.T.);
#3091=FACE_BOUND('',#2804,.T.);
#3092=FACE_BOUND('',#2805,.T.);
#3093=FACE_BOUND('',#2806,.T.);
#3094=FACE_BOUND('',#2807,.T.);
#3095=FACE_BOUND('',#2808,.T.);
#3096=FACE_BOUND('',#2809,.T.);
#3097=FACE_BOUND('',#2810,.T.);
#3098=FACE_BOUND('',#2811,.T.);
#3099=FACE_BOUND('',#2812,.T.);
#3100=FACE_BOUND('',#2813,.T.);
#3101=FACE_BOUND('',#2814,.T.);
#3102=FACE_BOUND('',#2815,.T.);
#3103=FACE_BOUND('',#2816,.T.);
#3104=FACE_BOUND('',#2817,.T.);
#3105=FACE_BOUND('',#2818,.T.);
#3106=FACE_BOUND('',#2819,.T.);
#3107=FACE_BOUND('',#2820,.T.);
#3108=FACE_BOUND('',#2821,.T.);
#3109=FACE_BOUND('',#2822,.T.);
#3110=FACE_BOUND('',#2823,.T.);
#3111=FACE_BOUND('',#2824,.T.);
#3112=FACE_BOUND('',#2825,.T.);
#3113=FACE_BOUND('',#2826,.T.);
#3114=FACE_BOUND('',#2827,.T.);
#3115=FACE_BOUND('',#2828,.T.);
#3116=FACE_BOUND('',#2829,.T.);
#3117=FACE_BOUND('',#2830,.T.);
#3118=FACE_BOUND('',#37,.T.);
#3119=FACE_BOUND('',#2831,.T.);
#3120=FACE_BOUND('',#2832,.T.);
#3121=FACE_BOUND('',#2833,.T.);
#3122=FACE_BOUND('',#2834,.T.);
#3123=FACE_BOUND('',#38,.T.);
#3124=FACE_BOUND('',#2835,.T.);
#3125=FACE_BOUND('',#2836,.T.);
#3126=FACE_BOUND('',#2837,.T.);
#3127=FACE_BOUND('',#2838,.T.);
#3128=FACE_BOUND('',#2839,.T.);
#3129=FACE_BOUND('',#2840,.T.);
#3130=FACE_BOUND('',#2841,.T.);
#3131=FACE_BOUND('',#2842,.T.);
#3132=FACE_BOUND('',#2843,.T.);
#3133=FACE_BOUND('',#2844,.T.);
#3134=FACE_BOUND('',#2845,.T.);
#3135=FACE_BOUND('',#2846,.T.);
#3136=FACE_BOUND('',#2847,.T.);
#3137=FACE_BOUND('',#2848,.T.);
#3138=FACE_BOUND('',#2849,.T.);
#3139=FACE_BOUND('',#2850,.T.);
#3140=FACE_BOUND('',#2851,.T.);
#3141=FACE_BOUND('',#2852,.T.);
#3142=FACE_BOUND('',#2853,.T.);
#3143=FACE_BOUND('',#2854,.T.);
#3144=FACE_BOUND('',#2855,.T.);
#3145=FACE_BOUND('',#2856,.T.);
#3146=FACE_BOUND('',#2857,.T.);
#3147=FACE_BOUND('',#2858,.T.);
#3148=FACE_BOUND('',#2859,.T.);
#3149=FACE_BOUND('',#2860,.T.);
#3150=FACE_BOUND('',#2861,.T.);
#3151=FACE_BOUND('',#2862,.T.);
#3152=FACE_BOUND('',#2863,.T.);
#3153=FACE_BOUND('',#2864,.T.);
#3154=FACE_BOUND('',#2865,.T.);
#3155=FACE_BOUND('',#2866,.T.);
#3156=FACE_BOUND('',#2867,.T.);
#3157=FACE_BOUND('',#2868,.T.);
#3158=FACE_BOUND('',#2869,.T.);
#3159=FACE_BOUND('',#2870,.T.);
#3160=FACE_BOUND('',#2871,.T.);
#3161=FACE_BOUND('',#2872,.T.);
#3162=FACE_BOUND('',#2873,.T.);
#3163=FACE_BOUND('',#2874,.T.);
#3164=FACE_BOUND('',#2875,.T.);
#3165=FACE_BOUND('',#2876,.T.);
#3166=FACE_BOUND('',#2877,.T.);
#3167=FACE_BOUND('',#2878,.T.);
#3168=FACE_BOUND('',#2879,.T.);
#3169=FACE_BOUND('',#2880,.T.);
#3170=FACE_BOUND('',#2881,.T.);
#3171=FACE_BOUND('',#2882,.T.);
#3172=FACE_BOUND('',#2883,.T.);
#3173=FACE_BOUND('',#2884,.T.);
#3174=FACE_BOUND('',#2885,.T.);
#3175=FACE_BOUND('',#2886,.T.);
#3176=FACE_BOUND('',#2887,.T.);
#3177=FACE_BOUND('',#2888,.T.);
#3178=FACE_BOUND('',#2889,.T.);
#3179=FACE_BOUND('',#2890,.T.);
#3180=FACE_BOUND('',#2891,.T.);
#3181=FACE_BOUND('',#2892,.T.);
#3182=FACE_BOUND('',#2893,.T.);
#3183=FACE_BOUND('',#2894,.T.);
#3184=FACE_BOUND('',#2895,.T.);
#3185=FACE_BOUND('',#2896,.T.);
#3186=FACE_BOUND('',#2897,.T.);
#3187=FACE_BOUND('',#2898,.T.);
#3188=FACE_BOUND('',#2899,.T.);
#3189=FACE_BOUND('',#2900,.T.);
#3190=FACE_BOUND('',#2901,.T.);
#3191=FACE_BOUND('',#2902,.T.);
#3192=FACE_BOUND('',#2903,.T.);
#3193=FACE_BOUND('',#2904,.T.);
#3194=FACE_BOUND('',#2905,.T.);
#3195=FACE_BOUND('',#2906,.T.);
#3196=FACE_BOUND('',#2907,.T.);
#3197=FACE_BOUND('',#2908,.T.);
#3198=FACE_BOUND('',#2909,.T.);
#3199=FACE_BOUND('',#2910,.T.);
#3200=FACE_BOUND('',#2911,.T.);
#3201=FACE_BOUND('',#2912,.T.);
#3202=FACE_BOUND('',#2913,.T.);
#3203=FACE_BOUND('',#39,.T.);
#3204=FACE_BOUND('',#2914,.T.);
#3205=FACE_BOUND('',#2915,.T.);
#3206=FACE_BOUND('',#2916,.T.);
#3207=FACE_BOUND('',#2917,.T.);
#3208=FACE_BOUND('',#40,.T.);
#3209=FACE_BOUND('',#2918,.T.);
#3210=FACE_BOUND('',#2919,.T.);
#3211=FACE_BOUND('',#2920,.T.);
#3212=FACE_BOUND('',#2921,.T.);
#3213=FACE_BOUND('',#2922,.T.);
#3214=FACE_BOUND('',#2923,.T.);
#3215=FACE_BOUND('',#2924,.T.);
#3216=FACE_BOUND('',#2925,.T.);
#3217=FACE_BOUND('',#2926,.T.);
#3218=FACE_BOUND('',#2927,.T.);
#3219=FACE_BOUND('',#2928,.T.);
#3220=FACE_BOUND('',#2929,.T.);
#3221=FACE_BOUND('',#2930,.T.);
#3222=FACE_BOUND('',#2931,.T.);
#3223=FACE_BOUND('',#2932,.T.);
#3224=FACE_BOUND('',#2933,.T.);
#3225=FACE_BOUND('',#2934,.T.);
#3226=FACE_BOUND('',#2935,.T.);
#3227=FACE_BOUND('',#2936,.T.);
#3228=FACE_BOUND('',#2937,.T.);
#3229=FACE_BOUND('',#2938,.T.);
#3230=FACE_BOUND('',#2939,.T.);
#3231=FACE_BOUND('',#2940,.T.);
#3232=FACE_BOUND('',#2941,.T.);
#3233=FACE_BOUND('',#2942,.T.);
#3234=FACE_BOUND('',#2943,.T.);
#3235=FACE_BOUND('',#2944,.T.);
#3236=FACE_BOUND('',#2945,.T.);
#3237=FACE_BOUND('',#2946,.T.);
#3238=FACE_BOUND('',#2947,.T.);
#3239=FACE_BOUND('',#2948,.T.);
#3240=FACE_BOUND('',#2949,.T.);
#3241=FACE_BOUND('',#2950,.T.);
#3242=FACE_BOUND('',#2951,.T.);
#3243=FACE_BOUND('',#2952,.T.);
#3244=FACE_BOUND('',#2953,.T.);
#3245=FACE_BOUND('',#2954,.T.);
#3246=FACE_BOUND('',#2955,.T.);
#3247=FACE_BOUND('',#2956,.T.);
#3248=FACE_BOUND('',#2957,.T.);
#3249=FACE_BOUND('',#2958,.T.);
#3250=FACE_BOUND('',#2959,.T.);
#3251=FACE_BOUND('',#2960,.T.);
#3252=FACE_BOUND('',#2961,.T.);
#3253=FACE_BOUND('',#2962,.T.);
#3254=FACE_BOUND('',#2963,.T.);
#3255=FACE_BOUND('',#2964,.T.);
#3256=FACE_BOUND('',#2965,.T.);
#3257=FACE_BOUND('',#2966,.T.);
#3258=FACE_BOUND('',#2967,.T.);
#3259=FACE_BOUND('',#2968,.T.);
#3260=FACE_BOUND('',#2969,.T.);
#3261=FACE_BOUND('',#2970,.T.);
#3262=FACE_BOUND('',#2971,.T.);
#3263=FACE_BOUND('',#2972,.T.);
#3264=FACE_BOUND('',#2973,.T.);
#3265=FACE_BOUND('',#2974,.T.);
#3266=FACE_BOUND('',#2975,.T.);
#3267=FACE_BOUND('',#2976,.T.);
#3268=FACE_BOUND('',#2977,.T.);
#3269=FACE_BOUND('',#2978,.T.);
#3270=FACE_BOUND('',#2979,.T.);
#3271=FACE_BOUND('',#2980,.T.);
#3272=FACE_BOUND('',#2981,.T.);
#3273=FACE_BOUND('',#2982,.T.);
#3274=FACE_BOUND('',#2983,.T.);
#3275=FACE_BOUND('',#2984,.T.);
#3276=FACE_BOUND('',#2985,.T.);
#3277=FACE_BOUND('',#2986,.T.);
#3278=FACE_BOUND('',#2987,.T.);
#3279=FACE_BOUND('',#2988,.T.);
#3280=FACE_BOUND('',#2989,.T.);
#3281=FACE_BOUND('',#2990,.T.);
#3282=FACE_BOUND('',#2991,.T.);
#3283=FACE_BOUND('',#2992,.T.);
#3284=FACE_BOUND('',#2993,.T.);
#3285=FACE_BOUND('',#2994,.T.);
#3286=FACE_BOUND('',#2995,.T.);
#3287=FACE_BOUND('',#2996,.T.);
#3288=FACE_BOUND('',#2997,.T.);
#3289=FACE_BOUND('',#2998,.T.);
#3290=FACE_BOUND('',#2999,.T.);
#3291=FACE_BOUND('',#3000,.T.);
#3292=FACE_BOUND('',#3001,.T.);
#3293=FACE_BOUND('',#3002,.T.);
#3294=FACE_BOUND('',#3003,.T.);
#3295=FACE_BOUND('',#3004,.T.);
#3296=SPHERICAL_SURFACE('',#3576,0.00588438);
#3297=SPHERICAL_SURFACE('',#3592,0.00588438);
#3298=SPHERICAL_SURFACE('',#3651,0.0041);
#3299=SPHERICAL_SURFACE('',#3659,0.0005);
#3300=SPHERICAL_SURFACE('',#3664,0.0005);
#3301=SPHERICAL_SURFACE('',#3678,0.0040383);
#3302=SPHERICAL_SURFACE('',#3683,0.0040383);
#3303=SPHERICAL_SURFACE('',#3697,0.00588438);
#3304=SPHERICAL_SURFACE('',#3713,0.00588438);
#3305=SPHERICAL_SURFACE('',#3772,0.0041);
#3306=SPHERICAL_SURFACE('',#3780,0.0005);
#3307=SPHERICAL_SURFACE('',#3785,0.0005);
#3308=SPHERICAL_SURFACE('',#3795,0.0040383);
#3309=SPHERICAL_SURFACE('',#3802,0.0040383);
#3310=SPHERICAL_SURFACE('',#3818,0.00588438);
#3311=SPHERICAL_SURFACE('',#3834,0.00588438);
#3312=SPHERICAL_SURFACE('',#3893,0.0041);
#3313=SPHERICAL_SURFACE('',#3901,0.0005);
#3314=SPHERICAL_SURFACE('',#3906,0.0005);
#3315=SPHERICAL_SURFACE('',#3918,0.0040383);
#3316=SPHERICAL_SURFACE('',#3925,0.0040383);
#3317=SPHERICAL_SURFACE('',#3939,0.0040383);
#3318=SPHERICAL_SURFACE('',#3943,0.0040383);
#3319=SPHERICAL_SURFACE('',#3947,0.0040383);
#3320=SPHERICAL_SURFACE('',#3951,0.0040383);
#3321=SPHERICAL_SURFACE('',#3955,0.0040383);
#3322=SPHERICAL_SURFACE('',#3959,0.0040383);
#3323=ADVANCED_FACE('',(#3005,#3006,#3007,#3008),#3296,.T.);
#3324=ADVANCED_FACE('',(#3009,#3010),#689,.T.);
#3325=ADVANCED_FACE('',(#3011,#3012,#3013),#3297,.T.);
#3326=ADVANCED_FACE('',(#3014),#524,.F.);
#3327=ADVANCED_FACE('',(#3015),#525,.F.);
#3328=ADVANCED_FACE('',(#3016),#526,.F.);
#3329=ADVANCED_FACE('',(#3017),#431,.T.);
#3330=ADVANCED_FACE('',(#3018),#432,.F.);
#3331=ADVANCED_FACE('',(#3019),#433,.F.);
#3332=ADVANCED_FACE('',(#3020),#434,.T.);
#3333=ADVANCED_FACE('',(#3021),#435,.T.);
#3334=ADVANCED_FACE('',(#3022),#436,.T.);
#3335=ADVANCED_FACE('',(#3023),#437,.T.);
#3336=ADVANCED_FACE('',(#3024),#438,.F.);
#3337=ADVANCED_FACE('',(#3025,#3026),#439,.F.);
#3338=ADVANCED_FACE('',(#3027),#440,.T.);
#3339=ADVANCED_FACE('',(#3028),#441,.F.);
#3340=ADVANCED_FACE('',(#3029),#442,.T.);
#3341=ADVANCED_FACE('',(#3030),#443,.T.);
#3342=ADVANCED_FACE('',(#3031),#444,.T.);
#3343=ADVANCED_FACE('',(#3032),#445,.F.);
#3344=ADVANCED_FACE('',(#3033,#3034),#446,.T.);
#3345=ADVANCED_FACE('',(#3035),#447,.F.);
#3346=ADVANCED_FACE('',(#3036,#3037,#3038),#448,.F.);
#3347=ADVANCED_FACE('',(#3039),#449,.T.);
#3348=ADVANCED_FACE('',(#3040),#450,.T.);
#3349=ADVANCED_FACE('',(#3041),#451,.F.);
#3350=ADVANCED_FACE('',(#3042),#3298,.T.);
#3351=ADVANCED_FACE('',(#3043),#527,.F.);
#3352=ADVANCED_FACE('',(#3044),#528,.F.);
#3353=ADVANCED_FACE('',(#3045),#529,.F.);
#3354=ADVANCED_FACE('',(#3046),#530,.F.);
#3355=ADVANCED_FACE('',(#3047),#531,.F.);
#3356=ADVANCED_FACE('',(#3048),#3299,.F.);
#3357=ADVANCED_FACE('',(#3049),#532,.F.);
#3358=ADVANCED_FACE('',(#3050),#26,.F.);
#3359=ADVANCED_FACE('',(#3051),#533,.F.);
#3360=ADVANCED_FACE('',(#3052),#27,.F.);
#3361=ADVANCED_FACE('',(#3053),#3300,.F.);
#3362=ADVANCED_FACE('',(#3054),#28,.F.);
#3363=ADVANCED_FACE('',(#3055),#534,.F.);
#3364=ADVANCED_FACE('',(#3056),#535,.F.);
#3365=ADVANCED_FACE('',(#3057),#536,.F.);
#3366=ADVANCED_FACE('',(#3058),#537,.F.);
#3367=ADVANCED_FACE('',(#3059),#690,.F.);
#3368=ADVANCED_FACE('',(#3060,#3061),#538,.F.);
#3369=ADVANCED_FACE('',(#3062,#3063),#691,.F.);
#3370=ADVANCED_FACE('',(#3064,#3065),#692,.F.);
#3371=ADVANCED_FACE('',(#3066,#3067),#693,.F.);
#3372=ADVANCED_FACE('',(#3068,#3069,#3070),#3301,.F.);
#3373=ADVANCED_FACE('',(#3071,#3072),#694,.F.);
#3374=ADVANCED_FACE('',(#3073,#3074),#695,.F.);
#3375=ADVANCED_FACE('',(#3075,#3076,#3077),#3302,.F.);
#3376=ADVANCED_FACE('',(#3078,#3079),#696,.F.);
#3377=ADVANCED_FACE('',(#3080),#452,.T.);
#3378=ADVANCED_FACE('',(#3081),#453,.F.);
#3379=ADVANCED_FACE('',(#3082),#454,.F.);
#3380=ADVANCED_FACE('',(#3083),#455,.T.);
#3381=ADVANCED_FACE('',(#3084),#456,.F.);
#3382=ADVANCED_FACE('',(#3085),#457,.T.);
#3383=ADVANCED_FACE('',(#3086),#458,.F.);
#3384=ADVANCED_FACE('',(#3087),#459,.F.);
#3385=ADVANCED_FACE('',(#3088),#460,.T.);
#3386=ADVANCED_FACE('',(#3089),#461,.F.);
#3387=ADVANCED_FACE('',(#3090,#3091,#3092,#3093),#3303,.T.);
#3388=ADVANCED_FACE('',(#3094,#3095),#697,.T.);
#3389=ADVANCED_FACE('',(#3096,#3097,#3098),#3304,.T.);
#3390=ADVANCED_FACE('',(#3099),#539,.F.);
#3391=ADVANCED_FACE('',(#3100),#540,.F.);
#3392=ADVANCED_FACE('',(#3101),#541,.F.);
#3393=ADVANCED_FACE('',(#3102),#462,.T.);
#3394=ADVANCED_FACE('',(#3103),#463,.F.);
#3395=ADVANCED_FACE('',(#3104),#464,.F.);
#3396=ADVANCED_FACE('',(#3105),#465,.T.);
#3397=ADVANCED_FACE('',(#3106),#466,.T.);
#3398=ADVANCED_FACE('',(#3107),#467,.T.);
#3399=ADVANCED_FACE('',(#3108),#468,.T.);
#3400=ADVANCED_FACE('',(#3109),#469,.F.);
#3401=ADVANCED_FACE('',(#3110,#3111),#470,.F.);
#3402=ADVANCED_FACE('',(#3112),#471,.T.);
#3403=ADVANCED_FACE('',(#3113),#472,.F.);
#3404=ADVANCED_FACE('',(#3114),#473,.T.);
#3405=ADVANCED_FACE('',(#3115),#474,.T.);
#3406=ADVANCED_FACE('',(#3116),#475,.T.);
#3407=ADVANCED_FACE('',(#3117),#476,.F.);
#3408=ADVANCED_FACE('',(#3118,#3119),#477,.T.);
#3409=ADVANCED_FACE('',(#3120),#478,.F.);
#3410=ADVANCED_FACE('',(#3121,#3122,#3123),#479,.F.);
#3411=ADVANCED_FACE('',(#3124),#480,.T.);
#3412=ADVANCED_FACE('',(#3125),#481,.T.);
#3413=ADVANCED_FACE('',(#3126),#482,.F.);
#3414=ADVANCED_FACE('',(#3127),#3305,.T.);
#3415=ADVANCED_FACE('',(#3128),#542,.F.);
#3416=ADVANCED_FACE('',(#3129),#543,.F.);
#3417=ADVANCED_FACE('',(#3130),#544,.F.);
#3418=ADVANCED_FACE('',(#3131),#545,.F.);
#3419=ADVANCED_FACE('',(#3132),#546,.F.);
#3420=ADVANCED_FACE('',(#3133),#3306,.F.);
#3421=ADVANCED_FACE('',(#3134),#547,.F.);
#3422=ADVANCED_FACE('',(#3135),#29,.F.);
#3423=ADVANCED_FACE('',(#3136),#548,.F.);
#3424=ADVANCED_FACE('',(#3137),#30,.F.);
#3425=ADVANCED_FACE('',(#3138),#3307,.F.);
#3426=ADVANCED_FACE('',(#3139),#31,.F.);
#3427=ADVANCED_FACE('',(#3140),#549,.F.);
#3428=ADVANCED_FACE('',(#3141),#550,.F.);
#3429=ADVANCED_FACE('',(#3142),#551,.F.);
#3430=ADVANCED_FACE('',(#3143),#552,.F.);
#3431=ADVANCED_FACE('',(#3144),#698,.F.);
#3432=ADVANCED_FACE('',(#3145,#3146),#553,.F.);
#3433=ADVANCED_FACE('',(#3147,#3148),#699,.F.);
#3434=ADVANCED_FACE('',(#3149,#3150,#3151),#3308,.F.);
#3435=ADVANCED_FACE('',(#3152,#3153),#700,.F.);
#3436=ADVANCED_FACE('',(#3154,#3155),#701,.F.);
#3437=ADVANCED_FACE('',(#3156,#3157),#702,.F.);
#3438=ADVANCED_FACE('',(#3158,#3159,#3160),#3309,.F.);
#3439=ADVANCED_FACE('',(#3161,#3162),#703,.F.);
#3440=ADVANCED_FACE('',(#3163,#3164),#704,.F.);
#3441=ADVANCED_FACE('',(#3165),#483,.T.);
#3442=ADVANCED_FACE('',(#3166),#484,.F.);
#3443=ADVANCED_FACE('',(#3167),#485,.F.);
#3444=ADVANCED_FACE('',(#3168),#486,.T.);
#3445=ADVANCED_FACE('',(#3169),#487,.F.);
#3446=ADVANCED_FACE('',(#3170),#488,.T.);
#3447=ADVANCED_FACE('',(#3171),#489,.F.);
#3448=ADVANCED_FACE('',(#3172),#490,.F.);
#3449=ADVANCED_FACE('',(#3173),#491,.T.);
#3450=ADVANCED_FACE('',(#3174),#492,.F.);
#3451=ADVANCED_FACE('',(#3175,#3176,#3177,#3178),#3310,.T.);
#3452=ADVANCED_FACE('',(#3179,#3180),#705,.T.);
#3453=ADVANCED_FACE('',(#3181,#3182,#3183),#3311,.T.);
#3454=ADVANCED_FACE('',(#3184),#554,.F.);
#3455=ADVANCED_FACE('',(#3185),#555,.F.);
#3456=ADVANCED_FACE('',(#3186),#556,.F.);
#3457=ADVANCED_FACE('',(#3187),#493,.T.);
#3458=ADVANCED_FACE('',(#3188),#494,.F.);
#3459=ADVANCED_FACE('',(#3189),#495,.F.);
#3460=ADVANCED_FACE('',(#3190),#496,.T.);
#3461=ADVANCED_FACE('',(#3191),#497,.T.);
#3462=ADVANCED_FACE('',(#3192),#498,.T.);
#3463=ADVANCED_FACE('',(#3193),#499,.T.);
#3464=ADVANCED_FACE('',(#3194),#500,.F.);
#3465=ADVANCED_FACE('',(#3195,#3196),#501,.F.);
#3466=ADVANCED_FACE('',(#3197),#502,.T.);
#3467=ADVANCED_FACE('',(#3198),#503,.F.);
#3468=ADVANCED_FACE('',(#3199),#504,.T.);
#3469=ADVANCED_FACE('',(#3200),#505,.T.);
#3470=ADVANCED_FACE('',(#3201),#506,.T.);
#3471=ADVANCED_FACE('',(#3202),#507,.F.);
#3472=ADVANCED_FACE('',(#3203,#3204),#508,.T.);
#3473=ADVANCED_FACE('',(#3205),#509,.F.);
#3474=ADVANCED_FACE('',(#3206,#3207,#3208),#510,.F.);
#3475=ADVANCED_FACE('',(#3209),#511,.T.);
#3476=ADVANCED_FACE('',(#3210),#512,.T.);
#3477=ADVANCED_FACE('',(#3211),#513,.F.);
#3478=ADVANCED_FACE('',(#3212),#3312,.T.);
#3479=ADVANCED_FACE('',(#3213),#557,.F.);
#3480=ADVANCED_FACE('',(#3214),#558,.F.);
#3481=ADVANCED_FACE('',(#3215),#559,.F.);
#3482=ADVANCED_FACE('',(#3216),#560,.F.);
#3483=ADVANCED_FACE('',(#3217),#561,.F.);
#3484=ADVANCED_FACE('',(#3218),#3313,.F.);
#3485=ADVANCED_FACE('',(#3219),#562,.F.);
#3486=ADVANCED_FACE('',(#3220),#32,.F.);
#3487=ADVANCED_FACE('',(#3221),#563,.F.);
#3488=ADVANCED_FACE('',(#3222),#33,.F.);
#3489=ADVANCED_FACE('',(#3223),#3314,.F.);
#3490=ADVANCED_FACE('',(#3224),#34,.F.);
#3491=ADVANCED_FACE('',(#3225),#564,.F.);
#3492=ADVANCED_FACE('',(#3226),#565,.F.);
#3493=ADVANCED_FACE('',(#3227),#566,.F.);
#3494=ADVANCED_FACE('',(#3228),#567,.F.);
#3495=ADVANCED_FACE('',(#3229),#706,.F.);
#3496=ADVANCED_FACE('',(#3230,#3231),#568,.F.);
#3497=ADVANCED_FACE('',(#3232,#3233),#707,.F.);
#3498=ADVANCED_FACE('',(#3234,#3235),#708,.F.);
#3499=ADVANCED_FACE('',(#3236,#3237,#3238),#3315,.F.);
#3500=ADVANCED_FACE('',(#3239,#3240),#709,.F.);
#3501=ADVANCED_FACE('',(#3241,#3242),#710,.F.);
#3502=ADVANCED_FACE('',(#3243,#3244),#711,.F.);
#3503=ADVANCED_FACE('',(#3245,#3246,#3247),#3316,.F.);
#3504=ADVANCED_FACE('',(#3248,#3249),#712,.F.);
#3505=ADVANCED_FACE('',(#3250),#514,.T.);
#3506=ADVANCED_FACE('',(#3251),#515,.F.);
#3507=ADVANCED_FACE('',(#3252),#516,.F.);
#3508=ADVANCED_FACE('',(#3253),#517,.T.);
#3509=ADVANCED_FACE('',(#3254),#518,.F.);
#3510=ADVANCED_FACE('',(#3255),#519,.T.);
#3511=ADVANCED_FACE('',(#3256),#520,.F.);
#3512=ADVANCED_FACE('',(#3257),#521,.F.);
#3513=ADVANCED_FACE('',(#3258),#522,.T.);
#3514=ADVANCED_FACE('',(#3259),#523,.F.);
#3515=ADVANCED_FACE('',(#3260,#3261,#3262),#3317,.T.);
#3516=ADVANCED_FACE('',(#3263,#3264,#3265),#3318,.T.);
#3517=ADVANCED_FACE('',(#3266,#3267,#3268),#3319,.T.);
#3518=ADVANCED_FACE('',(#3269,#3270,#3271),#3320,.T.);
#3519=ADVANCED_FACE('',(#3272,#3273,#3274),#3321,.T.);
#3520=ADVANCED_FACE('',(#3275,#3276,#3277),#3322,.T.);
#3521=ADVANCED_FACE('',(#3278,#3279),#713,.T.);
#3522=ADVANCED_FACE('',(#3280,#3281),#714,.T.);
#3523=ADVANCED_FACE('',(#3282,#3283),#715,.T.);
#3524=ADVANCED_FACE('',(#3284,#3285),#716,.T.);
#3525=ADVANCED_FACE('',(#3286,#3287),#717,.T.);
#3526=ADVANCED_FACE('',(#3288,#3289),#718,.T.);
#3527=ADVANCED_FACE('',(#3290,#3291),#719,.T.);
#3528=ADVANCED_FACE('',(#3292,#3293),#720,.T.);
#3529=ADVANCED_FACE('',(#3294,#3295),#721,.T.);
#3530=CLOSED_SHELL('',(#3323,#3324,#3325,#3326,#3327,#3328,#3329,#3330,
#3331,#3332,#3333,#3334,#3335,#3336,#3337,#3338,#3339,#3340,#3341,#3342,
#3343,#3344,#3345,#3346,#3347,#3348,#3349,#3350,#3351,#3352,#3353,#3354,
#3355,#3356,#3357,#3358,#3359,#3360,#3361,#3362,#3363,#3364,#3365,#3366,
#3367,#3368,#3369,#3370,#3371,#3372,#3373,#3374,#3375,#3376,#3377,#3378,
#3379,#3380,#3381,#3382,#3383,#3384,#3385,#3386));
#3531=CLOSED_SHELL('',(#3387,#3388,#3389,#3390,#3391,#3392,#3393,#3394,
#3395,#3396,#3397,#3398,#3399,#3400,#3401,#3402,#3403,#3404,#3405,#3406,
#3407,#3408,#3409,#3410,#3411,#3412,#3413,#3414,#3415,#3416,#3417,#3418,
#3419,#3420,#3421,#3422,#3423,#3424,#3425,#3426,#3427,#3428,#3429,#3430,
#3431,#3432,#3433,#3434,#3435,#3436,#3437,#3438,#3439,#3440,#3441,#3442,
#3443,#3444,#3445,#3446,#3447,#3448,#3449,#3450));
#3532=CLOSED_SHELL('',(#3451,#3452,#3453,#3454,#3455,#3456,#3457,#3458,
#3459,#3460,#3461,#3462,#3463,#3464,#3465,#3466,#3467,#3468,#3469,#3470,
#3471,#3472,#3473,#3474,#3475,#3476,#3477,#3478,#3479,#3480,#3481,#3482,
#3483,#3484,#3485,#3486,#3487,#3488,#3489,#3490,#3491,#3492,#3493,#3494,
#3495,#3496,#3497,#3498,#3499,#3500,#3501,#3502,#3503,#3504,#3505,#3506,
#3507,#3508,#3509,#3510,#3511,#3512,#3513,#3514));
#3533=CLOSED_SHELL('',(#3515,#3516,#3517,#3518,#3519,#3520,#3521,#3522,
#3523,#3524,#3525,#3526,#3527,#3528,#3529));
#3534=STYLED_ITEM('',(#3538),#3563);
#3535=STYLED_ITEM('',(#3539),#3564);
#3536=STYLED_ITEM('',(#3540),#3565);
#3537=STYLED_ITEM('',(#3541),#3566);
#3538=PRESENTATION_STYLE_ASSIGNMENT((#3542));
#3539=PRESENTATION_STYLE_ASSIGNMENT((#3543));
#3540=PRESENTATION_STYLE_ASSIGNMENT((#3544));
#3541=PRESENTATION_STYLE_ASSIGNMENT((#3545));
#3542=SURFACE_STYLE_USAGE(.BOTH.,#3546);
#3543=SURFACE_STYLE_USAGE(.BOTH.,#3547);
#3544=SURFACE_STYLE_USAGE(.BOTH.,#3548);
#3545=SURFACE_STYLE_USAGE(.BOTH.,#3549);
#3546=SURFACE_SIDE_STYLE('',(#3550));
#3547=SURFACE_SIDE_STYLE('',(#3551));
#3548=SURFACE_SIDE_STYLE('',(#3552));
#3549=SURFACE_SIDE_STYLE('',(#3553));
#3550=SURFACE_STYLE_FILL_AREA(#3554);
#3551=SURFACE_STYLE_FILL_AREA(#3555);
#3552=SURFACE_STYLE_FILL_AREA(#3556);
#3553=SURFACE_STYLE_FILL_AREA(#3557);
#3554=FILL_AREA_STYLE('',(#3558));
#3555=FILL_AREA_STYLE('',(#3559));
#3556=FILL_AREA_STYLE('',(#3560));
#3557=FILL_AREA_STYLE('',(#3561));
#3558=FILL_AREA_STYLE_COLOUR('',#3562);
#3559=FILL_AREA_STYLE_COLOUR('',#3562);
#3560=FILL_AREA_STYLE_COLOUR('',#3562);
#3561=FILL_AREA_STYLE_COLOUR('',#3562);
#3562=COLOUR_RGB('',0.615686274509804,0.811764705882353,0.929411764705882);
#3563=MANIFOLD_SOLID_BREP('t3-prism-struts (PLA)',#3530);
#3564=MANIFOLD_SOLID_BREP('t3-prism-struts (PLA)',#3531);
#3565=MANIFOLD_SOLID_BREP('t3-prism-struts (PLA)',#3532);
#3566=MANIFOLD_SOLID_BREP('t3-prism-cables (TPU)',#3533);
#3567=SHAPE_DEFINITION_REPRESENTATION(#6546,#3571);
#3568=SHAPE_DEFINITION_REPRESENTATION(#6547,#3572);
#3569=SHAPE_DEFINITION_REPRESENTATION(#6548,#3573);
#3570=SHAPE_DEFINITION_REPRESENTATION(#6549,#3574);
#3571=SHAPE_REPRESENTATION('t3-prism-struts (PLA)',(#3575),#6526);
#3572=SHAPE_REPRESENTATION('t3-prism-struts (PLA)',(#3696),#6527);
#3573=SHAPE_REPRESENTATION('t3-prism-struts (PLA)',(#3817),#6528);
#3574=SHAPE_REPRESENTATION('t3-prism-cables (TPU)',(#3938),#6529);
#3575=AXIS2_PLACEMENT_3D('',#4961,#3972,#3973);
#3576=AXIS2_PLACEMENT_3D('',#4962,#3974,#3975);
#3577=AXIS2_PLACEMENT_3D('',#4963,#3976,#3977);
#3578=AXIS2_PLACEMENT_3D('',#4965,#3978,#3979);
#3579=AXIS2_PLACEMENT_3D('',#4968,#3980,#3981);
#3580=AXIS2_PLACEMENT_3D('',#4970,#3982,#3983);
#3581=AXIS2_PLACEMENT_3D('',#4972,#3984,#3985);
#3582=AXIS2_PLACEMENT_3D('',#4973,#3986,#3987);
#3583=AXIS2_PLACEMENT_3D('',#4976,#3988,#3989);
#3584=AXIS2_PLACEMENT_3D('',#4977,#3990,#3991);
#3585=AXIS2_PLACEMENT_3D('',#4979,#3992,#3993);
#3586=AXIS2_PLACEMENT_3D('',#4996,#3994,#3995);
#3587=AXIS2_PLACEMENT_3D('',#4998,#3996,#3997);
#3588=AXIS2_PLACEMENT_3D('',#5000,#3998,#3999);
#3589=AXIS2_PLACEMENT_3D('',#5002,#4000,#4001);
#3590=AXIS2_PLACEMENT_3D('',#5004,#4002,#4003);
#3591=AXIS2_PLACEMENT_3D('',#5021,#4004,#4005);
#3592=AXIS2_PLACEMENT_3D('',#5022,#4006,#4007);
#3593=AXIS2_PLACEMENT_3D('',#5023,#4008,#4009);
#3594=AXIS2_PLACEMENT_3D('',#5025,#4010,#4011);
#3595=AXIS2_PLACEMENT_3D('',#5028,#4012,#4013);
#3596=AXIS2_PLACEMENT_3D('',#5030,#4014,#4015);
#3597=AXIS2_PLACEMENT_3D('',#5032,#4016,#4017);
#3598=AXIS2_PLACEMENT_3D('',#5034,#4018,#4019);
#3599=AXIS2_PLACEMENT_3D('',#5036,#4020,#4021);
#3600=AXIS2_PLACEMENT_3D('',#5038,#4022,#4023);
#3601=AXIS2_PLACEMENT_3D('',#5040,#4024,#4025);
#3602=AXIS2_PLACEMENT_3D('',#5042,#4026,#4027);
#3603=AXIS2_PLACEMENT_3D('',#5044,#4028,#4029);
#3604=AXIS2_PLACEMENT_3D('',#5045,#4030,#4031);
#3605=AXIS2_PLACEMENT_3D('',#5047,#4032,#4033);
#3606=AXIS2_PLACEMENT_3D('',#5052,#4034,#4035);
#3607=AXIS2_PLACEMENT_3D('',#5053,#4036,#4037);
#3608=AXIS2_PLACEMENT_3D('',#5058,#4038,#4039);
#3609=AXIS2_PLACEMENT_3D('',#5059,#4040,#4041);
#3610=AXIS2_PLACEMENT_3D('',#5068,#4042,#4043);
#3611=AXIS2_PLACEMENT_3D('',#5072,#4045,#4046);
#3612=AXIS2_PLACEMENT_3D('',#5077,#4049,#4050);
#3613=AXIS2_PLACEMENT_3D('',#5081,#4052,#4053);
#3614=AXIS2_PLACEMENT_3D('',#5084,#4055,#4056);
#3615=AXIS2_PLACEMENT_3D('',#5088,#4058,#4059);
#3616=AXIS2_PLACEMENT_3D('',#5091,#4061,#4062);
#3617=AXIS2_PLACEMENT_3D('',#5095,#4064,#4065);
#3618=AXIS2_PLACEMENT_3D('',#5098,#4067,#4068);
#3619=AXIS2_PLACEMENT_3D('',#5102,#4070,#4071);
#3620=AXIS2_PLACEMENT_3D('',#5105,#4073,#4074);
#3621=AXIS2_PLACEMENT_3D('',#5106,#4075,#4076);
#3622=AXIS2_PLACEMENT_3D('',#5109,#4077,#4078);
#3623=AXIS2_PLACEMENT_3D('',#5114,#4081,#4082);
#3624=AXIS2_PLACEMENT_3D('',#5118,#4084,#4085);
#3625=AXIS2_PLACEMENT_3D('',#5120,#4086,#4087);
#3626=AXIS2_PLACEMENT_3D('',#5123,#4089,#4090);
#3627=AXIS2_PLACEMENT_3D('',#5130,#4091,#4092);
#3628=AXIS2_PLACEMENT_3D('',#5145,#4097,#4098);
#3629=AXIS2_PLACEMENT_3D('',#5148,#4100,#4101);
#3630=AXIS2_PLACEMENT_3D('',#5162,#4109,#4110);
#3631=AXIS2_PLACEMENT_3D('',#5169,#4111,#4112);
#3632=AXIS2_PLACEMENT_3D('',#5178,#4114,#4115);
#3633=AXIS2_PLACEMENT_3D('',#5184,#4119,#4120);
#3634=AXIS2_PLACEMENT_3D('',#5190,#4121,#4122);
#3635=AXIS2_PLACEMENT_3D('',#5196,#4123,#4124);
#3636=AXIS2_PLACEMENT_3D('',#5199,#4127,#4128);
#3637=AXIS2_PLACEMENT_3D('',#5200,#4129,#4130);
#3638=AXIS2_PLACEMENT_3D('',#5207,#4132,#4133);
#3639=AXIS2_PLACEMENT_3D('',#5213,#4134,#4135);
#3640=AXIS2_PLACEMENT_3D('',#5217,#4137,#4138);
#3641=AXIS2_PLACEMENT_3D('',#5220,#4140,#4141);
#3642=AXIS2_PLACEMENT_3D('',#5229,#4142,#4143);
#3643=AXIS2_PLACEMENT_3D('',#5248,#4148,#4149);
#3644=AXIS2_PLACEMENT_3D('',#5257,#4152,#4153);
#3645=AXIS2_PLACEMENT_3D('',#5272,#4158,#4159);
#3646=AXIS2_PLACEMENT_3D('',#5288,#4162,#4163);
#3647=AXIS2_PLACEMENT_3D('',#5296,#4165,#4166);
#3648=AXIS2_PLACEMENT_3D('',#5297,#4167,#4168);
#3649=AXIS2_PLACEMENT_3D('',#5298,#4169,#4170);
#3650=AXIS2_PLACEMENT_3D('',#5299,#4171,#4172);
#3651=AXIS2_PLACEMENT_3D('',#5300,#4173,#4174);
#3652=AXIS2_PLACEMENT_3D('',#5301,#4175,#4176);
#3653=AXIS2_PLACEMENT_3D('',#5303,#4177,#4178);
#3654=AXIS2_PLACEMENT_3D('',#5312,#4179,#4180);
#3655=AXIS2_PLACEMENT_3D('',#5317,#4181,#4182);
#3656=AXIS2_PLACEMENT_3D('',#5322,#4183,#4184);
#3657=AXIS2_PLACEMENT_3D('',#5323,#4185,#4186);
#3658=AXIS2_PLACEMENT_3D('',#5324,#4187,#4188);
#3659=AXIS2_PLACEMENT_3D('',#5329,#4189,#4190);
#3660=AXIS2_PLACEMENT_3D('',#5330,#4191,#4192);
#3661=AXIS2_PLACEMENT_3D('',#5331,#4193,#4194);
#3662=AXIS2_PLACEMENT_3D('',#5352,#4195,#4196);
#3663=AXIS2_PLACEMENT_3D('',#5353,#4197,#4198);
#3664=AXIS2_PLACEMENT_3D('',#5374,#4199,#4200);
#3665=AXIS2_PLACEMENT_3D('',#5375,#4201,#4202);
#3666=AXIS2_PLACEMENT_3D('',#5388,#4203,#4204);
#3667=AXIS2_PLACEMENT_3D('',#5397,#4205,#4206);
#3668=AXIS2_PLACEMENT_3D('',#5402,#4207,#4208);
#3669=AXIS2_PLACEMENT_3D('',#5407,#4209,#4210);
#3670=AXIS2_PLACEMENT_3D('',#5408,#4211,#4212);
#3671=AXIS2_PLACEMENT_3D('',#5409,#4213,#4214);
#3672=AXIS2_PLACEMENT_3D('',#5410,#4215,#4216);
#3673=AXIS2_PLACEMENT_3D('',#5411,#4217,#4218);
#3674=AXIS2_PLACEMENT_3D('',#5413,#4219,#4220);
#3675=AXIS2_PLACEMENT_3D('',#5414,#4221,#4222);
#3676=AXIS2_PLACEMENT_3D('',#5416,#4223,#4224);
#3677=AXIS2_PLACEMENT_3D('',#5417,#4225,#4226);
#3678=AXIS2_PLACEMENT_3D('',#5419,#4227,#4228);
#3679=AXIS2_PLACEMENT_3D('',#5420,#4229,#4230);
#3680=AXIS2_PLACEMENT_3D('',#5421,#4231,#4232);
#3681=AXIS2_PLACEMENT_3D('',#5423,#4233,#4234);
#3682=AXIS2_PLACEMENT_3D('',#5424,#4235,#4236);
#3683=AXIS2_PLACEMENT_3D('',#5426,#4237,#4238);
#3684=AXIS2_PLACEMENT_3D('',#5427,#4239,#4240);
#3685=AXIS2_PLACEMENT_3D('',#5429,#4241,#4242);
#3686=AXIS2_PLACEMENT_3D('',#5430,#4243,#4244);
#3687=AXIS2_PLACEMENT_3D('',#5436,#4248,#4249);
#3688=AXIS2_PLACEMENT_3D('',#5442,#4253,#4254);
#3689=AXIS2_PLACEMENT_3D('',#5444,#4256,#4257);
#3690=AXIS2_PLACEMENT_3D('',#5446,#4259,#4260);
#3691=AXIS2_PLACEMENT_3D('',#5447,#4261,#4262);
#3692=AXIS2_PLACEMENT_3D('',#5453,#4266,#4267);
#3693=AXIS2_PLACEMENT_3D('',#5459,#4271,#4272);
#3694=AXIS2_PLACEMENT_3D('',#5461,#4274,#4275);
#3695=AXIS2_PLACEMENT_3D('',#5463,#4277,#4278);
#3696=AXIS2_PLACEMENT_3D('',#5464,#4279,#4280);
#3697=AXIS2_PLACEMENT_3D('',#5465,#4281,#4282);
#3698=AXIS2_PLACEMENT_3D('',#5466,#4283,#4284);
#3699=AXIS2_PLACEMENT_3D('',#5468,#4285,#4286);
#3700=AXIS2_PLACEMENT_3D('',#5471,#4287,#4288);
#3701=AXIS2_PLACEMENT_3D('',#5473,#4289,#4290);
#3702=AXIS2_PLACEMENT_3D('',#5475,#4291,#4292);
#3703=AXIS2_PLACEMENT_3D('',#5476,#4293,#4294);
#3704=AXIS2_PLACEMENT_3D('',#5478,#4295,#4296);
#3705=AXIS2_PLACEMENT_3D('',#5481,#4297,#4298);
#3706=AXIS2_PLACEMENT_3D('',#5482,#4299,#4300);
#3707=AXIS2_PLACEMENT_3D('',#5499,#4301,#4302);
#3708=AXIS2_PLACEMENT_3D('',#5501,#4303,#4304);
#3709=AXIS2_PLACEMENT_3D('',#5503,#4305,#4306);
#3710=AXIS2_PLACEMENT_3D('',#5505,#4307,#4308);
#3711=AXIS2_PLACEMENT_3D('',#5507,#4309,#4310);
#3712=AXIS2_PLACEMENT_3D('',#5524,#4311,#4312);
#3713=AXIS2_PLACEMENT_3D('',#5525,#4313,#4314);
#3714=AXIS2_PLACEMENT_3D('',#5526,#4315,#4316);
#3715=AXIS2_PLACEMENT_3D('',#5529,#4317,#4318);
#3716=AXIS2_PLACEMENT_3D('',#5531,#4319,#4320);
#3717=AXIS2_PLACEMENT_3D('',#5533,#4321,#4322);
#3718=AXIS2_PLACEMENT_3D('',#5535,#4323,#4324);
#3719=AXIS2_PLACEMENT_3D('',#5537,#4325,#4326);
#3720=AXIS2_PLACEMENT_3D('',#5539,#4327,#4328);
#3721=AXIS2_PLACEMENT_3D('',#5541,#4329,#4330);
#3722=AXIS2_PLACEMENT_3D('',#5543,#4331,#4332);
#3723=AXIS2_PLACEMENT_3D('',#5545,#4333,#4334);
#3724=AXIS2_PLACEMENT_3D('',#5546,#4335,#4336);
#3725=AXIS2_PLACEMENT_3D('',#5548,#4337,#4338);
#3726=AXIS2_PLACEMENT_3D('',#5550,#4339,#4340);
#3727=AXIS2_PLACEMENT_3D('',#5555,#4341,#4342);
#3728=AXIS2_PLACEMENT_3D('',#5556,#4343,#4344);
#3729=AXIS2_PLACEMENT_3D('',#5561,#4345,#4346);
#3730=AXIS2_PLACEMENT_3D('',#5562,#4347,#4348);
#3731=AXIS2_PLACEMENT_3D('',#5571,#4349,#4350);
#3732=AXIS2_PLACEMENT_3D('',#5575,#4352,#4353);
#3733=AXIS2_PLACEMENT_3D('',#5580,#4356,#4357);
#3734=AXIS2_PLACEMENT_3D('',#5584,#4359,#4360);
#3735=AXIS2_PLACEMENT_3D('',#5587,#4362,#4363);
#3736=AXIS2_PLACEMENT_3D('',#5591,#4365,#4366);
#3737=AXIS2_PLACEMENT_3D('',#5594,#4368,#4369);
#3738=AXIS2_PLACEMENT_3D('',#5598,#4371,#4372);
#3739=AXIS2_PLACEMENT_3D('',#5601,#4374,#4375);
#3740=AXIS2_PLACEMENT_3D('',#5605,#4377,#4378);
#3741=AXIS2_PLACEMENT_3D('',#5608,#4380,#4381);
#3742=AXIS2_PLACEMENT_3D('',#5609,#4382,#4383);
#3743=AXIS2_PLACEMENT_3D('',#5612,#4384,#4385);
#3744=AXIS2_PLACEMENT_3D('',#5617,#4388,#4389);
#3745=AXIS2_PLACEMENT_3D('',#5621,#4391,#4392);
#3746=AXIS2_PLACEMENT_3D('',#5623,#4393,#4394);
#3747=AXIS2_PLACEMENT_3D('',#5626,#4396,#4397);
#3748=AXIS2_PLACEMENT_3D('',#5633,#4398,#4399);
#3749=AXIS2_PLACEMENT_3D('',#5648,#4404,#4405);
#3750=AXIS2_PLACEMENT_3D('',#5651,#4407,#4408);
#3751=AXIS2_PLACEMENT_3D('',#5665,#4416,#4417);
#3752=AXIS2_PLACEMENT_3D('',#5672,#4418,#4419);
#3753=AXIS2_PLACEMENT_3D('',#5681,#4421,#4422);
#3754=AXIS2_PLACEMENT_3D('',#5687,#4426,#4427);
#3755=AXIS2_PLACEMENT_3D('',#5693,#4428,#4429);
#3756=AXIS2_PLACEMENT_3D('',#5699,#4430,#4431);
#3757=AXIS2_PLACEMENT_3D('',#5702,#4434,#4435);
#3758=AXIS2_PLACEMENT_3D('',#5703,#4436,#4437);
#3759=AXIS2_PLACEMENT_3D('',#5710,#4439,#4440);
#3760=AXIS2_PLACEMENT_3D('',#5716,#4441,#4442);
#3761=AXIS2_PLACEMENT_3D('',#5720,#4444,#4445);
#3762=AXIS2_PLACEMENT_3D('',#5723,#4447,#4448);
#3763=AXIS2_PLACEMENT_3D('',#5731,#4449,#4450);
#3764=AXIS2_PLACEMENT_3D('',#5748,#4454,#4455);
#3765=AXIS2_PLACEMENT_3D('',#5758,#4458,#4459);
#3766=AXIS2_PLACEMENT_3D('',#5774,#4464,#4465);
#3767=AXIS2_PLACEMENT_3D('',#5792,#4469,#4470);
#3768=AXIS2_PLACEMENT_3D('',#5799,#4472,#4473);
#3769=AXIS2_PLACEMENT_3D('',#5800,#4474,#4475);
#3770=AXIS2_PLACEMENT_3D('',#5801,#4476,#4477);
#3771=AXIS2_PLACEMENT_3D('',#5802,#4478,#4479);
#3772=AXIS2_PLACEMENT_3D('',#5803,#4480,#4481);
#3773=AXIS2_PLACEMENT_3D('',#5804,#4482,#4483);
#3774=AXIS2_PLACEMENT_3D('',#5806,#4484,#4485);
#3775=AXIS2_PLACEMENT_3D('',#5815,#4486,#4487);
#3776=AXIS2_PLACEMENT_3D('',#5820,#4488,#4489);
#3777=AXIS2_PLACEMENT_3D('',#5825,#4490,#4491);
#3778=AXIS2_PLACEMENT_3D('',#5826,#4492,#4493);
#3779=AXIS2_PLACEMENT_3D('',#5827,#4494,#4495);
#3780=AXIS2_PLACEMENT_3D('',#5832,#4496,#4497);
#3781=AXIS2_PLACEMENT_3D('',#5833,#4498,#4499);
#3782=AXIS2_PLACEMENT_3D('',#5834,#4500,#4501);
#3783=AXIS2_PLACEMENT_3D('',#5855,#4502,#4503);
#3784=AXIS2_PLACEMENT_3D('',#5856,#4504,#4505);
#3785=AXIS2_PLACEMENT_3D('',#5877,#4506,#4507);
#3786=AXIS2_PLACEMENT_3D('',#5878,#4508,#4509);
#3787=AXIS2_PLACEMENT_3D('',#5891,#4510,#4511);
#3788=AXIS2_PLACEMENT_3D('',#5900,#4512,#4513);
#3789=AXIS2_PLACEMENT_3D('',#5905,#4514,#4515);
#3790=AXIS2_PLACEMENT_3D('',#5910,#4516,#4517);
#3791=AXIS2_PLACEMENT_3D('',#5911,#4518,#4519);
#3792=AXIS2_PLACEMENT_3D('',#5912,#4520,#4521);
#3793=AXIS2_PLACEMENT_3D('',#5913,#4522,#4523);
#3794=AXIS2_PLACEMENT_3D('',#5914,#4524,#4525);
#3795=AXIS2_PLACEMENT_3D('',#5916,#4526,#4527);
#3796=AXIS2_PLACEMENT_3D('',#5917,#4528,#4529);
#3797=AXIS2_PLACEMENT_3D('',#5919,#4530,#4531);
#3798=AXIS2_PLACEMENT_3D('',#5921,#4532,#4533);
#3799=AXIS2_PLACEMENT_3D('',#5922,#4534,#4535);
#3800=AXIS2_PLACEMENT_3D('',#5923,#4536,#4537);
#3801=AXIS2_PLACEMENT_3D('',#5924,#4538,#4539);
#3802=AXIS2_PLACEMENT_3D('',#5926,#4540,#4541);
#3803=AXIS2_PLACEMENT_3D('',#5927,#4542,#4543);
#3804=AXIS2_PLACEMENT_3D('',#5929,#4544,#4545);
#3805=AXIS2_PLACEMENT_3D('',#5931,#4546,#4547);
#3806=AXIS2_PLACEMENT_3D('',#5932,#4548,#4549);
#3807=AXIS2_PLACEMENT_3D('',#5933,#4550,#4551);
#3808=AXIS2_PLACEMENT_3D('',#5939,#4555,#4556);
#3809=AXIS2_PLACEMENT_3D('',#5945,#4560,#4561);
#3810=AXIS2_PLACEMENT_3D('',#5947,#4563,#4564);
#3811=AXIS2_PLACEMENT_3D('',#5949,#4566,#4567);
#3812=AXIS2_PLACEMENT_3D('',#5950,#4568,#4569);
#3813=AXIS2_PLACEMENT_3D('',#5956,#4573,#4574);
#3814=AXIS2_PLACEMENT_3D('',#5962,#4578,#4579);
#3815=AXIS2_PLACEMENT_3D('',#5964,#4581,#4582);
#3816=AXIS2_PLACEMENT_3D('',#5966,#4584,#4585);
#3817=AXIS2_PLACEMENT_3D('',#5967,#4586,#4587);
#3818=AXIS2_PLACEMENT_3D('',#5968,#4588,#4589);
#3819=AXIS2_PLACEMENT_3D('',#5969,#4590,#4591);
#3820=AXIS2_PLACEMENT_3D('',#5972,#4592,#4593);
#3821=AXIS2_PLACEMENT_3D('',#5973,#4594,#4595);
#3822=AXIS2_PLACEMENT_3D('',#5975,#4596,#4597);
#3823=AXIS2_PLACEMENT_3D('',#5978,#4598,#4599);
#3824=AXIS2_PLACEMENT_3D('',#5980,#4600,#4601);
#3825=AXIS2_PLACEMENT_3D('',#5982,#4602,#4603);
#3826=AXIS2_PLACEMENT_3D('',#5983,#4604,#4605);
#3827=AXIS2_PLACEMENT_3D('',#5985,#4606,#4607);
#3828=AXIS2_PLACEMENT_3D('',#6002,#4608,#4609);
#3829=AXIS2_PLACEMENT_3D('',#6004,#4610,#4611);
#3830=AXIS2_PLACEMENT_3D('',#6006,#4612,#4613);
#3831=AXIS2_PLACEMENT_3D('',#6008,#4614,#4615);
#3832=AXIS2_PLACEMENT_3D('',#6010,#4616,#4617);
#3833=AXIS2_PLACEMENT_3D('',#6027,#4618,#4619);
#3834=AXIS2_PLACEMENT_3D('',#6028,#4620,#4621);
#3835=AXIS2_PLACEMENT_3D('',#6029,#4622,#4623);
#3836=AXIS2_PLACEMENT_3D('',#6032,#4624,#4625);
#3837=AXIS2_PLACEMENT_3D('',#6034,#4626,#4627);
#3838=AXIS2_PLACEMENT_3D('',#6036,#4628,#4629);
#3839=AXIS2_PLACEMENT_3D('',#6038,#4630,#4631);
#3840=AXIS2_PLACEMENT_3D('',#6040,#4632,#4633);
#3841=AXIS2_PLACEMENT_3D('',#6042,#4634,#4635);
#3842=AXIS2_PLACEMENT_3D('',#6044,#4636,#4637);
#3843=AXIS2_PLACEMENT_3D('',#6046,#4638,#4639);
#3844=AXIS2_PLACEMENT_3D('',#6048,#4640,#4641);
#3845=AXIS2_PLACEMENT_3D('',#6049,#4642,#4643);
#3846=AXIS2_PLACEMENT_3D('',#6051,#4644,#4645);
#3847=AXIS2_PLACEMENT_3D('',#6053,#4646,#4647);
#3848=AXIS2_PLACEMENT_3D('',#6058,#4648,#4649);
#3849=AXIS2_PLACEMENT_3D('',#6059,#4650,#4651);
#3850=AXIS2_PLACEMENT_3D('',#6064,#4652,#4653);
#3851=AXIS2_PLACEMENT_3D('',#6065,#4654,#4655);
#3852=AXIS2_PLACEMENT_3D('',#6074,#4656,#4657);
#3853=AXIS2_PLACEMENT_3D('',#6078,#4659,#4660);
#3854=AXIS2_PLACEMENT_3D('',#6083,#4663,#4664);
#3855=AXIS2_PLACEMENT_3D('',#6087,#4666,#4667);
#3856=AXIS2_PLACEMENT_3D('',#6090,#4669,#4670);
#3857=AXIS2_PLACEMENT_3D('',#6094,#4672,#4673);
#3858=AXIS2_PLACEMENT_3D('',#6097,#4675,#4676);
#3859=AXIS2_PLACEMENT_3D('',#6101,#4678,#4679);
#3860=AXIS2_PLACEMENT_3D('',#6104,#4681,#4682);
#3861=AXIS2_PLACEMENT_3D('',#6108,#4684,#4685);
#3862=AXIS2_PLACEMENT_3D('',#6111,#4687,#4688);
#3863=AXIS2_PLACEMENT_3D('',#6112,#4689,#4690);
#3864=AXIS2_PLACEMENT_3D('',#6115,#4691,#4692);
#3865=AXIS2_PLACEMENT_3D('',#6120,#4695,#4696);
#3866=AXIS2_PLACEMENT_3D('',#6124,#4698,#4699);
#3867=AXIS2_PLACEMENT_3D('',#6126,#4700,#4701);
#3868=AXIS2_PLACEMENT_3D('',#6129,#4703,#4704);
#3869=AXIS2_PLACEMENT_3D('',#6136,#4705,#4706);
#3870=AXIS2_PLACEMENT_3D('',#6151,#4711,#4712);
#3871=AXIS2_PLACEMENT_3D('',#6154,#4714,#4715);
#3872=AXIS2_PLACEMENT_3D('',#6168,#4723,#4724);
#3873=AXIS2_PLACEMENT_3D('',#6175,#4725,#4726);
#3874=AXIS2_PLACEMENT_3D('',#6184,#4728,#4729);
#3875=AXIS2_PLACEMENT_3D('',#6190,#4733,#4734);
#3876=AXIS2_PLACEMENT_3D('',#6196,#4735,#4736);
#3877=AXIS2_PLACEMENT_3D('',#6202,#4737,#4738);
#3878=AXIS2_PLACEMENT_3D('',#6205,#4741,#4742);
#3879=AXIS2_PLACEMENT_3D('',#6206,#4743,#4744);
#3880=AXIS2_PLACEMENT_3D('',#6213,#4746,#4747);
#3881=AXIS2_PLACEMENT_3D('',#6219,#4748,#4749);
#3882=AXIS2_PLACEMENT_3D('',#6223,#4751,#4752);
#3883=AXIS2_PLACEMENT_3D('',#6226,#4754,#4755);
#3884=AXIS2_PLACEMENT_3D('',#6234,#4756,#4757);
#3885=AXIS2_PLACEMENT_3D('',#6251,#4761,#4762);
#3886=AXIS2_PLACEMENT_3D('',#6261,#4765,#4766);
#3887=AXIS2_PLACEMENT_3D('',#6277,#4771,#4772);
#3888=AXIS2_PLACEMENT_3D('',#6295,#4776,#4777);
#3889=AXIS2_PLACEMENT_3D('',#6302,#4779,#4780);
#3890=AXIS2_PLACEMENT_3D('',#6303,#4781,#4782);
#3891=AXIS2_PLACEMENT_3D('',#6304,#4783,#4784);
#3892=AXIS2_PLACEMENT_3D('',#6305,#4785,#4786);
#3893=AXIS2_PLACEMENT_3D('',#6306,#4787,#4788);
#3894=AXIS2_PLACEMENT_3D('',#6307,#4789,#4790);
#3895=AXIS2_PLACEMENT_3D('',#6309,#4791,#4792);
#3896=AXIS2_PLACEMENT_3D('',#6318,#4793,#4794);
#3897=AXIS2_PLACEMENT_3D('',#6323,#4795,#4796);
#3898=AXIS2_PLACEMENT_3D('',#6328,#4797,#4798);
#3899=AXIS2_PLACEMENT_3D('',#6329,#4799,#4800);
#3900=AXIS2_PLACEMENT_3D('',#6330,#4801,#4802);
#3901=AXIS2_PLACEMENT_3D('',#6335,#4803,#4804);
#3902=AXIS2_PLACEMENT_3D('',#6336,#4805,#4806);
#3903=AXIS2_PLACEMENT_3D('',#6337,#4807,#4808);
#3904=AXIS2_PLACEMENT_3D('',#6358,#4809,#4810);
#3905=AXIS2_PLACEMENT_3D('',#6359,#4811,#4812);
#3906=AXIS2_PLACEMENT_3D('',#6380,#4813,#4814);
#3907=AXIS2_PLACEMENT_3D('',#6381,#4815,#4816);
#3908=AXIS2_PLACEMENT_3D('',#6394,#4817,#4818);
#3909=AXIS2_PLACEMENT_3D('',#6403,#4819,#4820);
#3910=AXIS2_PLACEMENT_3D('',#6408,#4821,#4822);
#3911=AXIS2_PLACEMENT_3D('',#6413,#4823,#4824);
#3912=AXIS2_PLACEMENT_3D('',#6414,#4825,#4826);
#3913=AXIS2_PLACEMENT_3D('',#6415,#4827,#4828);
#3914=AXIS2_PLACEMENT_3D('',#6416,#4829,#4830);
#3915=AXIS2_PLACEMENT_3D('',#6417,#4831,#4832);
#3916=AXIS2_PLACEMENT_3D('',#6419,#4833,#4834);
#3917=AXIS2_PLACEMENT_3D('',#6420,#4835,#4836);
#3918=AXIS2_PLACEMENT_3D('',#6422,#4837,#4838);
#3919=AXIS2_PLACEMENT_3D('',#6423,#4839,#4840);
#3920=AXIS2_PLACEMENT_3D('',#6425,#4841,#4842);
#3921=AXIS2_PLACEMENT_3D('',#6426,#4843,#4844);
#3922=AXIS2_PLACEMENT_3D('',#6427,#4845,#4846);
#3923=AXIS2_PLACEMENT_3D('',#6429,#4847,#4848);
#3924=AXIS2_PLACEMENT_3D('',#6430,#4849,#4850);
#3925=AXIS2_PLACEMENT_3D('',#6432,#4851,#4852);
#3926=AXIS2_PLACEMENT_3D('',#6433,#4853,#4854);
#3927=AXIS2_PLACEMENT_3D('',#6435,#4855,#4856);
#3928=AXIS2_PLACEMENT_3D('',#6436,#4857,#4858);
#3929=AXIS2_PLACEMENT_3D('',#6442,#4862,#4863);
#3930=AXIS2_PLACEMENT_3D('',#6448,#4867,#4868);
#3931=AXIS2_PLACEMENT_3D('',#6450,#4870,#4871);
#3932=AXIS2_PLACEMENT_3D('',#6452,#4873,#4874);
#3933=AXIS2_PLACEMENT_3D('',#6453,#4875,#4876);
#3934=AXIS2_PLACEMENT_3D('',#6459,#4880,#4881);
#3935=AXIS2_PLACEMENT_3D('',#6465,#4885,#4886);
#3936=AXIS2_PLACEMENT_3D('',#6467,#4888,#4889);
#3937=AXIS2_PLACEMENT_3D('',#6469,#4891,#4892);
#3938=AXIS2_PLACEMENT_3D('',#6470,#4893,#4894);
#3939=AXIS2_PLACEMENT_3D('',#6471,#4895,#4896);
#3940=AXIS2_PLACEMENT_3D('',#6472,#4897,#4898);
#3941=AXIS2_PLACEMENT_3D('',#6474,#4899,#4900);
#3942=AXIS2_PLACEMENT_3D('',#6476,#4901,#4902);
#3943=AXIS2_PLACEMENT_3D('',#6478,#4903,#4904);
#3944=AXIS2_PLACEMENT_3D('',#6479,#4905,#4906);
#3945=AXIS2_PLACEMENT_3D('',#6481,#4907,#4908);
#3946=AXIS2_PLACEMENT_3D('',#6483,#4909,#4910);
#3947=AXIS2_PLACEMENT_3D('',#6485,#4911,#4912);
#3948=AXIS2_PLACEMENT_3D('',#6486,#4913,#4914);
#3949=AXIS2_PLACEMENT_3D('',#6488,#4915,#4916);
#3950=AXIS2_PLACEMENT_3D('',#6490,#4917,#4918);
#3951=AXIS2_PLACEMENT_3D('',#6492,#4919,#4920);
#3952=AXIS2_PLACEMENT_3D('',#6493,#4921,#4922);
#3953=AXIS2_PLACEMENT_3D('',#6495,#4923,#4924);
#3954=AXIS2_PLACEMENT_3D('',#6497,#4925,#4926);
#3955=AXIS2_PLACEMENT_3D('',#6499,#4927,#4928);
#3956=AXIS2_PLACEMENT_3D('',#6500,#4929,#4930);
#3957=AXIS2_PLACEMENT_3D('',#6502,#4931,#4932);
#3958=AXIS2_PLACEMENT_3D('',#6504,#4933,#4934);
#3959=AXIS2_PLACEMENT_3D('',#6506,#4935,#4936);
#3960=AXIS2_PLACEMENT_3D('',#6507,#4937,#4938);
#3961=AXIS2_PLACEMENT_3D('',#6509,#4939,#4940);
#3962=AXIS2_PLACEMENT_3D('',#6511,#4941,#4942);
#3963=AXIS2_PLACEMENT_3D('',#6513,#4943,#4944);
#3964=AXIS2_PLACEMENT_3D('',#6514,#4945,#4946);
#3965=AXIS2_PLACEMENT_3D('',#6515,#4947,#4948);
#3966=AXIS2_PLACEMENT_3D('',#6516,#4949,#4950);
#3967=AXIS2_PLACEMENT_3D('',#6517,#4951,#4952);
#3968=AXIS2_PLACEMENT_3D('',#6518,#4953,#4954);
#3969=AXIS2_PLACEMENT_3D('',#6519,#4955,#4956);
#3970=AXIS2_PLACEMENT_3D('',#6520,#4957,#4958);
#3971=AXIS2_PLACEMENT_3D('',#6521,#4959,#4960);
#3972=DIRECTION('',(0.,0.,1.));
#3973=DIRECTION('',(1.,0.,0.));
#3974=DIRECTION('',(0.,0.,1.));
#3975=DIRECTION('',(1.,0.,0.));
#3976=DIRECTION('',(-0.5,-0.866025403784439,0.));
#3977=DIRECTION('',(0.866025403784438,-0.5,0.));
#3978=DIRECTION('',(0.,0.,-1.));
#3979=DIRECTION('',(-1.,0.,0.));
#3980=DIRECTION('',(1.83697019872103E-16,1.,0.));
#3981=DIRECTION('',(-1.,1.83697019872103E-16,0.));
#3982=DIRECTION('',(0.,0.,-1.));
#3983=DIRECTION('',(-1.,0.,0.));
#3984=DIRECTION('',(-1.83697019872103E-16,-1.,0.));
#3985=DIRECTION('',(1.,-1.83697019872103E-16,0.));
#3986=DIRECTION('',(0.291275864017731,-0.168168198499078,0.941741911594838));
#3987=DIRECTION('',(0.955347671508917,0.,-0.295484054633226));
#3988=DIRECTION('',(-0.291275864017731,-0.168168198499077,0.941741911594837));
#3989=DIRECTION('',(0.955347671508917,0.,0.295484054633227));
#3990=DIRECTION('',(0.5,-0.866025403784439,0.));
#3991=DIRECTION('',(0.866025403784439,0.5,0.));
#3992=DIRECTION('',(-0.291275864017731,0.168168198499078,-0.941741911594838));
#3993=DIRECTION('',(-0.955347671508917,0.,0.295484054633226));
#3994=DIRECTION('',(-0.291275864017731,0.168168198499078,-0.941741911594838));
#3995=DIRECTION('',(-0.955347671508917,0.,0.295484054633226));
#3996=DIRECTION('',(-0.862732855566518,-0.505262068854464,0.0200564628723222));
#3997=DIRECTION('',(-0.16589070667661,0.245343354676207,-0.955137116729614));
#3998=DIRECTION('',(0.0389471554919089,-0.0224861507074238,-0.998988234217727));
#3999=DIRECTION('',(-0.865149188914311,0.499494117108863,-0.0449723014148476));
#4000=DIRECTION('',(-0.862732855566518,-0.505262068854464,0.0200564628723222));
#4001=DIRECTION('',(-0.16589070667661,0.245343354676207,-0.955137116729614));
#4002=DIRECTION('',(-0.291275864017731,0.168168198499078,-0.941741911594838));
#4003=DIRECTION('',(-0.955347671508917,0.,0.295484054633226));
#4004=DIRECTION('',(0.291275864017731,-0.168168198499078,0.941741911594838));
#4005=DIRECTION('',(0.955347671508917,0.,-0.295484054633226));
#4006=DIRECTION('',(0.,0.,1.));
#4007=DIRECTION('',(1.,0.,0.));
#4008=DIRECTION('',(-1.,3.08444125346443E-16,0.));
#4009=DIRECTION('',(-3.08444125346443E-16,-1.,0.));
#4010=DIRECTION('',(-0.291275864017731,0.168168198499078,-0.941741911594838));
#4011=DIRECTION('',(-0.955347671508917,0.,0.295484054633226));
#4012=DIRECTION('',(0.,-0.336336396998156,-0.941741911594837));
#4013=DIRECTION('',(0.,0.941741911594837,-0.336336396998156));
#4014=DIRECTION('',(-0.291275864017731,0.168168198499078,-0.941741911594838));
#4015=DIRECTION('',(-0.955347671508917,0.,0.295484054633226));
#4016=DIRECTION('',(0.866025403784439,0.5,0.));
#4017=DIRECTION('',(-0.5,0.866025403784439,0.));
#4018=DIRECTION('',(-0.5,0.866025403784439,0.));
#4019=DIRECTION('',(-0.866025403784439,-0.5,0.));
#4020=DIRECTION('',(0.866025403784439,0.5,0.));
#4021=DIRECTION('',(-0.5,0.866025403784439,0.));
#4022=DIRECTION('',(0.,0.,1.));
#4023=DIRECTION('',(1.,0.,0.));
#4024=DIRECTION('',(0.866025403784439,0.5,0.));
#4025=DIRECTION('',(-0.5,0.866025403784439,0.));
#4026=DIRECTION('',(0.5,-0.866025403784439,0.));
#4027=DIRECTION('',(0.866025403784439,0.5,0.));
#4028=DIRECTION('',(0.866025403784439,0.5,0.));
#4029=DIRECTION('',(-0.5,0.866025403784439,0.));
#4030=DIRECTION('',(-0.5,-0.866025403784439,0.));
#4031=DIRECTION('',(0.866025403784439,-0.5,0.));
#4032=DIRECTION('',(-0.291275864017731,0.168168198499078,-0.941741911594838));
#4033=DIRECTION('',(-0.955347671508917,0.,0.295484054633226));
#4034=DIRECTION('',(0.269912434755237,0.958878487349641,0.0877457922783966));
#4035=DIRECTION('',(-0.962591298868387,0.270957545277617,0.));
#4036=DIRECTION('',(-0.291275864017731,0.168168198499078,-0.941741911594838));
#4037=DIRECTION('',(-0.955347671508917,0.,0.295484054633226));
#4038=DIRECTION('',(0.929418188784826,-0.18341898651363,-0.320217591244213));
#4039=DIRECTION('',(-0.325743892014929,0.,-0.945458046036399));
#4040=DIRECTION('',(0.291275864017731,-0.168168198499078,0.941741911594838));
#4041=DIRECTION('',(0.955347671508917,0.,-0.295484054633226));
#4042=DIRECTION('',(0.,0.,1.));
#4043=DIRECTION('',(-1.83697019872103E-16,-1.,0.));
#4044=DIRECTION('',(1.,-1.83697019872103E-16,0.));
#4045=DIRECTION('',(0.,0.,1.));
#4046=DIRECTION('',(1.,0.,0.));
#4047=DIRECTION('',(1.,-1.83697019872103E-16,0.));
#4048=DIRECTION('',(-1.83697019872103E-16,-1.,0.));
#4049=DIRECTION('',(0.,0.,1.));
#4050=DIRECTION('',(-1.83697019872103E-16,-1.,0.));
#4051=DIRECTION('',(1.,-1.83697019872103E-16,0.));
#4052=DIRECTION('',(0.,0.,1.));
#4053=DIRECTION('',(1.,0.,0.));
#4054=DIRECTION('',(-1.83697019872103E-16,-1.,0.));
#4055=DIRECTION('',(0.,0.,1.));
#4056=DIRECTION('',(-1.83697019872103E-16,-1.,0.));
#4057=DIRECTION('',(1.,-1.83697019872103E-16,0.));
#4058=DIRECTION('',(0.,0.,1.));
#4059=DIRECTION('',(1.,0.,0.));
#4060=DIRECTION('',(-1.83697019872103E-16,-1.,0.));
#4061=DIRECTION('',(0.866025403784439,0.5,0.));
#4062=DIRECTION('',(0.,0.,1.));
#4063=DIRECTION('',(0.,0.,-1.));
#4064=DIRECTION('',(0.866025403784439,0.5,0.));
#4065=DIRECTION('',(-0.5,0.866025403784439,0.));
#4066=DIRECTION('',(0.5,-0.866025403784439,0.));
#4067=DIRECTION('',(0.866025403784439,0.5,0.));
#4068=DIRECTION('',(0.,0.,1.));
#4069=DIRECTION('',(0.5,-0.866025403784439,0.));
#4070=DIRECTION('',(0.866025403784439,0.5,0.));
#4071=DIRECTION('',(-0.5,0.866025403784439,0.));
#4072=DIRECTION('',(0.,0.,-1.));
#4073=DIRECTION('',(0.866025403784439,0.5,0.));
#4074=DIRECTION('',(0.,0.,1.));
#4075=DIRECTION('',(0.866025403784439,0.5,0.));
#4076=DIRECTION('',(-0.5,0.866025403784439,0.));
#4077=DIRECTION('',(0.866025403784439,0.5,0.));
#4078=DIRECTION('',(-0.147742027316613,0.255896697725603,-0.955347671508917));
#4079=DIRECTION('',(0.5,-0.866025403784439,0.));
#4080=DIRECTION('',(0.,0.,-1.));
#4081=DIRECTION('',(0.866025403784439,0.5,0.));
#4082=DIRECTION('',(0.,0.,1.));
#4083=DIRECTION('',(0.5,-0.866025403784439,0.));
#4084=DIRECTION('',(0.866025403784439,0.5,0.));
#4085=DIRECTION('',(-0.147742027316613,0.255896697725603,-0.955347671508917));
#4086=DIRECTION('',(0.866025403784439,0.5,0.));
#4087=DIRECTION('',(-0.5,0.866025403784439,0.));
#4088=DIRECTION('',(0.,0.,-1.));
#4089=DIRECTION('',(0.5,-0.866025403784439,0.));
#4090=DIRECTION('',(0.,0.,1.));
#4091=DIRECTION('',(0.5,-0.866025403784439,0.));
#4092=DIRECTION('',(0.866025403784439,0.5,0.));
#4093=DIRECTION('',(-0.866025403784439,-0.5,0.));
#4094=DIRECTION('',(0.,0.,-1.));
#4095=DIRECTION('',(-0.866025403784439,-0.5,0.));
#4096=DIRECTION('',(0.,0.,-1.));
#4097=DIRECTION('',(0.5,-0.866025403784439,0.));
#4098=DIRECTION('',(0.866025403784439,0.5,0.));
#4099=DIRECTION('',(-0.866025403784439,-0.5,0.));
#4100=DIRECTION('',(0.866025403784439,0.5,0.));
#4101=DIRECTION('',(0.,0.,1.));
#4102=DIRECTION('',(0.,0.,-1.));
#4103=DIRECTION('',(0.5,-0.866025403784439,0.));
#4104=DIRECTION('',(0.,0.,-1.));
#4105=DIRECTION('',(0.5,-0.866025403784439,0.));
#4106=DIRECTION('',(0.5,-0.866025403784439,0.));
#4107=DIRECTION('',(0.,0.,-1.));
#4108=DIRECTION('',(0.5,-0.866025403784439,0.));
#4109=DIRECTION('',(0.5,-0.866025403784439,0.));
#4110=DIRECTION('',(0.,0.,1.));
#4111=DIRECTION('',(0.5,-0.866025403784439,0.));
#4112=DIRECTION('',(0.866025403784439,0.5,0.));
#4113=DIRECTION('',(-0.866025403784439,-0.5,0.));
#4114=DIRECTION('',(0.5,-0.866025403784439,0.));
#4115=DIRECTION('',(0.866025403784439,0.5,0.));
#4116=DIRECTION('',(0.,0.,-1.));
#4117=DIRECTION('',(-0.866025403784439,-0.5,0.));
#4118=DIRECTION('',(-0.866025403784439,-0.5,0.));
#4119=DIRECTION('',(0.,0.,1.));
#4120=DIRECTION('',(-0.866025403784439,-0.5,0.));
#4121=DIRECTION('',(0.,0.,1.));
#4122=DIRECTION('',(1.,0.,0.));
#4123=DIRECTION('',(0.866025403784439,0.5,0.));
#4124=DIRECTION('',(0.,0.,1.));
#4125=DIRECTION('',(0.5,-0.866025403784439,0.));
#4126=DIRECTION('',(0.5,-0.866025403784439,0.));
#4127=DIRECTION('',(0.,0.,1.));
#4128=DIRECTION('',(-0.866025403784439,-0.5,0.));
#4129=DIRECTION('',(0.,0.,1.));
#4130=DIRECTION('',(-0.866025403784439,-0.5,0.));
#4131=DIRECTION('',(0.5,-0.866025403784439,0.));
#4132=DIRECTION('',(0.,0.,1.));
#4133=DIRECTION('',(-0.866025403784439,0.5,0.));
#4134=DIRECTION('',(0.,0.,1.));
#4135=DIRECTION('',(-1.83697019872103E-16,-1.,0.));
#4136=DIRECTION('',(-1.83697019872103E-16,-1.,0.));
#4137=DIRECTION('',(0.,0.,1.));
#4138=DIRECTION('',(1.,0.,0.));
#4139=DIRECTION('',(1.,-1.83697019872103E-16,0.));
#4140=DIRECTION('',(1.83697019872103E-16,1.,0.));
#4141=DIRECTION('',(0.,0.,1.));
#4142=DIRECTION('',(1.83697019872103E-16,1.,0.));
#4143=DIRECTION('',(-1.,1.83697019872103E-16,0.));
#4144=DIRECTION('',(0.,0.,-1.));
#4145=DIRECTION('',(1.,-1.83697019872103E-16,0.));
#4146=DIRECTION('',(0.,0.,-1.));
#4147=DIRECTION('',(1.,-1.83697019872103E-16,0.));
#4148=DIRECTION('',(1.,-1.83697019872103E-16,0.));
#4149=DIRECTION('',(0.,0.,1.));
#4150=DIRECTION('',(0.,0.,-1.));
#4151=DIRECTION('',(-1.83697019872103E-16,-1.,0.));
#4152=DIRECTION('',(1.83697019872103E-16,1.,0.));
#4153=DIRECTION('',(0.,0.,1.));
#4154=DIRECTION('',(0.,0.,-1.));
#4155=DIRECTION('',(1.,-1.83697019872103E-16,0.));
#4156=DIRECTION('',(0.,0.,-1.));
#4157=DIRECTION('',(1.,-1.83697019872103E-16,0.));
#4158=DIRECTION('',(1.83697019872103E-16,1.,0.));
#4159=DIRECTION('',(-1.,1.83697019872103E-16,0.));
#4160=DIRECTION('',(0.,0.,-1.));
#4161=DIRECTION('',(1.,-1.83697019872103E-16,0.));
#4162=DIRECTION('',(1.,-1.83697019872103E-16,0.));
#4163=DIRECTION('',(0.,0.,1.));
#4164=DIRECTION('',(-1.83697019872103E-16,-1.,0.));
#4165=DIRECTION('',(0.,0.,1.));
#4166=DIRECTION('',(-1.83697019872103E-16,-1.,0.));
#4167=DIRECTION('',(0.,0.,1.));
#4168=DIRECTION('',(1.,0.,0.));
#4169=DIRECTION('',(0.,0.,1.));
#4170=DIRECTION('',(-1.83697019872103E-16,-1.,0.));
#4171=DIRECTION('',(0.,0.,1.));
#4172=DIRECTION('',(1.,0.,0.));
#4173=DIRECTION('',(0.,0.,1.));
#4174=DIRECTION('',(-1.83697019872103E-16,-1.,0.));
#4175=DIRECTION('',(0.,0.,-1.));
#4176=DIRECTION('',(-1.,0.,0.));
#4177=DIRECTION('',(0.866025403784439,0.5,0.));
#4178=DIRECTION('',(-0.5,0.866025403784439,0.));
#4179=DIRECTION('',(0.5,-0.866025403784439,0.));
#4180=DIRECTION('',(0.866025403784439,0.5,0.));
#4181=DIRECTION('',(0.,0.,1.));
#4182=DIRECTION('',(1.,0.,0.));
#4183=DIRECTION('',(0.866025403784439,0.5,0.));
#4184=DIRECTION('',(-0.5,0.866025403784439,0.));
#4185=DIRECTION('',(-0.491158249459602,0.850711042620557,-0.187227925137315));
#4186=DIRECTION('',(-0.866025403784423,-0.500000000000027,0.));
#4187=DIRECTION('',(0.866025403784439,0.5,0.));
#4188=DIRECTION('',(-0.5,0.866025403784439,0.));
#4189=DIRECTION('',(-0.866025403784436,-0.5,8.67361737988404E-15));
#4190=DIRECTION('',(0.5,-0.866025403784436,0.));
#4191=DIRECTION('',(0.22155533923157,-0.383745104237235,0.896466913294595));
#4192=DIRECTION('',(0.,-0.919313885938801,-0.39352506796912));
#4193=DIRECTION('',(0.5,-0.866025403784439,0.));
#4194=DIRECTION('',(0.866025403784439,0.5,0.));
#4195=DIRECTION('',(0.866025403784439,0.5,0.));
#4196=DIRECTION('',(-0.5,0.866025403784439,0.));
#4197=DIRECTION('',(0.352538812358738,-0.610615134645323,-0.709130131303673));
#4198=DIRECTION('',(0.,0.757781853664125,-0.652507978692493));
#4199=DIRECTION('',(-0.866025403784438,-0.5,-3.46944695195362E-15));
#4200=DIRECTION('',(0.5,-0.866025403784438,0.));
#4201=DIRECTION('',(0.0701966685019534,-0.121584196367388,0.990095808962407));
#4202=DIRECTION('',(0.,-0.992544245649618,-0.121884865458477));
#4203=DIRECTION('',(0.,0.,1.));
#4204=DIRECTION('',(1.,0.,0.));
#4205=DIRECTION('',(1.83697019872103E-16,1.,0.));
#4206=DIRECTION('',(-1.,1.83697019872103E-16,0.));
#4207=DIRECTION('',(1.83697019872103E-16,1.,0.));
#4208=DIRECTION('',(-1.,1.83697019872103E-16,0.));
#4209=DIRECTION('',(0.,0.,1.));
#4210=DIRECTION('',(1.,0.,0.));
#4211=DIRECTION('',(-0.5,0.866025403784439,0.));
#4212=DIRECTION('',(-0.866025403784439,-0.5,0.));
#4213=DIRECTION('',(0.,0.,1.));
#4214=DIRECTION('',(1.,0.,0.));
#4215=DIRECTION('',(-0.291275864017731,-0.168168198499078,0.941741911594838));
#4216=DIRECTION('',(0.955347671508917,0.,0.295484054633226));
#4217=DIRECTION('',(-0.291275864017731,-0.168168198499078,0.941741911594839));
#4218=DIRECTION('',(0.955347671508917,0.,0.295484054633226));
#4219=DIRECTION('',(-0.5,0.866025403784439,0.));
#4220=DIRECTION('',(-0.866025403784439,-0.5,0.));
#4221=DIRECTION('',(0.5,-0.866025403784439,0.));
#4222=DIRECTION('',(0.866025403784439,0.5,0.));
#4223=DIRECTION('',(-0.5,-0.866025403784438,0.));
#4224=DIRECTION('',(0.866025403784438,-0.5,0.));
#4225=DIRECTION('',(-0.5,-0.866025403784438,0.));
#4226=DIRECTION('',(0.866025403784438,-0.5,0.));
#4227=DIRECTION('',(0.,0.,1.));
#4228=DIRECTION('',(1.,0.,0.));
#4229=DIRECTION('',(0.,-0.336336396998156,-0.941741911594837));
#4230=DIRECTION('',(0.,0.941741911594837,-0.336336396998156));
#4231=DIRECTION('',(0.,-0.336336396998156,-0.941741911594837));
#4232=DIRECTION('',(0.,0.941741911594838,-0.336336396998156));
#4233=DIRECTION('',(0.5,0.866025403784439,0.));
#4234=DIRECTION('',(-0.866025403784439,0.5,0.));
#4235=DIRECTION('',(-0.5,-0.866025403784439,0.));
#4236=DIRECTION('',(0.866025403784439,-0.5,0.));
#4237=DIRECTION('',(0.,0.,1.));
#4238=DIRECTION('',(1.,0.,0.));
#4239=DIRECTION('',(-1.,0.,0.));
#4240=DIRECTION('',(0.,0.,1.));
#4241=DIRECTION('',(-1.,1.63508468541687E-16,0.));
#4242=DIRECTION('',(-1.63508468541687E-16,-1.,0.));
#4243=DIRECTION('',(1.,-1.83697019872103E-16,0.));
#4244=DIRECTION('',(0.,0.,1.));
#4245=DIRECTION('',(-1.83697019872103E-16,-1.,0.));
#4246=DIRECTION('',(0.,0.,-1.));
#4247=DIRECTION('',(-1.83697019872103E-16,-1.,0.));
#4248=DIRECTION('',(1.,-1.83697019872103E-16,0.));
#4249=DIRECTION('',(0.,0.,1.));
#4250=DIRECTION('',(-1.83697019872103E-16,-1.,0.));
#4251=DIRECTION('',(0.,0.,-1.));
#4252=DIRECTION('',(-1.83697019872103E-16,-1.,0.));
#4253=DIRECTION('',(0.,0.,1.));
#4254=DIRECTION('',(-1.83697019872103E-16,-1.,0.));
#4255=DIRECTION('',(1.,-1.83697019872103E-16,0.));
#4256=DIRECTION('',(0.,0.,1.));
#4257=DIRECTION('',(-1.83697019872103E-16,-1.,0.));
#4258=DIRECTION('',(1.,-1.83697019872103E-16,0.));
#4259=DIRECTION('',(1.83697019872103E-16,1.,0.));
#4260=DIRECTION('',(0.,0.,1.));
#4261=DIRECTION('',(0.5,-0.866025403784439,0.));
#4262=DIRECTION('',(0.,0.,1.));
#4263=DIRECTION('',(-0.866025403784439,-0.5,0.));
#4264=DIRECTION('',(0.,0.,-1.));
#4265=DIRECTION('',(-0.866025403784439,-0.5,0.));
#4266=DIRECTION('',(0.5,-0.866025403784439,0.));
#4267=DIRECTION('',(0.,0.,1.));
#4268=DIRECTION('',(-0.866025403784439,-0.5,0.));
#4269=DIRECTION('',(0.,0.,-1.));
#4270=DIRECTION('',(-0.866025403784439,-0.5,0.));
#4271=DIRECTION('',(0.,0.,1.));
#4272=DIRECTION('',(-0.866025403784439,-0.5,0.));
#4273=DIRECTION('',(0.5,-0.866025403784439,0.));
#4274=DIRECTION('',(0.,0.,1.));
#4275=DIRECTION('',(-0.866025403784439,-0.5,0.));
#4276=DIRECTION('',(0.5,-0.866025403784439,0.));
#4277=DIRECTION('',(0.866025403784439,0.5,0.));
#4278=DIRECTION('',(0.,0.,1.));
#4279=DIRECTION('',(0.,0.,1.));
#4280=DIRECTION('',(1.,0.,0.));
#4281=DIRECTION('',(0.,0.,1.));
#4282=DIRECTION('',(1.,0.,0.));
#4283=DIRECTION('',(-1.,6.16888250692887E-16,0.));
#4284=DIRECTION('',(-6.16888250692887E-16,-1.,0.));
#4285=DIRECTION('',(0.,0.,-1.));
#4286=DIRECTION('',(-1.,0.,0.));
#4287=DIRECTION('',(0.866025403784439,-0.5,0.));
#4288=DIRECTION('',(0.5,0.866025403784439,0.));
#4289=DIRECTION('',(0.,0.,-1.));
#4290=DIRECTION('',(-1.,0.,0.));
#4291=DIRECTION('',(-0.866025403784439,0.5,0.));
#4292=DIRECTION('',(-0.5,-0.866025403784439,0.));
#4293=DIRECTION('',(-0.5,0.866025403784439,0.));
#4294=DIRECTION('',(-0.866025403784439,-0.5,0.));
#4295=DIRECTION('',(-0.291275864017732,-0.168168198499078,0.941741911594838));
#4296=DIRECTION('',(0.955347671508917,0.,0.295484054633226));
#4297=DIRECTION('',(0.,0.336336396998156,0.941741911594837));
#4298=DIRECTION('',(0.,-0.941741911594837,0.336336396998157));
#4299=DIRECTION('',(0.291275864017731,0.168168198499078,-0.941741911594838));
#4300=DIRECTION('',(-0.955347671508917,0.,-0.295484054633226));
#4301=DIRECTION('',(0.291275864017731,0.168168198499078,-0.941741911594838));
#4302=DIRECTION('',(-0.955347671508917,0.,-0.295484054633226));
#4303=DIRECTION('',(-0.00620335941338938,0.999779604027327,0.0200564628723222));
#4304=DIRECTION('',(0.295418931137595,0.0209938888955935,-0.955137116729614));
#4305=DIRECTION('',(-0.0389471554919089,-0.0224861507074238,-0.998988234217727));
#4306=DIRECTION('',(0.86514918891431,0.499494117108864,-0.0449723014148476));
#4307=DIRECTION('',(-0.00620335941338938,0.999779604027327,0.0200564628723222));
#4308=DIRECTION('',(0.295418931137595,0.0209938888955935,-0.955137116729614));
#4309=DIRECTION('',(0.291275864017731,0.168168198499078,-0.941741911594838));
#4310=DIRECTION('',(-0.955347671508917,0.,-0.295484054633226));
#4311=DIRECTION('',(-0.291275864017732,-0.168168198499078,0.941741911594838));
#4312=DIRECTION('',(0.955347671508917,0.,0.295484054633226));
#4313=DIRECTION('',(0.,0.,1.));
#4314=DIRECTION('',(1.,0.,0.));
#4315=DIRECTION('',(0.291275864017731,0.168168198499078,-0.941741911594838));
#4316=DIRECTION('',(-0.955347671508917,0.,-0.295484054633226));
#4317=DIRECTION('',(-0.291275864017731,0.168168198499078,-0.941741911594837));
#4318=DIRECTION('',(-0.955347671508916,0.,0.295484054633226));
#4319=DIRECTION('',(0.291275864017731,0.168168198499078,-0.941741911594838));
#4320=DIRECTION('',(-0.955347671508917,0.,-0.295484054633226));
#4321=DIRECTION('',(-6.12323399573677E-17,-1.,0.));
#4322=DIRECTION('',(1.,-6.12323399573677E-17,0.));
#4323=DIRECTION('',(1.,-6.12323399573677E-17,0.));
#4324=DIRECTION('',(6.12323399573677E-17,1.,0.));
#4325=DIRECTION('',(-6.12323399573677E-17,-1.,0.));
#4326=DIRECTION('',(1.,-6.12323399573677E-17,0.));
#4327=DIRECTION('',(0.,0.,1.));
#4328=DIRECTION('',(1.,0.,0.));
#4329=DIRECTION('',(-6.12323399573677E-17,-1.,0.));
#4330=DIRECTION('',(1.,-6.12323399573677E-17,0.));
#4331=DIRECTION('',(-1.,6.12323399573677E-17,0.));
#4332=DIRECTION('',(-6.12323399573677E-17,-1.,0.));
#4333=DIRECTION('',(-6.12323399573677E-17,-1.,0.));
#4334=DIRECTION('',(1.,-6.12323399573677E-17,0.));
#4335=DIRECTION('',(-0.5,0.866025403784439,0.));
#4336=DIRECTION('',(-0.866025403784439,-0.5,0.));
#4337=DIRECTION('',(0.5,0.866025403784439,0.));
#4338=DIRECTION('',(-0.866025403784439,0.5,0.));
#4339=DIRECTION('',(0.291275864017731,0.168168198499078,-0.941741911594838));
#4340=DIRECTION('',(-0.955347671508917,0.,-0.295484054633226));
#4341=DIRECTION('',(0.695456911809565,-0.713190268970168,0.0877457922783886));
#4342=DIRECTION('',(0.715951766991683,0.698149745643073,0.));
#4343=DIRECTION('',(0.291275864017731,0.168168198499078,-0.941741911594838));
#4344=DIRECTION('',(-0.955347671508917,0.,-0.295484054633226));
#4345=DIRECTION('',(-0.623554596249607,-0.713190268970173,-0.320217591244208));
#4346=DIRECTION('',(0.752831340154945,-0.658213470904774,0.));
#4347=DIRECTION('',(-0.291275864017732,-0.168168198499078,0.941741911594838));
#4348=DIRECTION('',(0.955347671508917,0.,0.295484054633226));
#4349=DIRECTION('',(0.,0.,1.));
#4350=DIRECTION('',(-0.866025403784439,0.5,0.));
#4351=DIRECTION('',(-0.5,-0.866025403784439,0.));
#4352=DIRECTION('',(0.,0.,1.));
#4353=DIRECTION('',(1.,0.,0.));
#4354=DIRECTION('',(-0.5,-0.866025403784439,0.));
#4355=DIRECTION('',(-0.866025403784439,0.5,0.));
#4356=DIRECTION('',(0.,0.,1.));
#4357=DIRECTION('',(-0.866025403784439,0.5,0.));
#4358=DIRECTION('',(-0.5,-0.866025403784439,0.));
#4359=DIRECTION('',(0.,0.,1.));
#4360=DIRECTION('',(1.,0.,0.));
#4361=DIRECTION('',(-0.866025403784439,0.5,0.));
#4362=DIRECTION('',(0.,0.,1.));
#4363=DIRECTION('',(-0.866025403784439,0.5,0.));
#4364=DIRECTION('',(-0.5,-0.866025403784439,0.));
#4365=DIRECTION('',(0.,0.,1.));
#4366=DIRECTION('',(1.,0.,0.));
#4367=DIRECTION('',(-0.866025403784439,0.5,0.));
#4368=DIRECTION('',(-6.12323399573677E-17,-1.,0.));
#4369=DIRECTION('',(0.,0.,1.));
#4370=DIRECTION('',(0.,0.,-1.));
#4371=DIRECTION('',(-6.12323399573677E-17,-1.,0.));
#4372=DIRECTION('',(1.,-6.12323399573677E-17,0.));
#4373=DIRECTION('',(-1.,6.12323399573677E-17,0.));
#4374=DIRECTION('',(-6.12323399573677E-17,-1.,0.));
#4375=DIRECTION('',(0.,0.,1.));
#4376=DIRECTION('',(-1.,6.12323399573677E-17,0.));
#4377=DIRECTION('',(-6.12323399573677E-17,-1.,0.));
#4378=DIRECTION('',(1.,-6.12323399573677E-17,0.));
#4379=DIRECTION('',(0.,0.,-1.));
#4380=DIRECTION('',(-6.12323399573677E-17,-1.,0.));
#4381=DIRECTION('',(0.,0.,1.));
#4382=DIRECTION('',(-6.12323399573677E-17,-1.,0.));
#4383=DIRECTION('',(1.,-6.12323399573677E-17,0.));
#4384=DIRECTION('',(-6.12323399573677E-17,-1.,0.));
#4385=DIRECTION('',(0.295484054633226,-1.80931800852831E-17,-0.955347671508917));
#4386=DIRECTION('',(-1.,6.12323399573677E-17,0.));
#4387=DIRECTION('',(0.,0.,-1.));
#4388=DIRECTION('',(-6.12323399573677E-17,-1.,0.));
#4389=DIRECTION('',(0.,0.,1.));
#4390=DIRECTION('',(-1.,6.12323399573677E-17,0.));
#4391=DIRECTION('',(-6.12323399573677E-17,-1.,0.));
#4392=DIRECTION('',(0.295484054633226,-1.80931800852831E-17,-0.955347671508917));
#4393=DIRECTION('',(-6.12323399573677E-17,-1.,0.));
#4394=DIRECTION('',(1.,-6.12323399573677E-17,0.));
#4395=DIRECTION('',(0.,0.,-1.));
#4396=DIRECTION('',(-1.,6.12323399573677E-17,0.));
#4397=DIRECTION('',(0.,0.,1.));
#4398=DIRECTION('',(-1.,6.12323399573677E-17,0.));
#4399=DIRECTION('',(-6.12323399573677E-17,-1.,0.));
#4400=DIRECTION('',(6.12323399573677E-17,1.,0.));
#4401=DIRECTION('',(0.,0.,-1.));
#4402=DIRECTION('',(6.12323399573677E-17,1.,0.));
#4403=DIRECTION('',(0.,0.,-1.));
#4404=DIRECTION('',(-1.,6.12323399573677E-17,0.));
#4405=DIRECTION('',(-6.12323399573677E-17,-1.,0.));
#4406=DIRECTION('',(6.12323399573677E-17,1.,0.));
#4407=DIRECTION('',(-6.12323399573677E-17,-1.,0.));
#4408=DIRECTION('',(0.,0.,1.));
#4409=DIRECTION('',(0.,0.,-1.));
#4410=DIRECTION('',(-1.,6.12323399573677E-17,0.));
#4411=DIRECTION('',(0.,0.,-1.));
#4412=DIRECTION('',(-1.,6.12323399573677E-17,0.));
#4413=DIRECTION('',(-1.,6.12323399573677E-17,0.));
#4414=DIRECTION('',(0.,0.,-1.));
#4415=DIRECTION('',(-1.,6.12323399573677E-17,0.));
#4416=DIRECTION('',(-1.,6.12323399573677E-17,0.));
#4417=DIRECTION('',(0.,0.,1.));
#4418=DIRECTION('',(-1.,6.12323399573677E-17,0.));
#4419=DIRECTION('',(-6.12323399573677E-17,-1.,0.));
#4420=DIRECTION('',(6.12323399573677E-17,1.,0.));
#4421=DIRECTION('',(-1.,6.12323399573677E-17,0.));
#4422=DIRECTION('',(-6.12323399573677E-17,-1.,0.));
#4423=DIRECTION('',(0.,0.,-1.));
#4424=DIRECTION('',(6.12323399573677E-17,1.,0.));
#4425=DIRECTION('',(6.12323399573677E-17,1.,0.));
#4426=DIRECTION('',(0.,0.,1.));
#4427=DIRECTION('',(6.12323399573677E-17,1.,0.));
#4428=DIRECTION('',(0.,0.,1.));
#4429=DIRECTION('',(1.,0.,0.));
#4430=DIRECTION('',(-6.12323399573677E-17,-1.,0.));
#4431=DIRECTION('',(0.,0.,1.));
#4432=DIRECTION('',(-1.,6.12323399573677E-17,0.));
#4433=DIRECTION('',(-1.,6.12323399573677E-17,0.));
#4434=DIRECTION('',(0.,0.,1.));
#4435=DIRECTION('',(6.12323399573677E-17,1.,0.));
#4436=DIRECTION('',(0.,0.,1.));
#4437=DIRECTION('',(6.12323399573677E-17,1.,0.));
#4438=DIRECTION('',(-1.,6.12323399573677E-17,0.));
#4439=DIRECTION('',(0.,0.,1.));
#4440=DIRECTION('',(0.866025403784439,0.5,0.));
#4441=DIRECTION('',(0.,0.,1.));
#4442=DIRECTION('',(-0.866025403784439,0.5,0.));
#4443=DIRECTION('',(-0.866025403784439,0.5,0.));
#4444=DIRECTION('',(0.,0.,1.));
#4445=DIRECTION('',(1.,0.,0.));
#4446=DIRECTION('',(-0.5,-0.866025403784439,0.));
#4447=DIRECTION('',(0.866025403784439,-0.5,0.));
#4448=DIRECTION('',(0.,0.,1.));
#4449=DIRECTION('',(0.866025403784439,-0.5,0.));
#4450=DIRECTION('',(0.5,0.866025403784439,0.));
#4451=DIRECTION('',(0.,0.,-1.));
#4452=DIRECTION('',(-0.5,-0.866025403784439,0.));
#4453=DIRECTION('',(0.,0.,-1.));
#4454=DIRECTION('',(-0.5,-0.866025403784439,0.));
#4455=DIRECTION('',(0.,0.,1.));
#4456=DIRECTION('',(-0.866025403784439,0.5,0.));
#4457=DIRECTION('',(0.,0.,-1.));
#4458=DIRECTION('',(0.866025403784439,-0.5,0.));
#4459=DIRECTION('',(0.,0.,1.));
#4460=DIRECTION('',(0.,0.,-1.));
#4461=DIRECTION('',(-0.5,-0.866025403784439,0.));
#4462=DIRECTION('',(0.,0.,-1.));
#4463=DIRECTION('',(-0.5,-0.866025403784439,0.));
#4464=DIRECTION('',(0.866025403784439,-0.5,0.));
#4465=DIRECTION('',(0.5,0.866025403784439,0.));
#4466=DIRECTION('',(0.,0.,-1.));
#4467=DIRECTION('',(-0.5,-0.866025403784439,0.));
#4468=DIRECTION('',(-0.5,-0.866025403784439,0.));
#4469=DIRECTION('',(-0.5,-0.866025403784439,0.));
#4470=DIRECTION('',(0.,0.,1.));
#4471=DIRECTION('',(-0.866025403784439,0.5,0.));
#4472=DIRECTION('',(0.,0.,1.));
#4473=DIRECTION('',(-0.866025403784439,0.5,0.));
#4474=DIRECTION('',(0.,0.,1.));
#4475=DIRECTION('',(1.,0.,0.));
#4476=DIRECTION('',(0.,0.,1.));
#4477=DIRECTION('',(-0.866025403784439,0.5,0.));
#4478=DIRECTION('',(0.,0.,1.));
#4479=DIRECTION('',(1.,0.,0.));
#4480=DIRECTION('',(0.,0.,1.));
#4481=DIRECTION('',(-0.866025403784439,0.5,0.));
#4482=DIRECTION('',(0.,0.,-1.));
#4483=DIRECTION('',(-1.,0.,0.));
#4484=DIRECTION('',(-6.12323399573677E-17,-1.,0.));
#4485=DIRECTION('',(1.,-6.12323399573677E-17,0.));
#4486=DIRECTION('',(-1.,6.12323399573677E-17,0.));
#4487=DIRECTION('',(-6.12323399573677E-17,-1.,0.));
#4488=DIRECTION('',(0.,0.,1.));
#4489=DIRECTION('',(1.,0.,0.));
#4490=DIRECTION('',(-6.12323399573677E-17,-1.,0.));
#4491=DIRECTION('',(1.,-6.12323399573677E-17,0.));
#4492=DIRECTION('',(0.98231649891915,3.12212090056627E-14,-0.187227925137315));
#4493=DIRECTION('',(-0.187227925137315,0.,-0.98231649891915));
#4494=DIRECTION('',(-6.12323399573677E-17,-1.,0.));
#4495=DIRECTION('',(1.,-6.12323399573677E-17,0.));
#4496=DIRECTION('',(-6.07153216591882E-15,1.,5.20417042793042E-15));
#4497=DIRECTION('',(-1.,-6.07153216591882E-15,0.));
#4498=DIRECTION('',(-0.443110678463146,0.,0.89646691329459));
#4499=DIRECTION('',(0.89646691329459,0.,0.443110678463146));
#4500=DIRECTION('',(-1.,6.12323399573677E-17,0.));
#4501=DIRECTION('',(-6.12323399573677E-17,-1.,0.));
#4502=DIRECTION('',(-6.12323399573677E-17,-1.,0.));
#4503=DIRECTION('',(1.,-6.12323399573677E-17,0.));
#4504=DIRECTION('',(-0.705077624717482,0.,-0.709130131303666));
#4505=DIRECTION('',(-0.709130131303666,0.,0.705077624717482));
#4506=DIRECTION('',(3.46944695195361E-15,1.,8.67361737988403E-15));
#4507=DIRECTION('',(0.,-8.67361737988403E-15,1.));
#4508=DIRECTION('',(-0.140393337003869,-5.12827296806289E-14,0.990095808962404));
#4509=DIRECTION('',(0.990095808962405,0.,0.140393337003869));
#4510=DIRECTION('',(0.,0.,1.));
#4511=DIRECTION('',(1.,0.,0.));
#4512=DIRECTION('',(0.866025403784439,-0.5,0.));
#4513=DIRECTION('',(0.5,0.866025403784439,0.));
#4514=DIRECTION('',(0.866025403784439,-0.5,0.));
#4515=DIRECTION('',(0.5,0.866025403784439,0.));
#4516=DIRECTION('',(0.,0.,1.));
#4517=DIRECTION('',(1.,0.,0.));
#4518=DIRECTION('',(1.,-6.12323399573677E-17,0.));
#4519=DIRECTION('',(6.12323399573677E-17,1.,0.));
#4520=DIRECTION('',(0.,0.,1.));
#4521=DIRECTION('',(1.,0.,0.));
#4522=DIRECTION('',(0.,0.336336396998156,0.941741911594838));
#4523=DIRECTION('',(0.,-0.941741911594838,0.336336396998156));
#4524=DIRECTION('',(0.,0.336336396998156,0.941741911594839));
#4525=DIRECTION('',(0.,-0.941741911594838,0.336336396998155));
#4526=DIRECTION('',(0.,0.,1.));
#4527=DIRECTION('',(1.,0.,0.));
#4528=DIRECTION('',(-1.,4.75444383311761E-16,0.));
#4529=DIRECTION('',(-4.75444383311761E-16,-1.,0.));
#4530=DIRECTION('',(-0.5,0.866025403784439,0.));
#4531=DIRECTION('',(-0.866025403784439,-0.5,0.));
#4532=DIRECTION('',(-0.5,0.866025403784439,0.));
#4533=DIRECTION('',(-0.866025403784439,-0.5,0.));
#4534=DIRECTION('',(-1.,6.05091910489609E-16,0.));
#4535=DIRECTION('',(-6.05091910489609E-16,-1.,0.));
#4536=DIRECTION('',(-0.291275864017731,0.168168198499078,-0.941741911594837));
#4537=DIRECTION('',(-0.955347671508916,0.,0.295484054633226));
#4538=DIRECTION('',(-0.291275864017731,0.168168198499078,-0.941741911594837));
#4539=DIRECTION('',(-0.955347671508916,0.,0.295484054633226));
#4540=DIRECTION('',(0.,0.,1.));
#4541=DIRECTION('',(1.,0.,0.));
#4542=DIRECTION('',(0.5,0.866025403784439,0.));
#4543=DIRECTION('',(-0.866025403784439,0.5,0.));
#4544=DIRECTION('',(-0.5,0.866025403784439,0.));
#4545=DIRECTION('',(-0.866025403784439,-0.5,0.));
#4546=DIRECTION('',(0.5,0.866025403784439,0.));
#4547=DIRECTION('',(-0.866025403784439,0.5,0.));
#4548=DIRECTION('',(-0.5,0.866025403784439,0.));
#4549=DIRECTION('',(-0.866025403784439,-0.5,0.));
#4550=DIRECTION('',(-0.5,-0.866025403784439,0.));
#4551=DIRECTION('',(0.,0.,1.));
#4552=DIRECTION('',(-0.866025403784439,0.5,0.));
#4553=DIRECTION('',(0.,0.,-1.));
#4554=DIRECTION('',(-0.866025403784439,0.5,0.));
#4555=DIRECTION('',(-0.5,-0.866025403784439,0.));
#4556=DIRECTION('',(0.,0.,1.));
#4557=DIRECTION('',(-0.866025403784439,0.5,0.));
#4558=DIRECTION('',(0.,0.,-1.));
#4559=DIRECTION('',(-0.866025403784439,0.5,0.));
#4560=DIRECTION('',(0.,0.,1.));
#4561=DIRECTION('',(-0.866025403784439,0.5,0.));
#4562=DIRECTION('',(-0.5,-0.866025403784439,0.));
#4563=DIRECTION('',(0.,0.,1.));
#4564=DIRECTION('',(-0.866025403784439,0.5,0.));
#4565=DIRECTION('',(-0.5,-0.866025403784439,0.));
#4566=DIRECTION('',(0.866025403784439,-0.5,0.));
#4567=DIRECTION('',(0.,0.,1.));
#4568=DIRECTION('',(-1.,6.12323399573677E-17,0.));
#4569=DIRECTION('',(0.,0.,1.));
#4570=DIRECTION('',(6.12323399573677E-17,1.,0.));
#4571=DIRECTION('',(0.,0.,-1.));
#4572=DIRECTION('',(6.12323399573677E-17,1.,0.));
#4573=DIRECTION('',(-1.,6.12323399573677E-17,0.));
#4574=DIRECTION('',(0.,0.,1.));
#4575=DIRECTION('',(6.12323399573677E-17,1.,0.));
#4576=DIRECTION('',(0.,0.,-1.));
#4577=DIRECTION('',(6.12323399573677E-17,1.,0.));
#4578=DIRECTION('',(0.,0.,1.));
#4579=DIRECTION('',(6.12323399573677E-17,1.,0.));
#4580=DIRECTION('',(-1.,6.12323399573677E-17,0.));
#4581=DIRECTION('',(0.,0.,1.));
#4582=DIRECTION('',(6.12323399573677E-17,1.,0.));
#4583=DIRECTION('',(-1.,6.12323399573677E-17,0.));
#4584=DIRECTION('',(-6.12323399573677E-17,-1.,0.));
#4585=DIRECTION('',(0.,0.,1.));
#4586=DIRECTION('',(0.,0.,1.));
#4587=DIRECTION('',(1.,0.,0.));
#4588=DIRECTION('',(0.,0.,1.));
#4589=DIRECTION('',(1.,0.,0.));
#4590=DIRECTION('',(0.,0.336336396998156,0.941741911594838));
#4591=DIRECTION('',(0.,-0.941741911594838,0.336336396998156));
#4592=DIRECTION('',(0.291275864017731,-0.168168198499078,0.941741911594837));
#4593=DIRECTION('',(0.955347671508917,0.,-0.295484054633226));
#4594=DIRECTION('',(0.5,0.866025403784439,0.));
#4595=DIRECTION('',(-0.866025403784438,0.5,0.));
#4596=DIRECTION('',(0.,0.,-1.));
#4597=DIRECTION('',(-1.,0.,0.));
#4598=DIRECTION('',(-0.866025403784439,-0.5,0.));
#4599=DIRECTION('',(0.5,-0.866025403784439,0.));
#4600=DIRECTION('',(0.,0.,-1.));
#4601=DIRECTION('',(-1.,0.,0.));
#4602=DIRECTION('',(0.866025403784439,0.5,0.));
#4603=DIRECTION('',(-0.5,0.866025403784439,0.));
#4604=DIRECTION('',(1.,-6.16888250692887E-16,0.));
#4605=DIRECTION('',(6.16888250692887E-16,1.,0.));
#4606=DIRECTION('',(-2.42725176785505E-16,-0.336336396998156,-0.941741911594838));
#4607=DIRECTION('',(0.,0.941741911594838,-0.336336396998156));
#4608=DIRECTION('',(0.,-0.336336396998156,-0.941741911594838));
#4609=DIRECTION('',(0.,0.941741911594838,-0.336336396998156));
#4610=DIRECTION('',(0.868936214979907,-0.494517535172864,0.0200564628723223));
#4611=DIRECTION('',(-0.129528224460986,-0.2663372435718,-0.955137116729614));
#4612=DIRECTION('',(3.24553331390704E-17,0.0449723014148473,-0.998988234217727));
#4613=DIRECTION('',(-9.27815219873075E-16,-0.998988234217727,-0.0449723014148473));
#4614=DIRECTION('',(0.868936214979907,-0.494517535172864,0.0200564628723223));
#4615=DIRECTION('',(-0.129528224460986,-0.2663372435718,-0.955137116729614));
#4616=DIRECTION('',(0.,-0.336336396998156,-0.941741911594838));
#4617=DIRECTION('',(0.,0.941741911594838,-0.336336396998156));
#4618=DIRECTION('',(0.,0.336336396998156,0.941741911594838));
#4619=DIRECTION('',(0.,-0.941741911594838,0.336336396998156));
#4620=DIRECTION('',(0.,0.,1.));
#4621=DIRECTION('',(1.,0.,0.));
#4622=DIRECTION('',(0.,-0.336336396998156,-0.941741911594838));
#4623=DIRECTION('',(0.,0.941741911594838,-0.336336396998156));
#4624=DIRECTION('',(0.291275864017731,0.168168198499078,-0.941741911594837));
#4625=DIRECTION('',(-0.955347671508917,0.,-0.295484054633226));
#4626=DIRECTION('',(0.,-0.336336396998156,-0.941741911594838));
#4627=DIRECTION('',(0.,0.941741911594838,-0.336336396998156));
#4628=DIRECTION('',(-0.866025403784438,0.5,0.));
#4629=DIRECTION('',(-0.5,-0.866025403784439,0.));
#4630=DIRECTION('',(-0.5,-0.866025403784438,0.));
#4631=DIRECTION('',(0.866025403784439,-0.5,0.));
#4632=DIRECTION('',(-0.866025403784438,0.5,0.));
#4633=DIRECTION('',(-0.5,-0.866025403784439,0.));
#4634=DIRECTION('',(0.,0.,1.));
#4635=DIRECTION('',(1.,0.,0.));
#4636=DIRECTION('',(-0.866025403784438,0.5,0.));
#4637=DIRECTION('',(-0.5,-0.866025403784439,0.));
#4638=DIRECTION('',(0.5,0.866025403784438,0.));
#4639=DIRECTION('',(-0.866025403784439,0.5,0.));
#4640=DIRECTION('',(-0.866025403784438,0.5,0.));
#4641=DIRECTION('',(-0.5,-0.866025403784439,0.));
#4642=DIRECTION('',(1.,-3.08444125346443E-16,0.));
#4643=DIRECTION('',(3.08444125346443E-16,1.,0.));
#4644=DIRECTION('',(0.5,-0.866025403784439,0.));
#4645=DIRECTION('',(0.866025403784439,0.5,0.));
#4646=DIRECTION('',(0.,-0.336336396998156,-0.941741911594838));
#4647=DIRECTION('',(0.,0.941741911594838,-0.336336396998156));
#4648=DIRECTION('',(-0.965369346564804,-0.245688218379477,0.087745792278391));
#4649=DIRECTION('',(0.246639531876707,-0.96910729092069,0.));
#4650=DIRECTION('',(0.,-0.336336396998156,-0.941741911594838));
#4651=DIRECTION('',(0.,0.941741911594838,-0.336336396998156));
#4652=DIRECTION('',(-0.305863592535216,0.896609255483796,-0.320217591244209));
#4653=DIRECTION('',(0.,0.336336396998152,0.941741911594839));
#4654=DIRECTION('',(0.,0.336336396998156,0.941741911594838));
#4655=DIRECTION('',(0.,-0.941741911594838,0.336336396998156));
#4656=DIRECTION('',(0.,0.,1.));
#4657=DIRECTION('',(0.866025403784439,0.5,0.));
#4658=DIRECTION('',(-0.5,0.866025403784439,0.));
#4659=DIRECTION('',(0.,0.,1.));
#4660=DIRECTION('',(1.,0.,0.));
#4661=DIRECTION('',(-0.5,0.866025403784439,0.));
#4662=DIRECTION('',(0.866025403784439,0.5,0.));
#4663=DIRECTION('',(0.,0.,1.));
#4664=DIRECTION('',(0.866025403784439,0.5,0.));
#4665=DIRECTION('',(-0.5,0.866025403784439,0.));
#4666=DIRECTION('',(0.,0.,1.));
#4667=DIRECTION('',(1.,0.,0.));
#4668=DIRECTION('',(0.866025403784439,0.5,0.));
#4669=DIRECTION('',(0.,0.,1.));
#4670=DIRECTION('',(0.866025403784439,0.5,0.));
#4671=DIRECTION('',(-0.5,0.866025403784439,0.));
#4672=DIRECTION('',(0.,0.,1.));
#4673=DIRECTION('',(1.,0.,0.));
#4674=DIRECTION('',(0.866025403784439,0.5,0.));
#4675=DIRECTION('',(-0.866025403784438,0.5,0.));
#4676=DIRECTION('',(0.,0.,1.));
#4677=DIRECTION('',(0.,0.,-1.));
#4678=DIRECTION('',(-0.866025403784438,0.5,0.));
#4679=DIRECTION('',(-0.5,-0.866025403784439,0.));
#4680=DIRECTION('',(0.5,0.866025403784438,0.));
#4681=DIRECTION('',(-0.866025403784438,0.5,0.));
#4682=DIRECTION('',(0.,0.,1.));
#4683=DIRECTION('',(0.5,0.866025403784438,0.));
#4684=DIRECTION('',(-0.866025403784438,0.5,0.));
#4685=DIRECTION('',(-0.5,-0.866025403784439,0.));
#4686=DIRECTION('',(0.,0.,-1.));
#4687=DIRECTION('',(-0.866025403784438,0.5,0.));
#4688=DIRECTION('',(0.,0.,1.));
#4689=DIRECTION('',(-0.866025403784438,0.5,0.));
#4690=DIRECTION('',(-0.5,-0.866025403784439,0.));
#4691=DIRECTION('',(-0.866025403784438,0.5,0.));
#4692=DIRECTION('',(-0.147742027316613,-0.255896697725603,-0.955347671508917));
#4693=DIRECTION('',(0.5,0.866025403784438,0.));
#4694=DIRECTION('',(0.,0.,-1.));
#4695=DIRECTION('',(-0.866025403784438,0.5,0.));
#4696=DIRECTION('',(0.,0.,1.));
#4697=DIRECTION('',(0.5,0.866025403784438,0.));
#4698=DIRECTION('',(-0.866025403784438,0.5,0.));
#4699=DIRECTION('',(-0.147742027316613,-0.255896697725603,-0.955347671508917));
#4700=DIRECTION('',(-0.866025403784438,0.5,0.));
#4701=DIRECTION('',(-0.5,-0.866025403784439,0.));
#4702=DIRECTION('',(0.,0.,-1.));
#4703=DIRECTION('',(0.5,0.866025403784438,0.));
#4704=DIRECTION('',(0.,0.,1.));
#4705=DIRECTION('',(0.5,0.866025403784438,0.));
#4706=DIRECTION('',(-0.866025403784439,0.5,0.));
#4707=DIRECTION('',(0.866025403784438,-0.5,0.));
#4708=DIRECTION('',(0.,0.,-1.));
#4709=DIRECTION('',(0.866025403784438,-0.5,0.));
#4710=DIRECTION('',(0.,0.,-1.));
#4711=DIRECTION('',(0.5,0.866025403784438,0.));
#4712=DIRECTION('',(-0.866025403784439,0.5,0.));
#4713=DIRECTION('',(0.866025403784438,-0.5,0.));
#4714=DIRECTION('',(-0.866025403784438,0.5,0.));
#4715=DIRECTION('',(0.,0.,1.));
#4716=DIRECTION('',(0.,0.,-1.));
#4717=DIRECTION('',(0.5,0.866025403784439,0.));
#4718=DIRECTION('',(0.,0.,-1.));
#4719=DIRECTION('',(0.5,0.866025403784439,0.));
#4720=DIRECTION('',(0.5,0.866025403784438,0.));
#4721=DIRECTION('',(0.,0.,-1.));
#4722=DIRECTION('',(0.5,0.866025403784438,0.));
#4723=DIRECTION('',(0.5,0.866025403784438,0.));
#4724=DIRECTION('',(0.,0.,1.));
#4725=DIRECTION('',(0.5,0.866025403784438,0.));
#4726=DIRECTION('',(-0.866025403784439,0.5,0.));
#4727=DIRECTION('',(0.866025403784438,-0.5,0.));
#4728=DIRECTION('',(0.5,0.866025403784438,0.));
#4729=DIRECTION('',(-0.866025403784439,0.5,0.));
#4730=DIRECTION('',(0.,0.,-1.));
#4731=DIRECTION('',(0.866025403784438,-0.5,0.));
#4732=DIRECTION('',(0.866025403784438,-0.5,0.));
#4733=DIRECTION('',(0.,0.,1.));
#4734=DIRECTION('',(0.866025403784438,-0.5,0.));
#4735=DIRECTION('',(0.,0.,1.));
#4736=DIRECTION('',(1.,0.,0.));
#4737=DIRECTION('',(-0.866025403784438,0.5,0.));
#4738=DIRECTION('',(0.,0.,1.));
#4739=DIRECTION('',(0.5,0.866025403784438,0.));
#4740=DIRECTION('',(0.5,0.866025403784438,0.));
#4741=DIRECTION('',(0.,0.,1.));
#4742=DIRECTION('',(0.866025403784438,-0.5,0.));
#4743=DIRECTION('',(0.,0.,1.));
#4744=DIRECTION('',(0.866025403784438,-0.5,0.));
#4745=DIRECTION('',(0.5,0.866025403784438,0.));
#4746=DIRECTION('',(0.,0.,1.));
#4747=DIRECTION('',(-7.21673832959671E-16,-1.,0.));
#4748=DIRECTION('',(0.,0.,1.));
#4749=DIRECTION('',(0.866025403784439,0.5,0.));
#4750=DIRECTION('',(0.866025403784439,0.5,0.));
#4751=DIRECTION('',(0.,0.,1.));
#4752=DIRECTION('',(1.,0.,0.));
#4753=DIRECTION('',(-0.5,0.866025403784439,0.));
#4754=DIRECTION('',(-0.866025403784439,-0.5,0.));
#4755=DIRECTION('',(0.,0.,1.));
#4756=DIRECTION('',(-0.866025403784439,-0.5,0.));
#4757=DIRECTION('',(0.5,-0.866025403784439,0.));
#4758=DIRECTION('',(0.,0.,-1.));
#4759=DIRECTION('',(-0.5,0.866025403784439,0.));
#4760=DIRECTION('',(0.,0.,-1.));
#4761=DIRECTION('',(-0.5,0.866025403784439,0.));
#4762=DIRECTION('',(0.,0.,1.));
#4763=DIRECTION('',(0.866025403784439,0.5,0.));
#4764=DIRECTION('',(0.,0.,-1.));
#4765=DIRECTION('',(-0.866025403784439,-0.5,0.));
#4766=DIRECTION('',(0.,0.,1.));
#4767=DIRECTION('',(0.,0.,-1.));
#4768=DIRECTION('',(-0.5,0.866025403784439,0.));
#4769=DIRECTION('',(0.,0.,-1.));
#4770=DIRECTION('',(-0.5,0.866025403784439,0.));
#4771=DIRECTION('',(-0.866025403784439,-0.5,0.));
#4772=DIRECTION('',(0.5,-0.866025403784439,0.));
#4773=DIRECTION('',(0.,0.,-1.));
#4774=DIRECTION('',(-0.5,0.866025403784439,0.));
#4775=DIRECTION('',(-0.5,0.866025403784439,0.));
#4776=DIRECTION('',(-0.5,0.866025403784439,0.));
#4777=DIRECTION('',(0.,0.,1.));
#4778=DIRECTION('',(0.866025403784439,0.5,0.));
#4779=DIRECTION('',(0.,0.,1.));
#4780=DIRECTION('',(0.866025403784439,0.5,0.));
#4781=DIRECTION('',(0.,0.,1.));
#4782=DIRECTION('',(1.,0.,0.));
#4783=DIRECTION('',(0.,0.,1.));
#4784=DIRECTION('',(0.866025403784439,0.5,0.));
#4785=DIRECTION('',(0.,0.,1.));
#4786=DIRECTION('',(1.,0.,0.));
#4787=DIRECTION('',(0.,0.,1.));
#4788=DIRECTION('',(0.866025403784439,0.5,0.));
#4789=DIRECTION('',(0.,0.,-1.));
#4790=DIRECTION('',(-1.,0.,0.));
#4791=DIRECTION('',(-0.866025403784438,0.5,0.));
#4792=DIRECTION('',(-0.5,-0.866025403784439,0.));
#4793=DIRECTION('',(0.5,0.866025403784438,0.));
#4794=DIRECTION('',(-0.866025403784439,0.5,0.));
#4795=DIRECTION('',(0.,0.,1.));
#4796=DIRECTION('',(1.,0.,0.));
#4797=DIRECTION('',(-0.866025403784438,0.5,0.));
#4798=DIRECTION('',(-0.5,-0.866025403784439,0.));
#4799=DIRECTION('',(-0.491158249459558,-0.850711042620584,-0.187227925137309));
#4800=DIRECTION('',(0.866025403784449,-0.499999999999983,0.));
#4801=DIRECTION('',(-0.866025403784438,0.5,0.));
#4802=DIRECTION('',(-0.5,-0.866025403784439,0.));
#4803=DIRECTION('',(0.866025403784441,-0.5,6.93889390390727E-15));
#4804=DIRECTION('',(0.5,0.866025403784441,0.));
#4805=DIRECTION('',(0.22155533923157,0.383745104237235,0.896466913294594));
#4806=DIRECTION('',(0.,-0.919313885938801,0.393525067969121));
#4807=DIRECTION('',(0.5,0.866025403784438,0.));
#4808=DIRECTION('',(-0.866025403784439,0.5,0.));
#4809=DIRECTION('',(-0.866025403784438,0.5,0.));
#4810=DIRECTION('',(-0.5,-0.866025403784439,0.));
#4811=DIRECTION('',(0.352538812358738,0.610615134645324,-0.709130131303672));
#4812=DIRECTION('',(0.,0.757781853664124,0.652507978692494));
#4813=DIRECTION('',(0.866025403784439,-0.5,1.73472347597681E-15));
#4814=DIRECTION('',(0.5,0.866025403784439,0.));
#4815=DIRECTION('',(0.070196668501893,0.121584196367437,0.990095808962405));
#4816=DIRECTION('',(0.,-0.992544245649612,0.121884865458524));
#4817=DIRECTION('',(0.,0.,1.));
#4818=DIRECTION('',(1.,0.,0.));
#4819=DIRECTION('',(-0.866025403784439,-0.5,0.));
#4820=DIRECTION('',(0.5,-0.866025403784439,0.));
#4821=DIRECTION('',(-0.866025403784439,-0.5,0.));
#4822=DIRECTION('',(0.5,-0.866025403784439,0.));
#4823=DIRECTION('',(0.,0.,1.));
#4824=DIRECTION('',(1.,0.,0.));
#4825=DIRECTION('',(-0.5,-0.866025403784438,0.));
#4826=DIRECTION('',(0.866025403784438,-0.5,0.));
#4827=DIRECTION('',(0.,0.,1.));
#4828=DIRECTION('',(1.,0.,0.));
#4829=DIRECTION('',(0.291275864017731,-0.168168198499078,0.941741911594837));
#4830=DIRECTION('',(0.955347671508916,0.,-0.295484054633226));
#4831=DIRECTION('',(0.291275864017731,-0.168168198499078,0.941741911594839));
#4832=DIRECTION('',(0.955347671508917,0.,-0.295484054633226));
#4833=DIRECTION('',(-1.,6.05091910489609E-16,0.));
#4834=DIRECTION('',(-6.05091910489609E-16,-1.,0.));
#4835=DIRECTION('',(1.,-4.75444383311761E-16,0.));
#4836=DIRECTION('',(4.75444383311761E-16,1.,0.));
#4837=DIRECTION('',(0.,0.,1.));
#4838=DIRECTION('',(1.,0.,0.));
#4839=DIRECTION('',(0.5,0.866025403784438,0.));
#4840=DIRECTION('',(-0.866025403784438,0.5,0.));
#4841=DIRECTION('',(-0.5,-0.866025403784438,0.));
#4842=DIRECTION('',(0.866025403784438,-0.5,0.));
#4843=DIRECTION('',(0.291275864017731,0.168168198499078,-0.941741911594838));
#4844=DIRECTION('',(-0.955347671508917,0.,-0.295484054633226));
#4845=DIRECTION('',(0.291275864017731,0.168168198499078,-0.941741911594838));
#4846=DIRECTION('',(-0.955347671508917,0.,-0.295484054633226));
#4847=DIRECTION('',(-0.5,0.866025403784439,0.));
#4848=DIRECTION('',(-0.866025403784439,-0.5,0.));
#4849=DIRECTION('',(0.5,-0.866025403784439,0.));
#4850=DIRECTION('',(0.866025403784439,0.5,0.));
#4851=DIRECTION('',(0.,0.,1.));
#4852=DIRECTION('',(1.,0.,0.));
#4853=DIRECTION('',(1.,0.,0.));
#4854=DIRECTION('',(0.,0.,-1.));
#4855=DIRECTION('',(-1.,1.63508468541687E-16,0.));
#4856=DIRECTION('',(-1.63508468541687E-16,-1.,0.));
#4857=DIRECTION('',(-0.5,0.866025403784439,0.));
#4858=DIRECTION('',(0.,0.,1.));
#4859=DIRECTION('',(0.866025403784439,0.5,0.));
#4860=DIRECTION('',(0.,0.,-1.));
#4861=DIRECTION('',(0.866025403784439,0.5,0.));
#4862=DIRECTION('',(-0.5,0.866025403784439,0.));
#4863=DIRECTION('',(0.,0.,1.));
#4864=DIRECTION('',(0.866025403784439,0.5,0.));
#4865=DIRECTION('',(0.,0.,-1.));
#4866=DIRECTION('',(0.866025403784439,0.5,0.));
#4867=DIRECTION('',(0.,0.,1.));
#4868=DIRECTION('',(0.866025403784439,0.5,0.));
#4869=DIRECTION('',(-0.5,0.866025403784439,0.));
#4870=DIRECTION('',(0.,0.,1.));
#4871=DIRECTION('',(0.866025403784439,0.5,0.));
#4872=DIRECTION('',(-0.5,0.866025403784439,0.));
#4873=DIRECTION('',(-0.866025403784439,-0.5,0.));
#4874=DIRECTION('',(0.,0.,1.));
#4875=DIRECTION('',(0.5,0.866025403784438,0.));
#4876=DIRECTION('',(0.,0.,1.));
#4877=DIRECTION('',(0.866025403784438,-0.5,0.));
#4878=DIRECTION('',(0.,0.,-1.));
#4879=DIRECTION('',(0.866025403784438,-0.5,0.));
#4880=DIRECTION('',(0.5,0.866025403784438,0.));
#4881=DIRECTION('',(0.,0.,1.));
#4882=DIRECTION('',(0.866025403784438,-0.5,0.));
#4883=DIRECTION('',(0.,0.,-1.));
#4884=DIRECTION('',(0.866025403784438,-0.5,0.));
#4885=DIRECTION('',(0.,0.,1.));
#4886=DIRECTION('',(0.866025403784438,-0.5,0.));
#4887=DIRECTION('',(0.5,0.866025403784438,0.));
#4888=DIRECTION('',(0.,0.,1.));
#4889=DIRECTION('',(0.866025403784438,-0.5,0.));
#4890=DIRECTION('',(0.5,0.866025403784438,0.));
#4891=DIRECTION('',(-0.866025403784438,0.5,0.));
#4892=DIRECTION('',(0.,0.,1.));
#4893=DIRECTION('',(0.,0.,1.));
#4894=DIRECTION('',(1.,0.,0.));
#4895=DIRECTION('',(0.,0.,1.));
#4896=DIRECTION('',(1.,0.,0.));
#4897=DIRECTION('',(-1.,0.,0.));
#4898=DIRECTION('',(0.,0.,1.));
#4899=DIRECTION('',(0.,-0.336336396998156,-0.941741911594837));
#4900=DIRECTION('',(0.,0.941741911594837,-0.336336396998156));
#4901=DIRECTION('',(-0.5,-0.866025403784439,0.));
#4902=DIRECTION('',(0.866025403784439,-0.5,0.));
#4903=DIRECTION('',(0.,0.,1.));
#4904=DIRECTION('',(1.,0.,0.));
#4905=DIRECTION('',(-0.291275864017731,0.168168198499078,-0.941741911594837));
#4906=DIRECTION('',(-0.955347671508916,0.,0.295484054633226));
#4907=DIRECTION('',(-0.5,0.866025403784439,0.));
#4908=DIRECTION('',(-0.866025403784439,-0.5,0.));
#4909=DIRECTION('',(0.5,0.866025403784438,0.));
#4910=DIRECTION('',(-0.866025403784438,0.5,0.));
#4911=DIRECTION('',(0.,0.,1.));
#4912=DIRECTION('',(1.,0.,0.));
#4913=DIRECTION('',(-1.,4.75444383311761E-16,0.));
#4914=DIRECTION('',(-4.75444383311761E-16,-1.,0.));
#4915=DIRECTION('',(0.,0.336336396998156,0.941741911594839));
#4916=DIRECTION('',(0.,-0.941741911594838,0.336336396998156));
#4917=DIRECTION('',(-0.5,0.866025403784439,0.));
#4918=DIRECTION('',(-0.866025403784439,-0.5,0.));
#4919=DIRECTION('',(0.,0.,1.));
#4920=DIRECTION('',(1.,0.,0.));
#4921=DIRECTION('',(-0.291275864017731,-0.168168198499078,0.941741911594839));
#4922=DIRECTION('',(0.955347671508917,0.,0.295484054633226));
#4923=DIRECTION('',(-0.5,-0.866025403784438,0.));
#4924=DIRECTION('',(0.866025403784438,-0.5,0.));
#4925=DIRECTION('',(0.5,-0.866025403784439,0.));
#4926=DIRECTION('',(0.866025403784439,0.5,0.));
#4927=DIRECTION('',(0.,0.,1.));
#4928=DIRECTION('',(1.,0.,0.));
#4929=DIRECTION('',(0.5,-0.866025403784439,0.));
#4930=DIRECTION('',(0.866025403784439,0.5,0.));
#4931=DIRECTION('',(0.291275864017731,0.168168198499078,-0.941741911594838));
#4932=DIRECTION('',(-0.955347671508917,0.,-0.295484054633226));
#4933=DIRECTION('',(1.,0.,0.));
#4934=DIRECTION('',(0.,0.,-1.));
#4935=DIRECTION('',(0.,0.,1.));
#4936=DIRECTION('',(1.,0.,0.));
#4937=DIRECTION('',(0.291275864017731,-0.168168198499078,0.941741911594839));
#4938=DIRECTION('',(0.955347671508917,0.,-0.295484054633226));
#4939=DIRECTION('',(1.,-4.75444383311761E-16,0.));
#4940=DIRECTION('',(4.75444383311761E-16,1.,0.));
#4941=DIRECTION('',(0.5,0.866025403784438,0.));
#4942=DIRECTION('',(-0.866025403784438,0.5,0.));
#4943=DIRECTION('',(0.5,-0.866025403784439,0.));
#4944=DIRECTION('',(0.866025403784439,0.5,0.));
#4945=DIRECTION('',(-0.291275864017731,0.168168198499078,-0.941741911594837));
#4946=DIRECTION('',(-0.955347671508916,0.,0.295484054633226));
#4947=DIRECTION('',(1.,-6.24987872589562E-16,0.));
#4948=DIRECTION('',(6.24987872589562E-16,1.,0.));
#4949=DIRECTION('',(0.291275864017731,0.168168198499078,-0.941741911594838));
#4950=DIRECTION('',(-0.955347671508917,0.,-0.295484054633226));
#4951=DIRECTION('',(-0.5,-0.866025403784438,0.));
#4952=DIRECTION('',(0.866025403784439,-0.5,0.));
#4953=DIRECTION('',(-1.,1.73607742385989E-16,0.));
#4954=DIRECTION('',(-1.73607742385989E-16,-1.,0.));
#4955=DIRECTION('',(-4.04541961309174E-17,-0.336336396998156,-0.941741911594837));
#4956=DIRECTION('',(0.,0.941741911594837,-0.336336396998156));
#4957=DIRECTION('',(-0.5,0.866025403784439,0.));
#4958=DIRECTION('',(-0.866025403784439,-0.5,0.));
#4959=DIRECTION('',(0.5,0.866025403784439,0.));
#4960=DIRECTION('',(-0.866025403784439,0.5,0.));
#4961=CARTESIAN_POINT('',(0.,0.,0.));
#4962=CARTESIAN_POINT('',(-5.29874053821081E-18,-0.028845,0.080766));
#4963=CARTESIAN_POINT('',(0.00281205465338069,-0.0239743784666842,0.080766));
#4964=CARTESIAN_POINT('',(0.00431088481971042,-0.0248397284666842,0.080766));
#4965=CARTESIAN_POINT('',(-5.29874053821081E-18,-0.028845,0.08388532842099));
#4966=CARTESIAN_POINT('',(0.00263064139018524,-0.0246052542455179,0.08388532842099));
#4967=CARTESIAN_POINT('',(0.00263064139018524,-0.0330847457544821,0.08388532842099));
#4968=CARTESIAN_POINT('',(-6.07756919832456E-18,-0.0330847457544821,0.080766));
#4969=CARTESIAN_POINT('',(-0.00263064139018526,-0.0330847457544821,0.08388532842099));
#4970=CARTESIAN_POINT('',(-5.29874053821081E-18,-0.028845,0.08388532842099));
#4971=CARTESIAN_POINT('',(-0.00263064139018525,-0.0246052542455179,0.08388532842099));
#4972=CARTESIAN_POINT('',(-4.51991187809706E-18,-0.0246052542455179,0.080766));
#4973=CARTESIAN_POINT('',(-0.00134413538937427,-0.0280689630711174,0.0764201931982578));
#4974=CARTESIAN_POINT('',(0.00173282804614676,-0.0262033084894693,0.0758016570515246));
#4975=CARTESIAN_POINT('',(0.00173282804614675,-0.0296052321766621,0.0751941706788116));
#4976=CARTESIAN_POINT('',(0.00163816729765708,-0.02789920366972,0.0754695405504322));
#4977=CARTESIAN_POINT('',(-0.00281205465338069,-0.0239743784666842,0.080766));
#4978=CARTESIAN_POINT('',(-0.00131322448705096,-0.0231090284666841,0.080766));
#4979=CARTESIAN_POINT('',(-6.93889390390723E-18,-0.028845,0.080766));
#4980=CARTESIAN_POINT('',(-0.0262838082203355,-0.013532188293909,0.00587857533413998));
#4981=CARTESIAN_POINT('',(-0.0261708329201444,-0.0135593025980259,0.00618709936309708));
#4982=CARTESIAN_POINT('',(-0.0259209478807896,-0.0135675766556508,0.00679015515969849));
#4983=CARTESIAN_POINT('',(-0.0255494610324183,-0.0134941266043073,0.0075082773049898));
#4984=CARTESIAN_POINT('',(-0.0251901579072584,-0.0133792068320726,0.00805313448867731));
#4985=CARTESIAN_POINT('',(-0.0248855436925262,-0.0132609419907574,0.00841974757693621));
#4986=CARTESIAN_POINT('',(-0.0245217127229574,-0.0130973798216096,0.00872664148610968));
#4987=CARTESIAN_POINT('',(-0.0240688537978338,-0.0128593014607354,0.00884018741595165));
#4988=CARTESIAN_POINT('',(-0.0236903707737435,-0.0126182239842852,0.00856236962437518));
#4989=CARTESIAN_POINT('',(-0.023409751384243,-0.0123950547662362,0.00800089611498691));
#4990=CARTESIAN_POINT('',(-0.0232563766375453,-0.0122011611096049,0.0072114066349157));
#4991=CARTESIAN_POINT('',(-0.0232350870298668,-0.0120177220707999,0.00623935423291924));
#4992=CARTESIAN_POINT('',(-0.0233104141182447,-0.0119079078639059,0.0055975382865426));
#4993=CARTESIAN_POINT('',(-0.0233744430215739,-0.0118524655132316,0.00527867434104174));
#4994=CARTESIAN_POINT('',(-0.0262838082203355,-0.013532188293909,0.00587857533413998));
#4995=CARTESIAN_POINT('',(-0.0233744430215739,-0.0118524655132331,0.00527867434104146));
#4996=CARTESIAN_POINT('',(-0.0235221552321981,-0.0152644773447703,0.00471507313071332));
#4997=CARTESIAN_POINT('',(-0.0266989316188651,-0.0144730987752992,0.00583895110847462));
#4998=CARTESIAN_POINT('',(-0.0281912954207946,-0.012568748,-0.0103810112));
#4999=CARTESIAN_POINT('',(-0.0264599511153618,-0.0148447443423446,0.00675625762674532));
#5000=CARTESIAN_POINT('',(-0.0228415375568336,-0.0156574321428571,0.00691562));
#5001=CARTESIAN_POINT('',(-0.0240838325572969,-0.01889466096223,0.00694005367971804));
#5002=CARTESIAN_POINT('',(-0.0281912954207946,-0.012568748,-0.0103810112));
#5003=CARTESIAN_POINT('',(-0.0243064522674712,-0.0186169945679729,0.00435898832537687));
#5004=CARTESIAN_POINT('',(-0.0235221552321981,-0.0152644773447703,0.00471507313071332));
#5005=CARTESIAN_POINT('',(0.00142268527884809,-0.0295285397739632,0.07488742466586));
#5006=CARTESIAN_POINT('',(0.00134271595258142,-0.0294442574460561,0.0745789006369029));
#5007=CARTESIAN_POINT('',(0.00121060788880852,-0.0292319876827616,0.0739758448403015));
#5008=CARTESIAN_POINT('',(0.00108847407499561,-0.0288735456092284,0.0732577226950101));
#5009=CARTESIAN_POINT('',(0.00100834595456802,-0.0285049200890635,0.0727128655113226));
#5010=CARTESIAN_POINT('',(0.000958459204155385,-0.0281819840200938,0.0723462524230637));
#5011=CARTESIAN_POINT('',(0.000918192712951117,-0.0277851160731898,0.0720393585138902));
#5012=CARTESIAN_POINT('',(0.000897945158997701,-0.0272738895592651,0.0719258125840484));
#5013=CARTESIAN_POINT('',(0.000917482865838674,-0.0268255749072768,0.0722036303756249));
#5014=CARTESIAN_POINT('',(0.000970443383261543,-0.0264709667781504,0.0727651038850132));
#5015=CARTESIAN_POINT('',(0.00106167284218812,-0.0262411935228956,0.0735545933650844));
#5016=CARTESIAN_POINT('',(0.00120989090599971,-0.0261310366624069,0.0745266457670809));
#5017=CARTESIAN_POINT('',(0.00134265634305535,-0.0261413647310883,0.0751684617134574));
#5018=CARTESIAN_POINT('',(0.00142268527884936,-0.0261690942126106,0.0754873256589582));
#5019=CARTESIAN_POINT('',(0.00142268527884809,-0.0295285397739632,0.07488742466586));
#5020=CARTESIAN_POINT('',(0.00142268527884809,-0.0261690942126114,0.0754873256589586));
#5021=CARTESIAN_POINT('',(-0.00145834753996399,-0.0280030226552298,0.0760509268692867));
#5022=CARTESIAN_POINT('',(-0.0249805027721622,-0.0144225,0.));
#5023=CARTESIAN_POINT('',(-0.0193563934654007,-0.0144225,1.05974810764216E-19));
#5024=CARTESIAN_POINT('',(-0.0193563934654007,-0.0161532,1.05974810764216E-19));
#5025=CARTESIAN_POINT('',(-0.0236363673827878,-0.0151985369288825,0.00434580680174219));
#5026=CARTESIAN_POINT('',(-0.0269872987751615,-0.0143637739588409,0.00553129722929761));
#5027=CARTESIAN_POINT('',(-0.0265052971729992,-0.0133019429799778,0.00557182932118839));
#5028=CARTESIAN_POINT('',(-0.0249805027721622,-0.0125309073394401,0.00529645944956777));
#5029=CARTESIAN_POINT('',(-0.0235591448381543,-0.0116009811363814,0.00496434294847539));
#5030=CARTESIAN_POINT('',(-0.0236363673827878,-0.0151985369288825,0.00434580680174219));
#5031=CARTESIAN_POINT('',(-0.0244636605997334,-0.018734843498603,0.00397020096509688));
#5032=CARTESIAN_POINT('',(-0.026460170652658,-0.0152767866491155,0.));
#5033=CARTESIAN_POINT('',(-0.0238794558455819,-0.0197467158148165,0.00225085530568414));
#5034=CARTESIAN_POINT('',(-0.0223997879650861,-0.018892429165701,0.));
#5035=CARTESIAN_POINT('',(-0.0238794558455819,-0.0197467158148165,-0.00225085530568414));
#5036=CARTESIAN_POINT('',(-0.026460170652658,-0.0152767866491155,0.));
#5037=CARTESIAN_POINT('',(-0.0244994995292587,-0.0186727686517762,-0.00404101228065998));
#5038=CARTESIAN_POINT('',(-0.0249805027721622,-0.0144225,-0.00404101228065998));
#5039=CARTESIAN_POINT('',(-0.0284208417760573,-0.0118808046464548,-0.00404101228065998));
#5040=CARTESIAN_POINT('',(-0.026460170652658,-0.0152767866491155,0.));
#5041=CARTESIAN_POINT('',(-0.029040885459734,-0.0108068574834145,-0.00225085530568413));
#5042=CARTESIAN_POINT('',(-0.0275612175792381,-0.00995257083429902,0.));
#5043=CARTESIAN_POINT('',(-0.029040885459734,-0.0108068574834145,0.00225085530568413));
#5044=CARTESIAN_POINT('',(-0.026460170652658,-0.0152767866491155,0.));
#5045=CARTESIAN_POINT('',(-0.0221684481187815,-0.00955187846668416,0.));
#5046=CARTESIAN_POINT('',(-0.0206696179524517,-0.0104172284666842,0.));
#5047=CARTESIAN_POINT('',(-0.0235221552321981,-0.0152644773447703,0.0047150731307133));
#5048=CARTESIAN_POINT('',(-0.0265052971729993,-0.0133019429799779,0.00557182932118823));
#5049=CARTESIAN_POINT('',(-0.0264324379139797,-0.0134297295999332,0.00561746739974368));
#5050=CARTESIAN_POINT('',(-0.0263373845533387,-0.0135193298639534,0.00573226382984461));
#5051=CARTESIAN_POINT('',(-0.0262838082203239,-0.0135321882939311,0.00587857533413189));
#5052=CARTESIAN_POINT('',(-0.0271578176746037,-0.0143587839648943,0.00600129553237266));
#5053=CARTESIAN_POINT('',(-0.0235221552321981,-0.0152644773447703,0.0047150731307133));
#5054=CARTESIAN_POINT('',(-0.0233744430215739,-0.0118524655132332,0.00527867434104146));
#5055=CARTESIAN_POINT('',(-0.0234042076393389,-0.0118266924593463,0.0051304465413538));
#5056=CARTESIAN_POINT('',(-0.0234701154887001,-0.0117216657683722,0.00500744460275782));
#5057=CARTESIAN_POINT('',(-0.0235591448381543,-0.0116009811363814,0.00496434294847539));
#5058=CARTESIAN_POINT('',(-0.024419744148686,-0.0191012664266432,0.00430755179603378));
#5059=CARTESIAN_POINT('',(-0.00145834753996399,-0.0280030226552298,0.0760509268692867));
#5060=CARTESIAN_POINT('',(0.00173282804614674,-0.0296052321766621,0.0751941706788116));
#5061=CARTESIAN_POINT('',(0.00158432389917125,-0.0296060351307247,0.0751480957356404));
#5062=CARTESIAN_POINT('',(0.00146058223266329,-0.0295684806317552,0.0750336322359636));
#5063=CARTESIAN_POINT('',(0.00142268527884808,-0.0295285397739633,0.07488742466586));
#5064=CARTESIAN_POINT('',(0.00142268527884811,-0.0261690942126115,0.0754873256589586));
#5065=CARTESIAN_POINT('',(0.00146058638701047,-0.0261822266886095,0.075638337249549));
#5066=CARTESIAN_POINT('',(0.00158405007725392,-0.0261865775405788,0.0757586284707606));
#5067=CARTESIAN_POINT('',(0.00173282804614676,-0.0262033084894693,0.0758016570515246));
#5068=CARTESIAN_POINT('',(-5.29874053821081E-18,-0.028845,0.09695038));
#5069=CARTESIAN_POINT('',(-4.54558275673519E-18,-0.024745,0.09695038));
#5070=CARTESIAN_POINT('',(0.00133790881602595,-0.024745,0.09695038));
#5071=CARTESIAN_POINT('',(0.0051,-0.024745,0.09695038));
#5072=CARTESIAN_POINT('',(-5.29874053821081E-18,-0.028845,0.09695038));
#5073=CARTESIAN_POINT('',(0.00133790881602594,-0.032945,0.09695038));
#5074=CARTESIAN_POINT('',(-6.05189831968643E-18,-0.032945,0.09695038));
#5075=CARTESIAN_POINT('',(0.0051,-0.032945,0.09695038));
#5076=CARTESIAN_POINT('',(0.0051,-0.028845,0.09695038));
#5077=CARTESIAN_POINT('',(-5.29874053821081E-18,-0.028845,0.08465038));
#5078=CARTESIAN_POINT('',(-4.54558275673519E-18,-0.024745,0.08465038));
#5079=CARTESIAN_POINT('',(-0.0051,-0.024745,0.08465038));
#5080=CARTESIAN_POINT('',(-0.00353500777934082,-0.024745,0.08465038));
#5081=CARTESIAN_POINT('',(-5.29874053821081E-18,-0.028845,0.08465038));
#5082=CARTESIAN_POINT('',(-0.0051,-0.0270294339725584,0.08465038));
#5083=CARTESIAN_POINT('',(-0.0051,-0.028845,0.08465038));
#5084=CARTESIAN_POINT('',(-5.29874053821081E-18,-0.028845,0.08465038));
#5085=CARTESIAN_POINT('',(-6.05189831968643E-18,-0.032945,0.08465038));
#5086=CARTESIAN_POINT('',(0.0035350077793408,-0.032945,0.08465038));
#5087=CARTESIAN_POINT('',(0.0051,-0.032945,0.08465038));
#5088=CARTESIAN_POINT('',(-5.29874053821081E-18,-0.028845,0.08465038));
#5089=CARTESIAN_POINT('',(0.0051,-0.0306605660274416,0.08465038));
#5090=CARTESIAN_POINT('',(0.0051,-0.028845,0.08465038));
#5091=CARTESIAN_POINT('',(-0.0270189117983705,-0.015599376,0.00641562));
#5092=CARTESIAN_POINT('',(-0.0295689117983706,-0.0111826464406994,0.00641562));
#5093=CARTESIAN_POINT('',(-0.0295689117983706,-0.0111826464406994,-0.00336361583818604));
#5094=CARTESIAN_POINT('',(-0.0295689117983706,-0.0111826464406994,-0.00388438));
#5095=CARTESIAN_POINT('',(-0.0270189117983705,-0.015599376,0.));
#5096=CARTESIAN_POINT('',(-0.0293766386444289,-0.0115156733122579,-0.00388438));
#5097=CARTESIAN_POINT('',(-0.0270189117983705,-0.015599376,-0.00388438));
#5098=CARTESIAN_POINT('',(-0.0270189117983705,-0.015599376,0.00641562));
#5099=CARTESIAN_POINT('',(-0.0270189117983705,-0.015599376,-0.00388438));
#5100=CARTESIAN_POINT('',(-0.0246611849523122,-0.0196830786877421,-0.00388438));
#5101=CARTESIAN_POINT('',(-0.0244689117983705,-0.0200161055593007,-0.00388438));
#5102=CARTESIAN_POINT('',(-0.0270189117983705,-0.015599376,0.));
#5103=CARTESIAN_POINT('',(-0.0244689117983705,-0.0200161055593007,-0.00336361583818604));
#5104=CARTESIAN_POINT('',(-0.0244689117983705,-0.0200161055593007,0.00641562));
#5105=CARTESIAN_POINT('',(-0.0270189117983705,-0.015599376,0.00641562));
#5106=CARTESIAN_POINT('',(-0.0270189117983705,-0.015599376,0.));
#5107=CARTESIAN_POINT('',(-0.0244689117983705,-0.0200161055593007,0.00336361583818605));
#5108=CARTESIAN_POINT('',(-0.0248527568505781,-0.0193512664266432,0.00430755179603378));
#5109=CARTESIAN_POINT('',(-0.0286243081226867,-0.012818748,-0.0103810112));
#5110=CARTESIAN_POINT('',(-0.0247267267208274,-0.0195695570146561,0.00641562));
#5111=CARTESIAN_POINT('',(-0.0270189117983705,-0.015599376,0.00641562));
#5112=CARTESIAN_POINT('',(-0.0244689117983705,-0.0200161055593007,0.00641562));
#5113=CARTESIAN_POINT('',(-0.0244689117983705,-0.0200161055593007,0.00641562));
#5114=CARTESIAN_POINT('',(-0.0270189117983705,-0.015599376,0.00641562));
#5115=CARTESIAN_POINT('',(-0.0270189117983705,-0.015599376,0.00641562));
#5116=CARTESIAN_POINT('',(-0.0295689117983706,-0.0111826464406994,0.00641562));
#5117=CARTESIAN_POINT('',(-0.0274873201687792,-0.0147880689037617,0.00641562));
#5118=CARTESIAN_POINT('',(-0.0286243081226867,-0.012818748,-0.0103810112));
#5119=CARTESIAN_POINT('',(-0.0275908303764959,-0.0146087839648943,0.00600129553237267));
#5120=CARTESIAN_POINT('',(-0.0270189117983705,-0.015599376,0.));
#5121=CARTESIAN_POINT('',(-0.0295689117983706,-0.0111826464406994,0.00336361583818605));
#5122=CARTESIAN_POINT('',(-0.0295689117983706,-0.0111826464406994,0.00641562));
#5123=CARTESIAN_POINT('',(-0.0370432548969839,-0.0154979604406994,0.00641562));
#5124=CARTESIAN_POINT('',(-0.0295689117983706,-0.0111826464406994,0.00336361583818605));
#5125=CARTESIAN_POINT('',(-0.0295689117983706,-0.0111826464406994,0.00317612847285886));
#5126=CARTESIAN_POINT('',(-0.0295136219001906,-0.0111507248031017,0.00281772059341538));
#5127=CARTESIAN_POINT('',(-0.0293721395043009,-0.0110690399037492,0.00244573663942068));
#5128=CARTESIAN_POINT('',(-0.0292246059687553,-0.0109838613772874,0.00236086011094627));
#5129=CARTESIAN_POINT('',(-0.0292246059687553,-0.0109838613772874,0.00236086011094627));
#5130=CARTESIAN_POINT('',(-0.0275305027721622,-0.0100057704406994,0.));
#5131=CARTESIAN_POINT('',(-0.0292246059687553,-0.0109838613772874,-0.00236086011094627));
#5132=CARTESIAN_POINT('',(-0.0292246059687553,-0.0109838613772874,-0.00236086011094627));
#5133=CARTESIAN_POINT('',(-0.0293721123547304,-0.0110690242289374,-0.00244572102018343));
#5134=CARTESIAN_POINT('',(-0.0295134456435499,-0.0111506230412827,-0.00281697033474388));
#5135=CARTESIAN_POINT('',(-0.0295689117983706,-0.0111826464406994,-0.00317633267203987));
#5136=CARTESIAN_POINT('',(-0.0295689117983706,-0.0111826464406994,-0.00336361583818604));
#5137=CARTESIAN_POINT('',(-0.0370432548969839,-0.0154979604406994,-0.00388438));
#5138=CARTESIAN_POINT('',(-0.0405939590525001,-0.0175479604406993,-0.00388438));
#5139=CARTESIAN_POINT('',(-0.0405939590525001,-0.0175479604406993,0.00641562));
#5140=CARTESIAN_POINT('',(-0.0405939590525001,-0.0175479604406993,0.00841562));
#5141=CARTESIAN_POINT('',(-0.0370432548969839,-0.0154979604406994,0.00841562));
#5142=CARTESIAN_POINT('',(-0.0334925507414676,-0.0134479604406994,0.00841562));
#5143=CARTESIAN_POINT('',(-0.0334925507414676,-0.0134479604406994,0.00841562));
#5144=CARTESIAN_POINT('',(-0.0334925507414676,-0.0134479604406994,0.00691562));
#5145=CARTESIAN_POINT('',(-0.0330595380395754,-0.0131979604406994,0.00691562));
#5146=CARTESIAN_POINT('',(-0.0330595380395754,-0.0131979604406994,0.00641562));
#5147=CARTESIAN_POINT('',(-0.0317472376208652,-0.0124403034406994,0.00641562));
#5148=CARTESIAN_POINT('',(-0.0380439590525001,-0.02196469,0.00641562));
#5149=CARTESIAN_POINT('',(-0.0395939590525001,-0.0192800112482682,0.00641562));
#5150=CARTESIAN_POINT('',(-0.0395939590525001,-0.0192800112482682,0.00641562));
#5151=CARTESIAN_POINT('',(-0.0395939590525001,-0.0192800112482682,-0.00038438));
#5152=CARTESIAN_POINT('',(-0.0380439590525001,-0.02196469,0.00641562));
#5153=CARTESIAN_POINT('',(-0.0364939590525001,-0.0246493687517318,0.00641562));
#5154=CARTESIAN_POINT('',(-0.0364939590525001,-0.0246493687517318,0.00641562));
#5155=CARTESIAN_POINT('',(-0.0364939590525001,-0.0246493687517318,-0.00038438));
#5156=CARTESIAN_POINT('',(-0.0380439590525001,-0.02196469,-0.00038438));
#5157=CARTESIAN_POINT('',(-0.0380439590525001,-0.02196469,-0.00388438));
#5158=CARTESIAN_POINT('',(-0.0354939590525001,-0.0263814195593007,-0.00388438));
#5159=CARTESIAN_POINT('',(-0.0354939590525001,-0.0263814195593007,0.00641562));
#5160=CARTESIAN_POINT('',(-0.0354939590525001,-0.0263814195593007,0.00841562));
#5161=CARTESIAN_POINT('',(-0.0380439590525001,-0.02196469,0.00841562));
#5162=CARTESIAN_POINT('',(-0.0319432548969839,-0.0243314195593007,0.00641562));
#5163=CARTESIAN_POINT('',(-0.0244689117983705,-0.0200161055593007,-0.00336361583818605));
#5164=CARTESIAN_POINT('',(-0.0244689117983706,-0.0200161055593007,-0.00317612847285887));
#5165=CARTESIAN_POINT('',(-0.0244136219001906,-0.019984183921703,-0.00281772059341539));
#5166=CARTESIAN_POINT('',(-0.024272139504301,-0.0199024990223505,-0.00244573663942071));
#5167=CARTESIAN_POINT('',(-0.0241246059687553,-0.0198173204958887,-0.00236086011094628));
#5168=CARTESIAN_POINT('',(-0.0241246059687553,-0.0198173204958887,-0.00236086011094628));
#5169=CARTESIAN_POINT('',(-0.0224305027721622,-0.0188392295593006,0.));
#5170=CARTESIAN_POINT('',(-0.0241246059687553,-0.0198173204958887,0.00236086011094628));
#5171=CARTESIAN_POINT('',(-0.0241246059687553,-0.0198173204958887,0.00236086011094628));
#5172=CARTESIAN_POINT('',(-0.0242721123547305,-0.0199024833475387,0.00244572102018346));
#5173=CARTESIAN_POINT('',(-0.0244134456435498,-0.019984082159884,0.00281697033474391));
#5174=CARTESIAN_POINT('',(-0.0244689117983706,-0.0200161055593007,0.00317633267203988));
#5175=CARTESIAN_POINT('',(-0.0244689117983706,-0.0200161055593007,0.00336361583818604));
#5176=CARTESIAN_POINT('',(-0.0266472376208652,-0.0212737625593006,0.00641562));
#5177=CARTESIAN_POINT('',(-0.0279595380395754,-0.0220314195593007,0.00641562));
#5178=CARTESIAN_POINT('',(-0.0279595380395754,-0.0220314195593007,0.00691562));
#5179=CARTESIAN_POINT('',(-0.0283925507414677,-0.0222814195593007,0.00691562));
#5180=CARTESIAN_POINT('',(-0.0283925507414677,-0.0222814195593007,0.00841562));
#5181=CARTESIAN_POINT('',(-0.0283925507414677,-0.0222814195593007,0.00841562));
#5182=CARTESIAN_POINT('',(-0.0319432548969839,-0.0243314195593007,0.00841562));
#5183=CARTESIAN_POINT('',(-0.0319432548969839,-0.0243314195593007,-0.00388438));
#5184=CARTESIAN_POINT('',(-0.0344932548969838,-0.01991469,-0.00388438));
#5185=CARTESIAN_POINT('',(-0.0293766386444289,-0.0115156733122579,-0.00388438000000006));
#5186=CARTESIAN_POINT('',(-0.0292672645158358,-0.0117051148600147,-0.00388438000000006));
#5187=CARTESIAN_POINT('',(-0.0290872150724583,-0.0118592061661803,-0.00388438));
#5188=CARTESIAN_POINT('',(-0.0288695579090809,-0.0118901552087037,-0.00388438));
#5189=CARTESIAN_POINT('',(-0.0288695579090809,-0.0118901552087037,-0.00388438));
#5190=CARTESIAN_POINT('',(-0.0249805027721622,-0.0144225,-0.00388438));
#5191=CARTESIAN_POINT('',(-0.0247319554202177,-0.0190566929409382,-0.00388438));
#5192=CARTESIAN_POINT('',(-0.0247319554202177,-0.0190566929409382,-0.00388438));
#5193=CARTESIAN_POINT('',(-0.0248139137578056,-0.0192604960285115,-0.00388438));
#5194=CARTESIAN_POINT('',(-0.0247704482887852,-0.0194938290375664,-0.00388438));
#5195=CARTESIAN_POINT('',(-0.0246611849523122,-0.0196830786877421,-0.00388438));
#5196=CARTESIAN_POINT('',(-0.0309425507414677,-0.01786469,0.00841562));
#5197=CARTESIAN_POINT('',(-0.0334925507414676,-0.0134479604406994,0.00691562));
#5198=CARTESIAN_POINT('',(-0.0309425507414677,-0.01786469,0.00841562));
#5199=CARTESIAN_POINT('',(-0.0344932548969838,-0.01991469,0.00841562));
#5200=CARTESIAN_POINT('',(-0.0291972376208652,-0.016857033,0.00641562));
#5201=CARTESIAN_POINT('',(-0.0279595380395754,-0.0220314195593007,0.00641562));
#5202=CARTESIAN_POINT('',(-0.0247267267208274,-0.0195695570146561,0.00641562));
#5203=CARTESIAN_POINT('',(-0.0248041897418772,-0.01943538712649,0.00641562));
#5204=CARTESIAN_POINT('',(-0.0248154056872654,-0.0192686824204239,0.00641562));
#5205=CARTESIAN_POINT('',(-0.0247560799747177,-0.0191255542579424,0.00641562));
#5206=CARTESIAN_POINT('',(-0.0247560799747177,-0.0191255542579424,0.00641562));
#5207=CARTESIAN_POINT('',(-0.0228415375568336,-0.0156574321428571,0.00641562));
#5208=CARTESIAN_POINT('',(-0.0269708545552152,-0.0150832454436212,0.00641562));
#5209=CARTESIAN_POINT('',(-0.0269708545552152,-0.0150832454436212,0.00641562));
#5210=CARTESIAN_POINT('',(-0.0271809375161855,-0.0150973707636061,0.00641562));
#5211=CARTESIAN_POINT('',(-0.0273822787794766,-0.0149700059269318,0.00641562));
#5212=CARTESIAN_POINT('',(-0.0274873201687794,-0.0147880689037618,0.00641562));
#5213=CARTESIAN_POINT('',(-5.29874053821081E-18,-0.028845,0.08465038));
#5214=CARTESIAN_POINT('',(-0.0051,-0.028845,0.08465038));
#5215=CARTESIAN_POINT('',(-0.0051,-0.0306605660274416,0.08465038));
#5216=CARTESIAN_POINT('',(-0.0051,-0.032945,0.08465038));
#5217=CARTESIAN_POINT('',(-5.29874053821081E-18,-0.028845,0.08465038));
#5218=CARTESIAN_POINT('',(-0.00353500777934081,-0.032945,0.08465038));
#5219=CARTESIAN_POINT('',(-6.05189831968643E-18,-0.032945,0.08465038));
#5220=CARTESIAN_POINT('',(-4.54558275673519E-18,-0.024745,0.09695038));
#5221=CARTESIAN_POINT('',(-4.54558275673519E-18,-0.024745,0.09585038));
#5222=CARTESIAN_POINT('',(0.0035350077793408,-0.024745,0.08465038));
#5223=CARTESIAN_POINT('',(0.0033762770241899,-0.024745,0.08465038));
#5224=CARTESIAN_POINT('',(0.0030698668625322,-0.024745,0.084590760788695));
#5225=CARTESIAN_POINT('',(0.00278425389685608,-0.024745,0.0844031411792101));
#5226=CARTESIAN_POINT('',(0.00272732596663355,-0.024745,0.0842534060641294));
#5227=CARTESIAN_POINT('',(0.0035350077793408,-0.024745,0.08465038));
#5228=CARTESIAN_POINT('',(0.00272732596663355,-0.024745,0.0842534060641294));
#5229=CARTESIAN_POINT('',(-4.54558275673519E-18,-0.024745,0.080766));
#5230=CARTESIAN_POINT('',(-0.00272732596663356,-0.024745,0.0842534060641294));
#5231=CARTESIAN_POINT('',(-0.00272732596663356,-0.024745,0.0842534060641294));
#5232=CARTESIAN_POINT('',(-0.00278444064639412,-0.024745,0.0844036323785819));
#5233=CARTESIAN_POINT('',(-0.00306826289068682,-0.024745,0.0845899103827981));
#5234=CARTESIAN_POINT('',(-0.00337644735503619,-0.024745,0.08465038));
#5235=CARTESIAN_POINT('',(-0.00353500777934076,-0.024745,0.08465038));
#5236=CARTESIAN_POINT('',(-0.0051,-0.024745,0.09695038));
#5237=CARTESIAN_POINT('',(-0.0051,-0.024745,0.09695038));
#5238=CARTESIAN_POINT('',(-4.54558275673519E-18,-0.024745,0.09695038));
#5239=CARTESIAN_POINT('',(-0.00133790881602595,-0.024745,0.09695038));
#5240=CARTESIAN_POINT('',(-0.00133790881602595,-0.024745,0.09695038));
#5241=CARTESIAN_POINT('',(-0.000890830329043016,-0.024745,0.09695038));
#5242=CARTESIAN_POINT('',(1.4453063912979E-6,-0.024745,0.0970454419005474));
#5243=CARTESIAN_POINT('',(0.000891877346263272,-0.024745,0.09695038));
#5244=CARTESIAN_POINT('',(0.00133790881602595,-0.024745,0.09695038));
#5245=CARTESIAN_POINT('',(0.0051,-0.024745,0.09695038));
#5246=CARTESIAN_POINT('',(0.0051,-0.024745,0.08465038));
#5247=CARTESIAN_POINT('',(-4.54558275673519E-18,-0.024745,0.08465038));
#5248=CARTESIAN_POINT('',(-0.0051,-0.028845,0.09695038));
#5249=CARTESIAN_POINT('',(-0.0051,-0.0270294339725584,0.08465038));
#5250=CARTESIAN_POINT('',(-0.0051,-0.0276387858951586,0.08465038));
#5251=CARTESIAN_POINT('',(-0.0051,-0.0288488249562542,0.0844293560966041));
#5252=CARTESIAN_POINT('',(-0.0051,-0.0300541850712844,0.08465038));
#5253=CARTESIAN_POINT('',(-0.0051,-0.0306605660274416,0.08465038));
#5254=CARTESIAN_POINT('',(-0.0051,-0.032945,0.09695038));
#5255=CARTESIAN_POINT('',(-0.0051,-0.032945,0.09695038));
#5256=CARTESIAN_POINT('',(-0.0051,-0.028845,0.09695038));
#5257=CARTESIAN_POINT('',(-6.05189831968643E-18,-0.032945,0.09695038));
#5258=CARTESIAN_POINT('',(-0.0031,-0.032945,0.09695038));
#5259=CARTESIAN_POINT('',(-0.0031,-0.032945,0.09495038));
#5260=CARTESIAN_POINT('',(-0.0031,-0.032945,0.08815038));
#5261=CARTESIAN_POINT('',(-6.05189831968643E-18,-0.032945,0.09495038));
#5262=CARTESIAN_POINT('',(0.0031,-0.032945,0.09495038));
#5263=CARTESIAN_POINT('',(0.0031,-0.032945,0.09695038));
#5264=CARTESIAN_POINT('',(0.0031,-0.032945,0.08815038));
#5265=CARTESIAN_POINT('',(-6.05189831968643E-18,-0.032945,0.08815038));
#5266=CARTESIAN_POINT('',(-0.00353500777934081,-0.032945,0.08465038));
#5267=CARTESIAN_POINT('',(-0.00337627702418991,-0.032945,0.08465038));
#5268=CARTESIAN_POINT('',(-0.0030698668625322,-0.032945,0.084590760788695));
#5269=CARTESIAN_POINT('',(-0.00278425389685609,-0.032945,0.0844031411792101));
#5270=CARTESIAN_POINT('',(-0.00272732596663356,-0.032945,0.0842534060641294));
#5271=CARTESIAN_POINT('',(-0.00272732596663356,-0.032945,0.0842534060641294));
#5272=CARTESIAN_POINT('',(-6.05189831968643E-18,-0.032945,0.080766));
#5273=CARTESIAN_POINT('',(0.00272732596663355,-0.032945,0.0842534060641294));
#5274=CARTESIAN_POINT('',(0.00272732596663355,-0.032945,0.0842534060641294));
#5275=CARTESIAN_POINT('',(0.00278444064639411,-0.032945,0.0844036323785819));
#5276=CARTESIAN_POINT('',(0.0030682628906868,-0.032945,0.0845899103827981));
#5277=CARTESIAN_POINT('',(0.00337644735503618,-0.032945,0.08465038));
#5278=CARTESIAN_POINT('',(0.00353500777934075,-0.032945,0.08465038));
#5279=CARTESIAN_POINT('',(0.0051,-0.032945,0.09695038));
#5280=CARTESIAN_POINT('',(0.00133790881602594,-0.032945,0.09695038));
#5281=CARTESIAN_POINT('',(0.000890830329043006,-0.032945,0.09695038));
#5282=CARTESIAN_POINT('',(-1.44530639130792E-6,-0.032945,0.0970454419005474));
#5283=CARTESIAN_POINT('',(-0.000891877346263282,-0.032945,0.09695038));
#5284=CARTESIAN_POINT('',(-0.00133790881602596,-0.032945,0.09695038));
#5285=CARTESIAN_POINT('',(-0.00133790881602596,-0.032945,0.09695038));
#5286=CARTESIAN_POINT('',(-6.05189831968643E-18,-0.032945,0.09695038));
#5287=CARTESIAN_POINT('',(-6.05189831968643E-18,-0.032945,0.09585038));
#5288=CARTESIAN_POINT('',(0.0051,-0.028845,0.09695038));
#5289=CARTESIAN_POINT('',(0.0051,-0.028845,0.08465038));
#5290=CARTESIAN_POINT('',(0.0051,-0.0270294339725584,0.08465038));
#5291=CARTESIAN_POINT('',(0.0051,-0.0306605660274416,0.08465038));
#5292=CARTESIAN_POINT('',(0.0051,-0.0300512141048414,0.08465038));
#5293=CARTESIAN_POINT('',(0.0051,-0.0288411750437458,0.0844293560966041));
#5294=CARTESIAN_POINT('',(0.0051,-0.0276358149287156,0.08465038));
#5295=CARTESIAN_POINT('',(0.0051,-0.0270294339725584,0.08465038));
#5296=CARTESIAN_POINT('',(-5.29874053821081E-18,-0.028845,0.09695038));
#5297=CARTESIAN_POINT('',(-5.29874053821081E-18,-0.028845,0.09695038));
#5298=CARTESIAN_POINT('',(-5.29874053821081E-18,-0.028845,0.08465038));
#5299=CARTESIAN_POINT('',(-5.29874053821081E-18,-0.028845,0.08465038));
#5300=CARTESIAN_POINT('',(-5.29874053821081E-18,-0.028845,0.09585038));
#5301=CARTESIAN_POINT('',(-5.29874053821081E-18,-0.028845,0.0972764669565217));
#5302=CARTESIAN_POINT('',(-0.0038439921946381,-0.028845,0.0972764669565217));
#5303=CARTESIAN_POINT('',(-0.0265858990964783,-0.015349376,0.));
#5304=CARTESIAN_POINT('',(-0.0292246059687553,-0.0109838613772874,-0.00236086011094627));
#5305=CARTESIAN_POINT('',(-0.0291516117317645,-0.0109417181349115,-0.00231886628621008));
#5306=CARTESIAN_POINT('',(-0.0290890210717194,-0.0108799839617966,-0.00228148819380934));
#5307=CARTESIAN_POINT('',(-0.029040885459734,-0.0108068574834145,-0.00225085530568413));
#5308=CARTESIAN_POINT('',(-0.0288695579090809,-0.0118901552087037,-0.00388438));
#5309=CARTESIAN_POINT('',(-0.028707988384667,-0.011913129054379,-0.00388438000000001));
#5310=CARTESIAN_POINT('',(-0.0285489604607063,-0.0119053979336208,-0.00394740626366809));
#5311=CARTESIAN_POINT('',(-0.0284208417760572,-0.0118808046464548,-0.00404101228065998));
#5312=CARTESIAN_POINT('',(-0.0277805027721622,-0.00957275773880715,0.));
#5313=CARTESIAN_POINT('',(-0.0292246059687553,-0.0109838613772874,0.00236086011094627));
#5314=CARTESIAN_POINT('',(-0.0291516117317645,-0.0109417181349115,0.00231886628621009));
#5315=CARTESIAN_POINT('',(-0.0290890210717199,-0.0108799839617966,0.00228148819380846));
#5316=CARTESIAN_POINT('',(-0.029040885459734,-0.0108068574834145,0.00225085530568413));
#5317=CARTESIAN_POINT('',(-0.0249805027721622,-0.0144225,-0.00438438));
#5318=CARTESIAN_POINT('',(-0.0247319554202177,-0.0190566929409382,-0.00388438));
#5319=CARTESIAN_POINT('',(-0.0246710665919882,-0.0189052827054808,-0.00388438));
#5320=CARTESIAN_POINT('',(-0.0245848572830327,-0.0187714260437983,-0.00394740626366872));
#5321=CARTESIAN_POINT('',(-0.0244994995292587,-0.0186727686517762,-0.00404101228065998));
#5322=CARTESIAN_POINT('',(-0.0265858990964783,-0.015349376,0.));
#5323=CARTESIAN_POINT('',(-0.0271578176746037,-0.0143587839648943,0.00600129553237267));
#5324=CARTESIAN_POINT('',(-0.0265858990964783,-0.015349376,0.));
#5325=CARTESIAN_POINT('',(-0.0241246059687553,-0.0198173204958887,-0.00236086011094628));
#5326=CARTESIAN_POINT('',(-0.0240516117317645,-0.0197751772535128,-0.00231886628621008));
#5327=CARTESIAN_POINT('',(-0.0239668530395425,-0.0197518392384311,-0.00228148819381011));
#5328=CARTESIAN_POINT('',(-0.0238794558455819,-0.0197467158148164,-0.00225085530568414));
#5329=CARTESIAN_POINT('',(-0.0271578176746037,-0.0143587839648943,0.00600129553237267));
#5330=CARTESIAN_POINT('',(-0.0271578176746037,-0.0143587839648943,0.00600129553237268));
#5331=CARTESIAN_POINT('',(-0.0221805027721622,-0.0192722422611929,0.));
#5332=CARTESIAN_POINT('',(-0.0241246059687553,-0.0198173204958887,0.00236086011094628));
#5333=CARTESIAN_POINT('',(-0.0240516117317645,-0.0197751772535128,0.00231886628621008));
#5334=CARTESIAN_POINT('',(-0.023966853039543,-0.0197518392384319,0.00228148819380865));
#5335=CARTESIAN_POINT('',(-0.0238794558455819,-0.0197467158148165,0.00225085530568414));
#5336=CARTESIAN_POINT('',(-0.0266989316188652,-0.0144730987752992,0.00583895110847462));
#5337=CARTESIAN_POINT('',(-0.0270768371260673,-0.0154990463893841,0.00549317661678246));
#5338=CARTESIAN_POINT('',(-0.0275908303764959,-0.0146087839648943,0.00600129553237266));
#5339=CARTESIAN_POINT('',(-0.0266178091054697,-0.0145989939813096,0.00615690275455055));
#5340=CARTESIAN_POINT('',(-0.0269839980778544,-0.0156598483378069,0.00579674512205967));
#5341=CARTESIAN_POINT('',(-0.0275124730857596,-0.0147445027735931,0.00631834823263674));
#5342=CARTESIAN_POINT('',(-0.0265376267181616,-0.0147236895214597,0.00646463664635552));
#5343=CARTESIAN_POINT('',(-0.0268931804426661,-0.015817149096184,0.00608088334121207));
#5344=CARTESIAN_POINT('',(-0.0274347668476533,-0.0148790939260583,0.00662508091085398));
#5345=CARTESIAN_POINT('',(-0.0264585358542653,-0.0148469499503868,0.00676157173249281));
#5346=CARTESIAN_POINT('',(-0.0268046283161865,-0.0159705258783655,0.00634561681219527));
#5347=CARTESIAN_POINT('',(-0.0273578583841328,-0.0150123032924077,0.00692091440608227));
#5348=CARTESIAN_POINT('',(-0.0269708545552152,-0.0150832454436212,0.00641562));
#5349=CARTESIAN_POINT('',(-0.0267369538149816,-0.0150675186907936,0.00641561999999999));
#5350=CARTESIAN_POINT('',(-0.0265432087223885,-0.0149591122283981,0.00657353338352106));
#5351=CARTESIAN_POINT('',(-0.0264599511153618,-0.0148447443423446,0.0067562576267453));
#5352=CARTESIAN_POINT('',(-0.0265858990964783,-0.015349376,0.));
#5353=CARTESIAN_POINT('',(-0.024419744148686,-0.0191012664266432,0.00430755179603378));
#5354=CARTESIAN_POINT('',(-0.0264547574793494,-0.0148160747623776,0.00675581478754925));
#5355=CARTESIAN_POINT('',(-0.0265674688602248,-0.0147945490659343,0.00641562));
#5356=CARTESIAN_POINT('',(-0.0269201212523053,-0.014727199271415,0.00641562));
#5357=CARTESIAN_POINT('',(-0.0266042984592877,-0.0156211934899711,0.00676810704968718));
#5358=CARTESIAN_POINT('',(-0.0267181289602791,-0.0156363231105258,0.00641562000000037));
#5359=CARTESIAN_POINT('',(-0.0270956145826645,-0.0156461054564999,0.00641562));
#5360=CARTESIAN_POINT('',(-0.0262798321411045,-0.0173724673377448,0.00682017617926936));
#5361=CARTESIAN_POINT('',(-0.0263084810980698,-0.0175064996544956,0.00641561999999913));
#5362=CARTESIAN_POINT('',(-0.0267427100719892,-0.0176397100356389,0.00641562));
#5363=CARTESIAN_POINT('',(-0.0248676486071387,-0.0185811834576343,0.00690243931480674));
#5364=CARTESIAN_POINT('',(-0.0248354483767186,-0.0186094548966231,0.00641562000000147));
#5365=CARTESIAN_POINT('',(-0.0251556551991452,-0.0190062136708259,0.00641562));
#5366=CARTESIAN_POINT('',(-0.0240549655134671,-0.0189063409378203,0.00694144201132046));
#5367=CARTESIAN_POINT('',(-0.0240449226580024,-0.0188810716332942,0.00641562));
#5368=CARTESIAN_POINT('',(-0.0242393857333226,-0.0193703693919476,0.00641562));
#5369=CARTESIAN_POINT('',(-0.0247560799747177,-0.0191255542579424,0.00641562));
#5370=CARTESIAN_POINT('',(-0.024692794045408,-0.0189728717466997,0.00641561999999999));
#5371=CARTESIAN_POINT('',(-0.024419729250379,-0.0187989372763452,0.00659118614590335));
#5372=CARTESIAN_POINT('',(-0.024188403287366,-0.0188460956799671,0.00682554362581286));
#5373=CARTESIAN_POINT('',(-0.0240838325572969,-0.01889466096223,0.00694005367971804));
#5374=CARTESIAN_POINT('',(-0.024419744148686,-0.0191012664266432,0.00430755179603378));
#5375=CARTESIAN_POINT('',(-0.024419744148686,-0.0191012664266432,0.00430755179603376));
#5376=CARTESIAN_POINT('',(-0.0240828291580337,-0.0188958133741564,0.00695418356290523));
#5377=CARTESIAN_POINT('',(-0.0254300679687986,-0.018351334238111,0.00704493697047887));
#5378=CARTESIAN_POINT('',(-0.0247043758870845,-0.0196082697942901,0.00692991465109465));
#5379=CARTESIAN_POINT('',(-0.0241387954637961,-0.0188315797052448,0.00616495495159256));
#5380=CARTESIAN_POINT('',(-0.0253997645487788,-0.0184038213012088,0.0063278882387706));
#5381=CARTESIAN_POINT('',(-0.0247360140259952,-0.01955347093024,0.00613147667801262));
#5382=CARTESIAN_POINT('',(-0.0242136791083872,-0.0187382129309369,0.00529591383015258));
#5383=CARTESIAN_POINT('',(-0.0253949276415675,-0.0184121990702598,0.0054682312803149));
#5384=CARTESIAN_POINT('',(-0.0247857016784185,-0.019467409391734,0.00525333806114787));
#5385=CARTESIAN_POINT('',(-0.0243064522674712,-0.0186169945679729,0.00435898832537688));
#5386=CARTESIAN_POINT('',(-0.0254204326404342,-0.0183680231163857,0.00446854207142477));
#5387=CARTESIAN_POINT('',(-0.0248527568505781,-0.0193512664266432,0.00430755179603379));
#5388=CARTESIAN_POINT('',(-5.29874053821081E-18,-0.028845,0.08415038));
#5389=CARTESIAN_POINT('',(-0.00272732596663356,-0.024745,0.0842534060641294));
#5390=CARTESIAN_POINT('',(-0.00267780980542793,-0.024745,0.0841231658100485));
#5391=CARTESIAN_POINT('',(-0.0026446007183451,-0.0246916638038634,0.0839910026326207));
#5392=CARTESIAN_POINT('',(-0.00263064139018525,-0.0246052542455179,0.08388532842099));
#5393=CARTESIAN_POINT('',(-0.00272732596663356,-0.032945,0.0842534060641294));
#5394=CARTESIAN_POINT('',(-0.00267780980542794,-0.032945,0.0841231658100485));
#5395=CARTESIAN_POINT('',(-0.00264460071834321,-0.0329983361961372,0.0839910026326215));
#5396=CARTESIAN_POINT('',(-0.00263064139018526,-0.0330847457544821,0.08388532842099));
#5397=CARTESIAN_POINT('',(-4.45373424679913E-18,-0.024245,0.080766));
#5398=CARTESIAN_POINT('',(0.00272732596663355,-0.024745,0.0842534060641294));
#5399=CARTESIAN_POINT('',(0.00267780980542793,-0.024745,0.0841231658100485));
#5400=CARTESIAN_POINT('',(0.00264460071834617,-0.0246916638038637,0.0839910026326203));
#5401=CARTESIAN_POINT('',(0.00263064139018525,-0.0246052542455179,0.08388532842099));
#5402=CARTESIAN_POINT('',(-6.14374682962248E-18,-0.033445,0.080766));
#5403=CARTESIAN_POINT('',(0.00272732596663355,-0.032945,0.0842534060641294));
#5404=CARTESIAN_POINT('',(0.00267780980542792,-0.032945,0.0841231658100485));
#5405=CARTESIAN_POINT('',(0.00264460071834509,-0.0329983361961366,0.0839910026326207));
#5406=CARTESIAN_POINT('',(0.00263064139018524,-0.0330847457544821,0.08388532842099));
#5407=CARTESIAN_POINT('',(-5.29874053821081E-18,-0.028845,0.08415038));
#5408=CARTESIAN_POINT('',(-0.0305095380395754,-0.01761469,0.00691562));
#5409=CARTESIAN_POINT('',(-5.29874053821081E-18,-0.028845,0.09745038));
#5410=CARTESIAN_POINT('',(0.00820487990730811,-0.0241079103768471,0.0542382981103438));
#5411=CARTESIAN_POINT('',(0.00106275959298831,-0.0282314154629043,0.0773299265922643));
#5412=CARTESIAN_POINT('',(0.00271617980806879,-0.0282314154629043,0.077841320845618));
#5413=CARTESIAN_POINT('',(-0.0108961227721621,-0.00997236175310693,0.080766));
#5414=CARTESIAN_POINT('',(-0.00182431798215114,-0.0256851885657527,0.080766));
#5415=CARTESIAN_POINT('',(-0.000325487815821411,-0.0248198385657527,0.080766));
#5416=CARTESIAN_POINT('',(0.01408438,-0.00445013824689307,0.080766));
#5417=CARTESIAN_POINT('',(0.00182431798215113,-0.0256851885657527,0.080766));
#5418=CARTESIAN_POINT('',(0.00332314814848086,-0.0265505385657527,0.080766));
#5419=CARTESIAN_POINT('',(-5.29874053821081E-18,-0.028845,0.080766));
#5420=CARTESIAN_POINT('',(-0.0249805027721622,-0.000317385624161878,0.0394943202523468));
#5421=CARTESIAN_POINT('',(-0.0249805027721622,-0.0131953309258087,0.0034360734077357));
#5422=CARTESIAN_POINT('',(-0.0249805027721622,-0.0115654581994115,0.00285397600545099));
#5423=CARTESIAN_POINT('',(-0.02096876,-0.00747395769171799,0.));
#5424=CARTESIAN_POINT('',(-0.023156184790011,-0.0112626885657527,0.));
#5425=CARTESIAN_POINT('',(-0.0216573546236813,-0.0121280385657527,0.));
#5426=CARTESIAN_POINT('',(-0.0249805027721622,-0.0144225,0.));
#5427=CARTESIAN_POINT('',(-0.0213318668078599,-0.0144225,1.05974810764216E-19));
#5428=CARTESIAN_POINT('',(-0.0213318668078599,-0.0144225,0.0017307));
#5429=CARTESIAN_POINT('',(0.0169570172278379,-0.0144225,1.05974810764216E-19));
#5430=CARTESIAN_POINT('',(-0.0031,-0.034895,0.09495038));
#5431=CARTESIAN_POINT('',(-0.0031,-0.034895,0.08815038));
#5432=CARTESIAN_POINT('',(-0.0031,-0.026745,0.08815038));
#5433=CARTESIAN_POINT('',(-0.0031,-0.026745,0.09495038));
#5434=CARTESIAN_POINT('',(-0.0031,-0.026745,0.09495038));
#5435=CARTESIAN_POINT('',(-0.0031,-0.034895,0.09495038));
#5436=CARTESIAN_POINT('',(0.0031,-0.034895,0.09495038));
#5437=CARTESIAN_POINT('',(0.0031,-0.034895,0.09495038));
#5438=CARTESIAN_POINT('',(0.0031,-0.026745,0.09495038));
#5439=CARTESIAN_POINT('',(0.0031,-0.026745,0.09495038));
#5440=CARTESIAN_POINT('',(0.0031,-0.026745,0.08815038));
#5441=CARTESIAN_POINT('',(0.0031,-0.034895,0.08815038));
#5442=CARTESIAN_POINT('',(-6.41010750843703E-18,-0.034895,0.09495038));
#5443=CARTESIAN_POINT('',(-4.91297679647939E-18,-0.026745,0.09495038));
#5444=CARTESIAN_POINT('',(-6.41010750843703E-18,-0.034895,0.08815038));
#5445=CARTESIAN_POINT('',(-4.91297679647939E-18,-0.026745,0.08815038));
#5446=CARTESIAN_POINT('',(-4.91297679647939E-18,-0.026745,0.09495038));
#5447=CARTESIAN_POINT('',(-0.0412827085898797,-0.0202550112482682,0.00641562));
#5448=CARTESIAN_POINT('',(-0.0412827085898797,-0.0202550112482682,-0.00038438));
#5449=CARTESIAN_POINT('',(-0.0342246015490366,-0.0161800112482683,-0.00038438));
#5450=CARTESIAN_POINT('',(-0.0342246015490366,-0.0161800112482683,0.00641562));
#5451=CARTESIAN_POINT('',(-0.0342246015490366,-0.0161800112482683,0.00641562));
#5452=CARTESIAN_POINT('',(-0.0412827085898797,-0.0202550112482682,0.00641562));
#5453=CARTESIAN_POINT('',(-0.0381827085898797,-0.0256243687517318,0.00641562));
#5454=CARTESIAN_POINT('',(-0.0381827085898797,-0.0256243687517318,0.00641562));
#5455=CARTESIAN_POINT('',(-0.0311246015490366,-0.0215493687517318,0.00641562));
#5456=CARTESIAN_POINT('',(-0.0311246015490366,-0.0215493687517318,0.00641562));
#5457=CARTESIAN_POINT('',(-0.0311246015490366,-0.0215493687517318,-0.00038438));
#5458=CARTESIAN_POINT('',(-0.0381827085898797,-0.0256243687517318,-0.00038438));
#5459=CARTESIAN_POINT('',(-0.0397327085898797,-0.02293969,0.00641562));
#5460=CARTESIAN_POINT('',(-0.0326746015490365,-0.01886469,0.00641562));
#5461=CARTESIAN_POINT('',(-0.0397327085898797,-0.02293969,-0.00038438));
#5462=CARTESIAN_POINT('',(-0.0326746015490365,-0.01886469,-0.00038438));
#5463=CARTESIAN_POINT('',(-0.0326746015490365,-0.01886469,0.00641562));
#5464=CARTESIAN_POINT('',(0.,0.,0.));
#5465=CARTESIAN_POINT('',(-0.0249805027721622,0.0144225,0.080766));
#5466=CARTESIAN_POINT('',(-0.0193563934654007,0.0144225,0.080766));
#5467=CARTESIAN_POINT('',(-0.0193563934654007,0.0126918,0.080766));
#5468=CARTESIAN_POINT('',(-0.0249805027721622,0.0144225,0.08388532842099));
#5469=CARTESIAN_POINT('',(-0.0226240959382861,0.0100244248506117,0.08388532842099));
#5470=CARTESIAN_POINT('',(-0.0299675509962234,0.0142641706050938,0.08388532842099));
#5471=CARTESIAN_POINT('',(-0.0286522303011308,0.0165423728772411,0.080766));
#5472=CARTESIAN_POINT('',(-0.0273369096060381,0.0188205751493883,0.08388532842099));
#5473=CARTESIAN_POINT('',(-0.0249805027721622,0.0144225,0.08388532842099));
#5474=CARTESIAN_POINT('',(-0.0199934545481009,0.0145808293949062,0.08388532842099));
#5475=CARTESIAN_POINT('',(-0.0213087752431935,0.012302627122759,0.080766));
#5476=CARTESIAN_POINT('',(-0.0221684481187815,0.00955187846668417,0.080766));
#5477=CARTESIAN_POINT('',(-0.0236672782851112,0.00868652846668417,0.080766));
#5478=CARTESIAN_POINT('',(-0.0236363673827878,0.0151985369288825,0.0764201931982578));
#5479=CARTESIAN_POINT('',(-0.0235591448381543,0.0116009811363814,0.0758016570515246));
#5480=CARTESIAN_POINT('',(-0.0265052971729992,0.0133019429799778,0.0751941706788116));
#5481=CARTESIAN_POINT('',(-0.0249805027721622,0.0125309073394401,0.0754695405504322));
#5482=CARTESIAN_POINT('',(-0.0249805027721622,0.0144225,0.080766));
#5483=CARTESIAN_POINT('',(0.00142268527884811,0.0295285397739633,0.00587857533413997));
#5484=CARTESIAN_POINT('',(0.00134271595258143,0.0294442574460561,0.00618709936309707));
#5485=CARTESIAN_POINT('',(0.00121060788880847,0.0292319876827616,0.00679015515969846));
#5486=CARTESIAN_POINT('',(0.00108847407499558,0.0288735456092284,0.00750827730498979));
#5487=CARTESIAN_POINT('',(0.00100834595456801,0.0285049200890635,0.0080531344886773));
#5488=CARTESIAN_POINT('',(0.000958459204155372,0.028181984020094,0.0084197475769362));
#5489=CARTESIAN_POINT('',(0.000918192712951109,0.02778511607319,0.00872664148610966));
#5490=CARTESIAN_POINT('',(0.000897945158997685,0.0272738895592653,0.0088401874159516));
#5491=CARTESIAN_POINT('',(0.000917482865838652,0.0268255749072769,0.0085623696243752));
#5492=CARTESIAN_POINT('',(0.000970443383261516,0.0264709667781505,0.00800089611498691));
#5493=CARTESIAN_POINT('',(0.0010616728421881,0.0262411935228956,0.00721140663491571));
#5494=CARTESIAN_POINT('',(0.00120989090599969,0.0261310366624069,0.00623935423291925));
#5495=CARTESIAN_POINT('',(0.00134265634305535,0.0261413647310883,0.00559753828654259));
#5496=CARTESIAN_POINT('',(0.00142268527884937,0.0261690942126106,0.00527867434104173));
#5497=CARTESIAN_POINT('',(0.00142268527884811,0.0295285397739633,0.00587857533413997));
#5498=CARTESIAN_POINT('',(0.0014226852788481,0.0261690942126114,0.00527867434104146));
#5499=CARTESIAN_POINT('',(-0.00145834753996398,0.0280030226552298,0.00471507313071332));
#5500=CARTESIAN_POINT('',(0.000815394598542055,0.0303585024234904,0.00583895110847461));
#5501=CARTESIAN_POINT('',(0.00321079264863243,0.030698752,-0.0103810112));
#5502=CARTESIAN_POINT('',(0.000374049844525195,0.03033736201997,0.00675625762674532));
#5503=CARTESIAN_POINT('',(-0.00213896521532848,0.0276100678571428,0.00691562));
#5504=CARTESIAN_POINT('',(-0.00432134011053686,0.0303045412962249,0.00694005367971804));
#5505=CARTESIAN_POINT('',(0.00321079264863243,0.030698752,-0.0103810112));
#5506=CARTESIAN_POINT('',(-0.00396956410424579,0.0303585024234904,0.00435898832537686));
#5507=CARTESIAN_POINT('',(-0.00145834753996398,0.0280030226552298,0.00471507313071332));
#5508=CARTESIAN_POINT('',(-0.0262838082203355,0.013532188293909,0.07488742466586));
#5509=CARTESIAN_POINT('',(-0.0261708329201444,0.0135593025980259,0.0745789006369029));
#5510=CARTESIAN_POINT('',(-0.0259209478807897,0.0135675766556508,0.0739758448403015));
#5511=CARTESIAN_POINT('',(-0.0255494610324183,0.0134941266043072,0.0732577226950102));
#5512=CARTESIAN_POINT('',(-0.0251901579072584,0.0133792068320726,0.0727128655113226));
#5513=CARTESIAN_POINT('',(-0.0248855436925262,0.0132609419907574,0.0723462524230638));
#5514=CARTESIAN_POINT('',(-0.0245217127229574,0.0130973798216095,0.0720393585138903));
#5515=CARTESIAN_POINT('',(-0.0240688537978338,0.0128593014607354,0.0719258125840483));
#5516=CARTESIAN_POINT('',(-0.0236903707737435,0.0126182239842852,0.0722036303756248));
#5517=CARTESIAN_POINT('',(-0.023409751384243,0.0123950547662362,0.0727651038850131));
#5518=CARTESIAN_POINT('',(-0.0232563766375453,0.0122011611096049,0.0735545933650843));
#5519=CARTESIAN_POINT('',(-0.0232350870298668,0.0120177220707999,0.0745266457670809));
#5520=CARTESIAN_POINT('',(-0.0233104141182447,0.0119079078639059,0.0751684617134573));
#5521=CARTESIAN_POINT('',(-0.0233744430215739,0.0118524655132316,0.0754873256589582));
#5522=CARTESIAN_POINT('',(-0.0262838082203355,0.013532188293909,0.07488742466586));
#5523=CARTESIAN_POINT('',(-0.0233744430215739,0.0118524655132331,0.0754873256589586));
#5524=CARTESIAN_POINT('',(-0.0235221552321981,0.0152644773447703,0.0760509268692867));
#5525=CARTESIAN_POINT('',(1.76624684607027E-18,0.028845,0.));
#5526=CARTESIAN_POINT('',(-0.00134413538937426,0.0280689630711174,0.00434580680174219));
#5527=CARTESIAN_POINT('',(0.00105425624500719,0.030553573298231,0.00553129722929761));
#5528=CARTESIAN_POINT('',(0.00173282804614676,0.0296052321766621,0.00557182932118839));
#5529=CARTESIAN_POINT('',(0.00163816729765709,0.02789920366972,0.00529645944956777));
#5530=CARTESIAN_POINT('',(0.00173282804614677,0.0262033084894693,0.00496434294847539));
#5531=CARTESIAN_POINT('',(-0.00134413538937426,0.0280689630711174,0.00434580680174219));
#5532=CARTESIAN_POINT('',(-0.00399302010584919,0.030553573298231,0.00397020096509688));
#5533=CARTESIAN_POINT('',(1.87086678710963E-18,0.030553573298231,0.));
#5534=CARTESIAN_POINT('',(-0.00516142961415204,0.030553573298231,0.00225085530568413));
#5535=CARTESIAN_POINT('',(-0.00516142961415203,0.028845,0.));
#5536=CARTESIAN_POINT('',(-0.00516142961415204,0.030553573298231,-0.00225085530568413));
#5537=CARTESIAN_POINT('',(1.87086678710963E-18,0.030553573298231,0.));
#5538=CARTESIAN_POINT('',(-0.00392134224679857,0.030553573298231,-0.00404101228065998));
#5539=CARTESIAN_POINT('',(1.76624684607027E-18,0.028845,-0.00404101228065998));
#5540=CARTESIAN_POINT('',(0.00392134224679857,0.030553573298231,-0.00404101228065998));
#5541=CARTESIAN_POINT('',(1.87086678710963E-18,0.030553573298231,0.));
#5542=CARTESIAN_POINT('',(0.00516142961415204,0.030553573298231,-0.00225085530568414));
#5543=CARTESIAN_POINT('',(0.00516142961415204,0.028845,0.));
#5544=CARTESIAN_POINT('',(0.00516142961415204,0.030553573298231,0.00225085530568413));
#5545=CARTESIAN_POINT('',(1.87086678710963E-18,0.030553573298231,0.));
#5546=CARTESIAN_POINT('',(0.0028120546533807,0.0239743784666842,0.));
#5547=CARTESIAN_POINT('',(0.00131322448705097,0.0231090284666841,0.));
#5548=CARTESIAN_POINT('',(-0.00281205465338068,0.0239743784666842,0.));
#5549=CARTESIAN_POINT('',(-0.00431088481971041,0.0248397284666842,0.));
#5550=CARTESIAN_POINT('',(-0.00145834753996398,0.0280030226552298,0.0047150731307133));
#5551=CARTESIAN_POINT('',(0.00173282804614676,0.0296052321766622,0.00557182932118838));
#5552=CARTESIAN_POINT('',(0.00158432389917127,0.0296060351307247,0.00561790426435959));
#5553=CARTESIAN_POINT('',(0.0014605822326633,0.0295684806317553,0.0057323677640364));
#5554=CARTESIAN_POINT('',(0.00142268527884808,0.0295285397739633,0.00587857533413996));
#5555=CARTESIAN_POINT('',(0.00114383715625079,0.030698752,0.00600129553237265));
#5556=CARTESIAN_POINT('',(-0.00145834753996398,0.0280030226552298,0.0047150731307133));
#5557=CARTESIAN_POINT('',(0.00142268527884812,0.0261690942126115,0.00527867434104147));
#5558=CARTESIAN_POINT('',(0.00146058638701047,0.0261822266886095,0.00512766275045104));
#5559=CARTESIAN_POINT('',(0.00158405007725391,0.0261865775405788,0.00500737152923949));
#5560=CARTESIAN_POINT('',(0.00173282804614677,0.0262033084894694,0.00496434294847541));
#5561=CARTESIAN_POINT('',(-0.00433230989558483,0.030698752,0.00430755179603378));
#5562=CARTESIAN_POINT('',(-0.0235221552321981,0.0152644773447703,0.0760509268692867));
#5563=CARTESIAN_POINT('',(-0.0265052971729993,0.0133019429799779,0.0751941706788118));
#5564=CARTESIAN_POINT('',(-0.0264324379139797,0.0134297295999332,0.0751485326002563));
#5565=CARTESIAN_POINT('',(-0.0263373845533387,0.0135193298639534,0.0750337361701554));
#5566=CARTESIAN_POINT('',(-0.0262838082203239,0.0135321882939311,0.0748874246658681));
#5567=CARTESIAN_POINT('',(-0.0233744430215739,0.0118524655132331,0.0754873256589586));
#5568=CARTESIAN_POINT('',(-0.0234042076393389,0.0118266924593463,0.0756355534586462));
#5569=CARTESIAN_POINT('',(-0.0234701154887,0.0117216657683724,0.0757585553972421));
#5570=CARTESIAN_POINT('',(-0.0235591448381543,0.0116009811363815,0.0758016570515246));
#5571=CARTESIAN_POINT('',(-0.0249805027721622,0.0144225,0.09695038));
#5572=CARTESIAN_POINT('',(-0.0285312069276784,0.0164725,0.09695038));
#5573=CARTESIAN_POINT('',(-0.0259812069276784,0.0208892295593006,0.09695038));
#5574=CARTESIAN_POINT('',(-0.0278622525196653,0.0176311630226256,0.09695038));
#5575=CARTESIAN_POINT('',(-0.0249805027721622,0.0144225,0.09695038));
#5576=CARTESIAN_POINT('',(-0.0207608442086329,0.0135311630226256,0.09695038));
#5577=CARTESIAN_POINT('',(-0.0214297986166459,0.0123725,0.09695038));
#5578=CARTESIAN_POINT('',(-0.018879798616646,0.0167892295593007,0.09695038));
#5579=CARTESIAN_POINT('',(-0.0224305027721622,0.0188392295593006,0.09695038));
#5580=CARTESIAN_POINT('',(-0.0249805027721622,0.0144225,0.08465038));
#5581=CARTESIAN_POINT('',(-0.0214297986166459,0.0123725,0.08465038));
#5582=CARTESIAN_POINT('',(-0.018879798616646,0.0167892295593007,0.08465038));
#5583=CARTESIAN_POINT('',(-0.0196622947269755,0.0154339065394847,0.08465038));
#5584=CARTESIAN_POINT('',(-0.0249805027721622,0.0144225,0.08465038));
#5585=CARTESIAN_POINT('',(-0.0208581764701497,0.0179314465455798,0.08465038));
#5586=CARTESIAN_POINT('',(-0.0224305027721622,0.0188392295593006,0.08465038));
#5587=CARTESIAN_POINT('',(-0.0249805027721622,0.0144225,0.08465038));
#5588=CARTESIAN_POINT('',(-0.0285312069276784,0.0164725,0.08465038));
#5589=CARTESIAN_POINT('',(-0.0302987108173488,0.0134110934605153,0.08465038));
#5590=CARTESIAN_POINT('',(-0.0310812069276784,0.0120557704406994,0.08465038));
#5591=CARTESIAN_POINT('',(-0.0249805027721622,0.0144225,0.08465038));
#5592=CARTESIAN_POINT('',(-0.0291028290741745,0.0109135534544202,0.08465038));
#5593=CARTESIAN_POINT('',(-0.0275305027721622,0.0100057704406994,0.08465038));
#5594=CARTESIAN_POINT('',(1.9103725887096E-18,0.031198752,0.00641562));
#5595=CARTESIAN_POINT('',(0.0051,0.031198752,0.00641562));
#5596=CARTESIAN_POINT('',(0.0051,0.031198752,-0.00336361583818604));
#5597=CARTESIAN_POINT('',(0.0051,0.031198752,-0.00388438));
#5598=CARTESIAN_POINT('',(1.9103725887096E-18,0.031198752,0.));
#5599=CARTESIAN_POINT('',(0.00471545369211655,0.031198752,-0.00388438));
#5600=CARTESIAN_POINT('',(1.9103725887096E-18,0.031198752,-0.00388438));
#5601=CARTESIAN_POINT('',(1.9103725887096E-18,0.031198752,0.00641562));
#5602=CARTESIAN_POINT('',(1.9103725887096E-18,0.031198752,-0.00388438));
#5603=CARTESIAN_POINT('',(-0.00471545369211659,0.031198752,-0.00388438));
#5604=CARTESIAN_POINT('',(-0.0051,0.031198752,-0.00388438));
#5605=CARTESIAN_POINT('',(1.9103725887096E-18,0.031198752,0.));
#5606=CARTESIAN_POINT('',(-0.0051,0.031198752,-0.00336361583818604));
#5607=CARTESIAN_POINT('',(-0.0051,0.031198752,0.00641562));
#5608=CARTESIAN_POINT('',(1.9103725887096E-18,0.031198752,0.00641562));
#5609=CARTESIAN_POINT('',(1.9103725887096E-18,0.031198752,0.));
#5610=CARTESIAN_POINT('',(-0.0051,0.031198752,0.00336361583818605));
#5611=CARTESIAN_POINT('',(-0.00433230989558481,0.031198752,0.00430755179603378));
#5612=CARTESIAN_POINT('',(0.00321079264863243,0.031198752,-0.0103810112));
#5613=CARTESIAN_POINT('',(-0.00458437015508646,0.031198752,0.00641562));
#5614=CARTESIAN_POINT('',(1.9103725887096E-18,0.031198752,0.00641562));
#5615=CARTESIAN_POINT('',(-0.0051,0.031198752,0.00641562));
#5616=CARTESIAN_POINT('',(-0.0051,0.031198752,0.00641562));
#5617=CARTESIAN_POINT('',(1.9103725887096E-18,0.031198752,0.00641562));
#5618=CARTESIAN_POINT('',(1.9103725887096E-18,0.031198752,0.00641562));
#5619=CARTESIAN_POINT('',(0.0051,0.031198752,0.00641562));
#5620=CARTESIAN_POINT('',(0.000936816740817254,0.031198752,0.00641562));
#5621=CARTESIAN_POINT('',(0.00321079264863243,0.031198752,-0.0103810112));
#5622=CARTESIAN_POINT('',(0.00114383715625077,0.031198752,0.00600129553237267));
#5623=CARTESIAN_POINT('',(1.9103725887096E-18,0.031198752,0.));
#5624=CARTESIAN_POINT('',(0.0051,0.031198752,0.00336361583818605));
#5625=CARTESIAN_POINT('',(0.0051,0.031198752,0.00641562));
#5626=CARTESIAN_POINT('',(0.0051,0.03982938,0.00641562));
#5627=CARTESIAN_POINT('',(0.0051,0.031198752,0.00336361583818605));
#5628=CARTESIAN_POINT('',(0.0051,0.031198752,0.00317612847285886));
#5629=CARTESIAN_POINT('',(0.0051,0.0311349087248046,0.00281772059341539));
#5630=CARTESIAN_POINT('',(0.0051,0.0309715389260997,0.0024457366394207));
#5631=CARTESIAN_POINT('',(0.0051,0.0308011818731761,0.00236086011094628));
#5632=CARTESIAN_POINT('',(0.0051,0.0308011818731761,0.00236086011094627));
#5633=CARTESIAN_POINT('',(0.0051,0.028845,0.));
#5634=CARTESIAN_POINT('',(0.0051,0.0308011818731761,-0.00236086011094627));
#5635=CARTESIAN_POINT('',(0.0051,0.0308011818731761,-0.00236086011094627));
#5636=CARTESIAN_POINT('',(0.0051,0.030971507576476,-0.00244572102018343));
#5637=CARTESIAN_POINT('',(0.0051,0.0311347052011667,-0.00281697033474389));
#5638=CARTESIAN_POINT('',(0.0051,0.031198752,-0.00317633267203987));
#5639=CARTESIAN_POINT('',(0.0051,0.031198752,-0.00336361583818604));
#5640=CARTESIAN_POINT('',(0.0051,0.03982938,-0.00388438));
#5641=CARTESIAN_POINT('',(0.0051,0.04392938,-0.00388438));
#5642=CARTESIAN_POINT('',(0.0051,0.04392938,0.00641562));
#5643=CARTESIAN_POINT('',(0.0051,0.04392938,0.00841562));
#5644=CARTESIAN_POINT('',(0.0051,0.03982938,0.00841562));
#5645=CARTESIAN_POINT('',(0.0051,0.03572938,0.00841562));
#5646=CARTESIAN_POINT('',(0.0051,0.03572938,0.00841562));
#5647=CARTESIAN_POINT('',(0.0051,0.03572938,0.00691562));
#5648=CARTESIAN_POINT('',(0.0051,0.03522938,0.00691562));
#5649=CARTESIAN_POINT('',(0.0051,0.03522938,0.00641562));
#5650=CARTESIAN_POINT('',(0.0051,0.033714066,0.00641562));
#5651=CARTESIAN_POINT('',(2.68989873027639E-18,0.04392938,0.00641562));
#5652=CARTESIAN_POINT('',(0.0031,0.04392938,0.00641562));
#5653=CARTESIAN_POINT('',(0.0031,0.04392938,0.00641562));
#5654=CARTESIAN_POINT('',(0.0031,0.04392938,-0.00038438));
#5655=CARTESIAN_POINT('',(2.68989873027639E-18,0.04392938,0.00641562));
#5656=CARTESIAN_POINT('',(-0.0031,0.04392938,0.00641562));
#5657=CARTESIAN_POINT('',(-0.0031,0.04392938,0.00641562));
#5658=CARTESIAN_POINT('',(-0.0031,0.04392938,-0.00038438));
#5659=CARTESIAN_POINT('',(2.68989873027639E-18,0.04392938,-0.00038438));
#5660=CARTESIAN_POINT('',(2.68989873027639E-18,0.04392938,-0.00388438));
#5661=CARTESIAN_POINT('',(-0.0051,0.04392938,-0.00388438));
#5662=CARTESIAN_POINT('',(-0.0051,0.04392938,0.00641562));
#5663=CARTESIAN_POINT('',(-0.0051,0.04392938,0.00841562));
#5664=CARTESIAN_POINT('',(2.68989873027639E-18,0.04392938,0.00841562));
#5665=CARTESIAN_POINT('',(-0.0051,0.03982938,0.00641562));
#5666=CARTESIAN_POINT('',(-0.0051,0.031198752,-0.00336361583818605));
#5667=CARTESIAN_POINT('',(-0.0051,0.031198752,-0.00317612847285886));
#5668=CARTESIAN_POINT('',(-0.0051,0.0311349087248047,-0.00281772059341538));
#5669=CARTESIAN_POINT('',(-0.0051,0.0309715389260997,-0.0024457366394207));
#5670=CARTESIAN_POINT('',(-0.0051,0.0308011818731761,-0.00236086011094628));
#5671=CARTESIAN_POINT('',(-0.0051,0.0308011818731761,-0.00236086011094628));
#5672=CARTESIAN_POINT('',(-0.0051,0.028845,0.));
#5673=CARTESIAN_POINT('',(-0.0051,0.0308011818731761,0.00236086011094628));
#5674=CARTESIAN_POINT('',(-0.0051,0.0308011818731761,0.00236086011094628));
#5675=CARTESIAN_POINT('',(-0.0051,0.030971507576476,0.00244572102018344));
#5676=CARTESIAN_POINT('',(-0.0051,0.0311347052011667,0.0028169703347439));
#5677=CARTESIAN_POINT('',(-0.0051,0.031198752,0.00317633267203987));
#5678=CARTESIAN_POINT('',(-0.0051,0.031198752,0.00336361583818604));
#5679=CARTESIAN_POINT('',(-0.0051,0.033714066,0.00641562));
#5680=CARTESIAN_POINT('',(-0.0051,0.03522938,0.00641562));
#5681=CARTESIAN_POINT('',(-0.0051,0.03522938,0.00691562));
#5682=CARTESIAN_POINT('',(-0.0051,0.03572938,0.00691562));
#5683=CARTESIAN_POINT('',(-0.0051,0.03572938,0.00841562));
#5684=CARTESIAN_POINT('',(-0.0051,0.03572938,0.00841562));
#5685=CARTESIAN_POINT('',(-0.0051,0.03982938,0.00841562));
#5686=CARTESIAN_POINT('',(-0.0051,0.03982938,-0.00388438));
#5687=CARTESIAN_POINT('',(2.43884613645118E-18,0.03982938,-0.00388438));
#5688=CARTESIAN_POINT('',(0.00471545369211655,0.031198752,-0.00388438000000006));
#5689=CARTESIAN_POINT('',(0.00449670543493046,0.031198752,-0.00388438000000006));
#5690=CARTESIAN_POINT('',(0.00427323372759993,0.0311198702611806,-0.00388438));
#5691=CARTESIAN_POINT('',(0.00413760248886322,0.0309468481496419,-0.00388438));
#5692=CARTESIAN_POINT('',(0.00413760248886322,0.0309468481496419,-0.00388438));
#5693=CARTESIAN_POINT('',(1.76624684607027E-18,0.028845,-0.00388438));
#5694=CARTESIAN_POINT('',(-0.00413760248886321,0.0309468481496419,-0.00388438));
#5695=CARTESIAN_POINT('',(-0.00413760248886321,0.0309468481496419,-0.00388438));
#5696=CARTESIAN_POINT('',(-0.00427312197127743,0.0311197276958315,-0.00388438));
#5697=CARTESIAN_POINT('',(-0.00449692701917065,0.031198752,-0.00388438));
#5698=CARTESIAN_POINT('',(-0.00471545369211659,0.031198752,-0.00388438));
#5699=CARTESIAN_POINT('',(2.18779354262598E-18,0.03572938,0.00841562));
#5700=CARTESIAN_POINT('',(0.0051,0.03572938,0.00691562));
#5701=CARTESIAN_POINT('',(2.18779354262598E-18,0.03572938,0.00841562));
#5702=CARTESIAN_POINT('',(2.43884613645118E-18,0.03982938,0.00841562));
#5703=CARTESIAN_POINT('',(2.06439115065713E-18,0.033714066,0.00641562));
#5704=CARTESIAN_POINT('',(-0.0051,0.03522938,0.00641562));
#5705=CARTESIAN_POINT('',(-0.00458437015508646,0.031198752,0.00641562));
#5706=CARTESIAN_POINT('',(-0.00442944411298681,0.031198752,0.00641562));
#5707=CARTESIAN_POINT('',(-0.00427946562990902,0.0311251129406006,0.00641562));
#5708=CARTESIAN_POINT('',(-0.00418517586147684,0.0310021712851959,0.00641562));
#5709=CARTESIAN_POINT('',(-0.00418517586147684,0.0310021712851959,0.00641562));
#5710=CARTESIAN_POINT('',(-0.00213896521532848,0.0276100678571428,0.00641562));
#5711=CARTESIAN_POINT('',(0.000422953551915762,0.0308990679284022,0.00641562));
#5712=CARTESIAN_POINT('',(0.000422953551915762,0.0308990679284022,0.00641562));
#5713=CARTESIAN_POINT('',(0.000515762146457428,0.0310880677694971,0.00641562));
#5714=CARTESIAN_POINT('',(0.000726733962211716,0.0311987520000002,0.00641562));
#5715=CARTESIAN_POINT('',(0.00093681674081722,0.0311987520000002,0.00641562));
#5716=CARTESIAN_POINT('',(-0.0249805027721622,0.0144225,0.08465038));
#5717=CARTESIAN_POINT('',(-0.0275305027721622,0.0100057704406994,0.08465038));
#5718=CARTESIAN_POINT('',(-0.0239797986166459,0.00795577044069937,0.08465038));
#5719=CARTESIAN_POINT('',(-0.0259581764701497,0.00909798742697858,0.08465038));
#5720=CARTESIAN_POINT('',(-0.0249805027721622,0.0144225,0.08465038));
#5721=CARTESIAN_POINT('',(-0.0231973025063163,0.00931109346051525,0.08465038));
#5722=CARTESIAN_POINT('',(-0.0214297986166459,0.0123725,0.08465038));
#5723=CARTESIAN_POINT('',(-0.0214297986166459,0.0123725,0.09695038));
#5724=CARTESIAN_POINT('',(-0.0214297986166459,0.0123725,0.09585038));
#5725=CARTESIAN_POINT('',(-0.0231973025063163,0.00931109346051525,0.08465038));
#5726=CARTESIAN_POINT('',(-0.0231179371287409,0.00944855832683782,0.08465038));
#5727=CARTESIAN_POINT('',(-0.0229647320479121,0.00971391731081109,0.084590760788695));
#5728=CARTESIAN_POINT('',(-0.022821925565074,0.00996126539473682,0.0844031411792101));
#5729=CARTESIAN_POINT('',(-0.0227934615999627,0.0100105664284944,0.0842534060641294));
#5730=CARTESIAN_POINT('',(-0.0227934615999627,0.0100105664284944,0.0842534060641294));
#5731=CARTESIAN_POINT('',(-0.0214297986166459,0.0123725,0.080766));
#5732=CARTESIAN_POINT('',(-0.0200661356333291,0.0147344335715056,0.0842534060641294));
#5733=CARTESIAN_POINT('',(-0.0200661356333291,0.0147344335715056,0.0842534060641294));
#5734=CARTESIAN_POINT('',(-0.0200375782934489,0.0147838963351073,0.0844036323785819));
#5735=CARTESIAN_POINT('',(-0.0198956671713026,0.0150296936088239,0.084589910382798));
#5736=CARTESIAN_POINT('',(-0.0197415749391278,0.0152965891840021,0.08465038));
#5737=CARTESIAN_POINT('',(-0.0196622947269755,0.0154339065394847,0.08465038));
#5738=CARTESIAN_POINT('',(-0.018879798616646,0.0167892295593007,0.09695038));
#5739=CARTESIAN_POINT('',(-0.020760844208633,0.0135311630226256,0.09695038));
#5740=CARTESIAN_POINT('',(-0.0209843834521244,0.0131439816954129,0.09695038));
#5741=CARTESIAN_POINT('',(-0.0214305212698416,0.0123712483279489,0.0970454419005474));
#5742=CARTESIAN_POINT('',(-0.0218757372897776,0.0116001115610761,0.09695038));
#5743=CARTESIAN_POINT('',(-0.0220987530246589,0.0112138369773744,0.09695038));
#5744=CARTESIAN_POINT('',(-0.0220987530246589,0.0112138369773744,0.09695038));
#5745=CARTESIAN_POINT('',(-0.0214297986166459,0.0123725,0.09695038));
#5746=CARTESIAN_POINT('',(-0.0239797986166459,0.00795577044069937,0.09695038));
#5747=CARTESIAN_POINT('',(-0.0239797986166459,0.00795577044069937,0.09695038));
#5748=CARTESIAN_POINT('',(-0.0224305027721622,0.0188392295593006,0.09695038));
#5749=CARTESIAN_POINT('',(-0.0208581764701497,0.0179314465455798,0.08465038));
#5750=CARTESIAN_POINT('',(-0.0213858907149664,0.01823612250688,0.08465038));
#5751=CARTESIAN_POINT('',(-0.0224338152814466,0.0188411420374277,0.0844293560966041));
#5752=CARTESIAN_POINT('',(-0.0234776877617713,0.0194438220949429,0.08465038));
#5753=CARTESIAN_POINT('',(-0.0240028290741745,0.0197470125730215,0.08465038));
#5754=CARTESIAN_POINT('',(-0.0240028290741745,0.0197470125730215,0.08465038));
#5755=CARTESIAN_POINT('',(-0.0224305027721622,0.0188392295593006,0.08465038));
#5756=CARTESIAN_POINT('',(-0.0259812069276784,0.0208892295593006,0.08465038));
#5757=CARTESIAN_POINT('',(-0.0259812069276784,0.0208892295593006,0.09695038));
#5758=CARTESIAN_POINT('',(-0.0285312069276784,0.0164725,0.09695038));
#5759=CARTESIAN_POINT('',(-0.0269812069276783,0.0191571787517318,0.09695038));
#5760=CARTESIAN_POINT('',(-0.0269812069276783,0.0191571787517318,0.09495038));
#5761=CARTESIAN_POINT('',(-0.0269812069276783,0.0191571787517318,0.08815038));
#5762=CARTESIAN_POINT('',(-0.0285312069276784,0.0164725,0.09495038));
#5763=CARTESIAN_POINT('',(-0.0300812069276784,0.0137878212482682,0.09495038));
#5764=CARTESIAN_POINT('',(-0.0300812069276784,0.0137878212482682,0.09695038));
#5765=CARTESIAN_POINT('',(-0.0300812069276784,0.0137878212482682,0.08815038));
#5766=CARTESIAN_POINT('',(-0.0285312069276784,0.0164725,0.08815038));
#5767=CARTESIAN_POINT('',(-0.026763703038008,0.0195339065394848,0.08465038));
#5768=CARTESIAN_POINT('',(-0.0268430684155834,0.0193964416731622,0.08465038));
#5769=CARTESIAN_POINT('',(-0.0269962734964122,0.019131082689189,0.084590760788695));
#5770=CARTESIAN_POINT('',(-0.0271390799792503,0.0188837346052632,0.0844031411792101));
#5771=CARTESIAN_POINT('',(-0.0271675439443616,0.0188344335715056,0.0842534060641294));
#5772=CARTESIAN_POINT('',(-0.026763703038008,0.0195339065394847,0.08465038));
#5773=CARTESIAN_POINT('',(-0.0271675439443615,0.0188344335715056,0.0842534060641294));
#5774=CARTESIAN_POINT('',(-0.0285312069276784,0.0164725,0.080766));
#5775=CARTESIAN_POINT('',(-0.0298948699109951,0.0141105664284944,0.0842534060641294));
#5776=CARTESIAN_POINT('',(-0.0298948699109951,0.0141105664284944,0.0842534060641294));
#5777=CARTESIAN_POINT('',(-0.0299234272508754,0.0140611036648927,0.084403632378582));
#5778=CARTESIAN_POINT('',(-0.0300653383730218,0.0138153063911762,0.084589910382798));
#5779=CARTESIAN_POINT('',(-0.0302194306051964,0.0135484108159979,0.08465038));
#5780=CARTESIAN_POINT('',(-0.0302987108173487,0.0134110934605153,0.08465038));
#5781=CARTESIAN_POINT('',(-0.0310812069276784,0.0120557704406994,0.09695038));
#5782=CARTESIAN_POINT('',(-0.0310812069276784,0.0120557704406994,0.09695038));
#5783=CARTESIAN_POINT('',(-0.0285312069276784,0.0164725,0.09695038));
#5784=CARTESIAN_POINT('',(-0.0292001613356913,0.0153138369773743,0.09695038));
#5785=CARTESIAN_POINT('',(-0.0292001613356913,0.0153138369773743,0.09695038));
#5786=CARTESIAN_POINT('',(-0.0289766220921998,0.0157010183045871,0.09695038));
#5787=CARTESIAN_POINT('',(-0.0285304842744827,0.0164737516720511,0.0970454419005474));
#5788=CARTESIAN_POINT('',(-0.0280852682545467,0.0172448884389239,0.09695038));
#5789=CARTESIAN_POINT('',(-0.0278622525196653,0.0176311630226256,0.09695038));
#5790=CARTESIAN_POINT('',(-0.0285312069276784,0.0164725,0.08465038));
#5791=CARTESIAN_POINT('',(-0.0285312069276784,0.0164725,0.09585038));
#5792=CARTESIAN_POINT('',(-0.0275305027721622,0.0100057704406994,0.09695038));
#5793=CARTESIAN_POINT('',(-0.0275305027721622,0.0100057704406994,0.09695038));
#5794=CARTESIAN_POINT('',(-0.0291028290741746,0.0109135534544202,0.08465038));
#5795=CARTESIAN_POINT('',(-0.0285751148293579,0.0106088774931201,0.08465038));
#5796=CARTESIAN_POINT('',(-0.0275271902628777,0.0100038579625722,0.0844293560966041));
#5797=CARTESIAN_POINT('',(-0.0264833177825529,0.00940117790505716,0.08465038));
#5798=CARTESIAN_POINT('',(-0.0259581764701497,0.00909798742697857,0.08465038));
#5799=CARTESIAN_POINT('',(-0.0249805027721622,0.0144225,0.09695038));
#5800=CARTESIAN_POINT('',(-0.0249805027721622,0.0144225,0.09695038));
#5801=CARTESIAN_POINT('',(-0.0249805027721622,0.0144225,0.08465038));
#5802=CARTESIAN_POINT('',(-0.0249805027721622,0.0144225,0.08465038));
#5803=CARTESIAN_POINT('',(-0.0249805027721622,0.0144225,0.09585038));
#5804=CARTESIAN_POINT('',(-0.0249805027721622,0.0144225,0.0972764669565217));
#5805=CARTESIAN_POINT('',(-0.0288244949668002,0.0144225,0.0972764669565217));
#5806=CARTESIAN_POINT('',(1.87975641873092E-18,0.030698752,0.));
#5807=CARTESIAN_POINT('',(0.0051,0.0308011818731761,-0.00236086011094627));
#5808=CARTESIAN_POINT('',(0.0051,0.0307168953884243,-0.00231886628621008));
#5809=CARTESIAN_POINT('',(0.00512216803217647,0.0306318232002278,-0.00228148819380985));
#5810=CARTESIAN_POINT('',(0.00516142961415204,0.030553573298231,-0.00225085530568413));
#5811=CARTESIAN_POINT('',(0.00413760248886322,0.0309468481496419,-0.00388438));
#5812=CARTESIAN_POINT('',(0.00403692179267883,0.0308184117598598,-0.00388438));
#5813=CARTESIAN_POINT('',(0.0039641031776767,0.030676823977418,-0.00394740626366692));
#5814=CARTESIAN_POINT('',(0.00392134224679857,0.030553573298231,-0.00404101228065999));
#5815=CARTESIAN_POINT('',(0.0056,0.028845,0.));
#5816=CARTESIAN_POINT('',(0.0051,0.0308011818731761,0.00236086011094627));
#5817=CARTESIAN_POINT('',(0.0051,0.0307168953884243,0.00231886628621008));
#5818=CARTESIAN_POINT('',(0.00512216803217647,0.0306318232002278,0.00228148819380985));
#5819=CARTESIAN_POINT('',(0.00516142961415204,0.030553573298231,0.00225085530568413));
#5820=CARTESIAN_POINT('',(1.76624684607027E-18,0.028845,-0.00438438));
#5821=CARTESIAN_POINT('',(-0.00413760248886321,0.0309468481496419,-0.00388438));
#5822=CARTESIAN_POINT('',(-0.00403692179267883,0.0308184117598598,-0.00388438));
#5823=CARTESIAN_POINT('',(-0.00396410317767473,0.0306768239774196,-0.00394740626366815));
#5824=CARTESIAN_POINT('',(-0.00392134224679857,0.030553573298231,-0.00404101228065998));
#5825=CARTESIAN_POINT('',(1.87975641873092E-18,0.030698752,0.));
#5826=CARTESIAN_POINT('',(0.00114383715625079,0.030698752,0.00600129553237267));
#5827=CARTESIAN_POINT('',(1.87975641873092E-18,0.030698752,0.));
#5828=CARTESIAN_POINT('',(-0.0051,0.0308011818731761,-0.00236086011094628));
#5829=CARTESIAN_POINT('',(-0.0051,0.0307168953884243,-0.00231886628621009));
#5830=CARTESIAN_POINT('',(-0.00512216803217659,0.0306318232002281,-0.00228148819380937));
#5831=CARTESIAN_POINT('',(-0.00516142961415204,0.030553573298231,-0.00225085530568413));
#5832=CARTESIAN_POINT('',(0.00114383715625078,0.030698752,0.00600129553237267));
#5833=CARTESIAN_POINT('',(0.00114383715625078,0.030698752,0.00600129553237267));
#5834=CARTESIAN_POINT('',(-0.0056,0.028845,0.));
#5835=CARTESIAN_POINT('',(-0.0051,0.0308011818731761,0.00236086011094628));
#5836=CARTESIAN_POINT('',(-0.0051,0.0307168953884243,0.00231886628621009));
#5837=CARTESIAN_POINT('',(-0.00512216803217606,0.030631823200227,0.0022814881938114));
#5838=CARTESIAN_POINT('',(-0.00516142961415204,0.030553573298231,0.00225085530568413));
#5839=CARTESIAN_POINT('',(0.000815394598542055,0.0303585024234904,0.00583895110847462));
#5840=CARTESIAN_POINT('',(0.000115850655393543,0.031198752,0.00549317661678245));
#5841=CARTESIAN_POINT('',(0.00114383715625079,0.031198752,0.00600129553237267));
#5842=CARTESIAN_POINT('',(0.000665804895225651,0.0303511958690769,0.00615690275454707));
#5843=CARTESIAN_POINT('',(-6.98274410292284E-5,0.0311987520000044,0.00579674512206155));
#5844=CARTESIAN_POINT('',(0.00098712257477726,0.031198752,0.00631834823263246));
#5845=CARTESIAN_POINT('',(0.000517724196061724,0.0303441036548061,0.00646463664635686));
#5846=CARTESIAN_POINT('',(-0.000251462711404384,0.0311987520000014,0.00608088334121305));
#5847=CARTESIAN_POINT('',(0.000831710098565263,0.031198752,0.00662508091085461));
#5848=CARTESIAN_POINT('',(0.000371432101381568,0.0303372391719286,0.00676157173249286));
#5849=CARTESIAN_POINT('',(-0.000428566964368041,0.031198752,0.0063456168121953));
#5850=CARTESIAN_POINT('',(0.000677893171524527,0.031198752,0.00692091440608233));
#5851=CARTESIAN_POINT('',(0.000422953551915762,0.0308990679284022,0.00641562));
#5852=CARTESIAN_POINT('',(0.00031962294926679,0.0306886405689821,0.00641562));
#5853=CARTESIAN_POINT('',(0.000316633153344397,0.0304666491657373,0.00657353338351734));
#5854=CARTESIAN_POINT('',(0.0003740498445252,0.03033736201997,0.00675625762674531));
#5855=CARTESIAN_POINT('',(1.87975641873092E-18,0.030698752,0.));
#5856=CARTESIAN_POINT('',(-0.00433230989558481,0.030698752,0.00430755179603378));
#5857=CARTESIAN_POINT('',(0.000396281611086254,0.0303185294092618,0.00675581478754925));
#5858=CARTESIAN_POINT('',(0.000471279101478019,0.0304053774801738,0.00641562));
#5859=CARTESIAN_POINT('',(0.000705931930511616,0.0306771085131612,0.00641562));
#5860=CARTESIAN_POINT('',(-0.000226201170098117,0.0308505950605879,0.00676810704968635));
#5861=CARTESIAN_POINT('',(-0.000182388555353939,0.0309567399764489,0.00641561999999955));
#5862=CARTESIAN_POINT('',(-2.11750428202363E-6,0.0312885432879857,0.00641562));
#5863=CARTESIAN_POINT('',(-0.0019050819703524,0.0314452359102619,0.00682017617926852));
#5864=CARTESIAN_POINT('',(-0.00200683288311096,0.0315370627931584,0.00641562000000038));
#5865=CARTESIAN_POINT('',(-0.00190508197026259,0.0319797213062087,0.00641562));
#5866=CARTESIAN_POINT('',(-0.0036579526031217,0.0308266071549836,0.00690243931480924));
#5867=CARTESIAN_POINT('',(-0.00369853650269011,0.0308128566569294,0.0064156199999997));
#5868=CARTESIAN_POINT('',(-0.0038820362691174,0.0312885432867093,0.00641562));
#5869=CARTESIAN_POINT('',(-0.00434588878802854,0.0302853816907312,0.00694144201132046));
#5870=CARTESIAN_POINT('',(-0.00432902635610535,0.0302640496705093,0.00641562));
#5871=CARTESIAN_POINT('',(-0.00465553910745391,0.0306771085131612,0.00641562));
#5872=CARTESIAN_POINT('',(-0.00418517586147684,0.0310021712851959,0.00641562));
#5873=CARTESIAN_POINT('',(-0.00408459189268197,0.0308710228070903,0.00641562));
#5874=CARTESIAN_POINT('',(-0.00407049262027464,0.0305475745225397,0.00659118614590481));
#5875=CARTESIAN_POINT('',(-0.00422699597732289,0.0303708195638236,0.00682554362580994));
#5876=CARTESIAN_POINT('',(-0.00432134011053686,0.0303045412962249,0.00694005367971804));
#5877=CARTESIAN_POINT('',(-0.00433230989558481,0.030698752,0.00430755179603378));
#5878=CARTESIAN_POINT('',(-0.00433230989558481,0.030698752,0.00430755179603376));
#5879=CARTESIAN_POINT('',(-0.00432283982817238,0.030304248532936,0.00695418356290524));
#5880=CARTESIAN_POINT('',(-0.00317768765914399,0.031198752,0.0070449369704789));
#5881=CARTESIAN_POINT('',(-0.00462907182257203,0.031198752,0.00692991465109466));
#5882=CARTESIAN_POINT('',(-0.00423922868623744,0.0303205999410248,0.00616495495159238));
#5883=CARTESIAN_POINT('',(-0.00323829449911493,0.0311987519999979,0.0063278882387231));
#5884=CARTESIAN_POINT('',(-0.00456579554475117,0.031198752,0.00613147667801264));
#5885=CARTESIAN_POINT('',(-0.00412092886551995,0.0303387676924176,0.00529591383016209));
#5886=CARTESIAN_POINT('',(-0.0032479683136116,0.0311987520000039,0.00546823128032128));
#5887=CARTESIAN_POINT('',(-0.00446642023991055,0.031198752,0.00525333806115368));
#5888=CARTESIAN_POINT('',(-0.0039695641042458,0.0303585024234904,0.00435898832537689));
#5889=CARTESIAN_POINT('',(-0.00319695831587267,0.031198752,0.00446854207142478));
#5890=CARTESIAN_POINT('',(-0.00433230989558482,0.031198752,0.0043075517960338));
#5891=CARTESIAN_POINT('',(-0.0249805027721622,0.0144225,0.08415038));
#5892=CARTESIAN_POINT('',(-0.0200661356333291,0.0147344335715056,0.0842534060641294));
#5893=CARTESIAN_POINT('',(-0.020090893713932,0.0146915513180037,0.0841231658100486));
#5894=CARTESIAN_POINT('',(-0.0200613077566776,0.0146361233068863,0.0839910026326202));
#5895=CARTESIAN_POINT('',(-0.0199934545481009,0.0145808293949062,0.08388532842099));
#5896=CARTESIAN_POINT('',(-0.0271675439443615,0.0188344335715056,0.0842534060641294));
#5897=CARTESIAN_POINT('',(-0.0271923020249644,0.0187915513180037,0.0841231658100486));
#5898=CARTESIAN_POINT('',(-0.0272550970692999,0.0187894595030229,0.08399100263262));
#5899=CARTESIAN_POINT('',(-0.0273369096060381,0.0188205751493883,0.08388532842099));
#5900=CARTESIAN_POINT('',(-0.0209967859147537,0.0121225,0.080766));
#5901=CARTESIAN_POINT('',(-0.0227934615999627,0.0100105664284944,0.0842534060641294));
#5902=CARTESIAN_POINT('',(-0.0227687035193599,0.0100534486819964,0.0841231658100486));
#5903=CARTESIAN_POINT('',(-0.0227059084750246,0.0100555404969768,0.0839910026326198));
#5904=CARTESIAN_POINT('',(-0.0226240959382861,0.0100244248506118,0.08388532842099));
#5905=CARTESIAN_POINT('',(-0.0289642196295706,0.0167225,0.080766));
#5906=CARTESIAN_POINT('',(-0.0298948699109951,0.0141105664284944,0.0842534060641294));
#5907=CARTESIAN_POINT('',(-0.0298701118303923,0.0141534486819964,0.0841231658100486));
#5908=CARTESIAN_POINT('',(-0.0298996977876466,0.0142088766931138,0.0839910026326203));
#5909=CARTESIAN_POINT('',(-0.0299675509962234,0.0142641706050938,0.08388532842099));
#5910=CARTESIAN_POINT('',(-0.0249805027721622,0.0144225,0.08415038));
#5911=CARTESIAN_POINT('',(2.15717737264729E-18,0.03522938,0.00691562));
#5912=CARTESIAN_POINT('',(-0.0249805027721622,0.0144225,0.09745038));
#5913=CARTESIAN_POINT('',(-0.0249805027721622,0.00494832075369422,0.0542382981103438));
#5914=CARTESIAN_POINT('',(-0.0249805027721622,0.0131953309258087,0.0773299265922643));
#5915=CARTESIAN_POINT('',(-0.0249805027721622,0.0115654581994115,0.077912023994549));
#5916=CARTESIAN_POINT('',(-0.0249805027721622,0.0144225,0.080766));
#5917=CARTESIAN_POINT('',(-0.0213318668078599,0.0144225,0.080766));
#5918=CARTESIAN_POINT('',(-0.0213318668078599,0.0126918,0.080766));
#5919=CARTESIAN_POINT('',(-0.023156184790011,0.0112626885657527,0.080766));
#5920=CARTESIAN_POINT('',(-0.0246550149563407,0.0103973385657527,0.080766));
#5921=CARTESIAN_POINT('',(-0.0108961227721621,-0.00997236175310693,0.080766));
#5922=CARTESIAN_POINT('',(0.00318825722783787,0.0144225,0.080766));
#5923=CARTESIAN_POINT('',(0.0122153873727609,0.0217924428120809,0.0394943202523468));
#5924=CARTESIAN_POINT('',(0.00106275959298831,0.0282314154629043,0.00343607340773569));
#5925=CARTESIAN_POINT('',(-0.000590660622092169,0.0282314154629043,0.00394746766108941));
#5926=CARTESIAN_POINT('',(1.76624684607027E-18,0.028845,0.));
#5927=CARTESIAN_POINT('',(-0.00182431798215112,0.0256851885657527,0.));
#5928=CARTESIAN_POINT('',(-0.00332314814848085,0.0265505385657527,0.));
#5929=CARTESIAN_POINT('',(0.00182431798215114,0.0256851885657527,0.));
#5930=CARTESIAN_POINT('',(0.000325487815821411,0.0248198385657527,0.));
#5931=CARTESIAN_POINT('',(-0.02096876,-0.00747395769171799,0.));
#5932=CARTESIAN_POINT('',(0.02096876,-0.00747395769171798,0.));
#5933=CARTESIAN_POINT('',(-0.028669956465058,0.0201321787517318,0.09495038));
#5934=CARTESIAN_POINT('',(-0.028669956465058,0.0201321787517318,0.08815038));
#5935=CARTESIAN_POINT('',(-0.0216118494242148,0.0160571787517318,0.08815038));
#5936=CARTESIAN_POINT('',(-0.0216118494242148,0.0160571787517318,0.09495038));
#5937=CARTESIAN_POINT('',(-0.0216118494242148,0.0160571787517318,0.09495038));
#5938=CARTESIAN_POINT('',(-0.028669956465058,0.0201321787517318,0.09495038));
#5939=CARTESIAN_POINT('',(-0.031769956465058,0.0147628212482682,0.09495038));
#5940=CARTESIAN_POINT('',(-0.031769956465058,0.0147628212482682,0.09495038));
#5941=CARTESIAN_POINT('',(-0.0247118494242148,0.0106878212482682,0.09495038));
#5942=CARTESIAN_POINT('',(-0.0247118494242148,0.0106878212482682,0.09495038));
#5943=CARTESIAN_POINT('',(-0.0247118494242148,0.0106878212482682,0.08815038));
#5944=CARTESIAN_POINT('',(-0.031769956465058,0.0147628212482682,0.08815038));
#5945=CARTESIAN_POINT('',(-0.030219956465058,0.0174475,0.09495038));
#5946=CARTESIAN_POINT('',(-0.0231618494242148,0.0133725,0.09495038));
#5947=CARTESIAN_POINT('',(-0.030219956465058,0.0174475,0.08815038));
#5948=CARTESIAN_POINT('',(-0.0231618494242148,0.0133725,0.08815038));
#5949=CARTESIAN_POINT('',(-0.0231618494242148,0.0133725,0.09495038));
#5950=CARTESIAN_POINT('',(0.0031,0.04587938,0.00641562));
#5951=CARTESIAN_POINT('',(0.0031,0.04587938,-0.00038438));
#5952=CARTESIAN_POINT('',(0.0031,0.03772938,-0.00038438));
#5953=CARTESIAN_POINT('',(0.0031,0.03772938,0.00641562));
#5954=CARTESIAN_POINT('',(0.0031,0.03772938,0.00641562));
#5955=CARTESIAN_POINT('',(0.0031,0.04587938,0.00641562));
#5956=CARTESIAN_POINT('',(-0.0031,0.04587938,0.00641562));
#5957=CARTESIAN_POINT('',(-0.0031,0.04587938,0.00641562));
#5958=CARTESIAN_POINT('',(-0.0031,0.03772938,0.00641562));
#5959=CARTESIAN_POINT('',(-0.0031,0.03772938,0.00641562));
#5960=CARTESIAN_POINT('',(-0.0031,0.03772938,-0.00038438));
#5961=CARTESIAN_POINT('',(-0.0031,0.04587938,-0.00038438));
#5962=CARTESIAN_POINT('',(2.80930179319326E-18,0.04587938,0.00641562));
#5963=CARTESIAN_POINT('',(2.31025822254071E-18,0.03772938,0.00641562));
#5964=CARTESIAN_POINT('',(2.80930179319326E-18,0.04587938,-0.00038438));
#5965=CARTESIAN_POINT('',(2.31025822254071E-18,0.03772938,-0.00038438));
#5966=CARTESIAN_POINT('',(2.31025822254071E-18,0.03772938,0.00641562));
#5967=CARTESIAN_POINT('',(0.,0.,0.));
#5968=CARTESIAN_POINT('',(0.0249805027721622,0.0144225,0.080766));
#5969=CARTESIAN_POINT('',(0.0249805027721622,0.0128704261422349,0.0764201931982578));
#5970=CARTESIAN_POINT('',(0.0218263167920076,0.0146023273530879,0.0758016570515247));
#5971=CARTESIAN_POINT('',(0.0247724691268525,0.0163032891966843,0.0751941706788116));
#5972=CARTESIAN_POINT('',(0.0233423354745051,0.0153682963302799,0.0754695405504322));
#5973=CARTESIAN_POINT('',(0.0221684481187815,0.00955187846668414,0.080766));
#5974=CARTESIAN_POINT('',(0.0206696179524517,0.0104172284666841,0.080766));
#5975=CARTESIAN_POINT('',(0.0249805027721622,0.0144225,0.08388532842099));
#5976=CARTESIAN_POINT('',(0.0199934545481009,0.0145808293949062,0.08388532842099));
#5977=CARTESIAN_POINT('',(0.0273369096060382,0.0188205751493883,0.08388532842099));
#5978=CARTESIAN_POINT('',(0.0286522303011308,0.016542372877241,0.080766));
#5979=CARTESIAN_POINT('',(0.0299675509962235,0.0142641706050937,0.08388532842099));
#5980=CARTESIAN_POINT('',(0.0249805027721622,0.0144225,0.08388532842099));
#5981=CARTESIAN_POINT('',(0.0226240959382861,0.0100244248506117,0.08388532842099));
#5982=CARTESIAN_POINT('',(0.0213087752431935,0.012302627122759,0.080766));
#5983=CARTESIAN_POINT('',(0.0193563934654007,0.0144225,0.080766));
#5984=CARTESIAN_POINT('',(0.0193563934654007,0.0161532,0.080766));
#5985=CARTESIAN_POINT('',(0.0249805027721622,0.0144225,0.080766));
#5986=CARTESIAN_POINT('',(0.0248611229414874,-0.0159963514800543,0.00587857533413997));
#5987=CARTESIAN_POINT('',(0.024828116967563,-0.0158849548480302,0.00618709936309708));
#5988=CARTESIAN_POINT('',(0.0247103399919811,-0.0156644110271108,0.00679015515969849));
#5989=CARTESIAN_POINT('',(0.0244609869574226,-0.0153794190049211,0.00750827730498987));
#5990=CARTESIAN_POINT('',(0.0241818119526903,-0.0151257132569909,0.00805313448867735));
#5991=CARTESIAN_POINT('',(0.0239270844883707,-0.0149210420293365,0.0084197475769363));
#5992=CARTESIAN_POINT('',(0.0236035200100062,-0.0146877362515803,0.00872664148610971));
#5993=CARTESIAN_POINT('',(0.0231709086388359,-0.0144145880985298,0.00884018741595157));
#5994=CARTESIAN_POINT('',(0.0227728879079048,-0.0142073509229916,0.00856236962437507));
#5995=CARTESIAN_POINT('',(0.0224393080009814,-0.0140759120119142,0.00800089611498677));
#5996=CARTESIAN_POINT('',(0.0221947037953572,-0.0140400324132907,0.00721140663491561));
#5997=CARTESIAN_POINT('',(0.022025196123867,-0.0141133145916069,0.00623935423291918));
#5998=CARTESIAN_POINT('',(0.0219677577751894,-0.0142334568671824,0.00559753828654257));
#5999=CARTESIAN_POINT('',(0.0219517577427245,-0.014316628699379,0.00527867434104173));
#6000=CARTESIAN_POINT('',(0.0248611229414873,-0.0159963514800542,0.00587857533413997));
#6001=CARTESIAN_POINT('',(0.0219517577427258,-0.0143166286993783,0.00527867434104146));
#6002=CARTESIAN_POINT('',(0.0249805027721622,-0.0127385453104595,0.00471507313071332));
#6003=CARTESIAN_POINT('',(0.0258835370203231,-0.0158854036481913,0.00583895110847462));
#6004=CARTESIAN_POINT('',(0.0249805027721621,-0.018130004,-0.0103810112));
#6005=CARTESIAN_POINT('',(0.0260859012708366,-0.0154926176776255,0.00675625762674532));
#6006=CARTESIAN_POINT('',(0.0249805027721622,-0.0119526357142857,0.00691562));
#6007=CARTESIAN_POINT('',(0.0284051726678337,-0.0114098803339949,0.00694005367971804));
#6008=CARTESIAN_POINT('',(0.0249805027721621,-0.018130004,-0.0103810112));
#6009=CARTESIAN_POINT('',(0.0282760163717171,-0.0117415078555175,0.00435898832537687));
#6010=CARTESIAN_POINT('',(0.0249805027721622,-0.0127385453104595,0.00471507313071332));
#6011=CARTESIAN_POINT('',(0.0248611229414873,0.0159963514800542,0.07488742466586));
#6012=CARTESIAN_POINT('',(0.024828116967563,0.0158849548480302,0.0745789006369029));
#6013=CARTESIAN_POINT('',(0.0247103399919811,0.0156644110271109,0.0739758448403015));
#6014=CARTESIAN_POINT('',(0.0244609869574227,0.0153794190049212,0.0732577226950101));
#6015=CARTESIAN_POINT('',(0.0241818119526904,0.0151257132569909,0.0727128655113226));
#6016=CARTESIAN_POINT('',(0.0239270844883708,0.0149210420293365,0.0723462524230637));
#6017=CARTESIAN_POINT('',(0.0236035200100063,0.0146877362515804,0.0720393585138903));
#6018=CARTESIAN_POINT('',(0.0231709086388361,0.0144145880985299,0.0719258125840483));
#6019=CARTESIAN_POINT('',(0.0227728879079048,0.0142073509229917,0.0722036303756248));
#6020=CARTESIAN_POINT('',(0.0224393080009815,0.0140759120119142,0.0727651038850131));
#6021=CARTESIAN_POINT('',(0.0221947037953572,0.0140400324132907,0.0735545933650843));
#6022=CARTESIAN_POINT('',(0.0220251961238671,0.014113314591607,0.0745266457670809));
#6023=CARTESIAN_POINT('',(0.0219677577751894,0.0142334568671824,0.0751684617134573));
#6024=CARTESIAN_POINT('',(0.0219517577427245,0.014316628699379,0.0754873256589582));
#6025=CARTESIAN_POINT('',(0.0248611229414873,0.0159963514800542,0.07488742466586));
#6026=CARTESIAN_POINT('',(0.0219517577427259,0.0143166286993783,0.0754873256589586));
#6027=CARTESIAN_POINT('',(0.0249805027721622,0.0127385453104595,0.0760509268692867));
#6028=CARTESIAN_POINT('',(0.0249805027721622,-0.0144225,0.));
#6029=CARTESIAN_POINT('',(0.0249805027721622,-0.0128704261422349,0.00434580680174219));
#6030=CARTESIAN_POINT('',(0.0259330425301544,-0.0161897993393901,0.00553129722929761));
#6031=CARTESIAN_POINT('',(0.0247724691268525,-0.0163032891966844,0.00557182932118839));
#6032=CARTESIAN_POINT('',(0.0233423354745051,-0.0153682963302799,0.00529645944956778));
#6033=CARTESIAN_POINT('',(0.0218263167920075,-0.0146023273530879,0.00496434294847532));
#6034=CARTESIAN_POINT('',(0.0249805027721622,-0.0128704261422349,0.00434580680174219));
#6035=CARTESIAN_POINT('',(0.0284566807055825,-0.0118187297996281,0.00397020096509688));
#6036=CARTESIAN_POINT('',(0.026460170652658,-0.0152767866491155,0.));
#6037=CARTESIAN_POINT('',(0.029040885459734,-0.0108068574834145,0.00225085530568414));
#6038=CARTESIAN_POINT('',(0.0275612175792381,-0.00995257083429904,0.));
#6039=CARTESIAN_POINT('',(0.029040885459734,-0.0108068574834145,-0.00225085530568414));
#6040=CARTESIAN_POINT('',(0.026460170652658,-0.0152767866491155,0.));
#6041=CARTESIAN_POINT('',(0.0284208417760572,-0.0118808046464548,-0.00404101228065998));
#6042=CARTESIAN_POINT('',(0.0249805027721622,-0.0144225,-0.00404101228065998));
#6043=CARTESIAN_POINT('',(0.0244994995292587,-0.0186727686517762,-0.00404101228065998));
#6044=CARTESIAN_POINT('',(0.026460170652658,-0.0152767866491155,0.));
#6045=CARTESIAN_POINT('',(0.0238794558455819,-0.0197467158148165,-0.00225085530568413));
#6046=CARTESIAN_POINT('',(0.0223997879650861,-0.018892429165701,0.));
#6047=CARTESIAN_POINT('',(0.0238794558455819,-0.0197467158148165,0.00225085530568413));
#6048=CARTESIAN_POINT('',(0.026460170652658,-0.0152767866491155,0.));
#6049=CARTESIAN_POINT('',(0.0193563934654007,-0.0144225,1.05974810764216E-19));
#6050=CARTESIAN_POINT('',(0.0193563934654007,-0.0126918,1.05974810764216E-19));
#6051=CARTESIAN_POINT('',(0.0221684481187815,-0.00955187846668417,0.));
#6052=CARTESIAN_POINT('',(0.0236672782851112,-0.00868652846668417,0.));
#6053=CARTESIAN_POINT('',(0.0249805027721622,-0.0127385453104595,0.0047150731307133));
#6054=CARTESIAN_POINT('',(0.0247724691268525,-0.0163032891966843,0.00557182932118837));
#6055=CARTESIAN_POINT('',(0.0248475346291938,-0.0161748803703353,0.00561797683731335));
#6056=CARTESIAN_POINT('',(0.0248767678334726,-0.0160491536872994,0.00573233438034143));
#6057=CARTESIAN_POINT('',(0.0248611229414877,-0.0159963514800541,0.00587857533413995));
#6058=CARTESIAN_POINT('',(0.0260139805183529,-0.0163399680351057,0.00600129553237266));
#6059=CARTESIAN_POINT('',(0.0249805027721622,-0.0127385453104595,0.0047150731307133));
#6060=CARTESIAN_POINT('',(0.0219517577427258,-0.0143166286993783,0.00527867434104144));
#6061=CARTESIAN_POINT('',(0.0219442400054829,-0.0143557076188638,0.00512885368512962));
#6062=CARTESIAN_POINT('',(0.0218859942202658,-0.0144656252064269,0.00500721196355917));
#6063=CARTESIAN_POINT('',(0.0218263167920075,-0.0146023273530879,0.00496434294847536));
#6064=CARTESIAN_POINT('',(0.0287520540442707,-0.0115974855733568,0.00430755179603378));
#6065=CARTESIAN_POINT('',(0.0249805027721622,0.0127385453104595,0.0760509268692867));
#6066=CARTESIAN_POINT('',(0.0247724691268525,0.0163032891966843,0.0751941706788116));
#6067=CARTESIAN_POINT('',(0.0248475346291939,0.0161748803703353,0.0751480231626867));
#6068=CARTESIAN_POINT('',(0.0248767678334726,0.0160491536872993,0.0750336656196585));
#6069=CARTESIAN_POINT('',(0.0248611229414878,0.0159963514800541,0.07488742466586));
#6070=CARTESIAN_POINT('',(0.0219517577427258,0.0143166286993783,0.0754873256589586));
#6071=CARTESIAN_POINT('',(0.0219442400054829,0.0143557076188638,0.0756371463148704));
#6072=CARTESIAN_POINT('',(0.0218859942202658,0.0144656252064269,0.0757587880364408));
#6073=CARTESIAN_POINT('',(0.0218263167920076,0.0146023273530879,0.0758016570515246));
#6074=CARTESIAN_POINT('',(0.0249805027721622,0.0144225,0.09695038));
#6075=CARTESIAN_POINT('',(0.0285312069276784,0.0164725,0.09695038));
#6076=CARTESIAN_POINT('',(0.0310812069276784,0.0120557704406993,0.09695038));
#6077=CARTESIAN_POINT('',(0.0292001613356913,0.0153138369773743,0.09695038));
#6078=CARTESIAN_POINT('',(0.0249805027721622,0.0144225,0.09695038));
#6079=CARTESIAN_POINT('',(0.0220987530246589,0.0112138369773743,0.09695038));
#6080=CARTESIAN_POINT('',(0.0214297986166459,0.0123725,0.09695038));
#6081=CARTESIAN_POINT('',(0.0239797986166459,0.00795577044069934,0.09695038));
#6082=CARTESIAN_POINT('',(0.0275305027721622,0.0100057704406993,0.09695038));
#6083=CARTESIAN_POINT('',(0.0249805027721622,0.0144225,0.08465038));
#6084=CARTESIAN_POINT('',(0.0214297986166459,0.0123725,0.08465038));
#6085=CARTESIAN_POINT('',(0.0239797986166459,0.00795577044069934,0.08465038));
#6086=CARTESIAN_POINT('',(0.0231973025063163,0.00931109346051522,0.08465038));
#6087=CARTESIAN_POINT('',(0.0249805027721622,0.0144225,0.08465038));
#6088=CARTESIAN_POINT('',(0.0259581764701497,0.00909798742697854,0.08465038));
#6089=CARTESIAN_POINT('',(0.0275305027721622,0.0100057704406993,0.08465038));
#6090=CARTESIAN_POINT('',(0.0249805027721622,0.0144225,0.08465038));
#6091=CARTESIAN_POINT('',(0.0285312069276784,0.0164725,0.08465038));
#6092=CARTESIAN_POINT('',(0.026763703038008,0.0195339065394847,0.08465038));
#6093=CARTESIAN_POINT('',(0.0259812069276784,0.0208892295593006,0.08465038));
#6094=CARTESIAN_POINT('',(0.0249805027721622,0.0144225,0.08465038));
#6095=CARTESIAN_POINT('',(0.0240028290741745,0.0197470125730214,0.08465038));
#6096=CARTESIAN_POINT('',(0.0224305027721622,0.0188392295593006,0.08465038));
#6097=CARTESIAN_POINT('',(0.0270189117983705,-0.015599376,0.00641562));
#6098=CARTESIAN_POINT('',(0.0244689117983705,-0.0200161055593007,0.00641562));
#6099=CARTESIAN_POINT('',(0.0244689117983705,-0.0200161055593007,-0.00336361583818604));
#6100=CARTESIAN_POINT('',(0.0244689117983705,-0.0200161055593007,-0.00388438));
#6101=CARTESIAN_POINT('',(0.0270189117983705,-0.015599376,0.));
#6102=CARTESIAN_POINT('',(0.0246611849523123,-0.0196830786877421,-0.00388438));
#6103=CARTESIAN_POINT('',(0.0270189117983705,-0.015599376,-0.00388438));
#6104=CARTESIAN_POINT('',(0.0270189117983705,-0.015599376,0.00641562));
#6105=CARTESIAN_POINT('',(0.0270189117983705,-0.015599376,-0.00388438));
#6106=CARTESIAN_POINT('',(0.0293766386444289,-0.0115156733122579,-0.00388438));
#6107=CARTESIAN_POINT('',(0.0295689117983706,-0.0111826464406994,-0.00388438));
#6108=CARTESIAN_POINT('',(0.0270189117983705,-0.015599376,0.));
#6109=CARTESIAN_POINT('',(0.0295689117983706,-0.0111826464406994,-0.00336361583818604));
#6110=CARTESIAN_POINT('',(0.0295689117983706,-0.0111826464406994,0.00641562));
#6111=CARTESIAN_POINT('',(0.0270189117983705,-0.015599376,0.00641562));
#6112=CARTESIAN_POINT('',(0.0270189117983705,-0.015599376,0.));
#6113=CARTESIAN_POINT('',(0.0295689117983706,-0.0111826464406994,0.00336361583818604));
#6114=CARTESIAN_POINT('',(0.0291850667461629,-0.0118474855733568,0.00430755179603378));
#6115=CARTESIAN_POINT('',(0.0254135154740543,-0.018380004,-0.0103810112));
#6116=CARTESIAN_POINT('',(0.0293110968759138,-0.0116291949853439,0.00641562));
#6117=CARTESIAN_POINT('',(0.0270189117983705,-0.015599376,0.00641562));
#6118=CARTESIAN_POINT('',(0.0295689117983706,-0.0111826464406994,0.00641562));
#6119=CARTESIAN_POINT('',(0.0295689117983706,-0.0111826464406994,0.00641562));
#6120=CARTESIAN_POINT('',(0.0270189117983705,-0.015599376,0.00641562));
#6121=CARTESIAN_POINT('',(0.0270189117983705,-0.015599376,0.00641562));
#6122=CARTESIAN_POINT('',(0.0244689117983705,-0.0200161055593007,0.00641562));
#6123=CARTESIAN_POINT('',(0.026550503427962,-0.0164106830962383,0.00641562));
#6124=CARTESIAN_POINT('',(0.0254135154740543,-0.018380004,-0.0103810112));
#6125=CARTESIAN_POINT('',(0.0264469932202452,-0.0165899680351057,0.00600129553237267));
#6126=CARTESIAN_POINT('',(0.0270189117983705,-0.015599376,0.));
#6127=CARTESIAN_POINT('',(0.0244689117983705,-0.0200161055593007,0.00336361583818605));
#6128=CARTESIAN_POINT('',(0.0244689117983705,-0.0200161055593007,0.00641562));
#6129=CARTESIAN_POINT('',(0.0319432548969839,-0.0243314195593007,0.00641562));
#6130=CARTESIAN_POINT('',(0.0244689117983705,-0.0200161055593007,0.00336361583818605));
#6131=CARTESIAN_POINT('',(0.0244689117983706,-0.0200161055593007,0.00317612847285886));
#6132=CARTESIAN_POINT('',(0.0244136219001906,-0.019984183921703,0.00281772059341537));
#6133=CARTESIAN_POINT('',(0.0242721395043009,-0.0199024990223505,0.00244573663942068));
#6134=CARTESIAN_POINT('',(0.0241246059687552,-0.0198173204958887,0.00236086011094627));
#6135=CARTESIAN_POINT('',(0.0241246059687552,-0.0198173204958887,0.00236086011094627));
#6136=CARTESIAN_POINT('',(0.0224305027721622,-0.0188392295593006,0.));
#6137=CARTESIAN_POINT('',(0.0241246059687552,-0.0198173204958887,-0.00236086011094627));
#6138=CARTESIAN_POINT('',(0.0241246059687552,-0.0198173204958887,-0.00236086011094627));
#6139=CARTESIAN_POINT('',(0.0242721123547304,-0.0199024833475387,-0.00244572102018343));
#6140=CARTESIAN_POINT('',(0.0244134456435498,-0.019984082159884,-0.00281697033474388));
#6141=CARTESIAN_POINT('',(0.0244689117983706,-0.0200161055593007,-0.00317633267203988));
#6142=CARTESIAN_POINT('',(0.0244689117983706,-0.0200161055593007,-0.00336361583818604));
#6143=CARTESIAN_POINT('',(0.0319432548969839,-0.0243314195593007,-0.00388438));
#6144=CARTESIAN_POINT('',(0.0354939590525001,-0.0263814195593007,-0.00388438));
#6145=CARTESIAN_POINT('',(0.0354939590525001,-0.0263814195593007,0.00641562));
#6146=CARTESIAN_POINT('',(0.0354939590525001,-0.0263814195593007,0.00841562));
#6147=CARTESIAN_POINT('',(0.0319432548969839,-0.0243314195593007,0.00841562));
#6148=CARTESIAN_POINT('',(0.0283925507414677,-0.0222814195593007,0.00841562));
#6149=CARTESIAN_POINT('',(0.0283925507414677,-0.0222814195593007,0.00841562));
#6150=CARTESIAN_POINT('',(0.0283925507414677,-0.0222814195593007,0.00691562));
#6151=CARTESIAN_POINT('',(0.0279595380395754,-0.0220314195593007,0.00691562));
#6152=CARTESIAN_POINT('',(0.0279595380395754,-0.0220314195593007,0.00641562));
#6153=CARTESIAN_POINT('',(0.0266472376208652,-0.0212737625593006,0.00641562));
#6154=CARTESIAN_POINT('',(0.0380439590525001,-0.02196469,0.00641562));
#6155=CARTESIAN_POINT('',(0.0364939590525001,-0.0246493687517318,0.00641562));
#6156=CARTESIAN_POINT('',(0.0364939590525001,-0.0246493687517318,0.00641562));
#6157=CARTESIAN_POINT('',(0.0364939590525001,-0.0246493687517318,-0.00038438));
#6158=CARTESIAN_POINT('',(0.0380439590525001,-0.02196469,0.00641562));
#6159=CARTESIAN_POINT('',(0.0395939590525001,-0.0192800112482682,0.00641562));
#6160=CARTESIAN_POINT('',(0.0395939590525001,-0.0192800112482682,0.00641562));
#6161=CARTESIAN_POINT('',(0.0395939590525001,-0.0192800112482682,-0.00038438));
#6162=CARTESIAN_POINT('',(0.0380439590525001,-0.02196469,-0.00038438));
#6163=CARTESIAN_POINT('',(0.0380439590525001,-0.02196469,-0.00388438));
#6164=CARTESIAN_POINT('',(0.0405939590525001,-0.0175479604406994,-0.00388438));
#6165=CARTESIAN_POINT('',(0.0405939590525001,-0.0175479604406994,0.00641562));
#6166=CARTESIAN_POINT('',(0.0405939590525001,-0.0175479604406994,0.00841562));
#6167=CARTESIAN_POINT('',(0.0380439590525001,-0.02196469,0.00841562));
#6168=CARTESIAN_POINT('',(0.0370432548969839,-0.0154979604406994,0.00641562));
#6169=CARTESIAN_POINT('',(0.0295689117983706,-0.0111826464406994,-0.00336361583818604));
#6170=CARTESIAN_POINT('',(0.0295689117983705,-0.0111826464406994,-0.00317612847285886));
#6171=CARTESIAN_POINT('',(0.0295136219001906,-0.0111507248031017,-0.0028177205934154));
#6172=CARTESIAN_POINT('',(0.029372139504301,-0.0110690399037492,-0.00244573663942069));
#6173=CARTESIAN_POINT('',(0.0292246059687553,-0.0109838613772874,-0.00236086011094628));
#6174=CARTESIAN_POINT('',(0.0292246059687553,-0.0109838613772874,-0.00236086011094628));
#6175=CARTESIAN_POINT('',(0.0275305027721622,-0.0100057704406994,0.));
#6176=CARTESIAN_POINT('',(0.0292246059687553,-0.0109838613772874,0.00236086011094628));
#6177=CARTESIAN_POINT('',(0.0292246059687553,-0.0109838613772874,0.00236086011094628));
#6178=CARTESIAN_POINT('',(0.0293721123547304,-0.0110690242289374,0.00244572102018343));
#6179=CARTESIAN_POINT('',(0.0295134456435498,-0.0111506230412827,0.0028169703347439));
#6180=CARTESIAN_POINT('',(0.0295689117983706,-0.0111826464406994,0.00317633267203987));
#6181=CARTESIAN_POINT('',(0.0295689117983706,-0.0111826464406994,0.00336361583818604));
#6182=CARTESIAN_POINT('',(0.0317472376208652,-0.0124403034406994,0.00641562));
#6183=CARTESIAN_POINT('',(0.0330595380395754,-0.0131979604406994,0.00641562));
#6184=CARTESIAN_POINT('',(0.0330595380395754,-0.0131979604406994,0.00691562));
#6185=CARTESIAN_POINT('',(0.0334925507414676,-0.0134479604406994,0.00691562));
#6186=CARTESIAN_POINT('',(0.0334925507414676,-0.0134479604406994,0.00841562));
#6187=CARTESIAN_POINT('',(0.0334925507414676,-0.0134479604406994,0.00841562));
#6188=CARTESIAN_POINT('',(0.0370432548969839,-0.0154979604406994,0.00841562));
#6189=CARTESIAN_POINT('',(0.0370432548969839,-0.0154979604406994,-0.00388438));
#6190=CARTESIAN_POINT('',(0.0344932548969838,-0.01991469,-0.00388438));
#6191=CARTESIAN_POINT('',(0.0246611849523123,-0.0196830786877421,-0.00388438000000006));
#6192=CARTESIAN_POINT('',(0.0247705590809053,-0.0194936371399853,-0.00388438000000006));
#6193=CARTESIAN_POINT('',(0.0248139813448583,-0.0192606640950003,-0.00388438));
#6194=CARTESIAN_POINT('',(0.0247319554202177,-0.0190566929409382,-0.00388438));
#6195=CARTESIAN_POINT('',(0.0247319554202177,-0.0190566929409382,-0.00388438));
#6196=CARTESIAN_POINT('',(0.0249805027721622,-0.0144225,-0.00388438));
#6197=CARTESIAN_POINT('',(0.0288695579090809,-0.0118901552087037,-0.00388438));
#6198=CARTESIAN_POINT('',(0.0288695579090809,-0.0118901552087037,-0.00388438));
#6199=CARTESIAN_POINT('',(0.029087035729083,-0.0118592316673201,-0.00388438));
#6200=CARTESIAN_POINT('',(0.0292673753079559,-0.0117049229624336,-0.00388438));
#6201=CARTESIAN_POINT('',(0.0293766386444289,-0.0115156733122579,-0.00388438));
#6202=CARTESIAN_POINT('',(0.0309425507414677,-0.01786469,0.00841562));
#6203=CARTESIAN_POINT('',(0.0283925507414677,-0.0222814195593007,0.00691562));
#6204=CARTESIAN_POINT('',(0.0309425507414677,-0.01786469,0.00841562));
#6205=CARTESIAN_POINT('',(0.0344932548969838,-0.01991469,0.00841562));
#6206=CARTESIAN_POINT('',(0.0291972376208652,-0.016857033,0.00641562));
#6207=CARTESIAN_POINT('',(0.0330595380395754,-0.0131979604406994,0.00641562));
#6208=CARTESIAN_POINT('',(0.0293110968759138,-0.0116291949853439,0.00641562));
#6209=CARTESIAN_POINT('',(0.029233633854864,-0.01176336487351,0.00641562));
#6210=CARTESIAN_POINT('',(0.0290948713171743,-0.0118564305201767,0.00641562));
#6211=CARTESIAN_POINT('',(0.0289412558361945,-0.0118766170272536,0.00641562));
#6212=CARTESIAN_POINT('',(0.0289412558361946,-0.0118766170272536,0.00641562));
#6213=CARTESIAN_POINT('',(0.0249805027721622,-0.0119526357142857,0.00641562));
#6214=CARTESIAN_POINT('',(0.0265479010032995,-0.015815822484781,0.00641562));
#6215=CARTESIAN_POINT('',(0.0265479010032995,-0.015815822484781,0.00641562));
#6216=CARTESIAN_POINT('',(0.026665175369728,-0.0159906970058911,0.00641562));
#6217=CARTESIAN_POINT('',(0.0266555448172648,-0.0162287460730684,0.00641562));
#6218=CARTESIAN_POINT('',(0.0265505034279621,-0.0164106830962383,0.00641562));
#6219=CARTESIAN_POINT('',(0.0249805027721622,0.0144225,0.08465038));
#6220=CARTESIAN_POINT('',(0.0224305027721622,0.0188392295593006,0.08465038));
#6221=CARTESIAN_POINT('',(0.018879798616646,0.0167892295593006,0.08465038));
#6222=CARTESIAN_POINT('',(0.0208581764701497,0.0179314465455798,0.08465038));
#6223=CARTESIAN_POINT('',(0.0249805027721622,0.0144225,0.08465038));
#6224=CARTESIAN_POINT('',(0.0196622947269755,0.0154339065394847,0.08465038));
#6225=CARTESIAN_POINT('',(0.0214297986166459,0.0123725,0.08465038));
#6226=CARTESIAN_POINT('',(0.0214297986166459,0.0123725,0.09695038));
#6227=CARTESIAN_POINT('',(0.0214297986166459,0.0123725,0.09585038));
#6228=CARTESIAN_POINT('',(0.0196622947269755,0.0154339065394847,0.08465038));
#6229=CARTESIAN_POINT('',(0.019741660104551,0.0152964416731622,0.08465038));
#6230=CARTESIAN_POINT('',(0.0198948651853799,0.0150310826891889,0.084590760788695));
#6231=CARTESIAN_POINT('',(0.0200376716682179,0.0147837346052632,0.08440314117921));
#6232=CARTESIAN_POINT('',(0.0200661356333291,0.0147344335715056,0.0842534060641294));
#6233=CARTESIAN_POINT('',(0.0200661356333291,0.0147344335715056,0.0842534060641294));
#6234=CARTESIAN_POINT('',(0.0214297986166459,0.0123725,0.080766));
#6235=CARTESIAN_POINT('',(0.0227934615999627,0.0100105664284944,0.0842534060641294));
#6236=CARTESIAN_POINT('',(0.0227934615999627,0.0100105664284944,0.0842534060641294));
#6237=CARTESIAN_POINT('',(0.022822018939843,0.0099611036648927,0.0844036323785819));
#6238=CARTESIAN_POINT('',(0.0229639300619894,0.00971530639117615,0.084589910382798));
#6239=CARTESIAN_POINT('',(0.023118022294164,0.00944841081599787,0.08465038));
#6240=CARTESIAN_POINT('',(0.0231973025063163,0.00931109346051527,0.08465038));
#6241=CARTESIAN_POINT('',(0.0239797986166459,0.00795577044069934,0.09695038));
#6242=CARTESIAN_POINT('',(0.0220987530246589,0.0112138369773743,0.09695038));
#6243=CARTESIAN_POINT('',(0.0218752137811674,0.0116010183045871,0.09695038));
#6244=CARTESIAN_POINT('',(0.0214290759634503,0.0123737516720511,0.0970454419005474));
#6245=CARTESIAN_POINT('',(0.0209838599435143,0.0131448884389238,0.09695038));
#6246=CARTESIAN_POINT('',(0.020760844208633,0.0135311630226256,0.09695038));
#6247=CARTESIAN_POINT('',(0.0207608442086329,0.0135311630226256,0.09695038));
#6248=CARTESIAN_POINT('',(0.0214297986166459,0.0123725,0.09695038));
#6249=CARTESIAN_POINT('',(0.018879798616646,0.0167892295593006,0.09695038));
#6250=CARTESIAN_POINT('',(0.018879798616646,0.0167892295593006,0.09695038));
#6251=CARTESIAN_POINT('',(0.0275305027721622,0.0100057704406993,0.09695038));
#6252=CARTESIAN_POINT('',(0.0259581764701497,0.00909798742697854,0.08465038));
#6253=CARTESIAN_POINT('',(0.0264858907149664,0.00940266338827865,0.08465038));
#6254=CARTESIAN_POINT('',(0.0275338152814466,0.0100076829188264,0.0844293560966041));
#6255=CARTESIAN_POINT('',(0.0285776877617713,0.0106103629763415,0.08465038));
#6256=CARTESIAN_POINT('',(0.0291028290741746,0.0109135534544201,0.08465038));
#6257=CARTESIAN_POINT('',(0.0291028290741745,0.0109135534544201,0.08465038));
#6258=CARTESIAN_POINT('',(0.0275305027721622,0.0100057704406993,0.08465038));
#6259=CARTESIAN_POINT('',(0.0310812069276784,0.0120557704406993,0.08465038));
#6260=CARTESIAN_POINT('',(0.0310812069276784,0.0120557704406993,0.09695038));
#6261=CARTESIAN_POINT('',(0.0285312069276784,0.0164725,0.09695038));
#6262=CARTESIAN_POINT('',(0.0300812069276784,0.0137878212482682,0.09695038));
#6263=CARTESIAN_POINT('',(0.0300812069276784,0.0137878212482682,0.09495038));
#6264=CARTESIAN_POINT('',(0.0300812069276784,0.0137878212482682,0.08815038));
#6265=CARTESIAN_POINT('',(0.0285312069276784,0.0164725,0.09495038));
#6266=CARTESIAN_POINT('',(0.0269812069276783,0.0191571787517318,0.09495038));
#6267=CARTESIAN_POINT('',(0.0269812069276783,0.0191571787517318,0.09695038));
#6268=CARTESIAN_POINT('',(0.0269812069276783,0.0191571787517318,0.08815038));
#6269=CARTESIAN_POINT('',(0.0285312069276784,0.0164725,0.08815038));
#6270=CARTESIAN_POINT('',(0.0302987108173488,0.0134110934605152,0.08465038));
#6271=CARTESIAN_POINT('',(0.0302193454397733,0.0135485583268378,0.08465038));
#6272=CARTESIAN_POINT('',(0.0300661403589445,0.0138139173108111,0.084590760788695));
#6273=CARTESIAN_POINT('',(0.0299233338761064,0.0140612653947368,0.0844031411792101));
#6274=CARTESIAN_POINT('',(0.0298948699109952,0.0141105664284944,0.0842534060641294));
#6275=CARTESIAN_POINT('',(0.0302987108173488,0.0134110934605152,0.08465038));
#6276=CARTESIAN_POINT('',(0.0298948699109951,0.0141105664284944,0.0842534060641294));
#6277=CARTESIAN_POINT('',(0.0285312069276784,0.0164725,0.080766));
#6278=CARTESIAN_POINT('',(0.0271675439443615,0.0188344335715056,0.0842534060641294));
#6279=CARTESIAN_POINT('',(0.0271675439443615,0.0188344335715056,0.0842534060641294));
#6280=CARTESIAN_POINT('',(0.0271389866044813,0.0188838963351073,0.0844036323785819));
#6281=CARTESIAN_POINT('',(0.026997075482335,0.0191296936088239,0.0845899103827981));
#6282=CARTESIAN_POINT('',(0.0268429832501602,0.0193965891840021,0.08465038));
#6283=CARTESIAN_POINT('',(0.026763703038008,0.0195339065394847,0.08465038));
#6284=CARTESIAN_POINT('',(0.0259812069276784,0.0208892295593006,0.09695038));
#6285=CARTESIAN_POINT('',(0.0259812069276784,0.0208892295593006,0.09695038));
#6286=CARTESIAN_POINT('',(0.0285312069276784,0.0164725,0.09695038));
#6287=CARTESIAN_POINT('',(0.0278622525196653,0.0176311630226256,0.09695038));
#6288=CARTESIAN_POINT('',(0.0278622525196653,0.0176311630226256,0.09695038));
#6289=CARTESIAN_POINT('',(0.0280857917631568,0.0172439816954129,0.09695038));
#6290=CARTESIAN_POINT('',(0.028531929580874,0.0164712483279489,0.0970454419005474));
#6291=CARTESIAN_POINT('',(0.02897714560081,0.0157001115610761,0.09695038));
#6292=CARTESIAN_POINT('',(0.0292001613356913,0.0153138369773743,0.09695038));
#6293=CARTESIAN_POINT('',(0.0285312069276784,0.0164725,0.08465038));
#6294=CARTESIAN_POINT('',(0.0285312069276784,0.0164725,0.09585038));
#6295=CARTESIAN_POINT('',(0.0224305027721622,0.0188392295593006,0.09695038));
#6296=CARTESIAN_POINT('',(0.0224305027721622,0.0188392295593006,0.09695038));
#6297=CARTESIAN_POINT('',(0.0240028290741746,0.0197470125730214,0.08465038));
#6298=CARTESIAN_POINT('',(0.0234751148293579,0.0194423366117213,0.08465038));
#6299=CARTESIAN_POINT('',(0.0224271902628777,0.0188373170811735,0.084429356096604));
#6300=CARTESIAN_POINT('',(0.021383317782553,0.0182346370236584,0.08465038));
#6301=CARTESIAN_POINT('',(0.0208581764701498,0.0179314465455799,0.08465038));
#6302=CARTESIAN_POINT('',(0.0249805027721622,0.0144225,0.09695038));
#6303=CARTESIAN_POINT('',(0.0249805027721622,0.0144225,0.09695038));
#6304=CARTESIAN_POINT('',(0.0249805027721622,0.0144225,0.08465038));
#6305=CARTESIAN_POINT('',(0.0249805027721622,0.0144225,0.08465038));
#6306=CARTESIAN_POINT('',(0.0249805027721622,0.0144225,0.09585038));
#6307=CARTESIAN_POINT('',(0.0249805027721622,0.0144225,0.0972764669565217));
#6308=CARTESIAN_POINT('',(0.0211365105775241,0.0144225,0.0972764669565217));
#6309=CARTESIAN_POINT('',(0.0265858990964783,-0.015349376,0.));
#6310=CARTESIAN_POINT('',(0.0241246059687552,-0.0198173204958887,-0.00236086011094627));
#6311=CARTESIAN_POINT('',(0.0240516117317645,-0.0197751772535128,-0.00231886628621009));
#6312=CARTESIAN_POINT('',(0.0239668530395441,-0.0197518392384337,-0.00228148819380505));
#6313=CARTESIAN_POINT('',(0.0238794558455819,-0.0197467158148165,-0.00225085530568413));
#6314=CARTESIAN_POINT('',(0.0247319554202177,-0.0190566929409382,-0.00388438));
#6315=CARTESIAN_POINT('',(0.0246710665919882,-0.0189052827054808,-0.00388438));
#6316=CARTESIAN_POINT('',(0.0245848572830366,-0.0187714260437969,-0.0039474062636707));
#6317=CARTESIAN_POINT('',(0.0244994995292587,-0.0186727686517762,-0.00404101228065998));
#6318=CARTESIAN_POINT('',(0.0221805027721621,-0.0192722422611929,0.));
#6319=CARTESIAN_POINT('',(0.0241246059687552,-0.0198173204958887,0.00236086011094627));
#6320=CARTESIAN_POINT('',(0.0240516117317645,-0.0197751772535128,0.00231886628621009));
#6321=CARTESIAN_POINT('',(0.0239668530395441,-0.0197518392384337,0.00228148819380505));
#6322=CARTESIAN_POINT('',(0.0238794558455819,-0.0197467158148165,0.00225085530568413));
#6323=CARTESIAN_POINT('',(0.0249805027721622,-0.0144225,-0.00438438));
#6324=CARTESIAN_POINT('',(0.0288695579090809,-0.0118901552087037,-0.00388438));
#6325=CARTESIAN_POINT('',(0.028707988384667,-0.011913129054379,-0.00388438000000001));
#6326=CARTESIAN_POINT('',(0.0285489604607061,-0.0119053979336194,-0.00394740626366742));
#6327=CARTESIAN_POINT('',(0.0284208417760572,-0.0118808046464548,-0.00404101228065999));
#6328=CARTESIAN_POINT('',(0.0265858990964783,-0.015349376,0.));
#6329=CARTESIAN_POINT('',(0.0260139805183529,-0.0163399680351057,0.00600129553237267));
#6330=CARTESIAN_POINT('',(0.0265858990964783,-0.015349376,0.));
#6331=CARTESIAN_POINT('',(0.0292246059687553,-0.0109838613772874,-0.00236086011094628));
#6332=CARTESIAN_POINT('',(0.0291516117317645,-0.0109417181349115,-0.00231886628621009));
#6333=CARTESIAN_POINT('',(0.0290890210717166,-0.0108799839617964,-0.00228148819381401));
#6334=CARTESIAN_POINT('',(0.029040885459734,-0.0108068574834145,-0.00225085530568414));
#6335=CARTESIAN_POINT('',(0.0260139805183529,-0.0163399680351057,0.00600129553237267));
#6336=CARTESIAN_POINT('',(0.0260139805183529,-0.0163399680351057,0.00600129553237267));
#6337=CARTESIAN_POINT('',(0.0277805027721622,-0.00957275773880716,0.));
#6338=CARTESIAN_POINT('',(0.0292246059687553,-0.0109838613772874,0.00236086011094628));
#6339=CARTESIAN_POINT('',(0.0291516117317645,-0.0109417181349115,0.00231886628621009));
#6340=CARTESIAN_POINT('',(0.0290890210717173,-0.0108799839617965,0.00228148819381282));
#6341=CARTESIAN_POINT('',(0.029040885459734,-0.0108068574834145,0.00225085530568414));
#6342=CARTESIAN_POINT('',(0.0258835370203231,-0.0158854036481912,0.00583895110847464));
#6343=CARTESIAN_POINT('',(0.0269609864706738,-0.0156997056106159,0.00549317661678248));
#6344=CARTESIAN_POINT('',(0.0264469932202451,-0.0165899680351057,0.00600129553237268));
#6345=CARTESIAN_POINT('',(0.0259520042102462,-0.0157522018877669,0.00615690275454905));
#6346=CARTESIAN_POINT('',(0.0270538255188836,-0.0155389036621913,0.00579674512205947));
#6347=CARTESIAN_POINT('',(0.0265253505109821,-0.0164542492264059,0.00631834823263492));
#6348=CARTESIAN_POINT('',(0.0260199025221005,-0.0156204141333461,0.00646463664635643));
#6349=CARTESIAN_POINT('',(0.0271446431540747,-0.015381602903817,0.00608088334121376));
#6350=CARTESIAN_POINT('',(0.026603056749088,-0.0163196580739415,0.00662508091085405));
#6351=CARTESIAN_POINT('',(0.0260871037528837,-0.0154902892215418,0.00676157173249288));
#6352=CARTESIAN_POINT('',(0.0272331952805546,-0.0152282261216345,0.00634561681219533));
#6353=CARTESIAN_POINT('',(0.0266799652126083,-0.0161864487075922,0.00692091440608235));
#6354=CARTESIAN_POINT('',(0.0265479010032995,-0.015815822484781,0.00641562));
#6355=CARTESIAN_POINT('',(0.0264173308657149,-0.0156211218781886,0.00641561999999999));
#6356=CARTESIAN_POINT('',(0.0262265755690299,-0.0155075369373541,0.00657353338350703));
#6357=CARTESIAN_POINT('',(0.0260859012708366,-0.0154926176776255,0.00675625762674531));
#6358=CARTESIAN_POINT('',(0.0265858990964783,-0.015349376,0.));
#6359=CARTESIAN_POINT('',(0.0287520540442707,-0.0115974855733568,0.00430755179603378));
#6360=CARTESIAN_POINT('',(0.0260584758682632,-0.0155024546468842,0.00675581478754925));
#6361=CARTESIAN_POINT('',(0.0260961897587468,-0.0156108284142396,0.00641562));
#6362=CARTESIAN_POINT('',(0.0262141893217937,-0.0159499092417463,0.00641562));
#6363=CARTESIAN_POINT('',(0.0268304996293919,-0.0152294015706198,0.00676810704968908));
#6364=CARTESIAN_POINT('',(0.0269005175156448,-0.0153204168659331,0.00641562000000114));
#6365=CARTESIAN_POINT('',(0.0270977320869555,-0.0156424378314947,0.00641562));
#6366=CARTESIAN_POINT('',(0.028184914111454,-0.0140727685725145,0.00682017617926747));
#6367=CARTESIAN_POINT('',(0.0283153139811623,-0.0140305631386518,0.00641561999999975));
#6368=CARTESIAN_POINT('',(0.0286477920422458,-0.0143400112705641,0.00641562));
#6369=CARTESIAN_POINT('',(0.0285256012102602,-0.0122454236973515,0.00690243931480862));
#6370=CARTESIAN_POINT('',(0.0285339848794222,-0.0122034017603175,0.00641561999999927));
#6371=CARTESIAN_POINT('',(0.0290376914682656,-0.012282329615886,0.00641562));
#6372=CARTESIAN_POINT('',(0.0284008543014956,-0.0113790407529109,0.00694144201132046));
#6373=CARTESIAN_POINT('',(0.0283739490141078,-0.011382978037215,0.00641562));
#6374=CARTESIAN_POINT('',(0.0288949248407765,-0.0113067391212136,0.00641562));
#6375=CARTESIAN_POINT('',(0.0289412558361946,-0.0118766170272536,0.00641562));
#6376=CARTESIAN_POINT('',(0.0287773859380899,-0.0118981510603906,0.00641562));
#6377=CARTESIAN_POINT('',(0.0284902218706548,-0.0117486372461939,0.00659118614590381));
#6378=CARTESIAN_POINT('',(0.0284153992646865,-0.0115247238838576,0.00682554362581201));
#6379=CARTESIAN_POINT('',(0.0284051726678338,-0.0114098803339949,0.00694005367971804));
#6380=CARTESIAN_POINT('',(0.0287520540442707,-0.0115974855733569,0.00430755179603378));
#6381=CARTESIAN_POINT('',(0.0287520540442707,-0.0115974855733569,0.00430755179603376));
#6382=CARTESIAN_POINT('',(0.028405668986206,-0.0114084351587795,0.00695418356290525));
#6383=CARTESIAN_POINT('',(0.0286077556279425,-0.012847417761889,0.00704493697047891));
#6384=CARTESIAN_POINT('',(0.0293334477096565,-0.0115904822057099,0.00692991465109466));
#6385=CARTESIAN_POINT('',(0.0283780241500314,-0.0114890202357809,0.0061649549515922));
#6386=CARTESIAN_POINT('',(0.0286380590479341,-0.0127949306988313,0.00632788823872007));
#6387=CARTESIAN_POINT('',(0.0293018095707463,-0.0116452810697594,0.00613147667801126));
#6388=CARTESIAN_POINT('',(0.0283346079739081,-0.0116005547614791,0.00529591383016395));
#6389=CARTESIAN_POINT('',(0.0286428959551833,-0.012786552929757,0.00546823128035385));
#6390=CARTESIAN_POINT('',(0.0292521219183251,-0.0117313426082617,0.00525333806115699));
#6391=CARTESIAN_POINT('',(0.028276016371717,-0.0117415078555175,0.00435898832537689));
#6392=CARTESIAN_POINT('',(0.0286173909563069,-0.0128307288836143,0.00446854207142479));
#6393=CARTESIAN_POINT('',(0.0291850667461629,-0.0118474855733568,0.0043075517960338));
#6394=CARTESIAN_POINT('',(0.0249805027721622,0.0144225,0.08415038));
#6395=CARTESIAN_POINT('',(0.0227934615999627,0.0100105664284944,0.0842534060641294));
#6396=CARTESIAN_POINT('',(0.0227687035193599,0.0100534486819963,0.0841231658100486));
#6397=CARTESIAN_POINT('',(0.0227059084750207,0.0100555404969803,0.0839910026326219));
#6398=CARTESIAN_POINT('',(0.0226240959382861,0.0100244248506117,0.08388532842099));
#6399=CARTESIAN_POINT('',(0.0298948699109951,0.0141105664284944,0.0842534060641294));
#6400=CARTESIAN_POINT('',(0.0298701118303923,0.0141534486819963,0.0841231658100486));
#6401=CARTESIAN_POINT('',(0.0298996977876462,0.014208876693116,0.0839910026326212));
#6402=CARTESIAN_POINT('',(0.0299675509962235,0.0142641706050937,0.08388532842099));
#6403=CARTESIAN_POINT('',(0.0209967859147537,0.0121225,0.080766));
#6404=CARTESIAN_POINT('',(0.0200661356333291,0.0147344335715056,0.0842534060641294));
#6405=CARTESIAN_POINT('',(0.020090893713932,0.0146915513180036,0.0841231658100485));
#6406=CARTESIAN_POINT('',(0.020061307756678,0.0146361233068844,0.083991002632621));
#6407=CARTESIAN_POINT('',(0.0199934545481009,0.0145808293949062,0.08388532842099));
#6408=CARTESIAN_POINT('',(0.0289642196295706,0.0167225,0.080766));
#6409=CARTESIAN_POINT('',(0.0271675439443615,0.0188344335715056,0.0842534060641294));
#6410=CARTESIAN_POINT('',(0.0271923020249644,0.0187915513180036,0.0841231658100486));
#6411=CARTESIAN_POINT('',(0.0272550970692999,0.018789459503023,0.08399100263262));
#6412=CARTESIAN_POINT('',(0.0273369096060382,0.0188205751493883,0.08388532842099));
#6413=CARTESIAN_POINT('',(0.0249805027721622,0.0144225,0.08415038));
#6414=CARTESIAN_POINT('',(0.0305095380395754,-0.01761469,0.00691562));
#6415=CARTESIAN_POINT('',(0.0249805027721622,0.0144225,0.09745038));
#6416=CARTESIAN_POINT('',(0.016775622864854,0.0191595896231529,0.0542382981103438));
#6417=CARTESIAN_POINT('',(0.0239177431791739,0.0150360845370957,0.0773299265922643));
#6418=CARTESIAN_POINT('',(0.0255711633942543,0.0150360845370957,0.0768185323389106));
#6419=CARTESIAN_POINT('',(0.00318825722783787,0.0144225,0.080766));
#6420=CARTESIAN_POINT('',(0.0213318668078599,0.0144225,0.080766));
#6421=CARTESIAN_POINT('',(0.0213318668078599,0.0161532,0.080766));
#6422=CARTESIAN_POINT('',(0.0249805027721622,0.0144225,0.080766));
#6423=CARTESIAN_POINT('',(0.023156184790011,0.0112626885657527,0.080766));
#6424=CARTESIAN_POINT('',(0.0216573546236813,0.0121280385657527,0.080766));
#6425=CARTESIAN_POINT('',(0.01408438,-0.00445013824689307,0.080766));
#6426=CARTESIAN_POINT('',(0.0127651153994012,-0.0214750571879191,0.0394943202523468));
#6427=CARTESIAN_POINT('',(0.0239177431791738,-0.0150360845370957,0.0034360734077357));
#6428=CARTESIAN_POINT('',(0.0222643229640933,-0.0150360845370957,0.00292467915438198));
#6429=CARTESIAN_POINT('',(0.02096876,-0.00747395769171798,0.));
#6430=CARTESIAN_POINT('',(0.023156184790011,-0.0112626885657527,0.));
#6431=CARTESIAN_POINT('',(0.0246550149563407,-0.0103973385657527,0.));
#6432=CARTESIAN_POINT('',(0.0249805027721622,-0.0144225,0.));
#6433=CARTESIAN_POINT('',(0.0213318668078599,-0.0144225,1.05974810764216E-19));
#6434=CARTESIAN_POINT('',(0.0213318668078599,-0.0144225,-0.0017307));
#6435=CARTESIAN_POINT('',(0.0169570172278379,-0.0144225,1.05974810764216E-19));
#6436=CARTESIAN_POINT('',(0.031769956465058,0.0147628212482682,0.09495038));
#6437=CARTESIAN_POINT('',(0.031769956465058,0.0147628212482682,0.08815038));
#6438=CARTESIAN_POINT('',(0.0247118494242148,0.0106878212482682,0.08815038));
#6439=CARTESIAN_POINT('',(0.0247118494242148,0.0106878212482682,0.09495038));
#6440=CARTESIAN_POINT('',(0.0247118494242148,0.0106878212482682,0.09495038));
#6441=CARTESIAN_POINT('',(0.031769956465058,0.0147628212482682,0.09495038));
#6442=CARTESIAN_POINT('',(0.028669956465058,0.0201321787517318,0.09495038));
#6443=CARTESIAN_POINT('',(0.028669956465058,0.0201321787517318,0.09495038));
#6444=CARTESIAN_POINT('',(0.0216118494242148,0.0160571787517318,0.09495038));
#6445=CARTESIAN_POINT('',(0.0216118494242148,0.0160571787517318,0.09495038));
#6446=CARTESIAN_POINT('',(0.0216118494242148,0.0160571787517318,0.08815038));
#6447=CARTESIAN_POINT('',(0.028669956465058,0.0201321787517318,0.08815038));
#6448=CARTESIAN_POINT('',(0.030219956465058,0.0174475,0.09495038));
#6449=CARTESIAN_POINT('',(0.0231618494242148,0.0133725,0.09495038));
#6450=CARTESIAN_POINT('',(0.030219956465058,0.0174475,0.08815038));
#6451=CARTESIAN_POINT('',(0.0231618494242148,0.0133725,0.08815038));
#6452=CARTESIAN_POINT('',(0.0231618494242148,0.0133725,0.09495038));
#6453=CARTESIAN_POINT('',(0.0381827085898797,-0.0256243687517318,0.00641562));
#6454=CARTESIAN_POINT('',(0.0381827085898797,-0.0256243687517318,-0.00038438));
#6455=CARTESIAN_POINT('',(0.0311246015490365,-0.0215493687517318,-0.00038438));
#6456=CARTESIAN_POINT('',(0.0311246015490365,-0.0215493687517318,0.00641562));
#6457=CARTESIAN_POINT('',(0.0311246015490365,-0.0215493687517318,0.00641562));
#6458=CARTESIAN_POINT('',(0.0381827085898797,-0.0256243687517318,0.00641562));
#6459=CARTESIAN_POINT('',(0.0412827085898797,-0.0202550112482682,0.00641562));
#6460=CARTESIAN_POINT('',(0.0412827085898797,-0.0202550112482682,0.00641562));
#6461=CARTESIAN_POINT('',(0.0342246015490365,-0.0161800112482683,0.00641562));
#6462=CARTESIAN_POINT('',(0.0342246015490365,-0.0161800112482683,0.00641562));
#6463=CARTESIAN_POINT('',(0.0342246015490365,-0.0161800112482683,-0.00038438));
#6464=CARTESIAN_POINT('',(0.0412827085898797,-0.0202550112482682,-0.00038438));
#6465=CARTESIAN_POINT('',(0.0397327085898797,-0.02293969,0.00641562));
#6466=CARTESIAN_POINT('',(0.0326746015490365,-0.01886469,0.00641562));
#6467=CARTESIAN_POINT('',(0.0397327085898797,-0.02293969,-0.00038438));
#6468=CARTESIAN_POINT('',(0.0326746015490365,-0.01886469,-0.00038438));
#6469=CARTESIAN_POINT('',(0.0326746015490365,-0.01886469,0.00641562));
#6470=CARTESIAN_POINT('',(0.,0.,0.));
#6471=CARTESIAN_POINT('',(-0.0249805027721622,-0.0144225,0.));
#6472=CARTESIAN_POINT('',(-0.0213318668078599,-0.0144225,1.05974810764216E-19));
#6473=CARTESIAN_POINT('',(-0.0213318668078599,-0.0144225,0.0017307));
#6474=CARTESIAN_POINT('',(-0.0249805027721622,-0.0131953309258087,0.0034360734077357));
#6475=CARTESIAN_POINT('',(-0.0249805027721622,-0.0115654581994115,0.00285397600545099));
#6476=CARTESIAN_POINT('',(-0.023156184790011,-0.0112626885657527,0.));
#6477=CARTESIAN_POINT('',(-0.0216573546236813,-0.0121280385657527,0.));
#6478=CARTESIAN_POINT('',(1.76624684607027E-18,0.028845,0.));
#6479=CARTESIAN_POINT('',(0.00106275959298832,0.0282314154629043,0.0034360734077357));
#6480=CARTESIAN_POINT('',(-0.000590660622092163,0.0282314154629043,0.00394746766108942));
#6481=CARTESIAN_POINT('',(0.00182431798215114,0.0256851885657527,0.));
#6482=CARTESIAN_POINT('',(0.000325487815821416,0.0248198385657527,0.));
#6483=CARTESIAN_POINT('',(-0.00182431798215113,0.0256851885657527,0.));
#6484=CARTESIAN_POINT('',(-0.00332314814848086,0.0265505385657527,0.));
#6485=CARTESIAN_POINT('',(-0.0249805027721622,0.0144225,0.080766));
#6486=CARTESIAN_POINT('',(-0.0213318668078599,0.0144225,0.080766));
#6487=CARTESIAN_POINT('',(-0.0213318668078599,0.0126918,0.080766));
#6488=CARTESIAN_POINT('',(-0.0249805027721622,0.0131953309258087,0.0773299265922643));
#6489=CARTESIAN_POINT('',(-0.0249805027721622,0.0115654581994115,0.077912023994549));
#6490=CARTESIAN_POINT('',(-0.023156184790011,0.0112626885657527,0.080766));
#6491=CARTESIAN_POINT('',(-0.0246550149563407,0.0103973385657527,0.080766));
#6492=CARTESIAN_POINT('',(-5.29874053821081E-18,-0.028845,0.080766));
#6493=CARTESIAN_POINT('',(0.00106275959298831,-0.0282314154629043,0.0773299265922643));
#6494=CARTESIAN_POINT('',(0.00271617980806879,-0.0282314154629043,0.077841320845618));
#6495=CARTESIAN_POINT('',(0.00182431798215114,-0.0256851885657527,0.080766));
#6496=CARTESIAN_POINT('',(0.00332314814848087,-0.0265505385657527,0.080766));
#6497=CARTESIAN_POINT('',(-0.00182431798215114,-0.0256851885657527,0.080766));
#6498=CARTESIAN_POINT('',(-0.000325487815821411,-0.0248198385657527,0.080766));
#6499=CARTESIAN_POINT('',(0.0249805027721622,-0.0144225,0.));
#6500=CARTESIAN_POINT('',(0.023156184790011,-0.0112626885657527,0.));
#6501=CARTESIAN_POINT('',(0.0246550149563407,-0.0103973385657527,0.));
#6502=CARTESIAN_POINT('',(0.0239177431791738,-0.0150360845370957,0.00343607340773569));
#6503=CARTESIAN_POINT('',(0.0222643229640933,-0.0150360845370957,0.00292467915438196));
#6504=CARTESIAN_POINT('',(0.0213318668078599,-0.0144225,1.05974810764216E-19));
#6505=CARTESIAN_POINT('',(0.0213318668078599,-0.0144225,-0.0017307));
#6506=CARTESIAN_POINT('',(0.0249805027721622,0.0144225,0.080766));
#6507=CARTESIAN_POINT('',(0.0239177431791739,0.0150360845370957,0.0773299265922643));
#6508=CARTESIAN_POINT('',(0.0255711633942543,0.0150360845370957,0.0768185323389106));
#6509=CARTESIAN_POINT('',(0.0213318668078599,0.0144225,0.080766));
#6510=CARTESIAN_POINT('',(0.0213318668078599,0.0161532,0.080766));
#6511=CARTESIAN_POINT('',(0.023156184790011,0.0112626885657527,0.080766));
#6512=CARTESIAN_POINT('',(0.0216573546236813,0.0121280385657527,0.080766));
#6513=CARTESIAN_POINT('',(6.93889390390723E-18,0.028845,0.));
#6514=CARTESIAN_POINT('',(0.0249805027721622,0.0144225,0.080766));
#6515=CARTESIAN_POINT('',(-0.0249805027721622,0.0144225,0.080766));
#6516=CARTESIAN_POINT('',(-3.46944695195361E-18,-0.028845,0.080766));
#6517=CARTESIAN_POINT('',(0.0249805027721622,0.0144225,0.080766));
#6518=CARTESIAN_POINT('',(0.0249805027721622,-0.0144225,1.05974810764216E-19));
#6519=CARTESIAN_POINT('',(-0.0249805027721622,0.0144225,0.080766));
#6520=CARTESIAN_POINT('',(-6.93889390390723E-18,-0.028845,0.080766));
#6521=CARTESIAN_POINT('',(-0.0249805027721622,-0.0144225,0.));
#6522=MECHANICAL_DESIGN_GEOMETRIC_PRESENTATION_REPRESENTATION('',(#3534),
#6526);
#6523=MECHANICAL_DESIGN_GEOMETRIC_PRESENTATION_REPRESENTATION('',(#3535),
#6527);
#6524=MECHANICAL_DESIGN_GEOMETRIC_PRESENTATION_REPRESENTATION('',(#3536),
#6528);
#6525=MECHANICAL_DESIGN_GEOMETRIC_PRESENTATION_REPRESENTATION('',(#3537),
#6529);
#6526=(
GEOMETRIC_REPRESENTATION_CONTEXT(3)
GLOBAL_UNCERTAINTY_ASSIGNED_CONTEXT((#6530))
GLOBAL_UNIT_ASSIGNED_CONTEXT((#6542,#6538,#6534))
REPRESENTATION_CONTEXT('t3-prism-struts (PLA)',
'TOP_LEVEL_ASSEMBLY_PART')
);
#6527=(
GEOMETRIC_REPRESENTATION_CONTEXT(3)
GLOBAL_UNCERTAINTY_ASSIGNED_CONTEXT((#6531))
GLOBAL_UNIT_ASSIGNED_CONTEXT((#6543,#6539,#6535))
REPRESENTATION_CONTEXT('t3-prism-struts (PLA)',
'TOP_LEVEL_ASSEMBLY_PART')
);
#6528=(
GEOMETRIC_REPRESENTATION_CONTEXT(3)
GLOBAL_UNCERTAINTY_ASSIGNED_CONTEXT((#6532))
GLOBAL_UNIT_ASSIGNED_CONTEXT((#6544,#6540,#6536))
REPRESENTATION_CONTEXT('t3-prism-struts (PLA)',
'TOP_LEVEL_ASSEMBLY_PART')
);
#6529=(
GEOMETRIC_REPRESENTATION_CONTEXT(3)
GLOBAL_UNCERTAINTY_ASSIGNED_CONTEXT((#6533))
GLOBAL_UNIT_ASSIGNED_CONTEXT((#6545,#6541,#6537))
REPRESENTATION_CONTEXT('t3-prism-cables (TPU)',
'TOP_LEVEL_ASSEMBLY_PART')
);
#6530=UNCERTAINTY_MEASURE_WITH_UNIT(LENGTH_MEASURE(2.E-5),#6542,
'DISTANCE_ACCURACY_VALUE','Maximum Tolerance applied to model');
#6531=UNCERTAINTY_MEASURE_WITH_UNIT(LENGTH_MEASURE(2.E-5),#6543,
'DISTANCE_ACCURACY_VALUE','Maximum Tolerance applied to model');
#6532=UNCERTAINTY_MEASURE_WITH_UNIT(LENGTH_MEASURE(2.E-5),#6544,
'DISTANCE_ACCURACY_VALUE','Maximum Tolerance applied to model');
#6533=UNCERTAINTY_MEASURE_WITH_UNIT(LENGTH_MEASURE(1.E-8),#6545,
'DISTANCE_ACCURACY_VALUE','Maximum Tolerance applied to model');
#6534=(
NAMED_UNIT(*)
SI_UNIT($,.STERADIAN.)
SOLID_ANGLE_UNIT()
);
#6535=(
NAMED_UNIT(*)
SI_UNIT($,.STERADIAN.)
SOLID_ANGLE_UNIT()
);
#6536=(
NAMED_UNIT(*)
SI_UNIT($,.STERADIAN.)
SOLID_ANGLE_UNIT()
);
#6537=(
NAMED_UNIT(*)
SI_UNIT($,.STERADIAN.)
SOLID_ANGLE_UNIT()
);
#6538=(
NAMED_UNIT(*)
PLANE_ANGLE_UNIT()
SI_UNIT($,.RADIAN.)
);
#6539=(
NAMED_UNIT(*)
PLANE_ANGLE_UNIT()
SI_UNIT($,.RADIAN.)
);
#6540=(
NAMED_UNIT(*)
PLANE_ANGLE_UNIT()
SI_UNIT($,.RADIAN.)
);
#6541=(
NAMED_UNIT(*)
PLANE_ANGLE_UNIT()
SI_UNIT($,.RADIAN.)
);
#6542=(
LENGTH_UNIT()
NAMED_UNIT(*)
SI_UNIT($,.METRE.)
);
#6543=(
LENGTH_UNIT()
NAMED_UNIT(*)
SI_UNIT($,.METRE.)
);
#6544=(
LENGTH_UNIT()
NAMED_UNIT(*)
SI_UNIT($,.METRE.)
);
#6545=(
LENGTH_UNIT()
NAMED_UNIT(*)
SI_UNIT($,.METRE.)
);
#6546=PRODUCT_DEFINITION_SHAPE('','',#6550);
#6547=PRODUCT_DEFINITION_SHAPE('','',#6551);
#6548=PRODUCT_DEFINITION_SHAPE('','',#6552);
#6549=PRODUCT_DEFINITION_SHAPE('','',#6553);
#6550=PRODUCT_DEFINITION('','',#6558,#6554);
#6551=PRODUCT_DEFINITION('','',#6559,#6555);
#6552=PRODUCT_DEFINITION('','',#6560,#6556);
#6553=PRODUCT_DEFINITION('','',#6561,#6557);
#6554=PRODUCT_DEFINITION_CONTEXT('',#6582,'design');
#6555=PRODUCT_DEFINITION_CONTEXT('',#6583,'design');
#6556=PRODUCT_DEFINITION_CONTEXT('',#6584,'design');
#6557=PRODUCT_DEFINITION_CONTEXT('',#6585,'design');
#6558=PRODUCT_DEFINITION_FORMATION_WITH_SPECIFIED_SOURCE('','',#6566,
 .NOT_KNOWN.);
#6559=PRODUCT_DEFINITION_FORMATION_WITH_SPECIFIED_SOURCE('','',#6567,
 .NOT_KNOWN.);
#6560=PRODUCT_DEFINITION_FORMATION_WITH_SPECIFIED_SOURCE('','',#6568,
 .NOT_KNOWN.);
#6561=PRODUCT_DEFINITION_FORMATION_WITH_SPECIFIED_SOURCE('','',#6569,
 .NOT_KNOWN.);
#6562=PRODUCT_RELATED_PRODUCT_CATEGORY('','',(#6566));
#6563=PRODUCT_RELATED_PRODUCT_CATEGORY('','',(#6567));
#6564=PRODUCT_RELATED_PRODUCT_CATEGORY('','',(#6568));
#6565=PRODUCT_RELATED_PRODUCT_CATEGORY('','',(#6569));
#6566=PRODUCT('t3-prism-struts (PLA)','t3-prism-struts (PLA)',
't3-prism-struts (PLA)',(#6574));
#6567=PRODUCT('t3-prism-struts (PLA)','t3-prism-struts (PLA)',
't3-prism-struts (PLA)',(#6575));
#6568=PRODUCT('t3-prism-struts (PLA)','t3-prism-struts (PLA)',
't3-prism-struts (PLA)',(#6576));
#6569=PRODUCT('t3-prism-cables (TPU)','t3-prism-cables (TPU)',
't3-prism-cables (TPU)',(#6577));
#6570=PRODUCT_CATEGORY('','');
#6571=PRODUCT_CATEGORY('','');
#6572=PRODUCT_CATEGORY('','');
#6573=PRODUCT_CATEGORY('','');
#6574=PRODUCT_CONTEXT('',#6582,'mechanical');
#6575=PRODUCT_CONTEXT('',#6583,'mechanical');
#6576=PRODUCT_CONTEXT('',#6584,'mechanical');
#6577=PRODUCT_CONTEXT('',#6585,'mechanical');
#6578=APPLICATION_PROTOCOL_DEFINITION('international standard',
'automotive_design',2010,#6582);
#6579=APPLICATION_PROTOCOL_DEFINITION('international standard',
'automotive_design',2010,#6583);
#6580=APPLICATION_PROTOCOL_DEFINITION('international standard',
'automotive_design',2010,#6584);
#6581=APPLICATION_PROTOCOL_DEFINITION('international standard',
'automotive_design',2010,#6585);
#6582=APPLICATION_CONTEXT(
'core data for automotive mechanical design processes');
#6583=APPLICATION_CONTEXT(
'core data for automotive mechanical design processes');
#6584=APPLICATION_CONTEXT(
'core data for automotive mechanical design processes');
#6585=APPLICATION_CONTEXT(
'core data for automotive mechanical design processes');
ENDSEC;
END-ISO-10303-21;
