ISO-10303-21;
HEADER;
FILE_DESCRIPTION(('Open CASCADE Model'),'2;1');
FILE_NAME('Open CASCADE Shape Model','2026-08-05T02:05:54',('Author'),(
    'Open CASCADE'),'Open CASCADE STEP processor 7.9','build123d',
  'Unknown');
FILE_SCHEMA(('AUTOMOTIVE_DESIGN { 1 0 10303 214 1 1 1 1 }'));
ENDSEC;
DATA;
#1 = APPLICATION_PROTOCOL_DEFINITION('international standard',
  'automotive_design',2000,#2);
#2 = APPLICATION_CONTEXT(
  'core data for automotive mechanical design processes');
#3 = SHAPE_DEFINITION_REPRESENTATION(#4,#10);
#4 = PRODUCT_DEFINITION_SHAPE('','',#5);
#5 = PRODUCT_DEFINITION('design','',#6,#9);
#6 = PRODUCT_DEFINITION_FORMATION('','',#7);
#7 = PRODUCT('COMPOUND','COMPOUND','',(#8));
#8 = PRODUCT_CONTEXT('',#2,'mechanical');
#9 = PRODUCT_DEFINITION_CONTEXT('part definition',#2,'design');
#10 = ADVANCED_BREP_SHAPE_REPRESENTATION('',(#11,#15),#5160);
#11 = AXIS2_PLACEMENT_3D('',#12,#13,#14);
#12 = CARTESIAN_POINT('',(0.,0.,0.));
#13 = DIRECTION('',(0.,0.,1.));
#14 = DIRECTION('',(1.,0.,-0.));
#15 = MANIFOLD_SOLID_BREP('',#16);
#16 = CLOSED_SHELL('',(#17,#516,#842,#1458,#2052,#2450,#2633,#2738,#3233
    ,#3402,#3945,#3974,#4430,#5019,#5124));
#17 = ADVANCED_FACE('',(#18),#149,.T.);
#18 = FACE_BOUND('',#19,.T.);
#19 = EDGE_LOOP('',(#20,#410,#433,#515));
#20 = ORIENTED_EDGE('',*,*,#21,.F.);
#21 = EDGE_CURVE('',#22,#22,#24,.T.);
#22 = VERTEX_POINT('',#23);
#23 = CARTESIAN_POINT('',(-24.65501495634,-10.39733856575,
    4.238992430569E-16));
#24 = SURFACE_CURVE('',#25,(#148,#279),.PCURVE_S1.);
#25 = B_SPLINE_CURVE_WITH_KNOTS('',6,(#26,#27,#28,#29,#30,#31,#32,#33,
    #34,#35,#36,#37,#38,#39,#40,#41,#42,#43,#44,#45,#46,#47,#48,#49,#50,
    #51,#52,#53,#54,#55,#56,#57,#58,#59,#60,#61,#62,#63,#64,#65,#66,#67,
    #68,#69,#70,#71,#72,#73,#74,#75,#76,#77,#78,#79,#80,#81,#82,#83,#84,
    #85,#86,#87,#88,#89,#90,#91,#92,#93,#94,#95,#96,#97,#98,#99,#100,
    #101,#102,#103,#104,#105,#106,#107,#108,#109,#110,#111,#112,#113,
    #114,#115,#116,#117,#118,#119,#120,#121,#122,#123,#124,#125,#126,
    #127,#128,#129,#130,#131,#132,#133,#134,#135,#136,#137,#138,#139,
    #140,#141,#142,#143,#144,#145,#146,#147),.UNSPECIFIED.,.T.,.F.,(7,5,
    5,5,5,5,5,5,5,5,5,5,5,5,5,5,5,5,5,5,5,5,5,5,7),(0.,
    7.224048935533E-02,9.733017169579E-02,0.112388331779,0.121927653297,
    0.135990075137,0.143526081438,0.249748250608,0.356474294865,
    0.371042227636,0.38711000216,0.401164533252,0.424749398411,
    0.449333108483,0.500001610975,0.550670113467,0.57525382354,
    0.643527427456,0.749749096171,0.8564746376,0.871042501735,
    0.887110200557,0.901164665433,0.924749419474,1.),.UNSPECIFIED.);
#26 = CARTESIAN_POINT('',(-24.65501495634,-10.39733856575,
    4.440892098501E-16));
#27 = CARTESIAN_POINT('',(-24.65501495634,-10.39733856575,
    -0.131150735161));
#28 = CARTESIAN_POINT('',(-24.64468658349,-10.40330165459,
    -0.262307496176));
#29 = CARTESIAN_POINT('',(-24.62402814421,-10.41522881007,
    -0.392097636696));
#30 = CARTESIAN_POINT('',(-24.59322423695,-10.43301345422,
    -0.519178103728));
#31 = CARTESIAN_POINT('',(-24.55261973524,-10.45645647421,
    -0.642243763307));
#32 = CARTESIAN_POINT('',(-24.48542667661,-10.4952504047,-0.800968981537
    ));
#33 = CARTESIAN_POINT('',(-24.46698736396,-10.50589634682,
    -0.841252079492));
#34 = CARTESIAN_POINT('',(-24.44745164913,-10.51717529704,
    -0.880850813375));
#35 = CARTESIAN_POINT('',(-24.42684379396,-10.52907324777,
    -0.919715308676));
#36 = CARTESIAN_POINT('',(-24.40519037665,-10.54157485408,
    -0.957797237308));
#37 = CARTESIAN_POINT('',(-24.36891430972,-10.56251885109,
    -1.017407825575));
#38 = CARTESIAN_POINT('',(-24.35494210237,-10.57058570876,
    -1.039467121892));
#39 = CARTESIAN_POINT('',(-24.34060990858,-10.57886040471,
    -1.061217612577));
#40 = CARTESIAN_POINT('',(-24.32592424219,-10.58733917815,
    -1.082649453066));
#41 = CARTESIAN_POINT('',(-24.31089189208,-10.59601810953,
    -1.103753048212));
#42 = CARTESIAN_POINT('',(-24.28578180254,-10.61051542649,
    -1.137674284292));
#43 = CARTESIAN_POINT('',(-24.27590738497,-10.61621642413,
    -1.150694036472));
#44 = CARTESIAN_POINT('',(-24.26589846428,-10.62199507718,
    -1.163575934492));
#45 = CARTESIAN_POINT('',(-24.25575687634,-10.62785032571,
    -1.176317648756));
#46 = CARTESIAN_POINT('',(-24.24548449798,-10.63378108612,
    -1.188916894403));
#47 = CARTESIAN_POINT('',(-24.21975020907,-10.64863878475,
    -1.219731327387));
#48 = CARTESIAN_POINT('',(-24.20413711067,-10.65765301132,
    -1.237776756941));
#49 = CARTESIAN_POINT('',(-24.18825009969,-10.66682538138,
    -1.255500540012));
#50 = CARTESIAN_POINT('',(-24.17209549986,-10.67615224394,
    -1.272895726873));
#51 = CARTESIAN_POINT('',(-24.15567981074,-10.68562984648,
    -1.289955598034));
#52 = CARTESIAN_POINT('',(-24.13007625354,-10.70041206712,
    -1.315632821746));
#53 = CARTESIAN_POINT('',(-24.12106973439,-10.70561198337,
    -1.324493818816));
#54 = CARTESIAN_POINT('',(-24.11199117687,-10.710853491,-1.333255657475)
  );
#55 = CARTESIAN_POINT('',(-24.10284162056,-10.7161359898,-1.341917359984
    ));
#56 = CARTESIAN_POINT('',(-24.09362211803,-10.72145887207,
    -1.350477968843));
#57 = CARTESIAN_POINT('',(-23.95341131166,-10.80240961887,
    -1.478162627652));
#58 = CARTESIAN_POINT('',(-23.80875756666,-10.88592549748,
    -1.577159552106));
#59 = CARTESIAN_POINT('',(-23.65345596607,-10.97558891838,
    -1.653170374567));
#60 = CARTESIAN_POINT('',(-23.49094028631,-11.06941738984,
    -1.704561575889));
#61 = CARTESIAN_POINT('',(-23.32472865192,-11.1653797217,-1.730394915471
    ));
#62 = CARTESIAN_POINT('',(-22.99158502204,-11.35772028609,-1.73100220814
    ));
#63 = CARTESIAN_POINT('',(-22.82451514699,-11.45417812343,
    -1.705533608366));
#64 = CARTESIAN_POINT('',(-22.66112565907,-11.54851108826,
    -1.654251011408));
#65 = CARTESIAN_POINT('',(-22.50498549013,-11.63865865683,
    -1.578098977011));
#66 = CARTESIAN_POINT('',(-22.35957941917,-11.72260889104,
    -1.478728286123));
#67 = CARTESIAN_POINT('',(-22.21008035961,-11.80892221332,
    -1.342585167721));
#68 = CARTESIAN_POINT('',(-22.19238227229,-11.8191402088,-1.32585250435)
  );
#69 = CARTESIAN_POINT('',(-22.17494928761,-11.8292051472,-1.308745332571
    ));
#70 = CARTESIAN_POINT('',(-22.1577889214,-11.83911268925,-1.291270705496
    ));
#71 = CARTESIAN_POINT('',(-22.1409085009,-11.84885860457,-1.273435953453
    ));
#72 = CARTESIAN_POINT('',(-22.10601346141,-11.86900526501,
    -1.235188943887));
#73 = CARTESIAN_POINT('',(-22.08806098895,-11.87937012982,
    -1.214700352901));
#74 = CARTESIAN_POINT('',(-22.07046732666,-11.88952783547,
    -1.193793121863));
#75 = CARTESIAN_POINT('',(-22.05324173319,-11.8994730365,-1.17247783249)
  );
#76 = CARTESIAN_POINT('',(-22.03639314652,-11.90920057255,
    -1.150765437371));
#77 = CARTESIAN_POINT('',(-22.00552998075,-11.92701942962,
    -1.109337917202));
#78 = CARTESIAN_POINT('',(-21.99142481427,-11.93516305128,
    -1.089713402112));
#79 = CARTESIAN_POINT('',(-21.97762044871,-11.94313300546,
    -1.069801290625));
#80 = CARTESIAN_POINT('',(-21.96412244066,-11.95092608403,
    -1.049609349742));
#81 = CARTESIAN_POINT('',(-21.9509361392,-11.95853919873,-1.029145537541
    ));
#82 = CARTESIAN_POINT('',(-21.916470496,-11.97843794711,-0.973635191862)
  );
#83 = CARTESIAN_POINT('',(-21.89576652521,-11.99039139022,
    -0.938109682919));
#84 = CARTESIAN_POINT('',(-21.87597909833,-12.00181566646,
    -0.901880052951));
#85 = CARTESIAN_POINT('',(-21.85713074597,-12.01269776776,
    -0.864986119355));
#86 = CARTESIAN_POINT('',(-21.83924220454,-12.02302572197,
    -0.827468940322));
#87 = CARTESIAN_POINT('',(-21.80470647985,-12.04296493192,
    -0.749659191947));
#88 = CARTESIAN_POINT('',(-21.78814391446,-12.05252733351,
    -0.709316265745));
#89 = CARTESIAN_POINT('',(-21.77266615801,-12.06146342036,
    -0.668389939437));
#90 = CARTESIAN_POINT('',(-21.75829238358,-12.06976212289,
    -0.626929158388));
#91 = CARTESIAN_POINT('',(-21.74503949944,-12.07741367913,
    -0.584983910133));
#92 = CARTESIAN_POINT('',(-21.70794756213,-12.09882871911,
    -0.455260208548));
#93 = CARTESIAN_POINT('',(-21.6877963391,-12.11046303316,-0.366072361011
    ));
#94 = CARTESIAN_POINT('',(-21.67259705447,-12.11923834423,
    -0.275490229452));
#95 = CARTESIAN_POINT('',(-21.66243548967,-12.1251051264,-0.183972569115
    ));
#96 = CARTESIAN_POINT('',(-21.65735462368,-12.12803856575,
    -9.198555598812E-02));
#97 = CARTESIAN_POINT('',(-21.65735462368,-12.12803856575,
    9.198555598819E-02));
#98 = CARTESIAN_POINT('',(-21.66243548967,-12.1251051264,0.183972569115)
  );
#99 = CARTESIAN_POINT('',(-21.67259705447,-12.11923834423,0.275490229452
    ));
#100 = CARTESIAN_POINT('',(-21.6877963391,-12.11046303316,0.366072361011
    ));
#101 = CARTESIAN_POINT('',(-21.70794756213,-12.09882871911,
    0.455260208548));
#102 = CARTESIAN_POINT('',(-21.74503949944,-12.07741367913,
    0.584983910133));
#103 = CARTESIAN_POINT('',(-21.75829238358,-12.06976212289,
    0.626929158388));
#104 = CARTESIAN_POINT('',(-21.77266615801,-12.06146342036,
    0.668389939437));
#105 = CARTESIAN_POINT('',(-21.78814391446,-12.05252733351,
    0.709316265745));
#106 = CARTESIAN_POINT('',(-21.80470647985,-12.04296493192,
    0.749659191947));
#107 = CARTESIAN_POINT('',(-21.87128296911,-12.00452697793,
    0.899657488586));
#108 = CARTESIAN_POINT('',(-21.9284389558,-11.97152795362,1.005083935681
    ));
#109 = CARTESIAN_POINT('',(-21.99333640153,-11.93405939586,
    1.104607597146));
#110 = CARTESIAN_POINT('',(-22.06538369506,-11.89246287155,
    1.197292373231));
#111 = CARTESIAN_POINT('',(-22.14388591815,-11.84713959191,
    1.282304402697));
#112 = CARTESIAN_POINT('',(-22.35895826835,-11.72296751263,
    1.478162627652));
#113 = CARTESIAN_POINT('',(-22.50361201335,-11.63945163401,
    1.577159552106));
#114 = CARTESIAN_POINT('',(-22.65891361394,-11.54978821311,
    1.653170374567));
#115 = CARTESIAN_POINT('',(-22.8214292937,-11.45595974165,1.704561575889
    ));
#116 = CARTESIAN_POINT('',(-22.98764092809,-11.3599974098,1.730394915471
    ));
#117 = CARTESIAN_POINT('',(-23.32078455797,-11.1676568454,1.73100220814)
  );
#118 = CARTESIAN_POINT('',(-23.48785443302,-11.07119900807,
    1.705533608366));
#119 = CARTESIAN_POINT('',(-23.65124392095,-10.97686604324,
    1.654251011408));
#120 = CARTESIAN_POINT('',(-23.80738408988,-10.88671847467,
    1.578098977011));
#121 = CARTESIAN_POINT('',(-23.95279016084,-10.80276824046,
    1.478728286123));
#122 = CARTESIAN_POINT('',(-24.10228922041,-10.71645491818,
    1.342585167721));
#123 = CARTESIAN_POINT('',(-24.11998730773,-10.7062369227,1.32585250435)
  );
#124 = CARTESIAN_POINT('',(-24.13742029241,-10.6961719843,1.30874533257)
  );
#125 = CARTESIAN_POINT('',(-24.15458065862,-10.68626444225,
    1.291270705496));
#126 = CARTESIAN_POINT('',(-24.17146107911,-10.67651852693,
    1.273435953453));
#127 = CARTESIAN_POINT('',(-24.2063561186,-10.65637186649,1.235188943887
    ));
#128 = CARTESIAN_POINT('',(-24.22430859106,-10.64600700168,1.2147003529)
  );
#129 = CARTESIAN_POINT('',(-24.24190225335,-10.63584929602,
    1.193793121863));
#130 = CARTESIAN_POINT('',(-24.25912784683,-10.62590409499,1.17247783249
    ));
#131 = CARTESIAN_POINT('',(-24.2759764335,-10.61617655894,1.150765437371
    ));
#132 = CARTESIAN_POINT('',(-24.30683959926,-10.59835770188,
    1.109337917202));
#133 = CARTESIAN_POINT('',(-24.32094476574,-10.59021408022,
    1.089713402112));
#134 = CARTESIAN_POINT('',(-24.33474913131,-10.58224412604,
    1.069801290625));
#135 = CARTESIAN_POINT('',(-24.34824713935,-10.57445104746,
    1.049609349742));
#136 = CARTESIAN_POINT('',(-24.36143344081,-10.56683793277,
    1.029145537541));
#137 = CARTESIAN_POINT('',(-24.39589908401,-10.54693918438,
    0.973635191862));
#138 = CARTESIAN_POINT('',(-24.4166030548,-10.53498574128,0.938109682919
    ));
#139 = CARTESIAN_POINT('',(-24.43639048168,-10.52356146504,
    0.901880052951));
#140 = CARTESIAN_POINT('',(-24.45523883404,-10.51267936373,
    0.864986119355));
#141 = CARTESIAN_POINT('',(-24.47312737547,-10.50235140952,
    0.827468940322));
#142 = CARTESIAN_POINT('',(-24.5439902974,-10.46143868247,0.667813216466
    ));
#143 = CARTESIAN_POINT('',(-24.58798384858,-10.43603899386,
    0.540331613355));
#144 = CARTESIAN_POINT('',(-24.62139169668,-10.41675096376,
    0.408316435118));
#145 = CARTESIAN_POINT('',(-24.64380835209,-10.40380870172,
    0.273237411881));
#146 = CARTESIAN_POINT('',(-24.65501495634,-10.39733856575,
    0.136612911395));
#147 = CARTESIAN_POINT('',(-24.65501495634,-10.39733856575,
    4.440892098501E-16));
#148 = PCURVE('',#149,#154);
#149 = CYLINDRICAL_SURFACE('',#150,1.7307);
#150 = AXIS2_PLACEMENT_3D('',#151,#152,#153);
#151 = CARTESIAN_POINT('',(1.76624684607E-15,28.845,0.));
#152 = DIRECTION('',(-0.5,-0.866025403784,0.));
#153 = DIRECTION('',(-0.866025403784,0.5,0.));
#154 = DEFINITIONAL_REPRESENTATION('',(#155),#278);
#155 = B_SPLINE_CURVE_WITH_KNOTS('',6,(#156,#157,#158,#159,#160,#161,
    #162,#163,#164,#165,#166,#167,#168,#169,#170,#171,#172,#173,#174,
    #175,#176,#177,#178,#179,#180,#181,#182,#183,#184,#185,#186,#187,
    #188,#189,#190,#191,#192,#193,#194,#195,#196,#197,#198,#199,#200,
    #201,#202,#203,#204,#205,#206,#207,#208,#209,#210,#211,#212,#213,
    #214,#215,#216,#217,#218,#219,#220,#221,#222,#223,#224,#225,#226,
    #227,#228,#229,#230,#231,#232,#233,#234,#235,#236,#237,#238,#239,
    #240,#241,#242,#243,#244,#245,#246,#247,#248,#249,#250,#251,#252,
    #253,#254,#255,#256,#257,#258,#259,#260,#261,#262,#263,#264,#265,
    #266,#267,#268,#269,#270,#271,#272,#273,#274,#275,#276,#277),
  .UNSPECIFIED.,.F.,.F.,(7,5,5,5,5,5,5,5,5,5,5,5,5,5,5,5,5,5,5,5,5,5,5,5
    ,7),(0.,7.224048935533E-02,9.733017169579E-02,0.112388331779,
    0.121927653297,0.135990075137,0.143526081438,0.249748250608,
    0.356474294865,0.371042227636,0.38711000216,0.401164533252,
    0.424749398411,0.449333108483,0.500001610975,0.550670113467,
    0.57525382354,0.643527427456,0.749749096171,0.8564746376,
    0.871042501735,0.887110200557,0.901164665433,0.924749419474,1.),
  .UNSPECIFIED.);
#156 = CARTESIAN_POINT('',(0.,46.312369580022));
#157 = CARTESIAN_POINT('',(7.577901147593E-02,46.312369580022));
#158 = CARTESIAN_POINT('',(0.151561437198,46.312369580022));
#159 = CARTESIAN_POINT('',(0.227337909266,46.312369580022));
#160 = CARTESIAN_POINT('',(0.303114431696,46.312369580022));
#161 = CARTESIAN_POINT('',(0.378895126179,46.312369580022));
#162 = CARTESIAN_POINT('',(0.480977306038,46.312369580022));
#163 = CARTESIAN_POINT('',(0.507291042586,46.312369580022));
#164 = CARTESIAN_POINT('',(0.533603630442,46.312369580022));
#165 = CARTESIAN_POINT('',(0.559914800147,46.312369580022));
#166 = CARTESIAN_POINT('',(0.58622424738,46.312369580022));
#167 = CARTESIAN_POINT('',(0.628320626144,46.312369580022));
#168 = CARTESIAN_POINT('',(0.644108881337,46.312369580022));
#169 = CARTESIAN_POINT('',(0.659896325363,46.312369580022));
#170 = CARTESIAN_POINT('',(0.675682882434,46.312369580022));
#171 = CARTESIAN_POINT('',(0.691468474151,46.312369580022));
#172 = CARTESIAN_POINT('',(0.717252504982,46.312369580022));
#173 = CARTESIAN_POINT('',(0.727251571085,46.312369580022));
#174 = CARTESIAN_POINT('',(0.737250197328,46.312369580022));
#175 = CARTESIAN_POINT('',(0.747248363158,46.312369580022));
#176 = CARTESIAN_POINT('',(0.757246047943,46.312369580022));
#177 = CARTESIAN_POINT('',(0.781980610861,46.312369580022));
#178 = CARTESIAN_POINT('',(0.796716901656,46.312369580022));
#179 = CARTESIAN_POINT('',(0.811452036289,46.312369580022));
#180 = CARTESIAN_POINT('',(0.826185949415,46.312369580022));
#181 = CARTESIAN_POINT('',(0.840918577419,46.312369580022));
#182 = CARTESIAN_POINT('',(0.863544304171,46.312369580022));
#183 = CARTESIAN_POINT('',(0.871438363399,46.312369580022));
#184 = CARTESIAN_POINT('',(0.879332026693,46.312369580022));
#185 = CARTESIAN_POINT('',(0.887225284965,46.312369580022));
#186 = CARTESIAN_POINT('',(0.895118129445,46.312369580022));
#187 = CARTESIAN_POINT('',(1.014256505687,46.312369580022));
#188 = CARTESIAN_POINT('',(1.125456678287,46.312369580022));
#189 = CARTESIAN_POINT('',(1.236495613599,46.312369580022));
#190 = CARTESIAN_POINT('',(1.347429346027,46.312369580022));
#191 = CARTESIAN_POINT('',(1.458345914623,46.312369580022));
#192 = CARTESIAN_POINT('',(1.680615290106,46.312369580022));
#193 = CARTESIAN_POINT('',(1.792057632108,46.312369580022));
#194 = CARTESIAN_POINT('',(1.903515961292,46.312369580022));
#195 = CARTESIAN_POINT('',(2.015080361226,46.312369580022));
#196 = CARTESIAN_POINT('',(2.126808350496,46.312369580022));
#197 = CARTESIAN_POINT('',(2.253839038553,46.312369580022));
#198 = CARTESIAN_POINT('',(2.269097554084,46.312369580022));
#199 = CARTESIAN_POINT('',(2.284357586422,46.312369580022));
#200 = CARTESIAN_POINT('',(2.29961906985,46.312369580022));
#201 = CARTESIAN_POINT('',(2.314881935007,46.312369580022));
#202 = CARTESIAN_POINT('',(2.346981806049,46.312369580022));
#203 = CARTESIAN_POINT('',(2.363819098466,46.312369580022));
#204 = CARTESIAN_POINT('',(2.380657888227,46.312369580022));
#205 = CARTESIAN_POINT('',(2.397498076892,46.312369580022));
#206 = CARTESIAN_POINT('',(2.414339565492,46.312369580022));
#207 = CARTESIAN_POINT('',(2.44591460571,46.312369580022));
#208 = CARTESIAN_POINT('',(2.460647877561,46.312369580022));
#209 = CARTESIAN_POINT('',(2.475382004196,46.312369580022));
#210 = CARTESIAN_POINT('',(2.490116921592,46.312369580022));
#211 = CARTESIAN_POINT('',(2.504852567608,46.312369580022));
#212 = CARTESIAN_POINT('',(2.544317845538,46.312369580022));
#213 = CARTESIAN_POINT('',(2.569048700899,46.312369580022));
#214 = CARTESIAN_POINT('',(2.593781162175,46.312369580022));
#215 = CARTESIAN_POINT('',(2.618514970031,46.312369580022));
#216 = CARTESIAN_POINT('',(2.643249891681,46.312369580022));
#217 = CARTESIAN_POINT('',(2.693769139598,46.312369580022));
#218 = CARTESIAN_POINT('',(2.719553562293,46.312369580022));
#219 = CARTESIAN_POINT('',(2.74533876388,46.312369580022));
#220 = CARTESIAN_POINT('',(2.771124554456,46.312369580022));
#221 = CARTESIAN_POINT('',(2.796910779306,46.312369580022));
#222 = CARTESIAN_POINT('',(2.875844925265,46.312369580022));
#223 = CARTESIAN_POINT('',(2.928994711474,46.312369580022));
#224 = CARTESIAN_POINT('',(2.98214390755,46.312369580022));
#225 = CARTESIAN_POINT('',(3.035293130862,46.312369580022));
#226 = CARTESIAN_POINT('',(3.08844331749,46.312369580022));
#227 = CARTESIAN_POINT('',(3.19474198969,46.312369580022));
#228 = CARTESIAN_POINT('',(3.247892176318,46.312369580022));
#229 = CARTESIAN_POINT('',(3.30104139963,46.312369580022));
#230 = CARTESIAN_POINT('',(3.354190595706,46.312369580022));
#231 = CARTESIAN_POINT('',(3.407340381914,46.312369580022));
#232 = CARTESIAN_POINT('',(3.486274527873,46.312369580022));
#233 = CARTESIAN_POINT('',(3.512060752724,46.312369580022));
#234 = CARTESIAN_POINT('',(3.5378465433,46.312369580022));
#235 = CARTESIAN_POINT('',(3.563631744887,46.312369580022));
#236 = CARTESIAN_POINT('',(3.589416167581,46.312369580022));
#237 = CARTESIAN_POINT('',(3.686805007583,46.312369580022));
#238 = CARTESIAN_POINT('',(3.758408185338,46.312369580022));
#239 = CARTESIAN_POINT('',(3.82999303772,46.312369580022));
#240 = CARTESIAN_POINT('',(3.901557689158,46.312369580022));
#241 = CARTESIAN_POINT('',(3.973100259665,46.312369580022));
#242 = CARTESIAN_POINT('',(4.155849159277,46.312369580022));
#243 = CARTESIAN_POINT('',(4.267049331877,46.312369580022));
#244 = CARTESIAN_POINT('',(4.378088267189,46.312369580022));
#245 = CARTESIAN_POINT('',(4.489021999616,46.312369580022));
#246 = CARTESIAN_POINT('',(4.599938568213,46.312369580022));
#247 = CARTESIAN_POINT('',(4.822207943696,46.312369580022));
#248 = CARTESIAN_POINT('',(4.933650285697,46.312369580022));
#249 = CARTESIAN_POINT('',(5.045108614882,46.312369580022));
#250 = CARTESIAN_POINT('',(5.156673014816,46.312369580022));
#251 = CARTESIAN_POINT('',(5.268401004086,46.312369580022));
#252 = CARTESIAN_POINT('',(5.395431692143,46.312369580022));
#253 = CARTESIAN_POINT('',(5.410690207674,46.312369580022));
#254 = CARTESIAN_POINT('',(5.425950240012,46.312369580022));
#255 = CARTESIAN_POINT('',(5.441211723439,46.312369580022));
#256 = CARTESIAN_POINT('',(5.456474588597,46.312369580022));
#257 = CARTESIAN_POINT('',(5.488574459639,46.312369580022));
#258 = CARTESIAN_POINT('',(5.505411752056,46.312369580022));
#259 = CARTESIAN_POINT('',(5.522250541817,46.312369580022));
#260 = CARTESIAN_POINT('',(5.539090730482,46.312369580022));
#261 = CARTESIAN_POINT('',(5.555932219082,46.312369580022));
#262 = CARTESIAN_POINT('',(5.5875072593,46.312369580022));
#263 = CARTESIAN_POINT('',(5.602240531151,46.312369580022));
#264 = CARTESIAN_POINT('',(5.616974657785,46.312369580022));
#265 = CARTESIAN_POINT('',(5.631709575182,46.312369580022));
#266 = CARTESIAN_POINT('',(5.646445221198,46.312369580022));
#267 = CARTESIAN_POINT('',(5.685910499127,46.312369580022));
#268 = CARTESIAN_POINT('',(5.710641354489,46.312369580022));
#269 = CARTESIAN_POINT('',(5.735373815765,46.312369580022));
#270 = CARTESIAN_POINT('',(5.760107623621,46.312369580022));
#271 = CARTESIAN_POINT('',(5.784842545271,46.312369580022));
#272 = CARTESIAN_POINT('',(5.888501627369,46.312369580022));
#273 = CARTESIAN_POINT('',(5.967440189429,46.312369580022));
#274 = CARTESIAN_POINT('',(6.046374073086,46.312369580022));
#275 = CARTESIAN_POINT('',(6.125308577667,46.312369580022));
#276 = CARTESIAN_POINT('',(6.204250245415,46.312369580022));
#277 = CARTESIAN_POINT('',(6.28318530718,46.312369580022));
#278 = ( GEOMETRIC_REPRESENTATION_CONTEXT(2) 
PARAMETRIC_REPRESENTATION_CONTEXT() REPRESENTATION_CONTEXT('2D SPACE',''
  ) );
#279 = PCURVE('',#280,#285);
#280 = SPHERICAL_SURFACE('',#281,4.0383);
#281 = AXIS2_PLACEMENT_3D('',#282,#283,#284);
#282 = CARTESIAN_POINT('',(-24.98050277216,-14.4225,0.));
#283 = DIRECTION('',(0.,0.,1.));
#284 = DIRECTION('',(1.,0.,-0.));
#285 = DEFINITIONAL_REPRESENTATION('',(#286),#409);
#286 = B_SPLINE_CURVE_WITH_KNOTS('',6,(#287,#288,#289,#290,#291,#292,
    #293,#294,#295,#296,#297,#298,#299,#300,#301,#302,#303,#304,#305,
    #306,#307,#308,#309,#310,#311,#312,#313,#314,#315,#316,#317,#318,
    #319,#320,#321,#322,#323,#324,#325,#326,#327,#328,#329,#330,#331,
    #332,#333,#334,#335,#336,#337,#338,#339,#340,#341,#342,#343,#344,
    #345,#346,#347,#348,#349,#350,#351,#352,#353,#354,#355,#356,#357,
    #358,#359,#360,#361,#362,#363,#364,#365,#366,#367,#368,#369,#370,
    #371,#372,#373,#374,#375,#376,#377,#378,#379,#380,#381,#382,#383,
    #384,#385,#386,#387,#388,#389,#390,#391,#392,#393,#394,#395,#396,
    #397,#398,#399,#400,#401,#402,#403,#404,#405,#406,#407,#408),
  .UNSPECIFIED.,.F.,.F.,(7,5,5,5,5,5,5,5,5,5,5,5,5,5,5,5,5,5,5,5,5,5,5,5
    ,7),(0.,7.224048935533E-02,9.733017169579E-02,0.112388331779,
    0.121927653297,0.135990075137,0.143526081438,0.249748250608,
    0.356474294865,0.371042227636,0.38711000216,0.401164533252,
    0.424749398411,0.449333108483,0.500001610975,0.550670113467,
    0.57525382354,0.643527427456,0.749749096171,0.8564746376,
    0.871042501735,0.887110200557,0.901164665433,0.924749419474,1.),
  .UNSPECIFIED.);
#287 = CARTESIAN_POINT('',(1.49010859527,0.));
#288 = CARTESIAN_POINT('',(1.49010859527,-3.247671920397E-02));
#289 = CARTESIAN_POINT('',(1.48744030255,-6.495494434031E-02));
#290 = CARTESIAN_POINT('',(1.482103233023,-9.715633323851E-02));
#291 = CARTESIAN_POINT('',(1.474094555914,-0.128810307615));
#292 = CARTESIAN_POINT('',(1.463401774422,-0.159636577541));
#293 = CARTESIAN_POINT('',(1.445405175246,-0.1996567539));
#294 = CARTESIAN_POINT('',(1.440444523779,-0.209838000379));
#295 = CARTESIAN_POINT('',(1.435162964637,-0.219871954675));
#296 = CARTESIAN_POINT('',(1.429561633499,-0.229746368371));
#297 = CARTESIAN_POINT('',(1.423642204751,-0.239448918965));
#298 = CARTESIAN_POINT('',(1.413664622289,-0.254679834927));
#299 = CARTESIAN_POINT('',(1.409808583298,-0.260326093654));
#300 = CARTESIAN_POINT('',(1.405839266694,-0.265903308234));
#301 = CARTESIAN_POINT('',(1.401757271934,-0.271408802613));
#302 = CARTESIAN_POINT('',(1.397563305744,-0.276839902501));
#303 = CARTESIAN_POINT('',(1.390530892859,-0.285585707056));
#304 = CARTESIAN_POINT('',(1.387758995198,-0.288946550951));
#305 = CARTESIAN_POINT('',(1.384942697419,-0.292275788078));
#306 = CARTESIAN_POINT('',(1.382082228881,-0.295572741483));
#307 = CARTESIAN_POINT('',(1.37917784003,-0.298836736243));
#308 = CARTESIAN_POINT('',(1.371883943129,-0.3068291499));
#309 = CARTESIAN_POINT('',(1.367443231693,-0.311518116625));
#310 = CARTESIAN_POINT('',(1.362908535152,-0.316131841592));
#311 = CARTESIAN_POINT('',(1.358280836443,-0.320668186351));
#312 = CARTESIAN_POINT('',(1.353561234379,-0.325125032041));
#313 = CARTESIAN_POINT('',(1.346173124433,-0.331844960267));
#314 = CARTESIAN_POINT('',(1.343569261278,-0.334166207807));
#315 = CARTESIAN_POINT('',(1.340939541737,-0.336463699353));
#316 = CARTESIAN_POINT('',(1.338284164,-0.338737114743));
#317 = CARTESIAN_POINT('',(1.335603336891,-0.340986136308));
#318 = CARTESIAN_POINT('',(1.294754630456,-0.374562772067));
#319 = CARTESIAN_POINT('',(1.251585771499,-0.401016202799));
#320 = CARTESIAN_POINT('',(1.204035232335,-0.421660048116));
#321 = CARTESIAN_POINT('',(1.153133646997,-0.435748025616));
#322 = CARTESIAN_POINT('',(1.100537369663,-0.442827428047));
#323 = CARTESIAN_POINT('',(0.995105938071,-0.442993871755));
#324 = CARTESIAN_POINT('',(0.94222809533,-0.436014462763));
#325 = CARTESIAN_POINT('',(0.8910372681,-0.421953623945));
#326 = CARTESIAN_POINT('',(0.843219221726,-0.401267219733));
#327 = CARTESIAN_POINT('',(0.799821436644,-0.374711520622));
#328 = CARTESIAN_POINT('',(0.756266711052,-0.338910603422));
#329 = CARTESIAN_POINT('',(0.751129883223,-0.334518420683));
#330 = CARTESIAN_POINT('',(0.746088920262,-0.330036181277));
#331 = CARTESIAN_POINT('',(0.741145259515,-0.325466196519));
#332 = CARTESIAN_POINT('',(0.736300194442,-0.320810808414));
#333 = CARTESIAN_POINT('',(0.726321000314,-0.310846126924));
#334 = CARTESIAN_POINT('',(0.721208472624,-0.305518851558));
#335 = CARTESIAN_POINT('',(0.716218830801,-0.300093747278));
#336 = CARTESIAN_POINT('',(0.71135343527,-0.294574019303));
#337 = CARTESIAN_POINT('',(0.706613467622,-0.288962894355));
#338 = CARTESIAN_POINT('',(0.697964455819,-0.278278448683));
#339 = CARTESIAN_POINT('',(0.694025718355,-0.273225830512));
#340 = CARTESIAN_POINT('',(0.690184390927,-0.268107938136));
#341 = CARTESIAN_POINT('',(0.686441063353,-0.26292694546));
#342 = CARTESIAN_POINT('',(0.682796242571,-0.257685028304));
#343 = CARTESIAN_POINT('',(0.673300005724,-0.243489336716));
#344 = CARTESIAN_POINT('',(0.667628278497,-0.234428865853));
#345 = CARTESIAN_POINT('',(0.662237126818,-0.225213251696));
#346 = CARTESIAN_POINT('',(0.657128061886,-0.215852741661));
#347 = CARTESIAN_POINT('',(0.65230215024,-0.206357530704));
#348 = CARTESIAN_POINT('',(0.643025512829,-0.186710584156));
#349 = CARTESIAN_POINT('',(0.638599381219,-0.176548060568));
#350 = CARTESIAN_POINT('',(0.634482332241,-0.166261661073));
#351 = CARTESIAN_POINT('',(0.63067482806,-0.155862754363));
#352 = CARTESIAN_POINT('',(0.627177079703,-0.145362607309));
#353 = CARTESIAN_POINT('',(0.617418320366,-0.112945300866));
#354 = CARTESIAN_POINT('',(0.612163338418,-9.073521096947E-02));
#355 = CARTESIAN_POINT('',(0.608224227857,-6.824064510436E-02));
#356 = CARTESIAN_POINT('',(0.605599192776,-4.555692527835E-02));
#357 = CARTESIAN_POINT('',(0.604286507123,-2.277828689996E-02));
#358 = CARTESIAN_POINT('',(0.604286507123,2.277828689998E-02));
#359 = CARTESIAN_POINT('',(0.605599192776,4.555692527836E-02));
#360 = CARTESIAN_POINT('',(0.608224227857,6.824064510438E-02));
#361 = CARTESIAN_POINT('',(0.612163338418,9.073521096949E-02));
#362 = CARTESIAN_POINT('',(0.617418320366,0.112945300866));
#363 = CARTESIAN_POINT('',(0.627177079703,0.145362607309));
#364 = CARTESIAN_POINT('',(0.63067482806,0.155862754363));
#365 = CARTESIAN_POINT('',(0.634482332241,0.166261661073));
#366 = CARTESIAN_POINT('',(0.638599381219,0.176548060568));
#367 = CARTESIAN_POINT('',(0.643025512829,0.186710584156));
#368 = CARTESIAN_POINT('',(0.660908616671,0.224585125302));
#369 = CARTESIAN_POINT('',(0.676436469365,0.251390769355));
#370 = CARTESIAN_POINT('',(0.694324994473,0.276904237648));
#371 = CARTESIAN_POINT('',(0.714534770574,0.300877771585));
#372 = CARTESIAN_POINT('',(0.73698176878,0.32305885342));
#373 = CARTESIAN_POINT('',(0.799640471937,0.374562772067));
#374 = CARTESIAN_POINT('',(0.842809330894,0.401016202799));
#375 = CARTESIAN_POINT('',(0.890359870058,0.421660048116));
#376 = CARTESIAN_POINT('',(0.941261455396,0.435748025616));
#377 = CARTESIAN_POINT('',(0.993857732731,0.442827428047));
#378 = CARTESIAN_POINT('',(1.099289164322,0.442993871755));
#379 = CARTESIAN_POINT('',(1.152167007063,0.436014462763));
#380 = CARTESIAN_POINT('',(1.203357834294,0.421953623945));
#381 = CARTESIAN_POINT('',(1.251175880667,0.401267219733));
#382 = CARTESIAN_POINT('',(1.294573665749,0.374711520622));
#383 = CARTESIAN_POINT('',(1.338128391341,0.338910603422));
#384 = CARTESIAN_POINT('',(1.34326521917,0.334518420683));
#385 = CARTESIAN_POINT('',(1.348306182131,0.330036181277));
#386 = CARTESIAN_POINT('',(1.353249842878,0.325466196519));
#387 = CARTESIAN_POINT('',(1.358094907951,0.320810808414));
#388 = CARTESIAN_POINT('',(1.368074102079,0.310846126924));
#389 = CARTESIAN_POINT('',(1.37318662977,0.305518851558));
#390 = CARTESIAN_POINT('',(1.378176271592,0.300093747278));
#391 = CARTESIAN_POINT('',(1.383041667123,0.294574019303));
#392 = CARTESIAN_POINT('',(1.387781634771,0.288962894355));
#393 = CARTESIAN_POINT('',(1.396430646575,0.278278448683));
#394 = CARTESIAN_POINT('',(1.400369384038,0.273225830512));
#395 = CARTESIAN_POINT('',(1.404210711466,0.268107938136));
#396 = CARTESIAN_POINT('',(1.407954039041,0.26292694546));
#397 = CARTESIAN_POINT('',(1.411598859822,0.257685028304));
#398 = CARTESIAN_POINT('',(1.42109509667,0.243489336716));
#399 = CARTESIAN_POINT('',(1.426766823896,0.234428865853));
#400 = CARTESIAN_POINT('',(1.432157975575,0.225213251696));
#401 = CARTESIAN_POINT('',(1.437267040508,0.215852741661));
#402 = CARTESIAN_POINT('',(1.442092952154,0.206357530704));
#403 = CARTESIAN_POINT('',(1.461127434229,0.166044491037));
#404 = CARTESIAN_POINT('',(1.472731743964,0.134080715504));
#405 = CARTESIAN_POINT('',(1.481422110662,0.101180589121));
#406 = CARTESIAN_POINT('',(1.487213416044,6.766151246191E-02));
#407 = CARTESIAN_POINT('',(1.49010859527,3.382931218463E-02));
#408 = CARTESIAN_POINT('',(1.49010859527,1.110223024625E-16));
#409 = ( GEOMETRIC_REPRESENTATION_CONTEXT(2) 
PARAMETRIC_REPRESENTATION_CONTEXT() REPRESENTATION_CONTEXT('2D SPACE',''
  ) );
#410 = ORIENTED_EDGE('',*,*,#411,.F.);
#411 = EDGE_CURVE('',#412,#22,#414,.T.);
#412 = VERTEX_POINT('',#413);
#413 = CARTESIAN_POINT('',(-3.323148148481,26.550538565753,
    4.238992430569E-16));
#414 = SEAM_CURVE('',#415,(#419,#426),.PCURVE_S1.);
#415 = LINE('',#416,#417);
#416 = CARTESIAN_POINT('',(-1.49883016633,29.71035,4.238992430569E-16));
#417 = VECTOR('',#418,1.);
#418 = DIRECTION('',(-0.5,-0.866025403784,0.));
#419 = PCURVE('',#149,#420);
#420 = DEFINITIONAL_REPRESENTATION('',(#421),#425);
#421 = LINE('',#422,#423);
#422 = CARTESIAN_POINT('',(6.28318530718,-0.));
#423 = VECTOR('',#424,1.);
#424 = DIRECTION('',(0.,1.));
#425 = ( GEOMETRIC_REPRESENTATION_CONTEXT(2) 
PARAMETRIC_REPRESENTATION_CONTEXT() REPRESENTATION_CONTEXT('2D SPACE',''
  ) );
#426 = PCURVE('',#149,#427);
#427 = DEFINITIONAL_REPRESENTATION('',(#428),#432);
#428 = LINE('',#429,#430);
#429 = CARTESIAN_POINT('',(0.,-0.));
#430 = VECTOR('',#431,1.);
#431 = DIRECTION('',(0.,1.));
#432 = ( GEOMETRIC_REPRESENTATION_CONTEXT(2) 
PARAMETRIC_REPRESENTATION_CONTEXT() REPRESENTATION_CONTEXT('2D SPACE',''
  ) );
#433 = ORIENTED_EDGE('',*,*,#434,.T.);
#434 = EDGE_CURVE('',#412,#412,#435,.T.);
#435 = SURFACE_CURVE('',#436,(#441,#448),.PCURVE_S1.);
#436 = CIRCLE('',#437,1.7307);
#437 = AXIS2_PLACEMENT_3D('',#438,#439,#440);
#438 = CARTESIAN_POINT('',(-1.824317982151,25.685188565753,0.));
#439 = DIRECTION('',(-0.5,-0.866025403784,0.));
#440 = DIRECTION('',(0.866025403784,-0.5,0.));
#441 = PCURVE('',#149,#442);
#442 = DEFINITIONAL_REPRESENTATION('',(#443),#447);
#443 = LINE('',#444,#445);
#444 = CARTESIAN_POINT('',(-3.14159265359,3.648635964302));
#445 = VECTOR('',#446,1.);
#446 = DIRECTION('',(1.,0.));
#447 = ( GEOMETRIC_REPRESENTATION_CONTEXT(2) 
PARAMETRIC_REPRESENTATION_CONTEXT() REPRESENTATION_CONTEXT('2D SPACE',''
  ) );
#448 = PCURVE('',#449,#454);
#449 = SPHERICAL_SURFACE('',#450,4.0383);
#450 = AXIS2_PLACEMENT_3D('',#451,#452,#453);
#451 = CARTESIAN_POINT('',(1.76624684607E-15,28.845,0.));
#452 = DIRECTION('',(0.,0.,1.));
#453 = DIRECTION('',(1.,0.,-0.));
#454 = DEFINITIONAL_REPRESENTATION('',(#455),#514);
#455 = B_SPLINE_CURVE_WITH_KNOTS('',8,(#456,#457,#458,#459,#460,#461,
    #462,#463,#464,#465,#466,#467,#468,#469,#470,#471,#472,#473,#474,
    #475,#476,#477,#478,#479,#480,#481,#482,#483,#484,#485,#486,#487,
    #488,#489,#490,#491,#492,#493,#494,#495,#496,#497,#498,#499,#500,
    #501,#502,#503,#504,#505,#506,#507,#508,#509,#510,#511,#512,#513),
  .UNSPECIFIED.,.F.,.F.,(9,7,7,7,7,7,7,7,9),(3.14159265359,
    3.926990816987,4.61421420996,5.215534678811,6.267845499301,
    7.057078614668,7.649003451193,8.536890705981,9.424777960769),
  .UNSPECIFIED.);
#456 = CARTESIAN_POINT('',(3.745879160713,2.428088098992E-16));
#457 = CARTESIAN_POINT('',(3.745879160713,-4.207490161058E-02));
#458 = CARTESIAN_POINT('',(3.750144359451,-8.414979880709E-02));
#459 = CARTESIAN_POINT('',(3.758675236338,-0.125720276732));
#460 = CARTESIAN_POINT('',(3.771479487498,-0.166281765312));
#461 = CARTESIAN_POINT('',(3.788576529346,-0.205319903864));
#462 = CARTESIAN_POINT('',(3.809966313657,-0.242299461154));
#463 = CARTESIAN_POINT('',(3.835572701009,-0.276667577016));
#464 = CARTESIAN_POINT('',(3.891070710647,-0.335204166809));
#465 = CARTESIAN_POINT('',(3.920026785492,-0.360110633207));
#466 = CARTESIAN_POINT('',(3.951889445596,-0.382246332064));
#467 = CARTESIAN_POINT('',(3.986426332118,-0.401261380582));
#468 = CARTESIAN_POINT('',(4.023283886808,-0.416829178744));
#469 = CARTESIAN_POINT('',(4.061968161383,-0.428680743279));
#470 = CARTESIAN_POINT('',(4.101866393865,-0.436638565945));
#471 = CARTESIAN_POINT('',(4.177735750038,-0.444119117411));
#472 = CARTESIAN_POINT('',(4.213574155055,-0.444571849556));
#473 = CARTESIAN_POINT('',(4.249410464723,-0.44193654292));
#474 = CARTESIAN_POINT('',(4.284784368387,-0.436222808151));
#475 = CARTESIAN_POINT('',(4.319249533373,-0.427507002874));
#476 = CARTESIAN_POINT('',(4.352413221222,-0.415923839589));
#477 = CARTESIAN_POINT('',(4.383959862042,-0.401650511741));
#478 = CARTESIAN_POINT('',(4.465586887147,-0.355563332977));
#479 = CARTESIAN_POINT('',(4.511822957379,-0.318623001585));
#480 = CARTESIAN_POINT('',(4.551028418276,-0.275165993069));
#481 = CARTESIAN_POINT('',(4.582547890808,-0.22655312696));
#482 = CARTESIAN_POINT('',(4.606339623311,-0.174147861266));
#483 = CARTESIAN_POINT('',(4.622435835461,-0.119204532827));
#484 = CARTESIAN_POINT('',(4.630874367249,-6.294237237935E-02));
#485 = CARTESIAN_POINT('',(4.632241683342,3.570229170531E-02));
#486 = CARTESIAN_POINT('',(4.628520667536,7.8038266034E-02));
#487 = CARTESIAN_POINT('',(4.620493071211,0.119922058306));
#488 = CARTESIAN_POINT('',(4.6081519025,0.16084242224));
#489 = CARTESIAN_POINT('',(4.591476897851,0.20027893743));
#490 = CARTESIAN_POINT('',(4.57046451048,0.237690128574));
#491 = CARTESIAN_POINT('',(4.545184435546,0.272515781263));
#492 = CARTESIAN_POINT('',(4.493855068021,0.327980195119));
#493 = CARTESIAN_POINT('',(4.46957800293,0.349989090987));
#494 = CARTESIAN_POINT('',(4.443113442221,0.370005895339));
#495 = CARTESIAN_POINT('',(4.414597659282,0.387804912308));
#496 = CARTESIAN_POINT('',(4.384228396761,0.403171622915));
#497 = CARTESIAN_POINT('',(4.352277231959,0.415917021983));
#498 = CARTESIAN_POINT('',(4.319086834684,0.425893274118));
#499 = CARTESIAN_POINT('',(4.233975022118,0.443670137252));
#500 = CARTESIAN_POINT('',(4.180985666058,0.447888737441));
#501 = CARTESIAN_POINT('',(4.127375129323,0.445335165001));
#502 = CARTESIAN_POINT('',(4.074656866789,0.43593932467));
#503 = CARTESIAN_POINT('',(4.024398203108,0.419974214333));
#504 = CARTESIAN_POINT('',(3.977734123067,0.398009798828));
#505 = CARTESIAN_POINT('',(3.935424857706,0.370737489957));
#506 = CARTESIAN_POINT('',(3.860463426365,0.307084218463));
#507 = CARTESIAN_POINT('',(3.827810899063,0.27070318839));
#508 = CARTESIAN_POINT('',(3.800462756548,0.230520137577));
#509 = CARTESIAN_POINT('',(3.778599315513,0.187346198264));
#510 = CARTESIAN_POINT('',(3.762233303766,0.14196734569));
#511 = CARTESIAN_POINT('',(3.751329982564,9.513078258177E-02));
#512 = CARTESIAN_POINT('',(3.745879160713,4.756538864936E-02));
#513 = CARTESIAN_POINT('',(3.745879160713,1.574545884618E-16));
#514 = ( GEOMETRIC_REPRESENTATION_CONTEXT(2) 
PARAMETRIC_REPRESENTATION_CONTEXT() REPRESENTATION_CONTEXT('2D SPACE',''
  ) );
#515 = ORIENTED_EDGE('',*,*,#411,.T.);
#516 = ADVANCED_FACE('',(#517,#839),#280,.T.);
#517 = FACE_BOUND('',#518,.T.);
#518 = EDGE_LOOP('',(#519,#570,#594,#636,#673,#697,#698,#747,#748));
#519 = ORIENTED_EDGE('',*,*,#520,.F.);
#520 = EDGE_CURVE('',#521,#523,#525,.T.);
#521 = VERTEX_POINT('',#522);
#522 = CARTESIAN_POINT('',(-23.84151468286,-14.4225,3.87434807709));
#523 = VERTEX_POINT('',#524);
#524 = CARTESIAN_POINT('',(-24.98050277216,-11.56545819941,
    2.853976005451));
#525 = SURFACE_CURVE('',#526,(#531,#558),.PCURVE_S1.);
#526 = CIRCLE('',#527,1.7307);
#527 = AXIS2_PLACEMENT_3D('',#528,#529,#530);
#528 = CARTESIAN_POINT('',(-24.98050277216,-13.1953309258,3.436073407736
    ));
#529 = DIRECTION('',(-4.142509683806E-17,0.336336396998,0.941741911595)
  );
#530 = DIRECTION('',(1.54074395551E-33,-0.941741911595,0.336336396998));
#531 = PCURVE('',#280,#532);
#532 = DEFINITIONAL_REPRESENTATION('',(#533),#557);
#533 = B_SPLINE_CURVE_WITH_KNOTS('',8,(#534,#535,#536,#537,#538,#539,
    #540,#541,#542,#543,#544,#545,#546,#547,#548,#549,#550,#551,#552,
    #553,#554,#555,#556),.UNSPECIFIED.,.F.,.F.,(9,7,7,9),(0.718303561371
    ,1.324125834426,2.232859244008,3.14159265359),.UNSPECIFIED.);
#534 = CARTESIAN_POINT('',(-4.174438572591E-14,1.284869857271));
#535 = CARTESIAN_POINT('',(7.131602818912E-02,1.259399847204));
#536 = CARTESIAN_POINT('',(0.135570996082,1.233929862719));
#537 = CARTESIAN_POINT('',(0.195350314011,1.208657053498));
#538 = CARTESIAN_POINT('',(0.251866713935,1.183697874714));
#539 = CARTESIAN_POINT('',(0.305990541751,1.159152902368));
#540 = CARTESIAN_POINT('',(0.358272805859,1.135104196221));
#541 = CARTESIAN_POINT('',(0.409135665044,1.111627701852));
#542 = CARTESIAN_POINT('',(0.533513250024,1.05454010064));
#543 = CARTESIAN_POINT('',(0.605638835727,1.021730860764));
#544 = CARTESIAN_POINT('',(0.676307011054,0.990599112974));
#545 = CARTESIAN_POINT('',(0.746039617149,0.961349661939));
#546 = CARTESIAN_POINT('',(0.815211370555,0.934175609545));
#547 = CARTESIAN_POINT('',(0.884053275524,0.909254727386));
#548 = CARTESIAN_POINT('',(0.952726923177,0.886748341376));
#549 = CARTESIAN_POINT('',(1.089936076363,0.846844662074));
#550 = CARTESIAN_POINT('',(1.158471831157,0.829447419522));
#551 = CARTESIAN_POINT('',(1.227037978012,0.814744644892));
#552 = CARTESIAN_POINT('',(1.295677963882,0.802855815865));
#553 = CARTESIAN_POINT('',(1.364396847185,0.793874740122));
#554 = CARTESIAN_POINT('',(1.433176167002,0.787865746236));
#555 = CARTESIAN_POINT('',(1.5019863031,0.784861342301));
#556 = CARTESIAN_POINT('',(1.570796326795,0.784861342301));
#557 = ( GEOMETRIC_REPRESENTATION_CONTEXT(2) 
PARAMETRIC_REPRESENTATION_CONTEXT() REPRESENTATION_CONTEXT('2D SPACE',''
  ) );
#558 = PCURVE('',#559,#564);
#559 = CYLINDRICAL_SURFACE('',#560,1.7307);
#560 = AXIS2_PLACEMENT_3D('',#561,#562,#563);
#561 = CARTESIAN_POINT('',(-24.98050277216,-14.4225,0.));
#562 = DIRECTION('',(-4.142509683806E-17,0.336336396998,0.941741911595)
  );
#563 = DIRECTION('',(-1.54074395551E-33,0.941741911595,-0.336336396998)
  );
#564 = DEFINITIONAL_REPRESENTATION('',(#565),#569);
#565 = LINE('',#566,#567);
#566 = CARTESIAN_POINT('',(3.14159265359,3.648635964302));
#567 = VECTOR('',#568,1.);
#568 = DIRECTION('',(1.,0.));
#569 = ( GEOMETRIC_REPRESENTATION_CONTEXT(2) 
PARAMETRIC_REPRESENTATION_CONTEXT() REPRESENTATION_CONTEXT('2D SPACE',''
  ) );
#570 = ORIENTED_EDGE('',*,*,#571,.F.);
#571 = EDGE_CURVE('',#572,#521,#574,.T.);
#572 = VERTEX_POINT('',#573);
#573 = CARTESIAN_POINT('',(-21.33186680786,-14.4225,1.7307));
#574 = SEAM_CURVE('',#575,(#580,#587),.PCURVE_S1.);
#575 = CIRCLE('',#576,4.0383);
#576 = AXIS2_PLACEMENT_3D('',#577,#578,#579);
#577 = CARTESIAN_POINT('',(-24.98050277216,-14.4225,0.));
#578 = DIRECTION('',(-2.449293598295E-16,-1.,0.));
#579 = DIRECTION('',(1.,-2.449293598295E-16,0.));
#580 = PCURVE('',#280,#581);
#581 = DEFINITIONAL_REPRESENTATION('',(#582),#586);
#582 = LINE('',#583,#584);
#583 = CARTESIAN_POINT('',(6.28318530718,-6.28318530718));
#584 = VECTOR('',#585,1.);
#585 = DIRECTION('',(0.,1.));
#586 = ( GEOMETRIC_REPRESENTATION_CONTEXT(2) 
PARAMETRIC_REPRESENTATION_CONTEXT() REPRESENTATION_CONTEXT('2D SPACE',''
  ) );
#587 = PCURVE('',#280,#588);
#588 = DEFINITIONAL_REPRESENTATION('',(#589),#593);
#589 = LINE('',#590,#591);
#590 = CARTESIAN_POINT('',(0.,-6.28318530718));
#591 = VECTOR('',#592,1.);
#592 = DIRECTION('',(0.,1.));
#593 = ( GEOMETRIC_REPRESENTATION_CONTEXT(2) 
PARAMETRIC_REPRESENTATION_CONTEXT() REPRESENTATION_CONTEXT('2D SPACE',''
  ) );
#594 = ORIENTED_EDGE('',*,*,#595,.F.);
#595 = EDGE_CURVE('',#596,#572,#598,.T.);
#596 = VERTEX_POINT('',#597);
#597 = CARTESIAN_POINT('',(-21.33186680786,-12.6918,-4.238992430569E-16)
  );
#598 = SURFACE_CURVE('',#599,(#604,#624),.PCURVE_S1.);
#599 = CIRCLE('',#600,1.7307);
#600 = AXIS2_PLACEMENT_3D('',#601,#602,#603);
#601 = CARTESIAN_POINT('',(-21.33186680786,-14.4225,0.));
#602 = DIRECTION('',(1.,-1.777743282033E-16,0.));
#603 = DIRECTION('',(1.777743282033E-16,1.,0.));
#604 = PCURVE('',#280,#605);
#605 = DEFINITIONAL_REPRESENTATION('',(#606),#623);
#606 = B_SPLINE_CURVE_WITH_KNOTS('',8,(#607,#608,#609,#610,#611,#612,
    #613,#614,#615,#616,#617,#618,#619,#620,#621,#622),.UNSPECIFIED.,.F.
  ,.F.,(9,7,9),(0.,0.785398163397,1.570796326795),.UNSPECIFIED.);
#607 = CARTESIAN_POINT('',(0.442911044074,0.));
#608 = CARTESIAN_POINT('',(0.442911044074,4.207490161058E-02));
#609 = CARTESIAN_POINT('',(0.438645845335,8.414979880713E-02));
#610 = CARTESIAN_POINT('',(0.430114968449,0.125720276732));
#611 = CARTESIAN_POINT('',(0.417310717288,0.166281765312));
#612 = CARTESIAN_POINT('',(0.40021367544,0.205319903864));
#613 = CARTESIAN_POINT('',(0.37882389113,0.242299461154));
#614 = CARTESIAN_POINT('',(0.353217503777,0.276667577016));
#615 = CARTESIAN_POINT('',(0.294019626831,0.339106606128));
#616 = CARTESIAN_POINT('',(0.260428094337,0.367177540911));
#617 = CARTESIAN_POINT('',(0.223066719885,0.391562504803));
#618 = CARTESIAN_POINT('',(0.182306110983,0.411740660793));
#619 = CARTESIAN_POINT('',(0.138713667268,0.427236348612));
#620 = CARTESIAN_POINT('',(9.313672014952E-02,0.437686054149));
#621 = CARTESIAN_POINT('',(4.656838249592E-02,0.442911044074));
#622 = CARTESIAN_POINT('',(0.,0.442911044074));
#623 = ( GEOMETRIC_REPRESENTATION_CONTEXT(2) 
PARAMETRIC_REPRESENTATION_CONTEXT() REPRESENTATION_CONTEXT('2D SPACE',''
  ) );
#624 = PCURVE('',#625,#630);
#625 = CYLINDRICAL_SURFACE('',#626,1.7307);
#626 = AXIS2_PLACEMENT_3D('',#627,#628,#629);
#627 = CARTESIAN_POINT('',(-24.98050277216,-14.4225,0.));
#628 = DIRECTION('',(1.,-1.777743282033E-16,0.));
#629 = DIRECTION('',(1.777743282033E-16,1.,0.));
#630 = DEFINITIONAL_REPRESENTATION('',(#631),#635);
#631 = LINE('',#632,#633);
#632 = CARTESIAN_POINT('',(0.,3.648635964302));
#633 = VECTOR('',#634,1.);
#634 = DIRECTION('',(1.,0.));
#635 = ( GEOMETRIC_REPRESENTATION_CONTEXT(2) 
PARAMETRIC_REPRESENTATION_CONTEXT() REPRESENTATION_CONTEXT('2D SPACE',''
  ) );
#636 = ORIENTED_EDGE('',*,*,#637,.F.);
#637 = EDGE_CURVE('',#638,#596,#640,.T.);
#638 = VERTEX_POINT('',#639);
#639 = CARTESIAN_POINT('',(-21.33186680786,-14.4225,-1.7307));
#640 = SURFACE_CURVE('',#641,(#646,#666),.PCURVE_S1.);
#641 = CIRCLE('',#642,1.7307);
#642 = AXIS2_PLACEMENT_3D('',#643,#644,#645);
#643 = CARTESIAN_POINT('',(-21.33186680786,-14.4225,0.));
#644 = DIRECTION('',(1.,-1.777743282033E-16,0.));
#645 = DIRECTION('',(1.777743282033E-16,1.,0.));
#646 = PCURVE('',#280,#647);
#647 = DEFINITIONAL_REPRESENTATION('',(#648),#665);
#648 = B_SPLINE_CURVE_WITH_KNOTS('',8,(#649,#650,#651,#652,#653,#654,
    #655,#656,#657,#658,#659,#660,#661,#662,#663,#664),.UNSPECIFIED.,.F.
  ,.F.,(9,7,9),(4.712388980385,5.497787143782,6.28318530718),
  .UNSPECIFIED.);
#649 = CARTESIAN_POINT('',(-8.881784197001E-16,-0.442911044074));
#650 = CARTESIAN_POINT('',(4.656838249592E-02,-0.442911044074));
#651 = CARTESIAN_POINT('',(9.313672014952E-02,-0.437686054149));
#652 = CARTESIAN_POINT('',(0.138713667269,-0.427236348611));
#653 = CARTESIAN_POINT('',(0.182306110982,-0.411740660794));
#654 = CARTESIAN_POINT('',(0.223066719886,-0.391562504803));
#655 = CARTESIAN_POINT('',(0.260428094337,-0.367177540911));
#656 = CARTESIAN_POINT('',(0.29401962683,-0.339106606128));
#657 = CARTESIAN_POINT('',(0.353217503777,-0.276667577016));
#658 = CARTESIAN_POINT('',(0.378823891129,-0.242299461154));
#659 = CARTESIAN_POINT('',(0.40021367544,-0.205319903864));
#660 = CARTESIAN_POINT('',(0.417310717288,-0.166281765312));
#661 = CARTESIAN_POINT('',(0.430114968449,-0.125720276732));
#662 = CARTESIAN_POINT('',(0.438645845335,-8.414979880711E-02));
#663 = CARTESIAN_POINT('',(0.442911044074,-4.207490161058E-02));
#664 = CARTESIAN_POINT('',(0.442911044074,-1.049697256412E-16));
#665 = ( GEOMETRIC_REPRESENTATION_CONTEXT(2) 
PARAMETRIC_REPRESENTATION_CONTEXT() REPRESENTATION_CONTEXT('2D SPACE',''
  ) );
#666 = PCURVE('',#625,#667);
#667 = DEFINITIONAL_REPRESENTATION('',(#668),#672);
#668 = LINE('',#669,#670);
#669 = CARTESIAN_POINT('',(0.,3.648635964302));
#670 = VECTOR('',#671,1.);
#671 = DIRECTION('',(1.,0.));
#672 = ( GEOMETRIC_REPRESENTATION_CONTEXT(2) 
PARAMETRIC_REPRESENTATION_CONTEXT() REPRESENTATION_CONTEXT('2D SPACE',''
  ) );
#673 = ORIENTED_EDGE('',*,*,#674,.F.);
#674 = EDGE_CURVE('',#675,#638,#677,.T.);
#675 = VERTEX_POINT('',#676);
#676 = CARTESIAN_POINT('',(-24.98050277216,-14.4225,-4.0383));
#677 = SEAM_CURVE('',#678,(#683,#690),.PCURVE_S1.);
#678 = CIRCLE('',#679,4.0383);
#679 = AXIS2_PLACEMENT_3D('',#680,#681,#682);
#680 = CARTESIAN_POINT('',(-24.98050277216,-14.4225,0.));
#681 = DIRECTION('',(-2.449293598295E-16,-1.,0.));
#682 = DIRECTION('',(1.,-2.449293598295E-16,0.));
#683 = PCURVE('',#280,#684);
#684 = DEFINITIONAL_REPRESENTATION('',(#685),#689);
#685 = LINE('',#686,#687);
#686 = CARTESIAN_POINT('',(6.28318530718,-6.28318530718));
#687 = VECTOR('',#688,1.);
#688 = DIRECTION('',(0.,1.));
#689 = ( GEOMETRIC_REPRESENTATION_CONTEXT(2) 
PARAMETRIC_REPRESENTATION_CONTEXT() REPRESENTATION_CONTEXT('2D SPACE',''
  ) );
#690 = PCURVE('',#280,#691);
#691 = DEFINITIONAL_REPRESENTATION('',(#692),#696);
#692 = LINE('',#693,#694);
#693 = CARTESIAN_POINT('',(0.,-6.28318530718));
#694 = VECTOR('',#695,1.);
#695 = DIRECTION('',(0.,1.));
#696 = ( GEOMETRIC_REPRESENTATION_CONTEXT(2) 
PARAMETRIC_REPRESENTATION_CONTEXT() REPRESENTATION_CONTEXT('2D SPACE',''
  ) );
#697 = ORIENTED_EDGE('',*,*,#674,.T.);
#698 = ORIENTED_EDGE('',*,*,#699,.F.);
#699 = EDGE_CURVE('',#572,#638,#700,.T.);
#700 = SURFACE_CURVE('',#701,(#706,#740),.PCURVE_S1.);
#701 = CIRCLE('',#702,1.7307);
#702 = AXIS2_PLACEMENT_3D('',#703,#704,#705);
#703 = CARTESIAN_POINT('',(-21.33186680786,-14.4225,0.));
#704 = DIRECTION('',(1.,-1.777743282033E-16,0.));
#705 = DIRECTION('',(1.777743282033E-16,1.,0.));
#706 = PCURVE('',#280,#707);
#707 = DEFINITIONAL_REPRESENTATION('',(#708),#739);
#708 = B_SPLINE_CURVE_WITH_KNOTS('',8,(#709,#710,#711,#712,#713,#714,
    #715,#716,#717,#718,#719,#720,#721,#722,#723,#724,#725,#726,#727,
    #728,#729,#730,#731,#732,#733,#734,#735,#736,#737,#738),
  .UNSPECIFIED.,.F.,.F.,(9,7,7,7,9),(1.570796326795,2.356194490192,
    3.534291735289,4.123340357837,4.712388980385),.UNSPECIFIED.);
#709 = CARTESIAN_POINT('',(6.28318530718,0.442911044074));
#710 = CARTESIAN_POINT('',(6.236616924684,0.442911044074));
#711 = CARTESIAN_POINT('',(6.19004858703,0.437686054149));
#712 = CARTESIAN_POINT('',(6.144471639911,0.427236348612));
#713 = CARTESIAN_POINT('',(6.100879196197,0.411740660795));
#714 = CARTESIAN_POINT('',(6.060118587294,0.391562504803));
#715 = CARTESIAN_POINT('',(6.022757212842,0.367177540911));
#716 = CARTESIAN_POINT('',(5.989165680349,0.339106606128));
#717 = CARTESIAN_POINT('',(5.915168334165,0.261057819738));
#718 = CARTESIAN_POINT('',(5.879753046493,0.207144203769));
#719 = CARTESIAN_POINT('',(5.854077892569,0.147959049165));
#720 = CARTESIAN_POINT('',(5.838148215708,8.539537294661E-02));
#721 = CARTESIAN_POINT('',(5.831767632872,2.116978894949E-02));
#722 = CARTESIAN_POINT('',(5.834924367409,-4.307755983557E-02));
#723 = CARTESIAN_POINT('',(5.847733740485,-0.105642892563));
#724 = CARTESIAN_POINT('',(5.881370878529,-0.194305779904));
#725 = CARTESIAN_POINT('',(5.894987224299,-0.222995927002));
#726 = CARTESIAN_POINT('',(5.911001786563,-0.250599958558));
#727 = CARTESIAN_POINT('',(5.929400846537,-0.276892048409));
#728 = CARTESIAN_POINT('',(5.95014910471,-0.301641454262));
#729 = CARTESIAN_POINT('',(5.973175605108,-0.324615818634));
#730 = CARTESIAN_POINT('',(5.998359195699,-0.345588827563));
#731 = CARTESIAN_POINT('',(6.052667854209,-0.383115626608));
#732 = CARTESIAN_POINT('',(6.081793081982,-0.39966922299));
#733 = CARTESIAN_POINT('',(6.112704153724,-0.413805843472));
#734 = CARTESIAN_POINT('',(6.145154050796,-0.42533366936));
#735 = CARTESIAN_POINT('',(6.178824339236,-0.434093563299));
#736 = CARTESIAN_POINT('',(6.213332925664,-0.439972206232));
#737 = CARTESIAN_POINT('',(6.248259020308,-0.442911044074));
#738 = CARTESIAN_POINT('',(6.28318530718,-0.442911044074));
#739 = ( GEOMETRIC_REPRESENTATION_CONTEXT(2) 
PARAMETRIC_REPRESENTATION_CONTEXT() REPRESENTATION_CONTEXT('2D SPACE',''
  ) );
#740 = PCURVE('',#625,#741);
#741 = DEFINITIONAL_REPRESENTATION('',(#742),#746);
#742 = LINE('',#743,#744);
#743 = CARTESIAN_POINT('',(0.,3.648635964302));
#744 = VECTOR('',#745,1.);
#745 = DIRECTION('',(1.,0.));
#746 = ( GEOMETRIC_REPRESENTATION_CONTEXT(2) 
PARAMETRIC_REPRESENTATION_CONTEXT() REPRESENTATION_CONTEXT('2D SPACE',''
  ) );
#747 = ORIENTED_EDGE('',*,*,#571,.T.);
#748 = ORIENTED_EDGE('',*,*,#749,.F.);
#749 = EDGE_CURVE('',#523,#521,#750,.T.);
#750 = SURFACE_CURVE('',#751,(#756,#832),.PCURVE_S1.);
#751 = CIRCLE('',#752,1.7307);
#752 = AXIS2_PLACEMENT_3D('',#753,#754,#755);
#753 = CARTESIAN_POINT('',(-24.98050277216,-13.1953309258,3.436073407736
    ));
#754 = DIRECTION('',(-4.142509683806E-17,0.336336396998,0.941741911595)
  );
#755 = DIRECTION('',(1.54074395551E-33,-0.941741911595,0.336336396998));
#756 = PCURVE('',#280,#757);
#757 = DEFINITIONAL_REPRESENTATION('',(#758),#831);
#758 = B_SPLINE_CURVE_WITH_KNOTS('',8,(#759,#760,#761,#762,#763,#764,
    #765,#766,#767,#768,#769,#770,#771,#772,#773,#774,#775,#776,#777,
    #778,#779,#780,#781,#782,#783,#784,#785,#786,#787,#788,#789,#790,
    #791,#792,#793,#794,#795,#796,#797,#798,#799,#800,#801,#802,#803,
    #804,#805,#806,#807,#808,#809,#810,#811,#812,#813,#814,#815,#816,
    #817,#818,#819,#820,#821,#822,#823,#824,#825,#826,#827,#828,#829,
    #830),.UNSPECIFIED.,.F.,.F.,(9,7,7,7,7,7,7,7,7,7,9),(3.14159265359,
    4.10656670733,4.830297247635,5.373095152864,5.780193581786,
    6.085517403477,6.200013836611,6.300198215604,6.47552087884,
    6.738504873696,7.001488868551),.UNSPECIFIED.);
#759 = CARTESIAN_POINT('',(1.570796326795,0.784861342301));
#760 = CARTESIAN_POINT('',(1.643864937239,0.784861342301));
#761 = CARTESIAN_POINT('',(1.716933739338,0.788249114957));
#762 = CARTESIAN_POINT('',(1.789965439068,0.795024956413));
#763 = CARTESIAN_POINT('',(1.862924961825,0.805147435335));
#764 = CARTESIAN_POINT('',(1.935791994123,0.81853478684));
#765 = CARTESIAN_POINT('',(2.008577707745,0.835068245502));
#766 = CARTESIAN_POINT('',(2.081345666352,0.854597317442));
#767 = CARTESIAN_POINT('',(2.208905350689,0.893709247031));
#768 = CARTESIAN_POINT('',(2.263643211139,0.912058054554));
#769 = CARTESIAN_POINT('',(2.318511078443,0.931919405582));
#770 = CARTESIAN_POINT('',(2.373593556154,0.9532113005));
#771 = CARTESIAN_POINT('',(2.429012699229,0.975844704501));
#772 = CARTESIAN_POINT('',(2.48493470771,0.99972475781));
#773 = CARTESIAN_POINT('',(2.541594912065,1.024750762312));
#774 = CARTESIAN_POINT('',(2.642694453387,1.070360495107));
#775 = CARTESIAN_POINT('',(2.686647573471,1.090490678597));
#776 = CARTESIAN_POINT('',(2.731384467748,1.1111578191));
#777 = CARTESIAN_POINT('',(2.777103073394,1.132313308969));
#778 = CARTESIAN_POINT('',(2.824073922323,1.153904420801));
#779 = CARTESIAN_POINT('',(2.872653456665,1.175873898244));
#780 = CARTESIAN_POINT('',(2.923348950368,1.198156542973));
#781 = CARTESIAN_POINT('',(3.017250561861,1.237552455437));
#782 = CARTESIAN_POINT('',(3.059160484406,1.254565440047));
#783 = CARTESIAN_POINT('',(3.10309644636,1.27167169313));
#784 = CARTESIAN_POINT('',(3.149521774392,1.288830564156));
#785 = CARTESIAN_POINT('',(3.199074488619,1.305990218683));
#786 = CARTESIAN_POINT('',(3.252628081371,1.323086256388));
#787 = CARTESIAN_POINT('',(3.311482458367,1.340029811692));
#788 = CARTESIAN_POINT('',(3.427582706584,1.369149641577));
#789 = CARTESIAN_POINT('',(3.481551925029,1.381458789671));
#790 = CARTESIAN_POINT('',(3.540660872372,1.39353268225));
#791 = CARTESIAN_POINT('',(3.606094329643,1.405289198631));
#792 = CARTESIAN_POINT('',(3.679507347075,1.416608100261));
#793 = CARTESIAN_POINT('',(3.762886656778,1.427336387077));
#794 = CARTESIAN_POINT('',(3.859375433908,1.437212069883));
#795 = CARTESIAN_POINT('',(4.012436756354,1.449135413134));
#796 = CARTESIAN_POINT('',(4.056265962682,1.452217911214));
#797 = CARTESIAN_POINT('',(4.102271364745,1.455112572067));
#798 = CARTESIAN_POINT('',(4.150514778455,1.457799227871));
#799 = CARTESIAN_POINT('',(4.201014189056,1.460256198731));
#800 = CARTESIAN_POINT('',(4.253712881244,1.462461112207));
#801 = CARTESIAN_POINT('',(4.308453155546,1.46439237476));
#802 = CARTESIAN_POINT('',(4.414432414408,1.467465301221));
#803 = CARTESIAN_POINT('',(4.465253822647,1.468675486402));
#804 = CARTESIAN_POINT('',(4.517265586678,1.469649280815));
#805 = CARTESIAN_POINT('',(4.570235810213,1.470375769712));
#806 = CARTESIAN_POINT('',(4.623871563277,1.470846695719));
#807 = CARTESIAN_POINT('',(4.677838967208,1.471057449727));
#808 = CARTESIAN_POINT('',(4.731794394795,1.471007565314));
#809 = CARTESIAN_POINT('',(4.879249995772,1.470162469697));
#810 = CARTESIAN_POINT('',(4.972058136683,1.46883632319));
#811 = CARTESIAN_POINT('',(5.062110033065,1.466739141525));
#812 = CARTESIAN_POINT('',(5.14783226496,1.46392282845));
#813 = CARTESIAN_POINT('',(5.228359431007,1.460469701243));
#814 = CARTESIAN_POINT('',(5.303523925138,1.456462533939));
#815 = CARTESIAN_POINT('',(5.373437624991,1.451978280494));
#816 = CARTESIAN_POINT('',(5.535856650901,1.43974446722));
#817 = CARTESIAN_POINT('',(5.622178549614,1.431483296153));
#818 = CARTESIAN_POINT('',(5.698383657,1.422530377763));
#819 = CARTESIAN_POINT('',(5.766375745439,1.413067989936));
#820 = CARTESIAN_POINT('',(5.827626556689,1.403215506703));
#821 = CARTESIAN_POINT('',(5.883338388977,1.393065342129));
#822 = CARTESIAN_POINT('',(5.934452319547,1.382684891987));
#823 = CARTESIAN_POINT('',(6.028980982772,1.36156937382));
#824 = CARTESIAN_POINT('',(6.072395786019,1.350834329268));
#825 = CARTESIAN_POINT('',(6.112708969306,1.339974564606));
#826 = CARTESIAN_POINT('',(6.150473850314,1.329027915925));
#827 = CARTESIAN_POINT('',(6.186108386138,1.318022934486));
#828 = CARTESIAN_POINT('',(6.219938774486,1.306982591528));
#829 = CARTESIAN_POINT('',(6.252227425925,1.295926243433));
#830 = CARTESIAN_POINT('',(6.28318530718,1.284869857271));
#831 = ( GEOMETRIC_REPRESENTATION_CONTEXT(2) 
PARAMETRIC_REPRESENTATION_CONTEXT() REPRESENTATION_CONTEXT('2D SPACE',''
  ) );
#832 = PCURVE('',#559,#833);
#833 = DEFINITIONAL_REPRESENTATION('',(#834),#838);
#834 = LINE('',#835,#836);
#835 = CARTESIAN_POINT('',(-3.14159265359,3.648635964302));
#836 = VECTOR('',#837,1.);
#837 = DIRECTION('',(1.,0.));
#838 = ( GEOMETRIC_REPRESENTATION_CONTEXT(2) 
PARAMETRIC_REPRESENTATION_CONTEXT() REPRESENTATION_CONTEXT('2D SPACE',''
  ) );
#839 = FACE_BOUND('',#840,.T.);
#840 = EDGE_LOOP('',(#841));
#841 = ORIENTED_EDGE('',*,*,#21,.T.);
#842 = ADVANCED_FACE('',(#843,#1023,#1455),#449,.T.);
#843 = FACE_BOUND('',#844,.T.);
#844 = EDGE_LOOP('',(#845,#973,#997,#998));
#845 = ORIENTED_EDGE('',*,*,#846,.F.);
#846 = EDGE_CURVE('',#847,#849,#851,.T.);
#847 = VERTEX_POINT('',#848);
#848 = CARTESIAN_POINT('',(2.636474000823,28.845,3.0589004124));
#849 = VERTEX_POINT('',#850);
#850 = CARTESIAN_POINT('',(2.716179808069,28.231415462904,2.924679154382
    ));
#851 = SURFACE_CURVE('',#852,(#857,#961),.PCURVE_S1.);
#852 = CIRCLE('',#853,1.7307);
#853 = AXIS2_PLACEMENT_3D('',#854,#855,#856);
#854 = CARTESIAN_POINT('',(1.062759592988,28.231415462904,3.436073407736
    ));
#855 = DIRECTION('',(0.291275864018,-0.168168198499,0.941741911595));
#856 = DIRECTION('',(-0.955347671509,0.,0.295484054633));
#857 = PCURVE('',#449,#858);
#858 = DEFINITIONAL_REPRESENTATION('',(#859),#960);
#859 = B_SPLINE_CURVE_WITH_KNOTS('',8,(#860,#861,#862,#863,#864,#865,
    #866,#867,#868,#869,#870,#871,#872,#873,#874,#875,#876,#877,#878,
    #879,#880,#881,#882,#883,#884,#885,#886,#887,#888,#889,#890,#891,
    #892,#893,#894,#895,#896,#897,#898,#899,#900,#901,#902,#903,#904,
    #905,#906,#907,#908,#909,#910,#911,#912,#913,#914,#915,#916,#917,
    #918,#919,#920,#921,#922,#923,#924,#925,#926,#927,#928,#929,#930,
    #931,#932,#933,#934,#935,#936,#937,#938,#939,#940,#941,#942,#943,
    #944,#945,#946,#947,#948,#949,#950,#951,#952,#953,#954,#955,#956,
    #957,#958,#959),.UNSPECIFIED.,.F.,.F.,(9,7,7,7,7,7,7,7,7,7,7,7,7,7,9
    ),(3.509487283661,4.248898618299,4.895883536108,5.178939437649,
    5.444304345344,5.568694145826,5.689196765043,5.80593367741,
    5.919022561265,6.138132273734,6.343547629174,6.728701420623,
    7.40272055566,8.413749258214,9.424777960769),.UNSPECIFIED.);
#860 = CARTESIAN_POINT('',(0.,0.859432688636));
#861 = CARTESIAN_POINT('',(5.580676209191E-02,0.874975872648));
#862 = CARTESIAN_POINT('',(0.111641657114,0.892236095388));
#863 = CARTESIAN_POINT('',(0.167551830223,0.911140586808));
#864 = CARTESIAN_POINT('',(0.223606658174,0.931607093264));
#865 = CARTESIAN_POINT('',(0.279909354458,0.953545125641));
#866 = CARTESIAN_POINT('',(0.336603217146,0.976857460345));
#867 = CARTESIAN_POINT('',(0.393892652211,1.001440616118));
#868 = CARTESIAN_POINT('',(0.503029751373,1.049707641516));
#869 = CARTESIAN_POINT('',(0.554662667275,1.073119799227));
#870 = CARTESIAN_POINT('',(0.607212517356,1.09734481625));
#871 = CARTESIAN_POINT('',(0.660969204923,1.122302848804));
#872 = CARTESIAN_POINT('',(0.716309976817,1.147909126767));
#873 = CARTESIAN_POINT('',(0.77380534266,1.17406814047));
#874 = CARTESIAN_POINT('',(0.834244129886,1.200673573329));
#875 = CARTESIAN_POINT('',(0.927590270449,1.239346846615));
#876 = CARTESIAN_POINT('',(0.956861093855,1.251173936414));
#877 = CARTESIAN_POINT('',(0.987122286069,1.263045617495));
#878 = CARTESIAN_POINT('',(1.018534194464,1.274947708667));
#879 = CARTESIAN_POINT('',(1.051292524406,1.286864096852));
#880 = CARTESIAN_POINT('',(1.085644020367,1.298775778646));
#881 = CARTESIAN_POINT('',(1.121913577179,1.310659065988));
#882 = CARTESIAN_POINT('',(1.196757660398,1.333567852795));
#883 = CARTESIAN_POINT('',(1.23504659741,1.34460052598));
#884 = CARTESIAN_POINT('',(1.275775078902,1.35555532041));
#885 = CARTESIAN_POINT('',(1.319398408989,1.366400721938));
#886 = CARTESIAN_POINT('',(1.366506914529,1.377096671729));
#887 = CARTESIAN_POINT('',(1.417847720956,1.387591041557));
#888 = CARTESIAN_POINT('',(1.474452100439,1.397811892981));
#889 = CARTESIAN_POINT('',(1.567219194542,1.41226667321));
#890 = CARTESIAN_POINT('',(1.598266130529,1.416796565031));
#891 = CARTESIAN_POINT('',(1.63088717599,1.421232201754));
#892 = CARTESIAN_POINT('',(1.665226672572,1.425561105093));
#893 = CARTESIAN_POINT('',(1.701441941936,1.429768810956));
#894 = CARTESIAN_POINT('',(1.73969863839,1.433838550477));
#895 = CARTESIAN_POINT('',(1.780159122912,1.437751038758));
#896 = CARTESIAN_POINT('',(1.864430946217,1.445101037294));
#897 = CARTESIAN_POINT('',(1.90809785739,1.448549577983));
#898 = CARTESIAN_POINT('',(1.954092143061,1.451810100375));
#899 = CARTESIAN_POINT('',(2.002518584234,1.454860533861));
#900 = CARTESIAN_POINT('',(2.053445450884,1.457676633795));
#901 = CARTESIAN_POINT('',(2.106868472304,1.460232602298));
#902 = CARTESIAN_POINT('',(2.162674399875,1.462502564389));
#903 = CARTESIAN_POINT('',(2.27676669773,1.466362442689));
#904 = CARTESIAN_POINT('',(2.334921290086,1.467971389159));
#905 = CARTESIAN_POINT('',(2.394873464919,1.469268718244));
#906 = CARTESIAN_POINT('',(2.456303817596,1.470235260597));
#907 = CARTESIAN_POINT('',(2.518768315905,1.470856047416));
#908 = CARTESIAN_POINT('',(2.581735792006,1.471122714755));
#909 = CARTESIAN_POINT('',(2.644654938082,1.471034787659));
#910 = CARTESIAN_POINT('',(2.767438593292,1.470175710228));
#911 = CARTESIAN_POINT('',(2.827336873075,1.469426001341));
#912 = CARTESIAN_POINT('',(2.886257181779,1.46835492336));
#913 = CARTESIAN_POINT('',(2.943775671911,1.46697406991));
#914 = CARTESIAN_POINT('',(2.999560877374,1.465300177053));
#915 = CARTESIAN_POINT('',(3.053390354079,1.463353062554));
#916 = CARTESIAN_POINT('',(3.1051395934,1.461153510158));
#917 = CARTESIAN_POINT('',(3.250888295642,1.454011749701));
#918 = CARTESIAN_POINT('',(3.339015486445,1.448431500964));
#919 = CARTESIAN_POINT('',(3.418754557737,1.442132292067));
#920 = CARTESIAN_POINT('',(3.490793752771,1.435264053686));
#921 = CARTESIAN_POINT('',(3.556182807677,1.427941366901));
#922 = CARTESIAN_POINT('',(3.615815761502,1.420253788412));
#923 = CARTESIAN_POINT('',(3.670523400303,1.412271241738));
#924 = CARTESIAN_POINT('',(3.768313766392,1.396340826901));
#925 = CARTESIAN_POINT('',(3.811909651014,1.388421973319));
#926 = CARTESIAN_POINT('',(3.852355868399,1.380338162003));
#927 = CARTESIAN_POINT('',(3.890128241014,1.372123748318));
#928 = CARTESIAN_POINT('',(3.925610053855,1.363805506633));
#929 = CARTESIAN_POINT('',(3.959111549635,1.355404955945));
#930 = CARTESIAN_POINT('',(3.990890628155,1.346939772056));
#931 = CARTESIAN_POINT('',(4.077916412228,1.32245905898));
#932 = CARTESIAN_POINT('',(4.129366828762,1.306318162921));
#933 = CARTESIAN_POINT('',(4.176918569605,1.290099337624));
#934 = CARTESIAN_POINT('',(4.221449153154,1.273865035029));
#935 = CARTESIAN_POINT('',(4.263570442433,1.257662480024));
#936 = CARTESIAN_POINT('',(4.303739475374,1.241530486123));
#937 = CARTESIAN_POINT('',(4.342296512091,1.225500865347));
#938 = CARTESIAN_POINT('',(4.444634610224,1.181778480221));
#939 = CARTESIAN_POINT('',(4.505644991668,1.154354961907));
#940 = CARTESIAN_POINT('',(4.563974737119,1.127481516073));
#941 = CARTESIAN_POINT('',(4.620354156385,1.101269937926));
#942 = CARTESIAN_POINT('',(4.675312941677,1.075821981941));
#943 = CARTESIAN_POINT('',(4.729201624289,1.051229340646));
#944 = CARTESIAN_POINT('',(4.782289373379,1.027578698306));
#945 = CARTESIAN_POINT('',(4.913502728892,0.971010139902));
#946 = CARTESIAN_POINT('',(4.990875992107,0.939371281379));
#947 = CARTESIAN_POINT('',(5.067564845897,0.910308901596));
#948 = CARTESIAN_POINT('',(5.143919908236,0.884071713861));
#949 = CARTESIAN_POINT('',(5.22015512865,0.860886826325));
#950 = CARTESIAN_POINT('',(5.296399784958,0.840953415044));
#951 = CARTESIAN_POINT('',(5.372703886646,0.8244333831));
#952 = CARTESIAN_POINT('',(5.525459011535,0.798459022024));
#953 = CARTESIAN_POINT('',(5.601909796685,0.7890046927));
#954 = CARTESIAN_POINT('',(5.678445505152,0.783202529512));
#955 = CARTESIAN_POINT('',(5.755035545412,0.781129424141));
#956 = CARTESIAN_POINT('',(5.831627903321,0.782813039198));
#957 = CARTESIAN_POINT('',(5.908169972482,0.78822947386));
#958 = CARTESIAN_POINT('',(5.984629345458,0.79730540096));
#959 = CARTESIAN_POINT('',(6.061014565843,0.809924675526));
#960 = ( GEOMETRIC_REPRESENTATION_CONTEXT(2) 
PARAMETRIC_REPRESENTATION_CONTEXT() REPRESENTATION_CONTEXT('2D SPACE',''
  ) );
#961 = PCURVE('',#962,#967);
#962 = CYLINDRICAL_SURFACE('',#963,1.7307);
#963 = AXIS2_PLACEMENT_3D('',#964,#965,#966);
#964 = CARTESIAN_POINT('',(1.76624684607E-15,28.845,0.));
#965 = DIRECTION('',(0.291275864018,-0.168168198499,0.941741911595));
#966 = DIRECTION('',(0.955347671509,0.,-0.295484054633));
#967 = DEFINITIONAL_REPRESENTATION('',(#968),#972);
#968 = LINE('',#969,#970);
#969 = CARTESIAN_POINT('',(-3.14159265359,3.648635964302));
#970 = VECTOR('',#971,1.);
#971 = DIRECTION('',(1.,0.));
#972 = ( GEOMETRIC_REPRESENTATION_CONTEXT(2) 
PARAMETRIC_REPRESENTATION_CONTEXT() REPRESENTATION_CONTEXT('2D SPACE',''
  ) );
#973 = ORIENTED_EDGE('',*,*,#974,.F.);
#974 = EDGE_CURVE('',#975,#847,#977,.T.);
#975 = VERTEX_POINT('',#976);
#976 = CARTESIAN_POINT('',(2.01352140452E-15,28.845,-4.0383));
#977 = SEAM_CURVE('',#978,(#983,#990),.PCURVE_S1.);
#978 = CIRCLE('',#979,4.0383);
#979 = AXIS2_PLACEMENT_3D('',#980,#981,#982);
#980 = CARTESIAN_POINT('',(1.76624684607E-15,28.845,0.));
#981 = DIRECTION('',(-2.449293598295E-16,-1.,0.));
#982 = DIRECTION('',(1.,-2.449293598295E-16,0.));
#983 = PCURVE('',#449,#984);
#984 = DEFINITIONAL_REPRESENTATION('',(#985),#989);
#985 = LINE('',#986,#987);
#986 = CARTESIAN_POINT('',(6.28318530718,-6.28318530718));
#987 = VECTOR('',#988,1.);
#988 = DIRECTION('',(0.,1.));
#989 = ( GEOMETRIC_REPRESENTATION_CONTEXT(2) 
PARAMETRIC_REPRESENTATION_CONTEXT() REPRESENTATION_CONTEXT('2D SPACE',''
  ) );
#990 = PCURVE('',#449,#991);
#991 = DEFINITIONAL_REPRESENTATION('',(#992),#996);
#992 = LINE('',#993,#994);
#993 = CARTESIAN_POINT('',(0.,-6.28318530718));
#994 = VECTOR('',#995,1.);
#995 = DIRECTION('',(0.,1.));
#996 = ( GEOMETRIC_REPRESENTATION_CONTEXT(2) 
PARAMETRIC_REPRESENTATION_CONTEXT() REPRESENTATION_CONTEXT('2D SPACE',''
  ) );
#997 = ORIENTED_EDGE('',*,*,#974,.T.);
#998 = ORIENTED_EDGE('',*,*,#999,.F.);
#999 = EDGE_CURVE('',#849,#847,#1000,.T.);
#1000 = SURFACE_CURVE('',#1001,(#1006,#1016),.PCURVE_S1.);
#1001 = CIRCLE('',#1002,1.7307);
#1002 = AXIS2_PLACEMENT_3D('',#1003,#1004,#1005);
#1003 = CARTESIAN_POINT('',(1.062759592988,28.231415462904,
    3.436073407736));
#1004 = DIRECTION('',(0.291275864018,-0.168168198499,0.941741911595));
#1005 = DIRECTION('',(-0.955347671509,0.,0.295484054633));
#1006 = PCURVE('',#449,#1007);
#1007 = DEFINITIONAL_REPRESENTATION('',(#1008),#1015);
#1008 = B_SPLINE_CURVE_WITH_KNOTS('',5,(#1009,#1010,#1011,#1012,#1013,
    #1014),.UNSPECIFIED.,.F.,.F.,(6,6),(3.14159265359,3.509487283661),
  .PIECEWISE_BEZIER_KNOTS.);
#1009 = CARTESIAN_POINT('',(6.061014565843,0.809924675526));
#1010 = CARTESIAN_POINT('',(6.105486834257,0.817271748204));
#1011 = CARTESIAN_POINT('',(6.149931619924,0.82593250244));
#1012 = CARTESIAN_POINT('',(6.194351411251,0.835875595222));
#1013 = CARTESIAN_POINT('',(6.238758597156,0.847059053201));
#1014 = CARTESIAN_POINT('',(6.28318530718,0.859432688636));
#1015 = ( GEOMETRIC_REPRESENTATION_CONTEXT(2) 
PARAMETRIC_REPRESENTATION_CONTEXT() REPRESENTATION_CONTEXT('2D SPACE',''
  ) );
#1016 = PCURVE('',#962,#1017);
#1017 = DEFINITIONAL_REPRESENTATION('',(#1018),#1022);
#1018 = LINE('',#1019,#1020);
#1019 = CARTESIAN_POINT('',(-3.14159265359,3.648635964302));
#1020 = VECTOR('',#1021,1.);
#1021 = DIRECTION('',(1.,0.));
#1022 = ( GEOMETRIC_REPRESENTATION_CONTEXT(2) 
PARAMETRIC_REPRESENTATION_CONTEXT() REPRESENTATION_CONTEXT('2D SPACE',''
  ) );
#1023 = FACE_BOUND('',#1024,.T.);
#1024 = EDGE_LOOP('',(#1025));
#1025 = ORIENTED_EDGE('',*,*,#1026,.T.);
#1026 = EDGE_CURVE('',#1027,#1027,#1029,.T.);
#1027 = VERTEX_POINT('',#1028);
#1028 = CARTESIAN_POINT('',(3.323148148481,26.550538565753,
    4.238992430569E-16));
#1029 = SURFACE_CURVE('',#1030,(#1168,#1309),.PCURVE_S1.);
#1030 = B_SPLINE_CURVE_WITH_KNOTS('',6,(#1031,#1032,#1033,#1034,#1035,
    #1036,#1037,#1038,#1039,#1040,#1041,#1042,#1043,#1044,#1045,#1046,
    #1047,#1048,#1049,#1050,#1051,#1052,#1053,#1054,#1055,#1056,#1057,
    #1058,#1059,#1060,#1061,#1062,#1063,#1064,#1065,#1066,#1067,#1068,
    #1069,#1070,#1071,#1072,#1073,#1074,#1075,#1076,#1077,#1078,#1079,
    #1080,#1081,#1082,#1083,#1084,#1085,#1086,#1087,#1088,#1089,#1090,
    #1091,#1092,#1093,#1094,#1095,#1096,#1097,#1098,#1099,#1100,#1101,
    #1102,#1103,#1104,#1105,#1106,#1107,#1108,#1109,#1110,#1111,#1112,
    #1113,#1114,#1115,#1116,#1117,#1118,#1119,#1120,#1121,#1122,#1123,
    #1124,#1125,#1126,#1127,#1128,#1129,#1130,#1131,#1132,#1133,#1134,
    #1135,#1136,#1137,#1138,#1139,#1140,#1141,#1142,#1143,#1144,#1145,
    #1146,#1147,#1148,#1149,#1150,#1151,#1152,#1153,#1154,#1155,#1156,
    #1157,#1158,#1159,#1160,#1161,#1162,#1163,#1164,#1165,#1166,#1167),
  .UNSPECIFIED.,.T.,.F.,(7,5,5,5,5,5,5,5,5,5,5,5,5,5,5,5,5,5,5,5,5,5,5,5
    ,5,5,5,7),(0.,7.22405563606E-02,9.733026197247E-02,0.112388436022,
    0.121927766389,0.135990201272,0.143526214563,0.249748482257,
    0.356474625506,0.371042571788,0.387110361215,0.401164905344,
    0.424749792378,0.449333525253,0.500002074741,0.550670624229,
    0.575254357104,0.598839244139,0.612893788267,0.622433227037,
    0.636495859152,0.746220659613,0.856474180936,0.871042091422,
    0.887109841368,0.901164350962,0.924749180045,1.),.UNSPECIFIED.);
#1031 = CARTESIAN_POINT('',(3.323148148481,26.550538565753,
    4.440892098501E-16));
#1032 = CARTESIAN_POINT('',(3.323148148481,26.550538565753,
    -0.131150735161));
#1033 = CARTESIAN_POINT('',(3.312819775632,26.544575476908,
    -0.262307496177));
#1034 = CARTESIAN_POINT('',(3.292161336357,26.532648321431,
    -0.392097636695));
#1035 = CARTESIAN_POINT('',(3.2613574291,26.514863677284,-0.519178103728
    ));
#1036 = CARTESIAN_POINT('',(3.22075292738,26.491420657286,
    -0.642243763307));
#1037 = CARTESIAN_POINT('',(3.153559868756,26.452626726802,
    -0.800968981537));
#1038 = CARTESIAN_POINT('',(3.135120556104,26.441980784679,
    -0.841252079492));
#1039 = CARTESIAN_POINT('',(3.115584841272,26.430701834462,
    -0.880850813375));
#1040 = CARTESIAN_POINT('',(3.094976986101,26.418803883731,
    -0.919715308676));
#1041 = CARTESIAN_POINT('',(3.073323568791,26.406302277418,
    -0.957797237308));
#1042 = CARTESIAN_POINT('',(3.037047501864,26.385358280413,
    -1.017407825575));
#1043 = CARTESIAN_POINT('',(3.023075294518,26.377291422741,
    -1.039467121892));
#1044 = CARTESIAN_POINT('',(3.008743100721,26.369016726794,
    -1.061217612577));
#1045 = CARTESIAN_POINT('',(2.994057434332,26.360537953351,
    -1.082649453066));
#1046 = CARTESIAN_POINT('',(2.979025084224,26.351859021969,
    -1.103753048212));
#1047 = CARTESIAN_POINT('',(2.953914994681,26.337361705012,
    -1.137674284292));
#1048 = CARTESIAN_POINT('',(2.94404057711,26.33166070737,-1.150694036472
    ));
#1049 = CARTESIAN_POINT('',(2.934031656429,26.32588205432,
    -1.163575934492));
#1050 = CARTESIAN_POINT('',(2.923890068489,26.320026805793,
    -1.176317648756));
#1051 = CARTESIAN_POINT('',(2.913617690125,26.314096045379,
    -1.188916894403));
#1052 = CARTESIAN_POINT('',(2.887883401218,26.299238346751,
    -1.219731327387));
#1053 = CARTESIAN_POINT('',(2.872270302814,26.290224120185,
    -1.237776756941));
#1054 = CARTESIAN_POINT('',(2.856383291834,26.281051750119,
    -1.255500540012));
#1055 = CARTESIAN_POINT('',(2.840228692001,26.271724887557,
    -1.272895726873));
#1056 = CARTESIAN_POINT('',(2.82381300288,26.262247285024,
    -1.289955598034));
#1057 = CARTESIAN_POINT('',(2.798209445682,26.247465064384,
    -1.315632821746));
#1058 = CARTESIAN_POINT('',(2.789202926537,26.242265148131,
    -1.324493818816));
#1059 = CARTESIAN_POINT('',(2.780124369015,26.237023640502,
    -1.333255657475));
#1060 = CARTESIAN_POINT('',(2.7709748127,26.2317411417,-1.341917359984)
  );
#1061 = CARTESIAN_POINT('',(2.761755310174,26.226418259435,
    -1.350477968843));
#1062 = CARTESIAN_POINT('',(2.621544503807,26.145467512636,
    -1.478162627652));
#1063 = CARTESIAN_POINT('',(2.476890758804,26.061951634019,
    -1.577159552106));
#1064 = CARTESIAN_POINT('',(2.32158915822,25.972288213116,
    -1.653170374567));
#1065 = CARTESIAN_POINT('',(2.159073478457,25.878459741658,
    -1.704561575889));
#1066 = CARTESIAN_POINT('',(1.992861844069,25.782497409801,
    -1.730394915471));
#1067 = CARTESIAN_POINT('',(1.659718214184,25.590156845408,
    -1.73100220814));
#1068 = CARTESIAN_POINT('',(1.492648339132,25.493699008074,
    -1.705533608366));
#1069 = CARTESIAN_POINT('',(1.329258851214,25.399366043241,
    -1.654251011408));
#1070 = CARTESIAN_POINT('',(1.173118682276,25.309218474674,
    -1.578098977011));
#1071 = CARTESIAN_POINT('',(1.027712611315,25.225268240462,
    -1.478728286123));
#1072 = CARTESIAN_POINT('',(0.878213551753,25.138954918181,
    -1.342585167721));
#1073 = CARTESIAN_POINT('',(0.860515464433,25.128736922702,
    -1.32585250435));
#1074 = CARTESIAN_POINT('',(0.843082479751,25.118671984303,
    -1.308745332571));
#1075 = CARTESIAN_POINT('',(0.825922113542,25.108764442253,
    -1.291270705496));
#1076 = CARTESIAN_POINT('',(0.809041693044,25.099018526935,
    -1.273435953453));
#1077 = CARTESIAN_POINT('',(0.774146653558,25.078871866494,
    -1.235188943887));
#1078 = CARTESIAN_POINT('',(0.756194181096,25.068507001685,
    -1.214700352901));
#1079 = CARTESIAN_POINT('',(0.738600518806,25.058349296026,
    -1.193793121863));
#1080 = CARTESIAN_POINT('',(0.721374925331,25.048404094996,
    -1.17247783249));
#1081 = CARTESIAN_POINT('',(0.70452633866,25.038676558947,
    -1.150765437371));
#1082 = CARTESIAN_POINT('',(0.673663172894,25.020857701884,
    -1.109337917202));
#1083 = CARTESIAN_POINT('',(0.659558006416,25.012714080221,
    -1.089713402112));
#1084 = CARTESIAN_POINT('',(0.64575364085,25.004744126045,
    -1.069801290625));
#1085 = CARTESIAN_POINT('',(0.632255632806,24.996951047467,
    -1.049609349742));
#1086 = CARTESIAN_POINT('',(0.619069331349,24.989337932772,
    -1.029145537541));
#1087 = CARTESIAN_POINT('',(0.584603688144,24.96943918439,
    -0.973635191862));
#1088 = CARTESIAN_POINT('',(0.563899717359,24.957485741283,
    -0.938109682919));
#1089 = CARTESIAN_POINT('',(0.544112290476,24.946061465046,
    -0.901880052951));
#1090 = CARTESIAN_POINT('',(0.525263938115,24.935179363736,
    -0.864986119355));
#1091 = CARTESIAN_POINT('',(0.507375396684,24.924851409526,
    -0.827468940322));
#1092 = CARTESIAN_POINT('',(0.472839671994,24.904912199579,
    -0.749659191947));
#1093 = CARTESIAN_POINT('',(0.456277106606,24.895349797994,
    -0.709316265745));
#1094 = CARTESIAN_POINT('',(0.440799350154,24.88641371114,
    -0.668389939437));
#1095 = CARTESIAN_POINT('',(0.426425575728,24.878115008606,
    -0.626929158388));
#1096 = CARTESIAN_POINT('',(0.41317269158,24.870463452376,
    -0.584983910133));
#1097 = CARTESIAN_POINT('',(0.376080754272,24.849048412386,
    -0.455260208548));
#1098 = CARTESIAN_POINT('',(0.35592953124,24.837414098344,
    -0.366072361011));
#1099 = CARTESIAN_POINT('',(0.340730246613,24.828638787273,
    -0.275490229452));
#1100 = CARTESIAN_POINT('',(0.330568681819,24.822772005104,
    -0.183972569115));
#1101 = CARTESIAN_POINT('',(0.325487815821,24.819838565753,
    -9.198555598812E-02));
#1102 = CARTESIAN_POINT('',(0.325487815821,24.819838565753,
    9.198555598817E-02));
#1103 = CARTESIAN_POINT('',(0.330568681819,24.822772005104,
    0.183972569115));
#1104 = CARTESIAN_POINT('',(0.340730246613,24.828638787273,
    0.275490229452));
#1105 = CARTESIAN_POINT('',(0.35592953124,24.837414098344,0.366072361011
    ));
#1106 = CARTESIAN_POINT('',(0.376080754272,24.849048412386,
    0.455260208548));
#1107 = CARTESIAN_POINT('',(0.41317269158,24.870463452376,0.584983910133
    ));
#1108 = CARTESIAN_POINT('',(0.426425575728,24.878115008606,
    0.626929158388));
#1109 = CARTESIAN_POINT('',(0.440799350154,24.88641371114,0.668389939437
    ));
#1110 = CARTESIAN_POINT('',(0.456277106606,24.895349797994,
    0.709316265745));
#1111 = CARTESIAN_POINT('',(0.472839671994,24.904912199579,
    0.749659191947));
#1112 = CARTESIAN_POINT('',(0.507375396684,24.924851409526,
    0.827468940322));
#1113 = CARTESIAN_POINT('',(0.525263938115,24.935179363736,
    0.864986119355));
#1114 = CARTESIAN_POINT('',(0.544112290476,24.946061465046,
    0.901880052951));
#1115 = CARTESIAN_POINT('',(0.563899717359,24.957485741283,
    0.938109682919));
#1116 = CARTESIAN_POINT('',(0.584603688144,24.96943918439,0.973635191862
    ));
#1117 = CARTESIAN_POINT('',(0.619069331349,24.989337932772,
    1.029145537541));
#1118 = CARTESIAN_POINT('',(0.632255632806,24.996951047467,
    1.049609349742));
#1119 = CARTESIAN_POINT('',(0.64575364085,25.004744126045,1.069801290625
    ));
#1120 = CARTESIAN_POINT('',(0.659558006416,25.012714080221,
    1.089713402112));
#1121 = CARTESIAN_POINT('',(0.673663172894,25.020857701884,
    1.109337917202));
#1122 = CARTESIAN_POINT('',(0.69783742898,25.034814715142,1.141786937149
    ));
#1123 = CARTESIAN_POINT('',(0.707747404774,25.040536242335,
    1.154770632329));
#1124 = CARTESIAN_POINT('',(0.717791501901,25.046335204515,
    1.167615977898));
#1125 = CARTESIAN_POINT('',(0.727967877907,25.052210537941,
    1.180320651162));
#1126 = CARTESIAN_POINT('',(0.738274649502,25.058161155296,
    1.192882374341));
#1127 = CARTESIAN_POINT('',(0.764093080991,25.073067433666,
    1.223602846454));
#1128 = CARTESIAN_POINT('',(0.77975545966,25.082110112207,1.241591279607
    ));
#1129 = CARTESIAN_POINT('',(0.795690860405,25.091310420117,
    1.259257057316));
#1130 = CARTESIAN_POINT('',(0.811892940023,25.100664695146,
    1.276593253863));
#1131 = CARTESIAN_POINT('',(0.828355180266,25.110169173982,
    1.293593174535));
#1132 = CARTESIAN_POINT('',(0.975496519683,25.195121265902,
    1.440219329817));
#1133 = CARTESIAN_POINT('',(1.121408076795,25.279363342679,
    1.549376639701));
#1134 = CARTESIAN_POINT('',(1.279515041265,25.370646441177,
    1.634486439122));
#1135 = CARTESIAN_POINT('',(1.446071722602,25.466807985982,
    1.693591099071));
#1136 = CARTESIAN_POINT('',(1.617218694619,25.565619736347,
    1.725521444655));
#1137 = CARTESIAN_POINT('',(1.961265188415,25.764255072154,
    1.734930710709));
#1138 = CARTESIAN_POINT('',(2.134333134641,25.864175897495,1.71215096059
    ));
#1139 = CARTESIAN_POINT('',(2.303852570393,25.96204798936,1.661728190665
    ));
#1140 = CARTESIAN_POINT('',(2.465885439241,26.055597709807,
    1.584649676764));
#1141 = CARTESIAN_POINT('',(2.616575406538,26.14259860299,1.482687795902
    ));
#1142 = CARTESIAN_POINT('',(2.77042241255,26.231422213325,1.342585167721
    ));
#1143 = CARTESIAN_POINT('',(2.78812049987,26.241640208803,1.32585250435)
  );
#1144 = CARTESIAN_POINT('',(2.805553484551,26.251705147202,1.30874533257
    ));
#1145 = CARTESIAN_POINT('',(2.82271385076,26.261612689252,1.291270705496
    ));
#1146 = CARTESIAN_POINT('',(2.839594271258,26.271358604571,
    1.273435953453));
#1147 = CARTESIAN_POINT('',(2.874489310745,26.291505265011,
    1.235188943887));
#1148 = CARTESIAN_POINT('',(2.892441783207,26.30187012982,1.2147003529)
  );
#1149 = CARTESIAN_POINT('',(2.910035445497,26.312027835479,
    1.193793121863));
#1150 = CARTESIAN_POINT('',(2.927261038972,26.321973036509,1.17247783249
    ));
#1151 = CARTESIAN_POINT('',(2.944109625642,26.331700572559,
    1.150765437371));
#1152 = CARTESIAN_POINT('',(2.974972791408,26.349519429621,
    1.109337917202));
#1153 = CARTESIAN_POINT('',(2.989077957886,26.357663051285,
    1.089713402112));
#1154 = CARTESIAN_POINT('',(3.002882323452,26.36563300546,1.069801290625
    ));
#1155 = CARTESIAN_POINT('',(3.016380331497,26.373426084038,
    1.049609349742));
#1156 = CARTESIAN_POINT('',(3.029566632953,26.381039198733,
    1.029145537541));
#1157 = CARTESIAN_POINT('',(3.064032276158,26.400937947116,
    0.973635191862));
#1158 = CARTESIAN_POINT('',(3.084736246944,26.412891390222,
    0.938109682919));
#1159 = CARTESIAN_POINT('',(3.104523673827,26.42431566646,0.901880052951
    ));
#1160 = CARTESIAN_POINT('',(3.123372026188,26.435197767769,
    0.864986119355));
#1161 = CARTESIAN_POINT('',(3.141260567618,26.445525721979,
    0.827468940322));
#1162 = CARTESIAN_POINT('',(3.212123489546,26.48643844903,0.667813216466
    ));
#1163 = CARTESIAN_POINT('',(3.256117040721,26.511838137643,
    0.540331613355));
#1164 = CARTESIAN_POINT('',(3.28952488882,26.531126167737,0.408316435119
    ));
#1165 = CARTESIAN_POINT('',(3.311941544237,26.544068429776,
    0.273237411881));
#1166 = CARTESIAN_POINT('',(3.323148148481,26.550538565753,
    0.136612911395));
#1167 = CARTESIAN_POINT('',(3.323148148481,26.550538565753,
    4.440892098501E-16));
#1168 = PCURVE('',#449,#1169);
#1169 = DEFINITIONAL_REPRESENTATION('',(#1170),#1308);
#1170 = B_SPLINE_CURVE_WITH_KNOTS('',6,(#1171,#1172,#1173,#1174,#1175,
    #1176,#1177,#1178,#1179,#1180,#1181,#1182,#1183,#1184,#1185,#1186,
    #1187,#1188,#1189,#1190,#1191,#1192,#1193,#1194,#1195,#1196,#1197,
    #1198,#1199,#1200,#1201,#1202,#1203,#1204,#1205,#1206,#1207,#1208,
    #1209,#1210,#1211,#1212,#1213,#1214,#1215,#1216,#1217,#1218,#1219,
    #1220,#1221,#1222,#1223,#1224,#1225,#1226,#1227,#1228,#1229,#1230,
    #1231,#1232,#1233,#1234,#1235,#1236,#1237,#1238,#1239,#1240,#1241,
    #1242,#1243,#1244,#1245,#1246,#1247,#1248,#1249,#1250,#1251,#1252,
    #1253,#1254,#1255,#1256,#1257,#1258,#1259,#1260,#1261,#1262,#1263,
    #1264,#1265,#1266,#1267,#1268,#1269,#1270,#1271,#1272,#1273,#1274,
    #1275,#1276,#1277,#1278,#1279,#1280,#1281,#1282,#1283,#1284,#1285,
    #1286,#1287,#1288,#1289,#1290,#1291,#1292,#1293,#1294,#1295,#1296,
    #1297,#1298,#1299,#1300,#1301,#1302,#1303,#1304,#1305,#1306,#1307),
  .UNSPECIFIED.,.F.,.F.,(7,5,5,5,5,5,5,5,5,5,5,5,5,5,5,5,5,5,5,5,5,5,5,5
    ,5,5,5,7),(0.,7.22405563606E-02,9.733026197247E-02,0.112388436022,
    0.121927766389,0.135990201272,0.143526214563,0.249748482257,
    0.356474625506,0.371042571788,0.387110361215,0.401164905344,
    0.424749792378,0.449333525253,0.500002074741,0.550670624229,
    0.575254357104,0.598839244139,0.612893788267,0.622433227037,
    0.636495859152,0.746220659613,0.856474180936,0.871042091422,
    0.887109841368,0.901164350962,0.924749180045,1.),.UNSPECIFIED.);
#1171 = CARTESIAN_POINT('',(5.678898800057,0.));
#1172 = CARTESIAN_POINT('',(5.678898800057,-3.247671920396E-02));
#1173 = CARTESIAN_POINT('',(5.676230507336,-6.495494434034E-02));
#1174 = CARTESIAN_POINT('',(5.670893437809,-9.715633323846E-02));
#1175 = CARTESIAN_POINT('',(5.662884760701,-0.128810307615));
#1176 = CARTESIAN_POINT('',(5.652191979209,-0.159636577541));
#1177 = CARTESIAN_POINT('',(5.634195380033,-0.1996567539));
#1178 = CARTESIAN_POINT('',(5.629234728565,-0.209838000379));
#1179 = CARTESIAN_POINT('',(5.623953169423,-0.219871954675));
#1180 = CARTESIAN_POINT('',(5.618351838285,-0.229746368371));
#1181 = CARTESIAN_POINT('',(5.612432409537,-0.239448918965));
#1182 = CARTESIAN_POINT('',(5.602454827075,-0.254679834927));
#1183 = CARTESIAN_POINT('',(5.598598788084,-0.260326093654));
#1184 = CARTESIAN_POINT('',(5.594629471481,-0.265903308234));
#1185 = CARTESIAN_POINT('',(5.59054747672,-0.271408802613));
#1186 = CARTESIAN_POINT('',(5.586353510531,-0.276839902501));
#1187 = CARTESIAN_POINT('',(5.579321097645,-0.285585707056));
#1188 = CARTESIAN_POINT('',(5.576549199985,-0.288946550951));
#1189 = CARTESIAN_POINT('',(5.573732902206,-0.292275788078));
#1190 = CARTESIAN_POINT('',(5.570872433668,-0.295572741483));
#1191 = CARTESIAN_POINT('',(5.567968044816,-0.298836736243));
#1192 = CARTESIAN_POINT('',(5.560674147915,-0.3068291499));
#1193 = CARTESIAN_POINT('',(5.55623343648,-0.311518116625));
#1194 = CARTESIAN_POINT('',(5.551698739938,-0.316131841592));
#1195 = CARTESIAN_POINT('',(5.547071041229,-0.320668186351));
#1196 = CARTESIAN_POINT('',(5.542351439166,-0.325125032041));
#1197 = CARTESIAN_POINT('',(5.534963329219,-0.331844960267));
#1198 = CARTESIAN_POINT('',(5.532359466065,-0.334166207807));
#1199 = CARTESIAN_POINT('',(5.529729746524,-0.336463699353));
#1200 = CARTESIAN_POINT('',(5.527074368786,-0.338737114743));
#1201 = CARTESIAN_POINT('',(5.524393541677,-0.340986136308));
#1202 = CARTESIAN_POINT('',(5.483544835242,-0.374562772067));
#1203 = CARTESIAN_POINT('',(5.440375976286,-0.401016202799));
#1204 = CARTESIAN_POINT('',(5.392825437121,-0.421660048116));
#1205 = CARTESIAN_POINT('',(5.341923851783,-0.435748025616));
#1206 = CARTESIAN_POINT('',(5.289327574449,-0.442827428047));
#1207 = CARTESIAN_POINT('',(5.183896142858,-0.442993871755));
#1208 = CARTESIAN_POINT('',(5.131018300116,-0.436014462763));
#1209 = CARTESIAN_POINT('',(5.079827472886,-0.421953623945));
#1210 = CARTESIAN_POINT('',(5.032009426512,-0.401267219733));
#1211 = CARTESIAN_POINT('',(4.98861164143,-0.374711520622));
#1212 = CARTESIAN_POINT('',(4.945056915839,-0.338910603422));
#1213 = CARTESIAN_POINT('',(4.939920088009,-0.334518420683));
#1214 = CARTESIAN_POINT('',(4.934879125049,-0.330036181277));
#1215 = CARTESIAN_POINT('',(4.929935464302,-0.325466196519));
#1216 = CARTESIAN_POINT('',(4.925090399229,-0.320810808414));
#1217 = CARTESIAN_POINT('',(4.9151112051,-0.310846126924));
#1218 = CARTESIAN_POINT('',(4.90999867741,-0.305518851558));
#1219 = CARTESIAN_POINT('',(4.905009035588,-0.300093747278));
#1220 = CARTESIAN_POINT('',(4.900143640056,-0.294574019303));
#1221 = CARTESIAN_POINT('',(4.895403672409,-0.288962894355));
#1222 = CARTESIAN_POINT('',(4.886754660605,-0.278278448683));
#1223 = CARTESIAN_POINT('',(4.882815923142,-0.273225830512));
#1224 = CARTESIAN_POINT('',(4.878974595714,-0.268107938136));
#1225 = CARTESIAN_POINT('',(4.875231268139,-0.26292694546));
#1226 = CARTESIAN_POINT('',(4.871586447358,-0.257685028304));
#1227 = CARTESIAN_POINT('',(4.86209021051,-0.243489336716));
#1228 = CARTESIAN_POINT('',(4.856418483283,-0.234428865853));
#1229 = CARTESIAN_POINT('',(4.851027331605,-0.225213251696));
#1230 = CARTESIAN_POINT('',(4.845918266672,-0.215852741661));
#1231 = CARTESIAN_POINT('',(4.841092355026,-0.206357530704));
#1232 = CARTESIAN_POINT('',(4.831815717615,-0.186710584156));
#1233 = CARTESIAN_POINT('',(4.827389586005,-0.176548060568));
#1234 = CARTESIAN_POINT('',(4.823272537027,-0.166261661073));
#1235 = CARTESIAN_POINT('',(4.819465032846,-0.155862754363));
#1236 = CARTESIAN_POINT('',(4.815967284489,-0.145362607309));
#1237 = CARTESIAN_POINT('',(4.806208525152,-0.112945300866));
#1238 = CARTESIAN_POINT('',(4.800953543204,-9.073521096947E-02));
#1239 = CARTESIAN_POINT('',(4.797014432644,-6.824064510436E-02));
#1240 = CARTESIAN_POINT('',(4.794389397562,-4.555692527835E-02));
#1241 = CARTESIAN_POINT('',(4.793076711909,-2.277828689996E-02));
#1242 = CARTESIAN_POINT('',(4.793076711909,2.277828689998E-02));
#1243 = CARTESIAN_POINT('',(4.794389397562,4.555692527837E-02));
#1244 = CARTESIAN_POINT('',(4.797014432644,6.824064510438E-02));
#1245 = CARTESIAN_POINT('',(4.800953543204,9.073521096949E-02));
#1246 = CARTESIAN_POINT('',(4.806208525152,0.112945300866));
#1247 = CARTESIAN_POINT('',(4.815967284489,0.145362607309));
#1248 = CARTESIAN_POINT('',(4.819465032846,0.155862754363));
#1249 = CARTESIAN_POINT('',(4.823272537027,0.166261661073));
#1250 = CARTESIAN_POINT('',(4.827389586005,0.176548060568));
#1251 = CARTESIAN_POINT('',(4.831815717615,0.186710584156));
#1252 = CARTESIAN_POINT('',(4.841092355026,0.206357530704));
#1253 = CARTESIAN_POINT('',(4.845918266672,0.215852741661));
#1254 = CARTESIAN_POINT('',(4.851027331605,0.225213251696));
#1255 = CARTESIAN_POINT('',(4.856418483283,0.234428865853));
#1256 = CARTESIAN_POINT('',(4.86209021051,0.243489336716));
#1257 = CARTESIAN_POINT('',(4.871586447358,0.257685028304));
#1258 = CARTESIAN_POINT('',(4.875231268139,0.26292694546));
#1259 = CARTESIAN_POINT('',(4.878974595714,0.268107938136));
#1260 = CARTESIAN_POINT('',(4.882815923142,0.273225830512));
#1261 = CARTESIAN_POINT('',(4.886754660605,0.278278448683));
#1262 = CARTESIAN_POINT('',(4.893529190082,0.286647276682));
#1263 = CARTESIAN_POINT('',(4.896312809884,0.289999861353));
#1264 = CARTESIAN_POINT('',(4.899140783421,0.293320695872));
#1265 = CARTESIAN_POINT('',(4.902012878059,0.296609103548));
#1266 = CARTESIAN_POINT('',(4.904928839927,0.299864409799));
#1267 = CARTESIAN_POINT('',(4.912251241653,0.307834987187));
#1268 = CARTESIAN_POINT('',(4.916708818941,0.312510638771));
#1269 = CARTESIAN_POINT('',(4.921260247208,0.317110740193));
#1270 = CARTESIAN_POINT('',(4.925904531353,0.321633154797));
#1271 = CARTESIAN_POINT('',(4.930640559736,0.326075765984));
#1272 = CARTESIAN_POINT('',(4.973126599359,0.364461271807));
#1273 = CARTESIAN_POINT('',(5.016312928337,0.393513237044));
#1274 = CARTESIAN_POINT('',(5.064404421681,0.416562010325));
#1275 = CARTESIAN_POINT('',(5.116376274702,0.432743096592));
#1276 = CARTESIAN_POINT('',(5.17045341816,0.441491816698));
#1277 = CARTESIAN_POINT('',(5.279321654744,0.444070498903));
#1278 = CARTESIAN_POINT('',(5.334165801618,0.437829585182));
#1279 = CARTESIAN_POINT('',(5.387389590237,0.423986657537));
#1280 = CARTESIAN_POINT('',(5.437090484729,0.40301819999));
#1281 = CARTESIAN_POINT('',(5.482097149427,0.375752734334));
#1282 = CARTESIAN_POINT('',(5.526918596127,0.338910603422));
#1283 = CARTESIAN_POINT('',(5.532055423957,0.334518420683));
#1284 = CARTESIAN_POINT('',(5.537096386917,0.330036181277));
#1285 = CARTESIAN_POINT('',(5.542040047664,0.325466196519));
#1286 = CARTESIAN_POINT('',(5.546885112737,0.320810808414));
#1287 = CARTESIAN_POINT('',(5.556864306866,0.310846126924));
#1288 = CARTESIAN_POINT('',(5.561976834556,0.305518851558));
#1289 = CARTESIAN_POINT('',(5.566966476378,0.300093747278));
#1290 = CARTESIAN_POINT('',(5.57183187191,0.294574019303));
#1291 = CARTESIAN_POINT('',(5.576571839557,0.288962894355));
#1292 = CARTESIAN_POINT('',(5.585220851361,0.278278448683));
#1293 = CARTESIAN_POINT('',(5.589159588824,0.273225830512));
#1294 = CARTESIAN_POINT('',(5.593000916252,0.268107938136));
#1295 = CARTESIAN_POINT('',(5.596744243827,0.26292694546));
#1296 = CARTESIAN_POINT('',(5.600389064608,0.257685028304));
#1297 = CARTESIAN_POINT('',(5.609885301456,0.243489336716));
#1298 = CARTESIAN_POINT('',(5.615557028683,0.234428865853));
#1299 = CARTESIAN_POINT('',(5.620948180361,0.225213251696));
#1300 = CARTESIAN_POINT('',(5.626057245294,0.215852741661));
#1301 = CARTESIAN_POINT('',(5.63088315694,0.206357530704));
#1302 = CARTESIAN_POINT('',(5.649917639016,0.166044491037));
#1303 = CARTESIAN_POINT('',(5.66152194875,0.134080715504));
#1304 = CARTESIAN_POINT('',(5.670212315448,0.101180589121));
#1305 = CARTESIAN_POINT('',(5.67600362083,6.766151246178E-02));
#1306 = CARTESIAN_POINT('',(5.678898800057,3.382931218468E-02));
#1307 = CARTESIAN_POINT('',(5.678898800057,1.110223024625E-16));
#1308 = ( GEOMETRIC_REPRESENTATION_CONTEXT(2) 
PARAMETRIC_REPRESENTATION_CONTEXT() REPRESENTATION_CONTEXT('2D SPACE',''
  ) );
#1309 = PCURVE('',#1310,#1315);
#1310 = CYLINDRICAL_SURFACE('',#1311,1.7307);
#1311 = AXIS2_PLACEMENT_3D('',#1312,#1313,#1314);
#1312 = CARTESIAN_POINT('',(24.980502772162,-14.4225,0.));
#1313 = DIRECTION('',(-0.5,0.866025403784,0.));
#1314 = DIRECTION('',(0.866025403784,0.5,0.));
#1315 = DEFINITIONAL_REPRESENTATION('',(#1316),#1454);
#1316 = B_SPLINE_CURVE_WITH_KNOTS('',6,(#1317,#1318,#1319,#1320,#1321,
    #1322,#1323,#1324,#1325,#1326,#1327,#1328,#1329,#1330,#1331,#1332,
    #1333,#1334,#1335,#1336,#1337,#1338,#1339,#1340,#1341,#1342,#1343,
    #1344,#1345,#1346,#1347,#1348,#1349,#1350,#1351,#1352,#1353,#1354,
    #1355,#1356,#1357,#1358,#1359,#1360,#1361,#1362,#1363,#1364,#1365,
    #1366,#1367,#1368,#1369,#1370,#1371,#1372,#1373,#1374,#1375,#1376,
    #1377,#1378,#1379,#1380,#1381,#1382,#1383,#1384,#1385,#1386,#1387,
    #1388,#1389,#1390,#1391,#1392,#1393,#1394,#1395,#1396,#1397,#1398,
    #1399,#1400,#1401,#1402,#1403,#1404,#1405,#1406,#1407,#1408,#1409,
    #1410,#1411,#1412,#1413,#1414,#1415,#1416,#1417,#1418,#1419,#1420,
    #1421,#1422,#1423,#1424,#1425,#1426,#1427,#1428,#1429,#1430,#1431,
    #1432,#1433,#1434,#1435,#1436,#1437,#1438,#1439,#1440,#1441,#1442,
    #1443,#1444,#1445,#1446,#1447,#1448,#1449,#1450,#1451,#1452,#1453),
  .UNSPECIFIED.,.F.,.F.,(7,5,5,5,5,5,5,5,5,5,5,5,5,5,5,5,5,5,5,5,5,5,5,5
    ,5,5,5,7),(0.,7.22405563606E-02,9.733026197247E-02,0.112388436022,
    0.121927766389,0.135990201272,0.143526214563,0.249748482257,
    0.356474625506,0.371042571788,0.387110361215,0.401164905344,
    0.424749792378,0.449333525253,0.500002074741,0.550670624229,
    0.575254357104,0.598839244139,0.612893788267,0.622433227037,
    0.636495859152,0.746220659613,0.856474180936,0.871042091422,
    0.887109841368,0.901164350962,0.924749180045,1.),.UNSPECIFIED.);
#1317 = CARTESIAN_POINT('',(0.,46.312369580022));
#1318 = CARTESIAN_POINT('',(7.577901147591E-02,46.312369580022));
#1319 = CARTESIAN_POINT('',(0.151561437198,46.312369580022));
#1320 = CARTESIAN_POINT('',(0.227337909266,46.312369580022));
#1321 = CARTESIAN_POINT('',(0.303114431696,46.312369580022));
#1322 = CARTESIAN_POINT('',(0.378895126179,46.312369580022));
#1323 = CARTESIAN_POINT('',(0.480977306038,46.312369580022));
#1324 = CARTESIAN_POINT('',(0.507291042586,46.312369580022));
#1325 = CARTESIAN_POINT('',(0.533603630442,46.312369580022));
#1326 = CARTESIAN_POINT('',(0.559914800147,46.312369580022));
#1327 = CARTESIAN_POINT('',(0.58622424738,46.312369580022));
#1328 = CARTESIAN_POINT('',(0.628320626144,46.312369580022));
#1329 = CARTESIAN_POINT('',(0.644108881337,46.312369580022));
#1330 = CARTESIAN_POINT('',(0.659896325363,46.312369580022));
#1331 = CARTESIAN_POINT('',(0.675682882434,46.312369580022));
#1332 = CARTESIAN_POINT('',(0.691468474151,46.312369580022));
#1333 = CARTESIAN_POINT('',(0.717252504982,46.312369580022));
#1334 = CARTESIAN_POINT('',(0.727251571085,46.312369580022));
#1335 = CARTESIAN_POINT('',(0.737250197328,46.312369580022));
#1336 = CARTESIAN_POINT('',(0.747248363158,46.312369580022));
#1337 = CARTESIAN_POINT('',(0.757246047943,46.312369580022));
#1338 = CARTESIAN_POINT('',(0.781980610861,46.312369580022));
#1339 = CARTESIAN_POINT('',(0.796716901656,46.312369580022));
#1340 = CARTESIAN_POINT('',(0.811452036289,46.312369580022));
#1341 = CARTESIAN_POINT('',(0.826185949415,46.312369580022));
#1342 = CARTESIAN_POINT('',(0.840918577419,46.312369580022));
#1343 = CARTESIAN_POINT('',(0.863544304171,46.312369580022));
#1344 = CARTESIAN_POINT('',(0.871438363399,46.312369580022));
#1345 = CARTESIAN_POINT('',(0.879332026693,46.312369580022));
#1346 = CARTESIAN_POINT('',(0.887225284965,46.312369580022));
#1347 = CARTESIAN_POINT('',(0.895118129445,46.312369580022));
#1348 = CARTESIAN_POINT('',(1.014256505687,46.312369580022));
#1349 = CARTESIAN_POINT('',(1.125456678287,46.312369580022));
#1350 = CARTESIAN_POINT('',(1.236495613599,46.312369580022));
#1351 = CARTESIAN_POINT('',(1.347429346027,46.312369580022));
#1352 = CARTESIAN_POINT('',(1.458345914623,46.312369580022));
#1353 = CARTESIAN_POINT('',(1.680615290106,46.312369580022));
#1354 = CARTESIAN_POINT('',(1.792057632108,46.312369580022));
#1355 = CARTESIAN_POINT('',(1.903515961292,46.312369580022));
#1356 = CARTESIAN_POINT('',(2.015080361226,46.312369580022));
#1357 = CARTESIAN_POINT('',(2.126808350496,46.312369580022));
#1358 = CARTESIAN_POINT('',(2.253839038553,46.312369580022));
#1359 = CARTESIAN_POINT('',(2.269097554084,46.312369580022));
#1360 = CARTESIAN_POINT('',(2.284357586422,46.312369580022));
#1361 = CARTESIAN_POINT('',(2.29961906985,46.312369580022));
#1362 = CARTESIAN_POINT('',(2.314881935007,46.312369580022));
#1363 = CARTESIAN_POINT('',(2.346981806049,46.312369580022));
#1364 = CARTESIAN_POINT('',(2.363819098466,46.312369580022));
#1365 = CARTESIAN_POINT('',(2.380657888227,46.312369580022));
#1366 = CARTESIAN_POINT('',(2.397498076892,46.312369580022));
#1367 = CARTESIAN_POINT('',(2.414339565492,46.312369580022));
#1368 = CARTESIAN_POINT('',(2.44591460571,46.312369580022));
#1369 = CARTESIAN_POINT('',(2.460647877561,46.312369580022));
#1370 = CARTESIAN_POINT('',(2.475382004196,46.312369580022));
#1371 = CARTESIAN_POINT('',(2.490116921592,46.312369580022));
#1372 = CARTESIAN_POINT('',(2.504852567608,46.312369580022));
#1373 = CARTESIAN_POINT('',(2.544317845538,46.312369580022));
#1374 = CARTESIAN_POINT('',(2.569048700899,46.312369580022));
#1375 = CARTESIAN_POINT('',(2.593781162175,46.312369580022));
#1376 = CARTESIAN_POINT('',(2.618514970031,46.312369580022));
#1377 = CARTESIAN_POINT('',(2.643249891681,46.312369580022));
#1378 = CARTESIAN_POINT('',(2.693769139598,46.312369580022));
#1379 = CARTESIAN_POINT('',(2.719553562293,46.312369580022));
#1380 = CARTESIAN_POINT('',(2.74533876388,46.312369580022));
#1381 = CARTESIAN_POINT('',(2.771124554456,46.312369580022));
#1382 = CARTESIAN_POINT('',(2.796910779306,46.312369580022));
#1383 = CARTESIAN_POINT('',(2.875844925265,46.312369580022));
#1384 = CARTESIAN_POINT('',(2.928994711474,46.312369580022));
#1385 = CARTESIAN_POINT('',(2.98214390755,46.312369580022));
#1386 = CARTESIAN_POINT('',(3.035293130862,46.312369580022));
#1387 = CARTESIAN_POINT('',(3.08844331749,46.312369580022));
#1388 = CARTESIAN_POINT('',(3.19474198969,46.312369580022));
#1389 = CARTESIAN_POINT('',(3.247892176318,46.312369580022));
#1390 = CARTESIAN_POINT('',(3.30104139963,46.312369580022));
#1391 = CARTESIAN_POINT('',(3.354190595706,46.312369580022));
#1392 = CARTESIAN_POINT('',(3.407340381914,46.312369580022));
#1393 = CARTESIAN_POINT('',(3.486274527873,46.312369580022));
#1394 = CARTESIAN_POINT('',(3.512060752724,46.312369580022));
#1395 = CARTESIAN_POINT('',(3.5378465433,46.312369580022));
#1396 = CARTESIAN_POINT('',(3.563631744887,46.312369580022));
#1397 = CARTESIAN_POINT('',(3.589416167581,46.312369580022));
#1398 = CARTESIAN_POINT('',(3.639935415498,46.312369580022));
#1399 = CARTESIAN_POINT('',(3.664670337148,46.312369580022));
#1400 = CARTESIAN_POINT('',(3.689404145004,46.312369580022));
#1401 = CARTESIAN_POINT('',(3.714136606281,46.312369580022));
#1402 = CARTESIAN_POINT('',(3.738867461642,46.312369580022));
#1403 = CARTESIAN_POINT('',(3.778332739572,46.312369580022));
#1404 = CARTESIAN_POINT('',(3.793068385587,46.312369580022));
#1405 = CARTESIAN_POINT('',(3.807803302984,46.312369580022));
#1406 = CARTESIAN_POINT('',(3.822537429618,46.312369580022));
#1407 = CARTESIAN_POINT('',(3.83727070147,46.312369580022));
#1408 = CARTESIAN_POINT('',(3.862002548939,46.312369580022));
#1409 = CARTESIAN_POINT('',(3.872001621564,46.312369580022));
#1410 = CARTESIAN_POINT('',(3.882000249999,46.312369580022));
#1411 = CARTESIAN_POINT('',(3.891998413669,46.312369580022));
#1412 = CARTESIAN_POINT('',(3.90199609194,46.312369580022));
#1413 = CARTESIAN_POINT('',(3.926730667222,46.312369580022));
#1414 = CARTESIAN_POINT('',(3.9414669718,46.312369580022));
#1415 = CARTESIAN_POINT('',(3.956202110818,46.312369580022));
#1416 = CARTESIAN_POINT('',(3.970936019068,46.312369580022));
#1417 = CARTESIAN_POINT('',(3.985668633167,46.312369580022));
#1418 = CARTESIAN_POINT('',(4.115341701457,46.312369580022));
#1419 = CARTESIAN_POINT('',(4.230247606482,46.312369580022));
#1420 = CARTESIAN_POINT('',(4.344977576693,46.312369580022));
#1421 = CARTESIAN_POINT('',(4.459590192155,46.312369580022));
#1422 = CARTESIAN_POINT('',(4.574180705465,46.312369580022));
#1423 = CARTESIAN_POINT('',(4.803788427289,46.312369580022));
#1424 = CARTESIAN_POINT('',(4.918911656692,46.312369580022));
#1425 = CARTESIAN_POINT('',(5.034041588575,46.312369580022));
#1426 = CARTESIAN_POINT('',(5.149283622943,46.312369580022));
#1427 = CARTESIAN_POINT('',(5.264706515099,46.312369580022));
#1428 = CARTESIAN_POINT('',(5.395431692143,46.312369580022));
#1429 = CARTESIAN_POINT('',(5.410690207674,46.312369580022));
#1430 = CARTESIAN_POINT('',(5.425950240012,46.312369580022));
#1431 = CARTESIAN_POINT('',(5.441211723439,46.312369580022));
#1432 = CARTESIAN_POINT('',(5.456474588597,46.312369580022));
#1433 = CARTESIAN_POINT('',(5.488574459639,46.312369580022));
#1434 = CARTESIAN_POINT('',(5.505411752056,46.312369580022));
#1435 = CARTESIAN_POINT('',(5.522250541817,46.312369580022));
#1436 = CARTESIAN_POINT('',(5.539090730482,46.312369580022));
#1437 = CARTESIAN_POINT('',(5.555932219082,46.312369580022));
#1438 = CARTESIAN_POINT('',(5.5875072593,46.312369580022));
#1439 = CARTESIAN_POINT('',(5.602240531151,46.312369580022));
#1440 = CARTESIAN_POINT('',(5.616974657785,46.312369580022));
#1441 = CARTESIAN_POINT('',(5.631709575182,46.312369580022));
#1442 = CARTESIAN_POINT('',(5.646445221198,46.312369580022));
#1443 = CARTESIAN_POINT('',(5.685910499127,46.312369580022));
#1444 = CARTESIAN_POINT('',(5.710641354489,46.312369580022));
#1445 = CARTESIAN_POINT('',(5.735373815765,46.312369580022));
#1446 = CARTESIAN_POINT('',(5.760107623621,46.312369580022));
#1447 = CARTESIAN_POINT('',(5.784842545271,46.312369580022));
#1448 = CARTESIAN_POINT('',(5.888501627369,46.312369580022));
#1449 = CARTESIAN_POINT('',(5.96744018943,46.312369580022));
#1450 = CARTESIAN_POINT('',(6.046374073085,46.312369580022));
#1451 = CARTESIAN_POINT('',(6.125308577668,46.312369580022));
#1452 = CARTESIAN_POINT('',(6.204250245415,46.312369580022));
#1453 = CARTESIAN_POINT('',(6.28318530718,46.312369580022));
#1454 = ( GEOMETRIC_REPRESENTATION_CONTEXT(2) 
PARAMETRIC_REPRESENTATION_CONTEXT() REPRESENTATION_CONTEXT('2D SPACE',''
  ) );
#1455 = FACE_BOUND('',#1456,.T.);
#1456 = EDGE_LOOP('',(#1457));
#1457 = ORIENTED_EDGE('',*,*,#434,.F.);
#1458 = ADVANCED_FACE('',(#1459),#559,.T.);
#1459 = FACE_BOUND('',#1460,.T.);
#1460 = EDGE_LOOP('',(#1461,#1462,#1485,#1600,#2050,#2051));
#1461 = ORIENTED_EDGE('',*,*,#520,.T.);
#1462 = ORIENTED_EDGE('',*,*,#1463,.T.);
#1463 = EDGE_CURVE('',#523,#1464,#1466,.T.);
#1464 = VERTEX_POINT('',#1465);
#1465 = CARTESIAN_POINT('',(-24.98050277216,14.825203652206,
    76.747829189979));
#1466 = SEAM_CURVE('',#1467,(#1471,#1478),.PCURVE_S1.);
#1467 = LINE('',#1468,#1469);
#1468 = CARTESIAN_POINT('',(-24.98050277216,-12.7926272736,
    -0.582097402285));
#1469 = VECTOR('',#1470,1.);
#1470 = DIRECTION('',(-4.142509683806E-17,0.336336396998,0.941741911595)
  );
#1471 = PCURVE('',#559,#1472);
#1472 = DEFINITIONAL_REPRESENTATION('',(#1473),#1477);
#1473 = LINE('',#1474,#1475);
#1474 = CARTESIAN_POINT('',(0.,-0.));
#1475 = VECTOR('',#1476,1.);
#1476 = DIRECTION('',(0.,1.));
#1477 = ( GEOMETRIC_REPRESENTATION_CONTEXT(2) 
PARAMETRIC_REPRESENTATION_CONTEXT() REPRESENTATION_CONTEXT('2D SPACE',''
  ) );
#1478 = PCURVE('',#559,#1479);
#1479 = DEFINITIONAL_REPRESENTATION('',(#1480),#1484);
#1480 = LINE('',#1481,#1482);
#1481 = CARTESIAN_POINT('',(6.28318530718,-0.));
#1482 = VECTOR('',#1483,1.);
#1483 = DIRECTION('',(0.,1.));
#1484 = ( GEOMETRIC_REPRESENTATION_CONTEXT(2) 
PARAMETRIC_REPRESENTATION_CONTEXT() REPRESENTATION_CONTEXT('2D SPACE',''
  ) );
#1485 = ORIENTED_EDGE('',*,*,#1486,.F.);
#1486 = EDGE_CURVE('',#1487,#1464,#1489,.T.);
#1487 = VERTEX_POINT('',#1488);
#1488 = CARTESIAN_POINT('',(-23.84151468286,14.4225,76.89165192291));
#1489 = SURFACE_CURVE('',#1490,(#1523,#1559),.PCURVE_S1.);
#1490 = B_SPLINE_CURVE_WITH_KNOTS('',6,(#1491,#1492,#1493,#1494,#1495,
    #1496,#1497,#1498,#1499,#1500,#1501,#1502,#1503,#1504,#1505,#1506,
    #1507,#1508,#1509,#1510,#1511,#1512,#1513,#1514,#1515,#1516,#1517,
    #1518,#1519,#1520,#1521,#1522),.UNSPECIFIED.,.F.,.F.,(7,5,5,5,5,5,7)
  ,(0.,0.22127150677,0.42304602538,0.59663397118,0.682459372723,
    0.854612772882,1.),.UNSPECIFIED.);
#1491 = CARTESIAN_POINT('',(-23.84151468286,14.4225,76.89165192291));
#1492 = CARTESIAN_POINT('',(-23.8888149207,14.461435154516,
    76.877746510583));
#1493 = CARTESIAN_POINT('',(-23.93749590076,14.498084118679,
    76.864657594812));
#1494 = CARTESIAN_POINT('',(-23.98730178685,14.532350796526,
    76.852419495579));
#1495 = CARTESIAN_POINT('',(-24.03792477706,14.564146250307,
    76.841063976373));
#1496 = CARTESIAN_POINT('',(-24.08898560884,14.593407985205,
    76.830613356766));
#1497 = CARTESIAN_POINT('',(-24.18663358288,14.644491714852,
    76.812369167606));
#1498 = CARTESIAN_POINT('',(-24.23322151967,14.666743615833,
    76.804422060113));
#1499 = CARTESIAN_POINT('',(-24.27948611165,14.686866824854,
    76.797235199748));
#1500 = CARTESIAN_POINT('',(-24.32505834229,14.70488625687,
    76.790799688314));
#1501 = CARTESIAN_POINT('',(-24.36958011346,14.72089075511,
    76.785083796086));
#1502 = CARTESIAN_POINT('',(-24.44992986324,14.747166753177,
    76.775699511062));
#1503 = CARTESIAN_POINT('',(-24.4861104762,14.7579291092,76.771855812482
    ));
#1504 = CARTESIAN_POINT('',(-24.52113149831,14.767386153536,
    76.768478296647));
#1505 = CARTESIAN_POINT('',(-24.55488646579,14.775659443079,
    76.765523550383));
#1506 = CARTESIAN_POINT('',(-24.58735577161,14.782879073362,
    76.762945110995));
#1507 = CARTESIAN_POINT('',(-24.634010016,14.792274872472,
    76.759589468456));
#1508 = CARTESIAN_POINT('',(-24.64914057934,14.795155654524,
    76.758560617723));
#1509 = CARTESIAN_POINT('',(-24.66397225167,14.797823727694,
    76.757607734448));
#1510 = CARTESIAN_POINT('',(-24.67851377737,14.800293287654,
    76.756725748749));
#1511 = CARTESIAN_POINT('',(-24.69277681336,14.802577671035,
    76.755909897541));
#1512 = CARTESIAN_POINT('',(-24.7348561399,14.808925090331,
    76.753642962078));
#1513 = CARTESIAN_POINT('',(-24.76187191501,14.812465417912,
    76.752378559371));
#1514 = CARTESIAN_POINT('',(-24.78794170684,14.815410763283,
    76.751326650309));
#1515 = CARTESIAN_POINT('',(-24.81320630035,14.817840570901,
    76.750458861874));
#1516 = CARTESIAN_POINT('',(-24.83781731583,14.819814515275,
    76.749753881741));
#1517 = CARTESIAN_POINT('',(-24.88228576725,14.822690486356,
    76.748726749212));
#1518 = CARTESIAN_POINT('',(-24.90228635307,14.823711446897,
    76.748362120447));
#1519 = CARTESIAN_POINT('',(-24.92201894795,14.824461420041,
    76.748094272896));
#1520 = CARTESIAN_POINT('',(-24.94157309068,14.824956277657,
    76.747917538033));
#1521 = CARTESIAN_POINT('',(-24.96103776293,14.825203652206,
    76.747829189979));
#1522 = CARTESIAN_POINT('',(-24.98050277216,14.825203652206,
    76.747829189979));
#1523 = PCURVE('',#559,#1524);
#1524 = DEFINITIONAL_REPRESENTATION('',(#1525),#1558);
#1525 = B_SPLINE_CURVE_WITH_KNOTS('',6,(#1526,#1527,#1528,#1529,#1530,
    #1531,#1532,#1533,#1534,#1535,#1536,#1537,#1538,#1539,#1540,#1541,
    #1542,#1543,#1544,#1545,#1546,#1547,#1548,#1549,#1550,#1551,#1552,
    #1553,#1554,#1555,#1556,#1557),.UNSPECIFIED.,.F.,.F.,(7,5,5,5,5,5,7)
  ,(0.,0.22127150677,0.42304602538,0.59663397118,0.682459372723,
    0.854612772882,1.),.UNSPECIFIED.);
#1526 = CARTESIAN_POINT('',(5.564881745808,82.113714638978));
#1527 = CARTESIAN_POINT('',(5.601180424883,82.113714638978));
#1528 = CARTESIAN_POINT('',(5.637156677978,82.113714638979));
#1529 = CARTESIAN_POINT('',(5.672746414632,82.113714638977));
#1530 = CARTESIAN_POINT('',(5.707858508818,82.113714638979));
#1531 = CARTESIAN_POINT('',(5.742367655534,82.113714638978));
#1532 = CARTESIAN_POINT('',(5.806909656504,82.113714638978));
#1533 = CARTESIAN_POINT('',(5.837071022408,82.113714638978));
#1534 = CARTESIAN_POINT('',(5.866487258097,82.113714638979));
#1535 = CARTESIAN_POINT('',(5.895021669161,82.113714638978));
#1536 = CARTESIAN_POINT('',(5.922544073024,82.113714638978));
#1537 = CARTESIAN_POINT('',(5.971689682244,82.113714638978));
#1538 = CARTESIAN_POINT('',(5.993604163589,82.113714638979));
#1539 = CARTESIAN_POINT('',(6.01464417743,82.113714638978));
#1540 = CARTESIAN_POINT('',(6.034789439552,82.113714638979));
#1541 = CARTESIAN_POINT('',(6.054061736205,82.113714638978));
#1542 = CARTESIAN_POINT('',(6.081628106776,82.113714638978));
#1543 = CARTESIAN_POINT('',(6.090546895743,82.113714638978));
#1544 = CARTESIAN_POINT('',(6.099270847799,82.113714638979));
#1545 = CARTESIAN_POINT('',(6.107807818714,82.113714638979));
#1546 = CARTESIAN_POINT('',(6.116166972078,82.113714638978));
#1547 = CARTESIAN_POINT('',(6.140790365279,82.113714638978));
#1548 = CARTESIAN_POINT('',(6.156547197476,82.113714638978));
#1549 = CARTESIAN_POINT('',(6.171714499505,82.113714638978));
#1550 = CARTESIAN_POINT('',(6.18638518433,82.113714638978));
#1551 = CARTESIAN_POINT('',(6.200654997433,82.113714638978));
#1552 = CARTESIAN_POINT('',(6.226409427026,82.113714638978));
#1553 = CARTESIAN_POINT('',(6.237981547276,82.113714638978));
#1554 = CARTESIAN_POINT('',(6.249390737184,82.113714638978));
#1555 = CARTESIAN_POINT('',(6.260691704979,82.113714638978));
#1556 = CARTESIAN_POINT('',(6.271938407526,82.113714638978));
#1557 = CARTESIAN_POINT('',(6.28318530718,82.113714638978));
#1558 = ( GEOMETRIC_REPRESENTATION_CONTEXT(2) 
PARAMETRIC_REPRESENTATION_CONTEXT() REPRESENTATION_CONTEXT('2D SPACE',''
  ) );
#1559 = PCURVE('',#1560,#1565);
#1560 = SPHERICAL_SURFACE('',#1561,4.0383);
#1561 = AXIS2_PLACEMENT_3D('',#1562,#1563,#1564);
#1562 = CARTESIAN_POINT('',(-24.98050277216,14.4225,80.766));
#1563 = DIRECTION('',(0.,0.,1.));
#1564 = DIRECTION('',(1.,0.,-0.));
#1565 = DEFINITIONAL_REPRESENTATION('',(#1566),#1599);
#1566 = B_SPLINE_CURVE_WITH_KNOTS('',6,(#1567,#1568,#1569,#1570,#1571,
    #1572,#1573,#1574,#1575,#1576,#1577,#1578,#1579,#1580,#1581,#1582,
    #1583,#1584,#1585,#1586,#1587,#1588,#1589,#1590,#1591,#1592,#1593,
    #1594,#1595,#1596,#1597,#1598),.UNSPECIFIED.,.F.,.F.,(7,5,5,5,5,5,7)
  ,(0.,0.22127150677,0.42304602538,0.59663397118,0.682459372723,
    0.854612772882,1.),.UNSPECIFIED.);
#1567 = CARTESIAN_POINT('',(0.,-1.284869857271));
#1568 = CARTESIAN_POINT('',(3.418398742039E-02,-1.297078424207));
#1569 = CARTESIAN_POINT('',(6.976770065876E-02,-1.309178555794));
#1570 = CARTESIAN_POINT('',(0.106971785203,-1.321122960955));
#1571 = CARTESIAN_POINT('',(0.146045893099,-1.332851381687));
#1572 = CARTESIAN_POINT('',(0.187283499837,-1.344286095754));
#1573 = CARTESIAN_POINT('',(0.270769903513,-1.365417560944));
#1574 = CARTESIAN_POINT('',(0.312612114903,-1.37517933173));
#1575 = CARTESIAN_POINT('',(0.35666336472,-1.384553708874));
#1576 = CARTESIAN_POINT('',(0.403088783272,-1.393463782488));
#1577 = CARTESIAN_POINT('',(0.451966279853,-1.401836550447));
#1578 = CARTESIAN_POINT('',(0.547275142308,-1.416317087399));
#1579 = CARTESIAN_POINT('',(0.593102877632,-1.422579126807));
#1580 = CARTESIAN_POINT('',(0.640620138586,-1.428372858032));
#1581 = CARTESIAN_POINT('',(0.689711333165,-1.433682191242));
#1582 = CARTESIAN_POINT('',(0.740203551341,-1.438509662226));
#1583 = CARTESIAN_POINT('',(0.817461857057,-1.445022881432));
#1584 = CARTESIAN_POINT('',(0.843318995605,-1.447063172507));
#1585 = CARTESIAN_POINT('',(0.869450511255,-1.448990712905));
#1586 = CARTESIAN_POINT('',(0.89583458507,-1.450807729224));
#1587 = CARTESIAN_POINT('',(0.922449878219,-1.452516855612));
#1588 = CARTESIAN_POINT('',(1.003083931634,-1.457339084784));
#1589 = CARTESIAN_POINT('',(1.057736662301,-1.460134744655));
#1590 = CARTESIAN_POINT('',(1.11307379336,-1.462532275896));
#1591 = CARTESIAN_POINT('',(1.168948849874,-1.464556662627));
#1592 = CARTESIAN_POINT('',(1.225235972551,-1.466230081442));
#1593 = CARTESIAN_POINT('',(1.329637921144,-1.468698403052));
#1594 = CARTESIAN_POINT('',(1.377659741901,-1.469589419369));
#1595 = CARTESIAN_POINT('',(1.425841160618,-1.470251009815));
#1596 = CARTESIAN_POINT('',(1.474125618468,-1.470689811167));
#1597 = CARTESIAN_POINT('',(1.522460511802,-1.470909223142));
#1598 = CARTESIAN_POINT('',(1.570796326795,-1.470909223142));
#1599 = ( GEOMETRIC_REPRESENTATION_CONTEXT(2) 
PARAMETRIC_REPRESENTATION_CONTEXT() REPRESENTATION_CONTEXT('2D SPACE',''
  ) );
#1600 = ORIENTED_EDGE('',*,*,#1601,.F.);
#1601 = EDGE_CURVE('',#1464,#1487,#1602,.T.);
#1602 = SURFACE_CURVE('',#1603,(#1750,#1900),.PCURVE_S1.);
#1603 = B_SPLINE_CURVE_WITH_KNOTS('',7,(#1604,#1605,#1606,#1607,#1608,
    #1609,#1610,#1611,#1612,#1613,#1614,#1615,#1616,#1617,#1618,#1619,
    #1620,#1621,#1622,#1623,#1624,#1625,#1626,#1627,#1628,#1629,#1630,
    #1631,#1632,#1633,#1634,#1635,#1636,#1637,#1638,#1639,#1640,#1641,
    #1642,#1643,#1644,#1645,#1646,#1647,#1648,#1649,#1650,#1651,#1652,
    #1653,#1654,#1655,#1656,#1657,#1658,#1659,#1660,#1661,#1662,#1663,
    #1664,#1665,#1666,#1667,#1668,#1669,#1670,#1671,#1672,#1673,#1674,
    #1675,#1676,#1677,#1678,#1679,#1680,#1681,#1682,#1683,#1684,#1685,
    #1686,#1687,#1688,#1689,#1690,#1691,#1692,#1693,#1694,#1695,#1696,
    #1697,#1698,#1699,#1700,#1701,#1702,#1703,#1704,#1705,#1706,#1707,
    #1708,#1709,#1710,#1711,#1712,#1713,#1714,#1715,#1716,#1717,#1718,
    #1719,#1720,#1721,#1722,#1723,#1724,#1725,#1726,#1727,#1728,#1729,
    #1730,#1731,#1732,#1733,#1734,#1735,#1736,#1737,#1738,#1739,#1740,
    #1741,#1742,#1743,#1744,#1745,#1746,#1747,#1748,#1749),
  .UNSPECIFIED.,.F.,.F.,(8,6,6,6,6,6,6,6,6,6,6,6,6,6,6,6,6,6,6,6,6,6,6,6
    ,8),(0.,5.187127449636E-02,0.102060954611,0.140887938239,
    0.158639641686,0.173012767053,0.184887405786,0.194401569956,
    0.226958322977,0.287684724153,0.339725134534,0.411188118518,
    0.463263580304,0.499868145157,0.525841920986,0.588352366927,
    0.650862812867,0.676836588697,0.71344115355,0.765516615335,
    0.836979599319,0.889020009701,0.949746410877,0.988450515902,1.),
  .UNSPECIFIED.);
#1604 = CARTESIAN_POINT('',(-24.98050277216,14.825203652206,
    76.747829189979));
#1605 = CARTESIAN_POINT('',(-25.01418758552,14.825203652206,
    76.747829189979));
#1606 = CARTESIAN_POINT('',(-25.04785782788,14.824483581622,
    76.748086358046));
#1607 = CARTESIAN_POINT('',(-25.08195513518,14.823043319626,
    76.74860073733));
#1608 = CARTESIAN_POINT('',(-25.11689346294,14.820827972045,
    76.749391932894));
#1609 = CARTESIAN_POINT('',(-25.15309925024,14.817724173278,
    76.750500432454));
#1610 = CARTESIAN_POINT('',(-25.19100351725,14.813550668257,
    76.751990969961));
#1611 = CARTESIAN_POINT('',(-25.2696721024,14.802714225928,
    76.755861127936));
#1612 = CARTESIAN_POINT('',(-25.31031796904,14.796134694149,
    76.758210960714));
#1613 = CARTESIAN_POINT('',(-25.35322358775,14.788070000908,
    76.761091208301));
#1614 = CARTESIAN_POINT('',(-25.39861088013,14.778230317139,
    76.764605381075));
#1615 = CARTESIAN_POINT('',(-25.44655879316,14.76626629855,
    76.768878244857));
#1616 = CARTESIAN_POINT('',(-25.49684227681,14.751846444779,
    76.774028192632));
#1617 = CARTESIAN_POINT('',(-25.58932137319,14.721559100511,
    76.7848451013));
#1618 = CARTESIAN_POINT('',(-25.63078285308,14.706754400442,
    76.790132494181));
#1619 = CARTESIAN_POINT('',(-25.67316113396,14.690256418976,
    76.796024630419));
#1620 = CARTESIAN_POINT('',(-25.71620186634,14.671993980326,
    76.802546929937));
#1621 = CARTESIAN_POINT('',(-25.75963433553,14.651931005443,
    76.809712278109));
#1622 = CARTESIAN_POINT('',(-25.80319461924,14.630064443312,
    76.817521764585));
#1623 = CARTESIAN_POINT('',(-25.86650524865,14.595599661766,
    76.829830615137));
#1624 = CARTESIAN_POINT('',(-25.88634677054,14.584412360134,
    76.833826080006));
#1625 = CARTESIAN_POINT('',(-25.90614355561,14.572852623423,
    76.837954557402));
#1626 = CARTESIAN_POINT('',(-25.9258743326,14.560922546943,
    76.842215299002));
#1627 = CARTESIAN_POINT('',(-25.94551895054,14.54862486548,
    76.846607328096));
#1628 = CARTESIAN_POINT('',(-25.96505837886,14.535962953299,
    76.85112943959));
#1629 = CARTESIAN_POINT('',(-26.00019563931,14.512397120798,
    76.85954580834));
#1630 = CARTESIAN_POINT('',(-26.01583585631,14.501617219633,
    76.863395773042));
#1631 = CARTESIAN_POINT('',(-26.03138589445,14.490603199856,
    76.867329351533));
#1632 = CARTESIAN_POINT('',(-26.04683672197,14.479357306848,
    76.871345741893));
#1633 = CARTESIAN_POINT('',(-26.06217973926,14.467881952155,
    76.875444082855));
#1634 = CARTESIAN_POINT('',(-26.07740677877,14.456179713493,
    76.879623453806));
#1635 = CARTESIAN_POINT('',(-26.10498801367,14.434400123602,
    76.887401878767));
#1636 = CARTESIAN_POINT('',(-26.11738146317,14.424393916391,
    76.890975524199));
#1637 = CARTESIAN_POINT('',(-26.1296860874,14.414236251348,
    76.894603261715));
#1638 = CARTESIAN_POINT('',(-26.14189768404,14.403928721824,
    76.898284522259));
#1639 = CARTESIAN_POINT('',(-26.15401221467,14.393472976292,
    76.902018717092));
#1640 = CARTESIAN_POINT('',(-26.16602580476,14.382870718345,
    76.905805237787));
#1641 = CARTESIAN_POINT('',(-26.18747638975,14.363513016678,
    76.912718702668));
#1642 = CARTESIAN_POINT('',(-26.19695084934,14.354809400747,
    76.915827136929));
#1643 = CARTESIAN_POINT('',(-26.20635621118,14.346013761775,
    76.918968436562));
#1644 = CARTESIAN_POINT('',(-26.21569062003,14.337127020947,
    76.922142272572));
#1645 = CARTESIAN_POINT('',(-26.22495227671,14.328150117759,
    76.925348309425));
#1646 = CARTESIAN_POINT('',(-26.23413943808,14.319084010018,
    76.928586205047));
#1647 = CARTESIAN_POINT('',(-26.27442750059,14.278604225108,
    76.943043271086));
#1648 = CARTESIAN_POINT('',(-26.30471235167,14.246245774703,
    76.954599860517));
#1649 = CARTESIAN_POINT('',(-26.33403752996,14.212893231996,
    76.966511482912));
#1650 = CARTESIAN_POINT('',(-26.3623422084,14.178587933106,
    76.978763375373));
#1651 = CARTESIAN_POINT('',(-26.3895714384,14.143373281554,
    76.991340036641));
#1652 = CARTESIAN_POINT('',(-26.4156754151,14.107294388918,
    77.00422535544));
#1653 = CARTESIAN_POINT('',(-26.48711556833,14.001576288751,
    77.041981819785));
#1654 = CARTESIAN_POINT('',(-26.52955000871,13.929909049589,
    77.067577262343));
#1655 = CARTESIAN_POINT('',(-26.56761632936,13.855700116423,
    77.09408045276));
#1656 = CARTESIAN_POINT('',(-26.60107468362,13.779270582594,
    77.121376714841));
#1657 = CARTESIAN_POINT('',(-26.62972962946,13.700955419662,
    77.149346415888));
#1658 = CARTESIAN_POINT('',(-26.65342510455,13.621102083716,
    77.17786546444));
#1659 = CARTESIAN_POINT('',(-26.688003197,13.470629858482,
    77.231605544881));
#1660 = CARTESIAN_POINT('',(-26.70023420916,13.400321120648,
    77.256715808393));
#1661 = CARTESIAN_POINT('',(-26.70866636689,13.329370449847,
    77.28205533368));
#1662 = CARTESIAN_POINT('',(-26.71324871402,13.258006085513,
    77.307542606656));
#1663 = CARTESIAN_POINT('',(-26.71395138512,13.186458208786,
    77.333095419773));
#1664 = CARTESIAN_POINT('',(-26.71076512372,13.114958483428,
    77.358631035972));
#1665 = CARTESIAN_POINT('',(-26.69399992384,12.945940326489,
    77.41899466345));
#1666 = CARTESIAN_POINT('',(-26.67698553951,12.848663630774,
    77.453736340491));
#1667 = CARTESIAN_POINT('',(-26.65268544466,12.752516284166,
    77.488074678565));
#1668 = CARTESIAN_POINT('',(-26.6212018783,12.658090332221,
    77.521798232832));
#1669 = CARTESIAN_POINT('',(-26.58270336515,12.565962643891,
    77.554700978664));
#1670 = CARTESIAN_POINT('',(-26.53742360801,12.476692254048,
    77.586583260751));
#1671 = CARTESIAN_POINT('',(-26.4479524218,12.328236639524,
    77.639603123081));
#1672 = CARTESIAN_POINT('',(-26.40679634869,12.267456645276,
    77.661310263883));
#1673 = CARTESIAN_POINT('',(-26.36231586235,12.208681713676,
    77.682301310883));
#1674 = CARTESIAN_POINT('',(-26.31464400953,12.152107823381,
    77.702506271703));
#1675 = CARTESIAN_POINT('',(-26.26392985263,12.097920197712,
    77.721858995156));
#1676 = CARTESIAN_POINT('',(-26.21033809158,12.046292770965,
    77.740297361852));
#1677 = CARTESIAN_POINT('',(-26.11448208106,11.963011569747,
    77.770040648001));
#1678 = CARTESIAN_POINT('',(-26.07358205735,11.929980036778,
    77.781837624061));
#1679 = CARTESIAN_POINT('',(-26.03141101664,11.8983492128,
    77.793134346911));
#1680 = CARTESIAN_POINT('',(-25.98803431153,11.868171685374,
    77.803912035277));
#1681 = CARTESIAN_POINT('',(-25.94352024514,11.839496472643,
    77.814153182681));
#1682 = CARTESIAN_POINT('',(-25.89794007115,11.812369023322,
    77.823841557439));
#1683 = CARTESIAN_POINT('',(-25.81832149519,11.768710163585,
    77.839434007344));
#1684 = CARTESIAN_POINT('',(-25.7847754344,11.751389409974,
    77.845619990777));
#1685 = CARTESIAN_POINT('',(-25.75075626134,11.734883868184,
    77.85151482713));
#1686 = CARTESIAN_POINT('',(-25.71629097599,11.71920742642,
    77.857113556332));
#1687 = CARTESIAN_POINT('',(-25.68140712829,11.704372948773,
    77.862411584063));
#1688 = CARTESIAN_POINT('',(-25.64613281814,11.690392275229,
    77.867404681757));
#1689 = CARTESIAN_POINT('',(-25.5247321175,11.645710138895,
    77.883362587591));
#1690 = CARTESIAN_POINT('',(-25.43686912183,11.619151195601,
    77.892847924482));
#1691 = CARTESIAN_POINT('',(-25.34731037824,11.597751054005,
    77.900490832194));
#1692 = CARTESIAN_POINT('',(-25.25646907773,11.581624063867,
    77.90625047153));
#1693 = CARTESIAN_POINT('',(-25.1647671806,11.570846899935,
    77.910099458648));
#1694 = CARTESIAN_POINT('',(-25.07263366442,11.565458199412,
    77.912023994549));
#1695 = CARTESIAN_POINT('',(-24.88837187989,11.565458199412,
    77.912023994549));
#1696 = CARTESIAN_POINT('',(-24.79623836372,11.570846899935,
    77.910099458648));
#1697 = CARTESIAN_POINT('',(-24.70453646658,11.581624063867,
    77.90625047153));
#1698 = CARTESIAN_POINT('',(-24.61369516608,11.597751054005,
    77.900490832194));
#1699 = CARTESIAN_POINT('',(-24.52413642248,11.619151195601,
    77.892847924482));
#1700 = CARTESIAN_POINT('',(-24.43627342681,11.645710138895,
    77.883362587591));
#1701 = CARTESIAN_POINT('',(-24.31487272617,11.690392275229,
    77.867404681757));
#1702 = CARTESIAN_POINT('',(-24.27959841603,11.704372948773,
    77.862411584063));
#1703 = CARTESIAN_POINT('',(-24.24471456832,11.71920742642,
    77.857113556332));
#1704 = CARTESIAN_POINT('',(-24.21024928297,11.734883868184,
    77.85151482713));
#1705 = CARTESIAN_POINT('',(-24.17623010992,11.751389409974,
    77.845619990777));
#1706 = CARTESIAN_POINT('',(-24.14268404913,11.768710163585,
    77.839434007344));
#1707 = CARTESIAN_POINT('',(-24.06306547317,11.812369023322,
    77.823841557439));
#1708 = CARTESIAN_POINT('',(-24.01748529917,11.839496472643,
    77.814153182681));
#1709 = CARTESIAN_POINT('',(-23.97297123279,11.868171685374,
    77.803912035277));
#1710 = CARTESIAN_POINT('',(-23.92959452768,11.8983492128,
    77.793134346911));
#1711 = CARTESIAN_POINT('',(-23.88742348697,11.929980036778,
    77.781837624061));
#1712 = CARTESIAN_POINT('',(-23.84652346325,11.963011569747,
    77.770040648001));
#1713 = CARTESIAN_POINT('',(-23.75066745274,12.046292770965,
    77.740297361852));
#1714 = CARTESIAN_POINT('',(-23.69707569169,12.097920197713,
    77.721858995156));
#1715 = CARTESIAN_POINT('',(-23.64636153479,12.152107823381,
    77.702506271703));
#1716 = CARTESIAN_POINT('',(-23.59868968197,12.208681713676,
    77.682301310883));
#1717 = CARTESIAN_POINT('',(-23.55420919563,12.267456645276,
    77.661310263883));
#1718 = CARTESIAN_POINT('',(-23.51305312251,12.328236639524,
    77.639603123081));
#1719 = CARTESIAN_POINT('',(-23.4235819363,12.476692254048,
    77.586583260751));
#1720 = CARTESIAN_POINT('',(-23.37830217917,12.56596264389,
    77.554700978664));
#1721 = CARTESIAN_POINT('',(-23.33980366602,12.658090332221,
    77.521798232832));
#1722 = CARTESIAN_POINT('',(-23.30832009965,12.752516284166,
    77.488074678565));
#1723 = CARTESIAN_POINT('',(-23.2840200048,12.848663630773,
    77.453736340491));
#1724 = CARTESIAN_POINT('',(-23.26700562047,12.94594032649,
    77.41899466345));
#1725 = CARTESIAN_POINT('',(-23.2502404206,13.114958483428,
    77.358631035972));
#1726 = CARTESIAN_POINT('',(-23.24705415919,13.186458208786,
    77.333095419773));
#1727 = CARTESIAN_POINT('',(-23.24775683029,13.258006085513,
    77.307542606656));
#1728 = CARTESIAN_POINT('',(-23.25233917743,13.329370449847,
    77.28205533368));
#1729 = CARTESIAN_POINT('',(-23.26077133516,13.400321120648,
    77.256715808393));
#1730 = CARTESIAN_POINT('',(-23.27300234731,13.470629858482,
    77.231605544881));
#1731 = CARTESIAN_POINT('',(-23.30758043977,13.621102083716,
    77.17786546444));
#1732 = CARTESIAN_POINT('',(-23.33127591485,13.700955419662,
    77.149346415888));
#1733 = CARTESIAN_POINT('',(-23.3599308607,13.779270582594,
    77.121376714841));
#1734 = CARTESIAN_POINT('',(-23.39338921495,13.855700116423,
    77.09408045276));
#1735 = CARTESIAN_POINT('',(-23.43145553561,13.929909049589,
    77.067577262343));
#1736 = CARTESIAN_POINT('',(-23.47388997599,14.001576288751,
    77.041981819785));
#1737 = CARTESIAN_POINT('',(-23.5500380293,14.114261202814,
    77.00173720762));
#1738 = CARTESIAN_POINT('',(-23.58133369425,14.156968827243,
    76.986484484609));
#1739 = CARTESIAN_POINT('',(-23.61420753615,14.198442731716,
    76.971672375869));
#1740 = CARTESIAN_POINT('',(-23.6485745487,14.238607522785,
    76.95732780763));
#1741 = CARTESIAN_POINT('',(-23.68433912794,14.277391254412,
    76.943476474906));
#1742 = CARTESIAN_POINT('',(-23.72139322036,14.314726411779,
    76.930142490132));
#1743 = CARTESIAN_POINT('',(-23.77101986905,14.361241086735,
    76.913530106219));
#1744 = CARTESIAN_POINT('',(-23.78252914991,14.371796729436,
    76.909760233826));
#1745 = CARTESIAN_POINT('',(-23.79413904858,14.382216157513,
    76.906039009513));
#1746 = CARTESIAN_POINT('',(-23.80584616182,14.392497750716,
    76.902367011941));
#1747 = CARTESIAN_POINT('',(-23.81764694815,14.402639934223,
    76.898744803545));
#1748 = CARTESIAN_POINT('',(-23.82953772783,14.412641178641,
    76.895172930539));
#1749 = CARTESIAN_POINT('',(-23.84151468286,14.4225,76.89165192291));
#1750 = PCURVE('',#559,#1751);
#1751 = DEFINITIONAL_REPRESENTATION('',(#1752),#1899);
#1752 = B_SPLINE_CURVE_WITH_KNOTS('',7,(#1753,#1754,#1755,#1756,#1757,
    #1758,#1759,#1760,#1761,#1762,#1763,#1764,#1765,#1766,#1767,#1768,
    #1769,#1770,#1771,#1772,#1773,#1774,#1775,#1776,#1777,#1778,#1779,
    #1780,#1781,#1782,#1783,#1784,#1785,#1786,#1787,#1788,#1789,#1790,
    #1791,#1792,#1793,#1794,#1795,#1796,#1797,#1798,#1799,#1800,#1801,
    #1802,#1803,#1804,#1805,#1806,#1807,#1808,#1809,#1810,#1811,#1812,
    #1813,#1814,#1815,#1816,#1817,#1818,#1819,#1820,#1821,#1822,#1823,
    #1824,#1825,#1826,#1827,#1828,#1829,#1830,#1831,#1832,#1833,#1834,
    #1835,#1836,#1837,#1838,#1839,#1840,#1841,#1842,#1843,#1844,#1845,
    #1846,#1847,#1848,#1849,#1850,#1851,#1852,#1853,#1854,#1855,#1856,
    #1857,#1858,#1859,#1860,#1861,#1862,#1863,#1864,#1865,#1866,#1867,
    #1868,#1869,#1870,#1871,#1872,#1873,#1874,#1875,#1876,#1877,#1878,
    #1879,#1880,#1881,#1882,#1883,#1884,#1885,#1886,#1887,#1888,#1889,
    #1890,#1891,#1892,#1893,#1894,#1895,#1896,#1897,#1898),
  .UNSPECIFIED.,.F.,.F.,(8,6,6,6,6,6,6,6,6,6,6,6,6,6,6,6,6,6,6,6,6,6,6,6
    ,8),(0.,5.187127449636E-02,0.102060954611,0.140887938239,
    0.158639641686,0.173012767053,0.184887405786,0.194401569956,
    0.226958322977,0.287684724153,0.339725134534,0.411188118518,
    0.463263580304,0.499868145157,0.525841920986,0.588352366927,
    0.650862812867,0.676836588697,0.71344115355,0.765516615335,
    0.836979599319,0.889020009701,0.949746410877,0.988450515902,1.),
  .UNSPECIFIED.);
#1753 = CARTESIAN_POINT('',(0.,82.113714638978));
#1754 = CARTESIAN_POINT('',(1.946311513476E-02,82.113714638978));
#1755 = CARTESIAN_POINT('',(3.891784560753E-02,82.113714638978));
#1756 = CARTESIAN_POINT('',(5.863123287598E-02,82.113714638978));
#1757 = CARTESIAN_POINT('',(7.885486580584E-02,82.113714638978));
#1758 = CARTESIAN_POINT('',(9.98506253705E-02,82.113714638978));
#1759 = CARTESIAN_POINT('',(0.121891783969,82.113714638978));
#1760 = CARTESIAN_POINT('',(0.167830235678,82.113714638978));
#1761 = CARTESIAN_POINT('',(0.191652442674,82.113714638978));
#1762 = CARTESIAN_POINT('',(0.216917234864,82.113714638979));
#1763 = CARTESIAN_POINT('',(0.24380559017,82.113714638978));
#1764 = CARTESIAN_POINT('',(0.272436963083,82.113714638978));
#1765 = CARTESIAN_POINT('',(0.302784768064,82.113714638978));
#1766 = CARTESIAN_POINT('',(0.359358267922,82.113714638978));
#1767 = CARTESIAN_POINT('',(0.384969134342,82.113714638978));
#1768 = CARTESIAN_POINT('',(0.41144603971,82.113714638978));
#1769 = CARTESIAN_POINT('',(0.438697669779,82.113714638978));
#1770 = CARTESIAN_POINT('',(0.466624369725,82.113714638978));
#1771 = CARTESIAN_POINT('',(0.495129077023,82.113714638978));
#1772 = CARTESIAN_POINT('',(0.537381948912,82.113714638978));
#1773 = CARTESIAN_POINT('',(0.550742496443,82.113714638978));
#1774 = CARTESIAN_POINT('',(0.564198858562,82.113714638978));
#1775 = CARTESIAN_POINT('',(0.577743809435,82.113714638978));
#1776 = CARTESIAN_POINT('',(0.59137068695,82.113714638978));
#1777 = CARTESIAN_POINT('',(0.605073392716,82.113714638978));
#1778 = CARTESIAN_POINT('',(0.629998056855,82.113714638978));
#1779 = CARTESIAN_POINT('',(0.641195793499,82.113714638978));
#1780 = CARTESIAN_POINT('',(0.652436688107,82.113714638978));
#1781 = CARTESIAN_POINT('',(0.663718035719,82.113714638978));
#1782 = CARTESIAN_POINT('',(0.675037340299,82.113714638978));
#1783 = CARTESIAN_POINT('',(0.686392314737,82.113714638978));
#1784 = CARTESIAN_POINT('',(0.707189767558,82.113714638978));
#1785 = CARTESIAN_POINT('',(0.716621571178,82.113714638978));
#1786 = CARTESIAN_POINT('',(0.726075117338,82.113714638979));
#1787 = CARTESIAN_POINT('',(0.735549306281,82.113714638979));
#1788 = CARTESIAN_POINT('',(0.745043112862,82.113714638979));
#1789 = CARTESIAN_POINT('',(0.75455558655,82.113714638978));
#1790 = CARTESIAN_POINT('',(0.771721663062,82.113714638978));
#1791 = CARTESIAN_POINT('',(0.779368892084,82.113714638978));
#1792 = CARTESIAN_POINT('',(0.787027086344,82.113714638978));
#1793 = CARTESIAN_POINT('',(0.794695817438,82.113714638978));
#1794 = CARTESIAN_POINT('',(0.802374680702,82.113714638978));
#1795 = CARTESIAN_POINT('',(0.810063295215,82.113714638978));
#1796 = CARTESIAN_POINT('',(0.844103309227,82.113714638978));
#1797 = CARTESIAN_POINT('',(0.870555180555,82.113714638978));
#1798 = CARTESIAN_POINT('',(0.897102745215,82.113714638978));
#1799 = CARTESIAN_POINT('',(0.923734390806,82.113714638978));
#1800 = CARTESIAN_POINT('',(0.950440617746,82.113714638978));
#1801 = CARTESIAN_POINT('',(0.977213591918,82.113714638978));
#1802 = CARTESIAN_POINT('',(1.054097079283,82.113714638978));
#1803 = CARTESIAN_POINT('',(1.104357156547,82.113714638978));
#1804 = CARTESIAN_POINT('',(1.154782685405,82.113714638978));
#1805 = CARTESIAN_POINT('',(1.205345242582,82.113714638978));
#1806 = CARTESIAN_POINT('',(1.256025044997,82.113714638978));
#1807 = CARTESIAN_POINT('',(1.306806031569,82.113714638978));
#1808 = CARTESIAN_POINT('',(1.401264604514,82.113714638978));
#1809 = CARTESIAN_POINT('',(1.444920959468,82.113714638978));
#1810 = CARTESIAN_POINT('',(1.488633318487,82.113714638978));
#1811 = CARTESIAN_POINT('',(1.532395610725,82.113714638978));
#1812 = CARTESIAN_POINT('',(1.57620342919,82.113714638978));
#1813 = CARTESIAN_POINT('',(1.620052811987,82.113714638978));
#1814 = CARTESIAN_POINT('',(1.724204490564,82.113714638978));
#1815 = CARTESIAN_POINT('',(1.784543718115,82.113714638978));
#1816 = CARTESIAN_POINT('',(1.844942241881,82.113714638978));
#1817 = CARTESIAN_POINT('',(1.905393870402,82.113714638978));
#1818 = CARTESIAN_POINT('',(1.965895725004,82.113714638978));
#1819 = CARTESIAN_POINT('',(2.026443634321,82.113714638978));
#1820 = CARTESIAN_POINT('',(2.131175952467,82.113714638978));
#1821 = CARTESIAN_POINT('',(2.175345580817,82.113714638978));
#1822 = CARTESIAN_POINT('',(2.219534009846,82.113714638978));
#1823 = CARTESIAN_POINT('',(2.263739865775,82.113714638978));
#1824 = CARTESIAN_POINT('',(2.307962304892,82.113714638978));
#1825 = CARTESIAN_POINT('',(2.352200158771,82.113714638978));
#1826 = CARTESIAN_POINT('',(2.427555665798,82.113714638978));
#1827 = CARTESIAN_POINT('',(2.458667047462,82.113714638978));
#1828 = CARTESIAN_POINT('',(2.489784767416,82.113714638978));
#1829 = CARTESIAN_POINT('',(2.52090837945,82.113714638978));
#1830 = CARTESIAN_POINT('',(2.552037448194,82.113714638978));
#1831 = CARTESIAN_POINT('',(2.583171549113,82.113714638978));
#1832 = CARTESIAN_POINT('',(2.636405603362,82.113714638978));
#1833 = CARTESIAN_POINT('',(2.658503287406,82.113714638978));
#1834 = CARTESIAN_POINT('',(2.680603174155,82.113714638978));
#1835 = CARTESIAN_POINT('',(2.702705118491,82.113714638978));
#1836 = CARTESIAN_POINT('',(2.724808976676,82.113714638978));
#1837 = CARTESIAN_POINT('',(2.74691460635,82.113714638978));
#1838 = CARTESIAN_POINT('',(2.822226864585,82.113714638978));
#1839 = CARTESIAN_POINT('',(2.875442879982,82.113714638978));
#1840 = CARTESIAN_POINT('',(2.928665314908,82.113714638978));
#1841 = CARTESIAN_POINT('',(2.981892673361,82.113714638978));
#1842 = CARTESIAN_POINT('',(3.035124503846,82.113714638978));
#1843 = CARTESIAN_POINT('',(3.088359342061,82.113714638978));
#1844 = CARTESIAN_POINT('',(3.194825965119,82.113714638978));
#1845 = CARTESIAN_POINT('',(3.248060803334,82.113714638978));
#1846 = CARTESIAN_POINT('',(3.301292633818,82.113714638978));
#1847 = CARTESIAN_POINT('',(3.354519992272,82.113714638978));
#1848 = CARTESIAN_POINT('',(3.407742427197,82.113714638978));
#1849 = CARTESIAN_POINT('',(3.460958442595,82.113714638978));
#1850 = CARTESIAN_POINT('',(3.53627070083,82.113714638978));
#1851 = CARTESIAN_POINT('',(3.558376330504,82.113714638978));
#1852 = CARTESIAN_POINT('',(3.580480188689,82.113714638978));
#1853 = CARTESIAN_POINT('',(3.602582133025,82.113714638978));
#1854 = CARTESIAN_POINT('',(3.624682019773,82.113714638978));
#1855 = CARTESIAN_POINT('',(3.646779703818,82.113714638978));
#1856 = CARTESIAN_POINT('',(3.700013758066,82.113714638978));
#1857 = CARTESIAN_POINT('',(3.731147858986,82.113714638978));
#1858 = CARTESIAN_POINT('',(3.762276927729,82.113714638978));
#1859 = CARTESIAN_POINT('',(3.793400539764,82.113714638978));
#1860 = CARTESIAN_POINT('',(3.824518259717,82.113714638978));
#1861 = CARTESIAN_POINT('',(3.855629641381,82.113714638978));
#1862 = CARTESIAN_POINT('',(3.930985148408,82.113714638978));
#1863 = CARTESIAN_POINT('',(3.975223002287,82.113714638978));
#1864 = CARTESIAN_POINT('',(4.019445441405,82.113714638978));
#1865 = CARTESIAN_POINT('',(4.063651297333,82.113714638978));
#1866 = CARTESIAN_POINT('',(4.107839726362,82.113714638978));
#1867 = CARTESIAN_POINT('',(4.152009354712,82.113714638978));
#1868 = CARTESIAN_POINT('',(4.256741672859,82.113714638978));
#1869 = CARTESIAN_POINT('',(4.317289582176,82.113714638978));
#1870 = CARTESIAN_POINT('',(4.377791436778,82.113714638978));
#1871 = CARTESIAN_POINT('',(4.438243065299,82.113714638978));
#1872 = CARTESIAN_POINT('',(4.498641589064,82.113714638978));
#1873 = CARTESIAN_POINT('',(4.558980816615,82.113714638978));
#1874 = CARTESIAN_POINT('',(4.663132495193,82.113714638978));
#1875 = CARTESIAN_POINT('',(4.70698187799,82.113714638978));
#1876 = CARTESIAN_POINT('',(4.750789696455,82.113714638978));
#1877 = CARTESIAN_POINT('',(4.794551988693,82.113714638978));
#1878 = CARTESIAN_POINT('',(4.838264347711,82.113714638978));
#1879 = CARTESIAN_POINT('',(4.881920702665,82.113714638978));
#1880 = CARTESIAN_POINT('',(4.976379275611,82.113714638978));
#1881 = CARTESIAN_POINT('',(5.027160262182,82.113714638978));
#1882 = CARTESIAN_POINT('',(5.077840064598,82.113714638978));
#1883 = CARTESIAN_POINT('',(5.128402621775,82.113714638978));
#1884 = CARTESIAN_POINT('',(5.178828150632,82.113714638978));
#1885 = CARTESIAN_POINT('',(5.229088227897,82.113714638978));
#1886 = CARTESIAN_POINT('',(5.311038330603,82.113714638978));
#1887 = CARTESIAN_POINT('',(5.342853024816,82.113714638978));
#1888 = CARTESIAN_POINT('',(5.374571628857,82.113714638978));
#1889 = CARTESIAN_POINT('',(5.406180636721,82.113714638978));
#1890 = CARTESIAN_POINT('',(5.43766299483,82.113714638978));
#1891 = CARTESIAN_POINT('',(5.468996996842,82.113714638978));
#1892 = CARTESIAN_POINT('',(5.509452924065,82.113714638978));
#1893 = CARTESIAN_POINT('',(5.518734976907,82.113714638979));
#1894 = CARTESIAN_POINT('',(5.528000595723,82.113714638979));
#1895 = CARTESIAN_POINT('',(5.537248977553,82.113714638979));
#1896 = CARTESIAN_POINT('',(5.546479257722,82.113714638978));
#1897 = CARTESIAN_POINT('',(5.555690509841,82.113714638978));
#1898 = CARTESIAN_POINT('',(5.564881745808,82.113714638978));
#1899 = ( GEOMETRIC_REPRESENTATION_CONTEXT(2) 
PARAMETRIC_REPRESENTATION_CONTEXT() REPRESENTATION_CONTEXT('2D SPACE',''
  ) );
#1900 = PCURVE('',#1560,#1901);
#1901 = DEFINITIONAL_REPRESENTATION('',(#1902),#2049);
#1902 = B_SPLINE_CURVE_WITH_KNOTS('',7,(#1903,#1904,#1905,#1906,#1907,
    #1908,#1909,#1910,#1911,#1912,#1913,#1914,#1915,#1916,#1917,#1918,
    #1919,#1920,#1921,#1922,#1923,#1924,#1925,#1926,#1927,#1928,#1929,
    #1930,#1931,#1932,#1933,#1934,#1935,#1936,#1937,#1938,#1939,#1940,
    #1941,#1942,#1943,#1944,#1945,#1946,#1947,#1948,#1949,#1950,#1951,
    #1952,#1953,#1954,#1955,#1956,#1957,#1958,#1959,#1960,#1961,#1962,
    #1963,#1964,#1965,#1966,#1967,#1968,#1969,#1970,#1971,#1972,#1973,
    #1974,#1975,#1976,#1977,#1978,#1979,#1980,#1981,#1982,#1983,#1984,
    #1985,#1986,#1987,#1988,#1989,#1990,#1991,#1992,#1993,#1994,#1995,
    #1996,#1997,#1998,#1999,#2000,#2001,#2002,#2003,#2004,#2005,#2006,
    #2007,#2008,#2009,#2010,#2011,#2012,#2013,#2014,#2015,#2016,#2017,
    #2018,#2019,#2020,#2021,#2022,#2023,#2024,#2025,#2026,#2027,#2028,
    #2029,#2030,#2031,#2032,#2033,#2034,#2035,#2036,#2037,#2038,#2039,
    #2040,#2041,#2042,#2043,#2044,#2045,#2046,#2047,#2048),
  .UNSPECIFIED.,.F.,.F.,(8,6,6,6,6,6,6,6,6,6,6,6,6,6,6,6,6,6,6,6,6,6,6,6
    ,8),(0.,5.187127449636E-02,0.102060954611,0.140887938239,
    0.158639641686,0.173012767053,0.184887405786,0.194401569956,
    0.226958322977,0.287684724153,0.339725134534,0.411188118518,
    0.463263580304,0.499868145157,0.525841920986,0.588352366927,
    0.650862812867,0.676836588697,0.71344115355,0.765516615335,
    0.836979599319,0.889020009701,0.949746410877,0.988450515902,1.),
  .UNSPECIFIED.);
#1903 = CARTESIAN_POINT('',(1.570796326795,-1.470909223142));
#1904 = CARTESIAN_POINT('',(1.654442981548,-1.470909223142));
#1905 = CARTESIAN_POINT('',(1.738054809236,-1.470270526757));
#1906 = CARTESIAN_POINT('',(1.821438344248,-1.468993465343));
#1907 = CARTESIAN_POINT('',(1.904356815034,-1.467054178936));
#1908 = CARTESIAN_POINT('',(1.986503004021,-1.464403919237));
#1909 = CARTESIAN_POINT('',(2.067503282819,-1.460975571676));
#1910 = CARTESIAN_POINT('',(2.223826719344,-1.452557913895));
#1911 = CARTESIAN_POINT('',(2.299277571436,-1.447621356376));
#1912 = CARTESIAN_POINT('',(2.372847755839,-1.441826884369));
#1913 = CARTESIAN_POINT('',(2.444037353591,-1.43511836846));
#1914 = CARTESIAN_POINT('',(2.512361526394,-1.427462196481));
#1915 = CARTESIAN_POINT('',(2.577502389034,-1.418888268519));
#1916 = CARTESIAN_POINT('',(2.68707696757,-1.402210980127));
#1917 = CARTESIAN_POINT('',(2.732874696213,-1.394438371323));
#1918 = CARTESIAN_POINT('',(2.776604708789,-1.386205637699));
#1919 = CARTESIAN_POINT('',(2.818302590605,-1.377563948308));
#1920 = CARTESIAN_POINT('',(2.858070374223,-1.368569417288));
#1921 = CARTESIAN_POINT('',(2.896043212922,-1.359277172144));
#1922 = CARTESIAN_POINT('',(2.948969062482,-1.345375920734));
#1923 = CARTESIAN_POINT('',(2.965230267694,-1.340962335576));
#1924 = CARTESIAN_POINT('',(2.981161734648,-1.336501368186));
#1925 = CARTESIAN_POINT('',(2.996778059082,-1.3319974012));
#1926 = CARTESIAN_POINT('',(3.012093759328,-1.327454549088));
#1927 = CARTESIAN_POINT('',(3.02712327631,-1.322876658157));
#1928 = CARTESIAN_POINT('',(3.05382992443,-1.314535225913));
#1929 = CARTESIAN_POINT('',(3.065600565445,-1.310782522155));
#1930 = CARTESIAN_POINT('',(3.077200404937,-1.307011081312));
#1931 = CARTESIAN_POINT('',(3.08863669443,-1.303222683034));
#1932 = CARTESIAN_POINT('',(3.09991642864,-1.29941900058));
#1933 = CARTESIAN_POINT('',(3.111046345464,-1.295601600818));
#1934 = CARTESIAN_POINT('',(3.131109704443,-1.288607998499));
#1935 = CARTESIAN_POINT('',(3.14008863596,-1.285435691448));
#1936 = CARTESIAN_POINT('',(3.148973359878,-1.282255847393));
#1937 = CARTESIAN_POINT('',(3.157767377514,-1.279069250996));
#1938 = CARTESIAN_POINT('',(3.166474052162,-1.275876647255));
#1939 = CARTESIAN_POINT('',(3.175096609091,-1.272678741499));
#1940 = CARTESIAN_POINT('',(3.190481753013,-1.266910267752));
#1941 = CARTESIAN_POINT('',(3.197273353414,-1.264341361455));
#1942 = CARTESIAN_POINT('',(3.204014523644,-1.261769823616));
#1943 = CARTESIAN_POINT('',(3.210706796418,-1.259195984326));
#1944 = CARTESIAN_POINT('',(3.217351650274,-1.256620160663));
#1945 = CARTESIAN_POINT('',(3.223950509571,-1.254042656687));
#1946 = CARTESIAN_POINT('',(3.252932842631,-1.242638985036));
#1947 = CARTESIAN_POINT('',(3.27483833169,-1.233797987854));
#1948 = CARTESIAN_POINT('',(3.296276320363,-1.224952392359));
#1949 = CARTESIAN_POINT('',(3.317294665713,-1.216112345285));
#1950 = CARTESIAN_POINT('',(3.337935002245,-1.207286773205));
#1951 = CARTESIAN_POINT('',(3.358233770959,-1.198483636115));
#1952 = CARTESIAN_POINT('',(3.415508570662,-1.173345516077));
#1953 = CARTESIAN_POINT('',(3.451718155296,-1.157083953798));
#1954 = CARTESIAN_POINT('',(3.487059705417,-1.14097288686));
#1955 = CARTESIAN_POINT('',(3.521690102918,-1.125050516764));
#1956 = CARTESIAN_POINT('',(3.555732104896,-1.109349825916));
#1957 = CARTESIAN_POINT('',(3.589284606926,-1.093901025822));
#1958 = CARTESIAN_POINT('',(3.650827898146,-1.06573356725));
#1959 = CARTESIAN_POINT('',(3.678928940807,-1.052939989486));
#1960 = CARTESIAN_POINT('',(3.706779331525,-1.040369445643));
#1961 = CARTESIAN_POINT('',(3.734420542266,-1.028038105576));
#1962 = CARTESIAN_POINT('',(3.761886983023,-1.015961051979));
#1963 = CARTESIAN_POINT('',(3.789207198166,-1.004152720891));
#1964 = CARTESIAN_POINT('',(3.853753741493,-0.976800450238));
#1965 = CARTESIAN_POINT('',(3.890874255064,-0.961505972203));
#1966 = CARTESIAN_POINT('',(3.927826303393,-0.946781352135));
#1967 = CARTESIAN_POINT('',(3.964658213218,-0.932659854517));
#1968 = CARTESIAN_POINT('',(4.001408694743,-0.919172613972));
#1969 = CARTESIAN_POINT('',(4.038107136128,-0.906349637981));
#1970 = CARTESIAN_POINT('',(4.101490637492,-0.885380657026));
#1971 = CARTESIAN_POINT('',(4.128192619591,-0.876909152505));
#1972 = CARTESIAN_POINT('',(4.154886289472,-0.868816232977));
#1973 = CARTESIAN_POINT('',(4.181578471482,-0.861112095633));
#1974 = CARTESIAN_POINT('',(4.208274652924,-0.853806248869));
#1975 = CARTESIAN_POINT('',(4.234978729983,-0.846907610226));
#1976 = CARTESIAN_POINT('',(4.280470411661,-0.835867609505));
#1977 = CARTESIAN_POINT('',(4.299253202149,-0.831515914134));
#1978 = CARTESIAN_POINT('',(4.318042008729,-0.827372396327));
#1979 = CARTESIAN_POINT('',(4.336837483779,-0.823439747894));
#1980 = CARTESIAN_POINT('',(4.35564004844,-0.819720474346));
#1981 = CARTESIAN_POINT('',(4.374449892616,-0.816216894894));
#1982 = CARTESIAN_POINT('',(4.406619153347,-0.810599646423));
#1983 = CARTESIAN_POINT('',(4.419975000725,-0.808377820991));
#1984 = CARTESIAN_POINT('',(4.433334510186,-0.806266426468));
#1985 = CARTESIAN_POINT('',(4.446697634273,-0.804266170775));
#1986 = CARTESIAN_POINT('',(4.460064284998,-0.802377709447));
#1987 = CARTESIAN_POINT('',(4.473434333847,-0.800601645623));
#1988 = CARTESIAN_POINT('',(4.518992750063,-0.794935950823));
#1989 = CARTESIAN_POINT('',(4.551197558462,-0.791587486808));
#1990 = CARTESIAN_POINT('',(4.583418167579,-0.788900942337));
#1991 = CARTESIAN_POINT('',(4.615651449207,-0.786882142256));
#1992 = CARTESIAN_POINT('',(4.647894150394,-0.785534959439));
#1993 = CARTESIAN_POINT('',(4.680142027524,-0.784861342301));
#1994 = CARTESIAN_POINT('',(4.744635933245,-0.784861342301));
#1995 = CARTESIAN_POINT('',(4.776883810375,-0.785534959439));
#1996 = CARTESIAN_POINT('',(4.809126511563,-0.786882142256));
#1997 = CARTESIAN_POINT('',(4.84135979319,-0.788900942337));
#1998 = CARTESIAN_POINT('',(4.873580402307,-0.791587486808));
#1999 = CARTESIAN_POINT('',(4.905785210706,-0.794935950823));
#2000 = CARTESIAN_POINT('',(4.951343626923,-0.800601645623));
#2001 = CARTESIAN_POINT('',(4.964713675772,-0.802377709447));
#2002 = CARTESIAN_POINT('',(4.978080326497,-0.804266170775));
#2003 = CARTESIAN_POINT('',(4.991443450583,-0.806266426468));
#2004 = CARTESIAN_POINT('',(5.004802960044,-0.808377820991));
#2005 = CARTESIAN_POINT('',(5.018158807423,-0.810599646423));
#2006 = CARTESIAN_POINT('',(5.050328068154,-0.816216894894));
#2007 = CARTESIAN_POINT('',(5.06913791233,-0.819720474346));
#2008 = CARTESIAN_POINT('',(5.08794047699,-0.823439747894));
#2009 = CARTESIAN_POINT('',(5.10673595204,-0.827372396327));
#2010 = CARTESIAN_POINT('',(5.125524758621,-0.831515914134));
#2011 = CARTESIAN_POINT('',(5.144307549108,-0.835867609505));
#2012 = CARTESIAN_POINT('',(5.189799230787,-0.846907610226));
#2013 = CARTESIAN_POINT('',(5.216503307846,-0.853806248869));
#2014 = CARTESIAN_POINT('',(5.243199489287,-0.861112095633));
#2015 = CARTESIAN_POINT('',(5.269891671297,-0.868816232977));
#2016 = CARTESIAN_POINT('',(5.296585341178,-0.876909152505));
#2017 = CARTESIAN_POINT('',(5.323287323277,-0.885380657026));
#2018 = CARTESIAN_POINT('',(5.386670824642,-0.906349637981));
#2019 = CARTESIAN_POINT('',(5.423369266026,-0.919172613972));
#2020 = CARTESIAN_POINT('',(5.460119747552,-0.932659854517));
#2021 = CARTESIAN_POINT('',(5.496951657377,-0.946781352135));
#2022 = CARTESIAN_POINT('',(5.533903705705,-0.961505972203));
#2023 = CARTESIAN_POINT('',(5.571024219276,-0.976800450238));
#2024 = CARTESIAN_POINT('',(5.635570762603,-1.004152720891));
#2025 = CARTESIAN_POINT('',(5.662890977747,-1.015961051979));
#2026 = CARTESIAN_POINT('',(5.690357418503,-1.028038105576));
#2027 = CARTESIAN_POINT('',(5.717998629245,-1.040369445643));
#2028 = CARTESIAN_POINT('',(5.745849019962,-1.052939989486));
#2029 = CARTESIAN_POINT('',(5.773950062624,-1.06573356725));
#2030 = CARTESIAN_POINT('',(5.835493353843,-1.093901025822));
#2031 = CARTESIAN_POINT('',(5.869045855874,-1.109349825916));
#2032 = CARTESIAN_POINT('',(5.903087857852,-1.125050516764));
#2033 = CARTESIAN_POINT('',(5.937718255353,-1.14097288686));
#2034 = CARTESIAN_POINT('',(5.973059805473,-1.157083953798));
#2035 = CARTESIAN_POINT('',(6.009269390107,-1.173345516077));
#2036 = CARTESIAN_POINT('',(6.070318594286,-1.200140236109));
#2037 = CARTESIAN_POINT('',(6.094519539324,-1.210612229289));
#2038 = CARTESIAN_POINT('',(6.119211884803,-1.22111399187));
#2039 = CARTESIAN_POINT('',(6.144458172314,-1.231631943908));
#2040 = CARTESIAN_POINT('',(6.170331645513,-1.242150464334));
#2041 = CARTESIAN_POINT('',(6.196918747931,-1.252651261087));
#2042 = CARTESIAN_POINT('',(6.232498764888,-1.266234495362));
#2043 = CARTESIAN_POINT('',(6.240748524618,-1.269352735253));
#2044 = CARTESIAN_POINT('',(6.24907359878,-1.27246688363));
#2045 = CARTESIAN_POINT('',(6.257476808789,-1.275576330087));
#2046 = CARTESIAN_POINT('',(6.265961098667,-1.278680431111));
#2047 = CARTESIAN_POINT('',(6.27452953505,-1.281778510082));
#2048 = CARTESIAN_POINT('',(6.28318530718,-1.284869857271));
#2049 = ( GEOMETRIC_REPRESENTATION_CONTEXT(2) 
PARAMETRIC_REPRESENTATION_CONTEXT() REPRESENTATION_CONTEXT('2D SPACE',''
  ) );
#2050 = ORIENTED_EDGE('',*,*,#1463,.F.);
#2051 = ORIENTED_EDGE('',*,*,#749,.T.);
#2052 = ADVANCED_FACE('',(#2053),#625,.T.);
#2053 = FACE_BOUND('',#2054,.T.);
#2054 = EDGE_LOOP('',(#2055,#2056,#2057,#2058,#2081,#2449));
#2055 = ORIENTED_EDGE('',*,*,#595,.T.);
#2056 = ORIENTED_EDGE('',*,*,#699,.T.);
#2057 = ORIENTED_EDGE('',*,*,#637,.T.);
#2058 = ORIENTED_EDGE('',*,*,#2059,.T.);
#2059 = EDGE_CURVE('',#596,#2060,#2062,.T.);
#2060 = VERTEX_POINT('',#2061);
#2061 = CARTESIAN_POINT('',(21.33186680786,-12.6918,-4.238992430569E-16)
  );
#2062 = SEAM_CURVE('',#2063,(#2067,#2074),.PCURVE_S1.);
#2063 = LINE('',#2064,#2065);
#2064 = CARTESIAN_POINT('',(-24.98050277216,-12.6918,-4.238992430569E-16
    ));
#2065 = VECTOR('',#2066,1.);
#2066 = DIRECTION('',(1.,-1.777743282033E-16,0.));
#2067 = PCURVE('',#625,#2068);
#2068 = DEFINITIONAL_REPRESENTATION('',(#2069),#2073);
#2069 = LINE('',#2070,#2071);
#2070 = CARTESIAN_POINT('',(0.,-0.));
#2071 = VECTOR('',#2072,1.);
#2072 = DIRECTION('',(0.,1.));
#2073 = ( GEOMETRIC_REPRESENTATION_CONTEXT(2) 
PARAMETRIC_REPRESENTATION_CONTEXT() REPRESENTATION_CONTEXT('2D SPACE',''
  ) );
#2074 = PCURVE('',#625,#2075);
#2075 = DEFINITIONAL_REPRESENTATION('',(#2076),#2080);
#2076 = LINE('',#2077,#2078);
#2077 = CARTESIAN_POINT('',(6.28318530718,-0.));
#2078 = VECTOR('',#2079,1.);
#2079 = DIRECTION('',(0.,1.));
#2080 = ( GEOMETRIC_REPRESENTATION_CONTEXT(2) 
PARAMETRIC_REPRESENTATION_CONTEXT() REPRESENTATION_CONTEXT('2D SPACE',''
  ) );
#2081 = ORIENTED_EDGE('',*,*,#2082,.F.);
#2082 = EDGE_CURVE('',#2060,#2060,#2083,.T.);
#2083 = SURFACE_CURVE('',#2084,(#2202,#2323),.PCURVE_S1.);
#2084 = B_SPLINE_CURVE_WITH_KNOTS('',6,(#2085,#2086,#2087,#2088,#2089,
    #2090,#2091,#2092,#2093,#2094,#2095,#2096,#2097,#2098,#2099,#2100,
    #2101,#2102,#2103,#2104,#2105,#2106,#2107,#2108,#2109,#2110,#2111,
    #2112,#2113,#2114,#2115,#2116,#2117,#2118,#2119,#2120,#2121,#2122,
    #2123,#2124,#2125,#2126,#2127,#2128,#2129,#2130,#2131,#2132,#2133,
    #2134,#2135,#2136,#2137,#2138,#2139,#2140,#2141,#2142,#2143,#2144,
    #2145,#2146,#2147,#2148,#2149,#2150,#2151,#2152,#2153,#2154,#2155,
    #2156,#2157,#2158,#2159,#2160,#2161,#2162,#2163,#2164,#2165,#2166,
    #2167,#2168,#2169,#2170,#2171,#2172,#2173,#2174,#2175,#2176,#2177,
    #2178,#2179,#2180,#2181,#2182,#2183,#2184,#2185,#2186,#2187,#2188,
    #2189,#2190,#2191,#2192,#2193,#2194,#2195,#2196,#2197,#2198,#2199,
    #2200,#2201),.UNSPECIFIED.,.T.,.F.,(7,5,5,5,5,5,5,5,5,5,5,5,5,5,5,5,
    5,5,5,5,5,5,5,7),(0.,7.224099155598E-02,0.143525223588,
    0.249747614186,0.356473880921,0.371041844059,0.387109652078,
    0.401164212468,0.424749126791,0.44933288811,0.500001496224,
    0.550670104338,0.575253865657,0.59883877998,0.61289334037,
    0.622432790178,0.636495438564,0.74622036598,0.856474014871,
    0.871041942213,0.88710971075,0.901164236606,0.924749092977,1.),
  .UNSPECIFIED.);
#2085 = CARTESIAN_POINT('',(21.33186680786,-12.6918,-4.440892098501E-16)
  );
#2086 = CARTESIAN_POINT('',(21.33186680786,-12.6918,0.131150735161));
#2087 = CARTESIAN_POINT('',(21.33186680786,-12.70372617768,
    0.262307496177));
#2088 = CARTESIAN_POINT('',(21.33186680786,-12.72758048864,
    0.392097636695));
#2089 = CARTESIAN_POINT('',(21.33186680786,-12.76314977693,
    0.519178103728));
#2090 = CARTESIAN_POINT('',(21.33186680786,-12.81003581693,
    0.642243763307));
#2091 = CARTESIAN_POINT('',(21.33186680786,-12.92444779716,
    0.876301853112));
#2092 = CARTESIAN_POINT('',(21.33186680786,-12.99170140541,
    0.987451542622));
#2093 = CARTESIAN_POINT('',(21.33186680786,-13.06879701455,
    1.092302322461));
#2094 = CARTESIAN_POINT('',(21.33186680786,-13.15497001513,
    1.189779073121));
#2095 = CARTESIAN_POINT('',(21.33186680786,-13.24931386829,
    1.278925735827));
#2096 = CARTESIAN_POINT('',(21.33186680786,-13.50194210623,
    1.478162627652));
#2097 = CARTESIAN_POINT('',(21.33186680786,-13.66897386346,
    1.577159552106));
#2098 = CARTESIAN_POINT('',(21.33186680786,-13.84830070527,
    1.653170374567));
#2099 = CARTESIAN_POINT('',(21.33186680786,-14.03595764819,
    1.704561575889));
#2100 = CARTESIAN_POINT('',(21.33186680786,-14.2278823119,1.730394915471
    ));
#2101 = CARTESIAN_POINT('',(21.33186680786,-14.61256344068,1.73100220814
    ));
#2102 = CARTESIAN_POINT('',(21.33186680786,-14.80547911535,
    1.705533608366));
#2103 = CARTESIAN_POINT('',(21.33186680786,-14.99414504502,
    1.654251011408));
#2104 = CARTESIAN_POINT('',(21.33186680786,-15.17444018215,
    1.578098977011));
#2105 = CARTESIAN_POINT('',(21.33186680786,-15.34234065058,
    1.478728286123));
#2106 = CARTESIAN_POINT('',(21.33186680786,-15.51496729514,
    1.342585167721));
#2107 = CARTESIAN_POINT('',(21.33186680786,-15.5354032861,1.32585250435)
  );
#2108 = CARTESIAN_POINT('',(21.33186680786,-15.55553316289,
    1.308745332571));
#2109 = CARTESIAN_POINT('',(21.33186680786,-15.57534824699,
    1.291270705496));
#2110 = CARTESIAN_POINT('',(21.33186680786,-15.59484007763,
    1.273435953453));
#2111 = CARTESIAN_POINT('',(21.33186680786,-15.63513339851,
    1.235188943887));
#2112 = CARTESIAN_POINT('',(21.33186680786,-15.65586312813,
    1.214700352901));
#2113 = CARTESIAN_POINT('',(21.33186680786,-15.67617853945,
    1.193793121863));
#2114 = CARTESIAN_POINT('',(21.33186680786,-15.69606894151,1.17247783249
    ));
#2115 = CARTESIAN_POINT('',(21.33186680786,-15.71552401361,
    1.150765437371));
#2116 = CARTESIAN_POINT('',(21.33186680786,-15.75116172773,
    1.109337917202));
#2117 = CARTESIAN_POINT('',(21.33186680786,-15.76744897106,
    1.089713402112));
#2118 = CARTESIAN_POINT('',(21.33186680786,-15.78338887941,
    1.069801290625));
#2119 = CARTESIAN_POINT('',(21.33186680786,-15.79897503657,
    1.049609349742));
#2120 = CARTESIAN_POINT('',(21.33186680786,-15.81420126596,
    1.029145537541));
#2121 = CARTESIAN_POINT('',(21.33186680786,-15.85399876272,
    0.973635191862));
#2122 = CARTESIAN_POINT('',(21.33186680786,-15.87790564893,
    0.938109682919));
#2123 = CARTESIAN_POINT('',(21.33186680786,-15.90075420141,
    0.901880052951));
#2124 = CARTESIAN_POINT('',(21.33186680786,-15.92251840403,
    0.864986119355));
#2125 = CARTESIAN_POINT('',(21.33186680786,-15.94317431245,
    0.827468940322));
#2126 = CARTESIAN_POINT('',(21.33186680786,-15.98305273234,
    0.749659191947));
#2127 = CARTESIAN_POINT('',(21.33186680786,-16.00217753551,
    0.709316265745));
#2128 = CARTESIAN_POINT('',(21.33186680786,-16.02004970922,
    0.668389939437));
#2129 = CARTESIAN_POINT('',(21.33186680786,-16.03664711429,
    0.626929158388));
#2130 = CARTESIAN_POINT('',(21.33186680786,-16.05195022675,
    0.584983910133));
#2131 = CARTESIAN_POINT('',(21.33186680786,-16.09478030673,
    0.455260208548));
#2132 = CARTESIAN_POINT('',(21.33186680786,-16.11804893481,
    0.366072361011));
#2133 = CARTESIAN_POINT('',(21.33186680786,-16.13559955695,
    0.275490229452));
#2134 = CARTESIAN_POINT('',(21.33186680786,-16.14733312129,
    0.183972569115));
#2135 = CARTESIAN_POINT('',(21.33186680786,-16.1532,9.198555598813E-02)
  );
#2136 = CARTESIAN_POINT('',(21.33186680786,-16.1532,-9.198555598819E-02)
  );
#2137 = CARTESIAN_POINT('',(21.33186680786,-16.14733312129,
    -0.183972569115));
#2138 = CARTESIAN_POINT('',(21.33186680786,-16.13559955695,
    -0.275490229452));
#2139 = CARTESIAN_POINT('',(21.33186680786,-16.11804893481,
    -0.366072361011));
#2140 = CARTESIAN_POINT('',(21.33186680786,-16.09478030673,
    -0.455260208548));
#2141 = CARTESIAN_POINT('',(21.33186680786,-16.05195022675,
    -0.584983910133));
#2142 = CARTESIAN_POINT('',(21.33186680786,-16.03664711429,
    -0.626929158388));
#2143 = CARTESIAN_POINT('',(21.33186680786,-16.02004970922,
    -0.668389939437));
#2144 = CARTESIAN_POINT('',(21.33186680786,-16.00217753551,
    -0.709316265745));
#2145 = CARTESIAN_POINT('',(21.33186680786,-15.98305273234,
    -0.749659191947));
#2146 = CARTESIAN_POINT('',(21.33186680786,-15.94317431245,
    -0.827468940322));
#2147 = CARTESIAN_POINT('',(21.33186680786,-15.92251840403,
    -0.864986119355));
#2148 = CARTESIAN_POINT('',(21.33186680786,-15.90075420141,
    -0.901880052951));
#2149 = CARTESIAN_POINT('',(21.33186680786,-15.87790564893,
    -0.938109682919));
#2150 = CARTESIAN_POINT('',(21.33186680786,-15.85399876272,
    -0.973635191862));
#2151 = CARTESIAN_POINT('',(21.33186680786,-15.81420126596,
    -1.029145537541));
#2152 = CARTESIAN_POINT('',(21.33186680786,-15.79897503657,
    -1.049609349742));
#2153 = CARTESIAN_POINT('',(21.33186680786,-15.78338887941,
    -1.069801290625));
#2154 = CARTESIAN_POINT('',(21.33186680786,-15.76744897106,
    -1.089713402112));
#2155 = CARTESIAN_POINT('',(21.33186680786,-15.75116172773,
    -1.109337917202));
#2156 = CARTESIAN_POINT('',(21.33186680786,-15.72324770122,
    -1.141786937149));
#2157 = CARTESIAN_POINT('',(21.33186680786,-15.71180464683,
    -1.154770632329));
#2158 = CARTESIAN_POINT('',(21.33186680786,-15.70020672247,
    -1.167615977898));
#2159 = CARTESIAN_POINT('',(21.33186680786,-15.68845605562,
    -1.180320651162));
#2160 = CARTESIAN_POINT('',(21.33186680786,-15.67655482091,
    -1.192882374341));
#2161 = CARTESIAN_POINT('',(21.33186680786,-15.64674226417,
    -1.223602846454));
#2162 = CARTESIAN_POINT('',(21.33186680786,-15.62865690709,
    -1.241591279607));
#2163 = CARTESIAN_POINT('',(21.33186680786,-15.61025629127,
    -1.259257057316));
#2164 = CARTESIAN_POINT('',(21.33186680786,-15.59154774121,
    -1.276593253863));
#2165 = CARTESIAN_POINT('',(21.33186680786,-15.57253878354,
    -1.293593174535));
#2166 = CARTESIAN_POINT('',(21.33186680786,-15.4026345997,
    -1.440219329816));
#2167 = CARTESIAN_POINT('',(21.33186680786,-15.23415044614,
    -1.549376639701));
#2168 = CARTESIAN_POINT('',(21.33186680786,-15.05158424915,
    -1.634486439122));
#2169 = CARTESIAN_POINT('',(21.33186680786,-14.85926115954,
    -1.693591099071));
#2170 = CARTESIAN_POINT('',(21.33186680786,-14.66163765881,
    -1.725521444655));
#2171 = CARTESIAN_POINT('',(21.33186680786,-14.26436698719,
    -1.734930710709));
#2172 = CARTESIAN_POINT('',(21.33186680786,-14.06452533651,
    -1.71215096059));
#2173 = CARTESIAN_POINT('',(21.33186680786,-13.86878115278,
    -1.661728190665));
#2174 = CARTESIAN_POINT('',(21.33186680786,-13.68168171189,
    -1.584649676764));
#2175 = CARTESIAN_POINT('',(21.33186680786,-13.50767992552,
    -1.482687795902));
#2176 = CARTESIAN_POINT('',(21.33186680786,-13.33003270485,
    -1.342585167721));
#2177 = CARTESIAN_POINT('',(21.33186680786,-13.30959671389,
    -1.32585250435));
#2178 = CARTESIAN_POINT('',(21.33186680786,-13.2894668371,-1.30874533257
    ));
#2179 = CARTESIAN_POINT('',(21.33186680786,-13.269651753,-1.291270705496
    ));
#2180 = CARTESIAN_POINT('',(21.33186680786,-13.25015992236,
    -1.273435953453));
#2181 = CARTESIAN_POINT('',(21.33186680786,-13.20986660148,
    -1.235188943887));
#2182 = CARTESIAN_POINT('',(21.33186680786,-13.18913687186,-1.2147003529
    ));
#2183 = CARTESIAN_POINT('',(21.33186680786,-13.16882146054,
    -1.193793121863));
#2184 = CARTESIAN_POINT('',(21.33186680786,-13.14893105848,
    -1.17247783249));
#2185 = CARTESIAN_POINT('',(21.33186680786,-13.12947598638,
    -1.150765437371));
#2186 = CARTESIAN_POINT('',(21.33186680786,-13.09383827226,
    -1.109337917202));
#2187 = CARTESIAN_POINT('',(21.33186680786,-13.07755102893,
    -1.089713402112));
#2188 = CARTESIAN_POINT('',(21.33186680786,-13.06161112058,
    -1.069801290625));
#2189 = CARTESIAN_POINT('',(21.33186680786,-13.04602496342,
    -1.049609349742));
#2190 = CARTESIAN_POINT('',(21.33186680786,-13.03079873403,
    -1.029145537541));
#2191 = CARTESIAN_POINT('',(21.33186680786,-12.99100123727,
    -0.973635191862));
#2192 = CARTESIAN_POINT('',(21.33186680786,-12.96709435106,
    -0.938109682919));
#2193 = CARTESIAN_POINT('',(21.33186680786,-12.94424579858,
    -0.901880052951));
#2194 = CARTESIAN_POINT('',(21.33186680786,-12.92248159596,
    -0.864986119355));
#2195 = CARTESIAN_POINT('',(21.33186680786,-12.90182568754,
    -0.827468940322));
#2196 = CARTESIAN_POINT('',(21.33186680786,-12.82000023344,
    -0.667813216466));
#2197 = CARTESIAN_POINT('',(21.33186680786,-12.76920085621,
    -0.540331613354));
#2198 = CARTESIAN_POINT('',(21.33186680786,-12.73062479603,
    -0.408316435119));
#2199 = CARTESIAN_POINT('',(21.33186680786,-12.70474027195,
    -0.273237411881));
#2200 = CARTESIAN_POINT('',(21.33186680786,-12.6918,-0.136612911395));
#2201 = CARTESIAN_POINT('',(21.33186680786,-12.6918,-4.440892098501E-16)
  );
#2202 = PCURVE('',#625,#2203);
#2203 = DEFINITIONAL_REPRESENTATION('',(#2204),#2322);
#2204 = B_SPLINE_CURVE_WITH_KNOTS('',6,(#2205,#2206,#2207,#2208,#2209,
    #2210,#2211,#2212,#2213,#2214,#2215,#2216,#2217,#2218,#2219,#2220,
    #2221,#2222,#2223,#2224,#2225,#2226,#2227,#2228,#2229,#2230,#2231,
    #2232,#2233,#2234,#2235,#2236,#2237,#2238,#2239,#2240,#2241,#2242,
    #2243,#2244,#2245,#2246,#2247,#2248,#2249,#2250,#2251,#2252,#2253,
    #2254,#2255,#2256,#2257,#2258,#2259,#2260,#2261,#2262,#2263,#2264,
    #2265,#2266,#2267,#2268,#2269,#2270,#2271,#2272,#2273,#2274,#2275,
    #2276,#2277,#2278,#2279,#2280,#2281,#2282,#2283,#2284,#2285,#2286,
    #2287,#2288,#2289,#2290,#2291,#2292,#2293,#2294,#2295,#2296,#2297,
    #2298,#2299,#2300,#2301,#2302,#2303,#2304,#2305,#2306,#2307,#2308,
    #2309,#2310,#2311,#2312,#2313,#2314,#2315,#2316,#2317,#2318,#2319,
    #2320,#2321),.UNSPECIFIED.,.F.,.F.,(7,5,5,5,5,5,5,5,5,5,5,5,5,5,5,5,
    5,5,5,5,5,5,5,7),(0.,7.224099155598E-02,0.143525223588,
    0.249747614186,0.356473880921,0.371041844059,0.387109652078,
    0.401164212468,0.424749126791,0.44933288811,0.500001496224,
    0.550670104338,0.575253865657,0.59883877998,0.61289334037,
    0.622432790178,0.636495438564,0.74622036598,0.856474014871,
    0.871041942213,0.88710971075,0.901164236606,0.924749092977,1.),
  .UNSPECIFIED.);
#2205 = CARTESIAN_POINT('',(0.,46.312369580022));
#2206 = CARTESIAN_POINT('',(7.577901147588E-02,46.312369580022));
#2207 = CARTESIAN_POINT('',(0.151561437198,46.312369580022));
#2208 = CARTESIAN_POINT('',(0.227337909266,46.312369580022));
#2209 = CARTESIAN_POINT('',(0.303114431696,46.312369580022));
#2210 = CARTESIAN_POINT('',(0.378895126179,46.312369580022));
#2211 = CARTESIAN_POINT('',(0.529426719629,46.312369580022));
#2212 = CARTESIAN_POINT('',(0.604190017426,46.312369580022));
#2213 = CARTESIAN_POINT('',(0.678933528556,46.312369580022));
#2214 = CARTESIAN_POINT('',(0.75365573481,46.312369580022));
#2215 = CARTESIAN_POINT('',(0.828355082597,46.312369580022));
#2216 = CARTESIAN_POINT('',(1.014256505687,46.312369580022));
#2217 = CARTESIAN_POINT('',(1.125456678287,46.312369580022));
#2218 = CARTESIAN_POINT('',(1.236495613599,46.312369580022));
#2219 = CARTESIAN_POINT('',(1.347429346027,46.312369580022));
#2220 = CARTESIAN_POINT('',(1.458345914623,46.312369580022));
#2221 = CARTESIAN_POINT('',(1.680615290106,46.312369580022));
#2222 = CARTESIAN_POINT('',(1.792057632108,46.312369580022));
#2223 = CARTESIAN_POINT('',(1.903515961292,46.312369580022));
#2224 = CARTESIAN_POINT('',(2.015080361226,46.312369580022));
#2225 = CARTESIAN_POINT('',(2.126808350496,46.312369580022));
#2226 = CARTESIAN_POINT('',(2.253839038553,46.312369580022));
#2227 = CARTESIAN_POINT('',(2.269097554084,46.312369580022));
#2228 = CARTESIAN_POINT('',(2.284357586422,46.312369580022));
#2229 = CARTESIAN_POINT('',(2.29961906985,46.312369580022));
#2230 = CARTESIAN_POINT('',(2.314881935007,46.312369580022));
#2231 = CARTESIAN_POINT('',(2.346981806049,46.312369580022));
#2232 = CARTESIAN_POINT('',(2.363819098466,46.312369580022));
#2233 = CARTESIAN_POINT('',(2.380657888227,46.312369580022));
#2234 = CARTESIAN_POINT('',(2.397498076892,46.312369580022));
#2235 = CARTESIAN_POINT('',(2.414339565492,46.312369580022));
#2236 = CARTESIAN_POINT('',(2.44591460571,46.312369580022));
#2237 = CARTESIAN_POINT('',(2.460647877561,46.312369580022));
#2238 = CARTESIAN_POINT('',(2.475382004196,46.312369580022));
#2239 = CARTESIAN_POINT('',(2.490116921592,46.312369580022));
#2240 = CARTESIAN_POINT('',(2.504852567608,46.312369580022));
#2241 = CARTESIAN_POINT('',(2.544317845538,46.312369580022));
#2242 = CARTESIAN_POINT('',(2.569048700899,46.312369580022));
#2243 = CARTESIAN_POINT('',(2.593781162175,46.312369580022));
#2244 = CARTESIAN_POINT('',(2.618514970031,46.312369580022));
#2245 = CARTESIAN_POINT('',(2.643249891681,46.312369580022));
#2246 = CARTESIAN_POINT('',(2.693769139598,46.312369580022));
#2247 = CARTESIAN_POINT('',(2.719553562293,46.312369580022));
#2248 = CARTESIAN_POINT('',(2.74533876388,46.312369580022));
#2249 = CARTESIAN_POINT('',(2.771124554456,46.312369580022));
#2250 = CARTESIAN_POINT('',(2.796910779306,46.312369580022));
#2251 = CARTESIAN_POINT('',(2.875844925265,46.312369580022));
#2252 = CARTESIAN_POINT('',(2.928994711474,46.312369580022));
#2253 = CARTESIAN_POINT('',(2.98214390755,46.312369580022));
#2254 = CARTESIAN_POINT('',(3.035293130862,46.312369580022));
#2255 = CARTESIAN_POINT('',(3.08844331749,46.312369580022));
#2256 = CARTESIAN_POINT('',(3.19474198969,46.312369580022));
#2257 = CARTESIAN_POINT('',(3.247892176318,46.312369580022));
#2258 = CARTESIAN_POINT('',(3.30104139963,46.312369580022));
#2259 = CARTESIAN_POINT('',(3.354190595706,46.312369580022));
#2260 = CARTESIAN_POINT('',(3.407340381914,46.312369580022));
#2261 = CARTESIAN_POINT('',(3.486274527873,46.312369580022));
#2262 = CARTESIAN_POINT('',(3.512060752724,46.312369580022));
#2263 = CARTESIAN_POINT('',(3.5378465433,46.312369580022));
#2264 = CARTESIAN_POINT('',(3.563631744887,46.312369580022));
#2265 = CARTESIAN_POINT('',(3.589416167581,46.312369580022));
#2266 = CARTESIAN_POINT('',(3.639935415498,46.312369580022));
#2267 = CARTESIAN_POINT('',(3.664670337148,46.312369580022));
#2268 = CARTESIAN_POINT('',(3.689404145004,46.312369580022));
#2269 = CARTESIAN_POINT('',(3.714136606281,46.312369580022));
#2270 = CARTESIAN_POINT('',(3.738867461642,46.312369580022));
#2271 = CARTESIAN_POINT('',(3.778332739572,46.312369580022));
#2272 = CARTESIAN_POINT('',(3.793068385587,46.312369580022));
#2273 = CARTESIAN_POINT('',(3.807803302984,46.312369580022));
#2274 = CARTESIAN_POINT('',(3.822537429618,46.312369580022));
#2275 = CARTESIAN_POINT('',(3.83727070147,46.312369580022));
#2276 = CARTESIAN_POINT('',(3.862002548939,46.312369580022));
#2277 = CARTESIAN_POINT('',(3.872001621564,46.312369580022));
#2278 = CARTESIAN_POINT('',(3.882000249999,46.312369580022));
#2279 = CARTESIAN_POINT('',(3.891998413669,46.312369580022));
#2280 = CARTESIAN_POINT('',(3.90199609194,46.312369580022));
#2281 = CARTESIAN_POINT('',(3.926730667222,46.312369580022));
#2282 = CARTESIAN_POINT('',(3.9414669718,46.312369580022));
#2283 = CARTESIAN_POINT('',(3.956202110818,46.312369580022));
#2284 = CARTESIAN_POINT('',(3.970936019068,46.312369580022));
#2285 = CARTESIAN_POINT('',(3.985668633167,46.312369580022));
#2286 = CARTESIAN_POINT('',(4.115341701457,46.312369580022));
#2287 = CARTESIAN_POINT('',(4.230247606482,46.312369580022));
#2288 = CARTESIAN_POINT('',(4.344977576692,46.312369580022));
#2289 = CARTESIAN_POINT('',(4.459590192155,46.312369580022));
#2290 = CARTESIAN_POINT('',(4.574180705465,46.312369580022));
#2291 = CARTESIAN_POINT('',(4.803788427289,46.312369580022));
#2292 = CARTESIAN_POINT('',(4.918911656692,46.312369580022));
#2293 = CARTESIAN_POINT('',(5.034041588574,46.312369580022));
#2294 = CARTESIAN_POINT('',(5.149283622943,46.312369580022));
#2295 = CARTESIAN_POINT('',(5.264706515099,46.312369580022));
#2296 = CARTESIAN_POINT('',(5.395431692143,46.312369580022));
#2297 = CARTESIAN_POINT('',(5.410690207674,46.312369580022));
#2298 = CARTESIAN_POINT('',(5.425950240012,46.312369580022));
#2299 = CARTESIAN_POINT('',(5.441211723439,46.312369580022));
#2300 = CARTESIAN_POINT('',(5.456474588597,46.312369580022));
#2301 = CARTESIAN_POINT('',(5.488574459639,46.312369580022));
#2302 = CARTESIAN_POINT('',(5.505411752056,46.312369580022));
#2303 = CARTESIAN_POINT('',(5.522250541817,46.312369580022));
#2304 = CARTESIAN_POINT('',(5.539090730482,46.312369580022));
#2305 = CARTESIAN_POINT('',(5.555932219082,46.312369580022));
#2306 = CARTESIAN_POINT('',(5.5875072593,46.312369580022));
#2307 = CARTESIAN_POINT('',(5.602240531151,46.312369580022));
#2308 = CARTESIAN_POINT('',(5.616974657785,46.312369580022));
#2309 = CARTESIAN_POINT('',(5.631709575182,46.312369580022));
#2310 = CARTESIAN_POINT('',(5.646445221198,46.312369580022));
#2311 = CARTESIAN_POINT('',(5.685910499127,46.312369580022));
#2312 = CARTESIAN_POINT('',(5.710641354489,46.312369580022));
#2313 = CARTESIAN_POINT('',(5.735373815765,46.312369580022));
#2314 = CARTESIAN_POINT('',(5.760107623621,46.312369580022));
#2315 = CARTESIAN_POINT('',(5.784842545271,46.312369580022));
#2316 = CARTESIAN_POINT('',(5.888501627369,46.312369580022));
#2317 = CARTESIAN_POINT('',(5.96744018943,46.312369580022));
#2318 = CARTESIAN_POINT('',(6.046374073085,46.312369580022));
#2319 = CARTESIAN_POINT('',(6.125308577668,46.312369580022));
#2320 = CARTESIAN_POINT('',(6.204250245415,46.312369580022));
#2321 = CARTESIAN_POINT('',(6.28318530718,46.312369580022));
#2322 = ( GEOMETRIC_REPRESENTATION_CONTEXT(2) 
PARAMETRIC_REPRESENTATION_CONTEXT() REPRESENTATION_CONTEXT('2D SPACE',''
  ) );
#2323 = PCURVE('',#2324,#2329);
#2324 = SPHERICAL_SURFACE('',#2325,4.0383);
#2325 = AXIS2_PLACEMENT_3D('',#2326,#2327,#2328);
#2326 = CARTESIAN_POINT('',(24.980502772162,-14.4225,0.));
#2327 = DIRECTION('',(0.,0.,1.));
#2328 = DIRECTION('',(1.,0.,-0.));
#2329 = DEFINITIONAL_REPRESENTATION('',(#2330),#2448);
#2330 = B_SPLINE_CURVE_WITH_KNOTS('',6,(#2331,#2332,#2333,#2334,#2335,
    #2336,#2337,#2338,#2339,#2340,#2341,#2342,#2343,#2344,#2345,#2346,
    #2347,#2348,#2349,#2350,#2351,#2352,#2353,#2354,#2355,#2356,#2357,
    #2358,#2359,#2360,#2361,#2362,#2363,#2364,#2365,#2366,#2367,#2368,
    #2369,#2370,#2371,#2372,#2373,#2374,#2375,#2376,#2377,#2378,#2379,
    #2380,#2381,#2382,#2383,#2384,#2385,#2386,#2387,#2388,#2389,#2390,
    #2391,#2392,#2393,#2394,#2395,#2396,#2397,#2398,#2399,#2400,#2401,
    #2402,#2403,#2404,#2405,#2406,#2407,#2408,#2409,#2410,#2411,#2412,
    #2413,#2414,#2415,#2416,#2417,#2418,#2419,#2420,#2421,#2422,#2423,
    #2424,#2425,#2426,#2427,#2428,#2429,#2430,#2431,#2432,#2433,#2434,
    #2435,#2436,#2437,#2438,#2439,#2440,#2441,#2442,#2443,#2444,#2445,
    #2446,#2447),.UNSPECIFIED.,.F.,.F.,(7,5,5,5,5,5,5,5,5,5,5,5,5,5,5,5,
    5,5,5,5,5,5,5,7),(0.,7.224099155598E-02,0.143525223588,
    0.249747614186,0.356473880921,0.371041844059,0.387109652078,
    0.401164212468,0.424749126791,0.44933288811,0.500001496224,
    0.550670104338,0.575253865657,0.59883877998,0.61289334037,
    0.622432790178,0.636495438564,0.74622036598,0.856474014871,
    0.871041942213,0.88710971075,0.901164236606,0.924749092977,1.),
  .UNSPECIFIED.);
#2331 = CARTESIAN_POINT('',(2.698681609516,0.));
#2332 = CARTESIAN_POINT('',(2.698681609516,3.247671920395E-02));
#2333 = CARTESIAN_POINT('',(2.701349902236,6.495494434037E-02));
#2334 = CARTESIAN_POINT('',(2.706686971763,9.715633323842E-02));
#2335 = CARTESIAN_POINT('',(2.714695648872,0.128810307615));
#2336 = CARTESIAN_POINT('',(2.725388430364,0.159636577541));
#2337 = CARTESIAN_POINT('',(2.751926429008,0.21865080437));
#2338 = CARTESIAN_POINT('',(2.767703714315,0.246873100532));
#2339 = CARTESIAN_POINT('',(2.786059816956,0.273722529309));
#2340 = CARTESIAN_POINT('',(2.806954297604,0.298917725154));
#2341 = CARTESIAN_POINT('',(2.830295972557,0.322170381243));
#2342 = CARTESIAN_POINT('',(2.89403557433,0.374562772067));
#2343 = CARTESIAN_POINT('',(2.937204433287,0.401016202799));
#2344 = CARTESIAN_POINT('',(2.984754972451,0.421660048116));
#2345 = CARTESIAN_POINT('',(3.035656557789,0.435748025616));
#2346 = CARTESIAN_POINT('',(3.088252835124,0.442827428047));
#2347 = CARTESIAN_POINT('',(3.193684266715,0.442993871755));
#2348 = CARTESIAN_POINT('',(3.246562109456,0.436014462763));
#2349 = CARTESIAN_POINT('',(3.297752936687,0.421953623945));
#2350 = CARTESIAN_POINT('',(3.345570983061,0.401267219733));
#2351 = CARTESIAN_POINT('',(3.388968768142,0.374711520622));
#2352 = CARTESIAN_POINT('',(3.432523493734,0.338910603422));
#2353 = CARTESIAN_POINT('',(3.437660321564,0.334518420683));
#2354 = CARTESIAN_POINT('',(3.442701284524,0.330036181277));
#2355 = CARTESIAN_POINT('',(3.447644945271,0.325466196519));
#2356 = CARTESIAN_POINT('',(3.452490010344,0.320810808414));
#2357 = CARTESIAN_POINT('',(3.462469204473,0.310846126924));
#2358 = CARTESIAN_POINT('',(3.467581732163,0.305518851558));
#2359 = CARTESIAN_POINT('',(3.472571373985,0.300093747278));
#2360 = CARTESIAN_POINT('',(3.477436769517,0.294574019303));
#2361 = CARTESIAN_POINT('',(3.482176737164,0.288962894355));
#2362 = CARTESIAN_POINT('',(3.490825748968,0.278278448683));
#2363 = CARTESIAN_POINT('',(3.494764486431,0.273225830512));
#2364 = CARTESIAN_POINT('',(3.498605813859,0.268107938136));
#2365 = CARTESIAN_POINT('',(3.502349141434,0.26292694546));
#2366 = CARTESIAN_POINT('',(3.505993962215,0.257685028304));
#2367 = CARTESIAN_POINT('',(3.515490199063,0.243489336716));
#2368 = CARTESIAN_POINT('',(3.521161926289,0.234428865853));
#2369 = CARTESIAN_POINT('',(3.526553077968,0.225213251696));
#2370 = CARTESIAN_POINT('',(3.531662142901,0.215852741661));
#2371 = CARTESIAN_POINT('',(3.536488054547,0.206357530704));
#2372 = CARTESIAN_POINT('',(3.545764691957,0.186710584156));
#2373 = CARTESIAN_POINT('',(3.550190823567,0.176548060568));
#2374 = CARTESIAN_POINT('',(3.554307872546,0.166261661073));
#2375 = CARTESIAN_POINT('',(3.558115376727,0.155862754363));
#2376 = CARTESIAN_POINT('',(3.561613125083,0.145362607309));
#2377 = CARTESIAN_POINT('',(3.57137188442,0.112945300866));
#2378 = CARTESIAN_POINT('',(3.576626866369,9.073521096947E-02));
#2379 = CARTESIAN_POINT('',(3.580565976929,6.824064510437E-02));
#2380 = CARTESIAN_POINT('',(3.583191012011,4.555692527835E-02));
#2381 = CARTESIAN_POINT('',(3.584503697663,2.277828689996E-02));
#2382 = CARTESIAN_POINT('',(3.584503697663,-2.277828689998E-02));
#2383 = CARTESIAN_POINT('',(3.583191012011,-4.555692527836E-02));
#2384 = CARTESIAN_POINT('',(3.580565976929,-6.824064510438E-02));
#2385 = CARTESIAN_POINT('',(3.576626866369,-9.073521096949E-02));
#2386 = CARTESIAN_POINT('',(3.57137188442,-0.112945300866));
#2387 = CARTESIAN_POINT('',(3.561613125083,-0.145362607309));
#2388 = CARTESIAN_POINT('',(3.558115376727,-0.155862754363));
#2389 = CARTESIAN_POINT('',(3.554307872546,-0.166261661073));
#2390 = CARTESIAN_POINT('',(3.550190823567,-0.176548060568));
#2391 = CARTESIAN_POINT('',(3.545764691957,-0.186710584156));
#2392 = CARTESIAN_POINT('',(3.536488054547,-0.206357530704));
#2393 = CARTESIAN_POINT('',(3.531662142901,-0.215852741661));
#2394 = CARTESIAN_POINT('',(3.526553077968,-0.225213251696));
#2395 = CARTESIAN_POINT('',(3.521161926289,-0.234428865853));
#2396 = CARTESIAN_POINT('',(3.515490199063,-0.243489336716));
#2397 = CARTESIAN_POINT('',(3.505993962215,-0.257685028304));
#2398 = CARTESIAN_POINT('',(3.502349141434,-0.26292694546));
#2399 = CARTESIAN_POINT('',(3.498605813859,-0.268107938136));
#2400 = CARTESIAN_POINT('',(3.494764486431,-0.273225830512));
#2401 = CARTESIAN_POINT('',(3.490825748968,-0.278278448683));
#2402 = CARTESIAN_POINT('',(3.484051219491,-0.286647276682));
#2403 = CARTESIAN_POINT('',(3.481267599689,-0.289999861353));
#2404 = CARTESIAN_POINT('',(3.478439626152,-0.293320695872));
#2405 = CARTESIAN_POINT('',(3.475567531513,-0.296609103548));
#2406 = CARTESIAN_POINT('',(3.472651569646,-0.299864409799));
#2407 = CARTESIAN_POINT('',(3.46532916792,-0.307834987187));
#2408 = CARTESIAN_POINT('',(3.460871590632,-0.312510638771));
#2409 = CARTESIAN_POINT('',(3.456320162365,-0.317110740193));
#2410 = CARTESIAN_POINT('',(3.45167587822,-0.321633154797));
#2411 = CARTESIAN_POINT('',(3.446939849837,-0.326075765984));
#2412 = CARTESIAN_POINT('',(3.404453810214,-0.364461271807));
#2413 = CARTESIAN_POINT('',(3.361267481236,-0.393513237044));
#2414 = CARTESIAN_POINT('',(3.313175987892,-0.416562010325));
#2415 = CARTESIAN_POINT('',(3.261204134871,-0.432743096592));
#2416 = CARTESIAN_POINT('',(3.207126991413,-0.441491816698));
#2417 = CARTESIAN_POINT('',(3.098258754829,-0.444070498903));
#2418 = CARTESIAN_POINT('',(3.043414607955,-0.437829585182));
#2419 = CARTESIAN_POINT('',(2.990190819336,-0.423986657537));
#2420 = CARTESIAN_POINT('',(2.940489924843,-0.40301819999));
#2421 = CARTESIAN_POINT('',(2.895483260146,-0.375752734334));
#2422 = CARTESIAN_POINT('',(2.850661813446,-0.338910603422));
#2423 = CARTESIAN_POINT('',(2.845524985616,-0.334518420683));
#2424 = CARTESIAN_POINT('',(2.840484022655,-0.330036181277));
#2425 = CARTESIAN_POINT('',(2.835540361909,-0.325466196519));
#2426 = CARTESIAN_POINT('',(2.830695296836,-0.320810808414));
#2427 = CARTESIAN_POINT('',(2.820716102707,-0.310846126924));
#2428 = CARTESIAN_POINT('',(2.815603575017,-0.305518851558));
#2429 = CARTESIAN_POINT('',(2.810613933194,-0.300093747278));
#2430 = CARTESIAN_POINT('',(2.805748537663,-0.294574019303));
#2431 = CARTESIAN_POINT('',(2.801008570015,-0.288962894355));
#2432 = CARTESIAN_POINT('',(2.792359558212,-0.278278448683));
#2433 = CARTESIAN_POINT('',(2.788420820748,-0.273225830512));
#2434 = CARTESIAN_POINT('',(2.78457949332,-0.268107938136));
#2435 = CARTESIAN_POINT('',(2.780836165746,-0.26292694546));
#2436 = CARTESIAN_POINT('',(2.777191344964,-0.257685028304));
#2437 = CARTESIAN_POINT('',(2.767695108117,-0.243489336716));
#2438 = CARTESIAN_POINT('',(2.76202338089,-0.234428865853));
#2439 = CARTESIAN_POINT('',(2.756632229212,-0.225213251696));
#2440 = CARTESIAN_POINT('',(2.751523164279,-0.215852741661));
#2441 = CARTESIAN_POINT('',(2.746697252633,-0.206357530704));
#2442 = CARTESIAN_POINT('',(2.727662770557,-0.166044491037));
#2443 = CARTESIAN_POINT('',(2.716058460822,-0.134080715504));
#2444 = CARTESIAN_POINT('',(2.707368094124,-0.101180589121));
#2445 = CARTESIAN_POINT('',(2.701576788743,-6.766151246177E-02));
#2446 = CARTESIAN_POINT('',(2.698681609516,-3.382931218469E-02));
#2447 = CARTESIAN_POINT('',(2.698681609516,-1.110223024625E-16));
#2448 = ( GEOMETRIC_REPRESENTATION_CONTEXT(2) 
PARAMETRIC_REPRESENTATION_CONTEXT() REPRESENTATION_CONTEXT('2D SPACE',''
  ) );
#2449 = ORIENTED_EDGE('',*,*,#2059,.F.);
#2450 = ADVANCED_FACE('',(#2451),#962,.T.);
#2451 = FACE_BOUND('',#2452,.T.);
#2452 = EDGE_LOOP('',(#2453,#2454,#2477,#2519,#2631,#2632));
#2453 = ORIENTED_EDGE('',*,*,#846,.T.);
#2454 = ORIENTED_EDGE('',*,*,#2455,.T.);
#2455 = EDGE_CURVE('',#849,#2456,#2458,.T.);
#2456 = VERTEX_POINT('',#2457);
#2457 = CARTESIAN_POINT('',(25.571163394254,15.036084537096,
    76.81853233891));
#2458 = SEAM_CURVE('',#2459,(#2463,#2470),.PCURVE_S1.);
#2459 = LINE('',#2460,#2461);
#2460 = CARTESIAN_POINT('',(1.65342021508,28.845,-0.511394253354));
#2461 = VECTOR('',#2462,1.);
#2462 = DIRECTION('',(0.291275864018,-0.168168198499,0.941741911595));
#2463 = PCURVE('',#962,#2464);
#2464 = DEFINITIONAL_REPRESENTATION('',(#2465),#2469);
#2465 = LINE('',#2466,#2467);
#2466 = CARTESIAN_POINT('',(0.,-0.));
#2467 = VECTOR('',#2468,1.);
#2468 = DIRECTION('',(0.,1.));
#2469 = ( GEOMETRIC_REPRESENTATION_CONTEXT(2) 
PARAMETRIC_REPRESENTATION_CONTEXT() REPRESENTATION_CONTEXT('2D SPACE',''
  ) );
#2470 = PCURVE('',#962,#2471);
#2471 = DEFINITIONAL_REPRESENTATION('',(#2472),#2476);
#2472 = LINE('',#2473,#2474);
#2473 = CARTESIAN_POINT('',(6.28318530718,-0.));
#2474 = VECTOR('',#2475,1.);
#2475 = DIRECTION('',(0.,1.));
#2476 = ( GEOMETRIC_REPRESENTATION_CONTEXT(2) 
PARAMETRIC_REPRESENTATION_CONTEXT() REPRESENTATION_CONTEXT('2D SPACE',''
  ) );
#2477 = ORIENTED_EDGE('',*,*,#2478,.F.);
#2478 = EDGE_CURVE('',#2479,#2456,#2481,.T.);
#2479 = VERTEX_POINT('',#2480);
#2480 = CARTESIAN_POINT('',(25.429597308022,14.4225,76.752749324069));
#2481 = SURFACE_CURVE('',#2482,(#2487,#2494),.PCURVE_S1.);
#2482 = CIRCLE('',#2483,1.7307);
#2483 = AXIS2_PLACEMENT_3D('',#2484,#2485,#2486);
#2484 = CARTESIAN_POINT('',(23.917743179174,15.036084537096,
    77.329926592264));
#2485 = DIRECTION('',(0.291275864018,-0.168168198499,0.941741911595));
#2486 = DIRECTION('',(-0.955347671509,0.,0.295484054633));
#2487 = PCURVE('',#962,#2488);
#2488 = DEFINITIONAL_REPRESENTATION('',(#2489),#2493);
#2489 = LINE('',#2490,#2491);
#2490 = CARTESIAN_POINT('',(3.14159265359,82.113714638978));
#2491 = VECTOR('',#2492,1.);
#2492 = DIRECTION('',(1.,0.));
#2493 = ( GEOMETRIC_REPRESENTATION_CONTEXT(2) 
PARAMETRIC_REPRESENTATION_CONTEXT() REPRESENTATION_CONTEXT('2D SPACE',''
  ) );
#2494 = PCURVE('',#2495,#2500);
#2495 = SPHERICAL_SURFACE('',#2496,4.0383);
#2496 = AXIS2_PLACEMENT_3D('',#2497,#2498,#2499);
#2497 = CARTESIAN_POINT('',(24.980502772162,14.4225,80.766));
#2498 = DIRECTION('',(0.,0.,1.));
#2499 = DIRECTION('',(1.,0.,-0.));
#2500 = DEFINITIONAL_REPRESENTATION('',(#2501),#2518);
#2501 = B_SPLINE_CURVE_WITH_KNOTS('',8,(#2502,#2503,#2504,#2505,#2506,
    #2507,#2508,#2509,#2510,#2511,#2512,#2513,#2514,#2515,#2516,#2517),
  .UNSPECIFIED.,.F.,.F.,(9,7,9),(2.773698023519,2.957645338554,
    3.14159265359),.UNSPECIFIED.);
#2502 = CARTESIAN_POINT('',(1.186625552679E-14,-1.459357004692));
#2503 = CARTESIAN_POINT('',(8.15041826995E-02,-1.455490243619));
#2504 = CARTESIAN_POINT('',(0.157396705236,-1.450999636455));
#2505 = CARTESIAN_POINT('',(0.227399148378,-1.445974404646));
#2506 = CARTESIAN_POINT('',(0.291777585962,-1.440504453114));
#2507 = CARTESIAN_POINT('',(0.351075062953,-1.434665297702));
#2508 = CARTESIAN_POINT('',(0.405830345359,-1.428518600599));
#2509 = CARTESIAN_POINT('',(0.456570757043,-1.42211486264));
#2510 = CARTESIAN_POINT('',(0.5509615039,-1.408876009743));
#2511 = CARTESIAN_POINT('',(0.594611906437,-1.402040894996));
#2512 = CARTESIAN_POINT('',(0.635188902521,-1.395031472027));
#2513 = CARTESIAN_POINT('',(0.673110729808,-1.387879991115));
#2514 = CARTESIAN_POINT('',(0.708727260688,-1.38061201075));
#2515 = CARTESIAN_POINT('',(0.742328794154,-1.373248234998));
#2516 = CARTESIAN_POINT('',(0.774161430958,-1.365805798552));
#2517 = CARTESIAN_POINT('',(0.804431784981,-1.358299047785));
#2518 = ( GEOMETRIC_REPRESENTATION_CONTEXT(2) 
PARAMETRIC_REPRESENTATION_CONTEXT() REPRESENTATION_CONTEXT('2D SPACE',''
  ) );
#2519 = ORIENTED_EDGE('',*,*,#2520,.F.);
#2520 = EDGE_CURVE('',#2456,#2479,#2521,.T.);
#2521 = SURFACE_CURVE('',#2522,(#2527,#2534),.PCURVE_S1.);
#2522 = CIRCLE('',#2523,1.7307);
#2523 = AXIS2_PLACEMENT_3D('',#2524,#2525,#2526);
#2524 = CARTESIAN_POINT('',(23.917743179174,15.036084537096,
    77.329926592264));
#2525 = DIRECTION('',(0.291275864018,-0.168168198499,0.941741911595));
#2526 = DIRECTION('',(-0.955347671509,0.,0.295484054633));
#2527 = PCURVE('',#962,#2528);
#2528 = DEFINITIONAL_REPRESENTATION('',(#2529),#2533);
#2529 = LINE('',#2530,#2531);
#2530 = CARTESIAN_POINT('',(-3.14159265359,82.113714638978));
#2531 = VECTOR('',#2532,1.);
#2532 = DIRECTION('',(1.,0.));
#2533 = ( GEOMETRIC_REPRESENTATION_CONTEXT(2) 
PARAMETRIC_REPRESENTATION_CONTEXT() REPRESENTATION_CONTEXT('2D SPACE',''
  ) );
#2534 = PCURVE('',#2495,#2535);
#2535 = DEFINITIONAL_REPRESENTATION('',(#2536),#2630);
#2536 = B_SPLINE_CURVE_WITH_KNOTS('',8,(#2537,#2538,#2539,#2540,#2541,
    #2542,#2543,#2544,#2545,#2546,#2547,#2548,#2549,#2550,#2551,#2552,
    #2553,#2554,#2555,#2556,#2557,#2558,#2559,#2560,#2561,#2562,#2563,
    #2564,#2565,#2566,#2567,#2568,#2569,#2570,#2571,#2572,#2573,#2574,
    #2575,#2576,#2577,#2578,#2579,#2580,#2581,#2582,#2583,#2584,#2585,
    #2586,#2587,#2588,#2589,#2590,#2591,#2592,#2593,#2594,#2595,#2596,
    #2597,#2598,#2599,#2600,#2601,#2602,#2603,#2604,#2605,#2606,#2607,
    #2608,#2609,#2610,#2611,#2612,#2613,#2614,#2615,#2616,#2617,#2618,
    #2619,#2620,#2621,#2622,#2623,#2624,#2625,#2626,#2627,#2628,#2629),
  .UNSPECIFIED.,.F.,.F.,(9,7,7,7,7,7,7,7,7,7,7,7,7,9),(3.14159265359,
    3.511298320909,4.204496447133,5.417593168024,6.327415708693,
    7.009782614194,7.52155779332,7.905389177665,8.193262715923,
    8.409167869617,8.571096734887,8.69254338384,8.874713357269,
    9.056883330699),.UNSPECIFIED.);
#2537 = CARTESIAN_POINT('',(0.804431784981,-1.358299047785));
#2538 = CARTESIAN_POINT('',(0.865270517159,-1.343211639189));
#2539 = CARTESIAN_POINT('',(0.91979870825,-1.327864471355));
#2540 = CARTESIAN_POINT('',(0.969696892997,-1.312373850059));
#2541 = CARTESIAN_POINT('',(1.01602437754,-1.296811952815));
#2542 = CARTESIAN_POINT('',(1.059513965416,-1.281231723096));
#2543 = CARTESIAN_POINT('',(1.100707699561,-1.265675609006));
#2544 = CARTESIAN_POINT('',(1.140010513698,-1.250177406921));
#2545 = CARTESIAN_POINT('',(1.248479010411,-1.205870964862));
#2546 = CARTESIAN_POINT('',(1.313683466085,-1.177282179778));
#2547 = CARTESIAN_POINT('',(1.375429796381,-1.149192253662));
#2548 = CARTESIAN_POINT('',(1.434682969633,-1.121731399878));
#2549 = CARTESIAN_POINT('',(1.49215060888,-1.095017583401));
#2550 = CARTESIAN_POINT('',(1.548275982898,-1.069153908104));
#2551 = CARTESIAN_POINT('',(1.603402383067,-1.044237863226));
#2552 = CARTESIAN_POINT('',(1.752933597443,-0.978574179578));
#2553 = CARTESIAN_POINT('',(1.845789601507,-0.93996818128));
#2554 = CARTESIAN_POINT('',(1.937679670103,-0.905028877442));
#2555 = CARTESIAN_POINT('',(2.029148785374,-0.874186412579));
#2556 = CARTESIAN_POINT('',(2.120565062752,-0.847832640635));
#2557 = CARTESIAN_POINT('',(2.212065324196,-0.826296279242));
#2558 = CARTESIAN_POINT('',(2.303694987234,-0.809823724491));
#2559 = CARTESIAN_POINT('',(2.464226569555,-0.790122836478));
#2560 = CARTESIAN_POINT('',(2.53308371769,-0.784612982732));
#2561 = CARTESIAN_POINT('',(2.601988106231,-0.782100305361));
#2562 = CARTESIAN_POINT('',(2.670909515458,-0.782618557571));
#2563 = CARTESIAN_POINT('',(2.739810104344,-0.786168594689));
#2564 = CARTESIAN_POINT('',(2.808656585998,-0.79271787513));
#2565 = CARTESIAN_POINT('',(2.877432638322,-0.802202321005));
#2566 = CARTESIAN_POINT('',(2.997690733531,-0.823776701442));
#2567 = CARTESIAN_POINT('',(3.049197865482,-0.834622469355));
#2568 = CARTESIAN_POINT('',(3.100678305203,-0.847029296372));
#2569 = CARTESIAN_POINT('',(3.152147817546,-0.860949800559));
#2570 = CARTESIAN_POINT('',(3.203634365148,-0.876328851162));
#2571 = CARTESIAN_POINT('',(3.255182372392,-0.893104544458));
#2572 = CARTESIAN_POINT('',(3.306859460927,-0.911209068096));
#2573 = CARTESIAN_POINT('',(3.397695303609,-0.945089743312));
#2574 = CARTESIAN_POINT('',(3.436753963638,-0.960316444691));
#2575 = CARTESIAN_POINT('',(3.47598359001,-0.976218779021));
#2576 = CARTESIAN_POINT('',(3.515437931495,-0.992764230012));
#2577 = CARTESIAN_POINT('',(3.555183362358,-1.009918773234));
#2578 = CARTESIAN_POINT('',(3.595303699346,-1.027646854717));
#2579 = CARTESIAN_POINT('',(3.635909005762,-1.045911119063));
#2580 = CARTESIAN_POINT('',(3.708077915285,-1.078742463068));
#2581 = CARTESIAN_POINT('',(3.7393642903,-1.093092312171));
#2582 = CARTESIAN_POINT('',(3.771070116008,-1.107704712514));
#2583 = CARTESIAN_POINT('',(3.80327230263,-1.122562094962));
#2584 = CARTESIAN_POINT('',(3.836063436579,-1.137646017685));
#2585 = CARTESIAN_POINT('',(3.869558374397,-1.152936839357));
#2586 = CARTESIAN_POINT('',(3.903906056316,-1.168413090983));
#2587 = CARTESIAN_POINT('',(3.965856901782,-1.195778637875));
#2588 = CARTESIAN_POINT('',(3.992999657559,-1.207597393776));
#2589 = CARTESIAN_POINT('',(4.020818962522,-1.219496614097));
#2590 = CARTESIAN_POINT('',(4.049417239864,-1.231465086892));
#2591 = CARTESIAN_POINT('',(4.078917678519,-1.243490484787));
#2592 = CARTESIAN_POINT('',(4.109472587857,-1.255558883955));
#2593 = CARTESIAN_POINT('',(4.141277608788,-1.267653905486));
#2594 = CARTESIAN_POINT('',(4.199577410621,-1.288831659406));
#2595 = CARTESIAN_POINT('',(4.225412062586,-1.29791151242));
#2596 = CARTESIAN_POINT('',(4.252205066579,-1.306986584613));
#2597 = CARTESIAN_POINT('',(4.280087098954,-1.316047116094));
#2598 = CARTESIAN_POINT('',(4.309214661353,-1.325081840732));
#2599 = CARTESIAN_POINT('',(4.339778805701,-1.334077390935));
#2600 = CARTESIAN_POINT('',(4.372018105824,-1.34301730716));
#2601 = CARTESIAN_POINT('',(4.431899203101,-1.35852816088));
#2602 = CARTESIAN_POINT('',(4.458675363536,-1.365132591491));
#2603 = CARTESIAN_POINT('',(4.486692789382,-1.371685103471));
#2604 = CARTESIAN_POINT('',(4.516099617514,-1.37817537185));
#2605 = CARTESIAN_POINT('',(4.547069669159,-1.384591255212));
#2606 = CARTESIAN_POINT('',(4.579807515255,-1.390918224019));
#2607 = CARTESIAN_POINT('',(4.614552627334,-1.397138549239));
#2608 = CARTESIAN_POINT('',(4.679355103846,-1.407799027799));
#2609 = CARTESIAN_POINT('',(4.708412671836,-1.412295456257));
#2610 = CARTESIAN_POINT('',(4.73887267435,-1.416710244716));
#2611 = CARTESIAN_POINT('',(4.770862680954,-1.421032791758));
#2612 = CARTESIAN_POINT('',(4.804522724252,-1.42525085746));
#2613 = CARTESIAN_POINT('',(4.840002709854,-1.429350277869));
#2614 = CARTESIAN_POINT('',(4.87745498635,-1.433314722957));
#2615 = CARTESIAN_POINT('',(4.976372708735,-1.44284166074));
#2616 = CARTESIAN_POINT('',(5.040481312629,-1.448212064352));
#2617 = CARTESIAN_POINT('',(5.109827882763,-1.453173790862));
#2618 = CARTESIAN_POINT('',(5.184831610462,-1.457651745167));
#2619 = CARTESIAN_POINT('',(5.265742203119,-1.46156040927));
#2620 = CARTESIAN_POINT('',(5.352418545769,-1.464801535921));
#2621 = CARTESIAN_POINT('',(5.44382478859,-1.467289407597));
#2622 = CARTESIAN_POINT('',(5.632969796387,-1.470649936122));
#2623 = CARTESIAN_POINT('',(5.730708866919,-1.471522553563));
#2624 = CARTESIAN_POINT('',(5.830042518581,-1.471533333907));
#2625 = CARTESIAN_POINT('',(5.928888707305,-1.470657744295));
#2626 = CARTESIAN_POINT('',(6.024792914559,-1.468922760848));
#2627 = CARTESIAN_POINT('',(6.11624791669,-1.466403983856));
#2628 = CARTESIAN_POINT('',(6.20246863679,-1.463186404224));
#2629 = CARTESIAN_POINT('',(6.28318530718,-1.459357004692));
#2630 = ( GEOMETRIC_REPRESENTATION_CONTEXT(2) 
PARAMETRIC_REPRESENTATION_CONTEXT() REPRESENTATION_CONTEXT('2D SPACE',''
  ) );
#2631 = ORIENTED_EDGE('',*,*,#2455,.F.);
#2632 = ORIENTED_EDGE('',*,*,#999,.T.);
#2633 = ADVANCED_FACE('',(#2634),#1310,.T.);
#2634 = FACE_BOUND('',#2635,.T.);
#2635 = EDGE_LOOP('',(#2636,#2659,#2660,#2661));
#2636 = ORIENTED_EDGE('',*,*,#2637,.T.);
#2637 = EDGE_CURVE('',#2638,#1027,#2640,.T.);
#2638 = VERTEX_POINT('',#2639);
#2639 = CARTESIAN_POINT('',(24.655014956341,-10.39733856575,
    4.238992430569E-16));
#2640 = SEAM_CURVE('',#2641,(#2645,#2652),.PCURVE_S1.);
#2641 = LINE('',#2642,#2643);
#2642 = CARTESIAN_POINT('',(26.479332938492,-13.55715,4.238992430569E-16
    ));
#2643 = VECTOR('',#2644,1.);
#2644 = DIRECTION('',(-0.5,0.866025403784,-1.232595164408E-32));
#2645 = PCURVE('',#1310,#2646);
#2646 = DEFINITIONAL_REPRESENTATION('',(#2647),#2651);
#2647 = LINE('',#2648,#2649);
#2648 = CARTESIAN_POINT('',(6.28318530718,-0.));
#2649 = VECTOR('',#2650,1.);
#2650 = DIRECTION('',(0.,1.));
#2651 = ( GEOMETRIC_REPRESENTATION_CONTEXT(2) 
PARAMETRIC_REPRESENTATION_CONTEXT() REPRESENTATION_CONTEXT('2D SPACE',''
  ) );
#2652 = PCURVE('',#1310,#2653);
#2653 = DEFINITIONAL_REPRESENTATION('',(#2654),#2658);
#2654 = LINE('',#2655,#2656);
#2655 = CARTESIAN_POINT('',(0.,-0.));
#2656 = VECTOR('',#2657,1.);
#2657 = DIRECTION('',(0.,1.));
#2658 = ( GEOMETRIC_REPRESENTATION_CONTEXT(2) 
PARAMETRIC_REPRESENTATION_CONTEXT() REPRESENTATION_CONTEXT('2D SPACE',''
  ) );
#2659 = ORIENTED_EDGE('',*,*,#1026,.F.);
#2660 = ORIENTED_EDGE('',*,*,#2637,.F.);
#2661 = ORIENTED_EDGE('',*,*,#2662,.T.);
#2662 = EDGE_CURVE('',#2638,#2638,#2663,.T.);
#2663 = SURFACE_CURVE('',#2664,(#2669,#2676),.PCURVE_S1.);
#2664 = CIRCLE('',#2665,1.7307);
#2665 = AXIS2_PLACEMENT_3D('',#2666,#2667,#2668);
#2666 = CARTESIAN_POINT('',(23.156184790011,-11.26268856575,0.));
#2667 = DIRECTION('',(-0.5,0.866025403784,0.));
#2668 = DIRECTION('',(-0.866025403784,-0.5,0.));
#2669 = PCURVE('',#1310,#2670);
#2670 = DEFINITIONAL_REPRESENTATION('',(#2671),#2675);
#2671 = LINE('',#2672,#2673);
#2672 = CARTESIAN_POINT('',(-3.14159265359,3.648635964302));
#2673 = VECTOR('',#2674,1.);
#2674 = DIRECTION('',(1.,0.));
#2675 = ( GEOMETRIC_REPRESENTATION_CONTEXT(2) 
PARAMETRIC_REPRESENTATION_CONTEXT() REPRESENTATION_CONTEXT('2D SPACE',''
  ) );
#2676 = PCURVE('',#2324,#2677);
#2677 = DEFINITIONAL_REPRESENTATION('',(#2678),#2737);
#2678 = B_SPLINE_CURVE_WITH_KNOTS('',8,(#2679,#2680,#2681,#2682,#2683,
    #2684,#2685,#2686,#2687,#2688,#2689,#2690,#2691,#2692,#2693,#2694,
    #2695,#2696,#2697,#2698,#2699,#2700,#2701,#2702,#2703,#2704,#2705,
    #2706,#2707,#2708,#2709,#2710,#2711,#2712,#2713,#2714,#2715,#2716,
    #2717,#2718,#2719,#2720,#2721,#2722,#2723,#2724,#2725,#2726,#2727,
    #2728,#2729,#2730,#2731,#2732,#2733,#2734,#2735,#2736),
  .UNSPECIFIED.,.F.,.F.,(9,7,7,7,7,7,7,7,9),(3.14159265359,
    3.926990816987,4.61421420996,5.215534678811,6.267845499301,
    7.057078614668,7.649003451193,8.536890705981,9.424777960769),
  .UNSPECIFIED.);
#2679 = CARTESIAN_POINT('',(1.65148405832,2.428088098992E-16));
#2680 = CARTESIAN_POINT('',(1.65148405832,-4.207490161058E-02));
#2681 = CARTESIAN_POINT('',(1.655749257058,-8.41497988071E-02));
#2682 = CARTESIAN_POINT('',(1.664280133945,-0.125720276732));
#2683 = CARTESIAN_POINT('',(1.677084385105,-0.166281765312));
#2684 = CARTESIAN_POINT('',(1.694181426953,-0.205319903864));
#2685 = CARTESIAN_POINT('',(1.715571211264,-0.242299461154));
#2686 = CARTESIAN_POINT('',(1.741177598616,-0.276667577016));
#2687 = CARTESIAN_POINT('',(1.796675608254,-0.335204166809));
#2688 = CARTESIAN_POINT('',(1.825631683099,-0.360110633207));
#2689 = CARTESIAN_POINT('',(1.857494343203,-0.382246332064));
#2690 = CARTESIAN_POINT('',(1.892031229725,-0.401261380582));
#2691 = CARTESIAN_POINT('',(1.928888784415,-0.416829178744));
#2692 = CARTESIAN_POINT('',(1.96757305899,-0.428680743279));
#2693 = CARTESIAN_POINT('',(2.007471291471,-0.436638565945));
#2694 = CARTESIAN_POINT('',(2.083340647645,-0.444119117411));
#2695 = CARTESIAN_POINT('',(2.119179052661,-0.444571849556));
#2696 = CARTESIAN_POINT('',(2.155015362331,-0.44193654292));
#2697 = CARTESIAN_POINT('',(2.190389265994,-0.436222808151));
#2698 = CARTESIAN_POINT('',(2.224854430978,-0.427507002875));
#2699 = CARTESIAN_POINT('',(2.25801811883,-0.415923839589));
#2700 = CARTESIAN_POINT('',(2.289564759649,-0.401650511741));
#2701 = CARTESIAN_POINT('',(2.371191784754,-0.355563332977));
#2702 = CARTESIAN_POINT('',(2.417427854988,-0.318623001586));
#2703 = CARTESIAN_POINT('',(2.456633315867,-0.275165993069));
#2704 = CARTESIAN_POINT('',(2.488152788426,-0.22655312696));
#2705 = CARTESIAN_POINT('',(2.511944520907,-0.174147861264));
#2706 = CARTESIAN_POINT('',(2.528040733072,-0.119204532827));
#2707 = CARTESIAN_POINT('',(2.536479264856,-6.294237237935E-02));
#2708 = CARTESIAN_POINT('',(2.537846580949,3.570229170531E-02));
#2709 = CARTESIAN_POINT('',(2.534125565143,7.8038266034E-02));
#2710 = CARTESIAN_POINT('',(2.526097968819,0.119922058306));
#2711 = CARTESIAN_POINT('',(2.513756800107,0.16084242224));
#2712 = CARTESIAN_POINT('',(2.497081795458,0.20027893743));
#2713 = CARTESIAN_POINT('',(2.476069408087,0.237690128574));
#2714 = CARTESIAN_POINT('',(2.450789333153,0.272515781263));
#2715 = CARTESIAN_POINT('',(2.399459965628,0.327980195119));
#2716 = CARTESIAN_POINT('',(2.375182900537,0.349989090987));
#2717 = CARTESIAN_POINT('',(2.348718339828,0.37000589534));
#2718 = CARTESIAN_POINT('',(2.320202556887,0.387804912308));
#2719 = CARTESIAN_POINT('',(2.289833294367,0.403171622915));
#2720 = CARTESIAN_POINT('',(2.257882129566,0.415917021983));
#2721 = CARTESIAN_POINT('',(2.224691732291,0.425893274118));
#2722 = CARTESIAN_POINT('',(2.139579919725,0.443670137252));
#2723 = CARTESIAN_POINT('',(2.086590563662,0.447888737441));
#2724 = CARTESIAN_POINT('',(2.032980026938,0.445335165002));
#2725 = CARTESIAN_POINT('',(1.980261764389,0.435939324668));
#2726 = CARTESIAN_POINT('',(1.930003100729,0.419974214334));
#2727 = CARTESIAN_POINT('',(1.883339020672,0.398009798828));
#2728 = CARTESIAN_POINT('',(1.841029755313,0.370737489957));
#2729 = CARTESIAN_POINT('',(1.766068323972,0.307084218463));
#2730 = CARTESIAN_POINT('',(1.733415796669,0.27070318839));
#2731 = CARTESIAN_POINT('',(1.706067654155,0.230520137577));
#2732 = CARTESIAN_POINT('',(1.684204213119,0.187346198264));
#2733 = CARTESIAN_POINT('',(1.667838201371,0.14196734569));
#2734 = CARTESIAN_POINT('',(1.656934880171,9.513078258174E-02));
#2735 = CARTESIAN_POINT('',(1.65148405832,4.756538864936E-02));
#2736 = CARTESIAN_POINT('',(1.65148405832,1.574545884618E-16));
#2737 = ( GEOMETRIC_REPRESENTATION_CONTEXT(2) 
PARAMETRIC_REPRESENTATION_CONTEXT() REPRESENTATION_CONTEXT('2D SPACE',''
  ) );
#2738 = ADVANCED_FACE('',(#2739,#3147),#1560,.T.);
#2739 = FACE_BOUND('',#2740,.T.);
#2740 = EDGE_LOOP('',(#2741,#2742,#2766,#2863,#2958,#2982,#2983,#3145,
    #3146));
#2741 = ORIENTED_EDGE('',*,*,#1601,.T.);
#2742 = ORIENTED_EDGE('',*,*,#2743,.T.);
#2743 = EDGE_CURVE('',#1487,#2744,#2746,.T.);
#2744 = VERTEX_POINT('',#2745);
#2745 = CARTESIAN_POINT('',(-21.33186680786,14.4225,79.0353));
#2746 = SEAM_CURVE('',#2747,(#2752,#2759),.PCURVE_S1.);
#2747 = CIRCLE('',#2748,4.0383);
#2748 = AXIS2_PLACEMENT_3D('',#2749,#2750,#2751);
#2749 = CARTESIAN_POINT('',(-24.98050277216,14.4225,80.766));
#2750 = DIRECTION('',(-2.449293598295E-16,-1.,0.));
#2751 = DIRECTION('',(1.,-2.449293598295E-16,0.));
#2752 = PCURVE('',#1560,#2753);
#2753 = DEFINITIONAL_REPRESENTATION('',(#2754),#2758);
#2754 = LINE('',#2755,#2756);
#2755 = CARTESIAN_POINT('',(0.,-6.28318530718));
#2756 = VECTOR('',#2757,1.);
#2757 = DIRECTION('',(0.,1.));
#2758 = ( GEOMETRIC_REPRESENTATION_CONTEXT(2) 
PARAMETRIC_REPRESENTATION_CONTEXT() REPRESENTATION_CONTEXT('2D SPACE',''
  ) );
#2759 = PCURVE('',#1560,#2760);
#2760 = DEFINITIONAL_REPRESENTATION('',(#2761),#2765);
#2761 = LINE('',#2762,#2763);
#2762 = CARTESIAN_POINT('',(6.28318530718,-6.28318530718));
#2763 = VECTOR('',#2764,1.);
#2764 = DIRECTION('',(0.,1.));
#2765 = ( GEOMETRIC_REPRESENTATION_CONTEXT(2) 
PARAMETRIC_REPRESENTATION_CONTEXT() REPRESENTATION_CONTEXT('2D SPACE',''
  ) );
#2766 = ORIENTED_EDGE('',*,*,#2767,.T.);
#2767 = EDGE_CURVE('',#2744,#2768,#2770,.T.);
#2768 = VERTEX_POINT('',#2769);
#2769 = CARTESIAN_POINT('',(-21.33186680786,12.6918,80.766));
#2770 = SURFACE_CURVE('',#2771,(#2798,#2828),.PCURVE_S1.);
#2771 = B_SPLINE_CURVE_WITH_KNOTS('',5,(#2772,#2773,#2774,#2775,#2776,
    #2777,#2778,#2779,#2780,#2781,#2782,#2783,#2784,#2785,#2786,#2787,
    #2788,#2789,#2790,#2791,#2792,#2793,#2794,#2795,#2796,#2797),
  .UNSPECIFIED.,.F.,.F.,(6,4,4,4,4,4,6),(0.,0.206608835829,
    0.424908000486,0.603662563501,0.697998692355,0.849003813427,1.),
  .UNSPECIFIED.);
#2772 = CARTESIAN_POINT('',(-21.33186680786,14.4225,79.0353));
#2773 = CARTESIAN_POINT('',(-21.33186680786,14.310522463957,79.0353));
#2774 = CARTESIAN_POINT('',(-21.33186680786,14.198542595283,
    79.044356548864));
#2775 = CARTESIAN_POINT('',(-21.33186680786,14.087519710517,
    79.062468718702));
#2776 = CARTESIAN_POINT('',(-21.33186680786,13.978400481515,
    79.089496164112));
#2777 = CARTESIAN_POINT('',(-21.33186680786,13.759820685903,
    79.162813178339));
#2778 = CARTESIAN_POINT('',(-21.33186680786,13.650683510069,
    79.210108321294));
#2779 = CARTESIAN_POINT('',(-21.33186680786,13.545809350704,
    79.266683363779));
#2780 = CARTESIAN_POINT('',(-21.33186680786,13.446236873759,
    79.332011079843));
#2781 = CARTESIAN_POINT('',(-21.33186680786,13.276493870888,
    79.465445891495));
#2782 = CARTESIAN_POINT('',(-21.33186680786,13.204260967019,
    79.530908541091));
#2783 = CARTESIAN_POINT('',(-21.33186680786,13.136731266335,
    79.601368143376));
#2784 = CARTESIAN_POINT('',(-21.33186680786,13.074359931277,
    79.676361806201));
#2785 = CARTESIAN_POINT('',(-21.33186680786,12.987541719032,
    79.797054763896));
#2786 = CARTESIAN_POINT('',(-21.33186680786,12.959094923916,
    79.839863305434));
#2787 = CARTESIAN_POINT('',(-21.33186680786,12.932248017976,
    79.883711290984));
#2788 = CARTESIAN_POINT('',(-21.33186680786,12.907051094288,
    79.928517923365));
#2789 = CARTESIAN_POINT('',(-21.33186680786,12.845926372566,
    80.047320465327));
#2790 = CARTESIAN_POINT('',(-21.33186680786,12.812644557415,
    80.122682838466));
#2791 = CARTESIAN_POINT('',(-21.33186680786,12.783882832848,
    80.199937861783));
#2792 = CARTESIAN_POINT('',(-21.33186680786,12.759777304261,
    80.278721970522));
#2793 = CARTESIAN_POINT('',(-21.33186680786,12.721063721921,
    80.438585229151));
#2794 = CARTESIAN_POINT('',(-21.33186680786,12.70645483214,
    80.519665679183));
#2795 = CARTESIAN_POINT('',(-21.33186680786,12.696684965223,
    80.601518448716));
#2796 = CARTESIAN_POINT('',(-21.33186680786,12.6918,80.683759575305));
#2797 = CARTESIAN_POINT('',(-21.33186680786,12.6918,80.766));
#2798 = PCURVE('',#1560,#2799);
#2799 = DEFINITIONAL_REPRESENTATION('',(#2800),#2827);
#2800 = B_SPLINE_CURVE_WITH_KNOTS('',5,(#2801,#2802,#2803,#2804,#2805,
    #2806,#2807,#2808,#2809,#2810,#2811,#2812,#2813,#2814,#2815,#2816,
    #2817,#2818,#2819,#2820,#2821,#2822,#2823,#2824,#2825,#2826),
  .UNSPECIFIED.,.F.,.F.,(6,4,4,4,4,4,6),(0.,0.206608835829,
    0.424908000486,0.603662563501,0.697998692355,0.849003813427,1.),
  .UNSPECIFIED.);
#2801 = CARTESIAN_POINT('',(6.28318530718,-0.442911044074));
#2802 = CARTESIAN_POINT('',(6.252495060978,-0.442911044074));
#2803 = CARTESIAN_POINT('',(6.221803992411,-0.440428995102));
#2804 = CARTESIAN_POINT('',(6.19149658379,-0.43546433774));
#2805 = CARTESIAN_POINT('',(6.161949411169,-0.428087658356));
#2806 = CARTESIAN_POINT('',(6.103374982624,-0.408218085754));
#2807 = CARTESIAN_POINT('',(6.074469833461,-0.395458569871));
#2808 = CARTESIAN_POINT('',(6.047118001222,-0.380297855753));
#2809 = CARTESIAN_POINT('',(6.021581040679,-0.362949721568));
#2810 = CARTESIAN_POINT('',(5.978740257325,-0.327855416994));
#2811 = CARTESIAN_POINT('',(5.960782280583,-0.310749898655));
#2812 = CARTESIAN_POINT('',(5.944246477149,-0.292470714492));
#2813 = CARTESIAN_POINT('',(5.929182337205,-0.273157851277));
#2814 = CARTESIAN_POINT('',(5.9084602306,-0.242288450773));
#2815 = CARTESIAN_POINT('',(5.901719812071,-0.231376138659));
#2816 = CARTESIAN_POINT('',(5.895401143616,-0.220235605304));
#2817 = CARTESIAN_POINT('',(5.889506831492,-0.208887296611));
#2818 = CARTESIAN_POINT('',(5.875284330971,-0.178886001875));
#2819 = CARTESIAN_POINT('',(5.867621449615,-0.159940044745));
#2820 = CARTESIAN_POINT('',(5.861054101219,-0.140596725299));
#2821 = CARTESIAN_POINT('',(5.855583649404,-0.120937466453));
#2822 = CARTESIAN_POINT('',(5.846833041439,-8.114775153585E-02));
#2823 = CARTESIAN_POINT('',(5.843553106967,-6.101731135788E-02));
#2824 = CARTESIAN_POINT('',(5.841367113088,-4.073019275339E-02));
#2825 = CARTESIAN_POINT('',(5.840274263106,-2.036511024307E-02));
#2826 = CARTESIAN_POINT('',(5.840274263106,0.));
#2827 = ( GEOMETRIC_REPRESENTATION_CONTEXT(2) 
PARAMETRIC_REPRESENTATION_CONTEXT() REPRESENTATION_CONTEXT('2D SPACE',''
  ) );
#2828 = PCURVE('',#2829,#2834);
#2829 = CYLINDRICAL_SURFACE('',#2830,1.7307);
#2830 = AXIS2_PLACEMENT_3D('',#2831,#2832,#2833);
#2831 = CARTESIAN_POINT('',(24.980502772162,14.4225,80.766));
#2832 = DIRECTION('',(-1.,-3.555486564065E-17,0.));
#2833 = DIRECTION('',(3.555486564065E-17,-1.,0.));
#2834 = DEFINITIONAL_REPRESENTATION('',(#2835),#2862);
#2835 = B_SPLINE_CURVE_WITH_KNOTS('',5,(#2836,#2837,#2838,#2839,#2840,
    #2841,#2842,#2843,#2844,#2845,#2846,#2847,#2848,#2849,#2850,#2851,
    #2852,#2853,#2854,#2855,#2856,#2857,#2858,#2859,#2860,#2861),
  .UNSPECIFIED.,.F.,.F.,(6,4,4,4,4,4,6),(0.,0.206608835829,
    0.424908000486,0.603662563501,0.697998692355,0.849003813427,1.),
  .UNSPECIFIED.);
#2836 = CARTESIAN_POINT('',(4.712388980385,46.312369580022));
#2837 = CARTESIAN_POINT('',(4.77708970035,46.312369580022));
#2838 = CARTESIAN_POINT('',(4.841791807086,46.312369580022));
#2839 = CARTESIAN_POINT('',(4.90650505936,46.312369580022));
#2840 = CARTESIAN_POINT('',(4.971247373661,46.312369580022));
#2841 = CARTESIAN_POINT('',(5.104458377765,46.312369580022));
#2842 = CARTESIAN_POINT('',(5.172934733896,46.312369580022));
#2843 = CARTESIAN_POINT('',(5.241448455861,46.312369580022));
#2844 = CARTESIAN_POINT('',(5.310006877972,46.312369580022));
#2845 = CARTESIAN_POINT('',(5.434760413863,46.312369580022));
#2846 = CARTESIAN_POINT('',(5.490948041603,46.312369580022));
#2847 = CARTESIAN_POINT('',(5.547152658709,46.312369580022));
#2848 = CARTESIAN_POINT('',(5.60337314564,46.312369580022));
#2849 = CARTESIAN_POINT('',(5.689277569327,46.312369580022));
#2850 = CARTESIAN_POINT('',(5.718955148562,46.312369580022));
#2851 = CARTESIAN_POINT('',(5.748635010257,46.312369580022));
#2852 = CARTESIAN_POINT('',(5.778316660499,46.312369580022));
#2853 = CARTESIAN_POINT('',(5.855513704178,46.312369580022));
#2854 = CARTESIAN_POINT('',(5.903031351266,46.312369580022));
#2855 = CARTESIAN_POINT('',(5.950551005402,46.312369580022));
#2856 = CARTESIAN_POINT('',(5.998071574697,46.312369580022));
#2857 = CARTESIAN_POINT('',(6.093110605521,46.312369580022));
#2858 = CARTESIAN_POINT('',(6.140629263763,46.312369580022));
#2859 = CARTESIAN_POINT('',(6.188148038185,46.312369580022));
#2860 = CARTESIAN_POINT('',(6.235666716612,46.312369580022));
#2861 = CARTESIAN_POINT('',(6.28318530718,46.312369580022));
#2862 = ( GEOMETRIC_REPRESENTATION_CONTEXT(2) 
PARAMETRIC_REPRESENTATION_CONTEXT() REPRESENTATION_CONTEXT('2D SPACE',''
  ) );
#2863 = ORIENTED_EDGE('',*,*,#2864,.T.);
#2864 = EDGE_CURVE('',#2768,#2865,#2867,.T.);
#2865 = VERTEX_POINT('',#2866);
#2866 = CARTESIAN_POINT('',(-21.33186680786,14.4225,82.4967));
#2867 = SURFACE_CURVE('',#2868,(#2896,#2927),.PCURVE_S1.);
#2868 = B_SPLINE_CURVE_WITH_KNOTS('',6,(#2869,#2870,#2871,#2872,#2873,
    #2874,#2875,#2876,#2877,#2878,#2879,#2880,#2881,#2882,#2883,#2884,
    #2885,#2886,#2887,#2888,#2889,#2890,#2891,#2892,#2893,#2894,#2895),
  .UNSPECIFIED.,.F.,.F.,(7,5,5,5,5,7),(0.,0.288952434234,0.389307856119,
    0.574084559714,0.793389908018,1.),.UNSPECIFIED.);
#2869 = CARTESIAN_POINT('',(-21.33186680786,12.6918,80.766));
#2870 = CARTESIAN_POINT('',(-21.33186680786,12.6918,80.897150735161));
#2871 = CARTESIAN_POINT('',(-21.33186680786,12.703726177689,
    81.028307496176));
#2872 = CARTESIAN_POINT('',(-21.33186680785,12.727580488643,
    81.158097636696));
#2873 = CARTESIAN_POINT('',(-21.33186680786,12.763149776936,
    81.285178103728));
#2874 = CARTESIAN_POINT('',(-21.33186680786,12.810035816933,
    81.408243763307));
#2875 = CARTESIAN_POINT('',(-21.33186680786,12.887623677901,
    81.566968981537));
#2876 = CARTESIAN_POINT('',(-21.33186680786,12.908915562147,
    81.607252079492));
#2877 = CARTESIAN_POINT('',(-21.33186680786,12.931473462582,
    81.646850813375));
#2878 = CARTESIAN_POINT('',(-21.33186680786,12.955269364043,
    81.685715308676));
#2879 = CARTESIAN_POINT('',(-21.33186680786,12.980272576668,
    81.723797237308));
#2880 = CARTESIAN_POINT('',(-21.33186680786,13.054647721612,
    81.829640122535));
#2881 = CARTESIAN_POINT('',(-21.33186680786,13.106826453495,
    81.89542012218));
#2882 = CARTESIAN_POINT('',(-21.33186680786,13.162776486091,
    81.958096383029));
#2883 = CARTESIAN_POINT('',(-21.33186680786,13.222261499588,
    82.017399531348));
#2884 = CARTESIAN_POINT('',(-21.33186680786,13.285019815718,
    82.07308546192));
#2885 = CARTESIAN_POINT('',(-21.33186680786,13.428797779302,
    82.186476881705));
#2886 = CARTESIAN_POINT('',(-21.33186680786,13.511042261911,
    82.242618148622));
#2887 = CARTESIAN_POINT('',(-21.33186680786,13.597020048826,
    82.292995395101));
#2888 = CARTESIAN_POINT('',(-21.33186680786,13.686220445184,
    82.33730850661));
#2889 = CARTESIAN_POINT('',(-21.33186680786,13.778106050329,
    82.37532018051));
#2890 = CARTESIAN_POINT('',(-21.33186680786,13.960686640707,
    82.43656218005));
#2891 = CARTESIAN_POINT('',(-21.33186680786,14.051146634306,
    82.460522132811));
#2892 = CARTESIAN_POINT('',(-21.33186680786,14.143031153037,
    82.478587366276));
#2893 = CARTESIAN_POINT('',(-21.33186680786,14.235869218861,
    82.490662300906));
#2894 = CARTESIAN_POINT('',(-21.33186680786,14.329185387792,82.4967));
#2895 = CARTESIAN_POINT('',(-21.33186680786,14.4225,82.4967));
#2896 = PCURVE('',#1560,#2897);
#2897 = DEFINITIONAL_REPRESENTATION('',(#2898),#2926);
#2898 = B_SPLINE_CURVE_WITH_KNOTS('',6,(#2899,#2900,#2901,#2902,#2903,
    #2904,#2905,#2906,#2907,#2908,#2909,#2910,#2911,#2912,#2913,#2914,
    #2915,#2916,#2917,#2918,#2919,#2920,#2921,#2922,#2923,#2924,#2925),
  .UNSPECIFIED.,.F.,.F.,(7,5,5,5,5,7),(0.,0.288952434234,0.389307856119,
    0.574084559714,0.793389908018,1.),.UNSPECIFIED.);
#2899 = CARTESIAN_POINT('',(5.840274263106,0.));
#2900 = CARTESIAN_POINT('',(5.840274263106,3.247671920397E-02));
#2901 = CARTESIAN_POINT('',(5.842942555826,6.495494434031E-02));
#2902 = CARTESIAN_POINT('',(5.848279625353,9.715633323852E-02));
#2903 = CARTESIAN_POINT('',(5.856288302462,0.128810307615));
#2904 = CARTESIAN_POINT('',(5.866981083954,0.159636577541));
#2905 = CARTESIAN_POINT('',(5.88497768313,0.1996567539));
#2906 = CARTESIAN_POINT('',(5.889938334597,0.209838000379));
#2907 = CARTESIAN_POINT('',(5.895219893739,0.219871954675));
#2908 = CARTESIAN_POINT('',(5.900821224877,0.229746368371));
#2909 = CARTESIAN_POINT('',(5.906740653625,0.239448918965));
#2910 = CARTESIAN_POINT('',(5.924456568634,0.266492505297));
#2911 = CARTESIAN_POINT('',(5.937008139866,0.283393421949));
#2912 = CARTESIAN_POINT('',(5.950615823035,0.299592302615));
#2913 = CARTESIAN_POINT('',(5.965257127933,0.315011638001));
#2914 = CARTESIAN_POINT('',(5.980897448312,0.329575412316));
#2915 = CARTESIAN_POINT('',(6.017173480705,0.359393422059));
#2916 = CARTESIAN_POINT('',(6.038197276956,0.374268896531));
#2917 = CARTESIAN_POINT('',(6.060472057577,0.387714689004));
#2918 = CARTESIAN_POINT('',(6.083881307474,0.399617726652));
#2919 = CARTESIAN_POINT('',(6.108275045638,0.409880281361));
#2920 = CARTESIAN_POINT('',(6.157202503525,0.426477415996));
#2921 = CARTESIAN_POINT('',(6.181647526283,0.433005444608));
#2922 = CARTESIAN_POINT('',(6.206650288138,0.437946666437));
#2923 = CARTESIAN_POINT('',(6.232034348787,0.4412563448));
#2924 = CARTESIAN_POINT('',(6.25761010233,0.442911044074));
#2925 = CARTESIAN_POINT('',(6.28318530718,0.442911044074));
#2926 = ( GEOMETRIC_REPRESENTATION_CONTEXT(2) 
PARAMETRIC_REPRESENTATION_CONTEXT() REPRESENTATION_CONTEXT('2D SPACE',''
  ) );
#2927 = PCURVE('',#2829,#2928);
#2928 = DEFINITIONAL_REPRESENTATION('',(#2929),#2957);
#2929 = B_SPLINE_CURVE_WITH_KNOTS('',6,(#2930,#2931,#2932,#2933,#2934,
    #2935,#2936,#2937,#2938,#2939,#2940,#2941,#2942,#2943,#2944,#2945,
    #2946,#2947,#2948,#2949,#2950,#2951,#2952,#2953,#2954,#2955,#2956),
  .UNSPECIFIED.,.F.,.F.,(7,5,5,5,5,7),(0.,0.288952434234,0.389307856119,
    0.574084559714,0.793389908018,1.),.UNSPECIFIED.);
#2930 = CARTESIAN_POINT('',(0.,46.312369580022));
#2931 = CARTESIAN_POINT('',(7.577901147593E-02,46.312369580022));
#2932 = CARTESIAN_POINT('',(0.151561437198,46.312369580022));
#2933 = CARTESIAN_POINT('',(0.227337909266,46.312369580022));
#2934 = CARTESIAN_POINT('',(0.303114431696,46.312369580022));
#2935 = CARTESIAN_POINT('',(0.378895126179,46.312369580022));
#2936 = CARTESIAN_POINT('',(0.480977306038,46.312369580022));
#2937 = CARTESIAN_POINT('',(0.507291042586,46.312369580022));
#2938 = CARTESIAN_POINT('',(0.533603630442,46.312369580022));
#2939 = CARTESIAN_POINT('',(0.559914800147,46.312369580022));
#2940 = CARTESIAN_POINT('',(0.58622424738,46.312369580022));
#2941 = CARTESIAN_POINT('',(0.660969394435,46.312369580022));
#2942 = CARTESIAN_POINT('',(0.709400983402,46.312369580022));
#2943 = CARTESIAN_POINT('',(0.757822661723,46.312369580022));
#2944 = CARTESIAN_POINT('',(0.806232844918,46.312369580022));
#2945 = CARTESIAN_POINT('',(0.854630001396,46.312369580022));
#2946 = CARTESIAN_POINT('',(0.960431824096,46.312369580022));
#2947 = CARTESIAN_POINT('',(1.017832479905,46.312369580022));
#2948 = CARTESIAN_POINT('',(1.075205404486,46.312369580022));
#2949 = CARTESIAN_POINT('',(1.13255071993,46.312369580022));
#2950 = CARTESIAN_POINT('',(1.189870739613,46.312369580022));
#2951 = CARTESIAN_POINT('',(1.301142431976,46.312369580022));
#2952 = CARTESIAN_POINT('',(1.355099476456,46.312369580022));
#2953 = CARTESIAN_POINT('',(1.409036874035,46.312369580022));
#2954 = CARTESIAN_POINT('',(1.462960869408,46.312369580022));
#2955 = CARTESIAN_POINT('',(1.516879060828,46.312369580022));
#2956 = CARTESIAN_POINT('',(1.570796326795,46.312369580022));
#2957 = ( GEOMETRIC_REPRESENTATION_CONTEXT(2) 
PARAMETRIC_REPRESENTATION_CONTEXT() REPRESENTATION_CONTEXT('2D SPACE',''
  ) );
#2958 = ORIENTED_EDGE('',*,*,#2959,.T.);
#2959 = EDGE_CURVE('',#2865,#2960,#2962,.T.);
#2960 = VERTEX_POINT('',#2961);
#2961 = CARTESIAN_POINT('',(-24.98050277216,14.4225,84.8043));
#2962 = SEAM_CURVE('',#2963,(#2968,#2975),.PCURVE_S1.);
#2963 = CIRCLE('',#2964,4.0383);
#2964 = AXIS2_PLACEMENT_3D('',#2965,#2966,#2967);
#2965 = CARTESIAN_POINT('',(-24.98050277216,14.4225,80.766));
#2966 = DIRECTION('',(-2.449293598295E-16,-1.,0.));
#2967 = DIRECTION('',(1.,-2.449293598295E-16,0.));
#2968 = PCURVE('',#1560,#2969);
#2969 = DEFINITIONAL_REPRESENTATION('',(#2970),#2974);
#2970 = LINE('',#2971,#2972);
#2971 = CARTESIAN_POINT('',(0.,-6.28318530718));
#2972 = VECTOR('',#2973,1.);
#2973 = DIRECTION('',(0.,1.));
#2974 = ( GEOMETRIC_REPRESENTATION_CONTEXT(2) 
PARAMETRIC_REPRESENTATION_CONTEXT() REPRESENTATION_CONTEXT('2D SPACE',''
  ) );
#2975 = PCURVE('',#1560,#2976);
#2976 = DEFINITIONAL_REPRESENTATION('',(#2977),#2981);
#2977 = LINE('',#2978,#2979);
#2978 = CARTESIAN_POINT('',(6.28318530718,-6.28318530718));
#2979 = VECTOR('',#2980,1.);
#2980 = DIRECTION('',(0.,1.));
#2981 = ( GEOMETRIC_REPRESENTATION_CONTEXT(2) 
PARAMETRIC_REPRESENTATION_CONTEXT() REPRESENTATION_CONTEXT('2D SPACE',''
  ) );
#2982 = ORIENTED_EDGE('',*,*,#2959,.F.);
#2983 = ORIENTED_EDGE('',*,*,#2984,.T.);
#2984 = EDGE_CURVE('',#2865,#2744,#2985,.T.);
#2985 = SURFACE_CURVE('',#2986,(#3037,#3091),.PCURVE_S1.);
#2986 = B_SPLINE_CURVE_WITH_KNOTS('',5,(#2987,#2988,#2989,#2990,#2991,
    #2992,#2993,#2994,#2995,#2996,#2997,#2998,#2999,#3000,#3001,#3002,
    #3003,#3004,#3005,#3006,#3007,#3008,#3009,#3010,#3011,#3012,#3013,
    #3014,#3015,#3016,#3017,#3018,#3019,#3020,#3021,#3022,#3023,#3024,
    #3025,#3026,#3027,#3028,#3029,#3030,#3031,#3032,#3033,#3034,#3035,
    #3036),.UNSPECIFIED.,.F.,.F.,(6,4,4,4,4,4,4,4,4,4,4,4,6),(0.,
    9.977922628899E-02,0.212202599205,0.30183118552,0.3492501571,
    0.398164939478,0.499748996081,0.602085516813,0.651000328936,
    0.698419370302,0.787294585512,0.896695484455,1.),.UNSPECIFIED.);
#2987 = CARTESIAN_POINT('',(-21.33186680786,14.4225,82.4967));
#2988 = CARTESIAN_POINT('',(-21.33186680786,14.530657925584,82.4967));
#2989 = CARTESIAN_POINT('',(-21.33186680786,14.63881555659,
    82.488250794367));
#2990 = CARTESIAN_POINT('',(-21.33186680786,14.746111639851,
    82.471353826631));
#2991 = CARTESIAN_POINT('',(-21.33186680786,14.851693072408,
    82.446130400483));
#2992 = CARTESIAN_POINT('',(-21.33186680786,15.070795255004,
    82.375322001547));
#2993 = CARTESIAN_POINT('',(-21.33186680786,15.183634794292,
    82.327559122723));
#2994 = CARTESIAN_POINT('',(-21.33186680786,15.292025951936,
    82.269914497925));
#2995 = CARTESIAN_POINT('',(-21.33186680786,15.394830561625,
    82.202956858963));
#2996 = CARTESIAN_POINT('',(-21.33186680786,15.567693774,82.067289884153
    ));
#2997 = CARTESIAN_POINT('',(-21.33186680786,15.640169463908,
    82.001685504525));
#2998 = CARTESIAN_POINT('',(-21.33186680786,15.707918055097,
    81.931053419189));
#2999 = CARTESIAN_POINT('',(-21.33186680786,15.770480337679,
    81.85586024873));
#3000 = CARTESIAN_POINT('',(-21.33186680786,15.857617784364,
    81.734723497644));
#3001 = CARTESIAN_POINT('',(-21.33186680786,15.886207620697,
    81.69168130878));
#3002 = CARTESIAN_POINT('',(-21.33186680786,15.913180201344,
    81.647589005447));
#3003 = CARTESIAN_POINT('',(-21.33186680786,15.938484663488,
    81.602528700526));
#3004 = CARTESIAN_POINT('',(-21.33186680786,15.986412507423,
    81.509194702703));
#3005 = CARTESIAN_POINT('',(-21.33186680786,16.008926205596,
    81.460864322901));
#3006 = CARTESIAN_POINT('',(-21.33186680786,16.029568752023,
    81.411689485781));
#3007 = CARTESIAN_POINT('',(-21.33186680786,16.04829899956,
    81.361767571382));
#3008 = CARTESIAN_POINT('',(-21.33186680786,16.099940761853,
    81.20618052733));
#3009 = CARTESIAN_POINT('',(-21.33186680786,16.126406742995,
    81.098370761275));
#3010 = CARTESIAN_POINT('',(-21.33186680786,16.144180829186,
    80.988673088369));
#3011 = CARTESIAN_POINT('',(-21.33186680786,16.153112115168,
    80.878021987334));
#3012 = CARTESIAN_POINT('',(-21.33186680786,16.153287453488,
    80.655890588969));
#3013 = CARTESIAN_POINT('',(-21.33186680786,16.144399999568,
    80.544405679023));
#3014 = CARTESIAN_POINT('',(-21.33186680786,16.126536741797,
    80.433881377889));
#3015 = CARTESIAN_POINT('',(-21.33186680786,16.099851586562,
    80.325273197833));
#3016 = CARTESIAN_POINT('',(-21.33186680786,16.047828222035,
    80.168949283207));
#3017 = CARTESIAN_POINT('',(-21.33186680786,16.029058570476,
    80.11904216006));
#3018 = CARTESIAN_POINT('',(-21.33186680786,16.008377212574,
    80.069883631104));
#3019 = CARTESIAN_POINT('',(-21.33186680786,15.985825374331,
    80.021571045111));
#3020 = CARTESIAN_POINT('',(-21.33186680786,15.937823869948,
    79.928274902765));
#3021 = CARTESIAN_POINT('',(-21.33186680786,15.912483839236,
    79.883234573826));
#3022 = CARTESIAN_POINT('',(-21.33186680786,15.885476460421,
    79.839163574614));
#3023 = CARTESIAN_POINT('',(-21.33186680786,15.856852663658,
    79.796143978117));
#3024 = CARTESIAN_POINT('',(-21.33186680786,15.770099290051,
    79.675741757348));
#3025 = CARTESIAN_POINT('',(-21.33186680786,15.708050672527,
    79.601196209415));
#3026 = CARTESIAN_POINT('',(-21.33186680786,15.640902943768,
    79.531135020173));
#3027 = CARTESIAN_POINT('',(-21.33186680786,15.569103619601,
    79.466013312128));
#3028 = CARTESIAN_POINT('',(-21.33186680786,15.399679657819,
    79.332612788927));
#3029 = CARTESIAN_POINT('',(-21.33186680786,15.299914735705,
    79.267074160977));
#3030 = CARTESIAN_POINT('',(-21.33186680786,15.194818872227,
    79.210326089282));
#3031 = CARTESIAN_POINT('',(-21.33186680786,15.085437770903,
    79.162899871079));
#3032 = CARTESIAN_POINT('',(-21.33186680786,14.866599518274,
    79.089496164041));
#3033 = CARTESIAN_POINT('',(-21.33186680786,14.75748028949,
    79.062468718742));
#3034 = CARTESIAN_POINT('',(-21.33186680786,14.646457404566,
    79.04435654877));
#3035 = CARTESIAN_POINT('',(-21.33186680786,14.534477535459,79.0353));
#3036 = CARTESIAN_POINT('',(-21.33186680786,14.4225,79.0353));
#3037 = PCURVE('',#1560,#3038);
#3038 = DEFINITIONAL_REPRESENTATION('',(#3039),#3090);
#3039 = B_SPLINE_CURVE_WITH_KNOTS('',5,(#3040,#3041,#3042,#3043,#3044,
    #3045,#3046,#3047,#3048,#3049,#3050,#3051,#3052,#3053,#3054,#3055,
    #3056,#3057,#3058,#3059,#3060,#3061,#3062,#3063,#3064,#3065,#3066,
    #3067,#3068,#3069,#3070,#3071,#3072,#3073,#3074,#3075,#3076,#3077,
    #3078,#3079,#3080,#3081,#3082,#3083,#3084,#3085,#3086,#3087,#3088,
    #3089),.UNSPECIFIED.,.F.,.F.,(6,4,4,4,4,4,4,4,4,4,4,4,6),(0.,
    9.977922628899E-02,0.212202599205,0.30183118552,0.3492501571,
    0.398164939478,0.499748996081,0.602085516813,0.651000328936,
    0.698419370302,0.787294585512,0.896695484455,1.),.UNSPECIFIED.);
#3040 = CARTESIAN_POINT('',(-8.881784197001E-16,0.442911044074));
#3041 = CARTESIAN_POINT('',(2.964338636203E-02,0.442911044074));
#3042 = CARTESIAN_POINT('',(5.928683533997E-02,0.440595430789));
#3043 = CARTESIAN_POINT('',(8.858489382167E-02,0.435963930535));
#3044 = CARTESIAN_POINT('',(0.117197832293,0.429077599266));
#3045 = CARTESIAN_POINT('',(0.175997180001,0.409874009959));
#3046 = CARTESIAN_POINT('',(0.205925928539,0.396978238028));
#3047 = CARTESIAN_POINT('',(0.234226113799,0.381520039541));
#3048 = CARTESIAN_POINT('',(0.26060786235,0.363731896869));
#3049 = CARTESIAN_POINT('',(0.304243076686,0.328047682415));
#3050 = CARTESIAN_POINT('',(0.322263552628,0.310904014833));
#3051 = CARTESIAN_POINT('',(0.338854131808,0.292579278714));
#3052 = CARTESIAN_POINT('',(0.353964844752,0.27321464583));
#3053 = CARTESIAN_POINT('',(0.374763147467,0.242231737163));
#3054 = CARTESIAN_POINT('',(0.381537180342,0.231260057497));
#3055 = CARTESIAN_POINT('',(0.387884944887,0.220057833479));
#3056 = CARTESIAN_POINT('',(0.393803799861,0.208645838056));
#3057 = CARTESIAN_POINT('',(0.404954283654,0.185077578605));
#3058 = CARTESIAN_POINT('',(0.410158271964,0.172909171151));
#3059 = CARTESIAN_POINT('',(0.41490302025,0.160562057269));
#3060 = CARTESIAN_POINT('',(0.419187854519,0.148058532485));
#3061 = CARTESIAN_POINT('',(0.430956413978,0.109174679868));
#3062 = CARTESIAN_POINT('',(0.436916592185,8.234848866306E-02));
#3063 = CARTESIAN_POINT('',(0.440893048551,5.514060997664E-02));
#3064 = CARTESIAN_POINT('',(0.442891381184,2.773988898592E-02));
#3065 = CARTESIAN_POINT('',(0.442930610457,-2.726627971767E-02));
#3066 = CARTESIAN_POINT('',(0.440942080364,-5.487283561562E-02));
#3067 = CARTESIAN_POINT('',(0.436946062593,-8.228509386756E-02));
#3068 = CARTESIAN_POINT('',(0.430936796743,-0.109310042039));
#3069 = CARTESIAN_POINT('',(0.419080226489,-0.148379777996));
#3070 = CARTESIAN_POINT('',(0.414785957446,-0.160880211544));
#3071 = CARTESIAN_POINT('',(0.410031778937,-0.173223892497));
#3072 = CARTESIAN_POINT('',(0.404818372618,-0.185388522212));
#3073 = CARTESIAN_POINT('',(0.393649382365,-0.208948666785));
#3074 = CARTESIAN_POINT('',(0.387721436868,-0.220356345777));
#3075 = CARTESIAN_POINT('',(0.381364613614,-0.231553923495));
#3076 = CARTESIAN_POINT('',(0.374581568375,-0.242520625208));
#3077 = CARTESIAN_POINT('',(0.353871900049,-0.27331792323));
#3078 = CARTESIAN_POINT('',(0.33888426394,-0.292516117475));
#3079 = CARTESIAN_POINT('',(0.32244164965,-0.310691830502));
#3080 = CARTESIAN_POINT('',(0.304592780496,-0.327707439911));
#3081 = CARTESIAN_POINT('',(0.261839314509,-0.362789938247));
#3082 = CARTESIAN_POINT('',(0.236256139314,-0.380193134017));
#3083 = CARTESIAN_POINT('',(0.208848531842,-0.395399819115));
#3084 = CARTESIAN_POINT('',(0.179879585118,-0.408194591239));
#3085 = CARTESIAN_POINT('',(0.121235895954,-0.428087658375));
#3086 = CARTESIAN_POINT('',(9.168872339084E-02,-0.43546433773));
#3087 = CARTESIAN_POINT('',(6.138131472836E-02,-0.440428995127));
#3088 = CARTESIAN_POINT('',(3.069024604113E-02,-0.442911044074));
#3089 = CARTESIAN_POINT('',(0.,-0.442911044074));
#3090 = ( GEOMETRIC_REPRESENTATION_CONTEXT(2) 
PARAMETRIC_REPRESENTATION_CONTEXT() REPRESENTATION_CONTEXT('2D SPACE',''
  ) );
#3091 = PCURVE('',#2829,#3092);
#3092 = DEFINITIONAL_REPRESENTATION('',(#3093),#3144);
#3093 = B_SPLINE_CURVE_WITH_KNOTS('',5,(#3094,#3095,#3096,#3097,#3098,
    #3099,#3100,#3101,#3102,#3103,#3104,#3105,#3106,#3107,#3108,#3109,
    #3110,#3111,#3112,#3113,#3114,#3115,#3116,#3117,#3118,#3119,#3120,
    #3121,#3122,#3123,#3124,#3125,#3126,#3127,#3128,#3129,#3130,#3131,
    #3132,#3133,#3134,#3135,#3136,#3137,#3138,#3139,#3140,#3141,#3142,
    #3143),.UNSPECIFIED.,.F.,.F.,(6,4,4,4,4,4,4,4,4,4,4,4,6),(0.,
    9.977922628899E-02,0.212202599205,0.30183118552,0.3492501571,
    0.398164939478,0.499748996081,0.602085516813,0.651000328936,
    0.698419370302,0.787294585512,0.896695484455,1.),.UNSPECIFIED.);
#3094 = CARTESIAN_POINT('',(1.570796326795,46.312369580022));
#3095 = CARTESIAN_POINT('',(1.633290072438,46.312369580022));
#3096 = CARTESIAN_POINT('',(1.695783685685,46.312369580022));
#3097 = CARTESIAN_POINT('',(1.758287791378,46.312369580022));
#3098 = CARTESIAN_POINT('',(1.820818471737,46.312369580022));
#3099 = CARTESIAN_POINT('',(1.953862814512,46.312369580022));
#3100 = CARTESIAN_POINT('',(2.024388979898,46.312369580022));
#3101 = CARTESIAN_POINT('',(2.094954440874,46.312369580022));
#3102 = CARTESIAN_POINT('',(2.165568023698,46.312369580022));
#3103 = CARTESIAN_POINT('',(2.292536029902,46.312369580022));
#3104 = CARTESIAN_POINT('',(2.348881440833,46.312369580022));
#3105 = CARTESIAN_POINT('',(2.405243948751,46.312369580022));
#3106 = CARTESIAN_POINT('',(2.461622442225,46.312369580022));
#3107 = CARTESIAN_POINT('',(2.547842740311,46.312369580022));
#3108 = CARTESIAN_POINT('',(2.577678174725,46.312369580022));
#3109 = CARTESIAN_POINT('',(2.607515912935,46.312369580022));
#3110 = CARTESIAN_POINT('',(2.637355453493,46.312369580022));
#3111 = CARTESIAN_POINT('',(2.697978617407,46.312369580022));
#3112 = CARTESIAN_POINT('',(2.728762356147,46.312369580022));
#3113 = CARTESIAN_POINT('',(2.75954714772,46.312369580022));
#3114 = CARTESIAN_POINT('',(2.790332651179,46.312369580022));
#3115 = CARTESIAN_POINT('',(2.885053586508,46.312369580022));
#3116 = CARTESIAN_POINT('',(2.948991868678,46.312369580022));
#3117 = CARTESIAN_POINT('',(3.012927858361,46.312369580022));
#3118 = CARTESIAN_POINT('',(3.076866229629,46.312369580022));
#3119 = CARTESIAN_POINT('',(3.205213989245,46.312369580022));
#3120 = CARTESIAN_POINT('',(3.269626009671,46.312369580022));
#3121 = CARTESIAN_POINT('',(3.334035560818,46.312369580022));
#3122 = CARTESIAN_POINT('',(3.398447499841,46.312369580022));
#3123 = CARTESIAN_POINT('',(3.493642010033,46.312369580022));
#3124 = CARTESIAN_POINT('',(3.524427519153,46.312369580022));
#3125 = CARTESIAN_POINT('',(3.55521231184,46.312369580022));
#3126 = CARTESIAN_POINT('',(3.585996046033,46.312369580022));
#3127 = CARTESIAN_POINT('',(3.646619213322,46.312369580022));
#3128 = CARTESIAN_POINT('',(3.676458762244,46.312369580022));
#3129 = CARTESIAN_POINT('',(3.706296501363,46.312369580022));
#3130 = CARTESIAN_POINT('',(3.736131928321,46.312369580022));
#3131 = CARTESIAN_POINT('',(3.821878130521,46.312369580022));
#3132 = CARTESIAN_POINT('',(3.877782642916,46.312369580022));
#3133 = CARTESIAN_POINT('',(3.93367147781,46.312369580022));
#3134 = CARTESIAN_POINT('',(3.989543501157,46.312369580022));
#3135 = CARTESIAN_POINT('',(4.114139907364,46.312369580022));
#3136 = CARTESIAN_POINT('',(4.182856419081,46.312369580022));
#3137 = CARTESIAN_POINT('',(4.251528003999,46.312369580022));
#3138 = CARTESIAN_POINT('',(4.320162069404,46.312369580022));
#3139 = CARTESIAN_POINT('',(4.453530587236,46.312369580022));
#3140 = CARTESIAN_POINT('',(4.518272901402,46.312369580022));
#3141 = CARTESIAN_POINT('',(4.582986153774,46.312369580022));
#3142 = CARTESIAN_POINT('',(4.647688260757,46.312369580022));
#3143 = CARTESIAN_POINT('',(4.712388980385,46.312369580022));
#3144 = ( GEOMETRIC_REPRESENTATION_CONTEXT(2) 
PARAMETRIC_REPRESENTATION_CONTEXT() REPRESENTATION_CONTEXT('2D SPACE',''
  ) );
#3145 = ORIENTED_EDGE('',*,*,#2743,.F.);
#3146 = ORIENTED_EDGE('',*,*,#1486,.T.);
#3147 = FACE_BOUND('',#3148,.T.);
#3148 = EDGE_LOOP('',(#3149));
#3149 = ORIENTED_EDGE('',*,*,#3150,.F.);
#3150 = EDGE_CURVE('',#3151,#3151,#3153,.T.);
#3151 = VERTEX_POINT('',#3152);
#3152 = CARTESIAN_POINT('',(-24.65501495634,10.397338565753,80.766));
#3153 = SURFACE_CURVE('',#3154,(#3159,#3221),.PCURVE_S1.);
#3154 = CIRCLE('',#3155,1.7307);
#3155 = AXIS2_PLACEMENT_3D('',#3156,#3157,#3158);
#3156 = CARTESIAN_POINT('',(-23.15618479001,11.262688565753,80.766));
#3157 = DIRECTION('',(0.5,-0.866025403784,0.));
#3158 = DIRECTION('',(0.866025403784,0.5,0.));
#3159 = PCURVE('',#1560,#3160);
#3160 = DEFINITIONAL_REPRESENTATION('',(#3161),#3220);
#3161 = B_SPLINE_CURVE_WITH_KNOTS('',8,(#3162,#3163,#3164,#3165,#3166,
    #3167,#3168,#3169,#3170,#3171,#3172,#3173,#3174,#3175,#3176,#3177,
    #3178,#3179,#3180,#3181,#3182,#3183,#3184,#3185,#3186,#3187,#3188,
    #3189,#3190,#3191,#3192,#3193,#3194,#3195,#3196,#3197,#3198,#3199,
    #3200,#3201,#3202,#3203,#3204,#3205,#3206,#3207,#3208,#3209,#3210,
    #3211,#3212,#3213,#3214,#3215,#3216,#3217,#3218,#3219),
  .UNSPECIFIED.,.T.,.F.,(9,7,7,7,7,7,7,7,9),(3.14159265359,
    3.926990816987,4.61421420996,5.215534678811,6.267845499301,
    7.057078614668,7.649003451193,8.536890705981,9.424777960769),
  .UNSPECIFIED.);
#3162 = CARTESIAN_POINT('',(4.793076711909,0.));
#3163 = CARTESIAN_POINT('',(4.793076711909,-4.207490161058E-02));
#3164 = CARTESIAN_POINT('',(4.797341910648,-8.414979880708E-02));
#3165 = CARTESIAN_POINT('',(4.805872787534,-0.125720276732));
#3166 = CARTESIAN_POINT('',(4.818677038695,-0.166281765312));
#3167 = CARTESIAN_POINT('',(4.835774080544,-0.205319903864));
#3168 = CARTESIAN_POINT('',(4.857163864853,-0.242299461154));
#3169 = CARTESIAN_POINT('',(4.882770252206,-0.276667577016));
#3170 = CARTESIAN_POINT('',(4.938268261843,-0.335204166809));
#3171 = CARTESIAN_POINT('',(4.967224336689,-0.360110633207));
#3172 = CARTESIAN_POINT('',(4.999086996793,-0.382246332065));
#3173 = CARTESIAN_POINT('',(5.033623883315,-0.401261380582));
#3174 = CARTESIAN_POINT('',(5.070481438005,-0.416829178744));
#3175 = CARTESIAN_POINT('',(5.10916571258,-0.428680743279));
#3176 = CARTESIAN_POINT('',(5.149063945061,-0.436638565945));
#3177 = CARTESIAN_POINT('',(5.224933301235,-0.444119117411));
#3178 = CARTESIAN_POINT('',(5.260771706251,-0.444571849556));
#3179 = CARTESIAN_POINT('',(5.296608015921,-0.44193654292));
#3180 = CARTESIAN_POINT('',(5.331981919584,-0.436222808151));
#3181 = CARTESIAN_POINT('',(5.366447084568,-0.427507002875));
#3182 = CARTESIAN_POINT('',(5.399610772419,-0.415923839589));
#3183 = CARTESIAN_POINT('',(5.431157413239,-0.401650511741));
#3184 = CARTESIAN_POINT('',(5.512784438343,-0.355563332977));
#3185 = CARTESIAN_POINT('',(5.559020508579,-0.318623001585));
#3186 = CARTESIAN_POINT('',(5.598225969439,-0.275165993069));
#3187 = CARTESIAN_POINT('',(5.629745442013,-0.226553126958));
#3188 = CARTESIAN_POINT('',(5.653537174476,-0.174147861265));
#3189 = CARTESIAN_POINT('',(5.669633386665,-0.119204532827));
#3190 = CARTESIAN_POINT('',(5.678071918446,-6.294237237935E-02));
#3191 = CARTESIAN_POINT('',(5.679439234538,3.570229170531E-02));
#3192 = CARTESIAN_POINT('',(5.675718218733,7.803826603399E-02));
#3193 = CARTESIAN_POINT('',(5.667690622409,0.119922058306));
#3194 = CARTESIAN_POINT('',(5.655349453697,0.16084242224));
#3195 = CARTESIAN_POINT('',(5.638674449046,0.20027893743));
#3196 = CARTESIAN_POINT('',(5.617662061677,0.237690128574));
#3197 = CARTESIAN_POINT('',(5.592381986742,0.272515781263));
#3198 = CARTESIAN_POINT('',(5.541052619217,0.327980195119));
#3199 = CARTESIAN_POINT('',(5.516775554127,0.349989090987));
#3200 = CARTESIAN_POINT('',(5.490310993417,0.37000589534));
#3201 = CARTESIAN_POINT('',(5.461795210478,0.387804912308));
#3202 = CARTESIAN_POINT('',(5.431425947959,0.403171622915));
#3203 = CARTESIAN_POINT('',(5.399474783156,0.415917021983));
#3204 = CARTESIAN_POINT('',(5.366284385881,0.425893274118));
#3205 = CARTESIAN_POINT('',(5.281172573315,0.443670137252));
#3206 = CARTESIAN_POINT('',(5.228183217246,0.447888737441));
#3207 = CARTESIAN_POINT('',(5.174572680542,0.445335165003));
#3208 = CARTESIAN_POINT('',(5.121854417961,0.435939324667));
#3209 = CARTESIAN_POINT('',(5.071595754322,0.419974214332));
#3210 = CARTESIAN_POINT('',(5.024931674256,0.398009798828));
#3211 = CARTESIAN_POINT('',(4.982622408902,0.370737489957));
#3212 = CARTESIAN_POINT('',(4.907660977562,0.307084218463));
#3213 = CARTESIAN_POINT('',(4.87500845026,0.27070318839));
#3214 = CARTESIAN_POINT('',(4.847660307745,0.230520137577));
#3215 = CARTESIAN_POINT('',(4.825796866709,0.187346198264));
#3216 = CARTESIAN_POINT('',(4.809430854962,0.14196734569));
#3217 = CARTESIAN_POINT('',(4.798527533761,9.513078258174E-02));
#3218 = CARTESIAN_POINT('',(4.793076711909,4.756538864936E-02));
#3219 = CARTESIAN_POINT('',(4.793076711909,0.));
#3220 = ( GEOMETRIC_REPRESENTATION_CONTEXT(2) 
PARAMETRIC_REPRESENTATION_CONTEXT() REPRESENTATION_CONTEXT('2D SPACE',''
  ) );
#3221 = PCURVE('',#3222,#3227);
#3222 = CYLINDRICAL_SURFACE('',#3223,1.7307);
#3223 = AXIS2_PLACEMENT_3D('',#3224,#3225,#3226);
#3224 = CARTESIAN_POINT('',(-24.98050277216,14.4225,80.766));
#3225 = DIRECTION('',(0.5,-0.866025403784,0.));
#3226 = DIRECTION('',(-0.866025403784,-0.5,0.));
#3227 = DEFINITIONAL_REPRESENTATION('',(#3228),#3232);
#3228 = LINE('',#3229,#3230);
#3229 = CARTESIAN_POINT('',(-3.14159265359,3.648635964302));
#3230 = VECTOR('',#3231,1.);
#3231 = DIRECTION('',(1.,0.));
#3232 = ( GEOMETRIC_REPRESENTATION_CONTEXT(2) 
PARAMETRIC_REPRESENTATION_CONTEXT() REPRESENTATION_CONTEXT('2D SPACE',''
  ) );
#3233 = ADVANCED_FACE('',(#3234,#3396,#3399),#2324,.T.);
#3234 = FACE_BOUND('',#3235,.T.);
#3235 = EDGE_LOOP('',(#3236,#3336,#3360,#3361));
#3236 = ORIENTED_EDGE('',*,*,#3237,.F.);
#3237 = EDGE_CURVE('',#3238,#3240,#3242,.T.);
#3238 = VERTEX_POINT('',#3239);
#3239 = CARTESIAN_POINT('',(25.429597308022,-14.4225,4.013250675931));
#3240 = VERTEX_POINT('',#3241);
#3241 = CARTESIAN_POINT('',(25.571163394254,-15.03608453709,
    3.947467661089));
#3242 = SURFACE_CURVE('',#3243,(#3248,#3324),.PCURVE_S1.);
#3243 = CIRCLE('',#3244,1.7307);
#3244 = AXIS2_PLACEMENT_3D('',#3245,#3246,#3247);
#3245 = CARTESIAN_POINT('',(23.917743179174,-15.03608453709,
    3.436073407736));
#3246 = DIRECTION('',(-0.291275864018,-0.168168198499,0.941741911595));
#3247 = DIRECTION('',(-0.955347671509,-6.938893903907E-18,
    -0.295484054633));
#3248 = PCURVE('',#2324,#3249);
#3249 = DEFINITIONAL_REPRESENTATION('',(#3250),#3323);
#3250 = B_SPLINE_CURVE_WITH_KNOTS('',8,(#3251,#3252,#3253,#3254,#3255,
    #3256,#3257,#3258,#3259,#3260,#3261,#3262,#3263,#3264,#3265,#3266,
    #3267,#3268,#3269,#3270,#3271,#3272,#3273,#3274,#3275,#3276,#3277,
    #3278,#3279,#3280,#3281,#3282,#3283,#3284,#3285,#3286,#3287,#3288,
    #3289,#3290,#3291,#3292,#3293,#3294,#3295,#3296,#3297,#3298,#3299,
    #3300,#3301,#3302,#3303,#3304,#3305,#3306,#3307,#3308,#3309,#3310,
    #3311,#3312,#3313,#3314,#3315,#3316,#3317,#3318,#3319,#3320,#3321,
    #3322),.UNSPECIFIED.,.F.,.F.,(9,7,7,7,7,7,7,7,7,7,9),(3.509487283661
    ,3.69434011732,3.873416299928,4.046896351829,4.383013952388,
    5.013234453436,6.116120330269,7.770449145519,8.597613553144,
    9.011195756957,9.424777960769),.UNSPECIFIED.);
#3251 = CARTESIAN_POINT('',(1.186625552679E-13,1.459357004692));
#3252 = CARTESIAN_POINT('',(8.190540386108E-02,1.463242800695));
#3253 = CARTESIAN_POINT('',(0.169478237011,1.466498626425));
#3254 = CARTESIAN_POINT('',(0.262436114852,1.469033574496));
#3255 = CARTESIAN_POINT('',(0.35995263172,1.470758959655));
#3256 = CARTESIAN_POINT('',(0.460427124656,1.471595911323));
#3257 = CARTESIAN_POINT('',(0.561255680913,1.471518732499));
#3258 = CARTESIAN_POINT('',(0.660283914854,1.47055605069));
#3259 = CARTESIAN_POINT('',(0.848549428051,1.467033486778));
#3260 = CARTESIAN_POINT('',(0.937996414619,1.46452449649));
#3261 = CARTESIAN_POINT('',(1.02280469494,1.461293603505));
#3262 = CARTESIAN_POINT('',(1.102037427155,1.457422881805));
#3263 = CARTESIAN_POINT('',(1.175574534386,1.453005022025));
#3264 = CARTESIAN_POINT('',(1.243654314003,1.448121087697));
#3265 = CARTESIAN_POINT('',(1.3066749224,1.442842314587));
#3266 = CARTESIAN_POINT('',(1.421682579966,1.431790319524));
#3267 = CARTESIAN_POINT('',(1.473952720941,1.426037707394));
#3268 = CARTESIAN_POINT('',(1.522315766395,1.420025346575));
#3269 = CARTESIAN_POINT('',(1.567231500689,1.413798067601));
#3270 = CARTESIAN_POINT('',(1.609119756439,1.407391806065));
#3271 = CARTESIAN_POINT('',(1.648343317406,1.400835563272));
#3272 = CARTESIAN_POINT('',(1.685219194175,1.394153361413));
#3273 = CARTESIAN_POINT('',(1.78744021479,1.374212790258));
#3274 = CARTESIAN_POINT('',(1.847065027565,1.36066231097));
#3275 = CARTESIAN_POINT('',(1.900865146779,1.346858476479));
#3276 = CARTESIAN_POINT('',(1.950180650543,1.332889399588));
#3277 = CARTESIAN_POINT('',(1.995920035923,1.318818477547));
#3278 = CARTESIAN_POINT('',(2.038768858261,1.304693262186));
#3279 = CARTESIAN_POINT('',(2.079234927611,1.290551541562));
#3280 = CARTESIAN_POINT('',(2.189865416822,1.249935753526));
#3281 = CARTESIAN_POINT('',(2.255034020649,1.223498168114));
#3282 = CARTESIAN_POINT('',(2.315827774159,1.197315657232));
#3283 = CARTESIAN_POINT('',(2.373444259505,1.171510452966));
#3284 = CARTESIAN_POINT('',(2.428750560473,1.146189588237));
#3285 = CARTESIAN_POINT('',(2.482288118959,1.121441346918));
#3286 = CARTESIAN_POINT('',(2.534474063624,1.097348055807));
#3287 = CARTESIAN_POINT('',(2.675098889431,1.033100053357));
#3288 = CARTESIAN_POINT('',(2.761374054143,0.994451836345));
#3289 = CARTESIAN_POINT('',(2.8460625359,0.958445485875));
#3290 = CARTESIAN_POINT('',(2.92983955688,0.925430795209));
#3291 = CARTESIAN_POINT('',(3.013203783999,0.895736799093));
#3292 = CARTESIAN_POINT('',(3.09640279732,0.869656700545));
#3293 = CARTESIAN_POINT('',(3.179593549409,0.847440887266));
#3294 = CARTESIAN_POINT('',(3.387706491831,0.802048850003));
#3295 = CARTESIAN_POINT('',(3.51269765163,0.78394641982));
#3296 = CARTESIAN_POINT('',(3.638028742458,0.775634273629));
#3297 = CARTESIAN_POINT('',(3.763514296523,0.777491658737));
#3298 = CARTESIAN_POINT('',(3.888816129056,0.789539376461));
#3299 = CARTESIAN_POINT('',(4.013730453076,0.811380605156));
#3300 = CARTESIAN_POINT('',(4.138305834769,0.842332944738));
#3301 = CARTESIAN_POINT('',(4.325811358889,0.901078288708));
#3302 = CARTESIAN_POINT('',(4.388420046798,0.922712898183));
#3303 = CARTESIAN_POINT('',(4.451233990864,0.946287769873));
#3304 = CARTESIAN_POINT('',(4.514389998316,0.971677215266));
#3305 = CARTESIAN_POINT('',(4.578101437015,0.998743643674));
#3306 = CARTESIAN_POINT('',(4.64266197066,1.027340334917));
#3307 = CARTESIAN_POINT('',(4.70850582332,1.05731058246));
#3308 = CARTESIAN_POINT('',(4.810370384026,1.104061746424));
#3309 = CARTESIAN_POINT('',(4.844841772076,1.119944763185));
#3310 = CARTESIAN_POINT('',(4.879928149889,1.136104993328));
#3311 = CARTESIAN_POINT('',(4.915749647948,1.152519141338));
#3312 = CARTESIAN_POINT('',(4.95245859766,1.169162151323));
#3313 = CARTESIAN_POINT('',(4.990248710728,1.186006773391));
#3314 = CARTESIAN_POINT('',(5.029377783828,1.203022336835));
#3315 = CARTESIAN_POINT('',(5.1110598168,1.237321310477));
#3316 = CARTESIAN_POINT('',(5.153612562521,1.254604773397));
#3317 = CARTESIAN_POINT('',(5.19825214657,1.271984808011));
#3318 = CARTESIAN_POINT('',(5.245462978647,1.289418939549));
#3319 = CARTESIAN_POINT('',(5.295915902728,1.306852631657));
#3320 = CARTESIAN_POINT('',(5.350532588746,1.324218049202));
#3321 = CARTESIAN_POINT('',(5.410694471025,1.341421070928));
#3322 = CARTESIAN_POINT('',(5.478753522198,1.358299047785));
#3323 = ( GEOMETRIC_REPRESENTATION_CONTEXT(2) 
PARAMETRIC_REPRESENTATION_CONTEXT() REPRESENTATION_CONTEXT('2D SPACE',''
  ) );
#3324 = PCURVE('',#3325,#3330);
#3325 = CYLINDRICAL_SURFACE('',#3326,1.7307);
#3326 = AXIS2_PLACEMENT_3D('',#3327,#3328,#3329);
#3327 = CARTESIAN_POINT('',(24.980502772162,-14.4225,0.));
#3328 = DIRECTION('',(-0.291275864018,-0.168168198499,0.941741911595));
#3329 = DIRECTION('',(0.955347671509,0.,0.295484054633));
#3330 = DEFINITIONAL_REPRESENTATION('',(#3331),#3335);
#3331 = LINE('',#3332,#3333);
#3332 = CARTESIAN_POINT('',(-3.14159265359,3.648635964302));
#3333 = VECTOR('',#3334,1.);
#3334 = DIRECTION('',(1.,0.));
#3335 = ( GEOMETRIC_REPRESENTATION_CONTEXT(2) 
PARAMETRIC_REPRESENTATION_CONTEXT() REPRESENTATION_CONTEXT('2D SPACE',''
  ) );
#3336 = ORIENTED_EDGE('',*,*,#3337,.F.);
#3337 = EDGE_CURVE('',#3338,#3238,#3340,.T.);
#3338 = VERTEX_POINT('',#3339);
#3339 = CARTESIAN_POINT('',(24.980502772162,-14.4225,-4.0383));
#3340 = SEAM_CURVE('',#3341,(#3346,#3353),.PCURVE_S1.);
#3341 = CIRCLE('',#3342,4.0383);
#3342 = AXIS2_PLACEMENT_3D('',#3343,#3344,#3345);
#3343 = CARTESIAN_POINT('',(24.980502772162,-14.4225,0.));
#3344 = DIRECTION('',(-2.449293598295E-16,-1.,0.));
#3345 = DIRECTION('',(1.,-2.449293598295E-16,0.));
#3346 = PCURVE('',#2324,#3347);
#3347 = DEFINITIONAL_REPRESENTATION('',(#3348),#3352);
#3348 = LINE('',#3349,#3350);
#3349 = CARTESIAN_POINT('',(6.28318530718,-6.28318530718));
#3350 = VECTOR('',#3351,1.);
#3351 = DIRECTION('',(0.,1.));
#3352 = ( GEOMETRIC_REPRESENTATION_CONTEXT(2) 
PARAMETRIC_REPRESENTATION_CONTEXT() REPRESENTATION_CONTEXT('2D SPACE',''
  ) );
#3353 = PCURVE('',#2324,#3354);
#3354 = DEFINITIONAL_REPRESENTATION('',(#3355),#3359);
#3355 = LINE('',#3356,#3357);
#3356 = CARTESIAN_POINT('',(0.,-6.28318530718));
#3357 = VECTOR('',#3358,1.);
#3358 = DIRECTION('',(0.,1.));
#3359 = ( GEOMETRIC_REPRESENTATION_CONTEXT(2) 
PARAMETRIC_REPRESENTATION_CONTEXT() REPRESENTATION_CONTEXT('2D SPACE',''
  ) );
#3360 = ORIENTED_EDGE('',*,*,#3337,.T.);
#3361 = ORIENTED_EDGE('',*,*,#3362,.F.);
#3362 = EDGE_CURVE('',#3240,#3238,#3363,.T.);
#3363 = SURFACE_CURVE('',#3364,(#3369,#3389),.PCURVE_S1.);
#3364 = CIRCLE('',#3365,1.7307);
#3365 = AXIS2_PLACEMENT_3D('',#3366,#3367,#3368);
#3366 = CARTESIAN_POINT('',(23.917743179174,-15.03608453709,
    3.436073407736));
#3367 = DIRECTION('',(-0.291275864018,-0.168168198499,0.941741911595));
#3368 = DIRECTION('',(-0.955347671509,-6.938893903907E-18,
    -0.295484054633));
#3369 = PCURVE('',#2324,#3370);
#3370 = DEFINITIONAL_REPRESENTATION('',(#3371),#3388);
#3371 = B_SPLINE_CURVE_WITH_KNOTS('',8,(#3372,#3373,#3374,#3375,#3376,
    #3377,#3378,#3379,#3380,#3381,#3382,#3383,#3384,#3385,#3386,#3387),
  .UNSPECIFIED.,.F.,.F.,(9,7,9),(3.14159265359,3.325539968625,
    3.509487283661),.UNSPECIFIED.);
#3372 = CARTESIAN_POINT('',(5.478753522198,1.358299047785));
#3373 = CARTESIAN_POINT('',(5.509023876222,1.365805798552));
#3374 = CARTESIAN_POINT('',(5.540856513027,1.373248234998));
#3375 = CARTESIAN_POINT('',(5.574458046491,1.38061201075));
#3376 = CARTESIAN_POINT('',(5.610074577371,1.387879991115));
#3377 = CARTESIAN_POINT('',(5.647996404658,1.395031472027));
#3378 = CARTESIAN_POINT('',(5.688573400741,1.402040894996));
#3379 = CARTESIAN_POINT('',(5.73222380328,1.408876009743));
#3380 = CARTESIAN_POINT('',(5.826614550137,1.42211486264));
#3381 = CARTESIAN_POINT('',(5.877354961814,1.428518600601));
#3382 = CARTESIAN_POINT('',(5.93211024423,1.434665297696));
#3383 = CARTESIAN_POINT('',(5.991407721194,1.440504453118));
#3384 = CARTESIAN_POINT('',(6.055786158809,1.445974404643));
#3385 = CARTESIAN_POINT('',(6.125788601939,1.450999636456));
#3386 = CARTESIAN_POINT('',(6.20168112448,1.455490243619));
#3387 = CARTESIAN_POINT('',(6.28318530718,1.459357004692));
#3388 = ( GEOMETRIC_REPRESENTATION_CONTEXT(2) 
PARAMETRIC_REPRESENTATION_CONTEXT() REPRESENTATION_CONTEXT('2D SPACE',''
  ) );
#3389 = PCURVE('',#3325,#3390);
#3390 = DEFINITIONAL_REPRESENTATION('',(#3391),#3395);
#3391 = LINE('',#3392,#3393);
#3392 = CARTESIAN_POINT('',(-3.14159265359,3.648635964302));
#3393 = VECTOR('',#3394,1.);
#3394 = DIRECTION('',(1.,0.));
#3395 = ( GEOMETRIC_REPRESENTATION_CONTEXT(2) 
PARAMETRIC_REPRESENTATION_CONTEXT() REPRESENTATION_CONTEXT('2D SPACE',''
  ) );
#3396 = FACE_BOUND('',#3397,.T.);
#3397 = EDGE_LOOP('',(#3398));
#3398 = ORIENTED_EDGE('',*,*,#2082,.T.);
#3399 = FACE_BOUND('',#3400,.T.);
#3400 = EDGE_LOOP('',(#3401));
#3401 = ORIENTED_EDGE('',*,*,#2662,.F.);
#3402 = ADVANCED_FACE('',(#3403,#3432,#3513),#2495,.T.);
#3403 = FACE_BOUND('',#3404,.T.);
#3404 = EDGE_LOOP('',(#3405,#3429,#3430,#3431));
#3405 = ORIENTED_EDGE('',*,*,#3406,.T.);
#3406 = EDGE_CURVE('',#2479,#3407,#3409,.T.);
#3407 = VERTEX_POINT('',#3408);
#3408 = CARTESIAN_POINT('',(24.980502772162,14.4225,84.8043));
#3409 = SEAM_CURVE('',#3410,(#3415,#3422),.PCURVE_S1.);
#3410 = CIRCLE('',#3411,4.0383);
#3411 = AXIS2_PLACEMENT_3D('',#3412,#3413,#3414);
#3412 = CARTESIAN_POINT('',(24.980502772162,14.4225,80.766));
#3413 = DIRECTION('',(-2.449293598295E-16,-1.,0.));
#3414 = DIRECTION('',(1.,-2.449293598295E-16,0.));
#3415 = PCURVE('',#2495,#3416);
#3416 = DEFINITIONAL_REPRESENTATION('',(#3417),#3421);
#3417 = LINE('',#3418,#3419);
#3418 = CARTESIAN_POINT('',(6.28318530718,-6.28318530718));
#3419 = VECTOR('',#3420,1.);
#3420 = DIRECTION('',(0.,1.));
#3421 = ( GEOMETRIC_REPRESENTATION_CONTEXT(2) 
PARAMETRIC_REPRESENTATION_CONTEXT() REPRESENTATION_CONTEXT('2D SPACE',''
  ) );
#3422 = PCURVE('',#2495,#3423);
#3423 = DEFINITIONAL_REPRESENTATION('',(#3424),#3428);
#3424 = LINE('',#3425,#3426);
#3425 = CARTESIAN_POINT('',(0.,-6.28318530718));
#3426 = VECTOR('',#3427,1.);
#3427 = DIRECTION('',(0.,1.));
#3428 = ( GEOMETRIC_REPRESENTATION_CONTEXT(2) 
PARAMETRIC_REPRESENTATION_CONTEXT() REPRESENTATION_CONTEXT('2D SPACE',''
  ) );
#3429 = ORIENTED_EDGE('',*,*,#3406,.F.);
#3430 = ORIENTED_EDGE('',*,*,#2478,.T.);
#3431 = ORIENTED_EDGE('',*,*,#2520,.T.);
#3432 = FACE_BOUND('',#3433,.T.);
#3433 = EDGE_LOOP('',(#3434));
#3434 = ORIENTED_EDGE('',*,*,#3435,.F.);
#3435 = EDGE_CURVE('',#3436,#3436,#3438,.T.);
#3436 = VERTEX_POINT('',#3437);
#3437 = CARTESIAN_POINT('',(21.33186680786,12.6918,80.766));
#3438 = SURFACE_CURVE('',#3439,(#3444,#3506),.PCURVE_S1.);
#3439 = CIRCLE('',#3440,1.7307);
#3440 = AXIS2_PLACEMENT_3D('',#3441,#3442,#3443);
#3441 = CARTESIAN_POINT('',(21.33186680786,14.4225,80.766));
#3442 = DIRECTION('',(-1.,-3.555486564065E-17,0.));
#3443 = DIRECTION('',(3.555486564065E-17,-1.,0.));
#3444 = PCURVE('',#2495,#3445);
#3445 = DEFINITIONAL_REPRESENTATION('',(#3446),#3505);
#3446 = B_SPLINE_CURVE_WITH_KNOTS('',8,(#3447,#3448,#3449,#3450,#3451,
    #3452,#3453,#3454,#3455,#3456,#3457,#3458,#3459,#3460,#3461,#3462,
    #3463,#3464,#3465,#3466,#3467,#3468,#3469,#3470,#3471,#3472,#3473,
    #3474,#3475,#3476,#3477,#3478,#3479,#3480,#3481,#3482,#3483,#3484,
    #3485,#3486,#3487,#3488,#3489,#3490,#3491,#3492,#3493,#3494,#3495,
    #3496,#3497,#3498,#3499,#3500,#3501,#3502,#3503,#3504),
  .UNSPECIFIED.,.T.,.F.,(9,7,7,7,7,7,7,7,9),(0.,0.785398163397,
    1.47262155637,2.073942025221,3.126252845711,3.915485961078,
    4.507410797603,5.395298052392,6.28318530718),.UNSPECIFIED.);
#3447 = CARTESIAN_POINT('',(3.584503697663,0.));
#3448 = CARTESIAN_POINT('',(3.584503697663,4.207490161058E-02));
#3449 = CARTESIAN_POINT('',(3.580238498925,8.414979880709E-02));
#3450 = CARTESIAN_POINT('',(3.571707622039,0.125720276732));
#3451 = CARTESIAN_POINT('',(3.558903370879,0.166281765312));
#3452 = CARTESIAN_POINT('',(3.54180632903,0.205319903864));
#3453 = CARTESIAN_POINT('',(3.520416544719,0.242299461154));
#3454 = CARTESIAN_POINT('',(3.494810157367,0.276667577016));
#3455 = CARTESIAN_POINT('',(3.439312147729,0.335204166809));
#3456 = CARTESIAN_POINT('',(3.410356072884,0.360110633207));
#3457 = CARTESIAN_POINT('',(3.37849341278,0.382246332065));
#3458 = CARTESIAN_POINT('',(3.343956526259,0.401261380582));
#3459 = CARTESIAN_POINT('',(3.307098971568,0.416829178744));
#3460 = CARTESIAN_POINT('',(3.268414696993,0.428680743279));
#3461 = CARTESIAN_POINT('',(3.228516464512,0.436638565945));
#3462 = CARTESIAN_POINT('',(3.152647108338,0.444119117411));
#3463 = CARTESIAN_POINT('',(3.116808703323,0.444571849556));
#3464 = CARTESIAN_POINT('',(3.080972393651,0.44193654292));
#3465 = CARTESIAN_POINT('',(3.045598489989,0.436222808151));
#3466 = CARTESIAN_POINT('',(3.011133325006,0.427507002874));
#3467 = CARTESIAN_POINT('',(2.977969637153,0.415923839589));
#3468 = CARTESIAN_POINT('',(2.946422996334,0.401650511741));
#3469 = CARTESIAN_POINT('',(2.864795971229,0.355563332977));
#3470 = CARTESIAN_POINT('',(2.818559900988,0.318623001585));
#3471 = CARTESIAN_POINT('',(2.779354440121,0.275165993069));
#3472 = CARTESIAN_POINT('',(2.747834967524,0.22655312696));
#3473 = CARTESIAN_POINT('',(2.724043235095,0.174147861265));
#3474 = CARTESIAN_POINT('',(2.707947022905,0.119204532827));
#3475 = CARTESIAN_POINT('',(2.699508491127,6.294237237935E-02));
#3476 = CARTESIAN_POINT('',(2.698141175034,-3.570229170531E-02));
#3477 = CARTESIAN_POINT('',(2.70186219084,-7.8038266034E-02));
#3478 = CARTESIAN_POINT('',(2.709889787165,-0.119922058306));
#3479 = CARTESIAN_POINT('',(2.722230955876,-0.160842422241));
#3480 = CARTESIAN_POINT('',(2.738905960525,-0.20027893743));
#3481 = CARTESIAN_POINT('',(2.759918347897,-0.237690128574));
#3482 = CARTESIAN_POINT('',(2.78519842283,-0.272515781263));
#3483 = CARTESIAN_POINT('',(2.836527790355,-0.327980195119));
#3484 = CARTESIAN_POINT('',(2.860804855446,-0.349989090987));
#3485 = CARTESIAN_POINT('',(2.887269416157,-0.37000589534));
#3486 = CARTESIAN_POINT('',(2.915785199097,-0.387804912308));
#3487 = CARTESIAN_POINT('',(2.946154461616,-0.403171622915));
#3488 = CARTESIAN_POINT('',(2.978105626417,-0.415917021983));
#3489 = CARTESIAN_POINT('',(3.011296023692,-0.425893274118));
#3490 = CARTESIAN_POINT('',(3.096407836258,-0.443670137252));
#3491 = CARTESIAN_POINT('',(3.149397192322,-0.447888737441));
#3492 = CARTESIAN_POINT('',(3.203007729027,-0.445335165002));
#3493 = CARTESIAN_POINT('',(3.255725991614,-0.435939324668));
#3494 = CARTESIAN_POINT('',(3.305984655235,-0.419974214333));
#3495 = CARTESIAN_POINT('',(3.352648735314,-0.398009798828));
#3496 = CARTESIAN_POINT('',(3.39495800067,-0.370737489957));
#3497 = CARTESIAN_POINT('',(3.469919432011,-0.307084218463));
#3498 = CARTESIAN_POINT('',(3.502571959314,-0.27070318839));
#3499 = CARTESIAN_POINT('',(3.529920101826,-0.230520137577));
#3500 = CARTESIAN_POINT('',(3.551783542864,-0.187346198264));
#3501 = CARTESIAN_POINT('',(3.568149554613,-0.14196734569));
#3502 = CARTESIAN_POINT('',(3.579052875811,-9.513078258171E-02));
#3503 = CARTESIAN_POINT('',(3.584503697663,-4.756538864936E-02));
#3504 = CARTESIAN_POINT('',(3.584503697663,0.));
#3505 = ( GEOMETRIC_REPRESENTATION_CONTEXT(2) 
PARAMETRIC_REPRESENTATION_CONTEXT() REPRESENTATION_CONTEXT('2D SPACE',''
  ) );
#3506 = PCURVE('',#2829,#3507);
#3507 = DEFINITIONAL_REPRESENTATION('',(#3508),#3512);
#3508 = LINE('',#3509,#3510);
#3509 = CARTESIAN_POINT('',(0.,3.648635964302));
#3510 = VECTOR('',#3511,1.);
#3511 = DIRECTION('',(1.,0.));
#3512 = ( GEOMETRIC_REPRESENTATION_CONTEXT(2) 
PARAMETRIC_REPRESENTATION_CONTEXT() REPRESENTATION_CONTEXT('2D SPACE',''
  ) );
#3513 = FACE_BOUND('',#3514,.T.);
#3514 = EDGE_LOOP('',(#3515));
#3515 = ORIENTED_EDGE('',*,*,#3516,.T.);
#3516 = EDGE_CURVE('',#3517,#3517,#3519,.T.);
#3517 = VERTEX_POINT('',#3518);
#3518 = CARTESIAN_POINT('',(24.655014956341,10.397338565753,80.766));
#3519 = SURFACE_CURVE('',#3520,(#3658,#3799),.PCURVE_S1.);
#3520 = B_SPLINE_CURVE_WITH_KNOTS('',6,(#3521,#3522,#3523,#3524,#3525,
    #3526,#3527,#3528,#3529,#3530,#3531,#3532,#3533,#3534,#3535,#3536,
    #3537,#3538,#3539,#3540,#3541,#3542,#3543,#3544,#3545,#3546,#3547,
    #3548,#3549,#3550,#3551,#3552,#3553,#3554,#3555,#3556,#3557,#3558,
    #3559,#3560,#3561,#3562,#3563,#3564,#3565,#3566,#3567,#3568,#3569,
    #3570,#3571,#3572,#3573,#3574,#3575,#3576,#3577,#3578,#3579,#3580,
    #3581,#3582,#3583,#3584,#3585,#3586,#3587,#3588,#3589,#3590,#3591,
    #3592,#3593,#3594,#3595,#3596,#3597,#3598,#3599,#3600,#3601,#3602,
    #3603,#3604,#3605,#3606,#3607,#3608,#3609,#3610,#3611,#3612,#3613,
    #3614,#3615,#3616,#3617,#3618,#3619,#3620,#3621,#3622,#3623,#3624,
    #3625,#3626,#3627,#3628,#3629,#3630,#3631,#3632,#3633,#3634,#3635,
    #3636,#3637,#3638,#3639,#3640,#3641,#3642,#3643,#3644,#3645,#3646,
    #3647,#3648,#3649,#3650,#3651,#3652,#3653,#3654,#3655,#3656,#3657),
  .UNSPECIFIED.,.T.,.F.,(7,5,5,5,5,5,5,5,5,5,5,5,5,5,5,5,5,5,5,5,5,5,5,5
    ,5,5,5,7),(0.,7.224055636033E-02,9.733026197215E-02,0.112388436022,
    0.121927766388,0.135990201272,0.143526214562,0.249748482256,
    0.356474625505,0.371042571788,0.387110361215,0.401164905343,
    0.424749792378,0.449333525253,0.500002074741,0.550670624229,
    0.575254357104,0.598839244138,0.612893788266,0.622433227037,
    0.636495859152,0.746220659612,0.856474180936,0.871042091422,
    0.887109841368,0.901164350962,0.924749180044,1.),.UNSPECIFIED.);
#3521 = CARTESIAN_POINT('',(24.655014956341,10.397338565753,80.766));
#3522 = CARTESIAN_POINT('',(24.655014956341,10.397338565753,
    80.634849264838));
#3523 = CARTESIAN_POINT('',(24.644686583492,10.403301654597,
    80.503692503824));
#3524 = CARTESIAN_POINT('',(24.624028144216,10.415228810074,
    80.373902363304));
#3525 = CARTESIAN_POINT('',(24.59322423696,10.433013454221,
    80.246821896272));
#3526 = CARTESIAN_POINT('',(24.55261973524,10.456456474219,
    80.123756236692));
#3527 = CARTESIAN_POINT('',(24.485426676616,10.495250404703,
    79.965031018463));
#3528 = CARTESIAN_POINT('',(24.466987363964,10.505896346826,
    79.924747920508));
#3529 = CARTESIAN_POINT('',(24.447451649132,10.517175297043,
    79.885149186625));
#3530 = CARTESIAN_POINT('',(24.426843793961,10.529073247774,
    79.846284691324));
#3531 = CARTESIAN_POINT('',(24.405190376651,10.541574854087,
    79.808202762692));
#3532 = CARTESIAN_POINT('',(24.368914309723,10.562518851093,
    79.748592174425));
#3533 = CARTESIAN_POINT('',(24.354942102378,10.570585708765,
    79.726532878108));
#3534 = CARTESIAN_POINT('',(24.34060990858,10.578860404712,
    79.704782387423));
#3535 = CARTESIAN_POINT('',(24.325924242192,10.587339178154,
    79.683350546934));
#3536 = CARTESIAN_POINT('',(24.310891892083,10.596018109536,
    79.662246951788));
#3537 = CARTESIAN_POINT('',(24.28578180254,10.610515426493,
    79.628325715708));
#3538 = CARTESIAN_POINT('',(24.27590738497,10.616216424135,
    79.615305963528));
#3539 = CARTESIAN_POINT('',(24.265898464289,10.621995077185,
    79.602424065508));
#3540 = CARTESIAN_POINT('',(24.255756876348,10.627850325712,
    79.589682351244));
#3541 = CARTESIAN_POINT('',(24.245484497984,10.633781086126,
    79.577083105597));
#3542 = CARTESIAN_POINT('',(24.219750209078,10.648638784754,
    79.546268672613));
#3543 = CARTESIAN_POINT('',(24.204137110674,10.65765301132,
    79.528223243059));
#3544 = CARTESIAN_POINT('',(24.188250099694,10.666825381386,
    79.510499459988));
#3545 = CARTESIAN_POINT('',(24.172095499861,10.676152243948,
    79.493104273127));
#3546 = CARTESIAN_POINT('',(24.15567981074,10.685629846481,
    79.476044401966));
#3547 = CARTESIAN_POINT('',(24.130076253542,10.700412067121,
    79.450367178254));
#3548 = CARTESIAN_POINT('',(24.121069734397,10.705611983375,
    79.441506181184));
#3549 = CARTESIAN_POINT('',(24.111991176875,10.710853491003,
    79.432744342525));
#3550 = CARTESIAN_POINT('',(24.10284162056,10.716135989805,
    79.424082640016));
#3551 = CARTESIAN_POINT('',(24.093622118034,10.72145887207,
    79.415522031157));
#3552 = CARTESIAN_POINT('',(23.953411311667,10.80240961887,
    79.287837372348));
#3553 = CARTESIAN_POINT('',(23.808757566664,10.885925497486,
    79.188840447894));
#3554 = CARTESIAN_POINT('',(23.65345596608,10.975588918389,
    79.112829625433));
#3555 = CARTESIAN_POINT('',(23.490940286317,11.069417389848,
    79.061438424111));
#3556 = CARTESIAN_POINT('',(23.324728651929,11.165379721704,
    79.035605084529));
#3557 = CARTESIAN_POINT('',(22.991585022043,11.357720286097,
    79.03499779186));
#3558 = CARTESIAN_POINT('',(22.824515146992,11.454178123432,
    79.060466391634));
#3559 = CARTESIAN_POINT('',(22.661125659073,11.548511088264,
    79.111748988592));
#3560 = CARTESIAN_POINT('',(22.504985490136,11.638658656832,
    79.187901022989));
#3561 = CARTESIAN_POINT('',(22.359579419175,11.722608891043,
    79.287271713877));
#3562 = CARTESIAN_POINT('',(22.210080359612,11.808922213325,
    79.423414832279));
#3563 = CARTESIAN_POINT('',(22.192382272292,11.819140208803,
    79.44014749565));
#3564 = CARTESIAN_POINT('',(22.174949287611,11.829205147202,
    79.457254667429));
#3565 = CARTESIAN_POINT('',(22.157788921402,11.839112689252,
    79.474729294504));
#3566 = CARTESIAN_POINT('',(22.140908500904,11.848858604571,
    79.492564046547));
#3567 = CARTESIAN_POINT('',(22.106013461418,11.869005265011,
    79.530811056113));
#3568 = CARTESIAN_POINT('',(22.088060988956,11.87937012982,
    79.551299647099));
#3569 = CARTESIAN_POINT('',(22.070467326666,11.889527835479,
    79.572206878137));
#3570 = CARTESIAN_POINT('',(22.05324173319,11.899473036509,
    79.59352216751));
#3571 = CARTESIAN_POINT('',(22.03639314652,11.909200572559,
    79.615234562629));
#3572 = CARTESIAN_POINT('',(22.005529980754,11.927019429621,
    79.656662082798));
#3573 = CARTESIAN_POINT('',(21.991424814276,11.935163051285,
    79.676286597888));
#3574 = CARTESIAN_POINT('',(21.97762044871,11.94313300546,
    79.696198709375));
#3575 = CARTESIAN_POINT('',(21.964122440666,11.950926084038,
    79.716390650258));
#3576 = CARTESIAN_POINT('',(21.950936139209,11.958539198734,
    79.736854462459));
#3577 = CARTESIAN_POINT('',(21.916470496004,11.978437947116,
    79.792364808138));
#3578 = CARTESIAN_POINT('',(21.895766525218,11.990391390222,
    79.827890317081));
#3579 = CARTESIAN_POINT('',(21.875979098335,12.00181566646,
    79.864119947049));
#3580 = CARTESIAN_POINT('',(21.857130745975,12.012697767769,
    79.901013880645));
#3581 = CARTESIAN_POINT('',(21.839242204544,12.023025721979,
    79.938531059678));
#3582 = CARTESIAN_POINT('',(21.804706479854,12.042964931926,
    80.016340808053));
#3583 = CARTESIAN_POINT('',(21.788143914466,12.052527333511,
    80.056683734255));
#3584 = CARTESIAN_POINT('',(21.772666158013,12.061463420365,
    80.097610060563));
#3585 = CARTESIAN_POINT('',(21.758292383588,12.069762122899,
    80.139070841612));
#3586 = CARTESIAN_POINT('',(21.74503949944,12.07741367913,
    80.181016089867));
#3587 = CARTESIAN_POINT('',(21.707947562132,12.098828719119,
    80.310739791452));
#3588 = CARTESIAN_POINT('',(21.6877963391,12.110463033161,
    80.399927638989));
#3589 = CARTESIAN_POINT('',(21.672597054473,12.119238344232,
    80.490509770548));
#3590 = CARTESIAN_POINT('',(21.662435489679,12.125105126401,
    80.582027430886));
#3591 = CARTESIAN_POINT('',(21.657354623681,12.128038565753,
    80.674014444012));
#3592 = CARTESIAN_POINT('',(21.657354623681,12.128038565753,
    80.857985555988));
#3593 = CARTESIAN_POINT('',(21.662435489679,12.125105126401,
    80.949972569115));
#3594 = CARTESIAN_POINT('',(21.672597054473,12.119238344232,
    81.041490229452));
#3595 = CARTESIAN_POINT('',(21.6877963391,12.110463033161,
    81.132072361011));
#3596 = CARTESIAN_POINT('',(21.707947562132,12.098828719119,
    81.221260208548));
#3597 = CARTESIAN_POINT('',(21.74503949944,12.07741367913,
    81.350983910133));
#3598 = CARTESIAN_POINT('',(21.758292383588,12.069762122899,
    81.392929158388));
#3599 = CARTESIAN_POINT('',(21.772666158013,12.061463420365,
    81.434389939437));
#3600 = CARTESIAN_POINT('',(21.788143914466,12.052527333511,
    81.475316265745));
#3601 = CARTESIAN_POINT('',(21.804706479854,12.042964931926,
    81.515659191947));
#3602 = CARTESIAN_POINT('',(21.839242204544,12.023025721979,
    81.593468940322));
#3603 = CARTESIAN_POINT('',(21.857130745975,12.012697767769,
    81.630986119355));
#3604 = CARTESIAN_POINT('',(21.875979098335,12.00181566646,
    81.667880052951));
#3605 = CARTESIAN_POINT('',(21.895766525218,11.990391390222,
    81.704109682919));
#3606 = CARTESIAN_POINT('',(21.916470496004,11.978437947116,
    81.739635191862));
#3607 = CARTESIAN_POINT('',(21.950936139209,11.958539198733,
    81.795145537541));
#3608 = CARTESIAN_POINT('',(21.964122440666,11.950926084038,
    81.815609349742));
#3609 = CARTESIAN_POINT('',(21.97762044871,11.94313300546,
    81.835801290625));
#3610 = CARTESIAN_POINT('',(21.991424814276,11.935163051285,
    81.855713402112));
#3611 = CARTESIAN_POINT('',(22.005529980754,11.927019429621,
    81.875337917202));
#3612 = CARTESIAN_POINT('',(22.02970423684,11.913062416363,
    81.907786937149));
#3613 = CARTESIAN_POINT('',(22.039614212634,11.90734088917,
    81.920770632329));
#3614 = CARTESIAN_POINT('',(22.04965830976,11.901541926991,
    81.933615977898));
#3615 = CARTESIAN_POINT('',(22.059834685766,11.895666593564,
    81.946320651162));
#3616 = CARTESIAN_POINT('',(22.070141457362,11.889715976209,
    81.958882374341));
#3617 = CARTESIAN_POINT('',(22.095959888851,11.874809697839,
    81.989602846454));
#3618 = CARTESIAN_POINT('',(22.11162226752,11.865767019298,
    82.007591279607));
#3619 = CARTESIAN_POINT('',(22.127557668265,11.856566711388,
    82.025257057316));
#3620 = CARTESIAN_POINT('',(22.143759747883,11.84721243636,
    82.042593253863));
#3621 = CARTESIAN_POINT('',(22.160221988126,11.837707957524,
    82.059593174535));
#3622 = CARTESIAN_POINT('',(22.307363327542,11.752755865603,
    82.206219329817));
#3623 = CARTESIAN_POINT('',(22.453274884655,11.668513788826,
    82.315376639701));
#3624 = CARTESIAN_POINT('',(22.611381849125,11.577230690329,
    82.400486439122));
#3625 = CARTESIAN_POINT('',(22.777938530462,11.481069145523,
    82.459591099071));
#3626 = CARTESIAN_POINT('',(22.949085502479,11.382257395158,
    82.491521444655));
#3627 = CARTESIAN_POINT('',(23.293131996275,11.183622059351,
    82.500930710709));
#3628 = CARTESIAN_POINT('',(23.4661999425,11.08370123401,82.47815096059)
  );
#3629 = CARTESIAN_POINT('',(23.635719378254,10.985829142145,
    82.427728190665));
#3630 = CARTESIAN_POINT('',(23.7977522471,10.892279421699,
    82.350649676764));
#3631 = CARTESIAN_POINT('',(23.948442214398,10.805278528515,
    82.248687795902));
#3632 = CARTESIAN_POINT('',(24.10228922041,10.71645491818,
    82.108585167721));
#3633 = CARTESIAN_POINT('',(24.11998730773,10.706236922702,
    82.09185250435));
#3634 = CARTESIAN_POINT('',(24.137420292411,10.696171984303,
    82.07474533257));
#3635 = CARTESIAN_POINT('',(24.15458065862,10.686264442253,
    82.057270705496));
#3636 = CARTESIAN_POINT('',(24.171461079118,10.676518526935,
    82.039435953453));
#3637 = CARTESIAN_POINT('',(24.206356118605,10.656371866494,
    82.001188943887));
#3638 = CARTESIAN_POINT('',(24.224308591066,10.646007001685,
    81.9807003529));
#3639 = CARTESIAN_POINT('',(24.241902253356,10.635849296026,
    81.959793121863));
#3640 = CARTESIAN_POINT('',(24.259127846832,10.625904094996,
    81.93847783249));
#3641 = CARTESIAN_POINT('',(24.275976433502,10.616176558947,
    81.916765437371));
#3642 = CARTESIAN_POINT('',(24.306839599268,10.598357701884,
    81.875337917202));
#3643 = CARTESIAN_POINT('',(24.320944765746,10.590214080221,
    81.855713402112));
#3644 = CARTESIAN_POINT('',(24.334749131312,10.582244126045,
    81.835801290625));
#3645 = CARTESIAN_POINT('',(24.348247139356,10.574451047467,
    81.815609349742));
#3646 = CARTESIAN_POINT('',(24.361433440813,10.566837932772,
    81.795145537541));
#3647 = CARTESIAN_POINT('',(24.395899084018,10.54693918439,
    81.739635191862));
#3648 = CARTESIAN_POINT('',(24.416603054804,10.534985741283,
    81.704109682919));
#3649 = CARTESIAN_POINT('',(24.436390481687,10.523561465046,
    81.667880052951));
#3650 = CARTESIAN_POINT('',(24.455238834048,10.512679363736,
    81.630986119355));
#3651 = CARTESIAN_POINT('',(24.473127375478,10.502351409526,
    81.593468940322));
#3652 = CARTESIAN_POINT('',(24.543990297406,10.461438682475,
    81.433813216466));
#3653 = CARTESIAN_POINT('',(24.58798384858,10.436038993862,
    81.306331613355));
#3654 = CARTESIAN_POINT('',(24.62139169668,10.416750963769,
    81.174316435118));
#3655 = CARTESIAN_POINT('',(24.643808352097,10.403808701729,
    81.039237411881));
#3656 = CARTESIAN_POINT('',(24.655014956341,10.397338565753,
    80.902612911395));
#3657 = CARTESIAN_POINT('',(24.655014956341,10.397338565753,80.766));
#3658 = PCURVE('',#2495,#3659);
#3659 = DEFINITIONAL_REPRESENTATION('',(#3660),#3798);
#3660 = B_SPLINE_CURVE_WITH_KNOTS('',6,(#3661,#3662,#3663,#3664,#3665,
    #3666,#3667,#3668,#3669,#3670,#3671,#3672,#3673,#3674,#3675,#3676,
    #3677,#3678,#3679,#3680,#3681,#3682,#3683,#3684,#3685,#3686,#3687,
    #3688,#3689,#3690,#3691,#3692,#3693,#3694,#3695,#3696,#3697,#3698,
    #3699,#3700,#3701,#3702,#3703,#3704,#3705,#3706,#3707,#3708,#3709,
    #3710,#3711,#3712,#3713,#3714,#3715,#3716,#3717,#3718,#3719,#3720,
    #3721,#3722,#3723,#3724,#3725,#3726,#3727,#3728,#3729,#3730,#3731,
    #3732,#3733,#3734,#3735,#3736,#3737,#3738,#3739,#3740,#3741,#3742,
    #3743,#3744,#3745,#3746,#3747,#3748,#3749,#3750,#3751,#3752,#3753,
    #3754,#3755,#3756,#3757,#3758,#3759,#3760,#3761,#3762,#3763,#3764,
    #3765,#3766,#3767,#3768,#3769,#3770,#3771,#3772,#3773,#3774,#3775,
    #3776,#3777,#3778,#3779,#3780,#3781,#3782,#3783,#3784,#3785,#3786,
    #3787,#3788,#3789,#3790,#3791,#3792,#3793,#3794,#3795,#3796,#3797),
  .UNSPECIFIED.,.T.,.F.,(7,5,5,5,5,5,5,5,5,5,5,5,5,5,5,5,5,5,5,5,5,5,5,5
    ,5,5,5,7),(0.,7.224055636033E-02,9.733026197215E-02,0.112388436022,
    0.121927766388,0.135990201272,0.143526214562,0.249748482256,
    0.356474625505,0.371042571788,0.387110361215,0.401164905343,
    0.424749792378,0.449333525253,0.500002074741,0.550670624229,
    0.575254357104,0.598839244138,0.612893788266,0.622433227037,
    0.636495859152,0.746220659612,0.856474180936,0.871042091422,
    0.887109841368,0.901164350962,0.924749180044,1.),.UNSPECIFIED.);
#3661 = CARTESIAN_POINT('',(4.63170124886,0.));
#3662 = CARTESIAN_POINT('',(4.63170124886,-3.247671920401E-02));
#3663 = CARTESIAN_POINT('',(4.62903295614,-6.495494434019E-02));
#3664 = CARTESIAN_POINT('',(4.623695886613,-9.715633323868E-02));
#3665 = CARTESIAN_POINT('',(4.615687209504,-0.128810307615));
#3666 = CARTESIAN_POINT('',(4.604994428012,-0.159636577541));
#3667 = CARTESIAN_POINT('',(4.586997828836,-0.1996567539));
#3668 = CARTESIAN_POINT('',(4.582037177369,-0.209838000379));
#3669 = CARTESIAN_POINT('',(4.576755618227,-0.219871954675));
#3670 = CARTESIAN_POINT('',(4.571154287089,-0.229746368371));
#3671 = CARTESIAN_POINT('',(4.565234858341,-0.239448918965));
#3672 = CARTESIAN_POINT('',(4.555257275879,-0.254679834927));
#3673 = CARTESIAN_POINT('',(4.551401236888,-0.260326093654));
#3674 = CARTESIAN_POINT('',(4.547431920284,-0.265903308234));
#3675 = CARTESIAN_POINT('',(4.543349925524,-0.271408802613));
#3676 = CARTESIAN_POINT('',(4.539155959334,-0.276839902501));
#3677 = CARTESIAN_POINT('',(4.532123546448,-0.285585707056));
#3678 = CARTESIAN_POINT('',(4.529351648788,-0.288946550951));
#3679 = CARTESIAN_POINT('',(4.526535351009,-0.292275788078));
#3680 = CARTESIAN_POINT('',(4.523674882471,-0.295572741483));
#3681 = CARTESIAN_POINT('',(4.520770493619,-0.298836736243));
#3682 = CARTESIAN_POINT('',(4.513476596719,-0.3068291499));
#3683 = CARTESIAN_POINT('',(4.509035885283,-0.311518116625));
#3684 = CARTESIAN_POINT('',(4.504501188742,-0.316131841592));
#3685 = CARTESIAN_POINT('',(4.499873490033,-0.320668186351));
#3686 = CARTESIAN_POINT('',(4.495153887969,-0.325125032041));
#3687 = CARTESIAN_POINT('',(4.487765778023,-0.331844960267));
#3688 = CARTESIAN_POINT('',(4.485161914868,-0.334166207807));
#3689 = CARTESIAN_POINT('',(4.482532195327,-0.336463699353));
#3690 = CARTESIAN_POINT('',(4.479876817589,-0.338737114743));
#3691 = CARTESIAN_POINT('',(4.47719599048,-0.340986136308));
#3692 = CARTESIAN_POINT('',(4.436347284046,-0.374562772067));
#3693 = CARTESIAN_POINT('',(4.393178425089,-0.401016202799));
#3694 = CARTESIAN_POINT('',(4.345627885925,-0.421660048116));
#3695 = CARTESIAN_POINT('',(4.294726300587,-0.435748025616));
#3696 = CARTESIAN_POINT('',(4.242130023253,-0.442827428047));
#3697 = CARTESIAN_POINT('',(4.136698591661,-0.442993871755));
#3698 = CARTESIAN_POINT('',(4.08382074892,-0.436014462763));
#3699 = CARTESIAN_POINT('',(4.032629921689,-0.421953623945));
#3700 = CARTESIAN_POINT('',(3.984811875315,-0.401267219733));
#3701 = CARTESIAN_POINT('',(3.941414090234,-0.374711520622));
#3702 = CARTESIAN_POINT('',(3.897859364642,-0.338910603422));
#3703 = CARTESIAN_POINT('',(3.892722536813,-0.334518420683));
#3704 = CARTESIAN_POINT('',(3.887681573852,-0.330036181277));
#3705 = CARTESIAN_POINT('',(3.882737913105,-0.325466196519));
#3706 = CARTESIAN_POINT('',(3.877892848032,-0.320810808414));
#3707 = CARTESIAN_POINT('',(3.867913653904,-0.310846126924));
#3708 = CARTESIAN_POINT('',(3.862801126214,-0.305518851558));
#3709 = CARTESIAN_POINT('',(3.857811484391,-0.300093747278));
#3710 = CARTESIAN_POINT('',(3.85294608886,-0.294574019303));
#3711 = CARTESIAN_POINT('',(3.848206121212,-0.288962894355));
#3712 = CARTESIAN_POINT('',(3.839557109408,-0.278278448683));
#3713 = CARTESIAN_POINT('',(3.835618371945,-0.273225830512));
#3714 = CARTESIAN_POINT('',(3.831777044517,-0.268107938136));
#3715 = CARTESIAN_POINT('',(3.828033716942,-0.26292694546));
#3716 = CARTESIAN_POINT('',(3.824388896161,-0.257685028304));
#3717 = CARTESIAN_POINT('',(3.814892659313,-0.243489336716));
#3718 = CARTESIAN_POINT('',(3.809220932087,-0.234428865853));
#3719 = CARTESIAN_POINT('',(3.803829780408,-0.225213251696));
#3720 = CARTESIAN_POINT('',(3.798720715475,-0.215852741661));
#3721 = CARTESIAN_POINT('',(3.793894803829,-0.206357530704));
#3722 = CARTESIAN_POINT('',(3.784618166419,-0.186710584156));
#3723 = CARTESIAN_POINT('',(3.780192034809,-0.176548060568));
#3724 = CARTESIAN_POINT('',(3.77607498583,-0.166261661073));
#3725 = CARTESIAN_POINT('',(3.772267481649,-0.155862754363));
#3726 = CARTESIAN_POINT('',(3.768769733293,-0.145362607309));
#3727 = CARTESIAN_POINT('',(3.759010973956,-0.112945300866));
#3728 = CARTESIAN_POINT('',(3.753755992007,-9.073521096948E-02));
#3729 = CARTESIAN_POINT('',(3.749816881447,-6.824064510437E-02));
#3730 = CARTESIAN_POINT('',(3.747191846365,-4.555692527835E-02));
#3731 = CARTESIAN_POINT('',(3.745879160713,-2.277828689996E-02));
#3732 = CARTESIAN_POINT('',(3.745879160713,2.277828689998E-02));
#3733 = CARTESIAN_POINT('',(3.747191846365,4.555692527836E-02));
#3734 = CARTESIAN_POINT('',(3.749816881447,6.824064510438E-02));
#3735 = CARTESIAN_POINT('',(3.753755992007,9.073521096949E-02));
#3736 = CARTESIAN_POINT('',(3.759010973956,0.112945300866));
#3737 = CARTESIAN_POINT('',(3.768769733293,0.145362607309));
#3738 = CARTESIAN_POINT('',(3.772267481649,0.155862754363));
#3739 = CARTESIAN_POINT('',(3.77607498583,0.166261661073));
#3740 = CARTESIAN_POINT('',(3.780192034809,0.176548060568));
#3741 = CARTESIAN_POINT('',(3.784618166419,0.186710584156));
#3742 = CARTESIAN_POINT('',(3.79389480383,0.206357530704));
#3743 = CARTESIAN_POINT('',(3.798720715475,0.215852741661));
#3744 = CARTESIAN_POINT('',(3.803829780408,0.225213251696));
#3745 = CARTESIAN_POINT('',(3.809220932087,0.234428865853));
#3746 = CARTESIAN_POINT('',(3.814892659314,0.243489336716));
#3747 = CARTESIAN_POINT('',(3.824388896161,0.257685028304));
#3748 = CARTESIAN_POINT('',(3.828033716942,0.26292694546));
#3749 = CARTESIAN_POINT('',(3.831777044517,0.268107938136));
#3750 = CARTESIAN_POINT('',(3.835618371945,0.273225830512));
#3751 = CARTESIAN_POINT('',(3.839557109408,0.278278448683));
#3752 = CARTESIAN_POINT('',(3.846331638885,0.286647276682));
#3753 = CARTESIAN_POINT('',(3.849115258688,0.289999861353));
#3754 = CARTESIAN_POINT('',(3.851943232225,0.293320695872));
#3755 = CARTESIAN_POINT('',(3.854815326863,0.296609103548));
#3756 = CARTESIAN_POINT('',(3.85773128873,0.299864409799));
#3757 = CARTESIAN_POINT('',(3.865053690457,0.307834987187));
#3758 = CARTESIAN_POINT('',(3.869511267744,0.312510638771));
#3759 = CARTESIAN_POINT('',(3.874062696011,0.317110740194));
#3760 = CARTESIAN_POINT('',(3.878706980156,0.321633154797));
#3761 = CARTESIAN_POINT('',(3.88344300854,0.326075765984));
#3762 = CARTESIAN_POINT('',(3.925929048162,0.364461271807));
#3763 = CARTESIAN_POINT('',(3.96911537714,0.393513237044));
#3764 = CARTESIAN_POINT('',(4.017206870484,0.416562010325));
#3765 = CARTESIAN_POINT('',(4.069178723505,0.432743096592));
#3766 = CARTESIAN_POINT('',(4.123255866963,0.441491816698));
#3767 = CARTESIAN_POINT('',(4.232124103547,0.444070498903));
#3768 = CARTESIAN_POINT('',(4.286968250421,0.437829585182));
#3769 = CARTESIAN_POINT('',(4.340192039041,0.423986657537));
#3770 = CARTESIAN_POINT('',(4.389892933533,0.40301819999));
#3771 = CARTESIAN_POINT('',(4.43489959823,0.375752734334));
#3772 = CARTESIAN_POINT('',(4.479721044931,0.338910603422));
#3773 = CARTESIAN_POINT('',(4.48485787276,0.334518420683));
#3774 = CARTESIAN_POINT('',(4.489898835721,0.330036181277));
#3775 = CARTESIAN_POINT('',(4.494842496468,0.325466196519));
#3776 = CARTESIAN_POINT('',(4.499687561541,0.320810808414));
#3777 = CARTESIAN_POINT('',(4.509666755669,0.310846126924));
#3778 = CARTESIAN_POINT('',(4.514779283359,0.305518851558));
#3779 = CARTESIAN_POINT('',(4.519768925182,0.300093747278));
#3780 = CARTESIAN_POINT('',(4.524634320713,0.294574019303));
#3781 = CARTESIAN_POINT('',(4.529374288361,0.288962894355));
#3782 = CARTESIAN_POINT('',(4.538023300164,0.278278448683));
#3783 = CARTESIAN_POINT('',(4.541962037628,0.273225830512));
#3784 = CARTESIAN_POINT('',(4.545803365056,0.268107938136));
#3785 = CARTESIAN_POINT('',(4.54954669263,0.26292694546));
#3786 = CARTESIAN_POINT('',(4.553191513412,0.257685028304));
#3787 = CARTESIAN_POINT('',(4.562687750259,0.243489336716));
#3788 = CARTESIAN_POINT('',(4.568359477486,0.234428865853));
#3789 = CARTESIAN_POINT('',(4.573750629165,0.225213251696));
#3790 = CARTESIAN_POINT('',(4.578859694097,0.215852741661));
#3791 = CARTESIAN_POINT('',(4.583685605743,0.206357530704));
#3792 = CARTESIAN_POINT('',(4.602720087819,0.166044491037));
#3793 = CARTESIAN_POINT('',(4.614324397554,0.134080715504));
#3794 = CARTESIAN_POINT('',(4.623014764252,0.101180589121));
#3795 = CARTESIAN_POINT('',(4.628806069633,6.766151246184E-02));
#3796 = CARTESIAN_POINT('',(4.63170124886,3.382931218465E-02));
#3797 = CARTESIAN_POINT('',(4.63170124886,0.));
#3798 = ( GEOMETRIC_REPRESENTATION_CONTEXT(2) 
PARAMETRIC_REPRESENTATION_CONTEXT() REPRESENTATION_CONTEXT('2D SPACE',''
  ) );
#3799 = PCURVE('',#3800,#3805);
#3800 = CYLINDRICAL_SURFACE('',#3801,1.7307);
#3801 = AXIS2_PLACEMENT_3D('',#3802,#3803,#3804);
#3802 = CARTESIAN_POINT('',(-5.298740538211E-15,-28.845,80.766));
#3803 = DIRECTION('',(0.5,0.866025403784,0.));
#3804 = DIRECTION('',(0.866025403784,-0.5,0.));
#3805 = DEFINITIONAL_REPRESENTATION('',(#3806),#3944);
#3806 = B_SPLINE_CURVE_WITH_KNOTS('',6,(#3807,#3808,#3809,#3810,#3811,
    #3812,#3813,#3814,#3815,#3816,#3817,#3818,#3819,#3820,#3821,#3822,
    #3823,#3824,#3825,#3826,#3827,#3828,#3829,#3830,#3831,#3832,#3833,
    #3834,#3835,#3836,#3837,#3838,#3839,#3840,#3841,#3842,#3843,#3844,
    #3845,#3846,#3847,#3848,#3849,#3850,#3851,#3852,#3853,#3854,#3855,
    #3856,#3857,#3858,#3859,#3860,#3861,#3862,#3863,#3864,#3865,#3866,
    #3867,#3868,#3869,#3870,#3871,#3872,#3873,#3874,#3875,#3876,#3877,
    #3878,#3879,#3880,#3881,#3882,#3883,#3884,#3885,#3886,#3887,#3888,
    #3889,#3890,#3891,#3892,#3893,#3894,#3895,#3896,#3897,#3898,#3899,
    #3900,#3901,#3902,#3903,#3904,#3905,#3906,#3907,#3908,#3909,#3910,
    #3911,#3912,#3913,#3914,#3915,#3916,#3917,#3918,#3919,#3920,#3921,
    #3922,#3923,#3924,#3925,#3926,#3927,#3928,#3929,#3930,#3931,#3932,
    #3933,#3934,#3935,#3936,#3937,#3938,#3939,#3940,#3941,#3942,#3943),
  .UNSPECIFIED.,.F.,.F.,(7,5,5,5,5,5,5,5,5,5,5,5,5,5,5,5,5,5,5,5,5,5,5,5
    ,5,5,5,7),(0.,7.224055636033E-02,9.733026197215E-02,0.112388436022,
    0.121927766388,0.135990201272,0.143526214562,0.249748482256,
    0.356474625505,0.371042571788,0.387110361215,0.401164905343,
    0.424749792378,0.449333525253,0.500002074741,0.550670624229,
    0.575254357104,0.598839244138,0.612893788266,0.622433227037,
    0.636495859152,0.746220659612,0.856474180936,0.871042091422,
    0.887109841368,0.901164350962,0.924749180044,1.),.UNSPECIFIED.);
#3807 = CARTESIAN_POINT('',(0.,46.312369580022));
#3808 = CARTESIAN_POINT('',(7.577901147602E-02,46.312369580022));
#3809 = CARTESIAN_POINT('',(0.151561437198,46.312369580022));
#3810 = CARTESIAN_POINT('',(0.227337909266,46.312369580022));
#3811 = CARTESIAN_POINT('',(0.303114431696,46.312369580022));
#3812 = CARTESIAN_POINT('',(0.378895126179,46.312369580022));
#3813 = CARTESIAN_POINT('',(0.480977306038,46.312369580022));
#3814 = CARTESIAN_POINT('',(0.507291042586,46.312369580022));
#3815 = CARTESIAN_POINT('',(0.533603630442,46.312369580022));
#3816 = CARTESIAN_POINT('',(0.559914800147,46.312369580022));
#3817 = CARTESIAN_POINT('',(0.58622424738,46.312369580022));
#3818 = CARTESIAN_POINT('',(0.628320626144,46.312369580022));
#3819 = CARTESIAN_POINT('',(0.644108881337,46.312369580022));
#3820 = CARTESIAN_POINT('',(0.659896325363,46.312369580022));
#3821 = CARTESIAN_POINT('',(0.675682882434,46.312369580022));
#3822 = CARTESIAN_POINT('',(0.691468474151,46.312369580022));
#3823 = CARTESIAN_POINT('',(0.717252504982,46.312369580022));
#3824 = CARTESIAN_POINT('',(0.727251571085,46.312369580022));
#3825 = CARTESIAN_POINT('',(0.737250197328,46.312369580022));
#3826 = CARTESIAN_POINT('',(0.747248363158,46.312369580022));
#3827 = CARTESIAN_POINT('',(0.757246047943,46.312369580022));
#3828 = CARTESIAN_POINT('',(0.781980610861,46.312369580022));
#3829 = CARTESIAN_POINT('',(0.796716901656,46.312369580022));
#3830 = CARTESIAN_POINT('',(0.811452036289,46.312369580022));
#3831 = CARTESIAN_POINT('',(0.826185949415,46.312369580022));
#3832 = CARTESIAN_POINT('',(0.840918577419,46.312369580022));
#3833 = CARTESIAN_POINT('',(0.863544304171,46.312369580022));
#3834 = CARTESIAN_POINT('',(0.871438363399,46.312369580022));
#3835 = CARTESIAN_POINT('',(0.879332026693,46.312369580022));
#3836 = CARTESIAN_POINT('',(0.887225284965,46.312369580022));
#3837 = CARTESIAN_POINT('',(0.895118129445,46.312369580022));
#3838 = CARTESIAN_POINT('',(1.014256505687,46.312369580022));
#3839 = CARTESIAN_POINT('',(1.125456678287,46.312369580022));
#3840 = CARTESIAN_POINT('',(1.236495613599,46.312369580022));
#3841 = CARTESIAN_POINT('',(1.347429346027,46.312369580022));
#3842 = CARTESIAN_POINT('',(1.458345914623,46.312369580022));
#3843 = CARTESIAN_POINT('',(1.680615290106,46.312369580022));
#3844 = CARTESIAN_POINT('',(1.792057632108,46.312369580022));
#3845 = CARTESIAN_POINT('',(1.903515961292,46.312369580022));
#3846 = CARTESIAN_POINT('',(2.015080361226,46.312369580022));
#3847 = CARTESIAN_POINT('',(2.126808350496,46.312369580022));
#3848 = CARTESIAN_POINT('',(2.253839038553,46.312369580022));
#3849 = CARTESIAN_POINT('',(2.269097554084,46.312369580022));
#3850 = CARTESIAN_POINT('',(2.284357586422,46.312369580022));
#3851 = CARTESIAN_POINT('',(2.29961906985,46.312369580022));
#3852 = CARTESIAN_POINT('',(2.314881935007,46.312369580022));
#3853 = CARTESIAN_POINT('',(2.346981806049,46.312369580022));
#3854 = CARTESIAN_POINT('',(2.363819098466,46.312369580022));
#3855 = CARTESIAN_POINT('',(2.380657888227,46.312369580022));
#3856 = CARTESIAN_POINT('',(2.397498076892,46.312369580022));
#3857 = CARTESIAN_POINT('',(2.414339565492,46.312369580022));
#3858 = CARTESIAN_POINT('',(2.44591460571,46.312369580022));
#3859 = CARTESIAN_POINT('',(2.460647877561,46.312369580022));
#3860 = CARTESIAN_POINT('',(2.475382004196,46.312369580022));
#3861 = CARTESIAN_POINT('',(2.490116921592,46.312369580022));
#3862 = CARTESIAN_POINT('',(2.504852567608,46.312369580022));
#3863 = CARTESIAN_POINT('',(2.544317845538,46.312369580022));
#3864 = CARTESIAN_POINT('',(2.569048700899,46.312369580022));
#3865 = CARTESIAN_POINT('',(2.593781162175,46.312369580022));
#3866 = CARTESIAN_POINT('',(2.618514970031,46.312369580022));
#3867 = CARTESIAN_POINT('',(2.643249891681,46.312369580022));
#3868 = CARTESIAN_POINT('',(2.693769139598,46.312369580022));
#3869 = CARTESIAN_POINT('',(2.719553562293,46.312369580022));
#3870 = CARTESIAN_POINT('',(2.74533876388,46.312369580022));
#3871 = CARTESIAN_POINT('',(2.771124554456,46.312369580022));
#3872 = CARTESIAN_POINT('',(2.796910779306,46.312369580022));
#3873 = CARTESIAN_POINT('',(2.875844925265,46.312369580022));
#3874 = CARTESIAN_POINT('',(2.928994711474,46.312369580022));
#3875 = CARTESIAN_POINT('',(2.98214390755,46.312369580022));
#3876 = CARTESIAN_POINT('',(3.035293130862,46.312369580022));
#3877 = CARTESIAN_POINT('',(3.08844331749,46.312369580022));
#3878 = CARTESIAN_POINT('',(3.19474198969,46.312369580022));
#3879 = CARTESIAN_POINT('',(3.247892176318,46.312369580022));
#3880 = CARTESIAN_POINT('',(3.30104139963,46.312369580022));
#3881 = CARTESIAN_POINT('',(3.354190595706,46.312369580022));
#3882 = CARTESIAN_POINT('',(3.407340381914,46.312369580022));
#3883 = CARTESIAN_POINT('',(3.486274527873,46.312369580022));
#3884 = CARTESIAN_POINT('',(3.512060752724,46.312369580022));
#3885 = CARTESIAN_POINT('',(3.5378465433,46.312369580022));
#3886 = CARTESIAN_POINT('',(3.563631744887,46.312369580022));
#3887 = CARTESIAN_POINT('',(3.589416167581,46.312369580022));
#3888 = CARTESIAN_POINT('',(3.639935415498,46.312369580022));
#3889 = CARTESIAN_POINT('',(3.664670337148,46.312369580022));
#3890 = CARTESIAN_POINT('',(3.689404145004,46.312369580022));
#3891 = CARTESIAN_POINT('',(3.714136606281,46.312369580022));
#3892 = CARTESIAN_POINT('',(3.738867461642,46.312369580022));
#3893 = CARTESIAN_POINT('',(3.778332739572,46.312369580022));
#3894 = CARTESIAN_POINT('',(3.793068385587,46.312369580022));
#3895 = CARTESIAN_POINT('',(3.807803302984,46.312369580022));
#3896 = CARTESIAN_POINT('',(3.822537429618,46.312369580022));
#3897 = CARTESIAN_POINT('',(3.83727070147,46.312369580022));
#3898 = CARTESIAN_POINT('',(3.862002548939,46.312369580022));
#3899 = CARTESIAN_POINT('',(3.872001621564,46.312369580022));
#3900 = CARTESIAN_POINT('',(3.882000249999,46.312369580022));
#3901 = CARTESIAN_POINT('',(3.891998413669,46.312369580022));
#3902 = CARTESIAN_POINT('',(3.90199609194,46.312369580022));
#3903 = CARTESIAN_POINT('',(3.926730667222,46.312369580022));
#3904 = CARTESIAN_POINT('',(3.9414669718,46.312369580022));
#3905 = CARTESIAN_POINT('',(3.956202110818,46.312369580022));
#3906 = CARTESIAN_POINT('',(3.970936019068,46.312369580022));
#3907 = CARTESIAN_POINT('',(3.985668633167,46.312369580022));
#3908 = CARTESIAN_POINT('',(4.115341701457,46.312369580022));
#3909 = CARTESIAN_POINT('',(4.230247606482,46.312369580022));
#3910 = CARTESIAN_POINT('',(4.344977576693,46.312369580022));
#3911 = CARTESIAN_POINT('',(4.459590192154,46.312369580022));
#3912 = CARTESIAN_POINT('',(4.574180705465,46.312369580022));
#3913 = CARTESIAN_POINT('',(4.803788427289,46.312369580022));
#3914 = CARTESIAN_POINT('',(4.918911656691,46.312369580022));
#3915 = CARTESIAN_POINT('',(5.034041588575,46.312369580022));
#3916 = CARTESIAN_POINT('',(5.149283622943,46.312369580022));
#3917 = CARTESIAN_POINT('',(5.264706515099,46.312369580022));
#3918 = CARTESIAN_POINT('',(5.395431692143,46.312369580022));
#3919 = CARTESIAN_POINT('',(5.410690207674,46.312369580022));
#3920 = CARTESIAN_POINT('',(5.425950240012,46.312369580022));
#3921 = CARTESIAN_POINT('',(5.441211723439,46.312369580022));
#3922 = CARTESIAN_POINT('',(5.456474588597,46.312369580022));
#3923 = CARTESIAN_POINT('',(5.488574459639,46.312369580022));
#3924 = CARTESIAN_POINT('',(5.505411752056,46.312369580022));
#3925 = CARTESIAN_POINT('',(5.522250541817,46.312369580022));
#3926 = CARTESIAN_POINT('',(5.539090730482,46.312369580022));
#3927 = CARTESIAN_POINT('',(5.555932219082,46.312369580022));
#3928 = CARTESIAN_POINT('',(5.5875072593,46.312369580022));
#3929 = CARTESIAN_POINT('',(5.602240531151,46.312369580022));
#3930 = CARTESIAN_POINT('',(5.616974657785,46.312369580022));
#3931 = CARTESIAN_POINT('',(5.631709575182,46.312369580022));
#3932 = CARTESIAN_POINT('',(5.646445221198,46.312369580022));
#3933 = CARTESIAN_POINT('',(5.685910499127,46.312369580022));
#3934 = CARTESIAN_POINT('',(5.710641354489,46.312369580022));
#3935 = CARTESIAN_POINT('',(5.735373815765,46.312369580022));
#3936 = CARTESIAN_POINT('',(5.760107623621,46.312369580022));
#3937 = CARTESIAN_POINT('',(5.784842545271,46.312369580022));
#3938 = CARTESIAN_POINT('',(5.888501627369,46.312369580022));
#3939 = CARTESIAN_POINT('',(5.967440189429,46.312369580022));
#3940 = CARTESIAN_POINT('',(6.046374073085,46.312369580022));
#3941 = CARTESIAN_POINT('',(6.125308577668,46.312369580022));
#3942 = CARTESIAN_POINT('',(6.204250245415,46.312369580022));
#3943 = CARTESIAN_POINT('',(6.28318530718,46.312369580022));
#3944 = ( GEOMETRIC_REPRESENTATION_CONTEXT(2) 
PARAMETRIC_REPRESENTATION_CONTEXT() REPRESENTATION_CONTEXT('2D SPACE',''
  ) );
#3945 = ADVANCED_FACE('',(#3946),#2829,.T.);
#3946 = FACE_BOUND('',#3947,.T.);
#3947 = EDGE_LOOP('',(#3948,#3949,#3970,#3971,#3972,#3973));
#3948 = ORIENTED_EDGE('',*,*,#3435,.T.);
#3949 = ORIENTED_EDGE('',*,*,#3950,.T.);
#3950 = EDGE_CURVE('',#3436,#2768,#3951,.T.);
#3951 = SEAM_CURVE('',#3952,(#3956,#3963),.PCURVE_S1.);
#3952 = LINE('',#3953,#3954);
#3953 = CARTESIAN_POINT('',(24.980502772162,12.6918,80.766));
#3954 = VECTOR('',#3955,1.);
#3955 = DIRECTION('',(-1.,-3.555486564065E-17,0.));
#3956 = PCURVE('',#2829,#3957);
#3957 = DEFINITIONAL_REPRESENTATION('',(#3958),#3962);
#3958 = LINE('',#3959,#3960);
#3959 = CARTESIAN_POINT('',(0.,-0.));
#3960 = VECTOR('',#3961,1.);
#3961 = DIRECTION('',(0.,1.));
#3962 = ( GEOMETRIC_REPRESENTATION_CONTEXT(2) 
PARAMETRIC_REPRESENTATION_CONTEXT() REPRESENTATION_CONTEXT('2D SPACE',''
  ) );
#3963 = PCURVE('',#2829,#3964);
#3964 = DEFINITIONAL_REPRESENTATION('',(#3965),#3969);
#3965 = LINE('',#3966,#3967);
#3966 = CARTESIAN_POINT('',(6.28318530718,-0.));
#3967 = VECTOR('',#3968,1.);
#3968 = DIRECTION('',(0.,1.));
#3969 = ( GEOMETRIC_REPRESENTATION_CONTEXT(2) 
PARAMETRIC_REPRESENTATION_CONTEXT() REPRESENTATION_CONTEXT('2D SPACE',''
  ) );
#3970 = ORIENTED_EDGE('',*,*,#2767,.F.);
#3971 = ORIENTED_EDGE('',*,*,#2984,.F.);
#3972 = ORIENTED_EDGE('',*,*,#2864,.F.);
#3973 = ORIENTED_EDGE('',*,*,#3950,.F.);
#3974 = ADVANCED_FACE('',(#3975),#3222,.T.);
#3975 = FACE_BOUND('',#3976,.T.);
#3976 = EDGE_LOOP('',(#3977,#4000,#4001,#4002));
#3977 = ORIENTED_EDGE('',*,*,#3978,.F.);
#3978 = EDGE_CURVE('',#3151,#3979,#3981,.T.);
#3979 = VERTEX_POINT('',#3980);
#3980 = CARTESIAN_POINT('',(-3.323148148481,-26.55053856575,80.766));
#3981 = SEAM_CURVE('',#3982,(#3986,#3993),.PCURVE_S1.);
#3982 = LINE('',#3983,#3984);
#3983 = CARTESIAN_POINT('',(-26.47933293849,13.55715,80.766));
#3984 = VECTOR('',#3985,1.);
#3985 = DIRECTION('',(0.5,-0.866025403784,0.));
#3986 = PCURVE('',#3222,#3987);
#3987 = DEFINITIONAL_REPRESENTATION('',(#3988),#3992);
#3988 = LINE('',#3989,#3990);
#3989 = CARTESIAN_POINT('',(0.,-0.));
#3990 = VECTOR('',#3991,1.);
#3991 = DIRECTION('',(0.,1.));
#3992 = ( GEOMETRIC_REPRESENTATION_CONTEXT(2) 
PARAMETRIC_REPRESENTATION_CONTEXT() REPRESENTATION_CONTEXT('2D SPACE',''
  ) );
#3993 = PCURVE('',#3222,#3994);
#3994 = DEFINITIONAL_REPRESENTATION('',(#3995),#3999);
#3995 = LINE('',#3996,#3997);
#3996 = CARTESIAN_POINT('',(6.28318530718,-0.));
#3997 = VECTOR('',#3998,1.);
#3998 = DIRECTION('',(0.,1.));
#3999 = ( GEOMETRIC_REPRESENTATION_CONTEXT(2) 
PARAMETRIC_REPRESENTATION_CONTEXT() REPRESENTATION_CONTEXT('2D SPACE',''
  ) );
#4000 = ORIENTED_EDGE('',*,*,#3150,.T.);
#4001 = ORIENTED_EDGE('',*,*,#3978,.T.);
#4002 = ORIENTED_EDGE('',*,*,#4003,.F.);
#4003 = EDGE_CURVE('',#3979,#3979,#4004,.T.);
#4004 = SURFACE_CURVE('',#4005,(#4143,#4284),.PCURVE_S1.);
#4005 = B_SPLINE_CURVE_WITH_KNOTS('',6,(#4006,#4007,#4008,#4009,#4010,
    #4011,#4012,#4013,#4014,#4015,#4016,#4017,#4018,#4019,#4020,#4021,
    #4022,#4023,#4024,#4025,#4026,#4027,#4028,#4029,#4030,#4031,#4032,
    #4033,#4034,#4035,#4036,#4037,#4038,#4039,#4040,#4041,#4042,#4043,
    #4044,#4045,#4046,#4047,#4048,#4049,#4050,#4051,#4052,#4053,#4054,
    #4055,#4056,#4057,#4058,#4059,#4060,#4061,#4062,#4063,#4064,#4065,
    #4066,#4067,#4068,#4069,#4070,#4071,#4072,#4073,#4074,#4075,#4076,
    #4077,#4078,#4079,#4080,#4081,#4082,#4083,#4084,#4085,#4086,#4087,
    #4088,#4089,#4090,#4091,#4092,#4093,#4094,#4095,#4096,#4097,#4098,
    #4099,#4100,#4101,#4102,#4103,#4104,#4105,#4106,#4107,#4108,#4109,
    #4110,#4111,#4112,#4113,#4114,#4115,#4116,#4117,#4118,#4119,#4120,
    #4121,#4122,#4123,#4124,#4125,#4126,#4127,#4128,#4129,#4130,#4131,
    #4132,#4133,#4134,#4135,#4136,#4137,#4138,#4139,#4140,#4141,#4142),
  .UNSPECIFIED.,.T.,.F.,(7,5,5,5,5,5,5,5,5,5,5,5,5,5,5,5,5,5,5,5,5,5,5,5
    ,5,5,5,7),(0.,7.224055636039E-02,9.73302619722E-02,0.112388436022,
    0.121927766388,0.135990201272,0.143526214562,0.249748482256,
    0.356474625505,0.371042571788,0.387110361215,0.401164905343,
    0.424749792378,0.449333525252,0.500002074741,0.550670624229,
    0.575254357104,0.598839244138,0.612893788266,0.622433227037,
    0.636495859152,0.746220659612,0.856474180935,0.871042091422,
    0.887109841368,0.901164350962,0.924749180044,1.),.UNSPECIFIED.);
#4006 = CARTESIAN_POINT('',(-3.323148148481,-26.55053856575,80.766));
#4007 = CARTESIAN_POINT('',(-3.323148148481,-26.55053856575,
    80.634849264839));
#4008 = CARTESIAN_POINT('',(-3.312819775632,-26.5445754769,
    80.503692503823));
#4009 = CARTESIAN_POINT('',(-3.292161336357,-26.53264832143,
    80.373902363305));
#4010 = CARTESIAN_POINT('',(-3.2613574291,-26.51486367728,
    80.246821896272));
#4011 = CARTESIAN_POINT('',(-3.22075292738,-26.49142065728,
    80.123756236693));
#4012 = CARTESIAN_POINT('',(-3.153559868756,-26.4526267268,
    79.965031018463));
#4013 = CARTESIAN_POINT('',(-3.135120556104,-26.44198078467,
    79.924747920508));
#4014 = CARTESIAN_POINT('',(-3.115584841272,-26.43070183446,
    79.885149186625));
#4015 = CARTESIAN_POINT('',(-3.094976986101,-26.41880388373,
    79.846284691324));
#4016 = CARTESIAN_POINT('',(-3.073323568791,-26.40630227741,
    79.808202762692));
#4017 = CARTESIAN_POINT('',(-3.037047501864,-26.38535828041,
    79.748592174425));
#4018 = CARTESIAN_POINT('',(-3.023075294518,-26.37729142274,
    79.726532878108));
#4019 = CARTESIAN_POINT('',(-3.008743100721,-26.36901672679,
    79.704782387423));
#4020 = CARTESIAN_POINT('',(-2.994057434332,-26.36053795335,
    79.683350546934));
#4021 = CARTESIAN_POINT('',(-2.979025084224,-26.35185902196,
    79.662246951788));
#4022 = CARTESIAN_POINT('',(-2.953914994681,-26.33736170501,
    79.628325715708));
#4023 = CARTESIAN_POINT('',(-2.94404057711,-26.33166070737,
    79.615305963528));
#4024 = CARTESIAN_POINT('',(-2.934031656429,-26.32588205432,
    79.602424065508));
#4025 = CARTESIAN_POINT('',(-2.923890068489,-26.32002680579,
    79.589682351244));
#4026 = CARTESIAN_POINT('',(-2.913617690125,-26.31409604537,
    79.577083105597));
#4027 = CARTESIAN_POINT('',(-2.887883401218,-26.29923834675,
    79.546268672613));
#4028 = CARTESIAN_POINT('',(-2.872270302814,-26.29022412018,
    79.528223243059));
#4029 = CARTESIAN_POINT('',(-2.856383291834,-26.28105175011,
    79.510499459988));
#4030 = CARTESIAN_POINT('',(-2.840228692001,-26.27172488755,
    79.493104273127));
#4031 = CARTESIAN_POINT('',(-2.82381300288,-26.26224728502,
    79.476044401966));
#4032 = CARTESIAN_POINT('',(-2.798209445682,-26.24746506438,
    79.450367178254));
#4033 = CARTESIAN_POINT('',(-2.789202926537,-26.24226514813,
    79.441506181184));
#4034 = CARTESIAN_POINT('',(-2.780124369015,-26.2370236405,
    79.432744342525));
#4035 = CARTESIAN_POINT('',(-2.7709748127,-26.2317411417,79.424082640016
    ));
#4036 = CARTESIAN_POINT('',(-2.761755310174,-26.22641825943,
    79.415522031157));
#4037 = CARTESIAN_POINT('',(-2.621544503807,-26.14546751263,
    79.287837372348));
#4038 = CARTESIAN_POINT('',(-2.476890758804,-26.06195163401,
    79.188840447894));
#4039 = CARTESIAN_POINT('',(-2.32158915822,-25.97228821311,
    79.112829625433));
#4040 = CARTESIAN_POINT('',(-2.159073478457,-25.87845974165,
    79.061438424111));
#4041 = CARTESIAN_POINT('',(-1.992861844069,-25.7824974098,
    79.035605084529));
#4042 = CARTESIAN_POINT('',(-1.659718214184,-25.5901568454,
    79.03499779186));
#4043 = CARTESIAN_POINT('',(-1.492648339132,-25.49369900807,
    79.060466391634));
#4044 = CARTESIAN_POINT('',(-1.329258851213,-25.39936604324,
    79.111748988592));
#4045 = CARTESIAN_POINT('',(-1.173118682276,-25.30921847467,
    79.187901022989));
#4046 = CARTESIAN_POINT('',(-1.027712611315,-25.22526824046,
    79.287271713877));
#4047 = CARTESIAN_POINT('',(-0.878213551753,-25.13895491818,
    79.423414832279));
#4048 = CARTESIAN_POINT('',(-0.860515464433,-25.1287369227,
    79.44014749565));
#4049 = CARTESIAN_POINT('',(-0.843082479751,-25.1186719843,
    79.457254667429));
#4050 = CARTESIAN_POINT('',(-0.825922113542,-25.10876444225,
    79.474729294504));
#4051 = CARTESIAN_POINT('',(-0.809041693044,-25.09901852693,
    79.492564046547));
#4052 = CARTESIAN_POINT('',(-0.774146653558,-25.07887186649,
    79.530811056113));
#4053 = CARTESIAN_POINT('',(-0.756194181096,-25.06850700168,
    79.551299647099));
#4054 = CARTESIAN_POINT('',(-0.738600518806,-25.05834929602,
    79.572206878137));
#4055 = CARTESIAN_POINT('',(-0.721374925331,-25.04840409499,
    79.59352216751));
#4056 = CARTESIAN_POINT('',(-0.70452633866,-25.03867655894,
    79.615234562629));
#4057 = CARTESIAN_POINT('',(-0.673663172894,-25.02085770188,
    79.656662082798));
#4058 = CARTESIAN_POINT('',(-0.659558006416,-25.01271408022,
    79.676286597888));
#4059 = CARTESIAN_POINT('',(-0.64575364085,-25.00474412604,
    79.696198709375));
#4060 = CARTESIAN_POINT('',(-0.632255632806,-24.99695104746,
    79.716390650258));
#4061 = CARTESIAN_POINT('',(-0.619069331349,-24.98933793277,
    79.736854462459));
#4062 = CARTESIAN_POINT('',(-0.584603688144,-24.96943918439,
    79.792364808138));
#4063 = CARTESIAN_POINT('',(-0.563899717359,-24.95748574128,
    79.827890317081));
#4064 = CARTESIAN_POINT('',(-0.544112290476,-24.94606146504,
    79.864119947049));
#4065 = CARTESIAN_POINT('',(-0.525263938115,-24.93517936373,
    79.901013880645));
#4066 = CARTESIAN_POINT('',(-0.507375396684,-24.92485140952,
    79.938531059678));
#4067 = CARTESIAN_POINT('',(-0.472839671994,-24.90491219957,
    80.016340808053));
#4068 = CARTESIAN_POINT('',(-0.456277106606,-24.89534979799,
    80.056683734255));
#4069 = CARTESIAN_POINT('',(-0.440799350154,-24.88641371114,
    80.097610060563));
#4070 = CARTESIAN_POINT('',(-0.426425575728,-24.8781150086,
    80.139070841612));
#4071 = CARTESIAN_POINT('',(-0.41317269158,-24.87046345237,
    80.181016089867));
#4072 = CARTESIAN_POINT('',(-0.376080754272,-24.84904841238,
    80.310739791452));
#4073 = CARTESIAN_POINT('',(-0.35592953124,-24.83741409834,
    80.399927638989));
#4074 = CARTESIAN_POINT('',(-0.340730246613,-24.82863878727,
    80.490509770548));
#4075 = CARTESIAN_POINT('',(-0.330568681819,-24.8227720051,
    80.582027430885));
#4076 = CARTESIAN_POINT('',(-0.325487815821,-24.81983856575,
    80.674014444012));
#4077 = CARTESIAN_POINT('',(-0.325487815821,-24.81983856575,
    80.857985555988));
#4078 = CARTESIAN_POINT('',(-0.330568681819,-24.8227720051,
    80.949972569115));
#4079 = CARTESIAN_POINT('',(-0.340730246613,-24.82863878727,
    81.041490229452));
#4080 = CARTESIAN_POINT('',(-0.35592953124,-24.83741409834,
    81.132072361011));
#4081 = CARTESIAN_POINT('',(-0.376080754272,-24.84904841238,
    81.221260208548));
#4082 = CARTESIAN_POINT('',(-0.41317269158,-24.87046345237,
    81.350983910133));
#4083 = CARTESIAN_POINT('',(-0.426425575728,-24.8781150086,
    81.392929158388));
#4084 = CARTESIAN_POINT('',(-0.440799350154,-24.88641371114,
    81.434389939437));
#4085 = CARTESIAN_POINT('',(-0.456277106606,-24.89534979799,
    81.475316265745));
#4086 = CARTESIAN_POINT('',(-0.472839671994,-24.90491219957,
    81.515659191947));
#4087 = CARTESIAN_POINT('',(-0.507375396684,-24.92485140952,
    81.593468940322));
#4088 = CARTESIAN_POINT('',(-0.525263938115,-24.93517936373,
    81.630986119355));
#4089 = CARTESIAN_POINT('',(-0.544112290476,-24.94606146504,
    81.667880052951));
#4090 = CARTESIAN_POINT('',(-0.563899717359,-24.95748574128,
    81.704109682919));
#4091 = CARTESIAN_POINT('',(-0.584603688144,-24.96943918438,
    81.739635191862));
#4092 = CARTESIAN_POINT('',(-0.619069331349,-24.98933793277,
    81.795145537541));
#4093 = CARTESIAN_POINT('',(-0.632255632806,-24.99695104746,
    81.815609349742));
#4094 = CARTESIAN_POINT('',(-0.64575364085,-25.00474412604,
    81.835801290625));
#4095 = CARTESIAN_POINT('',(-0.659558006416,-25.01271408022,
    81.855713402112));
#4096 = CARTESIAN_POINT('',(-0.673663172894,-25.02085770188,
    81.875337917202));
#4097 = CARTESIAN_POINT('',(-0.69783742898,-25.03481471514,
    81.907786937149));
#4098 = CARTESIAN_POINT('',(-0.707747404774,-25.04053624233,
    81.920770632329));
#4099 = CARTESIAN_POINT('',(-0.717791501901,-25.04633520451,
    81.933615977898));
#4100 = CARTESIAN_POINT('',(-0.727967877907,-25.05221053794,
    81.946320651162));
#4101 = CARTESIAN_POINT('',(-0.738274649502,-25.05816115529,
    81.958882374341));
#4102 = CARTESIAN_POINT('',(-0.764093080991,-25.07306743366,
    81.989602846454));
#4103 = CARTESIAN_POINT('',(-0.77975545966,-25.0821101122,
    82.007591279607));
#4104 = CARTESIAN_POINT('',(-0.795690860405,-25.09131042011,
    82.025257057316));
#4105 = CARTESIAN_POINT('',(-0.811892940023,-25.10066469514,
    82.042593253863));
#4106 = CARTESIAN_POINT('',(-0.828355180266,-25.11016917398,
    82.059593174535));
#4107 = CARTESIAN_POINT('',(-0.975496519683,-25.1951212659,
    82.206219329817));
#4108 = CARTESIAN_POINT('',(-1.121408076795,-25.27936334267,
    82.315376639701));
#4109 = CARTESIAN_POINT('',(-1.279515041265,-25.37064644117,
    82.400486439122));
#4110 = CARTESIAN_POINT('',(-1.446071722602,-25.46680798598,
    82.459591099071));
#4111 = CARTESIAN_POINT('',(-1.617218694619,-25.56561973634,
    82.491521444655));
#4112 = CARTESIAN_POINT('',(-1.961265188416,-25.76425507215,
    82.500930710709));
#4113 = CARTESIAN_POINT('',(-2.134333134641,-25.86417589749,
    82.47815096059));
#4114 = CARTESIAN_POINT('',(-2.303852570394,-25.96204798936,
    82.427728190665));
#4115 = CARTESIAN_POINT('',(-2.46588543924,-26.0555977098,
    82.350649676764));
#4116 = CARTESIAN_POINT('',(-2.616575406538,-26.14259860299,
    82.248687795902));
#4117 = CARTESIAN_POINT('',(-2.77042241255,-26.23142221332,
    82.108585167721));
#4118 = CARTESIAN_POINT('',(-2.78812049987,-26.2416402088,82.09185250435
    ));
#4119 = CARTESIAN_POINT('',(-2.805553484552,-26.2517051472,
    82.07474533257));
#4120 = CARTESIAN_POINT('',(-2.82271385076,-26.26161268925,
    82.057270705496));
#4121 = CARTESIAN_POINT('',(-2.839594271258,-26.27135860457,
    82.039435953453));
#4122 = CARTESIAN_POINT('',(-2.874489310745,-26.29150526501,
    82.001188943887));
#4123 = CARTESIAN_POINT('',(-2.892441783207,-26.30187012982,
    81.9807003529));
#4124 = CARTESIAN_POINT('',(-2.910035445497,-26.31202783547,
    81.959793121863));
#4125 = CARTESIAN_POINT('',(-2.927261038972,-26.3219730365,
    81.93847783249));
#4126 = CARTESIAN_POINT('',(-2.944109625642,-26.33170057255,
    81.916765437371));
#4127 = CARTESIAN_POINT('',(-2.974972791408,-26.34951942962,
    81.875337917202));
#4128 = CARTESIAN_POINT('',(-2.989077957886,-26.35766305128,
    81.855713402112));
#4129 = CARTESIAN_POINT('',(-3.002882323452,-26.36563300546,
    81.835801290625));
#4130 = CARTESIAN_POINT('',(-3.016380331497,-26.37342608403,
    81.815609349742));
#4131 = CARTESIAN_POINT('',(-3.029566632953,-26.38103919873,
    81.795145537541));
#4132 = CARTESIAN_POINT('',(-3.064032276158,-26.40093794711,
    81.739635191862));
#4133 = CARTESIAN_POINT('',(-3.084736246944,-26.41289139022,
    81.704109682919));
#4134 = CARTESIAN_POINT('',(-3.104523673827,-26.42431566646,
    81.667880052951));
#4135 = CARTESIAN_POINT('',(-3.123372026188,-26.43519776776,
    81.630986119355));
#4136 = CARTESIAN_POINT('',(-3.141260567618,-26.44552572197,
    81.593468940322));
#4137 = CARTESIAN_POINT('',(-3.212123489546,-26.48643844903,
    81.433813216465));
#4138 = CARTESIAN_POINT('',(-3.25611704072,-26.51183813764,
    81.306331613356));
#4139 = CARTESIAN_POINT('',(-3.289524888821,-26.53112616773,
    81.174316435117));
#4140 = CARTESIAN_POINT('',(-3.311941544237,-26.54406842977,
    81.039237411882));
#4141 = CARTESIAN_POINT('',(-3.323148148481,-26.55053856575,
    80.902612911395));
#4142 = CARTESIAN_POINT('',(-3.323148148481,-26.55053856575,80.766));
#4143 = PCURVE('',#3222,#4144);
#4144 = DEFINITIONAL_REPRESENTATION('',(#4145),#4283);
#4145 = B_SPLINE_CURVE_WITH_KNOTS('',6,(#4146,#4147,#4148,#4149,#4150,
    #4151,#4152,#4153,#4154,#4155,#4156,#4157,#4158,#4159,#4160,#4161,
    #4162,#4163,#4164,#4165,#4166,#4167,#4168,#4169,#4170,#4171,#4172,
    #4173,#4174,#4175,#4176,#4177,#4178,#4179,#4180,#4181,#4182,#4183,
    #4184,#4185,#4186,#4187,#4188,#4189,#4190,#4191,#4192,#4193,#4194,
    #4195,#4196,#4197,#4198,#4199,#4200,#4201,#4202,#4203,#4204,#4205,
    #4206,#4207,#4208,#4209,#4210,#4211,#4212,#4213,#4214,#4215,#4216,
    #4217,#4218,#4219,#4220,#4221,#4222,#4223,#4224,#4225,#4226,#4227,
    #4228,#4229,#4230,#4231,#4232,#4233,#4234,#4235,#4236,#4237,#4238,
    #4239,#4240,#4241,#4242,#4243,#4244,#4245,#4246,#4247,#4248,#4249,
    #4250,#4251,#4252,#4253,#4254,#4255,#4256,#4257,#4258,#4259,#4260,
    #4261,#4262,#4263,#4264,#4265,#4266,#4267,#4268,#4269,#4270,#4271,
    #4272,#4273,#4274,#4275,#4276,#4277,#4278,#4279,#4280,#4281,#4282),
  .UNSPECIFIED.,.F.,.F.,(7,5,5,5,5,5,5,5,5,5,5,5,5,5,5,5,5,5,5,5,5,5,5,5
    ,5,5,5,7),(0.,7.224055636039E-02,9.73302619722E-02,0.112388436022,
    0.121927766388,0.135990201272,0.143526214562,0.249748482256,
    0.356474625505,0.371042571788,0.387110361215,0.401164905343,
    0.424749792378,0.449333525252,0.500002074741,0.550670624229,
    0.575254357104,0.598839244138,0.612893788266,0.622433227037,
    0.636495859152,0.746220659612,0.856474180935,0.871042091422,
    0.887109841368,0.901164350962,0.924749180044,1.),.UNSPECIFIED.);
#4146 = CARTESIAN_POINT('',(0.,46.312369580022));
#4147 = CARTESIAN_POINT('',(7.577901147591E-02,46.312369580022));
#4148 = CARTESIAN_POINT('',(0.151561437198,46.312369580022));
#4149 = CARTESIAN_POINT('',(0.227337909266,46.312369580022));
#4150 = CARTESIAN_POINT('',(0.303114431696,46.312369580022));
#4151 = CARTESIAN_POINT('',(0.378895126179,46.312369580022));
#4152 = CARTESIAN_POINT('',(0.480977306038,46.312369580022));
#4153 = CARTESIAN_POINT('',(0.507291042586,46.312369580022));
#4154 = CARTESIAN_POINT('',(0.533603630442,46.312369580022));
#4155 = CARTESIAN_POINT('',(0.559914800147,46.312369580022));
#4156 = CARTESIAN_POINT('',(0.58622424738,46.312369580022));
#4157 = CARTESIAN_POINT('',(0.628320626144,46.312369580022));
#4158 = CARTESIAN_POINT('',(0.644108881337,46.312369580022));
#4159 = CARTESIAN_POINT('',(0.659896325363,46.312369580022));
#4160 = CARTESIAN_POINT('',(0.675682882434,46.312369580022));
#4161 = CARTESIAN_POINT('',(0.691468474151,46.312369580022));
#4162 = CARTESIAN_POINT('',(0.717252504982,46.312369580022));
#4163 = CARTESIAN_POINT('',(0.727251571085,46.312369580022));
#4164 = CARTESIAN_POINT('',(0.737250197328,46.312369580022));
#4165 = CARTESIAN_POINT('',(0.747248363158,46.312369580022));
#4166 = CARTESIAN_POINT('',(0.757246047943,46.312369580022));
#4167 = CARTESIAN_POINT('',(0.781980610861,46.312369580022));
#4168 = CARTESIAN_POINT('',(0.796716901656,46.312369580022));
#4169 = CARTESIAN_POINT('',(0.811452036289,46.312369580022));
#4170 = CARTESIAN_POINT('',(0.826185949415,46.312369580022));
#4171 = CARTESIAN_POINT('',(0.840918577419,46.312369580022));
#4172 = CARTESIAN_POINT('',(0.863544304171,46.312369580022));
#4173 = CARTESIAN_POINT('',(0.871438363399,46.312369580022));
#4174 = CARTESIAN_POINT('',(0.879332026693,46.312369580022));
#4175 = CARTESIAN_POINT('',(0.887225284965,46.312369580022));
#4176 = CARTESIAN_POINT('',(0.895118129445,46.312369580022));
#4177 = CARTESIAN_POINT('',(1.014256505687,46.312369580022));
#4178 = CARTESIAN_POINT('',(1.125456678287,46.312369580022));
#4179 = CARTESIAN_POINT('',(1.236495613599,46.312369580022));
#4180 = CARTESIAN_POINT('',(1.347429346027,46.312369580022));
#4181 = CARTESIAN_POINT('',(1.458345914623,46.312369580022));
#4182 = CARTESIAN_POINT('',(1.680615290106,46.312369580022));
#4183 = CARTESIAN_POINT('',(1.792057632107,46.312369580022));
#4184 = CARTESIAN_POINT('',(1.903515961292,46.312369580022));
#4185 = CARTESIAN_POINT('',(2.015080361226,46.312369580022));
#4186 = CARTESIAN_POINT('',(2.126808350496,46.312369580022));
#4187 = CARTESIAN_POINT('',(2.253839038553,46.312369580022));
#4188 = CARTESIAN_POINT('',(2.269097554084,46.312369580022));
#4189 = CARTESIAN_POINT('',(2.284357586422,46.312369580022));
#4190 = CARTESIAN_POINT('',(2.29961906985,46.312369580022));
#4191 = CARTESIAN_POINT('',(2.314881935007,46.312369580022));
#4192 = CARTESIAN_POINT('',(2.346981806049,46.312369580022));
#4193 = CARTESIAN_POINT('',(2.363819098466,46.312369580022));
#4194 = CARTESIAN_POINT('',(2.380657888227,46.312369580022));
#4195 = CARTESIAN_POINT('',(2.397498076892,46.312369580022));
#4196 = CARTESIAN_POINT('',(2.414339565492,46.312369580022));
#4197 = CARTESIAN_POINT('',(2.44591460571,46.312369580022));
#4198 = CARTESIAN_POINT('',(2.460647877561,46.312369580022));
#4199 = CARTESIAN_POINT('',(2.475382004196,46.312369580022));
#4200 = CARTESIAN_POINT('',(2.490116921592,46.312369580022));
#4201 = CARTESIAN_POINT('',(2.504852567608,46.312369580022));
#4202 = CARTESIAN_POINT('',(2.544317845538,46.312369580022));
#4203 = CARTESIAN_POINT('',(2.569048700899,46.312369580022));
#4204 = CARTESIAN_POINT('',(2.593781162175,46.312369580022));
#4205 = CARTESIAN_POINT('',(2.618514970031,46.312369580022));
#4206 = CARTESIAN_POINT('',(2.643249891681,46.312369580022));
#4207 = CARTESIAN_POINT('',(2.693769139598,46.312369580022));
#4208 = CARTESIAN_POINT('',(2.719553562293,46.312369580022));
#4209 = CARTESIAN_POINT('',(2.74533876388,46.312369580022));
#4210 = CARTESIAN_POINT('',(2.771124554456,46.312369580022));
#4211 = CARTESIAN_POINT('',(2.796910779306,46.312369580022));
#4212 = CARTESIAN_POINT('',(2.875844925265,46.312369580022));
#4213 = CARTESIAN_POINT('',(2.928994711474,46.312369580022));
#4214 = CARTESIAN_POINT('',(2.98214390755,46.312369580022));
#4215 = CARTESIAN_POINT('',(3.035293130862,46.312369580022));
#4216 = CARTESIAN_POINT('',(3.08844331749,46.312369580022));
#4217 = CARTESIAN_POINT('',(3.19474198969,46.312369580022));
#4218 = CARTESIAN_POINT('',(3.247892176318,46.312369580022));
#4219 = CARTESIAN_POINT('',(3.30104139963,46.312369580022));
#4220 = CARTESIAN_POINT('',(3.354190595706,46.312369580022));
#4221 = CARTESIAN_POINT('',(3.407340381914,46.312369580022));
#4222 = CARTESIAN_POINT('',(3.486274527873,46.312369580022));
#4223 = CARTESIAN_POINT('',(3.512060752724,46.312369580022));
#4224 = CARTESIAN_POINT('',(3.5378465433,46.312369580022));
#4225 = CARTESIAN_POINT('',(3.563631744887,46.312369580022));
#4226 = CARTESIAN_POINT('',(3.589416167581,46.312369580022));
#4227 = CARTESIAN_POINT('',(3.639935415498,46.312369580022));
#4228 = CARTESIAN_POINT('',(3.664670337148,46.312369580022));
#4229 = CARTESIAN_POINT('',(3.689404145004,46.312369580022));
#4230 = CARTESIAN_POINT('',(3.714136606281,46.312369580022));
#4231 = CARTESIAN_POINT('',(3.738867461642,46.312369580022));
#4232 = CARTESIAN_POINT('',(3.778332739572,46.312369580022));
#4233 = CARTESIAN_POINT('',(3.793068385587,46.312369580022));
#4234 = CARTESIAN_POINT('',(3.807803302984,46.312369580022));
#4235 = CARTESIAN_POINT('',(3.822537429618,46.312369580022));
#4236 = CARTESIAN_POINT('',(3.83727070147,46.312369580022));
#4237 = CARTESIAN_POINT('',(3.862002548939,46.312369580022));
#4238 = CARTESIAN_POINT('',(3.872001621564,46.312369580022));
#4239 = CARTESIAN_POINT('',(3.882000249999,46.312369580022));
#4240 = CARTESIAN_POINT('',(3.891998413669,46.312369580022));
#4241 = CARTESIAN_POINT('',(3.90199609194,46.312369580022));
#4242 = CARTESIAN_POINT('',(3.926730667222,46.312369580022));
#4243 = CARTESIAN_POINT('',(3.9414669718,46.312369580022));
#4244 = CARTESIAN_POINT('',(3.956202110818,46.312369580022));
#4245 = CARTESIAN_POINT('',(3.970936019068,46.312369580022));
#4246 = CARTESIAN_POINT('',(3.985668633167,46.312369580022));
#4247 = CARTESIAN_POINT('',(4.115341701457,46.312369580022));
#4248 = CARTESIAN_POINT('',(4.230247606482,46.312369580022));
#4249 = CARTESIAN_POINT('',(4.344977576693,46.312369580022));
#4250 = CARTESIAN_POINT('',(4.459590192154,46.312369580022));
#4251 = CARTESIAN_POINT('',(4.574180705465,46.312369580022));
#4252 = CARTESIAN_POINT('',(4.803788427289,46.312369580022));
#4253 = CARTESIAN_POINT('',(4.918911656691,46.312369580022));
#4254 = CARTESIAN_POINT('',(5.034041588575,46.312369580022));
#4255 = CARTESIAN_POINT('',(5.149283622943,46.312369580022));
#4256 = CARTESIAN_POINT('',(5.264706515099,46.312369580022));
#4257 = CARTESIAN_POINT('',(5.395431692143,46.312369580022));
#4258 = CARTESIAN_POINT('',(5.410690207674,46.312369580022));
#4259 = CARTESIAN_POINT('',(5.425950240012,46.312369580022));
#4260 = CARTESIAN_POINT('',(5.441211723439,46.312369580022));
#4261 = CARTESIAN_POINT('',(5.456474588597,46.312369580022));
#4262 = CARTESIAN_POINT('',(5.488574459639,46.312369580022));
#4263 = CARTESIAN_POINT('',(5.505411752056,46.312369580022));
#4264 = CARTESIAN_POINT('',(5.522250541817,46.312369580022));
#4265 = CARTESIAN_POINT('',(5.539090730482,46.312369580022));
#4266 = CARTESIAN_POINT('',(5.555932219082,46.312369580022));
#4267 = CARTESIAN_POINT('',(5.5875072593,46.312369580022));
#4268 = CARTESIAN_POINT('',(5.602240531151,46.312369580022));
#4269 = CARTESIAN_POINT('',(5.616974657785,46.312369580022));
#4270 = CARTESIAN_POINT('',(5.631709575182,46.312369580022));
#4271 = CARTESIAN_POINT('',(5.646445221198,46.312369580022));
#4272 = CARTESIAN_POINT('',(5.685910499127,46.312369580022));
#4273 = CARTESIAN_POINT('',(5.710641354489,46.312369580022));
#4274 = CARTESIAN_POINT('',(5.735373815765,46.312369580022));
#4275 = CARTESIAN_POINT('',(5.760107623621,46.312369580022));
#4276 = CARTESIAN_POINT('',(5.784842545271,46.312369580022));
#4277 = CARTESIAN_POINT('',(5.888501627369,46.312369580022));
#4278 = CARTESIAN_POINT('',(5.967440189429,46.312369580022));
#4279 = CARTESIAN_POINT('',(6.046374073086,46.312369580022));
#4280 = CARTESIAN_POINT('',(6.125308577667,46.312369580022));
#4281 = CARTESIAN_POINT('',(6.204250245416,46.312369580022));
#4282 = CARTESIAN_POINT('',(6.28318530718,46.312369580022));
#4283 = ( GEOMETRIC_REPRESENTATION_CONTEXT(2) 
PARAMETRIC_REPRESENTATION_CONTEXT() REPRESENTATION_CONTEXT('2D SPACE',''
  ) );
#4284 = PCURVE('',#4285,#4290);
#4285 = SPHERICAL_SURFACE('',#4286,4.0383);
#4286 = AXIS2_PLACEMENT_3D('',#4287,#4288,#4289);
#4287 = CARTESIAN_POINT('',(-5.298740538211E-15,-28.845,80.766));
#4288 = DIRECTION('',(0.,0.,1.));
#4289 = DIRECTION('',(1.,0.,-0.));
#4290 = DEFINITIONAL_REPRESENTATION('',(#4291),#4429);
#4291 = B_SPLINE_CURVE_WITH_KNOTS('',6,(#4292,#4293,#4294,#4295,#4296,
    #4297,#4298,#4299,#4300,#4301,#4302,#4303,#4304,#4305,#4306,#4307,
    #4308,#4309,#4310,#4311,#4312,#4313,#4314,#4315,#4316,#4317,#4318,
    #4319,#4320,#4321,#4322,#4323,#4324,#4325,#4326,#4327,#4328,#4329,
    #4330,#4331,#4332,#4333,#4334,#4335,#4336,#4337,#4338,#4339,#4340,
    #4341,#4342,#4343,#4344,#4345,#4346,#4347,#4348,#4349,#4350,#4351,
    #4352,#4353,#4354,#4355,#4356,#4357,#4358,#4359,#4360,#4361,#4362,
    #4363,#4364,#4365,#4366,#4367,#4368,#4369,#4370,#4371,#4372,#4373,
    #4374,#4375,#4376,#4377,#4378,#4379,#4380,#4381,#4382,#4383,#4384,
    #4385,#4386,#4387,#4388,#4389,#4390,#4391,#4392,#4393,#4394,#4395,
    #4396,#4397,#4398,#4399,#4400,#4401,#4402,#4403,#4404,#4405,#4406,
    #4407,#4408,#4409,#4410,#4411,#4412,#4413,#4414,#4415,#4416,#4417,
    #4418,#4419,#4420,#4421,#4422,#4423,#4424,#4425,#4426,#4427,#4428),
  .UNSPECIFIED.,.T.,.F.,(7,5,5,5,5,5,5,5,5,5,5,5,5,5,5,5,5,5,5,5,5,5,5,5
    ,5,5,5,7),(0.,7.224055636039E-02,9.73302619722E-02,0.112388436022,
    0.121927766388,0.135990201272,0.143526214562,0.249748482256,
    0.356474625505,0.371042571788,0.387110361215,0.401164905343,
    0.424749792378,0.449333525252,0.500002074741,0.550670624229,
    0.575254357104,0.598839244138,0.612893788266,0.622433227037,
    0.636495859152,0.746220659612,0.856474180935,0.871042091422,
    0.887109841368,0.901164350962,0.924749180044,1.),.UNSPECIFIED.);
#4292 = CARTESIAN_POINT('',(2.537306146467,0.));
#4293 = CARTESIAN_POINT('',(2.537306146467,-3.247671920396E-02));
#4294 = CARTESIAN_POINT('',(2.534637853747,-6.495494434033E-02));
#4295 = CARTESIAN_POINT('',(2.529300784219,-9.715633323849E-02));
#4296 = CARTESIAN_POINT('',(2.521292107111,-0.128810307615));
#4297 = CARTESIAN_POINT('',(2.510599325619,-0.159636577541));
#4298 = CARTESIAN_POINT('',(2.492602726443,-0.1996567539));
#4299 = CARTESIAN_POINT('',(2.487642074976,-0.209838000379));
#4300 = CARTESIAN_POINT('',(2.482360515833,-0.219871954675));
#4301 = CARTESIAN_POINT('',(2.476759184696,-0.229746368371));
#4302 = CARTESIAN_POINT('',(2.470839755947,-0.239448918965));
#4303 = CARTESIAN_POINT('',(2.460862173486,-0.254679834927));
#4304 = CARTESIAN_POINT('',(2.457006134494,-0.260326093654));
#4305 = CARTESIAN_POINT('',(2.453036817891,-0.265903308234));
#4306 = CARTESIAN_POINT('',(2.44895482313,-0.271408802613));
#4307 = CARTESIAN_POINT('',(2.444760856941,-0.276839902501));
#4308 = CARTESIAN_POINT('',(2.437728444055,-0.285585707056));
#4309 = CARTESIAN_POINT('',(2.434956546395,-0.288946550951));
#4310 = CARTESIAN_POINT('',(2.432140248616,-0.292275788078));
#4311 = CARTESIAN_POINT('',(2.429279780078,-0.295572741483));
#4312 = CARTESIAN_POINT('',(2.426375391226,-0.298836736243));
#4313 = CARTESIAN_POINT('',(2.419081494326,-0.3068291499));
#4314 = CARTESIAN_POINT('',(2.41464078289,-0.311518116625));
#4315 = CARTESIAN_POINT('',(2.410106086349,-0.316131841592));
#4316 = CARTESIAN_POINT('',(2.405478387639,-0.320668186351));
#4317 = CARTESIAN_POINT('',(2.400758785576,-0.325125032041));
#4318 = CARTESIAN_POINT('',(2.39337067563,-0.331844960267));
#4319 = CARTESIAN_POINT('',(2.390766812475,-0.334166207807));
#4320 = CARTESIAN_POINT('',(2.388137092934,-0.336463699353));
#4321 = CARTESIAN_POINT('',(2.385481715196,-0.338737114743));
#4322 = CARTESIAN_POINT('',(2.382800888087,-0.340986136308));
#4323 = CARTESIAN_POINT('',(2.341952181653,-0.374562772067));
#4324 = CARTESIAN_POINT('',(2.298783322696,-0.401016202799));
#4325 = CARTESIAN_POINT('',(2.251232783532,-0.421660048116));
#4326 = CARTESIAN_POINT('',(2.200331198194,-0.435748025616));
#4327 = CARTESIAN_POINT('',(2.147734920859,-0.442827428047));
#4328 = CARTESIAN_POINT('',(2.042303489268,-0.442993871755));
#4329 = CARTESIAN_POINT('',(1.989425646527,-0.436014462763));
#4330 = CARTESIAN_POINT('',(1.938234819296,-0.421953623945));
#4331 = CARTESIAN_POINT('',(1.890416772922,-0.401267219733));
#4332 = CARTESIAN_POINT('',(1.847018987841,-0.374711520622));
#4333 = CARTESIAN_POINT('',(1.803464262249,-0.338910603422));
#4334 = CARTESIAN_POINT('',(1.798327434419,-0.334518420683));
#4335 = CARTESIAN_POINT('',(1.793286471459,-0.330036181277));
#4336 = CARTESIAN_POINT('',(1.788342810712,-0.325466196519));
#4337 = CARTESIAN_POINT('',(1.783497745639,-0.320810808414));
#4338 = CARTESIAN_POINT('',(1.77351855151,-0.310846126924));
#4339 = CARTESIAN_POINT('',(1.76840602382,-0.305518851558));
#4340 = CARTESIAN_POINT('',(1.763416381998,-0.300093747278));
#4341 = CARTESIAN_POINT('',(1.758550986466,-0.294574019303));
#4342 = CARTESIAN_POINT('',(1.753811018819,-0.288962894355));
#4343 = CARTESIAN_POINT('',(1.745162007015,-0.278278448683));
#4344 = CARTESIAN_POINT('',(1.741223269552,-0.273225830512));
#4345 = CARTESIAN_POINT('',(1.737381942124,-0.268107938136));
#4346 = CARTESIAN_POINT('',(1.733638614549,-0.26292694546));
#4347 = CARTESIAN_POINT('',(1.729993793768,-0.257685028304));
#4348 = CARTESIAN_POINT('',(1.72049755692,-0.243489336716));
#4349 = CARTESIAN_POINT('',(1.714825829694,-0.234428865853));
#4350 = CARTESIAN_POINT('',(1.709434678015,-0.225213251696));
#4351 = CARTESIAN_POINT('',(1.704325613082,-0.215852741661));
#4352 = CARTESIAN_POINT('',(1.699499701436,-0.206357530704));
#4353 = CARTESIAN_POINT('',(1.690223064026,-0.186710584156));
#4354 = CARTESIAN_POINT('',(1.685796932416,-0.176548060568));
#4355 = CARTESIAN_POINT('',(1.681679883437,-0.166261661073));
#4356 = CARTESIAN_POINT('',(1.677872379256,-0.155862754363));
#4357 = CARTESIAN_POINT('',(1.6743746309,-0.145362607309));
#4358 = CARTESIAN_POINT('',(1.664615871563,-0.112945300866));
#4359 = CARTESIAN_POINT('',(1.659360889614,-9.073521096945E-02));
#4360 = CARTESIAN_POINT('',(1.655421779054,-6.824064510437E-02));
#4361 = CARTESIAN_POINT('',(1.652796743972,-4.555692527837E-02));
#4362 = CARTESIAN_POINT('',(1.65148405832,-2.277828689995E-02));
#4363 = CARTESIAN_POINT('',(1.65148405832,2.277828689998E-02));
#4364 = CARTESIAN_POINT('',(1.652796743972,4.555692527837E-02));
#4365 = CARTESIAN_POINT('',(1.655421779054,6.824064510438E-02));
#4366 = CARTESIAN_POINT('',(1.659360889614,9.073521096948E-02));
#4367 = CARTESIAN_POINT('',(1.664615871563,0.112945300866));
#4368 = CARTESIAN_POINT('',(1.6743746309,0.145362607309));
#4369 = CARTESIAN_POINT('',(1.677872379256,0.155862754363));
#4370 = CARTESIAN_POINT('',(1.681679883437,0.166261661073));
#4371 = CARTESIAN_POINT('',(1.685796932416,0.176548060568));
#4372 = CARTESIAN_POINT('',(1.690223064026,0.186710584156));
#4373 = CARTESIAN_POINT('',(1.699499701436,0.206357530704));
#4374 = CARTESIAN_POINT('',(1.704325613082,0.215852741661));
#4375 = CARTESIAN_POINT('',(1.709434678015,0.225213251696));
#4376 = CARTESIAN_POINT('',(1.714825829694,0.234428865853));
#4377 = CARTESIAN_POINT('',(1.72049755692,0.243489336716));
#4378 = CARTESIAN_POINT('',(1.729993793768,0.257685028304));
#4379 = CARTESIAN_POINT('',(1.733638614549,0.26292694546));
#4380 = CARTESIAN_POINT('',(1.737381942124,0.268107938136));
#4381 = CARTESIAN_POINT('',(1.741223269552,0.273225830512));
#4382 = CARTESIAN_POINT('',(1.745162007015,0.278278448683));
#4383 = CARTESIAN_POINT('',(1.751936536492,0.286647276682));
#4384 = CARTESIAN_POINT('',(1.754720156294,0.289999861353));
#4385 = CARTESIAN_POINT('',(1.757548129831,0.293320695872));
#4386 = CARTESIAN_POINT('',(1.76042022447,0.296609103548));
#4387 = CARTESIAN_POINT('',(1.763336186337,0.299864409799));
#4388 = CARTESIAN_POINT('',(1.770658588063,0.307834987187));
#4389 = CARTESIAN_POINT('',(1.775116165351,0.312510638771));
#4390 = CARTESIAN_POINT('',(1.779667593618,0.317110740193));
#4391 = CARTESIAN_POINT('',(1.784311877763,0.321633154797));
#4392 = CARTESIAN_POINT('',(1.789047906146,0.326075765984));
#4393 = CARTESIAN_POINT('',(1.831533945769,0.364461271807));
#4394 = CARTESIAN_POINT('',(1.874720274747,0.393513237044));
#4395 = CARTESIAN_POINT('',(1.922811768091,0.416562010325));
#4396 = CARTESIAN_POINT('',(1.974783621112,0.432743096592));
#4397 = CARTESIAN_POINT('',(2.02886076457,0.441491816698));
#4398 = CARTESIAN_POINT('',(2.137729001154,0.444070498903));
#4399 = CARTESIAN_POINT('',(2.192573148028,0.437829585182));
#4400 = CARTESIAN_POINT('',(2.245796936648,0.423986657537));
#4401 = CARTESIAN_POINT('',(2.295497831139,0.40301819999));
#4402 = CARTESIAN_POINT('',(2.340504495837,0.375752734334));
#4403 = CARTESIAN_POINT('',(2.385325942537,0.338910603422));
#4404 = CARTESIAN_POINT('',(2.390462770367,0.334518420683));
#4405 = CARTESIAN_POINT('',(2.395503733328,0.330036181277));
#4406 = CARTESIAN_POINT('',(2.400447394074,0.325466196519));
#4407 = CARTESIAN_POINT('',(2.405292459147,0.320810808414));
#4408 = CARTESIAN_POINT('',(2.415271653276,0.310846126924));
#4409 = CARTESIAN_POINT('',(2.420384180966,0.305518851558));
#4410 = CARTESIAN_POINT('',(2.425373822789,0.300093747278));
#4411 = CARTESIAN_POINT('',(2.43023921832,0.294574019303));
#4412 = CARTESIAN_POINT('',(2.434979185968,0.288962894355));
#4413 = CARTESIAN_POINT('',(2.443628197771,0.278278448683));
#4414 = CARTESIAN_POINT('',(2.447566935235,0.273225830512));
#4415 = CARTESIAN_POINT('',(2.451408262663,0.268107938136));
#4416 = CARTESIAN_POINT('',(2.455151590237,0.26292694546));
#4417 = CARTESIAN_POINT('',(2.458796411019,0.257685028304));
#4418 = CARTESIAN_POINT('',(2.468292647866,0.243489336716));
#4419 = CARTESIAN_POINT('',(2.473964375093,0.234428865853));
#4420 = CARTESIAN_POINT('',(2.479355526771,0.225213251696));
#4421 = CARTESIAN_POINT('',(2.484464591704,0.215852741661));
#4422 = CARTESIAN_POINT('',(2.48929050335,0.206357530704));
#4423 = CARTESIAN_POINT('',(2.508324985426,0.166044491037));
#4424 = CARTESIAN_POINT('',(2.51992929516,0.134080715504));
#4425 = CARTESIAN_POINT('',(2.528619661859,0.101180589121));
#4426 = CARTESIAN_POINT('',(2.53441096724,6.76615124621E-02));
#4427 = CARTESIAN_POINT('',(2.537306146467,3.382931218457E-02));
#4428 = CARTESIAN_POINT('',(2.537306146467,0.));
#4429 = ( GEOMETRIC_REPRESENTATION_CONTEXT(2) 
PARAMETRIC_REPRESENTATION_CONTEXT() REPRESENTATION_CONTEXT('2D SPACE',''
  ) );
#4430 = ADVANCED_FACE('',(#4431),#3325,.T.);
#4431 = FACE_BOUND('',#4432,.T.);
#4432 = EDGE_LOOP('',(#4433,#4434,#4457,#4495,#5017,#5018));
#4433 = ORIENTED_EDGE('',*,*,#3237,.T.);
#4434 = ORIENTED_EDGE('',*,*,#4435,.T.);
#4435 = EDGE_CURVE('',#3240,#4436,#4438,.T.);
#4436 = VERTEX_POINT('',#4437);
#4437 = CARTESIAN_POINT('',(2.716179808069,-28.2314154629,
    77.841320845618));
#4438 = SEAM_CURVE('',#4439,(#4443,#4450),.PCURVE_S1.);
#4439 = LINE('',#4440,#4441);
#4440 = CARTESIAN_POINT('',(26.633922987243,-14.4225,0.511394253354));
#4441 = VECTOR('',#4442,1.);
#4442 = DIRECTION('',(-0.291275864018,-0.168168198499,0.941741911595));
#4443 = PCURVE('',#3325,#4444);
#4444 = DEFINITIONAL_REPRESENTATION('',(#4445),#4449);
#4445 = LINE('',#4446,#4447);
#4446 = CARTESIAN_POINT('',(0.,-0.));
#4447 = VECTOR('',#4448,1.);
#4448 = DIRECTION('',(0.,1.));
#4449 = ( GEOMETRIC_REPRESENTATION_CONTEXT(2) 
PARAMETRIC_REPRESENTATION_CONTEXT() REPRESENTATION_CONTEXT('2D SPACE',''
  ) );
#4450 = PCURVE('',#3325,#4451);
#4451 = DEFINITIONAL_REPRESENTATION('',(#4452),#4456);
#4452 = LINE('',#4453,#4454);
#4453 = CARTESIAN_POINT('',(6.28318530718,-0.));
#4454 = VECTOR('',#4455,1.);
#4455 = DIRECTION('',(0.,1.));
#4456 = ( GEOMETRIC_REPRESENTATION_CONTEXT(2) 
PARAMETRIC_REPRESENTATION_CONTEXT() REPRESENTATION_CONTEXT('2D SPACE',''
  ) );
#4457 = ORIENTED_EDGE('',*,*,#4458,.F.);
#4458 = EDGE_CURVE('',#4459,#4436,#4461,.T.);
#4459 = VERTEX_POINT('',#4460);
#4460 = CARTESIAN_POINT('',(2.636474000823,-28.845,77.7070995876));
#4461 = SURFACE_CURVE('',#4462,(#4471,#4483),.PCURVE_S1.);
#4462 = B_SPLINE_CURVE_WITH_KNOTS('',4,(#4463,#4464,#4465,#4466,#4467,
    #4468,#4469,#4470),.UNSPECIFIED.,.F.,.F.,(5,3,5),(0.,0.501897870968,
    1.),.UNSPECIFIED.);
#4463 = CARTESIAN_POINT('',(2.636474000823,-28.845,77.7070995876));
#4464 = CARTESIAN_POINT('',(2.660193698955,-28.77159694261,
    77.727543655402));
#4465 = CARTESIAN_POINT('',(2.679462574282,-28.69642187142,
    77.746927537948));
#4466 = CARTESIAN_POINT('',(2.694135510868,-28.61989327452,
    77.765131621619));
#4467 = CARTESIAN_POINT('',(2.714084307937,-28.46560316966,
    77.798853485002));
#4468 = CARTESIAN_POINT('',(2.719430503559,-28.3878546606,
    77.814390697769));
#4469 = CARTESIAN_POINT('',(2.720123232405,-28.30964414973,
    77.828571117847));
#4470 = CARTESIAN_POINT('',(2.716179808069,-28.2314154629,
    77.841320845618));
#4471 = PCURVE('',#3325,#4472);
#4472 = DEFINITIONAL_REPRESENTATION('',(#4473),#4482);
#4473 = B_SPLINE_CURVE_WITH_KNOTS('',4,(#4474,#4475,#4476,#4477,#4478,
    #4479,#4480,#4481),.UNSPECIFIED.,.F.,.F.,(5,3,5),(0.,0.501897870968,
    1.),.UNSPECIFIED.);
#4474 = CARTESIAN_POINT('',(5.915290677109,82.113714638978));
#4475 = CARTESIAN_POINT('',(5.961401189456,82.113714638978));
#4476 = CARTESIAN_POINT('',(6.007531989863,82.113714638978));
#4477 = CARTESIAN_POINT('',(6.053680455085,82.113714638978));
#4478 = CARTESIAN_POINT('',(6.145658943453,82.113714638978));
#4479 = CARTESIAN_POINT('',(6.191488840542,82.113714638978));
#4480 = CARTESIAN_POINT('',(6.237331669289,82.113714638978));
#4481 = CARTESIAN_POINT('',(6.28318530718,82.113714638978));
#4482 = ( GEOMETRIC_REPRESENTATION_CONTEXT(2) 
PARAMETRIC_REPRESENTATION_CONTEXT() REPRESENTATION_CONTEXT('2D SPACE',''
  ) );
#4483 = PCURVE('',#4285,#4484);
#4484 = DEFINITIONAL_REPRESENTATION('',(#4485),#4494);
#4485 = B_SPLINE_CURVE_WITH_KNOTS('',4,(#4486,#4487,#4488,#4489,#4490,
    #4491,#4492,#4493),.UNSPECIFIED.,.F.,.F.,(5,3,5),(0.,0.501897870968,
    1.),.UNSPECIFIED.);
#4486 = CARTESIAN_POINT('',(0.,-0.859432688636));
#4487 = CARTESIAN_POINT('',(2.784137350295E-02,-0.851678366843));
#4488 = CARTESIAN_POINT('',(5.568683908653E-02,-0.844419204831));
#4489 = CARTESIAN_POINT('',(8.354478339879E-02,-0.837672482574));
#4490 = CARTESIAN_POINT('',(0.139081075679,-0.825279384885));
#4491 = CARTESIAN_POINT('',(0.166759301284,-0.819625046095));
#4492 = CARTESIAN_POINT('',(0.194456076249,-0.814503296449));
#4493 = CARTESIAN_POINT('',(0.222170741337,-0.809924675526));
#4494 = ( GEOMETRIC_REPRESENTATION_CONTEXT(2) 
PARAMETRIC_REPRESENTATION_CONTEXT() REPRESENTATION_CONTEXT('2D SPACE',''
  ) );
#4495 = ORIENTED_EDGE('',*,*,#4496,.F.);
#4496 = EDGE_CURVE('',#4436,#4459,#4497,.T.);
#4497 = SURFACE_CURVE('',#4498,(#4669,#4843),.PCURVE_S1.);
#4498 = B_SPLINE_CURVE_WITH_KNOTS('',7,(#4499,#4500,#4501,#4502,#4503,
    #4504,#4505,#4506,#4507,#4508,#4509,#4510,#4511,#4512,#4513,#4514,
    #4515,#4516,#4517,#4518,#4519,#4520,#4521,#4522,#4523,#4524,#4525,
    #4526,#4527,#4528,#4529,#4530,#4531,#4532,#4533,#4534,#4535,#4536,
    #4537,#4538,#4539,#4540,#4541,#4542,#4543,#4544,#4545,#4546,#4547,
    #4548,#4549,#4550,#4551,#4552,#4553,#4554,#4555,#4556,#4557,#4558,
    #4559,#4560,#4561,#4562,#4563,#4564,#4565,#4566,#4567,#4568,#4569,
    #4570,#4571,#4572,#4573,#4574,#4575,#4576,#4577,#4578,#4579,#4580,
    #4581,#4582,#4583,#4584,#4585,#4586,#4587,#4588,#4589,#4590,#4591,
    #4592,#4593,#4594,#4595,#4596,#4597,#4598,#4599,#4600,#4601,#4602,
    #4603,#4604,#4605,#4606,#4607,#4608,#4609,#4610,#4611,#4612,#4613,
    #4614,#4615,#4616,#4617,#4618,#4619,#4620,#4621,#4622,#4623,#4624,
    #4625,#4626,#4627,#4628,#4629,#4630,#4631,#4632,#4633,#4634,#4635,
    #4636,#4637,#4638,#4639,#4640,#4641,#4642,#4643,#4644,#4645,#4646,
    #4647,#4648,#4649,#4650,#4651,#4652,#4653,#4654,#4655,#4656,#4657,
    #4658,#4659,#4660,#4661,#4662,#4663,#4664,#4665,#4666,#4667,#4668),
  .UNSPECIFIED.,.F.,.F.,(8,6,6,6,6,6,6,6,6,6,6,6,6,6,6,6,6,6,6,6,6,6,6,6
    ,6,6,6,6,8),(0.,1.854402686226E-02,7.509558128109E-02,0.131171899316
    ,0.154472265767,0.187309267069,0.2340249069,0.297653136092,
    0.3443346756,0.399295679999,0.428503858617,0.437039840232,
    0.447693996328,0.460590656652,0.476520721301,0.511377143149,
    0.552042403367,0.579692239545,0.603044883522,0.644963022849,
    0.694462368192,0.728715889709,0.744650906617,0.757549011293,
    0.768203232792,0.776738745271,0.805943126833,0.890756379887,1.),
  .UNSPECIFIED.);
#4499 = CARTESIAN_POINT('',(2.716179808069,-28.2314154629,
    77.841320845618));
#4500 = CARTESIAN_POINT('',(2.714667228472,-28.20140927907,
    77.846211259746));
#4501 = CARTESIAN_POINT('',(2.71255791332,-28.1714020445,77.85091729431)
  );
#4502 = CARTESIAN_POINT('',(2.709852439491,-28.14140821271,
    77.855436546749));
#4503 = CARTESIAN_POINT('',(2.706551860055,-28.11144253709,
    77.859766708238));
#4504 = CARTESIAN_POINT('',(2.702657704271,-28.08152007094,
    77.863905563682));
#4505 = CARTESIAN_POINT('',(2.69817197759,-28.0516561674,77.86785099172)
  );
#4506 = CARTESIAN_POINT('',(2.677621087771,-27.93102034526,
    77.883036819726));
#4507 = CARTESIAN_POINT('',(2.656665651834,-27.84085894131,
    77.892655663336));
#4508 = CARTESIAN_POINT('',(2.630301671602,-27.75181789419,
    77.90040160867));
#4509 = CARTESIAN_POINT('',(2.598638847365,-27.66432301567,
    77.90623254764));
#4510 = CARTESIAN_POINT('',(2.561825175829,-27.57878852721,
    77.910120286736));
#4511 = CARTESIAN_POINT('',(2.520046364023,-27.49561528451,
    77.912050682804));
#4512 = CARTESIAN_POINT('',(2.427395067036,-27.33543858926,
    77.911997100925));
#4513 = CARTESIAN_POINT('',(2.376599297793,-27.25838456008,
    77.910045882362));
#4514 = CARTESIAN_POINT('',(2.321355574639,-27.18440268225,
    77.906170336384));
#4515 = CARTESIAN_POINT('',(2.261912137656,-27.11384493405,
    77.900384389092));
#4516 = CARTESIAN_POINT('',(2.198546636655,-27.04703816934,
    77.892715549365));
#4517 = CARTESIAN_POINT('',(2.131564939987,-26.98428278273,
    77.883204778796));
#4518 = CARTESIAN_POINT('',(2.032104014903,-26.90157244086,
    77.867211737055));
#4519 = CARTESIAN_POINT('',(2.002340863835,-26.87803969846,
    77.862208425013));
#4520 = CARTESIAN_POINT('',(1.972034197519,-26.85527253052,
    77.856900296811));
#4521 = CARTESIAN_POINT('',(1.941208334347,-26.83328933108,
    77.851291589353));
#4522 = CARTESIAN_POINT('',(1.909888203742,-26.8121075052,
    77.845386905134));
#4523 = CARTESIAN_POINT('',(1.878099346166,-26.79174346899,
    77.839191212236));
#4524 = CARTESIAN_POINT('',(1.80044443828,-26.74468803775,
    77.823575709616));
#4525 = CARTESIAN_POINT('',(1.754141677884,-26.71881812635,
    77.813874134234));
#4526 = CARTESIAN_POINT('',(1.707033036646,-26.69464617388,
    77.803620097158));
#4527 = CARTESIAN_POINT('',(1.659193531413,-26.67221109711,
    77.792829851282));
#4528 = CARTESIAN_POINT('',(1.610699791163,-26.65154747114,
    77.781520923426));
#4529 = CARTESIAN_POINT('',(1.561630057002,-26.63268552937,
    77.769712114335));
#4530 = CARTESIAN_POINT('',(1.441549169682,-26.59141718147,
    77.739941069699));
#4531 = CARTESIAN_POINT('',(1.370028554353,-26.57088166354,
    77.721487172984));
#4532 = CARTESIAN_POINT('',(1.297732764315,-26.55411919723,
    77.702119759554));
#4533 = CARTESIAN_POINT('',(1.22489482017,-26.5411852399,77.681900998366
    ));
#4534 = CARTESIAN_POINT('',(1.151749683742,-26.53211605868,
    77.660897085618));
#4535 = CARTESIAN_POINT('',(1.078533606838,-26.52692867029,
    77.639178054056));
#4536 = CARTESIAN_POINT('',(0.905986818308,-26.52383939306,
    77.586361888487));
#4537 = CARTESIAN_POINT('',(0.806791130874,-26.52925473305,
    77.554714154466));
#4538 = CARTESIAN_POINT('',(0.708499404626,-26.54186212495,
    77.522061715945));
#4539 = CARTESIAN_POINT('',(0.611699227409,-26.56158617269,
    77.488599774362));
#4540 = CARTESIAN_POINT('',(0.516961575441,-26.58828800875,
    77.454529727459));
#4541 = CARTESIAN_POINT('',(0.424838065768,-26.62176564931,
    77.420058256051));
#4542 = CARTESIAN_POINT('',(0.270574511731,-26.69108054182,
    77.359967683575));
#4543 = CARTESIAN_POINT('',(0.206980315223,-26.72391614235,
    77.334434830014));
#4544 = CARTESIAN_POINT('',(0.145281277461,-26.7601478889,
    77.308881684526));
#4545 = CARTESIAN_POINT('',(8.567368116416E-02,-26.79965247807,
    77.283390974798));
#4546 = CARTESIAN_POINT('',(2.834226207501E-02,-26.84228948872,
    77.258044913837));
#4547 = CARTESIAN_POINT('',(-2.654042750448E-02,-26.88790119873,
    77.232925035834));
#4548 = CARTESIAN_POINT('',(-0.140360270154,-26.99330984392,
    77.178898179483));
#4549 = CARTESIAN_POINT('',(-0.198293073629,-27.05419040235,
    77.150108337076));
#4550 = CARTESIAN_POINT('',(-0.252351055274,-27.11866737497,
    77.121874740044));
#4551 = CARTESIAN_POINT('',(-0.302304818182,-27.18642405025,
    77.094324895281));
#4552 = CARTESIAN_POINT('',(-0.347956505755,-27.25711489489,
    77.06758170118));
#4553 = CARTESIAN_POINT('',(-0.389143678794,-27.33036174791,
    77.041762928084));
#4554 = CARTESIAN_POINT('',(-0.44520102093,-27.44580629998,
    77.003809585799));
#4555 = CARTESIAN_POINT('',(-0.463359729309,-27.48647116685,
    76.990931608589));
#4556 = CARTESIAN_POINT('',(-0.480206792855,-27.52767700642,
    76.978362714019));
#4557 = CARTESIAN_POINT('',(-0.495728114024,-27.56935805128,
    76.966119006568));
#4558 = CARTESIAN_POINT('',(-0.509913654869,-27.61144492426,
    76.954215979701));
#4559 = CARTESIAN_POINT('',(-0.522758119137,-27.65386418073,
    76.942668386633));
#4560 = CARTESIAN_POINT('',(-0.537623493912,-27.70900907226,
    76.928223301648));
#4561 = CARTESIAN_POINT('',(-0.540870824527,-27.72150200504,
    76.924988038365));
#4562 = CARTESIAN_POINT('',(-0.544003626983,-27.73401469694,
    76.921784669629));
#4563 = CARTESIAN_POINT('',(-0.547021946083,-27.74654515624,
    76.918613537246));
#4564 = CARTESIAN_POINT('',(-0.549925870647,-27.75909135174,
    76.915474976463));
#4565 = CARTESIAN_POINT('',(-0.552715533517,-27.77165121271,
    76.912369315964));
#4566 = CARTESIAN_POINT('',(-0.558730625079,-27.79991359883,
    76.905462024835));
#4567 = CARTESIAN_POINT('',(-0.561892415744,-27.81562256361,
    76.901678927183));
#4568 = CARTESIAN_POINT('',(-0.564876821886,-27.83134542299,
    76.897948212461));
#4569 = CARTESIAN_POINT('',(-0.567684311995,-27.84707796195,
    76.894270488448));
#4570 = CARTESIAN_POINT('',(-0.570315484714,-27.86281585076,
    76.890646343155));
#4571 = CARTESIAN_POINT('',(-0.572771068839,-27.87855464493,
    76.887076344827));
#4572 = CARTESIAN_POINT('',(-0.577812855789,-27.91333688369,
    76.879305832341));
#4573 = CARTESIAN_POINT('',(-0.580317786065,-27.93237861141,
    76.875130761944));
#4574 = CARTESIAN_POINT('',(-0.582568219997,-27.95140688,76.871036809353
    ));
#4575 = CARTESIAN_POINT('',(-0.584566024831,-27.97041330926,
    76.867024893509));
#4576 = CARTESIAN_POINT('',(-0.586313429211,-27.98938922712,
    76.863095873681));
#4577 = CARTESIAN_POINT('',(-0.587813023177,-28.00832566975,
    76.859250549473));
#4578 = CARTESIAN_POINT('',(-0.590617617509,-28.05054364383,
    76.850844179124));
#4579 = CARTESIAN_POINT('',(-0.591793960467,-28.07379957557,
    76.846327497426));
#4580 = CARTESIAN_POINT('',(-0.592602306472,-28.09696361294,
    76.841941044975));
#4581 = CARTESIAN_POINT('',(-0.593049293137,-28.12001754288,
    76.837686021126));
#4582 = CARTESIAN_POINT('',(-0.593142676254,-28.142942503,
    76.833563395336));
#4583 = CARTESIAN_POINT('',(-0.592891329795,-28.1657189816,
    76.829573907165));
#4584 = CARTESIAN_POINT('',(-0.591022841388,-28.23779480712,
    76.81728113776));
#4585 = CARTESIAN_POINT('',(-0.588137832079,-28.28646316944,
    76.809482677114));
#4586 = CARTESIAN_POINT('',(-0.583755332853,-28.33411268344,
    76.802329319494));
#4587 = CARTESIAN_POINT('',(-0.578010834384,-28.38051570008,
    76.795819809952));
#4588 = CARTESIAN_POINT('',(-0.571071842967,-28.42545568492,
    76.789941006533));
#4589 = CARTESIAN_POINT('',(-0.563127917083,-28.46874839635,
    76.78466718007));
#4590 = CARTESIAN_POINT('',(-0.544150623667,-28.55869971403,
    76.774474022697));
#4591 = CARTESIAN_POINT('',(-0.532819317428,-28.60473444404,
    76.769758249146));
#4592 = CARTESIAN_POINT('',(-0.520680041678,-28.64813951786,
    76.765761957814));
#4593 = CARTESIAN_POINT('',(-0.508023665094,-28.68888404552,
    76.762400700604));
#4594 = CARTESIAN_POINT('',(-0.495066204246,-28.72709719284,
    76.75958459939));
#4595 = CARTESIAN_POINT('',(-0.481933705143,-28.76301117758,
    76.757233201345));
#4596 = CARTESIAN_POINT('',(-0.459689925071,-28.81991823813,
    76.753951111466));
#4597 = CARTESIAN_POINT('',(-0.450634469669,-28.84201402499,
    76.752806240392));
#4598 = CARTESIAN_POINT('',(-0.441543745602,-28.86326348409,
    76.751823407688));
#4599 = CARTESIAN_POINT('',(-0.432421635504,-28.88376128115,
    76.750984507884));
#4600 = CARTESIAN_POINT('',(-0.423260745592,-28.90360340364,
    76.75027468722));
#4601 = CARTESIAN_POINT('',(-0.414044490993,-28.92288425262,
    76.749682217979));
#4602 = CARTESIAN_POINT('',(-0.396898499355,-28.9575799457,
    76.748789724332));
#4603 = CARTESIAN_POINT('',(-0.388991795235,-28.97312926921,
    76.748458561787));
#4604 = CARTESIAN_POINT('',(-0.381014659678,-28.98839618958,
    76.748199612451));
#4605 = CARTESIAN_POINT('',(-0.37294962575,-29.00343240247,
    76.748009047386));
#4606 = CARTESIAN_POINT('',(-0.364776142962,-29.01828729106,
    76.747884404327));
#4607 = CARTESIAN_POINT('',(-0.356470551628,-29.03300840243,
    76.747824510543));
#4608 = CARTESIAN_POINT('',(-0.332812237769,-29.07390918475,
    76.747838192563));
#4609 = CARTESIAN_POINT('',(-0.317109913458,-29.09988821561,
    76.748055726963));
#4610 = CARTESIAN_POINT('',(-0.300739535556,-29.12585331134,
    76.748482375272));
#4611 = CARTESIAN_POINT('',(-0.28351686158,-29.15204831376,
    76.749131579549));
#4612 = CARTESIAN_POINT('',(-0.265221749641,-29.17870403441,
    76.750030212185));
#4613 = CARTESIAN_POINT('',(-0.245593933886,-29.20603387125,
    76.751220665272));
#4614 = CARTESIAN_POINT('',(-0.199232933755,-29.26747679854,
    76.754587929633));
#4615 = CARTESIAN_POINT('',(-0.171842735009,-29.30194176102,
    76.756905117737));
#4616 = CARTESIAN_POINT('',(-0.141703125694,-29.33783989776,
    76.75981676022));
#4617 = CARTESIAN_POINT('',(-0.108325926694,-29.37528997083,
    76.763452640832));
#4618 = CARTESIAN_POINT('',(-7.121520757252E-02,-29.41421943117,
    76.767979103452));
#4619 = CARTESIAN_POINT('',(-3.010567183835E-02,-29.45416603492,
    76.773560746456));
#4620 = CARTESIAN_POINT('',(4.606149968415E-02,-29.52231305456,
    76.784949744904));
#4621 = CARTESIAN_POINT('',(7.909207450125E-02,-29.55034950401,
    76.790159420677));
#4622 = CARTESIAN_POINT('',(0.113984236507,-29.57833262856,
    76.795954397968));
#4623 = CARTESIAN_POINT('',(0.150675520257,-29.60601914854,
    76.802358799338));
#4624 = CARTESIAN_POINT('',(0.189067325483,-29.63316880561,
    76.809385031512));
#4625 = CARTESIAN_POINT('',(0.229037251923,-29.65956197696,
    76.817034455088));
#4626 = CARTESIAN_POINT('',(0.289723352476,-29.69684479721,
    76.829146703162));
#4627 = CARTESIAN_POINT('',(0.309306118285,-29.70847785808,
    76.833126218246));
#4628 = CARTESIAN_POINT('',(0.329191148701,-29.71988771711,
    76.837239079667));
#4629 = CARTESIAN_POINT('',(0.349365965923,-29.73105682094,
    76.841484562637));
#4630 = CARTESIAN_POINT('',(0.36981809005,-29.74196891427,
    76.845861709919));
#4631 = CARTESIAN_POINT('',(0.39053503908,-29.75260903986,
    76.850369331831));
#4632 = CARTESIAN_POINT('',(0.428477269492,-29.77134466599,
    76.858759018384));
#4633 = CARTESIAN_POINT('',(0.445615570563,-29.77953862721,
    76.862596598203));
#4634 = CARTESIAN_POINT('',(0.462912679935,-29.78753819222,
    76.866518010212));
#4635 = CARTESIAN_POINT('',(0.480362117211,-29.79533659255,
    76.870522458711));
#4636 = CARTESIAN_POINT('',(0.49795747379,-29.8029275213,76.874609087786
    ));
#4637 = CARTESIAN_POINT('',(0.515692412859,-29.81030513308,
    76.878776981314));
#4638 = CARTESIAN_POINT('',(0.548320385481,-29.82337751932,
    76.886534288473));
#4639 = CARTESIAN_POINT('',(0.563171065535,-29.82914174992,
    76.890098199505));
#4640 = CARTESIAN_POINT('',(0.578109184508,-29.83475369336,
    76.893716349076));
#4641 = CARTESIAN_POINT('',(0.593131251755,-29.84021047818,
    76.897388170304));
#4642 = CARTESIAN_POINT('',(0.60823381104,-29.84550940405,
    76.901113076401));
#4643 = CARTESIAN_POINT('',(0.623413440537,-29.85064794165,
    76.904890460674));
#4644 = CARTESIAN_POINT('',(0.650886776359,-29.85961003314,
    76.911787446746));
#4645 = CARTESIAN_POINT('',(0.663154089607,-29.86349187318,
    76.914888477064));
#4646 = CARTESIAN_POINT('',(0.675466950929,-29.86726803706,
    76.918022465907));
#4647 = CARTESIAN_POINT('',(0.687823630946,-29.87093736713,
    76.921189085109));
#4648 = CARTESIAN_POINT('',(0.700222412545,-29.87449876393,
    76.924387999909));
#4649 = CARTESIAN_POINT('',(0.712661590878,-29.87795118618,
    76.927618868949));
#4650 = CARTESIAN_POINT('',(0.76783273192,-29.89272994264,
    76.942043951616));
#4651 = CARTESIAN_POINT('',(0.810978901837,-29.90287889548,
    76.953576524047));
#4652 = CARTESIAN_POINT('',(0.854510450216,-29.91170117108,
    76.965465198676));
#4653 = CARTESIAN_POINT('',(0.898361054679,-29.91916442305,
    76.977695238479));
#4654 = CARTESIAN_POINT('',(0.942465549366,-29.92524247127,
    76.990251163019));
#4655 = CARTESIAN_POINT('',(0.986759870929,-29.92991447627,
    77.003116879167));
#4656 = CARTESIAN_POINT('',(1.160185648466,-29.94260147592,
    77.054491032451));
#4657 = CARTESIAN_POINT('',(1.290270575703,-29.94004310033,
    77.095182475106));
#4658 = CARTESIAN_POINT('',(1.419866320904,-29.92508857824,
    77.137936213895));
#4659 = CARTESIAN_POINT('',(1.547494452047,-29.89767563933,
    77.182306097203));
#4660 = CARTESIAN_POINT('',(1.671737445968,-29.85797771352,
    77.227822722876));
#4661 = CARTESIAN_POINT('',(1.791233502022,-29.80637386794,
    77.273997202513));
#4662 = CARTESIAN_POINT('',(2.050841921789,-29.66249506123,
    77.37998537748));
#4663 = CARTESIAN_POINT('',(2.187075274023,-29.56273175532,
    77.439936519206));
#4664 = CARTESIAN_POINT('',(2.310588017746,-29.44551398442,
    77.49907011178));
#4665 = CARTESIAN_POINT('',(2.419035730172,-29.31270768048,
    77.55632783532));
#4666 = CARTESIAN_POINT('',(2.510455930323,-29.16654614332,
    77.610703901151));
#4667 = CARTESIAN_POINT('',(2.583272577539,-29.00963730292,
    77.661245146335));
#4668 = CARTESIAN_POINT('',(2.636474000823,-28.845,77.7070995876));
#4669 = PCURVE('',#3325,#4670);
#4670 = DEFINITIONAL_REPRESENTATION('',(#4671),#4842);
#4671 = B_SPLINE_CURVE_WITH_KNOTS('',7,(#4672,#4673,#4674,#4675,#4676,
    #4677,#4678,#4679,#4680,#4681,#4682,#4683,#4684,#4685,#4686,#4687,
    #4688,#4689,#4690,#4691,#4692,#4693,#4694,#4695,#4696,#4697,#4698,
    #4699,#4700,#4701,#4702,#4703,#4704,#4705,#4706,#4707,#4708,#4709,
    #4710,#4711,#4712,#4713,#4714,#4715,#4716,#4717,#4718,#4719,#4720,
    #4721,#4722,#4723,#4724,#4725,#4726,#4727,#4728,#4729,#4730,#4731,
    #4732,#4733,#4734,#4735,#4736,#4737,#4738,#4739,#4740,#4741,#4742,
    #4743,#4744,#4745,#4746,#4747,#4748,#4749,#4750,#4751,#4752,#4753,
    #4754,#4755,#4756,#4757,#4758,#4759,#4760,#4761,#4762,#4763,#4764,
    #4765,#4766,#4767,#4768,#4769,#4770,#4771,#4772,#4773,#4774,#4775,
    #4776,#4777,#4778,#4779,#4780,#4781,#4782,#4783,#4784,#4785,#4786,
    #4787,#4788,#4789,#4790,#4791,#4792,#4793,#4794,#4795,#4796,#4797,
    #4798,#4799,#4800,#4801,#4802,#4803,#4804,#4805,#4806,#4807,#4808,
    #4809,#4810,#4811,#4812,#4813,#4814,#4815,#4816,#4817,#4818,#4819,
    #4820,#4821,#4822,#4823,#4824,#4825,#4826,#4827,#4828,#4829,#4830,
    #4831,#4832,#4833,#4834,#4835,#4836,#4837,#4838,#4839,#4840,#4841),
  .UNSPECIFIED.,.F.,.F.,(8,6,6,6,6,6,6,6,6,6,6,6,6,6,6,6,6,6,6,6,6,6,6,6
    ,6,6,6,6,8),(0.,1.854402686226E-02,7.509558128109E-02,0.131171899316
    ,0.154472265767,0.187309267069,0.2340249069,0.297653136092,
    0.3443346756,0.399295679999,0.428503858617,0.437039840232,
    0.447693996328,0.460590656652,0.476520721301,0.511377143149,
    0.552042403367,0.579692239545,0.603044883522,0.644963022849,
    0.694462368192,0.728715889709,0.744650906617,0.757549011293,
    0.768203232792,0.776738745271,0.805943126833,0.890756379887,1.),
  .UNSPECIFIED.);
#4672 = CARTESIAN_POINT('',(1.026380562432E-15,82.113714638978));
#4673 = CARTESIAN_POINT('',(1.758808365045E-02,82.113714638978));
#4674 = CARTESIAN_POINT('',(3.51767770853E-02,82.113714638978));
#4675 = CARTESIAN_POINT('',(5.276650855647E-02,82.113714638978));
#4676 = CARTESIAN_POINT('',(7.035751839188E-02,82.113714638978));
#4677 = CARTESIAN_POINT('',(8.794985899544E-02,82.113714638978));
#4678 = CARTESIAN_POINT('',(0.105543394847,82.113714638978));
#4679 = CARTESIAN_POINT('',(0.176793414058,82.113714638978));
#4680 = CARTESIAN_POINT('',(0.23046032998,82.113714638978));
#4681 = CARTESIAN_POINT('',(0.284133789405,82.113714638978));
#4682 = CARTESIAN_POINT('',(0.337812264471,82.113714638978));
#4683 = CARTESIAN_POINT('',(0.391495315996,82.113714638978));
#4684 = CARTESIAN_POINT('',(0.445181449144,82.113714638978));
#4685 = CARTESIAN_POINT('',(0.552099346095,82.113714638978));
#4686 = CARTESIAN_POINT('',(0.605334228033,82.113714638978));
#4687 = CARTESIAN_POINT('',(0.658566080529,82.113714638978));
#4688 = CARTESIAN_POINT('',(0.711793439238,82.113714638978));
#4689 = CARTESIAN_POINT('',(0.765015852541,82.113714638978));
#4690 = CARTESIAN_POINT('',(0.818231824228,82.113714638978));
#4691 = CARTESIAN_POINT('',(0.893544028095,82.113714638978));
#4692 = CARTESIAN_POINT('',(0.915649665641,82.113714638978));
#4693 = CARTESIAN_POINT('',(0.937753527806,82.113714638978));
#4694 = CARTESIAN_POINT('',(0.959855472203,82.113714638978));
#4695 = CARTESIAN_POINT('',(0.981955355063,82.113714638978));
#4696 = CARTESIAN_POINT('',(1.004053031236,82.113714638978));
#4697 = CARTESIAN_POINT('',(1.057287098294,82.113714638978));
#4698 = CARTESIAN_POINT('',(1.088421215912,82.113714638978));
#4699 = CARTESIAN_POINT('',(1.119550293241,82.113714638978));
#4700 = CARTESIAN_POINT('',(1.15067390561,82.113714638978));
#4701 = CARTESIAN_POINT('',(1.181791617482,82.113714638978));
#4702 = CARTESIAN_POINT('',(1.212902982448,82.113714638978));
#4703 = CARTESIAN_POINT('',(1.288258522341,82.113714638978));
#4704 = CARTESIAN_POINT('',(1.332496416689,82.113714638978));
#4705 = CARTESIAN_POINT('',(1.376718877597,82.113714638978));
#4706 = CARTESIAN_POINT('',(1.420924735785,82.113714638978));
#4707 = CARTESIAN_POINT('',(1.465113146467,82.113714638978));
#4708 = CARTESIAN_POINT('',(1.509282734455,82.113714638978));
#4709 = CARTESIAN_POINT('',(1.613561765583,82.113714638978));
#4710 = CARTESIAN_POINT('',(1.673656881842,82.113714638978));
#4711 = CARTESIAN_POINT('',(1.733706661671,82.113714638978));
#4712 = CARTESIAN_POINT('',(1.793707014157,82.113714638978));
#4713 = CARTESIAN_POINT('',(1.853655086501,82.113714638978));
#4714 = CARTESIAN_POINT('',(1.913544828602,82.113714638978));
#4715 = CARTESIAN_POINT('',(2.017247896377,82.113714638978));
#4716 = CARTESIAN_POINT('',(2.061096879915,82.113714638978));
#4717 = CARTESIAN_POINT('',(2.104904454885,82.113714638978));
#4718 = CARTESIAN_POINT('',(2.148666682819,82.113714638978));
#4719 = CARTESIAN_POINT('',(2.192379187035,82.113714638978));
#4720 = CARTESIAN_POINT('',(2.236035937563,82.113714638978));
#4721 = CARTESIAN_POINT('',(2.330951654428,82.113714638978));
#4722 = CARTESIAN_POINT('',(2.38218800141,82.113714638978));
#4723 = CARTESIAN_POINT('',(2.433321721594,82.113714638978));
#4724 = CARTESIAN_POINT('',(2.48433640789,82.113714638978));
#4725 = CARTESIAN_POINT('',(2.535211847046,82.113714638978));
#4726 = CARTESIAN_POINT('',(2.585918886899,82.113714638978));
#4727 = CARTESIAN_POINT('',(2.663245672371,82.113714638978));
#4728 = CARTESIAN_POINT('',(2.690019124477,82.113714638978));
#4729 = CARTESIAN_POINT('',(2.716725642701,82.113714638978));
#4730 = CARTESIAN_POINT('',(2.743357363507,82.113714638978));
#4731 = CARTESIAN_POINT('',(2.76990475029,82.113714638978));
#4732 = CARTESIAN_POINT('',(2.796356144858,82.113714638978));
#4733 = CARTESIAN_POINT('',(2.830395429091,82.113714638978));
#4734 = CARTESIAN_POINT('',(2.83808411398,82.113714638978));
#4735 = CARTESIAN_POINT('',(2.845763014912,82.113714638978));
#4736 = CARTESIAN_POINT('',(2.853431749381,82.113714638978));
#4737 = CARTESIAN_POINT('',(2.861089911037,82.113714638978));
#4738 = CARTESIAN_POINT('',(2.868737069683,82.113714638978));
#4739 = CARTESIAN_POINT('',(2.88590324596,82.113714638978));
#4740 = CARTESIAN_POINT('',(2.895415866343,82.113714638978));
#4741 = CARTESIAN_POINT('',(2.904909752728,82.113714638978));
#4742 = CARTESIAN_POINT('',(2.914383950489,82.113714638978));
#4743 = CARTESIAN_POINT('',(2.923837430071,82.113714638978));
#4744 = CARTESIAN_POINT('',(2.933269086995,82.113714638978));
#4745 = CARTESIAN_POINT('',(2.954066745802,82.113714638978));
#4746 = CARTESIAN_POINT('',(2.965422029057,82.113714638978));
#4747 = CARTESIAN_POINT('',(2.97674150403,82.113714638978));
#4748 = CARTESIAN_POINT('',(2.988022873452,82.113714638978));
#4749 = CARTESIAN_POINT('',(2.999263630385,82.113714638978));
#4750 = CARTESIAN_POINT('',(3.010461058211,82.113714638978));
#4751 = CARTESIAN_POINT('',(3.035386253775,82.113714638978));
#4752 = CARTESIAN_POINT('',(3.049089687231,82.113714638978));
#4753 = CARTESIAN_POINT('',(3.062716969919,82.113714638978));
#4754 = CARTESIAN_POINT('',(3.076261976351,82.113714638978));
#4755 = CARTESIAN_POINT('',(3.089718016635,82.113714638978));
#4756 = CARTESIAN_POINT('',(3.103077836477,82.113714638978));
#4757 = CARTESIAN_POINT('',(3.145338463944,82.113714638978));
#4758 = CARTESIAN_POINT('',(3.173849684107,82.113714638978));
#4759 = CARTESIAN_POINT('',(3.201780001468,82.113714638978));
#4760 = CARTESIAN_POINT('',(3.229031944759,82.113714638978));
#4761 = CARTESIAN_POINT('',(3.25550566848,82.113714638978));
#4762 = CARTESIAN_POINT('',(3.281109953909,82.113714638978));
#4763 = CARTESIAN_POINT('',(3.334553499316,82.113714638978));
#4764 = CARTESIAN_POINT('',(3.362064484719,82.113714638978));
#4765 = CARTESIAN_POINT('',(3.388187144475,82.113714638978));
#4766 = CARTESIAN_POINT('',(3.412897270722,82.113714638978));
#4767 = CARTESIAN_POINT('',(3.436256584259,82.113714638978));
#4768 = CARTESIAN_POINT('',(3.45838714889,82.113714638978));
#4769 = CARTESIAN_POINT('',(3.493741630034,82.113714638978));
#4770 = CARTESIAN_POINT('',(3.507552956816,82.113714638978));
#4771 = CARTESIAN_POINT('',(3.520916618949,82.113714638978));
#4772 = CARTESIAN_POINT('',(3.533886587522,82.113714638978));
#4773 = CARTESIAN_POINT('',(3.546518920208,82.113714638978));
#4774 = CARTESIAN_POINT('',(3.55887024977,82.113714638978));
#4775 = CARTESIAN_POINT('',(3.581237732651,82.113714638978));
#4776 = CARTESIAN_POINT('',(3.591318037639,82.113714638978));
#4777 = CARTESIAN_POINT('',(3.60127090877,82.113714638978));
#4778 = CARTESIAN_POINT('',(3.611129154533,82.113714638978));
#4779 = CARTESIAN_POINT('',(3.620925055882,82.113714638978));
#4780 = CARTESIAN_POINT('',(3.630690751438,82.113714638978));
#4781 = CARTESIAN_POINT('',(3.657992011598,82.113714638978));
#4782 = CARTESIAN_POINT('',(3.675528403803,82.113714638978));
#4783 = CARTESIAN_POINT('',(3.693259869316,82.113714638978));
#4784 = CARTESIAN_POINT('',(3.711370690398,82.113714638978));
#4785 = CARTESIAN_POINT('',(3.730050944987,82.113714638978));
#4786 = CARTESIAN_POINT('',(3.749498752827,82.113714638978));
#4787 = CARTESIAN_POINT('',(3.794015355231,82.113714638978));
#4788 = CARTESIAN_POINT('',(3.819478312627,82.113714638979));
#4789 = CARTESIAN_POINT('',(3.846595324571,82.113714638977));
#4790 = CARTESIAN_POINT('',(3.875629324463,82.113714638979));
#4791 = CARTESIAN_POINT('',(3.906777757094,82.113714638978));
#4792 = CARTESIAN_POINT('',(3.940023522067,82.113714638978));
#4793 = CARTESIAN_POINT('',(3.999442031573,82.113714638978));
#4794 = CARTESIAN_POINT('',(4.024646226345,82.113714638978));
#4795 = CARTESIAN_POINT('',(4.050687503427,82.113714638978));
#4796 = CARTESIAN_POINT('',(4.07747901782,82.113714638978));
#4797 = CARTESIAN_POINT('',(4.104926053881,82.113714638978));
#4798 = CARTESIAN_POINT('',(4.132936141292,82.113714638978));
#4799 = CARTESIAN_POINT('',(4.174680078434,82.113714638978));
#4800 = CARTESIAN_POINT('',(4.188038676971,82.113714638978));
#4801 = CARTESIAN_POINT('',(4.20149417691,82.113714638978));
#4802 = CARTESIAN_POINT('',(4.215039276361,82.113714638978));
#4803 = CARTESIAN_POINT('',(4.228667238924,82.113714638978));
#4804 = CARTESIAN_POINT('',(4.242371893684,82.113714638978));
#4805 = CARTESIAN_POINT('',(4.26729798148,82.113714638978));
#4806 = CARTESIAN_POINT('',(4.278494891095,82.113714638978));
#4807 = CARTESIAN_POINT('',(4.28973541698,82.113714638978));
#4808 = CARTESIAN_POINT('',(4.301016822981,82.113714638978));
#4809 = CARTESIAN_POINT('',(4.312336583867,82.113714638978));
#4810 = CARTESIAN_POINT('',(4.323692385333,82.113714638978));
#4811 = CARTESIAN_POINT('',(4.344490389913,82.113714638978));
#4812 = CARTESIAN_POINT('',(4.353921800744,82.113714638978));
#4813 = CARTESIAN_POINT('',(4.363375168638,82.113714638978));
#4814 = CARTESIAN_POINT('',(4.372849381192,82.113714638978));
#4815 = CARTESIAN_POINT('',(4.382343401455,82.113714638978));
#4816 = CARTESIAN_POINT('',(4.391856267931,82.113714638978));
#4817 = CARTESIAN_POINT('',(4.409022611613,82.113714638978));
#4818 = CARTESIAN_POINT('',(4.416669652232,82.113714638978));
#4819 = CARTESIAN_POINT('',(4.424327759209,82.113714638978));
#4820 = CARTESIAN_POINT('',(4.431996499342,82.113714638978));
#4821 = CARTESIAN_POINT('',(4.439675463447,82.113714638978));
#4822 = CARTESIAN_POINT('',(4.447364266364,82.113714638978));
#4823 = CARTESIAN_POINT('',(4.48140232727,82.113714638978));
#4824 = CARTESIAN_POINT('',(4.507852922674,82.113714638978));
#4825 = CARTESIAN_POINT('',(4.534400011368,82.113714638978));
#4826 = CARTESIAN_POINT('',(4.561031858342,82.113714638978));
#4827 = CARTESIAN_POINT('',(4.587738864889,82.113714638978));
#4828 = CARTESIAN_POINT('',(4.614513118119,82.113714638978));
#4829 = CARTESIAN_POINT('',(4.719279691052,82.113714638978));
#4830 = CARTESIAN_POINT('',(4.797728449835,82.113714638978));
#4831 = CARTESIAN_POINT('',(4.876518327018,82.113714638978));
#4832 = CARTESIAN_POINT('',(4.955570081077,82.113714638978));
#4833 = CARTESIAN_POINT('',(5.034843278146,82.113714638978));
#4834 = CARTESIAN_POINT('',(5.114299894476,82.113714638978));
#4835 = CARTESIAN_POINT('',(5.296404490654,82.113714638978));
#4836 = CARTESIAN_POINT('',(5.399207738463,82.113714638978));
#4837 = CARTESIAN_POINT('',(5.502161629149,82.113714638978));
#4838 = CARTESIAN_POINT('',(5.605256237785,82.113714638979));
#4839 = CARTESIAN_POINT('',(5.708491066392,82.113714638978));
#4840 = CARTESIAN_POINT('',(5.811868412978,82.113714638978));
#4841 = CARTESIAN_POINT('',(5.915290677109,82.113714638978));
#4842 = ( GEOMETRIC_REPRESENTATION_CONTEXT(2) 
PARAMETRIC_REPRESENTATION_CONTEXT() REPRESENTATION_CONTEXT('2D SPACE',''
  ) );
#4843 = PCURVE('',#4285,#4844);
#4844 = DEFINITIONAL_REPRESENTATION('',(#4845),#5016);
#4845 = B_SPLINE_CURVE_WITH_KNOTS('',7,(#4846,#4847,#4848,#4849,#4850,
    #4851,#4852,#4853,#4854,#4855,#4856,#4857,#4858,#4859,#4860,#4861,
    #4862,#4863,#4864,#4865,#4866,#4867,#4868,#4869,#4870,#4871,#4872,
    #4873,#4874,#4875,#4876,#4877,#4878,#4879,#4880,#4881,#4882,#4883,
    #4884,#4885,#4886,#4887,#4888,#4889,#4890,#4891,#4892,#4893,#4894,
    #4895,#4896,#4897,#4898,#4899,#4900,#4901,#4902,#4903,#4904,#4905,
    #4906,#4907,#4908,#4909,#4910,#4911,#4912,#4913,#4914,#4915,#4916,
    #4917,#4918,#4919,#4920,#4921,#4922,#4923,#4924,#4925,#4926,#4927,
    #4928,#4929,#4930,#4931,#4932,#4933,#4934,#4935,#4936,#4937,#4938,
    #4939,#4940,#4941,#4942,#4943,#4944,#4945,#4946,#4947,#4948,#4949,
    #4950,#4951,#4952,#4953,#4954,#4955,#4956,#4957,#4958,#4959,#4960,
    #4961,#4962,#4963,#4964,#4965,#4966,#4967,#4968,#4969,#4970,#4971,
    #4972,#4973,#4974,#4975,#4976,#4977,#4978,#4979,#4980,#4981,#4982,
    #4983,#4984,#4985,#4986,#4987,#4988,#4989,#4990,#4991,#4992,#4993,
    #4994,#4995,#4996,#4997,#4998,#4999,#5000,#5001,#5002,#5003,#5004,
    #5005,#5006,#5007,#5008,#5009,#5010,#5011,#5012,#5013,#5014,#5015),
  .UNSPECIFIED.,.F.,.F.,(8,6,6,6,6,6,6,6,6,6,6,6,6,6,6,6,6,6,6,6,6,6,6,6
    ,6,6,6,6,8),(0.,1.854402686226E-02,7.509558128109E-02,0.131171899316
    ,0.154472265767,0.187309267069,0.2340249069,0.297653136092,
    0.3443346756,0.399295679999,0.428503858617,0.437039840232,
    0.447693996328,0.460590656652,0.476520721301,0.511377143149,
    0.552042403367,0.579692239545,0.603044883522,0.644963022849,
    0.694462368192,0.728715889709,0.744650906617,0.757549011293,
    0.768203232792,0.776738745271,0.805943126833,0.890756379887,1.),
  .UNSPECIFIED.);
#4846 = CARTESIAN_POINT('',(0.222170741337,-0.809924675526));
#4847 = CARTESIAN_POINT('',(0.2328012577,-0.808168453523));
#4848 = CARTESIAN_POINT('',(0.243433608201,-0.806482224531));
#4849 = CARTESIAN_POINT('',(0.254068075763,-0.804866299894));
#4850 = CARTESIAN_POINT('',(0.264704813678,-0.803320989271));
#4851 = CARTESIAN_POINT('',(0.275343845608,-0.801846600633));
#4852 = CARTESIAN_POINT('',(0.285985065582,-0.800443440266));
#4853 = CARTESIAN_POINT('',(0.329085478736,-0.795050903805));
#4854 = CARTESIAN_POINT('',(0.361562818226,-0.791655002358));
#4855 = CARTESIAN_POINT('',(0.394056289439,-0.788932162126));
#4856 = CARTESIAN_POINT('',(0.426562699583,-0.786888388998));
#4857 = CARTESIAN_POINT('',(0.459078727902,-0.785527669806));
#4858 = CARTESIAN_POINT('',(0.491600023468,-0.78485200108));
#4859 = CARTESIAN_POINT('',(0.556367295222,-0.784870755402));
#4860 = CARTESIAN_POINT('',(0.588615159806,-0.785553711959));
#4861 = CARTESIAN_POINT('',(0.620857796545,-0.786910217397));
#4862 = CARTESIAN_POINT('',(0.653090964397,-0.788938305224));
#4863 = CARTESIAN_POINT('',(0.68531141556,-0.79163408489));
#4864 = CARTESIAN_POINT('',(0.717516029574,-0.794991714146));
#4865 = CARTESIAN_POINT('',(0.763074157463,-0.800670261924));
#4866 = CARTESIAN_POINT('',(0.776444133924,-0.802450086103));
#4867 = CARTESIAN_POINT('',(0.789810708494,-0.804342291964));
#4868 = CARTESIAN_POINT('',(0.803173753481,-0.806346275172));
#4869 = CARTESIAN_POINT('',(0.816533181801,-0.808461379024));
#4870 = CARTESIAN_POINT('',(0.829888946982,-0.81068689445));
#4871 = CARTESIAN_POINT('',(0.862058034752,-0.816312988269));
#4872 = CARTESIAN_POINT('',(0.880867788164,-0.819821703487));
#4873 = CARTESIAN_POINT('',(0.899670265028,-0.823546069589));
#4874 = CARTESIAN_POINT('',(0.918465658567,-0.827483764296));
#4875 = CARTESIAN_POINT('',(0.937254393595,-0.831632279132));
#4876 = CARTESIAN_POINT('',(0.956037126513,-0.835988919418));
#4877 = CARTESIAN_POINT('',(1.00152877041,-0.847040780869));
#4878 = CARTESIAN_POINT('',(1.028232886041,-0.853946281025));
#4879 = CARTESIAN_POINT('',(1.054929155953,-0.861258871923));
#4880 = CARTESIAN_POINT('',(1.081621490611,-0.868969628456));
#4881 = CARTESIAN_POINT('',(1.108315393486,-0.877069035106));
#4882 = CARTESIAN_POINT('',(1.135017707344,-0.885546887831));
#4883 = CARTESIAN_POINT('',(1.198128039963,-0.90643979485));
#4884 = CARTESIAN_POINT('',(1.234552548257,-0.919169881915));
#4885 = CARTESIAN_POINT('',(1.271028464012,-0.932554258572));
#4886 = CARTESIAN_POINT('',(1.307584525766,-0.946563587801));
#4887 = CARTESIAN_POINT('',(1.344258515215,-0.961167430118));
#4888 = CARTESIAN_POINT('',(1.381097534245,-0.976333278931));
#4889 = CARTESIAN_POINT('',(1.44535071736,-1.003536699411));
#4890 = CARTESIAN_POINT('',(1.472663189514,-1.015332245517));
#4891 = CARTESIAN_POINT('',(1.500120832612,-1.02739702572));
#4892 = CARTESIAN_POINT('',(1.527752035619,-1.039716626987));
#4893 = CARTESIAN_POINT('',(1.555591019409,-1.052275993153));
#4894 = CARTESIAN_POINT('',(1.583679020057,-1.06505898697));
#4895 = CARTESIAN_POINT('',(1.645486561804,-1.09334064774));
#4896 = CARTESIAN_POINT('',(1.679323028967,-1.108919534984));
#4897 = CARTESIAN_POINT('',(1.713655354998,-1.124755536286));
#4898 = CARTESIAN_POINT('',(1.748584683059,-1.140817681195));
#4899 = CARTESIAN_POINT('',(1.78423675063,-1.157072156056));
#4900 = CARTESIAN_POINT('',(1.820772594002,-1.173479750153));
#4901 = CARTESIAN_POINT('',(1.878405731425,-1.19876671875));
#4902 = CARTESIAN_POINT('',(1.898715520261,-1.20757125964));
#4903 = CARTESIAN_POINT('',(1.919367756372,-1.216398059087));
#4904 = CARTESIAN_POINT('',(1.940398981683,-1.22523913887));
#4905 = CARTESIAN_POINT('',(1.961850945838,-1.234085550208));
#4906 = CARTESIAN_POINT('',(1.983771637117,-1.242927119465));
#4907 = CARTESIAN_POINT('',(2.012775686529,-1.25433128903));
#4908 = CARTESIAN_POINT('',(2.01937980549,-1.256908971201));
#4909 = CARTESIAN_POINT('',(2.02603004427,-1.259484948462));
#4910 = CARTESIAN_POINT('',(2.03272783119,-1.262058915841));
#4911 = CARTESIAN_POINT('',(2.039474648842,-1.2646305553));
#4912 = CARTESIAN_POINT('',(2.046272034095,-1.267199535733));
#4913 = CARTESIAN_POINT('',(2.061670812872,-1.272968228627));
#4914 = CARTESIAN_POINT('',(2.070301304687,-1.276166263122));
#4915 = CARTESIAN_POINT('',(2.079016149454,-1.279358948641));
#4916 = CARTESIAN_POINT('',(2.0878185812,-1.282545577559));
#4917 = CARTESIAN_POINT('',(2.096711972058,-1.285725402437));
#4918 = CARTESIAN_POINT('',(2.105699832272,-1.288897636025));
#4919 = CARTESIAN_POINT('',(2.125784219628,-1.295891191508));
#4920 = CARTESIAN_POINT('',(2.136926379847,-1.299708589829));
#4921 = CARTESIAN_POINT('',(2.14821878951,-1.303512180571));
#4922 = CARTESIAN_POINT('',(2.159668203266,-1.307300391366));
#4923 = CARTESIAN_POINT('',(2.171281631745,-1.311071543135));
#4924 = CARTESIAN_POINT('',(2.183066341564,-1.314823850088));
#4925 = CARTESIAN_POINT('',(2.209807289388,-1.323164686302));
#4926 = CARTESIAN_POINT('',(2.224857359617,-1.327742310828));
#4927 = CARTESIAN_POINT('',(2.240194463361,-1.332284701197));
#4928 = CARTESIAN_POINT('',(2.255833067012,-1.336787997053));
#4929 = CARTESIAN_POINT('',(2.271787706008,-1.341248069783));
#4930 = CARTESIAN_POINT('',(2.288072984827,-1.345660522518));
#4931 = CARTESIAN_POINT('',(2.341092816386,-1.35956113112));
#4932 = CARTESIAN_POINT('',(2.379140371437,-1.368852736951));
#4933 = CARTESIAN_POINT('',(2.418988577078,-1.377845014538));
#4934 = CARTESIAN_POINT('',(2.460772384521,-1.386482637024));
#4935 = CARTESIAN_POINT('',(2.50459308278,-1.394709395555));
#4936 = CARTESIAN_POINT('',(2.550484852563,-1.402474167622));
#4937 = CARTESIAN_POINT('',(2.654244225856,-1.418214307551));
#4938 = CARTESIAN_POINT('',(2.712852624255,-1.42601220758));
#4939 = CARTESIAN_POINT('',(2.774072326091,-1.433067371045));
#4940 = CARTESIAN_POINT('',(2.837670319445,-1.439356056033));
#4941 = CARTESIAN_POINT('',(2.903319577347,-1.444891505012));
#4942 = CARTESIAN_POINT('',(2.970643756748,-1.449711521124));
#4943 = CARTESIAN_POINT('',(3.085972919784,-1.456677557363));
#4944 = CARTESIAN_POINT('',(3.133276772012,-1.45918642399));
#4945 = CARTESIAN_POINT('',(3.181110757118,-1.461399036498));
#4946 = CARTESIAN_POINT('',(3.229385423631,-1.46333014548));
#4947 = CARTESIAN_POINT('',(3.278019516692,-1.464993821292));
#4948 = CARTESIAN_POINT('',(3.326942205327,-1.466402334361));
#4949 = CARTESIAN_POINT('',(3.417609297009,-1.468547035718));
#4950 = CARTESIAN_POINT('',(3.459285400222,-1.469353674784));
#4951 = CARTESIAN_POINT('',(3.501087148735,-1.469990715215));
#4952 = CARTESIAN_POINT('',(3.542980239585,-1.470462540097));
#4953 = CARTESIAN_POINT('',(3.584932271788,-1.470772097201));
#4954 = CARTESIAN_POINT('',(3.626912480652,-1.470920843129));
#4955 = CARTESIAN_POINT('',(3.744244019465,-1.470886867905));
#4956 = CARTESIAN_POINT('',(3.819575664759,-1.470346669536));
#4957 = CARTESIAN_POINT('',(3.894733499248,-1.469287770236));
#4958 = CARTESIAN_POINT('',(3.969539218891,-1.467693921958));
#4959 = CARTESIAN_POINT('',(4.043776837638,-1.465532950281));
#4960 = CARTESIAN_POINT('',(4.117193005616,-1.462759828844));
#4961 = CARTESIAN_POINT('',(4.274905910666,-1.455264221528));
#4962 = CARTESIAN_POINT('',(4.358818480759,-1.450277647828));
#4963 = CARTESIAN_POINT('',(4.440674560971,-1.44428153511));
#4964 = CARTESIAN_POINT('',(4.519817546194,-1.437193904885));
#4965 = CARTESIAN_POINT('',(4.59556793092,-1.428953654065));
#4966 = CARTESIAN_POINT('',(4.667488326152,-1.419592997795));
#4967 = CARTESIAN_POINT('',(4.782299639121,-1.402061028941));
#4968 = CARTESIAN_POINT('',(4.82732245955,-1.394409399612));
#4969 = CARTESIAN_POINT('',(4.870345954457,-1.386313072832));
#4970 = CARTESIAN_POINT('',(4.91140366417,-1.377820700601));
#4971 = CARTESIAN_POINT('',(4.950591561189,-1.368985602914));
#4972 = CARTESIAN_POINT('',(4.988037278692,-1.35986028031));
#4973 = CARTESIAN_POINT('',(5.040548340529,-1.346134932476));
#4974 = CARTESIAN_POINT('',(5.05687394523,-1.341724384254));
#4975 = CARTESIAN_POINT('',(5.072867402516,-1.337265817428));
#4976 = CARTESIAN_POINT('',(5.088543330701,-1.332763652649));
#4977 = CARTESIAN_POINT('',(5.103916293226,-1.328222042191));
#4978 = CARTESIAN_POINT('',(5.119000798657,-1.323644869951));
#4979 = CARTESIAN_POINT('',(5.145799201704,-1.315305043582));
#4980 = CARTESIAN_POINT('',(5.157607472054,-1.311553406988));
#4981 = CARTESIAN_POINT('',(5.169243658012,-1.307782744996));
#4982 = CARTESIAN_POINT('',(5.180715051294,-1.303994853685));
#4983 = CARTESIAN_POINT('',(5.192028689056,-1.300191421891));
#4984 = CARTESIAN_POINT('',(5.203191353894,-1.296374031199));
#4985 = CARTESIAN_POINT('',(5.223310954144,-1.289380564064));
#4986 = CARTESIAN_POINT('',(5.232313763498,-1.286208458279));
#4987 = CARTESIAN_POINT('',(5.241221665296,-1.283028670243));
#4988 = CARTESIAN_POINT('',(5.250038184688,-1.279841991549));
#4989 = CARTESIAN_POINT('',(5.258766708584,-1.276649173729));
#4990 = CARTESIAN_POINT('',(5.267410485647,-1.273450928251));
#4991 = CARTESIAN_POINT('',(5.282832091198,-1.267681876892));
#4992 = CARTESIAN_POINT('',(5.289639160169,-1.265112776242));
#4993 = CARTESIAN_POINT('',(5.296395431463,-1.262540970536));
#4994 = CARTESIAN_POINT('',(5.303102448895,-1.259966792579));
#4995 = CARTESIAN_POINT('',(5.309761701842,-1.257390562023));
#4996 = CARTESIAN_POINT('',(5.316374625246,-1.254812585364));
#4997 = CARTESIAN_POINT('',(5.345415020569,-1.243407600229));
#4998 = CARTESIAN_POINT('',(5.367361153615,-1.234565087435));
#4999 = CARTESIAN_POINT('',(5.388836506067,-1.225717324541));
#5000 = CARTESIAN_POINT('',(5.4098892858,-1.216874530293));
#5001 = CARTESIAN_POINT('',(5.430561435224,-1.208045690706));
#5002 = CARTESIAN_POINT('',(5.45088966526,-1.199238814559));
#5003 = CARTESIAN_POINT('',(5.529037902258,-1.16496984322));
#5004 = CARTESIAN_POINT('',(5.584548082293,-1.139723194353));
#5005 = CARTESIAN_POINT('',(5.638217328177,-1.114903457689));
#5006 = CARTESIAN_POINT('',(5.690538886562,-1.090637685528));
#5007 = CARTESIAN_POINT('',(5.741854649697,-1.067030705143));
#5008 = CARTESIAN_POINT('',(5.792422201738,-1.044181961372));
#5009 = CARTESIAN_POINT('',(5.906804083277,-0.993854728887));
#5010 = CARTESIAN_POINT('',(5.970281985322,-0.966919843132));
#5011 = CARTESIAN_POINT('',(6.033199646124,-0.9415960612));
#5012 = CARTESIAN_POINT('',(6.095809211047,-0.918041783483));
#5013 = CARTESIAN_POINT('',(6.158284373122,-0.896404519293));
#5014 = CARTESIAN_POINT('',(6.220739289176,-0.87682502448));
#5015 = CARTESIAN_POINT('',(6.28318530718,-0.859432688636));
#5016 = ( GEOMETRIC_REPRESENTATION_CONTEXT(2) 
PARAMETRIC_REPRESENTATION_CONTEXT() REPRESENTATION_CONTEXT('2D SPACE',''
  ) );
#5017 = ORIENTED_EDGE('',*,*,#4435,.F.);
#5018 = ORIENTED_EDGE('',*,*,#3362,.T.);
#5019 = ADVANCED_FACE('',(#5020),#3800,.T.);
#5020 = FACE_BOUND('',#5021,.T.);
#5021 = EDGE_LOOP('',(#5022,#5045,#5122,#5123));
#5022 = ORIENTED_EDGE('',*,*,#5023,.F.);
#5023 = EDGE_CURVE('',#5024,#3517,#5026,.T.);
#5024 = VERTEX_POINT('',#5025);
#5025 = CARTESIAN_POINT('',(3.323148148481,-26.55053856575,80.766));
#5026 = SEAM_CURVE('',#5027,(#5031,#5038),.PCURVE_S1.);
#5027 = LINE('',#5028,#5029);
#5028 = CARTESIAN_POINT('',(1.49883016633,-29.71035,80.766));
#5029 = VECTOR('',#5030,1.);
#5030 = DIRECTION('',(0.5,0.866025403784,0.));
#5031 = PCURVE('',#3800,#5032);
#5032 = DEFINITIONAL_REPRESENTATION('',(#5033),#5037);
#5033 = LINE('',#5034,#5035);
#5034 = CARTESIAN_POINT('',(0.,-0.));
#5035 = VECTOR('',#5036,1.);
#5036 = DIRECTION('',(0.,1.));
#5037 = ( GEOMETRIC_REPRESENTATION_CONTEXT(2) 
PARAMETRIC_REPRESENTATION_CONTEXT() REPRESENTATION_CONTEXT('2D SPACE',''
  ) );
#5038 = PCURVE('',#3800,#5039);
#5039 = DEFINITIONAL_REPRESENTATION('',(#5040),#5044);
#5040 = LINE('',#5041,#5042);
#5041 = CARTESIAN_POINT('',(6.28318530718,-0.));
#5042 = VECTOR('',#5043,1.);
#5043 = DIRECTION('',(0.,1.));
#5044 = ( GEOMETRIC_REPRESENTATION_CONTEXT(2) 
PARAMETRIC_REPRESENTATION_CONTEXT() REPRESENTATION_CONTEXT('2D SPACE',''
  ) );
#5045 = ORIENTED_EDGE('',*,*,#5046,.T.);
#5046 = EDGE_CURVE('',#5024,#5024,#5047,.T.);
#5047 = SURFACE_CURVE('',#5048,(#5053,#5060),.PCURVE_S1.);
#5048 = CIRCLE('',#5049,1.7307);
#5049 = AXIS2_PLACEMENT_3D('',#5050,#5051,#5052);
#5050 = CARTESIAN_POINT('',(1.824317982151,-25.68518856575,80.766));
#5051 = DIRECTION('',(0.5,0.866025403784,0.));
#5052 = DIRECTION('',(-0.866025403784,0.5,0.));
#5053 = PCURVE('',#3800,#5054);
#5054 = DEFINITIONAL_REPRESENTATION('',(#5055),#5059);
#5055 = LINE('',#5056,#5057);
#5056 = CARTESIAN_POINT('',(-3.14159265359,3.648635964302));
#5057 = VECTOR('',#5058,1.);
#5058 = DIRECTION('',(1.,0.));
#5059 = ( GEOMETRIC_REPRESENTATION_CONTEXT(2) 
PARAMETRIC_REPRESENTATION_CONTEXT() REPRESENTATION_CONTEXT('2D SPACE',''
  ) );
#5060 = PCURVE('',#4285,#5061);
#5061 = DEFINITIONAL_REPRESENTATION('',(#5062),#5121);
#5062 = B_SPLINE_CURVE_WITH_KNOTS('',8,(#5063,#5064,#5065,#5066,#5067,
    #5068,#5069,#5070,#5071,#5072,#5073,#5074,#5075,#5076,#5077,#5078,
    #5079,#5080,#5081,#5082,#5083,#5084,#5085,#5086,#5087,#5088,#5089,
    #5090,#5091,#5092,#5093,#5094,#5095,#5096,#5097,#5098,#5099,#5100,
    #5101,#5102,#5103,#5104,#5105,#5106,#5107,#5108,#5109,#5110,#5111,
    #5112,#5113,#5114,#5115,#5116,#5117,#5118,#5119,#5120),
  .UNSPECIFIED.,.T.,.F.,(9,7,7,7,7,7,7,7,9),(3.14159265359,
    3.926990816987,4.61421420996,5.215534678811,6.267845499301,
    7.057078614668,7.649003451193,8.536890705981,9.424777960769),
  .UNSPECIFIED.);
#5063 = CARTESIAN_POINT('',(0.604286507123,0.));
#5064 = CARTESIAN_POINT('',(0.604286507123,-4.207490161058E-02));
#5065 = CARTESIAN_POINT('',(0.608551705862,-8.41497988071E-02));
#5066 = CARTESIAN_POINT('',(0.617082582748,-0.125720276732));
#5067 = CARTESIAN_POINT('',(0.629886833908,-0.166281765312));
#5068 = CARTESIAN_POINT('',(0.646983875757,-0.205319903864));
#5069 = CARTESIAN_POINT('',(0.668373660067,-0.242299461154));
#5070 = CARTESIAN_POINT('',(0.693980047419,-0.276667577016));
#5071 = CARTESIAN_POINT('',(0.749478057057,-0.335204166809));
#5072 = CARTESIAN_POINT('',(0.778434131902,-0.360110633207));
#5073 = CARTESIAN_POINT('',(0.810296792006,-0.382246332065));
#5074 = CARTESIAN_POINT('',(0.844833678528,-0.401261380582));
#5075 = CARTESIAN_POINT('',(0.881691233219,-0.416829178744));
#5076 = CARTESIAN_POINT('',(0.920375507793,-0.428680743279));
#5077 = CARTESIAN_POINT('',(0.960273740275,-0.436638565945));
#5078 = CARTESIAN_POINT('',(1.036143096448,-0.444119117411));
#5079 = CARTESIAN_POINT('',(1.071981501464,-0.444571849556));
#5080 = CARTESIAN_POINT('',(1.107817811134,-0.44193654292));
#5081 = CARTESIAN_POINT('',(1.143191714797,-0.436222808151));
#5082 = CARTESIAN_POINT('',(1.177656879781,-0.427507002874));
#5083 = CARTESIAN_POINT('',(1.210820567633,-0.41592383959));
#5084 = CARTESIAN_POINT('',(1.242367208453,-0.401650511741));
#5085 = CARTESIAN_POINT('',(1.323994233557,-0.355563332977));
#5086 = CARTESIAN_POINT('',(1.370230303795,-0.318623001585));
#5087 = CARTESIAN_POINT('',(1.409435764662,-0.27516599307));
#5088 = CARTESIAN_POINT('',(1.440955237247,-0.226553126959));
#5089 = CARTESIAN_POINT('',(1.4647469697,-0.174147861265));
#5090 = CARTESIAN_POINT('',(1.480843181878,-0.119204532827));
#5091 = CARTESIAN_POINT('',(1.489281713659,-6.294237237935E-02));
#5092 = CARTESIAN_POINT('',(1.490649029752,3.570229170531E-02));
#5093 = CARTESIAN_POINT('',(1.486928013946,7.8038266034E-02));
#5094 = CARTESIAN_POINT('',(1.478900417621,0.119922058306));
#5095 = CARTESIAN_POINT('',(1.466559248911,0.160842422241));
#5096 = CARTESIAN_POINT('',(1.449884244261,0.20027893743));
#5097 = CARTESIAN_POINT('',(1.42887185689,0.237690128574));
#5098 = CARTESIAN_POINT('',(1.403591781956,0.272515781263));
#5099 = CARTESIAN_POINT('',(1.352262414431,0.327980195119));
#5100 = CARTESIAN_POINT('',(1.32798534934,0.349989090987));
#5101 = CARTESIAN_POINT('',(1.301520788631,0.370005895339));
#5102 = CARTESIAN_POINT('',(1.27300500569,0.387804912308));
#5103 = CARTESIAN_POINT('',(1.24263574317,0.403171622915));
#5104 = CARTESIAN_POINT('',(1.210684578369,0.415917021983));
#5105 = CARTESIAN_POINT('',(1.177494181094,0.425893274118));
#5106 = CARTESIAN_POINT('',(1.092382368528,0.443670137252));
#5107 = CARTESIAN_POINT('',(1.039393012462,0.447888737441));
#5108 = CARTESIAN_POINT('',(0.98578247575,0.445335165002));
#5109 = CARTESIAN_POINT('',(0.933064213179,0.435939324667));
#5110 = CARTESIAN_POINT('',(0.882805549541,0.419974214334));
#5111 = CARTESIAN_POINT('',(0.836141469472,0.398009798828));
#5112 = CARTESIAN_POINT('',(0.793832204116,0.370737489957));
#5113 = CARTESIAN_POINT('',(0.718870772776,0.307084218463));
#5114 = CARTESIAN_POINT('',(0.686218245473,0.27070318839));
#5115 = CARTESIAN_POINT('',(0.658870102958,0.230520137577));
#5116 = CARTESIAN_POINT('',(0.637006661923,0.187346198264));
#5117 = CARTESIAN_POINT('',(0.620640650175,0.14196734569));
#5118 = CARTESIAN_POINT('',(0.609737328974,9.513078258174E-02));
#5119 = CARTESIAN_POINT('',(0.604286507123,4.756538864936E-02));
#5120 = CARTESIAN_POINT('',(0.604286507123,0.));
#5121 = ( GEOMETRIC_REPRESENTATION_CONTEXT(2) 
PARAMETRIC_REPRESENTATION_CONTEXT() REPRESENTATION_CONTEXT('2D SPACE',''
  ) );
#5122 = ORIENTED_EDGE('',*,*,#5023,.T.);
#5123 = ORIENTED_EDGE('',*,*,#3516,.F.);
#5124 = ADVANCED_FACE('',(#5125,#5154,#5157),#4285,.T.);
#5125 = FACE_BOUND('',#5126,.T.);
#5126 = EDGE_LOOP('',(#5127,#5151,#5152,#5153));
#5127 = ORIENTED_EDGE('',*,*,#5128,.T.);
#5128 = EDGE_CURVE('',#4459,#5129,#5131,.T.);
#5129 = VERTEX_POINT('',#5130);
#5130 = CARTESIAN_POINT('',(-5.051465979761E-15,-28.845,84.8043));
#5131 = SEAM_CURVE('',#5132,(#5137,#5144),.PCURVE_S1.);
#5132 = CIRCLE('',#5133,4.0383);
#5133 = AXIS2_PLACEMENT_3D('',#5134,#5135,#5136);
#5134 = CARTESIAN_POINT('',(-5.298740538211E-15,-28.845,80.766));
#5135 = DIRECTION('',(-2.449293598295E-16,-1.,0.));
#5136 = DIRECTION('',(1.,-2.449293598295E-16,0.));
#5137 = PCURVE('',#4285,#5138);
#5138 = DEFINITIONAL_REPRESENTATION('',(#5139),#5143);
#5139 = LINE('',#5140,#5141);
#5140 = CARTESIAN_POINT('',(6.28318530718,-6.28318530718));
#5141 = VECTOR('',#5142,1.);
#5142 = DIRECTION('',(0.,1.));
#5143 = ( GEOMETRIC_REPRESENTATION_CONTEXT(2) 
PARAMETRIC_REPRESENTATION_CONTEXT() REPRESENTATION_CONTEXT('2D SPACE',''
  ) );
#5144 = PCURVE('',#4285,#5145);
#5145 = DEFINITIONAL_REPRESENTATION('',(#5146),#5150);
#5146 = LINE('',#5147,#5148);
#5147 = CARTESIAN_POINT('',(0.,-6.28318530718));
#5148 = VECTOR('',#5149,1.);
#5149 = DIRECTION('',(0.,1.));
#5150 = ( GEOMETRIC_REPRESENTATION_CONTEXT(2) 
PARAMETRIC_REPRESENTATION_CONTEXT() REPRESENTATION_CONTEXT('2D SPACE',''
  ) );
#5151 = ORIENTED_EDGE('',*,*,#5128,.F.);
#5152 = ORIENTED_EDGE('',*,*,#4458,.T.);
#5153 = ORIENTED_EDGE('',*,*,#4496,.T.);
#5154 = FACE_BOUND('',#5155,.T.);
#5155 = EDGE_LOOP('',(#5156));
#5156 = ORIENTED_EDGE('',*,*,#4003,.T.);
#5157 = FACE_BOUND('',#5158,.T.);
#5158 = EDGE_LOOP('',(#5159));
#5159 = ORIENTED_EDGE('',*,*,#5046,.F.);
#5160 = ( GEOMETRIC_REPRESENTATION_CONTEXT(3) 
GLOBAL_UNCERTAINTY_ASSIGNED_CONTEXT((#5164)) 
GLOBAL_UNIT_ASSIGNED_CONTEXT((#5161,#5162,#5163)) REPRESENTATION_CONTEXT
('Context #1','3D Context with UNIT and UNCERTAINTY') );
#5161 = ( LENGTH_UNIT() NAMED_UNIT(*) SI_UNIT(.MILLI.,.METRE.) );
#5162 = ( NAMED_UNIT(*) PLANE_ANGLE_UNIT() SI_UNIT($,.RADIAN.) );
#5163 = ( NAMED_UNIT(*) SI_UNIT($,.STERADIAN.) SOLID_ANGLE_UNIT() );
#5164 = UNCERTAINTY_MEASURE_WITH_UNIT(LENGTH_MEASURE(1.E-07),#5161,
  'distance_accuracy_value','confusion accuracy');
#5165 = PRODUCT_RELATED_PRODUCT_CATEGORY('part',$,(#7));
ENDSEC;
END-ISO-10303-21;
