batch,specimen,e_rebound_mean,e_rebound_std,e_rebound_count,fn_hz_mean,fn_hz_std,fn_hz_count,hic15_in_mean,hic15_in_std,hic15_in_count,hic15_out_mean,hic15_out_std,hic15_out_count,hic15_ratio_mean,hic15_ratio_std,hic15_ratio_count,hic36_in_mean,hic36_in_std,hic36_in_count,hic36_out_mean,hic36_out_std,hic36_out_count,in_1000_g_mean,in_1000_g_std,in_1000_g_count,in_180_g_mean,in_180_g_std,in_180_g_count,in_avg10ms_g_mean,in_avg10ms_g_std,in_avg10ms_g_count,in_avg15ms_g_mean,in_avg15ms_g_std,in_avg15ms_g_count,in_avg1ms_g_mean,in_avg1ms_g_std,in_avg1ms_g_count,in_avg36ms_g_mean,in_avg36ms_g_std,in_avg36ms_g_count,in_avg3ms_g_mean,in_avg3ms_g_std,in_avg3ms_g_count,in_avg5ms_g_mean,in_avg5ms_g_std,in_avg5ms_g_count,in_cfc60_g_mean,in_cfc60_g_std,in_cfc60_g_count,in_clip3ms_g_mean,in_clip3ms_g_std,in_clip3ms_g_count,in_dv_ms_mean,in_dv_ms_std,in_dv_ms_count,in_raw_g_mean,in_raw_g_std,in_raw_g_count,in_width_ms_mean,in_width_ms_std,in_width_ms_count,late_avg10ms_g_mean,late_avg10ms_g_std,late_avg10ms_g_count,late_avg3ms_g_mean,late_avg3ms_g_std,late_avg3ms_g_count,out_1000_g_mean,out_1000_g_std,out_1000_g_count,out_180_g_mean,out_180_g_std,out_180_g_count,out_avg10ms_g_mean,out_avg10ms_g_std,out_avg10ms_g_count,out_avg15ms_g_mean,out_avg15ms_g_std,out_avg15ms_g_count,out_avg1ms_g_mean,out_avg1ms_g_std,out_avg1ms_g_count,out_avg36ms_g_mean,out_avg36ms_g_std,out_avg36ms_g_count,out_avg3ms_g_mean,out_avg3ms_g_std,out_avg3ms_g_count,out_avg5ms_g_mean,out_avg5ms_g_std,out_avg5ms_g_count,out_cfc60_g_mean,out_cfc60_g_std,out_cfc60_g_count,out_clip3ms_g_mean,out_clip3ms_g_std,out_clip3ms_g_count,out_raw_g_mean,out_raw_g_std,out_raw_g_count,ring_r2_mean,ring_r2_std,ring_r2_count,second_rel_db_mean,second_rel_db_std,second_rel_db_count,srs1000_in_g_mean,srs1000_in_g_std,srs1000_in_g_count,srs1000_out_g_mean,srs1000_out_g_std,srs1000_out_g_count,srs1000_ratio_mean,srs1000_ratio_std,srs1000_ratio_count,srs120_in_g_mean,srs120_in_g_std,srs120_in_g_count,srs120_out_g_mean,srs120_out_g_std,srs120_out_g_count,srs120_ratio_mean,srs120_ratio_std,srs120_ratio_count,srs250_in_g_mean,srs250_in_g_std,srs250_in_g_count,srs250_out_g_mean,srs250_out_g_std,srs250_out_g_count,srs250_ratio_mean,srs250_ratio_std,srs250_ratio_count,srs30_in_g_mean,srs30_in_g_std,srs30_in_g_count,srs30_out_g_mean,srs30_out_g_std,srs30_out_g_count,srs30_ratio_mean,srs30_ratio_std,srs30_ratio_count,srs520_in_g_mean,srs520_in_g_std,srs520_in_g_count,srs520_out_g_mean,srs520_out_g_std,srs520_out_g_count,srs520_ratio_mean,srs520_ratio_std,srs520_ratio_count,srs60_in_g_mean,srs60_in_g_std,srs60_in_g_count,srs60_out_g_mean,srs60_out_g_std,srs60_out_g_count,srs60_ratio_mean,srs60_ratio_std,srs60_ratio_count,t1000_mean,t1000_std,t1000_count,t180_mean,t180_std,t180_count,t60_mean,t60_std,t60_count,t_at_out_avg10_ms_mean,t_at_out_avg10_ms_std,t_at_out_avg10_ms_count,t_late_ms_mean,t_late_ms_std,t_late_ms_count,t_second_ms_mean,t_second_ms_std,t_second_ms_count,tavg10ms_mean,tavg10ms_std,tavg10ms_count,tavg15ms_mean,tavg15ms_std,tavg15ms_count,tavg1ms_mean,tavg1ms_std,tavg1ms_count,tavg36ms_mean,tavg36ms_std,tavg36ms_count,tavg3ms_mean,tavg3ms_std,tavg3ms_count,tavg5ms_mean,tavg5ms_std,tavg5ms_count,zeta_pct_mean,zeta_pct_std,zeta_pct_count,design,mass_g,nom_R_mm,nom_H_mm,nom_twist_deg,nom_strut_d_mm,nom_cable_d_mm,tierB_t180,tierC_t180,design_key
2dran,2dran1,0.025226790699420704,0.0006926466040385668,18,317.91134789927173,1.0840091469969482,18,1334.5447144733466,37.91269696020253,18,1551.9767885646497,47.06070734186131,18,1.1628779238578446,0.00601434894780638,18,1334.5447144733466,37.91269696020253,18,1551.9767885646497,47.06070734186131,18,266.32330447560656,6.204314077141791,18,222.57884907593836,2.9544238376269667,18,56.922861571296735,0.24184978931381665,18,38.8584864832198,0.10459691247342308,18,248.0633655111636,4.80642297534551,18,16.915838768961855,0.03767243613864313,18,170.24518881408855,1.273399512326156,18,111.05303966285845,0.6302092437002775,18,112.53297054374127,0.7387520974508794,18,48.07627787467479,0.4124755700945001,18,5.2836468986989145,0.04080280733742028,18,272.69134346444446,6.274237980648522,18,2.4469777777777777,0.020645226069895956,18,19.30920278226101,0.5840725975453716,18,39.89926264203516,4.2422210656193196,18,391.73680530290056,22.250790589416553,18,240.1841455801145,2.7142106111974544,18,73.6351766823646,0.38054798388028177,18,60.5844594940621,0.3264618408627131,18,279.77875084352934,3.5913546750847902,18,35.18617700529099,0.18202046961051013,18,177.6681512610407,1.412779687125692,18,121.26012668732834,0.8265954054537227,18,117.17236414066502,0.6975920348780434,18,44.78085273379862,1.750842684135825,18,665.7753179123573,141.40393629529814,18,0.9754061979125167,0.008862883892673793,18,-2.1039228507440058,0.7636901543531827,18,299.3078314865695,4.004866551091175,18,555.8781358201272,73.35781489303989,18,1.857151062796798,0.24158005865152166,18,317.53466438147575,2.9050480943112147,18,328.31618752385583,2.8937693862816154,18,1.0339575806673968,0.0013863808518499825,18,393.089738235212,6.751169344665108,18,424.2938346039703,7.352717848428888,18,1.0793892165851962,0.00510309319075273,18,97.5909864840182,0.46083149314137634,18,102.76363663360189,0.49783276922110514,18,1.053007176088868,0.003128847627810871,18,314.9819509401772,8.686754259942107,18,373.1488371810691,8.608053352616068,18,1.1850325196918654,0.024444915984943656,18,186.68857547268806,1.1189741456747693,18,193.19385370855784,1.0020700751775269,18,1.034851749293978,0.001959886870366384,18,1.4730438385280202,0.11056718368983826,18,1.07912673342057,0.003620552764627033,18,1.0412324665948984,0.0019690330316759117,18,3.5888888888889756,0.10676466086893234,18,28.0222222222229,0.5490907516930003,18,27.178888888889546,0.5851283307093512,18,1.2935929227678948,0.0025186220201298282,18,1.5591071783750647,0.007754115396047951,18,1.1279972182834768,0.009224532012376274,18,2.0800853118164513,0.01221532488946318,18,1.043598862271131,0.0013254176267822467,18,1.091906588334584,0.0021728176792601955,18,19.040089943588917,0.39359185534483243,18,trial36,19.48,25.0,60.0,40.0,7.9863,3.0,0.5957613942533956,0.8368638563129479,trial36
2dran,2dran2,0.015242648288622231,0.0028310813538881445,18,311.78713151381066,3.463491284685668,18,1282.2863278465943,26.523937445540824,18,1738.4288979134226,19.23607615227587,18,1.3560374954610137,0.018187227256679976,18,1282.2863278465943,26.523937445540824,18,1738.4288979134226,19.23607615227587,18,262.0664867365197,3.846080633378426,18,219.08981144528855,1.9820398187658435,18,56.504168706397124,0.6776261105640937,18,38.86883739818286,0.12673829418292804,18,243.82282595972856,3.0304266911036963,18,16.958474420273014,0.49777532773284755,18,168.41369308849605,1.5149709020412212,18,109.91050443346586,1.3778891119946832,18,111.24347158752056,1.3564109009252276,18,47.394580032307765,1.2345333020591889,18,5.15538107782265,0.21320751907876273,18,270.39857662500003,4.664768885161577,18,2.462177777777778,0.0117665305774499,18,4.9276421551866,0.9743377823301874,18,6.606276013866464,0.9179330391538246,18,327.51588207488044,5.10841184554547,18,238.79314318116562,1.403488891537985,18,87.64074326905114,0.5055250898108403,18,63.44829536683968,0.6934862861454483,18,261.90430860454234,2.546941979080803,18,29.220574507157682,0.5806791249621391,18,194.22097093224707,0.7702648047526929,18,142.65325828135713,0.6241395082343469,18,119.72899318031767,0.35139818514717724,18,77.09630147317044,0.8885316677322571,18,345.0354677881976,5.738023996390956,18,0.8389539147783501,0.051856124053479946,18,-12.735402625943486,2.823429573857849,18,300.19316364872884,5.736890914346184,18,538.4256922902625,11.963872083362517,18,1.794123486110904,0.04913956473446944,18,313.5858610961282,2.7449853509343223,18,341.246504778553,1.2953780378508095,18,1.0882609315218332,0.007014884209724872,18,385.93964939979173,2.565596307996614,18,429.3209178471804,2.9264280159718012,18,1.1124062201374365,0.0027199009846614985,18,96.44882970038196,1.8452103069153385,18,100.96926505480268,0.28733020162328954,18,1.0471955864472384,0.018205389743597214,18,298.48996358516837,4.0346832602240115,18,378.4984589562994,7.3660985286991645,18,1.2680813449880666,0.020358928085755866,18,184.60582502201189,2.4126066421013292,18,198.41674133199407,0.513429240067526,18,1.0749644144505999,0.012440229488158995,18,1.2497654234767392,0.010074226204648077,18,1.0899719198151416,0.005857491890007731,18,1.0764051941724566,0.01120278288960019,18,3.370000000000081,0.014142135623731488,18,18.265555555556,1.293982553851976,18,16.000000000000384,2.940956227047962,18,1.551212866558567,0.016484445801567518,18,1.6323533917031308,0.015320109844322164,18,1.0742596078258224,0.012687838126750794,18,1.7240837949226624,0.0487366861691785,18,1.1532962458319247,0.0075332820993676275,18,1.2980709828824606,0.015067323345759807,18,8.194972638228954,0.8316738112575857,18,trial33,19.65,25.0,60.0,40.0,6.0,5.5,0.5752557519417272,0.869108394326574,trial33
2dran,2dran3,0.03130982764536428,0.02117550754497702,18,299.27775972434426,5.54986636254745,18,1216.2585855591974,45.347896117368755,18,1434.9040292876307,65.33845042226123,18,1.1794829681201071,0.01450006468733433,18,1216.2585855591974,45.347896117368755,18,1434.9040292876307,65.33845042226123,18,253.98290010196922,5.618878028085749,18,214.47019902033105,3.202105461940407,18,55.4516796131493,0.33343057112959873,18,37.999446021731316,0.18035175657669222,18,239.12901879472005,4.038638970801536,18,16.3552320171004,0.1177716935621293,18,164.38797420770595,1.7045430948412497,18,107.94314271461175,0.7388151826418788,18,109.13862433746813,0.9204179186844225,18,46.32905919275558,0.434697379859531,18,5.110672728109313,0.05884362158698093,18,274.51343886555554,5.197248802560982,18,2.462311111111111,0.0188794593918392,18,7.1197253774950395,1.2722200719622327,18,11.072327793158093,3.3630518809259176,18,303.5441259337533,14.55142108808735,18,225.9125670292193,3.9461842223333874,18,76.09268161835544,0.9962216512753365,18,55.09223871165593,1.0723146267145942,18,259.5613894731072,6.045406963839543,18,26.37031310038037,0.6818317567418154,18,177.1493281255592,2.4092908846458116,18,125.32954378653683,1.3106446891662813,18,114.95556173765223,1.095465822288661,18,57.83310560258784,0.8515125575546831,18,335.2615029551484,16.148401996780205,18,0.6312572683084241,0.08283808404867633,18,-11.101039376800179,4.991883891140157,18,276.7239644517465,5.794277496288694,18,354.2360152681238,42.401771709097815,18,1.2796761739327565,0.14360911368973878,18,306.64150286197577,3.7009602512608515,18,318.3901678727528,4.522190595033665,18,1.03829061955996,0.0028711175352889684,18,378.23408280500695,7.659110333791785,18,402.98794232204614,9.142051849729402,18,1.065400007449916,0.003713793619878636,18,94.95244478264411,0.6232580715401325,18,98.09725914963622,0.6432773989986204,18,1.033128237968289,0.004256783654534631,18,306.327061783403,10.655985607107693,18,348.24977568325266,13.297663418574063,18,1.1367380333049308,0.006082318111664577,18,181.30437387500282,1.3643250622297005,18,190.96151515026315,1.6210338330771785,18,1.053261350628825,0.0030357284827161163,18,1.1945331627734659,0.03093764076218998,18,1.0533168351156004,0.0034511778042644135,18,1.0532929725681996,0.003009043649130397,18,2.600000000000063,0.05739440431835667,18,25.81444444444507,11.833698254522622,18,32.67555555555634,22.14239113030352,18,1.372199022877063,0.012306686817440567,18,1.449738339772694,0.02239335838262118,18,1.0853382171758021,0.0070933617996439225,18,1.6122982464320073,0.037742932545482326,18,1.0775978633408805,0.004105151640490103,18,1.1610522040513644,0.00633279921875335,18,8.970381174237291,1.3656812785400216,18,trial31,20.15,27.5354,86.4155,40.0,12.0,5.5,0.4664308538192287,0.8494272472481331,trial31
2dran,2dran4,0.03707853072149278,0.0012664335764288014,18,340.11536923210747,1.155107901836277,18,1350.1761271942037,41.765499661138485,18,1529.120112034589,48.83622652975754,18,1.1326649450647963,0.020000220929973615,18,1350.1761271942037,41.765499661138485,18,1529.120112034589,48.83622652975754,18,268.08524223440554,6.278947215188241,18,223.86610070500558,3.2364628842346197,18,57.24718448176663,0.17210384037592924,18,39.10511094695831,0.08939400971277796,18,251.04446756335867,5.09737659688492,18,16.68472987748478,0.04284083952860102,18,170.89853520912226,1.3400638606200843,18,111.65731192637188,0.5220376802819405,18,113.10019674932344,0.6986120225462069,18,46.70123454114439,0.5642936486661578,18,5.302502246802648,0.041982902583556116,18,282.82144991666667,7.13336577352783,18,2.440977777777778,0.023619821077061898,18,18.7110275796819,1.5073232477613685,18,40.88237834729899,2.3424613374565255,18,296.95485751584266,9.408980911662894,18,233.56073813667885,3.077536533198297,18,83.11852652750363,0.5166199726787064,18,66.98505327105741,0.4272497993873529,18,268.61344529638313,5.234876198747996,18,34.396022858619,0.28892207332036357,18,178.93410153215856,1.13626867414799,18,125.07245085389913,0.6688797423491446,18,116.76813393367092,0.57455347526637,18,45.0613117751561,2.9622960372787803,18,325.4715540679644,9.2585746755198,18,0.7820013236011436,0.08780855794442932,18,0.5311281504401799,0.9242243423307318,18,307.7334965398108,3.04365223953107,18,323.05547242198156,20.058919603014136,18,1.049753387151516,0.06380736362552239,18,318.45727884289425,3.1522692372701213,18,324.9191240053613,2.5389337951786737,18,1.0203120045042058,0.0026216233937850814,18,396.747547572202,7.218583021474932,18,412.69008042499485,6.934923335097197,18,1.0402205893501528,0.005479878918993812,18,98.07115020319034,0.3993907898157746,18,103.68797188469846,0.4171495968748467,18,1.0572795523265823,0.00379626905046818,18,317.1621687888685,9.9842164233507,18,342.8788737702928,10.122756558073709,18,1.0811690108133156,0.007277701350008696,18,187.7942094524035,0.978572477649439,18,193.13845195447104,0.835337082070743,18,1.0284648435663117,0.002459985417878153,18,1.1076934651194625,0.023725483871979085,18,1.0433259242136939,0.0025848083233368066,18,1.0324402114958955,0.0023668422523582333,18,3.6433333333334215,0.017149858514251538,18,40.94666666666765,1.1913018089468632,18,40.09000000000097,1.1708669487882764,18,1.4519227151904641,0.007770106212465433,18,1.7129557923853445,0.011381007011889818,18,1.0700100417086114,0.00463175043471158,18,2.0615342354095008,0.017418263806738183,18,1.0470357173647835,0.003576640525594708,18,1.1201482816071067,0.003839980428912233,18,4.133753190561565,0.10482868470336726,18,trial29,20.19,40.0,110.0,40.0,12.0,5.5,0.480798252470683,0.835047592186878,trial29
2dran,2dran5,0.0164696394449538,0.0023028534644249374,18,311.7056904137227,2.6542384601133606,18,1330.7535440673196,13.555260080386265,18,1612.0396139214663,17.596939350087318,18,1.211367998535669,0.0028686783827264924,18,1330.7535440673196,13.555260080386265,18,1612.0396139214663,17.596939350087318,18,264.31591947764525,1.6597697310301134,18,222.03315150509894,0.8707468738220926,18,57.546665989974635,0.19571406275933537,18,39.29628577305709,0.17443901208711593,18,247.30860517527844,1.2028737662343356,18,16.67905946854465,0.1503010296057023,18,170.6906859151521,0.5074991527731856,18,111.72371819392554,0.2925341116306833,18,113.10656495762063,0.3179101633507526,18,46.81373972415404,0.4239289954493598,18,5.315969290848986,0.027501739014005443,18,274.1517750844444,4.026196032601708,18,2.463911111111111,0.0067986926847902135,18,6.122615095354381,0.7043582964091514,18,8.640747648453756,1.4675866288277555,18,291.11967786896935,2.6891438029037373,18,235.45057439695378,1.0916384237793664,18,88.62024024287575,0.510752705084668,18,64.14098381355186,0.43585352248096865,18,260.09770146146707,1.5788805124727885,18,29.93924790539144,0.29469615233420343,18,192.70750658065674,0.8512101087836974,18,142.92473114731712,0.8199370467142849,18,119.53253953558061,0.38015226823988296,18,90.41504675007128,1.6950137600568478,18,298.2521457739126,3.6065885219624905,18,0.9072999590961671,0.05028684469801753,18,-13.228192652938407,2.56659851208723,18,312.1717483405395,4.872458661944879,18,352.9422083498962,17.611646164774797,18,1.1301842068960077,0.04323998927951086,18,317.26002561734475,1.004952146468313,18,337.5815868030877,1.3374267850976291,18,1.0640518790971798,0.0017631403313341468,18,391.3674070966179,2.6679171503376438,18,415.3264795313486,3.2645312888901112,18,1.0612128208478195,0.0018447952434839723,18,98.39499694415329,0.27606749561198407,18,101.15144593988428,0.3359747257651523,18,1.0280182195889997,0.0034960245323787573,18,308.13248763172163,6.037074465312918,18,318.607961748431,7.741547621690194,18,1.033913413091605,0.005925435589657042,18,187.96738242500024,0.522369993372225,18,197.9650511589113,0.6213345921229549,18,1.0531909040943115,0.0028459131944807954,18,1.1014019230098275,0.0064270649124868445,18,1.0604276133085226,0.0013760935717656547,18,1.0568152338412322,0.0025360425334555793,18,3.354444444444525,0.027272529212987298,18,18.691111111111564,1.8928748409228928,18,17.852222222222654,2.474967749179254,18,1.5399800931590364,0.008849036312324528,18,1.6322641808262186,0.012362461289086362,18,1.0517084695310166,0.0020650214494547744,18,1.7951679180330258,0.024726191697265445,18,1.1289841750876395,0.0027642676977527075,18,1.2792675017049533,0.006114133196189419,18,8.003054026592183,1.2239578848449797,18,trial28,20.22,25.0,60.0,40.0,6.0,5.5,0.5761257452090659,0.8733716112576287,trial28
2dran,2dran6,0.02649847646428132,0.011129225038652688,18,312.65063793636693,4.144775390090935,18,1242.1287426722818,44.00717224400062,18,1598.5225703500284,104.6295607889713,18,1.2863883760747212,0.059089550243340574,18,1242.1287426722818,44.00717224400062,18,1598.5225703500284,104.6295607889713,18,256.9924757531228,4.764814722480391,18,216.20010414913293,3.150215651492342,18,55.858799155451344,0.34978079000910167,18,38.26047754502285,0.15982404590617355,18,240.85339017915373,4.230904692117395,18,16.53432832549852,0.11876714730286833,18,165.96734466802604,1.6478505214745718,18,108.87435090168947,0.8601555947175747,18,110.0500429562357,0.9790877644544627,18,47.893885618787095,0.905521823929888,18,5.137333291532615,0.06891773169480624,18,272.15171025166666,6.950909334332892,18,2.465288888888889,0.018539905732639497,18,4.795829423061183,1.018864841931332,18,7.933327626168514,1.7188271353321687,18,291.2708269936928,15.07182762246556,18,234.78723138535295,6.136319868589553,18,81.84024845488779,3.098318957875153,18,58.51548988713483,2.41878395990021,18,263.2928325965764,8.079603104353218,18,26.749896535678772,1.1937204408854345,18,190.2064366002384,4.3895360518872,18,137.27558236791896,4.53641502321851,18,117.74342063756593,1.8963460672855466,18,73.40800222588865,2.7267115727492257,18,319.12143798994657,22.292550232652943,18,0.9389954746184803,0.03839039454707573,18,-13.495652101080474,3.227532337868528,18,290.6140168199677,3.741673073132301,18,334.2804151649751,31.21520751721733,18,1.1495308451233381,0.09807378719084427,18,309.07667962808955,3.5013544430078087,18,334.45547866203515,5.9054957090553195,18,1.082080561964613,0.011947790900054336,18,379.02700343114464,7.64697914723974,18,410.7839397202209,12.331182219658713,18,1.083651731046873,0.01657688386314285,18,95.59187974937404,0.7441035613657394,18,98.85547885263105,1.2185985184846302,18,1.0341432962132922,0.010109276288934878,18,306.283235164413,10.97748952813115,18,333.2708336165098,19.35593100611837,18,1.0876215727377887,0.037381802217940636,18,182.773791433449,1.539234358324307,18,194.37872182935138,2.597290640910138,18,1.0634889184142675,0.010543448193058408,18,1.1330137478971223,0.045405761672342664,18,1.085898023090542,0.019550763433446403,18,1.0698981160241277,0.013538082684882038,18,3.0188888888889616,0.057994816085669317,18,28.011111111111788,10.259309051891714,18,27.73888888888956,11.489040245017874,18,1.4651083767395081,0.0540990403193218,18,1.5294414351032464,0.06393135197609455,18,1.0931306686007303,0.025970558547663565,18,1.6181686335901446,0.07889511500858924,18,1.1460063831741014,0.02164403360593975,18,1.2608223918899049,0.03907047312461598,18,8.429243741249255,0.8319968363690711,18,trial34,19.54,25.0,60.0,40.0,10.138,5.5,0.6827579493605558,0.8859953598706694,trial34
2dran,2dran7,0.03830321090471865,0.00043069776186512124,18,350.61830216132654,0.7251475178852566,18,1231.2881049718026,8.2390731610823,18,1354.1177133139968,10.452799795948563,18,1.099758170822448,0.004547462361640044,18,1231.2881049718026,8.2390731610823,18,1354.1177133139968,10.452799795948563,18,257.0699333713212,1.8036996337055167,18,215.47985302688755,0.6103587345733925,18,56.07201863834231,0.16107345199483483,18,38.38768578632209,0.10357716381101319,18,240.21043985713257,1.1067273263735764,18,16.565416052713132,0.05700257595344959,18,165.78773845215355,0.40569039818680414,18,108.72398863523536,0.2333863889873351,18,109.97885901950343,0.2627165212800616,18,47.79686774400861,0.38587417675422786,18,5.12785110636511,0.01690723988557737,18,266.93824621444446,2.8078190021808207,18,2.470711111111111,0.0028001867351364926,18,17.25831290564534,0.3829097408003815,18,37.13485218904806,1.5484753362599541,18,272.5956578923488,4.4318047895553,18,221.64528815968094,0.7080977124298035,18,88.52513420877244,0.2058407839857804,18,64.92815676295771,0.13645112893797234,18,250.16559882270244,1.6848888973721354,18,32.35873642946072,0.11039557478910277,18,175.33988921149034,0.45390845290559817,18,130.50228535366634,0.2960828579540989,18,115.42111960439729,0.25807224471278173,18,76.16221913562907,0.5734064656572786,18,279.05032042658473,6.986532156606425,18,0.38099409231433856,0.016218388015114223,18,0.38689498206064493,0.6506897093611953,18,298.48400728083504,7.178480893203489,18,328.5650732849145,10.923133884832207,18,1.1006099752758232,0.01573912852598594,18,308.2508936025875,0.7226955310990982,18,314.5677706072149,0.844112553757658,18,1.020492944453405,0.0015552761672337093,18,376.9228497748973,1.0369429055247408,18,385.6939811888047,1.4803426245930251,18,1.0232698079616205,0.0025071583479986987,18,95.64448329226936,0.23012789684865212,18,102.02304252745404,0.2818147005906749,18,1.066693027250332,0.0028742056447025655,18,296.92974393305417,3.3477663803324123,18,304.35840528634924,2.966424797891052,18,1.0250520545390065,0.006279681247783301,18,182.77515436376137,0.46622524713538566,18,193.04450521125878,0.43152570178982935,18,1.0561884059760258,0.002087915570439649,18,1.0603707533811277,0.013721077437502921,18,1.0286127115380161,0.0016119348554030585,18,1.0494864508766306,0.0018229121291022702,18,3.0177777777778503,0.019267636857315376,18,40.73333333333432,0.4256482944735506,18,40.05666666666763,0.4248321467840949,18,1.5787827750471755,0.004112421363458975,18,1.691388787400709,0.004893695792462473,18,1.0414377720334105,0.003684758275454727,18,1.953408696476287,0.008485913178086474,18,1.057617402472812,0.001503258814728617,18,1.2003088931791357,0.001663875537580788,18,3.6413003694969444,0.11437027928005417,18,trial32,20.32,40.0,81.0634,40.0,10.8452,5.5,0.4984585740337277,0.8871867004492939,trial32
2dran,2dran8,0.03395666460415901,0.00026389986728683057,18,359.4682427477172,0.829496114552494,18,1255.7520833907818,9.613048220923542,18,1316.8566791119792,8.192009475523506,18,1.0486734009239702,0.002926267693222264,18,1255.7520833907818,9.613048220923542,18,1316.8566791119792,8.192009475523506,18,260.54085558778127,1.3967797873544898,18,217.20666633207415,0.7339958210604892,18,56.338738850379364,0.1583043511792012,18,38.62001039497541,0.09800603945709913,18,242.85197473194773,1.137266098192263,18,16.649380551149033,0.04033851812210189,18,166.83189678865062,0.47571461644555113,18,109.1389091231009,0.3053729355513583,18,110.480711156028,0.31380358548481424,18,47.07484731945895,0.2670199745982172,18,5.111074946797561,0.023890881013229184,18,272.0624023927778,2.2546543255026332,18,2.461288888888889,0.0039587414650275425,18,32.67270841927426,2.0569524340346286,18,62.23644098200428,3.9234992861708564,18,271.4841285267652,1.826721379139881,18,219.56291398995165,0.6273906588245429,18,75.67603008720552,0.15236671539208554,18,64.88646143517877,0.13880639278740864,18,246.83515095755016,1.0264639088555996,18,35.46033989601722,0.07426479062558962,18,170.23662452371366,0.3689419808370522,18,119.14257770791477,0.2359250331597288,18,112.23265164338999,0.2405170091611242,18,47.83831425098279,0.39371309937105053,18,282.4306911058493,3.7105821528398586,18,0.9518053457862009,0.006357577569440177,18,2.7770649739890363,1.0230246593113945,18,307.0931081453879,2.7489257513667997,18,460.73407014399277,48.50628992609427,18,1.4992785456346194,0.14903632328851862,18,310.2536941654183,0.8921077042901334,18,306.32496771362224,0.7036612056321324,18,0.9873392397089786,0.0012911515848621816,18,380.6348024065398,1.4181089081636307,18,372.52125081795265,1.294588900705571,18,0.9786855874021805,0.0011176423833621641,18,95.73974521464892,0.30132127086730365,18,102.2826824613224,0.23625629067239914,18,1.0683464512759806,0.0027289308715346293,18,295.2140638716153,2.073982494763859,18,288.23398229342916,1.762728130847341,18,0.976365577919371,0.0029434427171057325,18,183.59773358298605,0.5441898409432739,18,185.4154253393571,0.4025547817550569,18,1.0099041974584426,0.001994278678380138,18,1.0420030246278869,0.004468978389360011,18,1.0108500365264843,0.0010683212210983917,18,1.0158604830843823,0.0017288726778448003,18,3.7100000000000892,0.015718104959867706,18,36.49000000000088,0.16047722946409604,18,35.3944444444453,0.18121232986950625,18,1.3432393135296214,0.0034974276073961876,18,1.6801302754895824,0.00346402517408169,18,1.0164046161174864,0.0012442439376056512,18,2.129839030359039,0.006065775524056293,18,1.0204107961938826,0.0014778617531892822,18,1.0916639935494334,0.0021615708779247813,18,22.378975664687445,0.6976061116012284,18,trial35,19.51,25.0,60.0,61.5445,8.9001,3.0,0.4331119353679556,0.7963605355842195,trial35
2dran,2dran9,0.05150560928569943,0.0006310087213850392,18,319.72740922359276,6.182555268019332,18,1258.829151835445,29.528249367977853,18,1481.0772581096137,32.04072120612418,18,1.1766154526917079,0.00717031514625486,18,1258.829151835445,29.528249367977853,18,1481.0772581096137,32.04072120612418,18,261.59168748649387,4.37927510848676,18,217.9991279925113,2.3152319010217717,18,56.47025336037819,0.23544286194251313,18,38.5022167097736,0.22730042135856318,18,244.02035249660412,3.8471026589623363,18,16.514910869279074,0.195675070070705,18,167.48480353731097,0.9327612472736233,18,109.66882624511919,0.5367735731807971,18,110.993646877025,0.5841692332127241,18,48.74060102003131,0.5112782960327855,18,5.1855274546585655,0.055507658510323125,18,269.95531228538886,2.6728549462613724,18,2.4637333333333333,0.018797747048985652,18,10.398031507228819,0.5258206846957413,18,14.2241465836252,1.1510517529772757,18,275.9447446999528,5.446396546732252,18,227.8280903782515,2.0903343305170887,18,87.02277145599291,0.5674748509407287,18,62.592840867251,0.45277163297404377,18,255.09964483840673,3.1970322668434252,18,29.01372853248179,0.3661420745696339,18,187.0842146952806,1.3298061997057604,18,138.30762261308988,1.1794378628916486,18,115.77358240529227,0.5784554174062658,18,89.14609622957069,1.4274051079554586,18,280.60157004215546,5.960387177321578,18,0.6176765014031687,0.1606269131466973,18,-5.667874312988512,0.9224689544068396,18,294.4324938279322,4.622226958260731,18,329.2510170562994,20.383476992454835,18,1.1175379727920418,0.05238315738302732,18,311.4362053044963,2.26205300767961,18,327.65206292414825,2.0356879455634886,18,1.052076751441688,0.0020049157137515686,18,380.93727332174285,5.664012171020229,18,398.0058297865402,5.222578801841352,18,1.0448337260427667,0.0027656631497215978,18,96.53831365985822,0.5070010649456622,18,97.71712299598093,0.4493160637518065,18,1.0122167385887013,0.002491622341827614,18,298.2982906691102,9.266557255153058,18,310.79843361467624,12.848707575852798,18,1.0416067258629609,0.010690921457709985,18,184.49331439576736,0.9230397175175818,18,192.5420103999461,0.8850800021960503,18,1.0436290527801209,0.0016239381817570713,18,1.0548455154775187,0.008365132325961077,18,1.0451036081464748,0.0023764592279871795,18,1.0430672529418457,0.0014618897510412347,18,3.0666666666667406,0.07292219866970429,18,54.64111111111244,0.972866527867927,18,54.4677777777791,0.7325102332596395,18,1.5410489357322066,0.009851145035768009,18,1.625764390825436,0.016966435693316146,18,1.04545598567866,0.0043782315241074595,18,1.7571802567912413,0.037493040696362896,18,1.1170139015390401,0.0022175766146943425,18,1.2611218460097198,0.005588458935616894,18,6.378618942444718,2.3797327752945594,18,trial30,19.65,25.0,60.0,40.0,6.0,5.5,0.5756813296976242,0.8702498247539696,trial30
corny,corny1,0.028695340189995325,0.0017667975111409246,18,397.99844216517437,115.42200826593222,18,1293.4640651857155,32.93727190755848,18,1476.3785681132122,41.72145411360189,18,1.1413556241788543,0.007152793617614325,18,1293.4640651857155,32.93727190755848,18,1476.3785681132122,41.72145411360189,18,261.4083480082569,5.707532214928349,18,219.80501498649204,2.7067680788775115,18,56.74684366864054,0.17173882861944542,18,38.54328503492863,0.124130396736073,18,245.59768775994215,4.648404542396248,18,16.428376045207287,0.07641370535867573,18,168.280495175469,1.1774790313697883,18,110.57300717178408,0.6032561121828136,18,111.71739264541498,0.6836118861205082,18,48.93591941857291,1.3127969975492992,18,5.259245397869501,0.06448864739903212,18,296.2732214415,7.190412944979551,18,2.4581333333333335,0.019985877366722443,18,17.31213663878286,1.9449777137142912,18,33.3514817604038,4.854189804708378,18,339.5755062666919,3.988677290352097,18,229.9024719302639,2.775676044189546,18,74.6679519066918,1.1515317630843322,18,53.784647534040054,0.844966674687231,18,261.33156813700066,5.965718728891366,18,30.541189920232537,0.5001535656070658,18,176.80808462843544,1.225780803185062,18,124.83620961203968,1.4643051553926147,18,115.63550055540294,0.9045440379079761,18,53.78088551620552,5.730539974351009,18,459.1580002393422,5.931288835252633,18,0.7811660055075877,0.15582369961416018,18,1.1337312037285403,1.8692149213393006,18,291.1508581619563,3.5329435549465003,18,403.208815367797,21.24451094443087,18,1.3844312857032182,0.06138108620331169,18,313.51134409355626,2.7612323129504555,18,318.15520136373675,3.482538011649734,18,1.01479648642659,0.002981187194277573,18,384.4372495583061,6.872848045663306,18,398.78910072638104,7.670632377033576,18,1.0373137012588627,0.0034513848793179154,18,97.07972604391749,0.566229776761719,18,100.58413887473267,0.6887992751336465,18,1.0360982488976929,0.003681476287612206,18,318.6546311948266,9.085517194124677,18,349.8671242152447,13.680548910790746,18,1.0976924665272103,0.01582577630594338,18,185.68492645041408,1.0270164449655987,18,190.18572724648232,1.6336494635480716,18,1.024226427020174,0.004237178378537062,18,1.29946008711745,0.024957720181345514,18,1.0459449135339933,0.0028918559010836665,18,1.0350645962863663,0.0031450676942727926,18,3.0588888888889625,0.06415870844461612,18,31.532222222222984,1.6212723963007156,18,30.75777777777852,1.5602999544038139,18,1.3158447951851768,0.0223784099416897,18,1.3954872431147662,0.02484896878260496,18,1.0639971400554717,0.005449392984031606,18,1.8590491498314359,0.02926593638580054,18,1.0506933005540828,0.006336133399778656,18,1.1289926452882257,0.011660472935797845,18,20.657866583998498,11.061971780360297,18,trial42,20.2,25.0,110.0,40.0,12.0,5.5,0.6031955985758813,0.7858635461640301,trial42
corny,corny2,0.030539227244708676,0.0008193990861565714,18,390.8086244116721,98.33981743064402,18,1247.955942080501,18.134560535893208,18,1605.9595582353622,17.346142468343785,18,1.2869750802832867,0.011076954529194352,18,1247.955942080501,18.134560535893208,18,1605.9595582353622,17.346142468343785,18,256.57126129357727,2.4245506589310164,18,215.96498153417733,1.320511515721444,18,56.28196381603534,0.29795254532584836,18,38.488011985737536,0.10830112635709867,18,239.88751442374374,1.7652144552687692,18,16.572869221417715,0.32679390621187215,18,166.612764197922,1.032286970587118,18,109.14145549684244,0.7582210563246715,18,110.30904096029366,0.7818989657547908,18,49.0891172594313,0.7127968554867,18,5.103995581090507,0.10542273880174488,18,265.3541747788889,3.024450077082137,18,2.4767111111111113,0.005334117589397155,18,14.303671900937651,0.4628857357327288,18,23.67543146550564,1.8494309919905136,18,284.885731855182,4.021644663500442,18,234.2378768647945,1.0758601132282302,18,91.62255193431697,0.4450910660760301,18,69.49653303197103,0.4196936871176652,18,260.9739150017133,1.979134315564624,18,37.37014556381572,0.14679348298250228,18,182.99362288572888,0.763502504839436,18,144.92504264437676,0.7344440595511008,18,117.19490851240789,0.4508747543912393,18,48.529608528992156,2.7748274334234377,18,287.78759155548295,4.203295017948866,18,0.7210586105518028,0.21642010381110183,18,-4.9014654528095924,1.0851715971126425,18,297.97548203390824,4.8467624176897255,18,380.1317118012087,8.443012953626353,18,1.2757005136139474,0.018420769510736762,18,309.4829575341818,1.8254140821182494,18,309.01481234335677,1.1915281571324938,18,0.9985011564820362,0.0030507346045999233,18,377.671668845617,1.9099419757401601,18,381.29971405248574,1.9380604288294956,18,1.0096063315274446,0.00048493514900952383,18,95.67857813163668,0.9647740135001392,18,97.96132926237308,0.36332886820435056,18,1.0239365568002219,0.008750411574376159,18,296.69903073710753,3.143134867072171,18,302.59642063676927,4.8996895616122496,18,1.019841189835737,0.008894161610681106,18,183.4665257185384,1.3610651317755293,18,191.43701310270833,0.6309514694238699,18,1.0434816364703865,0.00593924358715208,18,1.11032981056218,0.008505506560615059,18,1.084622687062623,0.0029792695844581755,18,1.0624555401388003,0.005666099200734471,18,3.725555555555645,0.13664992723883884,18,31.71222222222299,2.7846650565417304,18,31.775555555556323,0.5012246440378436,18,1.6279467433257067,0.008892588567377839,18,1.8056764495347497,0.011369251768422482,18,1.0879037882234457,0.003145409516217433,18,2.255716153654977,0.044747099467760544,18,1.0983358916203132,0.004319473815784868,18,1.3279015197438806,0.008029278351288477,18,7.623532443830693,2.1953357404953273,18,trial38,20.21,25.0,110.0,40.0,10.9217,5.5,0.6285325964944887,0.7870214303640447,trial38
corny,corny3,0.029060714075141825,0.0004713037818422356,18,319.66975364149926,22.079578301115017,18,1278.1786166324769,16.080025573408083,18,1601.4434307523231,30.649346050748452,18,1.2528765281833343,0.015441433358883032,18,1278.1786166324769,16.080025573408083,18,1601.4434307523231,30.649346050748452,18,263.36929052149395,2.983166326063109,18,218.89904044353702,1.220667496966168,18,56.94930619100657,0.20799815226762441,18,38.829218676031786,0.13891548778716578,18,244.68216353302356,1.9051933847454194,18,16.66611818691056,0.06936371727511202,18,168.5866955328987,0.6383521472158077,18,110.4556855284851,0.3509107417092658,18,111.72914384690341,0.3859820921887,18,49.07521184805795,0.6411577114051716,18,5.1967736087166605,0.028369605408425338,18,338.33713609555554,5.969808662566899,18,2.4712888888888886,0.007957008667087146,18,15.568897005429752,0.9323157112584882,18,30.944240800333496,2.812297061328629,18,328.6744218782995,5.9808168633328025,18,234.32139889826482,1.2759781342473948,18,78.41857068333994,0.764391043776522,18,59.24418013373918,0.9051126216586325,18,281.75002999263455,2.2823385268533274,18,32.682691721663744,0.5840013935432377,18,181.49778511587846,0.6898381502105886,18,129.78824973284338,0.8882741623042331,18,115.18758134601323,0.3792711176105216,18,59.61966660954273,2.8113226516761136,18,424.1765096442689,8.0205551261118,18,0.7490843087733574,0.0849119393054806,18,-4.20131348643723,1.0527277403534474,18,300.5510973968599,2.753249004562516,18,348.4185541954725,7.875183483349245,18,1.159418588556397,0.030788959791346028,18,313.1863807076336,1.3271016552321189,18,319.30899339380346,1.289611607447631,18,1.019550688156777,0.0010110241836786243,18,381.79378151393036,2.792995329413945,18,405.45349503206785,2.864865608410638,18,1.0619724439727893,0.0013077449980192616,18,97.09994595134941,0.32560130943523524,18,99.18788937879259,0.5678978410775787,18,1.0214995169771794,0.003861395023036408,18,295.86036055619604,3.3711473192293906,18,308.1270885416399,4.381183092433828,18,1.0414317069402281,0.0035962698165578396,18,185.84046659214357,0.604076496876118,18,189.27201110027337,0.5914450048986136,18,1.018466343443277,0.0014342423031828266,18,1.2479088033806507,0.013427459405181062,18,1.0704557214791615,0.0013299702073007254,18,1.0309551443856573,0.0013589880217309681,18,3.41777777777786,0.02263665833672495,18,31.52666666666743,0.5183684812495397,18,30.800000000000743,0.5327840308506121,18,1.3770057208119415,0.014265072440366377,18,1.5257909652265917,0.024578063699966592,18,1.1514965834513393,0.003647826284593161,18,1.9610577301535004,0.035977804180506605,18,1.0765849361537412,0.0012750847993612375,18,1.1750282050568552,0.0075690067022384285,18,9.82092457050117,1.1497748196114623,18,trial45,20.15,25.0,110.0,40.0,8.7618,5.5,0.7812410018500561,0.78864446468643,trial45
corny,corny4,0.014037713092161095,0.00030228628931263843,18,296.77063241451975,8.141012954723116,18,1358.7669063786302,20.594210174178407,18,1552.640276734366,32.36853523049552,18,1.1426072510454248,0.009067185481783407,18,1358.7669063786302,20.594210174178407,18,1552.640276734366,32.36853523049552,18,274.53544912002747,1.8924578575541997,18,225.21362896489205,1.499231452696148,18,56.424435890110594,0.18565551244874184,18,38.12702229777423,0.07243135509883089,18,254.28332787139627,2.1437367194366996,18,16.34308109370568,0.13462925602238948,18,170.57724093798612,0.7267084078130575,18,111.15389232478294,0.34026078003475635,18,112.33227856711738,0.3535048600189599,18,48.52409178096473,0.6365906704470853,18,5.360750843899777,0.042985268841098025,18,282.02140385555555,3.0476515345348876,18,2.4124888888888893,0.009943421643827121,18,13.895040003707374,2.2940039808207615,18,24.724382757712064,1.5655367233481547,18,295.4908876007042,4.416511098664506,18,235.91243620598354,1.9612015883108393,18,78.42820000591038,0.318231093002926,18,59.66726543948617,0.24926764167236568,18,267.73869033014716,3.5029259925045575,18,31.357167754975787,0.6873091317435619,18,179.77393503162818,1.0608440266183663,18,125.79942296921347,0.4303549428478432,18,116.14141076397999,0.6615364499626433,18,63.06700426300759,1.9725731648390463,18,301.75198626264114,5.435629313240393,18,0.8939468762439261,0.10078618956724612,18,-1.2239530835519592,1.590058948956299,18,298.80170955559095,5.0821002021909525,18,335.33587365791055,27.724821090053318,18,1.1213384824850947,0.07639617342476498,18,318.6424160967051,1.5874863249413231,18,327.03481480456054,2.5697680115226564,18,1.0263273927190282,0.003982331823191733,18,395.23910672272245,3.857272499795484,18,413.77690449654756,4.929865049083773,18,1.0468843555997145,0.0032095843754521005,18,97.3907360812621,0.31473354424207134,18,99.738108973683,0.42571039830320745,18,1.0241132467048013,0.005587620702412511,18,325.28995415519387,5.681615615978831,18,340.27631498248303,11.727441307679179,18,1.0458231330204526,0.02035490063176204,18,186.32899407746638,0.5656981374754346,18,191.4238073749697,1.1009803033496182,18,1.027341497076044,0.004658681906419379,18,1.0763686715328125,0.017113119379445575,18,1.0474956471197776,0.0024701494601465836,18,1.0339061782829524,0.004099724797579356,18,2.5655555555556178,0.05522384632216893,18,16.515555555555956,0.07212915068878323,18,15.345555555555926,0.2601181229912677,18,1.3899757561688355,0.005619339351522771,18,1.564960705875111,0.006016833096784607,18,1.0528817591930038,0.006095877804530592,18,1.9190814335565642,0.056020354876121455,18,1.0539100800764205,0.0026862182535985035,18,1.1317621651472367,0.0032323446320913366,18,16.354931457509412,3.1514291364602753,18,trial44,20.56,25.0,110.0,40.0,6.0,5.5,0.9975628490985712,0.7922798716045513,trial44
corny,corny5,0.027562261961213298,0.0026434227837333294,18,338.241101950819,20.424035062961998,18,1313.860829338141,14.37804948903877,18,1738.6248997148139,61.03503887051706,18,1.3230559804649036,0.035854172093131784,18,1313.860829338141,14.37804948903877,18,1738.6248997148139,61.03503887051706,18,271.01239440181973,1.9159399389173162,18,222.2746804334986,0.9323471176392981,18,56.18455694585631,0.2506784084826628,18,38.08729921950624,0.1320156338603376,18,251.34883563405305,1.0464070080075412,18,16.251190660715096,0.07889095584896269,18,168.96877657958976,0.5726218952281913,18,110.49500063171756,0.4138599977050328,18,111.52291951119666,0.39879359829056016,18,48.06976252778039,0.5064127506303335,18,5.28225086169797,0.05470637047164334,18,281.8086468,3.895110009582824,18,2.4273777777777776,0.004866639806533459,18,17.051254268468032,2.0217610224431097,18,27.932183495770158,3.615004531847306,18,324.2464298850212,28.751018778848348,18,241.74193293413316,2.9708716789897,18,87.12648043706764,5.993219940549409,18,64.72123601984148,5.412126802929267,18,272.61437521394913,3.1013751062438217,18,35.305443216880285,2.345033919720625,18,183.46677685134543,4.797197200178044,18,145.2123535260495,8.230463595110594,18,117.00944261960656,1.5230991384949526,18,39.147250500735026,5.859066698361406,18,365.3350206352448,31.176400099190257,18,0.7704632253005206,0.19071375442201569,18,-2.7207605701634447,2.4386336743482424,18,307.9866387298387,4.03432156138548,18,384.89855672880304,66.9389995491771,18,1.2493005732779414,0.212906765511638,18,315.18033973572136,1.1120266831712502,18,321.9678716973624,1.170182004688526,18,1.0215507513046655,0.00583155606400667,18,387.9371092622665,1.6868656443017953,18,398.5611198754358,8.520415251529974,18,1.027455927166119,0.024807590733532198,18,96.79580336962125,0.4704654104593841,18,99.45719206426621,2.048238578012317,18,1.0275530620814137,0.023448995204971748,18,313.9212325223755,2.9710268844285435,18,335.4426082040606,20.66476011446,18,1.069059176620451,0.07336790563783405,18,185.0838814669921,0.6672559658521311,18,190.14474365156852,2.2250222753170408,18,1.0273420024655378,0.011260812972509615,18,1.1969800855464428,0.11225226942533724,18,1.087555924669342,0.009904474742765587,18,1.0491888937296523,0.012460901824537032,18,3.04666666666674,0.33975769912932474,18,33.03333333333413,15.169982744571573,18,29.697777777778494,2.9287772103239327,18,1.5505099694041444,0.10318119910279576,18,1.699010650229033,0.13847668655774537,18,1.0846336617524293,0.014013125051131508,18,2.17274489888386,0.14809974464758352,18,1.0857504405987985,0.025923416642584345,18,1.314080858990455,0.07207532761465346,18,8.955382848870672,2.927628362915843,18,trial40,20.58,25.0,110.0,40.0,6.0,5.5,0.9974621182589192,0.7924174890042301,trial40
corny,corny6,0.01969924986565846,0.00823072956856526,18,439.81443198969447,223.05942443761953,18,1271.037580132031,10.049846057358108,18,1110.8174874855047,266.3730019934645,18,0.8743140600396219,0.2118479330974604,18,1271.037580132031,10.049846057358108,18,1110.8174874855047,266.3730019934645,18,269.9986132193756,1.737289487691444,18,219.92748673772135,0.7249575214640847,18,55.5933221361332,0.1706941258496216,18,37.76301193199803,0.07915514171888317,18,249.03903703086488,1.1446385291088343,18,16.11662192929397,0.03874609166337142,18,167.3637078618956,0.42398377309760926,18,109.25799086886978,0.2811346316113632,18,110.35074615490184,0.29239347646216596,18,47.83084958484383,0.31692971901513406,18,5.190481424061762,0.02964944343676574,18,281.6700674333334,5.724143326420491,18,2.429511111111111,0.004647692519050146,18,22.072550395392696,0.7004072620447228,18,49.576107298656474,11.166194013893847,18,260.8766039397824,44.54212361900045,18,200.26133476136278,3.8360718831428158,18,70.06972862950809,6.955011253566434,18,54.079828134662684,5.183919341726292,18,231.53992993311442,15.441815426432052,18,32.74880579619282,2.6945562177023064,18,163.83572324165095,13.673162691937119,18,114.70004983612567,10.587591059832521,18,105.54130619050353,1.072279342321346,18,73.09321860630513,2.893992772889456,18,339.7985983650052,220.39728866153533,18,0.806709634133019,0.27902919044875263,18,-10.35526075564656,2.2861734245490073,18,307.7980765157101,2.707662342259176,18,328.64723046880664,99.55285034584243,18,1.0692936227054401,0.33105718286740415,18,311.9318728087232,0.8298181328754363,18,268.72707057661233,4.970830123440741,18,0.8615007838428376,0.01623685733532697,18,384.07138672111205,1.4749804894107796,18,326.59715861417214,15.334339139457773,18,0.8503828181094653,0.04042954148080114,18,95.7033432761966,0.3105841108487368,18,90.53851403951073,0.6283123056496851,18,0.9460300954627134,0.005296299351617662,18,307.11892767960376,1.8646789368883907,18,277.2161797138264,42.13999614410134,18,0.9027612423233433,0.1383258167963021,18,183.17192793453478,0.47749988279019695,18,166.78920791064877,1.8256905049840533,18,0.9105613623302238,0.00972384468538509,18,0.9659902389235706,0.16267523108809603,18,0.9105953945413615,0.01810888918922132,18,0.9564203495231456,0.009759769856681467,18,3.0333333333334065,0.5215361924162243,18,78.60444444444636,28.09983676365095,18,20.852222222222725,8.710991404073004,18,1.2603622038292461,0.12462087322285126,18,1.4321143761013446,0.1376486193031439,18,0.929836378550267,0.06376644137383479,18,2.0320020844982096,0.1672988059311605,18,0.9789481427235328,0.08207774660148802,18,1.0498264044019832,0.09713641360703838,18,28.335180229874748,20.05542920947542,18,trial41,19.45,40.0,80.5353,80.0,10.3499,3.0,0.5343603534058408,0.781225796249034,trial41
corny,corny7,0.03194307308084732,0.012708547563992612,18,504.8428808941027,123.12684984989879,18,1268.7107013179577,8.572400783417606,18,765.8009471530293,11.086346302108483,18,0.6035891970204026,0.006244427792639996,18,1268.7107013179577,8.572400783417606,18,765.8009471530293,11.086346302108483,18,269.9981822224166,0.9317400735461463,18,219.86124236408293,0.554533346933227,18,55.54961843578165,0.18238840734045597,18,37.66683991500948,0.08904852912170594,18,249.2175236924957,0.5972483578919183,18,15.915630925105809,0.0261838535372802,18,167.19551506534893,0.43609211916389773,18,109.27382467059292,0.3156556386394855,18,110.38325262964601,0.32759122941354263,18,48.51623422645483,0.4153696809173928,18,5.214587482198393,0.023047268709709405,18,281.28157665555557,3.236928566191498,18,2.4298222222222225,0.002600351911830561,18,22.590315023642674,5.331691192333802,18,39.67681511104891,7.044742285970544,18,212.38420177898172,1.6647707257327438,18,176.57409449479053,0.8244911409417117,18,64.47107363149246,0.34594337888851523,18,50.99321159582186,0.5399854269005394,18,198.10953114953992,1.193384233693139,18,28.74482672202469,0.2905904863135356,18,144.54249832110338,0.8229371798146654,18,103.31386177902384,0.5957052811284941,18,96.99280042546712,0.7107842696120519,18,74.15241612986841,1.0044059602345539,18,219.00669431628947,3.5116323731431702,18,0.7429320718223392,0.2310540041655023,18,-11.656971944952177,1.2355224064767472,18,308.02953166201814,2.259247019925531,18,225.5367769720059,21.640119373850343,18,0.7323050397663375,0.07147038171212185,18,311.79299233779074,0.8049344860614622,18,236.45110106455635,1.0676942507508262,18,0.758358942661967,0.0027236143566298607,18,384.30921577827564,1.435381112382922,18,276.9977221627263,1.5348620255694636,18,0.7207685685895626,0.003139326900871149,18,95.76941477506165,0.27841806004876224,18,82.29637550571596,0.5020332225422001,18,0.8593185880157069,0.004739621040503334,18,311.2420462204443,1.355051363306167,18,224.0419140236028,1.9965970428264903,18,0.7198280527110403,0.005077348977908553,18,183.27511340555273,0.5735328999789139,18,149.5808398269903,0.8706402447942647,18,0.8161551549467423,0.0041146534308582625,18,0.786619378095187,0.006371917301662559,18,0.8031138203968776,0.0024850589220593443,18,0.8786888938476041,0.00550714687484843,18,3.318888888888969,0.11240100946212694,18,48.34222222222339,13.857661102864341,18,33.97444444444526,13.524943067064246,18,1.1606047545281946,0.005261676459992195,18,1.3538106980635964,0.015430516419074093,18,0.7949242140022457,0.0040010739269859185,18,1.8060952544120847,0.020017170986989703,18,0.8645090007585658,0.0037452749138429833,18,0.9454565555451977,0.004303269222706235,18,15.313999643538217,7.156433622467794,18,trial37,19.62,40.0,78.1753,78.9832,10.4622,3.0,0.4952728575237402,0.7848216163167697,trial37
corny,corny8,0.05975756605640608,0.01654458699432858,18,763.3661559816205,3.543866213404998,18,1279.2222468114715,9.053655007572734,18,1397.745902705242,14.786762545063944,18,1.0926895122541103,0.012590438238003217,18,1279.2222468114715,9.053655007572734,18,1397.745902705242,14.786762545063944,18,268.81348207821304,1.4925927704258872,18,220.17535662247985,0.7041440308073036,18,55.7954041384071,0.10284922181461503,18,37.791674084688495,0.04534522285053532,18,248.61693124743948,1.1306914759262663,18,15.97916719672831,0.031130258325166957,18,167.86300875742901,0.32805487468022104,18,109.65051166933986,0.18246964563127804,18,110.78138032528172,0.18157015159056955,18,48.531302496972486,0.41500418137340556,18,5.2414375379672125,0.02125561671611831,18,291.74924494444446,6.052128793934472,18,2.437822222222222,0.006262075915480755,18,22.37993916386422,0.20571227336870843,18,40.57166834908179,0.36283941573597334,18,264.91982744198094,3.1173241955661686,18,209.94223903312846,0.5327856770817166,18,71.55596600497451,0.5479290680202057,18,55.618571572665715,0.8878214044906624,18,233.98168312000482,0.8372014951142738,18,30.69527946611814,0.4543787656218876,18,175.5211921476915,0.737170492091386,18,120.51947293612267,0.6493215469235639,18,106.27023713709895,0.23617367253462881,18,44.45002473624903,1.598007953380635,18,566.6042979402062,28.73002222899535,18,0.8911436249376565,0.0355214950941078,18,-15.821445026198663,0.9296538028953011,18,306.099013890866,1.9533739177928195,18,349.3926680709853,7.819332205073444,18,1.141428782965171,0.024111021103046415,18,312.94296849686566,0.6864385991068734,18,273.0170185074131,0.7689109702136057,18,0.8724189909335274,0.002136235211131494,18,385.83975171992404,1.5755598376131992,18,359.5784453659375,1.904618193413283,18,0.9319371634847057,0.0031162887533187377,18,96.06367454380919,0.20322067324212095,18,87.12113724307312,0.2917281071548916,18,0.9069148454176553,0.0037765932099943327,18,309.2424155279359,2.1861146194704983,18,303.11056610637047,4.63513913166348,18,0.9801830427430149,0.014199816855708848,18,183.98107663062657,0.3039673122692388,18,164.2695782449067,0.45903262094415065,18,0.8928642353298445,0.0031063190419446376,18,0.9855521059264318,0.01344542671303946,18,0.9535275915651015,0.0024655667298318514,18,0.9592815375934225,0.0027364922318200914,18,3.7144444444445335,0.07905487462904885,18,39.13333333333428,0.10128585058838319,18,63.877777777779315,17.683687250436684,18,1.2824776722903093,0.010481845779554008,18,1.47172467245035,0.024058966811585702,18,0.9411425138709085,0.003364278733116264,18,1.9209770590553912,0.029642896059094603,18,1.045622381622062,0.004097210217807337,18,1.0991274243886493,0.006357952591665683,18,4.680248921691871,0.679049519668447,18,trial39,19.64,40.0,78.7391,80.0,10.2155,3.0,0.5183522156822268,0.7911273830950639,trial39
corny,corny9,0.0622126475599774,0.012046897229519144,18,385.1329439728749,29.73267108505957,18,1252.5582101563364,10.962824755374058,18,940.9333214268095,16.79209110583652,18,0.7512067047200116,0.011378146720038815,18,1252.5582101563364,10.962824755374058,18,940.9333214268095,16.79209110583652,18,262.89485730107356,2.2960513697059617,18,218.06572348468657,0.8627740738194121,18,55.85064383124138,0.14275387621158334,18,37.82631725406953,0.13182044010123928,18,244.97772211180933,1.4230171471116648,18,15.980687895009728,0.06772405248392216,18,166.80952326377633,0.4023839209876808,18,109.21565663354941,0.19036065195447682,18,110.38458188985346,0.1985184401158575,18,48.94707127135073,0.3608448796193497,18,5.229682763208082,0.016892250828367292,18,282.53189365000003,4.563866345411414,18,2.4520444444444447,0.008397073875654313,18,22.408659034168565,0.4342990818361797,18,36.47863624122776,2.082824114814484,18,232.76301660896556,2.8884115569607824,18,191.15238353349193,1.1353433819025498,18,66.67527966618466,0.7065726794932826,18,52.919468457047486,0.6571688979041694,18,215.3233257494171,2.032998393200511,18,33.20284853446302,0.39287966005013564,18,151.27048858640103,0.7468523168820366,18,105.83234242194608,0.4471238245567548,18,100.87557695721837,0.40809203259935073,18,53.43858730843421,1.5290099440004354,18,248.5655892122341,5.510381751399605,18,0.9266268942234768,0.10304870937917229,18,-12.027100715078237,0.7312970411921456,18,293.6226479144045,3.5537412183661745,18,237.13980932823154,6.8807018642703675,18,0.8075290575811278,0.016209941810791766,18,310.6366129364857,0.8354093737072587,18,253.99954913704744,1.2309385268361943,18,0.8176744479561981,0.0033459529077166056,18,382.1583320095558,1.9882326496519185,18,307.9565897567367,2.8355369702059887,18,0.8058263359081301,0.004707620344335432,18,95.91067337257692,0.17830427859331613,18,86.77896812662905,0.4583031007873749,18,0.9047915497085212,0.004894472718986955,18,305.8944287967447,2.318469681944815,18,266.2058000683396,4.590747459071058,18,0.8702759267938709,0.014879764968004468,18,183.40143193117558,0.3220553833754842,18,156.63776736876554,0.6553860759201855,18,0.8540710996972115,0.0033848288974140995,18,0.8853801244011029,0.007224955692566384,18,0.8765806710880137,0.0036465483791172136,18,0.9138562561731516,0.0034741819961385365,18,2.9477777777778487,0.08207281957151592,18,88.82222222222437,14.968498512290042,18,66.33222222222383,12.816550217477872,18,1.1938202021861914,0.012922046087244614,18,1.3990358919960733,0.01874567664709853,18,0.8789391804006487,0.004572615196570973,18,2.0777399616695167,0.027727340630392856,18,0.9068451242459873,0.0037664544064018373,18,0.9690217428950125,0.0037377502307159275,18,20.82309430976471,5.745087793364122,18,trial43,19.46,40.0,70.5933,80.0,9.9716,3.0,0.4440638376997193,0.8130505941895162,trial43
drran,drran1,0.06269124166320067,0.0005513971763731201,18,302.3217631473501,2.9130442066666666,18,1368.0244749212789,42.41215011615006,18,1554.2145991306786,40.879202394225274,18,1.1362611590976812,0.006486978534222288,18,1368.0244749212789,42.41215011615006,18,1554.2145991306786,40.879202394225274,18,279.66255025135854,5.765123529519544,18,226.21324538105205,2.94968872179108,18,56.03097823263044,0.39335243429930994,18,37.66567085779598,0.22283778766134363,18,257.2076494378819,4.282320559174028,18,16.128562978043778,0.0922500931057768,18,170.7039379359038,1.460907818743602,18,110.38724843905564,0.7423133415625766,18,112.08762000608779,0.8583400610211317,18,45.57718189949176,0.6875285541546121,18,5.4080028972090854,0.05180262345547354,18,289.3001011277778,7.1075931108183985,18,2.395866666666667,0.015991174036287276,18,13.71179955230779,0.4335136361063599,18,22.4464264694884,1.192000246442086,18,308.83586291406596,4.079245825798311,18,233.58176474379331,2.7448239298575716,18,71.99029546980046,0.6141624531325822,18,55.962915493147435,0.3259330077864462,18,265.7134675190343,3.1397227090062776,18,30.24666724186619,0.14514357472305794,18,176.05264121913459,1.2383431614790659,18,119.99870991347036,0.8673930098262423,18,113.27874736599776,0.8416481666227144,18,48.72806154621995,1.330925713576319,18,329.61843656899856,4.4624261317619425,18,0.8870523253758408,0.011486453220223703,18,-5.202942475766983,0.9913284280324322,18,327.97049603877946,3.8714156170772482,18,424.63274779412524,8.617959116345203,18,1.2949867084337146,0.03409832977936564,18,319.2804786165991,3.1543049154827147,18,315.6536647314714,2.887227419342001,18,0.9886478455948934,0.0012425464923475685,18,403.35564726797725,6.598979272708498,18,410.2278754968267,5.56485919454057,18,1.0170814155363883,0.0030013247976482457,18,96.82587551225664,0.7014317025577871,18,98.06736847723442,0.7910031370101476,18,1.012818323207596,0.0022406657976535784,18,321.1442072918651,8.428219343882358,18,311.9225729747578,4.762802383941548,18,0.9715582310213574,0.011771853836578748,18,185.68569472903616,1.296468048037752,18,183.0258902024993,1.3070051056009233,18,0.9856756819538819,0.0013971940794113222,18,1.1045216126268813,0.013416639668797796,18,1.03259000006491,0.0016495591705118404,18,1.010629316345192,0.0013973508726036073,18,2.9477777777778487,0.0350722876282284,18,60.76555555555702,17.97524023310743,18,69.13888888889056,0.3043583199587425,18,1.284818735091912,0.002694044203244159,18,1.4857829755817202,0.0024136441761027153,18,1.0331487667002417,0.005266413047048799,18,1.8753724613219491,0.007983203773880036,18,1.031346469000988,0.0019567652135110878,18,1.087067494037735,0.001247340838820963,18,19.111507549410966,1.586486776446189,18,trial36,19.31,25.0,60.0,40.0,7.9863,3.0,0.5958784174674708,0.8350455230277726,trial36
drran,drran2,0.04070198810308581,0.0004576209351893098,18,315.44085805151843,7.983609512739572,18,1337.8768869426817,7.152186293616397,18,1547.7209432431239,7.917099875931714,18,1.1568522464050668,0.0024079766947803006,18,1337.8768869426817,7.152186293616397,18,1547.7209432431239,7.917099875931714,18,275.1554805698331,1.4903207313746678,18,224.2379891599765,0.48121119088536557,18,55.744232124388105,0.07186315244174063,18,37.62875733108514,0.053351995187434824,18,254.57198348958855,0.7087317571968303,18,15.998597655610805,0.021417756741879304,18,169.59975127866312,0.2461145844256708,18,109.69880008404985,0.14178554598162135,18,111.40148406433335,0.15708570195762814,18,45.34998307103163,0.296966907430325,18,5.353672071955628,0.012078865922499614,18,284.08482165000004,2.190803908441378,18,2.4028444444444443,0.0028677152664925093,18,10.786114864732127,0.44673629369671214,18,14.390947698620998,0.5213924758281829,18,311.1040150300229,1.9433777609997964,18,231.98216792381345,0.5242098511247723,18,89.62383535250679,0.2415103826136132,18,67.72622554096588,0.3171939370185072,18,261.98720267326297,0.7386641931244365,18,31.38776755685151,0.18379101130265382,18,191.08568863069357,0.3860505854558388,18,141.93884216863444,0.2777868178743662,18,115.70842978526876,0.1964781493200093,18,93.42065494344419,0.863503133068327,18,322.14698006081215,1.9886324151549943,18,0.6787452532272694,0.0854394674475449,18,-7.993590826064565,0.9103702922486471,18,326.6099569806984,2.27157782392501,18,425.0276987379878,4.39344615570043,18,1.301312065320282,0.006791135164311941,18,316.8661667038766,0.5166645079449148,18,329.4901244195648,0.5460654535631541,18,1.0398402258486006,0.0007248750537052502,18,400.2568223404536,1.0862872700092694,18,411.9259974032159,1.003156708067969,18,1.0291552517217004,0.0008562019260291817,18,96.22058171055593,0.13098243973350795,18,96.98708333290689,0.1839137901560812,18,1.0079663327096064,0.001513718341930736,18,318.30447131527694,1.194205477555447,18,319.97244668377454,2.0270111440186955,18,1.0052346585580891,0.0038261665940552206,18,184.59308952756544,0.2518341193307865,18,191.94782804274035,0.30967663090933784,18,1.0398431653030327,0.001101062172018322,18,1.1306479816587283,0.00347729857483292,18,1.034535479213522,0.0006451619510725661,18,1.0386614478528948,0.0009513221796796733,18,3.4133333333334153,0.023763541031440696,18,42.83777777777881,2.0422811800290503,18,44.44000000000107,0.48351653052830423,18,1.6077701434149103,0.004378788923230642,18,1.79985714669807,0.009000605742958,18,1.029128658480948,0.0011177755693907918,18,1.9619146346907297,0.012451736970317684,18,1.1266854952986922,0.000987760595311725,18,1.2938956447917658,0.001598147929259152,18,8.550354005317343,0.5534767700583587,18,trial33,19.33,25.0,60.0,40.0,6.0,5.5,0.5743167527158901,0.86513982373782,trial33
drran,drran3,0.014214944445599379,0.0007817743595886298,18,279.20486767932135,39.95951613954216,18,1342.4513858455666,62.1456769404071,18,1525.7028014474138,77.7482586972997,18,1.1363125605156266,0.008002275286931183,18,1342.4513858455666,62.1456769404071,18,1525.7028014474138,77.7482586972997,18,276.5321735015589,8.996361357243543,18,224.92351884394978,4.258020050634876,18,56.290913396508195,0.23676698003747843,18,38.178735580418135,0.0665680659120137,18,255.63295435525015,6.572529273732447,18,16.37490699167909,0.05583020900073087,18,170.25718494763083,1.7109769446254623,18,110.45920953845062,0.6561483674033751,18,112.0990347887092,0.9150337848452924,18,47.725195094786756,2.3742166285870225,18,5.297952863328501,0.05015828880248331,18,286.4148590377778,10.527890051353255,18,2.4103111111111115,0.03186901295817169,18,12.772086399778331,0.8429230105968402,18,19.153860909107394,1.3264329788744968,18,317.4863640345298,16.828478426780354,18,233.67916708251207,4.617870719008716,18,83.38483717905245,1.1194993892997613,18,62.04634377490457,1.3394791166250075,18,270.3136893549753,5.99705174617782,18,32.97797758686015,0.7965364051406897,18,182.01944751132547,2.4453213222499706,18,128.6238952746911,1.218595251603467,18,116.62526900261173,0.976595706237856,18,79.78452557030877,2.9388656261005934,18,337.2419258262846,25.34233047041508,18,0.564534036122172,0.2735227349440203,18,-4.346043328652172,2.110532099271839,18,320.33365122903285,8.852486848683684,18,428.10797404259245,21.716757337246978,18,1.337144594103585,0.07183785881683823,18,318.20306622238996,4.037958279433491,18,327.9295658527141,4.372970078428066,18,1.030560248713205,0.001879402373866137,18,400.9690626270484,11.138084296315935,18,421.1752855291263,11.95265906908207,18,1.0503775662127675,0.0013643963548285471,18,96.77082088702997,0.47405236548963764,18,98.78263858538728,0.6038378765507489,18,1.020785140941212,0.0021027473625234985,18,321.7872644157279,14.94479854683748,18,337.2151978960606,15.844366689312881,18,1.0479509911397438,0.007124257423618168,18,185.7992980950129,1.293560326359926,18,193.18445187116788,1.446214311309833,18,1.0397450493702634,0.0012883695594825592,18,1.148600209780069,0.05848437974504774,18,1.038912160653277,0.0011506256746595688,18,1.0403760668913544,0.0012547606634581206,18,2.7777777777778447,0.04596105199681259,18,17.317777777778197,1.0843244335180484,18,15.358888888889258,0.8575058832855424,18,1.48126727239681,0.013803430678740151,18,1.6251153616373033,0.03299630437007023,18,1.0575428685926058,0.008529815867239625,18,2.0138683319657837,0.04505095553877194,18,1.0690519222483956,0.0038841774950411157,18,1.1644251745260084,0.0044048151446677945,18,14.364922989743633,6.363108317783903,18,trial31,19.92,27.5354,86.4155,40.0,12.0,5.5,0.4665167971749551,0.8470638162369059,trial31
drran,drran4,0.030551865069386834,0.0001795259705013302,18,303.43611753226656,22.25979705155593,18,1235.7860904437387,15.873738317444296,18,1374.3555759500825,21.88896777102255,18,1.11209570549272,0.005171904643541641,18,1235.7860904437387,15.873738317444296,18,1374.3555759500825,21.88896777102255,18,261.82459734191025,2.3337274264726764,18,217.37825989621012,1.3067368779187052,18,55.84565648635442,0.09914914650958243,18,37.93652701593112,0.05341767947247031,18,243.66540031308398,2.1130434552146387,18,16.257796991015297,0.03440286750018866,18,167.32617851010997,0.4463747139747932,18,109.36761239474107,0.18969960531814567,18,110.4461994279489,0.2752443113774971,18,51.912854602669654,0.9809961809850328,18,5.22370655771164,0.013521771281872885,18,271.0396511636111,3.2293278553202107,18,2.4714666666666667,0.012708496463112057,18,20.336222243269546,0.3038178861491578,18,38.873715576542324,0.4421425006011712,18,283.18467089096566,3.455499813248549,18,224.84727963553453,1.5442795325813994,18,74.6866512286498,0.19003239597693278,18,60.03548344908151,0.23400098459541918,18,253.41749513255914,2.2418366026567322,18,33.566576237280266,0.11749132810990148,18,171.826514549399,0.3879133002194147,18,117.70518273417605,0.30300610355580276,18,112.3596507500834,0.30884151115585157,18,47.53115435996775,1.3956458985547173,18,292.05421531290716,4.777124840422201,18,0.8228846933085154,0.03301404279629777,18,2.3965862372292435,0.24400494031954495,18,297.4555549212497,1.5923944995464812,18,352.6991574460205,4.151599164854371,18,1.185717836545547,0.012145096253013484,18,311.38900539416056,1.1170297138801328,18,312.9898933566939,1.2003626594816426,18,1.0051414518561315,0.0015956463301086802,18,381.058169167361,3.7332900632929498,18,389.66842697161394,4.267526684110804,18,1.0225854144071662,0.0016900860349599916,18,95.89541189754125,0.16110085064520016,18,99.57432399701652,0.26918118518259165,18,1.0383659409961996,0.0030902648505744777,18,293.71196398460523,6.820034874413629,18,299.13296375541523,7.302880884311926,18,1.0184338059383429,0.00308300727734055,18,183.47813105806728,0.3896930860919006,18,185.08802795428858,0.4563953036907345,18,1.0087756776387156,0.002116887779482624,18,1.081573516259615,0.00793969870165147,18,1.0343554492868483,0.0016671106351653872,18,1.0173259133155497,0.001979634723503287,18,3.58333333333342,0.024009801919951775,18,32.66000000000079,0.0986973984995997,18,32.54777777777856,0.1432626364637225,18,1.3373760271899684,0.002342333836015058,18,1.5825216844816898,0.004858756679607482,18,1.0400226095044096,0.0018653955489992113,18,2.064646551247051,0.006386356788591013,18,1.0268978969817684,0.0016988342487612666,18,1.0762341606244368,0.0019316615559928454,18,21.641834230082438,5.473073163370426,18,trial29,19.92,40.0,110.0,40.0,12.0,5.5,0.478778523149776,0.8318783810413525,trial29
drran,drran5,0.016722555108764806,0.0011400558413162325,18,321.5314256495979,1.832971220886055,18,1207.181608967095,13.983159931288618,18,1395.2022127504977,19.360040980439738,18,1.1557448341343224,0.007915261409238816,18,1207.181608967095,13.983159931288618,18,1395.2022127504977,19.360040980439738,18,256.40906722533407,2.4423783465949427,18,214.77446545787842,1.1459691067736506,18,55.71255348762823,0.17680618811316795,18,37.92432415319432,0.06248628769677903,18,239.49194866678707,1.8158049039687942,18,16.21636289267261,0.08872779727001717,18,166.26193599717018,0.5570191318760851,18,108.98507096636453,0.3502351222946318,18,109.89097413126939,0.3740847434015025,18,52.42739446522814,0.5966750616215758,18,5.204594262582652,0.0543922161520832,18,263.16048800572224,3.482311101470577,18,2.493377777777778,0.010552031059332972,18,7.773985421900329,0.7361270321095358,18,13.31969471465397,1.8900405131694493,18,267.36044626985023,3.0022352729800423,18,222.79303585256181,1.3785702202315886,18,87.88526590824087,0.6993288548927349,18,64.37499535940793,0.5196356240902693,18,249.60499336917616,2.069894275458546,18,30.631948160838494,0.37584621514609984,18,183.31877347200273,1.0969454262486151,18,137.1107267056529,1.0017900548609242,18,113.06261100607168,0.4599418296609273,18,91.70065126920683,1.1112983489407937,18,271.61607139243944,4.11378744529293,18,0.6453349413812194,0.014965267651371556,18,-8.807589524535818,2.8371757824139845,18,293.4637538086934,2.922273208466588,18,333.3251094045467,4.293268058651582,18,1.1358044768238733,0.00491187326422111,18,308.9691004689468,1.153022257147774,18,321.33785058172435,1.5026850265477893,18,1.0400322259216495,0.002901215539033001,18,374.09873703182217,2.745186125924627,18,389.0390718612774,3.304004657435995,18,1.0399300693098452,0.0022134755455225723,18,95.70022329076588,0.4117376961999261,18,95.08183950562287,0.39481818690632264,18,0.9935447179180278,0.0035067406043198775,18,284.1944216996905,3.391745538408239,18,290.58239574036384,3.757497159967614,18,1.0224677358256302,0.0022398648729513204,18,182.6899992830687,0.6316745676268958,18,188.13296453833865,0.7111165443945462,18,1.0297977498037163,0.0034513353810159473,18,1.0427000931245418,0.0038625566765478347,18,1.037332526718834,0.0023535582132954594,18,1.028863926150385,0.003197421027926683,18,2.9266666666667374,0.17395063532339608,18,17.903333333333766,0.6700746227100537,18,17.75111111111154,1.2400801154806613,18,1.5774930712797586,0.013668043052595703,18,1.697460115882293,0.013539785782102737,18,1.0422241815123454,0.0024279762953072696,18,1.889013297359437,0.02592174255003047,18,1.1025872676741977,0.004817429458619108,18,1.258076332651633,0.00938828702964676,18,8.628963940989975,0.26772820104862366,18,trial28,19.88,25.0,60.0,40.0,6.0,5.5,0.5751902520548535,0.8691527706547918,trial28
drran,drran6,0.0165749571712293,0.0006231486182113596,18,368.20752368741347,35.42650599775236,18,1307.0674538225294,5.5935659641306525,18,1545.9800029156395,16.379151126402334,18,1.182774414762143,0.010207679145392862,18,1307.0674538225294,5.5935659641306525,18,1545.9800029156395,16.379151126402334,18,270.23550003110137,0.7406514928185984,18,222.1738067951586,0.37942895578009866,18,56.373961799731916,0.08604980330688812,18,37.88514200009313,0.05378278668194373,18,250.37234104491893,0.5831492644675268,18,15.970125598247924,0.040385582624675724,18,169.56792636244643,0.2278822406749397,18,110.48379512689164,0.15226201586380725,18,111.84154855182649,0.15404635153876992,18,49.992604356879596,0.3589883560925662,18,5.40922433424792,0.01524176596164891,18,279.34872262777776,2.791463254761317,18,2.440488888888889,0.002231562071968126,18,11.35338867369709,0.27539857332381545,18,22.533767598635606,1.0263860928247879,18,290.5285569986792,8.796462665835719,18,232.6343103473419,1.016503383323191,18,85.17742922776618,0.4843602468035405,18,60.97842593481519,0.5650166360843784,18,262.879291736021,1.656789760105204,18,29.60462719507407,0.282110703043045,18,188.7112565285694,0.597349587856586,18,138.65027787561493,0.5727243006685635,18,117.0752849771655,0.2570445729892352,18,78.53605409260253,1.8341545793709972,18,300.2891236072923,19.882118540802797,18,0.8245073805614556,0.03434638026542853,18,-5.6340088154433685,0.9152918343502469,18,309.0432245167187,2.490770404381393,18,353.5567035555622,8.220303100588776,18,1.1439832487423063,0.022354402301692992,18,316.17025464383846,0.49938645655283587,18,330.08750952359406,0.8741017232368519,18,1.0440172946088777,0.0016887943109781007,18,391.7718613603564,0.857920230114589,18,407.5560101862268,1.350440615152317,18,1.0402906665581535,0.00317632210354717,18,97.21951048179497,0.1544191464642765,18,98.43844765173253,0.26324660614823053,18,1.0125386790307354,0.0024943843071818174,18,307.0870695678265,1.3210642170749323,18,319.12939595640336,1.8573728616276466,18,1.0392109884564076,0.002906782992339856,18,185.64740993061167,0.24269295677522523,18,192.89384832395152,0.39451698347982894,18,1.039033005864309,0.001390928472077363,18,1.075054971486929,0.031009352916082183,18,1.0470815932246211,0.003957153188435165,18,1.04679536176326,0.0013406078347102007,18,2.6666666666667314,0.3521363372331887,18,19.406666666667135,0.7087686090512878,18,18.285555555555998,0.7033635343390583,18,1.5109318796173004,0.007502865919546619,18,1.6095559628106397,0.014191377742105242,18,1.0499473256285294,0.00493423686128975,18,1.8537377956246448,0.015481517056833153,18,1.1128936072415385,0.002727837890951742,18,1.2549348066106634,0.004024091391125248,18,9.986919779409341,0.9613940045933583,18,trial34,19.24,25.0,60.0,40.0,10.138,5.5,0.6825765971991787,0.8820984324177276,trial34
drran,drran7,0.027254741550994867,0.0011493723221533496,18,364.23015982635076,16.71861825078693,18,1326.1655703724564,6.832927309372941,18,4773.5640339899255,286.574864334305,18,3.5996506412076408,0.21737467954909073,18,1326.1655703724564,6.832927309372941,18,4773.5640339899255,286.574864334305,18,272.2859883357096,1.565531686546984,18,223.5617814845883,0.477221097595256,18,56.50441239792211,0.07342661485445776,18,37.88387272720639,0.04239774861313826,18,253.27801082370922,0.6548126786328416,18,16.005468699450642,0.03242221965882912,18,170.06934917683145,0.33891989624060126,18,110.70470059065212,0.16716688860090115,18,112.08861342902875,0.17777487710581696,18,50.772719899664565,1.7044437676283584,18,5.410977500205666,0.017228154452141205,18,330.9979549,12.654797552106375,18,2.4288000000000003,0.0021779645111353304,18,21.279220163653893,3.2204113871046993,18,48.588947160836895,6.724531070404825,18,799.7182899596378,52.335361949391284,18,279.7407850702172,2.2524138272590726,18,139.60312843792647,4.418532332232586,18,100.45710751445708,3.153254597912998,18,444.72238238526876,22.256102029960886,18,47.518136331515194,1.3147238563815087,18,265.07980227517845,5.156660626779405,18,200.9304109758124,5.341565173341939,18,124.89978777204962,1.0619345730316512,18,63.75802448467233,8.725496110174507,18,1978.7883144410464,180.82333153011305,18,0.816647563141983,0.10922171986067357,18,-25.884837631583494,1.562690882759151,18,307.83500694731293,2.8583058291417145,18,1269.587158417449,77.1726343229157,18,4.122853384208999,0.22206252068326646,18,317.49726321114144,0.6164575910730428,18,351.90740454396325,1.8453357642325785,18,1.1083798853900153,0.005515972360176526,18,394.9605837616689,1.0729385098067703,18,541.7381440607342,8.544001101382552,18,1.3716257954271016,0.021304573508598764,18,97.26280650738133,0.1474590119046985,18,105.15419038277115,0.6461566022950719,18,1.0811389201986128,0.007157227962679418,18,312.32858520727046,0.8818896717693825,18,728.3193773920262,39.44861262978393,18,2.331830000830094,0.12475537527355438,18,186.00468531548864,0.28890736112650833,18,200.25961239156194,0.6165053951091196,18,1.0766383942570181,0.0032110301214485462,18,2.9377345940768644,0.20161236510328823,18,1.251289971228526,0.0096094267847809,18,1.1142952248638,0.009328030181502949,18,4.193333333333435,0.07420163308810274,18,80.73000000000195,1.1289610007332065,18,30.076666666667393,1.277870471204555,18,2.470641821046704,0.07753099935978373,18,2.6517029993344376,0.08286415226347388,18,1.7559322847375864,0.08909112188541249,18,2.968842289057723,0.0808487992846249,18,1.5586485261657477,0.02968431603806676,18,1.8150139402829635,0.04823004335010572,18,9.314116719797456,3.8896868938324785,18,trial32,20.06,40.0,81.0634,40.0,10.8452,5.5,0.4979106071921454,0.8837522395132712,trial32
drran,drran8,0.03886235374769884,0.009124698285293715,18,313.7807485547205,10.704910081185302,18,1311.026905684061,69.91240611193425,18,1256.8505334767387,57.404414428565836,18,0.9590717668711429,0.011233182605010125,18,1311.026905684061,69.91240611193425,18,1256.8505334767387,57.404414428565836,18,273.8473963183157,8.81394300839069,18,223.03513087787474,4.76356499854929,18,56.60992576434242,0.5396326183471147,18,38.330908508484775,0.2567333580036161,18,252.60826500060406,6.97179831808001,18,16.427425165211265,0.09346950932888325,18,169.62697456962547,2.3133011151748475,18,110.69978746183789,1.108551228951952,18,112.10879570096684,1.3647303056808398,18,49.35575810761853,0.9189983741125468,18,5.33026116324666,0.06326991571308949,18,285.92856483844446,8.456473550726942,18,2.430977777777778,0.027621380370914887,18,18.53858980218756,0.4862936666608275,18,35.58891297527641,0.9419831330885404,18,285.00335514525216,4.2500659057550845,18,218.6521269466649,3.704806116227299,18,73.01983955969624,0.936506376593835,18,58.565222389952964,0.6584087225631106,18,246.33078295657802,5.833400802725999,18,31.42003421734195,0.36609724010391675,18,167.54578477799726,2.050534410627529,18,114.58869614057787,0.9515166442516775,18,110.84174295418019,0.9119541373900691,18,47.64832576662485,4.060749123636121,18,312.53722740368744,7.514541067504168,18,0.9166662880394626,0.02325716369842835,18,0.6447742834204868,0.7686078097372453,18,306.02124389299547,8.183221668957973,18,328.539204478799,15.050009157240734,18,1.074952665937663,0.06712922030030112,18,316.77278228027785,5.03988833051258,18,301.4544890743084,4.024713951538875,18,0.9516811310298101,0.0032401259175081913,18,395.094868872682,11.97003812893265,18,375.79421166745226,9.058519606853375,18,0.9513184189834225,0.006594100385581688,18,97.17835137251114,0.8330983094987987,18,97.38194565373075,0.9163337882692891,18,1.0020917878888407,0.002840207967063433,18,317.92751981440085,13.441215751086002,18,298.2194256600824,10.203910872881838,18,0.9383395814282124,0.011034887885546319,18,186.02803322038935,2.0872184643618112,18,180.87219847421366,1.6112735429356315,18,0.9723104048218126,0.003090849942374692,18,1.0415063485162765,0.02841364555408489,18,0.9804378489488348,0.005080440028783572,18,0.988744796928591,0.0044848507589548125,18,3.0211111111111837,0.06379091663984644,18,39.878888888889854,0.3477302688425151,18,42.19444444444546,9.572445272590304,18,1.2898445460704064,0.005766931387087285,18,1.5278510409100783,0.008888806753947693,18,0.9752569754455307,0.005839603821126298,18,1.9126163262354778,0.014475500567746295,18,0.9877525136465461,0.0031813090718977367,18,1.0351488395266444,0.002759475589959971,18,30.606694286284394,1.4780820158465358,18,trial35,19.32,25.0,60.0,61.5445,8.9001,3.0,0.4322753009781433,0.794776179210832,trial35
drran,drran9,0.017994917783000094,0.00029199286269004996,18,307.23223651794626,1.2735413091284262,18,1242.053618645114,6.926158728608829,18,1468.319138739262,7.149698456241824,18,1.1821768266633752,0.0023489138705031576,18,1242.053618645114,6.926158728608829,18,1468.319138739262,7.149698456241824,18,261.59471575301717,1.7104719794839993,18,217.75420807595688,0.5980340535520612,18,56.38176799848424,0.16376098090549315,18,38.462481965147894,0.12294512574785285,18,244.43095396262592,1.1638363960479028,18,16.49994206403609,0.04569550449644653,18,167.45439131370415,0.25553491982839194,18,109.94583915994991,0.20190896668843367,18,111.02246220826865,0.21067667743867424,18,50.93163034421144,0.5018267040620544,18,5.25753691733497,0.017371275191450954,18,270.04042504905556,2.274383997858882,18,2.472488888888889,0.007639594144508379,18,8.00029094120074,0.6480498577126783,18,13.741955957498181,1.6206774638726873,18,274.63480371447935,2.293204490391929,18,227.0068895054154,0.5474678359808771,18,84.94979374388545,0.35909613832482945,18,61.57134111240586,0.35248760278130137,18,255.85782085331755,1.003646330830061,18,28.95392614077337,0.28137851403466313,18,184.95490839510472,0.4199218350895321,18,134.40767840421856,0.5050614126769759,18,114.59539780345345,0.18630959893157029,18,78.38652373494314,1.3901505827370821,18,278.3807414473107,3.2387089537261984,18,0.4706267495728025,0.13874357071834942,18,-7.601303941245348,1.2382235312057241,18,296.0314479544381,2.205573928972269,18,350.6245525415892,3.436317761038354,18,1.1844053522623748,0.005399947713632933,18,311.7803048964697,0.5341542252328159,18,325.39666834463367,0.5510154771865293,18,1.0436733108030436,0.0008594664193047459,18,381.0607476273724,1.5967999603421588,18,398.58110121281476,1.5650037101364207,18,1.0459791711399926,0.0007628753827824801,18,96.66812140072211,0.2491077792983947,18,96.76661655517874,0.24896240638279538,18,1.001020429500774,0.0017920545712003559,18,297.5719328378723,3.2303487543702443,18,305.56423328773184,3.3960830215125495,18,1.0268587035911623,0.0026150330101108355,18,184.46821710169073,0.36516508670540276,18,190.2998846472201,0.3343043645248448,18,1.0316146633075833,0.0013681410220398689,18,1.0498415053336838,0.0037849749867462116,18,1.0424926519273505,0.0009387117391996361,18,1.0321833860720977,0.0013404514683706763,18,3.0111111111111835,0.059890968472511345,18,20.28666666666716,0.22916729055174007,18,19.29444444444491,0.2920761830961746,18,1.5067099674225601,0.009390927933251036,18,1.6008483497431545,0.013001890897897321,18,1.0467538046146756,0.0017216940217011294,18,1.7548050475138728,0.018044494245954258,18,1.1045096626043025,0.002152607144278567,18,1.2224953476809888,0.0054946141790038665,18,4.54045459350383,0.8816504092725564,18,trial30,19.34,25.0,60.0,40.0,6.0,5.5,0.5747672992598324,0.8663885532799306,trial30
r2d2c,r2d2c1,0.02059506472746661,0.0006130925921275936,19,755.0782166365532,2.28265342892944,19,1408.9535886848723,68.35876666516371,19,1511.8177772844251,77.67966712541153,19,1.0728903834374983,0.007027898727868249,19,1408.9535886848723,68.35876666516371,19,1511.8177772844251,77.67966712541153,19,286.00022935501465,6.9996601613322795,19,229.2776534232955,4.345464795525673,19,56.09684614298931,0.6197981611715937,19,37.97295174925383,0.2587047526078186,19,262.0707845320995,5.932012426635735,19,16.303363793895528,0.12126315594553806,19,172.13545055540513,2.149091455442824,19,110.54556435022278,1.1863838460840797,19,112.47956569418263,1.3979728440357801,19,43.79975826260117,1.2182901402876385,19,5.313316582530402,0.13142452520062814,19,296.8597412508421,6.467271714004286,19,2.3723789473684214,0.02229717418437125,19,36.12238785664471,0.6514107297836631,19,66.77156723348826,0.7449013687163867,19,286.657526977206,6.39688870622962,19,227.936356359094,4.343571324088001,19,86.35125017039522,1.384178018891516,19,67.68972624664983,1.4098190147071445,19,265.7753419749288,6.289085638451298,19,41.919693238971085,0.5093941238474812,19,179.1444657513647,2.278717542339271,19,126.83179330575834,1.6425459763694694,19,111.13958919130992,1.1251326959687848,19,46.755261863058585,1.1604318782718523,19,294.6650145412111,6.950460352204503,19,0.707655893142008,0.07015161585888878,19,1.6942506841892548,0.41468121879073083,19,337.56180548144414,3.0326748165871473,19,328.403043920842,3.1374285933329853,19,0.9728830079645876,0.006391399492424533,19,322.0649346063658,4.750369087141035,19,313.1106363409801,4.068814968122473,19,0.9722227899836655,0.002553368718661212,19,411.2676751285814,10.678521273236223,19,407.7483359722515,11.067540318064678,19,0.9914199193070089,0.0035332967951165846,19,96.6474769493329,1.2966070393344447,19,101.52714008963143,1.3472006882552916,19,1.050496269692956,0.003311151066748296,19,327.13092079545123,14.95073877078712,19,323.5699680195751,15.294606245577382,19,0.9890586737935986,0.005037763601184567,19,186.0845570075687,2.2044909617125583,19,181.9329538367384,1.5911910553805837,19,0.9777269339388279,0.003992985667897954,19,1.0023611455082975,0.005679477970312146,19,0.9941502089448191,0.0020547299672482645,19,0.9881162222414315,0.0032380072444373915,19,3.7631578947369326,0.0438498234608073,19,22.705263157895285,0.2669866501251179,19,22.30315789473738,0.2993521269449036,19,1.5392549239639886,0.009629694170498759,19,1.7824308796586177,0.025893167774797853,19,1.0141186383470844,0.0033175897330370145,19,2.5713654683957743,0.03669539358623873,19,1.0407168261586268,0.001914499270220273,19,1.1473041576535639,0.004001232449499036,19,9.732746561116377,1.413711069063112,19,trial13,19.38,25.0,60.0,80.0,7.4015,3.0,0.6081877899776862,0.83920396701749,trial13
r2d2c,r2d2c2,0.020954414512238718,0.0008003930337027089,19,288.80387110238274,7.585328056883054,19,1406.5080816459265,39.072594099230315,19,1603.2074149135076,36.120273351586626,19,1.1404617000529746,0.033726710146892915,19,1406.5080816459265,39.072594099230315,19,1603.2074149135076,36.120273351586626,19,284.9074237729386,5.773795565063652,19,228.83407378115126,2.5954677885601116,19,56.13885147951938,0.36663633523429434,19,37.99273467862375,0.08616254459419861,19,261.3780593562252,3.454724745467641,19,16.38456830625155,0.08005890878014224,19,172.22523013370895,1.291079082826814,19,110.7890223391942,0.7474148290923812,19,112.56466177265807,0.8354662122726106,19,45.10917797261302,0.9607635525854316,19,5.31940670132629,0.09991519654823833,19,319.3881057621052,30.961926017722718,19,2.380926315789474,0.014224268858588214,19,16.83726375373473,0.7268667559672143,19,31.37483807068173,2.6835265388722664,19,317.2697222860378,15.24057109932959,19,238.20396164029995,2.2942981159303537,19,78.07474377332419,0.8684338891512303,19,60.384656425261575,0.5719213200912759,19,278.65830257347034,5.144982168160737,19,32.48332825049343,0.23599670433845363,19,178.34042300742016,1.511454079785225,19,123.30929509494231,1.1625346205609042,19,115.14089457697261,0.4873202604006597,19,45.69880786105086,4.914106778090991,19,397.90464758638853,41.28006963282881,19,0.9383277833991687,0.0435075133693853,19,-3.719644017353885,1.6427874862493903,19,340.2419616068373,3.476098081070498,19,375.58695758912194,21.138621897701757,19,1.103705346132941,0.057391896954906055,19,322.09460670768544,2.7929900390189415,19,326.3651816137079,1.6929130292319916,19,1.01331202390501,0.008022865636807866,19,409.3548128865729,6.225750275061168,19,425.95913047427064,7.226287941683171,19,1.040863463266609,0.02685940638211545,19,96.72640221444766,0.8631373034452038,19,100.01015715350434,0.4116648791271675,19,1.033995654252078,0.005917011942050042,19,322.704972658531,9.433014279121364,19,368.6209650227241,29.84505551817221,19,1.1449149998575354,0.11723828544384053,19,186.29958827331384,1.3477114575814866,19,188.70584873371507,0.6457273905431641,19,1.0129512269959153,0.005781242648613485,19,1.114236445148111,0.062486280720287425,19,1.0410720834858893,0.015414273468368433,19,1.0229204229158786,0.005824457660316473,19,3.192631578947445,0.029219876276101463,19,73.00631578947545,0.34909741598579813,19,22.725263157895284,0.7710841460138751,19,1.3907386397347445,0.011910849513100497,19,1.5893596001465593,0.012879468104923882,19,1.0663181916962416,0.025552489900338843,19,1.9826175208451748,0.019193424102066953,19,1.0355184612496053,0.006447186886244942,19,1.1130099724438043,0.007294388342228815,19,23.831169956141565,4.468249071096607,19,trial12,17.96,25.0,60.0,40.0,12.0,3.0,0.6631848561393392,0.8010611314687879,trial12
r2d2c,r2d2c3,0.02008222725829031,0.0002734213085273932,19,315.54675497692324,0.46112766807542166,19,1371.8906012082741,17.87458237770195,19,4403.149881292961,90.1419273462747,19,3.209646540949421,0.05674371269046705,19,1371.8906012082741,17.87458237770195,19,4403.149881292961,90.1419273462747,19,282.5918386871656,2.355230348399004,19,226.71065629696835,1.2160898040222787,19,56.00331202510527,0.15029674638353704,19,37.86192040683399,0.08923860261867972,19,257.4375520034702,1.6929139610117332,19,16.0572731456883,0.04264469277838173,19,171.34244583309336,0.6113947714596046,19,110.4481533943433,0.33780973672694925,19,112.0849499460238,0.3786631263893813,19,45.04447080345019,0.5562251803190799,19,5.307651020510293,0.029861231890863277,19,309.13301113157894,7.983795281875258,19,2.3956631578947367,0.006684327484356876,19,25.59168802839534,1.0435903762707786,19,60.25132513696218,3.7552241824193904,19,701.1390012423717,7.09282004104757,19,302.3491147397582,2.6521136142526185,19,107.18779843947554,1.6213024412326693,19,76.0655418682624,1.1671269880592952,19,443.45219606612636,6.2406094326808725,19,41.573199613643716,1.0685107635742501,19,260.2818674748767,2.7483115707974863,19,182.15578503785227,2.655946230964035,19,125.59011334998759,0.3371890190087629,19,81.20548998921977,6.084865800280909,19,1139.8296282600684,47.22052137680335,19,0.9587087628405337,0.0038862290777154787,19,-8.295948580731762,0.5855292556956829,19,336.3800586177352,2.188279826906452,19,958.6168422147241,27.877720827939008,19,2.849868220611072,0.08337227045946116,19,319.98197831137844,1.3070640299197773,19,382.8860476353157,1.3442745978096144,19,1.196589755470554,0.001595409116926416,19,404.27384137773464,2.674366820791622,19,605.9798721636969,4.655573926208817,19,1.498959476206437,0.010683783360625287,19,96.44008517623425,0.3180341262146334,19,100.97232468472029,0.29440623053116005,19,1.047001302226405,0.0032413003670796717,19,315.07727970957905,4.067775635292513,19,826.0439199276952,7.956584050975447,19,2.6219745715050395,0.030043191212278636,19,185.63863328858767,0.5954014657832194,19,201.882445268772,0.5568380036645229,19,1.087505556738583,0.0020679097426066955,19,2.4811536672200805,0.021763491047332554,19,1.3336523122690265,0.011658778776069089,19,1.1204943746232308,0.0020230051200298155,19,4.136842105263258,0.02237375237463917,19,22.514736842105805,0.29400242669166754,19,21.73789473684263,0.2979108544396891,19,1.913959133165252,0.02879555834013036,19,2.0090535620966015,0.032378961460614246,19,1.7225918675187841,0.023756611367406102,19,2.589153671544477,0.07002044389202865,19,1.5190852692717884,0.016226843346540013,19,1.6492490683534395,0.023975911008010206,19,8.188237965769716,0.12074346533957718,19,trial16,18.63,25.0,60.0,80.0,12.0,5.5,0.5121342051066223,0.8981476554090139,trial16
r2d2c,r2d2c4,0.022302345673908344,0.00019745450025130136,19,362.6760368634202,0.546377613556057,19,1379.716439460365,10.782302888912707,19,2721.3308870949445,50.37539117533288,19,1.9724776953234318,0.03852125225016928,19,1379.716439460365,10.782302888912707,19,2721.3308870949445,50.37539117533288,19,278.675197245628,1.36546368826658,19,226.79126537114365,0.7123088529361166,19,56.17646639965765,0.12517714351706047,19,38.010845242164045,0.08942828459336684,19,257.253756307844,1.0209244690404804,19,16.17955495953392,0.043398176401441065,19,171.52022783625824,0.3993880045805286,19,110.61240811496363,0.23406447751584647,19,112.32116487881754,0.25231533743486395,19,45.833721709980516,0.41380103263486745,19,5.315968425846938,0.01867182202662304,19,297.06781424736846,3.353046894793086,19,2.3998736842105264,0.004150614694136381,19,15.776210539178928,0.10960073143900742,19,34.19686680736324,0.32010773379121,19,340.35039884689184,6.8402497630584795,19,268.67388065941367,1.617326635209051,19,96.31829930836707,0.46921074055774636,19,68.11486828331063,0.2779872100366907,19,303.69301116581374,4.096784686922696,19,34.89522928875716,0.12775406134054557,19,225.73786996559213,1.2909076445000442,19,159.89761593723304,1.0770253290155687,19,124.36796810338616,0.5870295009867527,19,32.169126440733685,1.5782189811017433,19,931.0248303962351,172.13353434598656,19,0.9427153041468866,0.002992700973184868,19,-5.835840323095382,0.7874864150909343,19,332.6681240836869,1.6794255153859492,19,524.8136645902962,13.290583532061772,19,1.5775329845115476,0.036741318823440915,19,320.31959292926706,0.8183881256053201,19,371.07930468157264,1.3669913577623853,19,1.1584680732515722,0.0038703210731838556,19,404.7742580622228,1.454748876028769,19,503.4772607018613,4.774146935648379,19,1.2438569551244774,0.012076131823476917,19,96.68202730069393,0.21680934358140797,19,100.45088281885084,0.3946743380860407,19,1.038982985946953,0.0036725216800211676,19,315.35134497209384,1.744238133680442,19,475.9272508456332,15.397107809902389,19,1.509382067939417,0.05381603034565679,19,186.0643409026177,0.408290539829499,19,200.67441970988443,0.6316250728552177,19,1.0785227457568458,0.00290408486731011,19,1.2212818086047035,0.0218340124372286,19,1.1846829019127807,0.007585792264592962,19,1.1072541659788697,0.004840313078621751,19,3.850526315789567,0.015446568914424846,19,25.565263157895355,0.19030292871725543,19,24.17894736842164,0.1979308166686963,19,1.7145627914801786,0.0064046682040870785,19,1.791984091984293,0.005648064588120819,19,1.1805389606591097,0.01676184319846895,19,2.1567544491103847,0.007510315614854196,19,1.3161010883789863,0.006979809861468837,19,1.4455641027390957,0.008805777775136844,19,12.324696728118749,0.16245991533827034,19,trial11,19.33,40.0,60.0,80.0,12.0,5.5,0.3236396470250777,0.907682035677232,trial11
r2d2c,r2d2c5,0.019118477950652364,0.00023390189816388312,19,308.13064536250397,1.035289592994856,19,1407.895589460458,11.446482331802619,19,2659.3126129636275,57.33174229810204,19,1.8886804640113806,0.02657822823649398,19,1407.895589460458,11.446482331802619,19,2659.3126129636275,57.33174229810204,19,282.2216020244361,1.5282360743767,19,228.7528351201742,0.7009781471614138,19,56.55580890076368,0.07540342728321492,19,38.212570472628315,0.041657446266664074,19,259.6315527861827,0.9151580495158836,19,16.283355513053937,0.030560045112895937,19,172.73515153593732,0.3145749715945422,19,111.42018371745343,0.1693452375217681,19,113.14332362245946,0.19014724445098713,19,45.639333074403815,0.4686659625125677,19,5.366680961494667,0.014744233381957414,19,295.5950218631579,4.580072502359751,19,2.394989473684211,0.0047466824364018586,19,23.608208213010403,0.5178371851989446,19,44.13537184015731,1.7741561706296205,19,412.2429643984538,9.516764279318215,19,263.42261050987463,1.6112888429053382,19,101.141107030795,1.0648724135068006,19,73.33259576216902,0.856474573435036,19,303.73020463242295,5.027122090591635,19,39.563291729847364,0.5806277739043701,19,221.02218228392744,1.0634812827163322,19,161.17037227945372,1.3241876217843966,19,124.21324940221106,0.360143666009085,19,29.940522589305225,0.9965932778229234,19,883.9271394181303,58.520886438634385,19,0.9310380167028197,0.0014159535919698574,19,-4.8446475512478955,0.20626989283281014,19,330.9714453980474,1.237114598721159,19,665.4080810340517,13.88820786821338,19,2.0104285734034937,0.039057245564909714,19,322.8176172563881,0.7049610563873313,19,368.0210640696157,1.4675340041898737,19,1.1400241874557977,0.0023875552422022426,19,409.3934175578035,1.665413508379937,19,501.51148348428154,3.9595732691960133,19,1.2249968932682234,0.005625766755645569,19,97.36389483275387,0.1527614169940394,19,101.68884041692927,0.3274472000951208,19,1.0444195794689626,0.0026013878692034017,19,320.9547604409024,2.4456651034216845,19,488.6939939736024,7.976430006755986,19,1.5225558129176313,0.015931370553078614,19,187.4224702722083,0.2936027457461993,19,202.5422236311877,0.5597552976926587,19,1.080670948064705,0.0018862081296050755,19,1.4605985686498837,0.02718821517907154,19,1.1515512545785227,0.003978645575836073,19,1.0978384401468848,0.0018588463366715565,19,3.586315789473771,0.01498537298530764,19,22.127368421053166,0.2721282807236208,19,20.92526315789524,0.27250623685121417,19,1.7883321947715891,0.017682959045987125,19,1.9190657559730397,0.021919057721106684,19,1.1698119757641625,0.01612396426177599,19,2.429645991025009,0.03299776041357542,19,1.2795383579931179,0.004223596869877909,19,1.4465000259858236,0.010329827546468199,19,8.050486077650683,0.07908171396006172,19,trial18,23.47,25.0,60.0,80.0,6.0,5.5,0.8731757745839862,0.9122106524122264,trial18
r2d2c,r2d2c6,0.014237942580729723,0.0002308833527036426,19,313.68663398840437,2.313637942939281,19,1414.2136937698842,10.91892876128307,19,1685.6430767276152,23.582930362359363,19,1.1918944972619312,0.01020969612625597,19,1414.2136937698842,10.91892876128307,19,1685.6430767276152,23.582930362359363,19,281.58828154673023,1.6258520675354977,19,229.3468402167615,0.7061094862407225,19,56.79570652944974,0.08576897795093603,19,38.341877486186284,0.04512779855789017,19,260.82010412900473,1.2196354958684164,19,16.26852209874777,0.039291646458264884,19,173.37299675578834,0.2623014986060779,19,111.88511751557931,0.14601989673517946,19,113.58952633031473,0.1787511132742585,19,45.60509407800148,0.3689786361982921,19,5.407057282506557,0.01954259702007828,19,297.2079305578947,2.39053363170644,19,2.398863157894737,0.005652552081072628,19,10.323673333853652,0.4248543357816378,19,16.36315069191077,0.772221679031342,19,307.33613025221297,4.795342046611618,19,241.92825622548963,1.5942598976156284,19,79.7550882380558,0.7528580151006515,19,56.43194106004311,0.5753997663636823,19,271.27110628387805,3.024823469285484,19,28.2398177449867,0.4728659075425245,19,194.4172383862444,0.9988062437943327,19,137.53719403944564,1.0614090429951824,19,118.09500433130715,0.517560714866246,19,70.08468035398327,1.0157158214985078,19,357.7440519517842,15.300808045737645,19,0.9968669635288334,0.001110662986241746,19,-9.634552729297742,0.5289676076799193,19,334.75542630265403,2.072015103584847,19,345.6604527042711,14.479363388471544,19,1.0323894323373752,0.03763617795953254,19,323.7977913557123,0.642663799227494,19,340.384827375129,2.1338408685345827,19,1.0512198384212672,0.004917584852413855,19,410.1185086677087,1.4857657811725975,19,430.59219421203653,4.096741999546637,19,1.0499036093821452,0.006759717478343456,19,97.90347769054054,0.16869848231351303,19,97.99032105139955,0.4715583162869522,19,1.0008841454300772,0.0037568331786804513,19,320.72067802772546,2.1172136810057243,19,309.76497907781356,1.9849368696394332,19,0.9658572007210973,0.005669728931831628,19,188.22891579379004,0.2684416962534447,19,192.9672071427049,0.9617167978467264,19,1.025169739016662,0.004103292669736283,19,1.0915107253109722,0.020471255801402435,19,1.0548487061828669,0.004232196246672649,19,1.039661409936573,0.0033426629280869967,19,3.169473684210603,0.0243752342918716,19,17.161052631579363,0.25187948478152217,19,15.701052631579326,0.2859272389348646,19,1.4042366965006967,0.012101683487554735,19,1.4718090429141335,0.014863495859874596,19,1.0400457656676931,0.007597571766067175,19,1.7358362235389255,0.027507492864258114,19,1.1213774652387563,0.004604524768548683,19,1.2292654098340359,0.00845064995086865,19,8.297183368253318,0.1280918386278024,19,trial14,19.11,25.0,60.0,40.0,12.0,5.5,0.7527058571287651,0.897918668763674,trial14
r2d2c,r2d2c7,0.043979386477547594,0.00019100682562334513,19,682.479706166684,32.64212053874454,19,1405.4029004809663,8.592387295105686,19,1367.5814982390602,17.240233356998893,19,0.9730648582321958,0.00811637658105354,19,1405.4029004809663,8.592387295105686,19,1367.5814982390602,17.240233356998893,19,280.8005359619374,1.441951196702783,19,228.77510442418503,0.5991815853900203,19,56.201392678356854,0.09355699985964555,19,37.980257073642946,0.05095440464978518,19,260.6297193502628,0.8912523614256658,19,16.131474482108334,0.029195943696565186,19,172.4698424560479,0.2912321081107224,19,110.88819890223402,0.18050373502499792,19,112.61217067102713,0.19154889795513613,19,44.78776827372625,0.5292553416852102,19,5.319947288297428,0.018547845542766273,19,287.32845119473683,3.3590606508083107,19,2.3862315789473683,0.00432936390395483,19,29.603638632311362,0.11693989917973076,19,42.01822172086437,0.33924380857649233,19,310.84051070472685,4.0741116137911355,19,216.9656586842028,0.6624822389360893,19,75.59364680789703,0.42174609294088733,19,59.135212230769795,0.36589454651372827,19,262.02908759222925,1.1599052355503328,19,36.32843491486413,0.2154705823570025,19,169.2376350707394,0.6315672583020978,19,119.5662557469657,0.4339603986132302,19,103.92437238946813,0.19804275699749238,19,22.706178736983983,0.9120905436038165,19,426.8570897056016,15.81371305200949,19,0.8936711747499019,0.021131465781562383,19,-2.0764749632370743,0.24766177943626286,19,334.6242131086525,1.1426355801444041,19,469.35764135321926,5.846446707784819,19,1.4026286100637542,0.0156793826430333,19,322.4495169482605,0.6127635733937958,19,284.9788094482169,0.6834056881889247,19,0.8837932245351069,0.0010151115769138973,19,410.98130789834,1.2340286149008908,19,387.3166970528535,1.6945609602809812,19,0.9424162980415046,0.0017676792749923224,19,96.64178113596395,0.19802752894459394,19,88.30911810084841,0.2245989102999705,19,0.9137786286046762,0.0018491851430148842,19,323.27630862017605,1.8370606740818052,19,288.64877483045234,2.1961302936948925,19,0.8928804255481746,0.0032538826522960362,19,186.45632269177887,0.31596857199386635,19,163.54269949000218,0.3597673298699254,19,0.8771099931382677,0.0012496199883364604,19,1.1069613678311796,0.011586433761629465,19,0.9483789100007616,0.0008327832156184883,19,0.922852163049531,0.0009246390500994454,19,3.726315789473774,0.013420765964144208,19,19.444210526316258,0.05480427694925043,19,47.71578947368537,0.17237929076035374,19,1.3450483082864886,0.006956073614012776,19,1.556994595484799,0.008656397131715099,19,1.0053673914040444,0.0020457365696968056,19,2.2520136006527793,0.011055619407517273,19,0.9812573431708005,0.002578042868327352,19,1.0782586490961037,0.0032059443762328657,19,9.355636142178286,0.7012648339133527,19,trial15,18.51,40.0,60.0,40.0,12.0,3.0,0.3682746535422606,0.6125895166340473,trial15
r2d2c,r2d2c8,0.026431323014204304,0.00033270254783301304,20,324.8016073316787,44.47860040914291,20,1394.9470814012,12.501628916969082,20,2068.038766309369,107.63425092562093,20,1.482141414957255,0.06746911381435103,20,1394.9470814012,12.501628916969082,20,2068.038766309369,107.63425092562093,20,281.3666605141961,1.8120734231313311,20,228.13075315168498,0.8020511526920313,20,55.97010182863433,0.14809728047579132,20,37.88604391798819,0.09772564991917719,20,259.30196291655,1.085690119179888,20,16.189940973514567,0.07107618775521528,20,171.89431928950594,0.5157771725855486,20,110.51894533111754,0.31901108484874435,20,112.27882783186377,0.3279329973283367,20,44.824464458643725,0.46326458808954246,20,5.286740693515247,0.028667726928226552,20,294.51475862,4.134208405914025,20,2.3850000000000002,0.0028536218906396317,20,27.454414825493927,1.7789224169276228,20,53.72571220069801,3.904316080668381,20,436.91984331410487,44.208037363390766,20,244.20312491339655,3.308222072462791,20,89.58621110722913,0.47086932200396764,20,69.32061028461581,0.31850719585001097,20,290.0499281988563,14.898178168674445,20,40.393374990159415,0.39224560899603184,20,193.52535160149517,1.2669528765461855,20,135.96622764048075,0.7990343206569883,20,117.86123321576096,0.6228807766110592,20,40.29928152153985,1.6764127775276219,20,1089.013615780374,147.72285673003705,20,0.8337983986884494,0.10760501409007943,20,1.4054495887717786,2.0643012470298183,20,328.28223151760426,1.5943054298245596,20,688.9858671495533,67.65489011216661,20,2.098849546925858,0.20711348456824732,20,321.4703443657024,1.0262722463343632,20,337.06545803090006,2.9116146266053846,20,1.0485001311543058,0.006702026047270886,20,409.4997670236961,1.668360964339581,20,460.87250097823954,9.490916709453467,20,1.1253965120427154,0.019529387786201797,20,96.30135178902154,0.29897134673808407,20,104.03707153411885,0.34512564620885977,20,1.0803303695804138,0.0025273428375337486,20,323.8617663549213,2.2623791255738297,20,443.82285895372604,28.231173388428346,20,1.370227543966574,0.08320652726048895,20,185.85634310280687,0.5340104077092098,20,193.59897554891973,0.8674636835540539,20,1.0416578204176792,0.0031178079001065303,20,1.5521182752575935,0.14836066546111346,20,1.070425403666691,0.011601942103508,20,1.0497159333075523,0.003780525346477224,20,3.9830000000000965,0.05439620729813064,20,29.28800000000071,0.2696898803792078,20,28.49700000000069,0.2917298678392005,20,1.6006088513473606,0.007394057822411242,20,1.8297106316041165,0.006081495036723912,20,1.1184188878898151,0.05368975689315885,20,2.495061568487794,0.03102934285179101,20,1.125836269694504,0.006011457226059502,20,1.23025498535263,0.006759671627715581,20,9.027114854035904,1.2803609777271632,20,trial17,19.98,40.0,110.0,80.0,12.0,5.5,0.692768366956152,0.8324494853710995,trial17
r2d2c,r2d2c9,0.02182276354528513,0.00012461263829765732,19,363.77304869317794,2.2786963907726627,19,1409.3624230176226,10.338032112036277,19,1904.5037093889596,15.647455890093136,19,1.35139996903308,0.015611868236581903,19,1409.3624230176226,10.338032112036277,19,1904.5037093889596,15.647455890093136,19,283.6731388448904,1.4232665017437194,19,229.2964021305209,0.6251575968236293,19,56.10205455703667,0.0908173700079383,19,37.911417322390754,0.08355641201003663,19,261.7357253182188,0.7360172065836269,19,16.196731849615855,0.053820351700479205,19,172.3580344173955,0.3074736181320599,19,110.81510074363128,0.1875709750091395,19,112.57956216058756,0.2016990536831153,19,44.45106734330454,0.4594632023432413,19,5.311016525959895,0.020840215475726894,19,303.4341088631579,5.443060388682073,19,2.3768000000000002,0.004462186808181801,19,17.96111951339419,0.23318279546970222,19,31.026134723834318,0.770404270589035,19,418.102538532778,12.799756227871399,19,241.4447799613849,0.5234549035578742,19,87.31625458732496,0.5628672233026633,19,69.43305611008034,0.6115963923291109,19,280.91941455213725,2.3693970497901784,19,36.68968732165316,0.2229611646040902,19,191.09577559899685,0.6608614073565906,19,129.65775607171523,0.5115423890192032,19,115.3652260648965,0.16684745406508886,19,48.05584118669487,1.8825476209391416,19,2787.9184992415308,176.26845008695403,19,0.004399698195844323,0.00981962293634193,19,-2.8699489498690682,0.35385048217240456,19,330.44604744168237,1.909232206725607,19,652.5499849703285,12.583600758345337,19,1.9747152969900348,0.034015983437111624,19,322.4236983755902,0.6609089214898639,19,326.79372092804334,0.8604538954504908,19,1.0135577964479687,0.0034119063492901607,19,411.7702070888986,1.471169989279706,19,457.8006679077772,1.7073091389813475,19,1.1118011561115617,0.005923029168650489,19,96.48747619971061,0.2012176753780075,19,105.80203193772581,0.2092120647853991,19,1.0965383153453843,0.0019630468199837194,19,328.500306410055,3.0010101536367473,19,461.24954611013095,5.583359481679093,19,1.4042383783080201,0.022630054214348685,19,186.33517369800813,0.3213360495270917,19,186.82941653442126,0.26312541801680844,19,1.002653715901618,0.0013054989195802158,19,1.4740783385057086,0.05053064410176159,19,1.0529880594869703,0.003522010874014415,19,1.024745450790477,0.0014338737851986947,19,4.032631578947466,0.015217718205054727,19,24.321052631579533,0.08497677701336631,19,23.636842105263728,0.08465962120154102,19,1.5563890649243008,0.010761892248888903,19,1.8314822407680291,0.018663476825045235,19,1.0733101176204387,0.010429685603304789,19,2.265302692409026,0.019274838145908947,19,1.1087150010911513,0.0036057550086077868,19,1.1700373225516107,0.004294728423868804,19,-0.02279836666010212,0.6441496393904506,19,trial10,17.91,25.0,60.0,80.0,12.0,3.0,0.5012080514123098,0.8042901083278674,trial10
seed,6lhxfy,0.04963036494295547,0.0005814155254349335,23,374.64924204563005,15.77849306271957,23,1347.2668361579267,71.68081260885639,23,1001.7104059195153,41.72927065527898,23,0.7439478979664554,0.009103997274077685,23,1347.2668361579267,71.68081260885639,23,1001.7104059195153,41.72927065527898,23,277.5883025434997,8.57458000106907,23,225.68382369941727,4.856462386306348,23,56.58279731954329,0.40188497226365705,23,38.23344270024133,0.19683631335207544,23,256.37406490397217,6.947577137456702,23,16.33708973090458,0.10493029628455802,23,171.3519784455524,2.3383484002111845,23,110.9671180067061,0.8924031057054056,23,112.54799320169404,1.2130797816117684,23,47.72549936799644,2.030697279796533,23,5.389603754746608,0.07094312457474954,23,286.9789412251739,8.920376534124,23,2.4147478260869564,0.030468655571455987,23,34.81959342920825,3.018247719805563,23,78.89008338709152,5.07272282581408,23,252.86202714413753,5.422967692687594,23,200.97277922280355,3.216647560625824,23,64.34901365377813,0.9725882399667534,23,51.13060701058069,0.8246578973161337,23,229.8775451283593,4.76779063839214,23,30.85205539745692,0.4269723508508663,23,154.42112722419932,1.7154467828901139,23,102.54114583199161,0.8323636083085433,23,99.87978222999516,0.7142939962144784,23,54.91884439590858,0.8433336990020633,23,258.83874528102206,6.351880446486869,23,0.8869611224794705,0.03695129291028984,23,-9.275314885611483,0.5033464193415477,23,317.3463227509873,8.856792240430103,23,385.5108108918511,24.203447963611016,23,1.2147189749096021,0.06638321495059286,23,319.77979633667536,5.005331063701688,23,274.6701398960819,3.179831437110695,23,0.8589879709019581,0.00364933758176489,23,405.84867128770674,12.338421648747254,23,349.34606647259477,8.333617126620194,23,0.8609406884213869,0.005685745612893543,23,97.60777386563358,0.7933028123223286,23,84.0712509573386,0.329353742072191,23,0.861358681021796,0.006115316142031616,23,309.89471020092833,14.45392405798648,23,276.76963524353306,8.728788633894634,23,0.8936961425950388,0.013429273695844979,23,186.70896188724097,1.7796438408133888,23,159.69271008777494,0.9368853792038556,23,0.8553340906983319,0.0038463424360383855,23,0.9111816263730901,0.009350772211798333,23,0.8906062287652482,0.00493424566556456,23,0.8874761444289426,0.0036112471600046638,23,3.448695652173996,0.026850486338254924,23,79.63652173913236,0.4106603185519735,23,54.54434782608828,0.09164288828016957,23,1.137213836904412,0.011586522935030654,23,1.3372841176338526,0.017227410206113826,23,0.8967950150448071,0.0056967128917681355,23,1.8884399105102274,0.02063247063094832,23,0.901222987954147,0.002553429266318024,23,0.9240699498587566,0.0022828392415332665,23,9.512846275538616,0.6545114032192749,23,6lhxfy,18.5,33.7842,80.0836,77.408,10.8717,3.0003,0.5118104558928994,0.7515981425516903,6lhxfy
seed,6nheas,0.03994184901347773,0.0002751050965529518,24,319.3391898314132,2.653506697339937,24,1402.1818570309972,11.189611340024284,24,1438.8459734595228,13.092919799409797,24,1.0261738194613401,0.008662326482840876,24,1402.1818570309972,11.189611340024284,24,1438.8459734595228,13.092919799409797,24,286.1585936072079,2.0043569584955985,24,229.41297549034473,0.7653468837270544,24,56.239100006424756,0.09695066403843447,24,38.16909621645244,0.10180293010097187,24,262.82752678475725,1.2494166505439144,24,16.22737540405852,0.0728222765923045,24,172.79020767158497,0.36146415983738295,24,111.1520274456767,0.21623505083736702,24,112.80392012263148,0.21945357813935082,24,45.87718675601854,0.8193826667630556,24,5.3052112170739525,0.02323942822106357,24,290.33489632916667,3.3370057396127932,24,2.3845,0.006807923772116762,24,31.547400128759055,1.0965179113647223,24,51.154783796376186,1.1141096315048076,24,283.21256044560215,1.9198338240703638,24,228.19647253929375,0.9039003343056682,24,95.67568480934248,0.44134935947903925,24,76.1381127147976,0.5145678875166689,24,266.4699919067568,1.2555049628131971,24,38.28713042334681,0.23416312977536774,24,172.71190479024906,0.5334604376923503,24,136.94480976475492,0.3427549443444591,24,109.34150435005989,0.23395764134000857,24,49.487834785030564,0.8621785555391583,24,287.01779098923134,1.8077314915024445,24,0.9327695107937387,0.014380469827913456,24,1.734790641377258,0.28926982514300387,24,339.34329034729996,2.557725502793481,24,329.3335854877929,2.0896374448242088,24,0.9705153921598394,0.0031688307859350654,24,323.19656714430033,0.7636112611318872,24,306.9649049449119,0.8398545958404472,24,0.9497800967954436,0.0025253215263660645,24,410.32040162952467,1.764778881058345,24,400.76371334530194,1.3937220112170365,24,0.9767185196517311,0.003583716135362447,24,96.8776726893276,0.20212218445309293,24,104.10378106650272,0.33265632315155574,24,1.0745895044767326,0.0023633472205769183,24,318.9519339194295,2.920155440608347,24,312.23819400696203,2.388321537600424,24,0.9789698277489705,0.0038672605709694553,24,186.7712166610804,0.34945035698608723,24,179.10825189020466,0.46581498128312604,24,0.9589720876038569,0.0021010810861679975,24,0.9897145627816554,0.004108347563885756,24,0.9947009920312936,0.003477171915792647,24,0.9693062784783931,0.0012368089163663,24,3.4975000000000844,0.03697825447946272,24,44.028333333334395,0.3030234123063797,24,43.21500000000105,0.2713733189922561,24,1.7012299553603167,0.007090406625887824,24,1.9947567642333635,0.012157231090107369,24,1.0138654925148771,0.003712454494812172,24,2.3594331153767083,0.013414644230305358,24,0.9995481262953406,0.00280146801648124,24,1.2320505349135527,0.002487987859858956,24,20.35233492666002,0.9820563357738065,24,6nheas,21.73,36.3001,63.2297,52.994,6.4571,4.055,0.4312019049536192,0.8151722513481122,6nheas
seed,9hhbkp,0.02146312873736835,0.0006310111576706569,24,341.3394767852392,24.501980923771804,24,1473.2065703619382,34.18965055690726,24,1673.9536959968652,37.828108829689874,24,1.1362916151850009,0.004457229178806292,24,1473.2065703619382,34.18965055690726,24,1673.9536959968652,37.828108829689874,24,296.55520613772126,6.063327486505538,24,234.01618487569885,2.5442788995411783,24,57.47548024988557,0.19796821487926067,24,38.84266653625617,0.10864929414445773,24,270.804475239394,4.479250545787876,24,16.563966413433693,0.034789534185094846,24,174.02042246019354,1.145952132499804,24,112.2307333389865,0.37291429866354414,24,114.46402603074252,0.5225152617398391,24,42.391134672419284,1.0161270461512173,24,5.487336758743507,0.039371989652228795,24,301.04993228625,5.954327209744807,24,2.3470333333333335,0.017372408575386026,24,25.688429085734665,1.2190139887041365,24,56.477233211791145,3.2269745483869494,24,312.1005853764596,5.835257140905973,24,238.87886905946792,2.5620385321685455,24,87.7368878359408,0.67931101602464,24,64.99805650268362,0.47058032773626757,24,280.1668751521648,4.7115281362516415,24,37.33482900449311,0.4327594410569373,24,191.7898870872367,1.5824768524644042,24,133.00821179717173,1.1286424581269476,24,117.55573343781644,0.521809668163735,24,71.42624694682819,1.6353016211594926,24,334.747680642742,7.202240203824132,24,0.8022191970449963,0.19652614909290014,24,2.385276506446152,0.777030802263958,24,343.96995382394704,12.454979815902412,24,371.9878968627249,7.95398271214585,24,1.0834868885110216,0.06133439506682787,24,326.75378529529667,2.48535237025896,24,329.9016363324613,2.46366020765645,24,1.0096352958378692,0.001087055706835645,24,425.319787343575,5.677812837289533,24,433.132024101077,6.032365377491753,24,1.018360657330484,0.0012230273616566777,24,99.01519831140007,0.39941335656520666,24,103.12722625806286,0.37619950404882313,24,1.0415329877075326,0.002199713017007993,24,347.6852118874245,5.885738098050643,24,366.4494710535608,5.514502505091991,24,1.0540375412549159,0.0088557795100631,24,189.38845580904058,0.74781754112873,24,193.5101401417951,0.725036172175095,24,1.0217650828262086,0.0016050426874415252,24,1.0524890671357665,0.008359094874401122,24,1.0207813750099481,0.0010004306478357883,24,1.0270116464470775,0.0013091986497069772,24,3.480000000000084,0.016681153124566507,24,25.067500000000607,0.6097700920981667,24,24.01666666666725,0.6205093746737371,24,1.5265035220826206,0.009637607689560441,24,1.673357311266768,0.009487602037084108,24,1.0345681783055527,0.000829162591121725,24,2.254006473300626,0.02812911922798234,24,1.1021002497622623,0.0022389043992378033,24,1.1851222244396762,0.007930952738805945,24,9.349027505386811,3.028479217261022,24,9hhbkp,21.62,32.1266,89.6262,59.7792,7.8831,5.3902,0.7651974925314707,0.8315948648226167,9hhbkp
seed,ajhby6,0.01935846107794803,0.0010158434641975309,24,361.76908064263165,8.703600537449342,24,1439.8542964852834,46.61013491885156,24,1566.7502133154928,51.434985205341256,24,1.0881814409795967,0.012002009191243232,24,1439.8542964852834,46.61013491885156,24,1566.7502133154928,51.434985205341256,24,285.3020109430471,6.090964425215139,24,231.14862008251382,3.115365041485835,24,56.789267422017026,0.2772566770162358,24,38.68416995181991,0.13932381415972842,24,263.58826532101756,4.717133305742179,24,16.80052751117271,0.10452430334929182,24,173.75518936529735,1.408409299056939,24,111.38019343490448,0.6633965197331176,24,113.39524699757796,0.8373447816250759,24,43.31537688826004,0.842429441055786,24,5.259021675977009,0.0641471768123155,24,295.9168382666667,6.161215271750119,24,2.3744333333333336,0.019031842120319022,24,28.356229572425647,1.2028616530607434,24,61.10018323178385,3.8735703459198887,24,300.2061512489776,11.108477082291126,24,234.3305850437358,3.1438361884947157,24,87.12860840181754,1.0417663514042408,24,63.56427056171182,0.91491891393995,24,270.2172122179386,4.223068380083745,24,37.777844056383366,0.53651750001533,24,185.16229839412026,1.808997408910394,24,129.49714793096868,1.2662789404924386,24,116.88474701234406,0.8188775325556842,24,74.78672320204869,1.621024635410707,24,324.930077555953,15.970004117462434,24,0.1795862476164144,0.27368495493460443,24,4.826457661994377,0.7859537878163523,24,334.4444601462745,2.9224608896038746,24,386.42337284648903,41.235139412623276,24,1.1558265020896257,0.12717831827896722,24,325.1286790333674,3.1796066582588596,24,328.3309819230483,2.917555784075269,24,1.0098643000607745,0.0038087199154253426,24,417.0467107690628,7.747890675785044,24,421.2822311217306,7.96512367238183,24,1.0101619205403056,0.004994523031977893,24,96.94575544411101,0.6658311526444853,24,100.23478964119148,0.6969678568256349,24,1.033934945628644,0.004413452292021663,24,328.7013906440972,11.013009832607237,24,331.1031184054768,12.60701074577043,24,1.0072027152153384,0.010474810817293356,24,187.59405415559533,1.2605424240159606,24,193.1611749154229,1.2704437860528748,24,1.0296801004440794,0.0024299713806370635,24,1.0520589718445656,0.0242372631299505,24,1.0137744106795645,0.00401011098617727,24,1.0307772825004031,0.0019033528729899335,24,3.2133333333334106,0.019261736493723616,24,21.761666666667193,0.8709997587314161,24,20.750833333333834,0.861161584931861,24,1.5342223050339125,0.014424876302846373,24,1.6431346364866617,0.020913363843482656,24,1.0251949631074004,0.004552912196617649,24,2.2485862045043477,0.026703764294623435,24,1.0656496075048463,0.005591369850671877,24,1.1626396212440893,0.005865717971136272,24,2.3036923764404205,2.6458540743753667,24,ajhby6,20.53,30.1066,74.8199,44.4573,8.5803,4.9377,0.4824977211382616,0.8541811680487453,ajhby6
seed,amdjwm,0.023273053660470142,0.000697406244956493,24,446.5169706218203,12.391200236699547,24,1131.4811866397051,78.60738357900986,24,1110.958930554327,71.75185273937512,24,0.9821897479841063,0.008562282639311523,24,1131.4811866397051,78.60738357900986,24,1110.958930554327,71.75185273937512,24,239.71294403535333,9.364616189246151,24,207.12571288370714,6.128161197877974,24,55.78933670004784,0.199888848900205,24,37.76553277819162,0.12097796220185447,24,225.48229434954388,8.173536039291026,24,16.245995858996753,0.08386163069500674,24,165.3154381620199,3.1516805393593454,24,108.80676461009777,0.6648015513885125,24,108.95803753327063,1.2332194745072556,24,58.31456680086143,5.321362505327875,24,5.288052067606955,0.03349511729376155,24,248.65736792916667,10.355955466276452,24,2.5912333333333333,0.05744349712821126,24,16.015266946321017,0.41422848069867974,24,27.08087850211355,1.4321832152280298,24,240.23053957345118,9.06472497800114,24,203.27974717445133,5.392730154120832,24,69.19761553142379,0.7712113707436004,24,50.70268645481884,0.5264586349853783,24,223.2646044892421,6.599525200827541,24,28.58659717000467,0.4308204500605658,24,165.14000540192885,2.946171858683693,24,110.86626886299454,1.2429639165184838,24,107.06443821721037,1.005222716392926,24,65.27049034543049,3.910014179601705,24,262.7457749037455,7.465110688049867,24,0.7905326083908834,0.035177662866205446,24,-12.711369852140919,0.858146614751238,24,291.98986205728164,18.95399799553747,24,302.4401091703383,11.438574349084353,24,1.0377098755038976,0.03387119539710292,24,303.38758271988223,6.32576183544863,24,291.7915527396713,5.132732271076757,24,0.9618415792012552,0.003617873642659834,24,364.79464025410243,15.797847912352928,24,348.78199032849824,14.164084439484888,24,0.9562083959317577,0.0031030228121955872,24,95.72155296731164,0.4330450695878081,24,93.07463520033673,0.38854211587986376,24,0.9723539792559167,0.0031338774561194384,24,267.86435838665136,13.143906082216434,24,250.07652649558156,13.175259983406612,24,0.9335536288360765,0.015426656626386185,24,181.7103107017357,1.5634381043271015,24,174.0790484104707,1.201043435381573,24,0.9580189186116694,0.0027283119572961054,24,1.0022200754972261,0.005494111104630687,24,0.9815163224509741,0.0034355535137039653,24,0.9826431289966916,0.002717309309554075,24,3.4458333333334163,0.045100531826294574,24,49.55916666666786,28.2979725678239,24,25.099166666667273,0.7681141030877816,24,1.2403109563044048,0.010081367771962148,24,1.3425403643442861,0.01029486596222777,24,0.9903923849514801,0.007011882340344058,24,1.7595416788857239,0.01923688704061457,24,0.9989652018605716,0.003216860342275087,24,1.0189018573124216,0.00594560467741243,24,9.495938908861714,0.8156114121623258,24,,,,,,,,,,amdjwm
seed,autv5r,0.026576051865771902,0.0003897961687947071,24,400.0475778133573,38.3297168264958,24,1327.3102743764498,89.9474440728515,24,1506.7814763223957,110.02237148053882,24,1.1348811606978055,0.010009188006227776,24,1327.3102743764498,89.9474440728515,24,1506.7814763223957,110.02237148053882,24,273.23527041892027,10.17626621728293,24,223.92485142306703,5.888932686777414,24,56.02960428922133,0.3125889876063777,24,38.017020430565715,0.09627384195856746,24,253.30633558163365,8.497999002596304,24,16.414618794052316,0.045570653932948846,24,170.66349341522815,2.5216304347237983,24,109.87046713325459,0.8147398649768185,24,111.59267886346483,1.2553074732628458,24,46.54098165211558,3.9770780650293633,24,5.329970603130072,0.05986199273641819,24,305.23065442320836,15.793100979110452,24,2.4198,0.043579811839888044,24,36.63047138711077,0.3014199936463976,24,68.78870672650781,1.2413455097288593,24,297.97333928098743,14.256802011821978,24,233.80506049262235,6.568925775870245,24,77.92288852843333,1.8981277483783774,24,59.40483186633319,1.3926358232023568,24,272.15899774919814,10.546933124981152,24,41.41590627778819,0.5867518857823942,24,177.11232876563827,3.356651359271482,24,119.05826392256182,2.808103289894954,24,110.28688634123843,1.2171462411671052,24,52.409958685495525,2.4934094366498853,24,343.94218130537735,23.07712175610491,24,0.7598040981720122,0.11252520833963553,24,4.017997533566709,1.0644307708130356,24,325.9572889907628,9.428444681156499,24,385.1103720143567,5.212220320523403,24,1.1822216177613676,0.03080191101562318,24,318.0098134023253,5.664227074281216,24,312.9868413044195,5.69167709443586,24,0.9842013971231732,0.0023810641450441516,24,403.5096340034492,15.765337626557312,24,406.9740795419312,16.360106539949744,24,1.0085478099630285,0.0027702526470449293,24,96.61044666440246,0.6072580969154232,24,95.32671859081267,0.4956246187168941,24,0.9867207414053204,0.0022927962135416303,24,302.67049205290175,19.370547468830985,24,307.46124925429694,21.55979934590819,24,1.0154996915040961,0.010883762429206812,24,184.9456187969652,1.672882375108785,24,176.3801520041061,1.4438961157898969,24,0.9536951614474355,0.001935364596320971,24,1.0906390462823967,0.03684259365657584,24,1.0440801333087728,0.00333047004802097,24,0.988302172885466,0.00168331974387144,24,3.2891666666667465,0.013160106602802073,24,29.890000000000725,0.1586902917498516,24,28.884166666667365,0.15780881847478279,24,1.3906206887306565,0.026844409224354833,24,1.5625375439990634,0.03416288973202657,24,1.074265687297227,0.008101382143103018,24,2.523146689222003,0.03763500882266509,24,1.037730856814784,0.0052682147022412125,24,1.0835084792075615,0.017956473227480313,24,6.717568623487506,2.2746398686706772,24,autv5r,22.04,38.9665,99.995,47.6915,7.0737,3.9241,0.6598318193002279,0.7976288517623484,autv5r
seed,bag26v,0.02401528167385075,0.00015227116706063786,24,341.1679524029294,30.746600826045956,24,1091.1928614644733,16.799312074819188,24,1375.816837899227,32.1684719992901,24,1.2607459949908089,0.015354953221637421,24,1091.1928614644733,16.799312074819188,24,1375.816837899227,32.1684719992901,24,228.11471052838354,3.2604845842378096,24,202.54099121890906,1.6494697752632996,24,52.71254863990018,0.11785579724634553,24,35.91120612364238,0.0793214295567579,24,218.4621513301307,2.4210756916833533,24,15.626517849757157,0.04395923990492557,24,162.60551258461695,0.6998992351298134,24,103.94679301818461,0.3190760208862498,24,104.62811267935842,0.38275238758168295,24,51.797351724806894,1.7277440488421913,24,4.978828402785045,0.017516858057762406,24,286.25106167333337,8.180380096822168,24,2.560033333333333,0.017654428356072782,24,25.56116380429965,0.29906080370527144,24,40.01133202161332,0.635688229691961,24,287.8885146807525,3.0094656404378863,24,216.48352154304328,1.7798427655959872,24,77.30371043189318,0.4163621150399016,24,57.06682316751946,0.3610640805700732,24,248.38750461573184,2.668536009177302,24,37.41419365219425,0.1973049044890086,24,178.55015444702588,0.8735290823540165,24,126.15725954523509,0.6702757959438927,24,105.04583005119332,0.29894565998532585,24,74.61683020054646,1.8829038976003978,24,412.48168084874436,7.953773383168116,24,0.528628754984663,0.026554333047273795,24,0.5932654189682606,0.2715952018060989,24,289.2135712149141,5.7037254989378345,24,466.42939684894674,9.866561704430236,24,1.612762063281559,0.013566515241938925,24,296.8132854044072,1.5284473032909833,24,300.3176174743064,1.2641630845412186,24,1.0118132808085047,0.0022712128976359303,24,363.2867148055245,4.8235559075189505,24,385.111999424827,4.852118287706974,24,1.0600887280984939,0.0023015184232995753,24,90.61831567549348,0.2870511160766398,24,89.18883248103494,0.17043560624711557,24,0.9842325237792852,0.002965348628505494,24,276.3668597303482,5.785586539095722,24,325.6478971716628,6.1626933803782205,24,1.1783675596855632,0.003944554450171079,24,173.80128752141442,0.58925889580869,24,170.82282055729237,0.39068511171072995,24,0.9828679973634723,0.0021404830854542703,24,1.2621358429856702,0.010753636420256386,24,1.068840988521833,0.0027470666301341426,24,1.0039966870598973,0.0019028486351881644,24,3.73250000000009,0.02558022333927077,24,25.216666666667276,0.11656931756299403,24,24.385000000000588,0.16495058548600539,24,1.4665163136888006,0.007592734767063473,24,1.5891156618592068,0.0105315038391459,24,1.1369955226300148,0.004672406795305429,24,2.3942862195364385,0.012909795323015524,24,1.098061306428234,0.0039698175773610215,24,1.213677511786025,0.006555216405837634,24,7.939705258775703,0.5119822082656386,24,bag26v,21.42,29.0207,100.8663,63.7624,6.199,3.1969,0.9491557462897928,0.6817532527219047,bag26v
seed,bpx68c,0.02001905095968885,0.0003068838986619598,24,420.98109375423957,18.903478871427673,24,1149.1348733695202,34.63610625934954,24,1210.5628274856663,40.78449076170973,24,1.053352887865653,0.004790588069415156,24,1149.1348733695202,34.63610625934954,24,1210.5628274856663,40.78449076170973,24,242.6328336851603,3.1577666594082663,24,209.285000857298,2.473233902336437,24,56.02424115069459,0.14464961370155086,24,37.943854705335205,0.052759564611685565,24,228.95208016101745,3.0434187613065045,24,16.381306761050347,0.045517907381631986,24,165.56096066077302,1.3694817019707297,24,109.30489258053962,0.3400762096487917,24,109.45597680113617,0.625779732434836,24,55.668167167540155,1.7579947407737941,24,5.318127311768067,0.03167634173096914,24,252.99221333333332,5.880116986260531,24,2.5615,0.01948528988080834,24,25.361169267318093,0.938139463642344,24,44.31551787278045,1.529308238672524,24,259.36643427292273,3.3081313698881223,24,212.08835152677725,2.781869081125628,24,72.99112111721547,0.3988405319560442,24,60.87136460670438,0.30576702488836693,24,235.8111258535894,4.175026610231848,24,37.35338852855174,0.3942280225523213,24,169.55931484014135,1.8353645186935292,24,114.61400507891892,0.8676353177811634,24,108.54986745116862,0.6810737756012358,24,61.672144046426716,1.8380815910071207,24,288.3489862918209,4.217123016639684,24,0.33828878574116344,0.036872541947531416,24,5.311799426483042,0.7822208108543157,24,289.2420220189809,8.104079193363237,24,307.8440961789244,7.466292657410142,24,1.0647686083818113,0.02852778897778738,24,304.7499081840982,2.6384485911240394,24,297.2078043789785,2.903149315453794,24,0.9752429792287937,0.001444461250104833,24,372.15453368829725,6.8534357994043384,24,366.96803916908766,7.065812327545737,24,0.9860500161458502,0.001506934833180533,24,96.24499878613148,0.3119488317409742,24,97.47813271642413,0.3494260214172095,24,1.0128132673068273,0.0020344267680174823,24,279.1344796783518,9.880501888407201,24,277.71635945103566,10.305374063902185,24,0.9948695244608854,0.003844354502892447,24,182.56790729691227,0.8128494500697759,24,177.6280090826258,0.8833170031826217,24,0.9729411000348626,0.001599323096985092,24,1.0689760551372836,0.0035999465373974496,24,1.0133804048587967,0.0015489273059882418,24,0.9917195971003974,0.0014904811550723988,24,3.412500000000082,0.03858925284043054,24,22.83416666666722,0.25045899892982737,24,21.710833333333856,0.21940466220457613,24,1.3028436755846318,0.005012582512720189,24,1.6042470412155125,0.007461125672803929,24,1.0299018182965345,0.004725682611817011,24,2.2802336685982847,0.022018970553373894,24,1.0241302689558982,0.0028447310750769946,24,1.048560093700009,0.005212208388528069,24,4.586631045911144,0.4133052411461194,24,bpx68c,20.23,25.0,70.0,60.0,6.0,3.0,0.7497310393140127,0.7677911098681615,bpx68c
seed,nvxsrv,0.026801780623095326,0.0014316247525970813,24,288.62723069056113,34.36106256447587,24,1397.9479042646765,22.38485992737205,24,1779.4345841591246,29.300572952912063,24,1.272963605706777,0.014720502256829547,24,1397.9479042646765,22.38485992737205,24,1779.4345841591246,29.300572952912063,24,286.99723254592317,3.2098138873240476,24,229.48301683299732,1.5698005784344229,24,56.438870399308676,0.17435405687927866,24,38.19575004640253,0.10460469231227534,24,263.58442289258994,2.3942538002741207,24,16.32325961236332,0.047787491429095066,24,172.51063059990346,0.7326302838296701,24,110.96411077607223,0.3437754387833239,24,112.8750785648203,0.4200938865642762,24,43.562846300095316,0.6010174350270386,24,5.365796921025797,0.027599071470933146,24,291.4314403916667,3.7349049594312924,24,2.376866666666667,0.010496983693741045,24,20.602104621892565,2.1859201581482814,24,34.20504294061575,3.8359414970716634,24,353.1956326844533,3.3466125634032693,24,236.34060058498798,1.7871405203528747,24,77.34670428665929,0.5663166146249168,24,61.71949652480287,0.3061972737024795,24,270.8657967954426,2.243807870069223,24,35.006285901280144,0.7607778017053031,24,182.3829860540776,0.8550362926345993,24,122.11176885903035,0.5032798247648134,24,113.90458978682108,0.42816190582530483,24,40.27824707668881,0.6331620430474739,24,623.4531804182201,9.871985654587617,24,0.8933417420745003,0.06769184208256483,24,-4.313156713584828,2.1309212920357132,24,340.7402358977691,3.099099454146083,24,663.6714054631524,7.951813772062624,24,1.9479738309074157,0.03473580810932734,24,322.7694061438118,1.6041519160723874,24,327.2606948882186,1.7272620666169687,24,1.0139221413272184,0.004319093848232454,24,411.79657611554694,3.871009097516796,24,436.33714629547177,4.309143585774837,24,1.0596016556037173,0.0052115898102014545,24,97.3118920217351,0.33347037299430365,24,101.4990173470253,0.390215955981151,24,1.0430310726738186,0.00320526730226603,24,322.84513597221644,5.903544537195832,24,357.53085230233074,3.2180084202855928,24,1.1077173244155236,0.01834599733828797,24,186.8416617678799,0.6294652326512389,24,186.95092373435526,0.5857707498766176,24,1.0005868261237865,0.0016588810691483538,24,1.230802527873605,0.017790083078267037,24,1.0298883961933758,0.004802599892950626,24,1.009122523863663,0.0019819117363463986,24,3.873333333333427,0.014039282363260954,24,27.888333333334007,0.4652784735736498,24,29.32750000000071,1.5301015879886306,24,1.3704523995275786,0.009323889437735891,24,1.615869921967186,0.005740031305728687,24,1.0276416139058446,0.004704310512071154,24,2.144611989526834,0.04838196050293086,24,1.0572348889058358,0.004545830656836609,24,1.1004600333568033,0.002187636182340286,24,33.14396501135706,3.7230946243633842,24,nvxsrv,20.66,27.6114,104.1304,70.4432,9.2816,4.4922,0.800516085649931,0.7669506566107824,nvxsrv
