R_mm,H_mm,twist_deg,strut_d_mm,cable_d_mm,F_peak_N,SEA_J_per_g,eta,feasible,pareto
37.7587820077315,106.56830024905503,54.508703611791134,8.187300961464643,3.3498636675067246,737.6053164305797,0.000333173938548058,0.966631782109346,1,0
25.501292808912694,74.25556703470647,65.12327421456575,10.471983790397644,4.811533945146948,738.4038868073936,0.0005087018677549338,0.9563819669639392,1,0
31.16182927042246,92.55501165986061,46.833085268735886,6.515905469655991,5.457536712754518,737.1269036517242,0.00012724652661040556,0.9806377357090204,1,0
35.78689333982766,60.046966690570116,73.69729064404964,11.756631921976805,3.956646262202412,736.7383602371891,0.0019770569841261383,0.9530214161415886,1,0
34.11029818467796,87.72439019754529,60.65514259040356,10.60051853209734,3.678102243691683,738.0482377675971,0.0007070078073844278,0.950744340671569,1,0
29.352952148765326,68.4731325507164,58.77171769738197,6.933767784386873,5.179078301414847,736.8350382451349,0.00035892225855150835,0.9823828730379157,1,0
27.573784696869552,98.51502030156553,78.0183370783925,9.353928107768297,4.53341855853796,738.1751757576018,0.00033627523820506285,0.9574032600110995,1,0
39.6989917056635,79.4590758997947,42.38512512296438,8.543610848486423,3.07166207768023,736.8667990324135,0.0007055088551675522,0.9727939945977612,1,0
38.28642936423421,96.13397660665214,75.22903189063072,7.337269920855761,4.602785000577569,737.2304571903825,0.0002557170285237772,0.9751894937669369,1,0
28.043353399261832,66.16648406721652,44.59337554872036,11.122590221464634,3.609864853322506,737.6925580516588,0.001017859602539929,0.9568940273553622,1,0
29.82477438170463,107.21758207306266,63.45177199691534,8.680545754730701,4.2142042722553015,737.9410301352613,0.0002861075835632341,0.961068932288708,1,0
32.69914537202567,77.05477628856897,56.565908677875996,9.416050303727388,5.246344555169344,737.8201307290213,0.00048541906238871335,0.9641568848699664,1,0
34.376190579496324,102.69823897629976,49.00227326899767,9.751857966184616,4.899545250926167,738.6372803001923,0.0003857538492410285,0.9512587344819932,1,0
31.633200556971133,84.22972237691283,70.86892303079367,7.583003472536802,3.8673193608410656,737.1166971616892,0.00031398173003591476,0.9766493462382257,1,0
25.97131268121302,88.58728901483119,52.34195701777935,11.514079492539167,3.2633235626854002,737.7361743265576,0.0007290413284411505,0.9417530349386559,1,0
36.34576939046383,70.3140841703862,67.95896604657173,6.207517862319946,4.25632991315797,736.4802232529892,0.0005144791702796071,0.9856725659165175,1,0
36.860307031311095,90.56285940110683,43.40534910559654,9.065284665673971,4.040077623911202,737.8142979158351,0.00047805402066589836,0.9637099503671329,1,0
26.603015302680433,71.50538856163621,76.53909049928188,8.281471565365791,5.35176847781986,737.5201476293108,0.00030871713425129825,0.9738219597533391,1,0
32.20633175224066,101.54956345446408,55.416903756558895,10.724961385130882,4.747614764608443,738.5368232130064,0.0005324264686545151,0.9415327840714699,1,0
35.06648709066212,82.29678086005151,64.8010103777051,6.985104706138372,3.397019083611667,736.7244985663099,0.0003845392982703922,0.9810883429783935,1,0
33.008576137945056,109.9814537819475,72.05154199153185,6.652205877006054,3.1185033819638193,737.0706016149234,0.00017515996353969758,0.9776963744710757,1,0
30.251427572220564,77.47188200242817,47.68785651773214,11.8195517398417,4.469166192691773,738.43840599097,0.0008978269816939299,0.9426209527928734,1,0
28.29419049900025,95.77208826318383,69.1024111956358,7.887077573686838,5.073662334587425,737.876092205271,0.0001449603649474774,0.9707262878142031,1,0
38.65448877681047,63.45782972872257,50.98851278424263,10.197989903390408,3.7619049469940364,736.682535475133,0.0016461434689797334,0.9643301076232487,1,0
39.12585327401757,99.6643633954227,66.31310310214758,11.404237870126963,5.318819991778582,739.1804564683436,0.0006456405410031213,0.933355882447637,1,0
26.883495366200805,81.3926849886775,53.19676626473665,6.11813934892416,4.163379007484764,736.6946446080881,0.00016347147194526853,0.9852500953954931,1,0
28.83840743917972,85.74796150438488,74.84817430377007,10.07268076390028,3.5178772541694343,737.9194284918742,0.0006054147093965455,0.9565456666800447,1,0
33.47860268782824,67.28096985258162,45.48204444348812,7.836398039013147,4.712223102804273,736.8875605032854,0.0006487655086378501,0.9777076933698312,1,0
35.53604905959219,92.91642316617072,57.58609466254711,8.989605411887169,4.365395481698215,737.9720455593953,0.0003969007596130877,0.9631482646674849,1,0
30.793777094222605,62.755144191905856,61.972639709711075,9.657773282378912,3.1709825033321977,736.9613136155083,0.0010295920464259024,0.9702535870109918,1,0
25.19185491837561,103.80547758191824,41.238599605858326,7.239102657884359,3.816828473471105,737.3244066385176,0.00015644393792043913,0.9744131763894349,1,0
37.3321358859539,73.83951036259532,79.3747853860259,11.044977620244026,4.972335991449654,737.8607411721661,0.0010155903984693064,0.951517181555825,1,0
37.47441398445517,91.82321074418724,62.935967445373535,10.256231032311916,3.026517326477915,737.6128037939458,0.0006468385530177573,0.9534078498054884,1,0
25.341575085185468,60.876139709725976,57.31978811323643,8.016329292207956,4.493075352627784,736.9779598739623,0.0005187447748011209,0.978855771278223,1,0
30.8856987580657,105.7396044395864,75.88506441563368,11.971560034900904,5.136327645275742,739.0738884116488,0.0006362878561182812,0.9227897848690263,1,0
35.62076468952,74.98784516006708,44.01909176260233,6.687701873481274,3.6305596162565053,736.562357663155,0.0004858576431185752,0.9835461803560228,1,0
33.796833558008075,97.78360057622194,51.58212635666132,7.043301489204168,3.9773395489901304,737.160838102184,0.00020335116889400132,0.9771833947259851,1,0
29.163851719349623,80.28863048180938,68.46851419657469,10.854260310530663,5.483193781226873,738.85129686443,0.0004970502320640405,0.9489887539878237,1,0
27.26855758111924,86.89454988576472,49.5706058293581,8.433435514569283,4.83967356570065,737.9171356523708,0.00021758894218449652,0.9689134561065486,1,0
39.50348034966737,69.2042665462941,70.20663410425186,9.100827869027853,3.3730299323797226,736.5876506084537,0.0011404474348245804,0.9714274394122795,1,0
39.039433393627405,107.94986140914261,47.40630071610212,10.916451171040535,4.3014354556798935,738.4346214686874,0.0006133971709713904,0.9364285966738867,1,0
28.671936010941863,76.2260816898197,73.03988460451365,7.1801219545304775,3.303627299144864,736.7953242767347,0.00035041414686829884,0.9811377018828346,1,0
30.569540006108582,96.9631476700306,53.7537556886673,9.623013999313116,3.9101091884076595,738.0664823415032,0.0004630105728198177,0.9558830712269293,1,0
33.33413801621646,65.43468119576573,65.6377051025629,8.836868986487389,4.9471273850649595,737.0820069337976,0.0008032369636204106,0.9718432493194271,1,0
35.15852009411901,89.31842403486371,78.67925234138966,7.707827243953943,5.225614481139928,737.4149584680717,0.00025816436085027746,0.9736130645236828,1,0
32.2909369925037,69.48424488306046,41.815724074840546,10.01374726742506,4.188510081265122,737.5170427034199,0.0008427243633734745,0.9635689703521536,1,0
26.745403790846467,103.52779178880155,60.14422092586756,6.083335720002651,3.581762057263404,736.8881301714653,9.849138783882788e-05,0.9823269275448082,1,0
37.009915858507156,83.49830088205636,59.53048001974821,11.251548651605844,4.579655820969492,738.3801297519409,0.0008447048387905106,0.9451658452768549,1,0
36.67115251068026,100.81576121971011,74.35186307877302,8.484681643545628,3.7411705469712615,737.756360797638,0.0003600685831150174,0.9654314385034597,1,0
26.289489432238042,83.12700431793928,46.21635440737009,9.225361604243517,5.047973652370274,738.2777083322845,0.0002722109388372403,0.9632036992590833,1,0
32.010767199099064,89.73215947858989,66.98870480060577,6.781071413308382,4.441077250055969,737.0072646274388,0.000193913028102065,0.9801144729647147,1,0
34.761199625208974,72.238714331761,52.602989450097084,10.565707750618458,3.095359147526324,737.1933318225135,0.0009783311678548128,0.9601170768973992,1,0
32.848918763920665,95.0394303444773,40.49833841621876,11.697658371180296,3.4421298461966217,738.2906693851376,0.000754071282744474,0.9345176546793872,1,0
29.967112746089697,64.2891978751868,79.8648402094841,6.387386173009872,4.787914482410997,736.5845634274062,0.0004182863437057448,0.9857526916451335,1,0
28.128123092465103,109.15037211030722,58.17392025142908,10.31924307346344,5.394543557893485,738.6799224316458,0.00035779576073723937,0.9423300657816472,1,0
38.37841235566884,78.20482639595866,61.29078160971403,8.152537386864424,4.087673322763294,736.9746313652978,0.0006062123978767195,0.9742258459600537,1,0
39.783642906695604,86.48129127919674,56.00961208343506,6.33682107925415,4.993033306207508,736.7473403056842,0.0003043940637379033,0.9824225413798562,1,0
27.665885230526328,66.45027393475175,64.12403501570225,11.572280567139387,3.8424803311936557,737.8698060951616,0.0010618013679349158,0.9523927673489064,1,0
29.50260799843818,100.49458210356534,42.66997080296278,7.618539523333311,3.1991085684858263,737.3371946234586,0.00025837881958314915,0.9725434938595773,1,0
34.252755041234195,80.6588780041784,77.03402820974588,9.903814762830734,4.388576503377408,737.9705701666838,0.0006215352767679879,0.9597368843552924,1,0
36.16457042749971,104.53842616640031,69.7828957810998,9.54530917480588,4.667072833515704,738.5205958981251,0.0003889267240021808,0.9530629090855631,1,0
31.546727032400668,73.00843288190663,50.39961885660887,8.738794036209583,3.4775383649393916,737.1484766891652,0.0006166699279103216,0.9724776022521782,1,0
25.826787212863564,93.7477863766253,71.560113504529,11.15808192640543,4.120643396861851,737.8971772232446,0.0006332354733990819,0.9423090068695101,1,0
38.076848313212395,62.022481337189674,48.42704921960831,7.489273924380541,5.271263501606882,736.7127217749656,0.0009129735326688586,0.9791327297157886,1,0
38.00584504380822,86.99917191639543,71.20849926024675,11.591088127344847,4.510141426697373,738.4001259920274,0.0008782859545605501,0.9396868975771703,1,0
25.748602664098144,68.72751735150814,49.32554002851248,6.306450694799423,3.009165145456791,736.4666286709651,0.00033928904563432086,0.9868370365574726,1,0
31.4091331185773,98.0835389252752,67.6345007866621,9.88748323917389,3.652727698907256,737.9906671124836,0.0005192615257605012,0.9531202188098735,1,0
36.03398613166064,79.61657111532986,52.001137882471085,7.646802943199873,5.114483807235956,737.10651702223,0.0004047081315876801,0.9760518486140859,1,0
34.3281072890386,105.63041855581105,44.89649936556816,8.802916087210178,5.460939867887646,738.5706333261471,0.0002176486379059716,0.9594507861401904,1,0
29.570950851775706,75.4691634234041,75.51062367856503,9.469621438533068,3.9992692177183926,737.6852897659537,0.0005585969822418626,0.9657161114049669,1,0
27.791805947199464,91.51870407164097,56.28307428210974,7.424506891518831,3.35604968899861,737.1914491025556,0.0002406720415639118,0.9761234093205707,1,0
39.91674467921257,61.55276069417596,63.147449381649494,11.234777994453907,4.856939916033298,736.7059168883264,0.0021536341915098203,0.953165714525177,1,0
38.50810962263495,103.22804491966963,59.072382375597954,9.25343619659543,3.2862561983056366,737.8117877686882,0.00047027564235928364,0.9579131291087736,1,0
28.2647725334391,84.1705502383411,60.93919590115547,8.468161292374134,4.318482311908156,737.6643280485794,0.00029377497910807273,0.9700888613754883,1,0
30.04624154418707,89.21399199403822,42.099867053329945,10.535159982740879,4.925264329183847,738.6588289591507,0.0004998649651260416,0.9490846991151471,1,0
32.92080928571522,69.96118555776775,77.71643575280905,6.79970159009099,3.932258351240307,736.6085352404481,0.0005106676307771003,0.9834780964184708,1,0
34.62715337984264,97.26746435277164,65.46530988067389,6.463893413543701,4.210458967834711,736.9244086640597,0.0001736495411509179,0.9809037634338988,1,0
31.88395945355296,64.75786873139441,54.82950855046511,11.632702510803938,5.203379487618804,737.9491010483292,0.0011450157434983888,0.9501402647801579,1,0
26.2220338312909,108.05885581299663,73.37524875998497,8.07667226716876,4.596941091120243,737.8114115768633,0.00017658177080330569,0.9661535952892506,1,0
36.596744512207806,75.74457343667746,46.489845141768456,10.383187741041183,3.5648010317236185,737.4128650491118,0.000930554024223683,0.9592887130457091,1,0
37.07830162718892,108.46879108808935,62.29270212352276,7.1506041549146175,5.069741196464747,737.5685259324999,0.00014279352981755997,0.9734587764503958,1,0
26.82079895399511,78.50132239051163,57.92887523770332,10.934463366866112,3.719078758265823,737.9950201240229,0.0007582815923685757,0.9518219879995521,1,0
32.4241102905944,94.55315353348851,79.03076190501451,8.865927770733833,3.1124824467115104,737.6295554265112,0.0004385959061549363,0.9644134545072748,1,0
35.28451233636588,64.39037159085274,40.91733869165182,9.605829890817404,4.424240057822317,736.9946521163344,0.0011377646123341902,0.9676348334259195,1,0
33.2559105521068,90.41222840547562,53.48034169524908,9.938729010522366,4.770724426023662,738.4779225819854,0.00046196910250646085,0.9546823834812078,1,0
30.49849382136017,71.9437356479466,66.61424327641726,7.7713370360434055,3.459033795632422,736.8520874941833,0.0005069987399879296,0.9786473349097116,1,0
28.54128018952906,101.30052146501839,45.1797054708004,11.328856978565454,4.065972535870969,738.5087836110038,0.0006317633310047399,0.9350065725598121,1,0
38.90176795423031,83.02734046243131,74.56335626542568,6.017899207770824,5.416568589396775,736.6682964605263,0.00028694599153405114,0.9842632858712924,1,0
39.37660107854754,94.2334917280823,47.96901065856218,7.9989678002893925,3.8204074623063207,737.3496525665918,0.0003864541359252827,0.9715242432390033,1,0
27.134439810179174,61.920734671875834,72.3551058396697,10.28511243313551,5.014820068143308,737.7181382117594,0.0007557514857942163,0.9629932245436085,1,0
29.089400805532932,105.21943423897028,50.6837122887373,6.705525241792202,4.371758528985083,737.2854605270636,0.00010342105130335212,0.9777222847126401,1,0
33.729335041716695,72.71136542782187,68.82005229592323,11.941853407770395,3.216250787489116,737.5478901370154,0.0011063454621385513,0.9468222572921258,1,0
35.75748565606773,100.01039480790496,76.86157390475273,10.788646414875984,3.4944230965338647,738.0026647579623,0.0006421243132238715,0.942947656262827,1,0
31.015467550605536,80.75911331921816,43.7457063049078,7.120432432740927,4.649863857310265,737.0249478153476,0.0002675406477587957,0.9795755938358559,1,0
25.413508522324264,85.8017938118428,64.45944871753454,9.164148833602667,5.293269613292068,738.4339875385493,0.0002280722650520136,0.9623300677564964,1,0
37.55358569789678,66.74582556821406,55.093183405697346,8.35822843015194,4.098923392128199,736.715350307566,0.0009729936196506367,0.9752942974974368,1,0
37.22711505368352,98.81610613316298,41.512003019452095,6.147203855216503,4.833768784999847,736.8645652404183,0.00016153832824931968,0.9821648619403035,1,0
25.094472905620933,78.7851126305759,78.39825540781021,11.387059483677149,3.3279149252921343,737.4785428500785,0.0008178945707283681,0.9489681798149702,1,0
30.638645109720528,87.83015393652022,59.812681414186954,7.806874517351389,3.9736074320971966,737.3368191678311,0.00027689520568301693,0.9741713643744614,1,0
35.37344991695136,67.9944736789912,60.44917892664671,10.090687237679958,5.440251288935542,737.4672564776748,0.0009287927270594807,0.9611566893056914,1,0
33.57881722506136,92.2524159681052,72.69968491047621,9.73508733138442,5.162031300831586,738.5606787475382,0.00038215771401658673,0.9554844420223971,1,0
28.946089358069003,60.72244652546942,47.083659805357456,8.92417462170124,3.695473498199135,736.9155626578585,0.000881058711216262,0.9746572743824076,1,0
27.05075786449015,106.46101919934154,65.96158266067505,10.969953641295433,3.0495130685158074,738.0431802257409,0.0005190515521713389,0.9381448856996406,1,0
39.285476729273796,74.73573800176382,54.09516014158726,7.302606727927923,4.555281470064074,736.7304208743545,0.0005969761466240847,0.9792375663938465,1,0
38.817974724806845,88.48095232620835,68.12589082866907,8.299300655722618,3.5879350402392447,737.2730106093472,0.0004834202210992474,0.9711321135592583,1,0
28.450266285799444,70.79217158257961,51.26190673559904,9.035583760589361,4.625039067585021,737.5259668043029,0.0004838963109163419,0.9697917005854457,1,0
30.34786555916071,102.39658168517053,70.52805252373219,6.96773749217391,5.229078358504921,737.5188686954937,9.637106406719536e-05,0.9760424665648013,1,0
33.11271038837731,84.90311269648373,49.91447180509567,10.753837063908577,4.231184371281415,738.3539220197384,0.0007026913609573693,0.9497261676698203,1,0
34.90780743770301,107.32543458230793,57.01849043369293,11.882878426462412,3.884671388193965,738.7755784787785,0.0006892416201597359,0.9239694884341063,1,0
32.03995605930686,76.57517827115953,62.652549520134926,6.577004514634609,4.8824793212115765,736.7803129704872,0.0003003858894271696,0.9829872709542705,1,0
26.494446801953018,96.43714524805546,44.30375259369612,10.13237028568983,4.278173895552754,738.1362328396705,0.00047476802590950455,0.9508533352000113,1,0
36.75914846826345,65.491575691849,76.187560595572,7.964202795177698,3.2411553263664246,736.4963673824395,0.0009781273465113171,0.9791593711679311,1,0
36.45337978377938,95.28467030264437,50.1154175773263,11.10625297576189,5.368977607693523,739.1550991077221,0.0005829231472308239,0.9392079127139397,1,0
26.071455692872405,63.56091442517936,69.48237907141447,7.365527618676424,4.02319274796173,736.7873119501805,0.00046183314403241846,0.9821211384311239,1,0
31.792781096883118,109.29872546344995,48.728802874684334,9.434863585978746,3.41873894399032,737.7828404789844,0.00043683328008946987,0.9533938046850017,1,0
34.54341016244143,77.770282831043,71.84551924467087,8.650181092321873,4.725608806591481,737.3620766257262,0.0005026266961867341,0.9702461075732154,1,0
32.60183488484472,102.03241979703307,63.803377747535706,7.518230717629194,4.447379575110972,737.5902653955155,0.00017792674261436666,0.97237896553939,1,0
29.719825075007975,82.19826448708773,55.667428746819496,9.828548312187195,3.1405760971829295,737.6988214748942,0.0006201940710227667,0.9607835233976199,1,0
27.88079717196524,91.24101865105331,77.37741630524397,6.27164563536644,3.7447625743225217,736.8236790084957,0.000142325316020368,0.9831119305240171,1,0
38.13134029507637,71.21155158616602,42.9918647184968,11.438397478312254,5.090480453334749,737.5599006596548,0.0012364837777582027,0.9486169605029489,1,0
39.53265892807394,104.488395890221,79.54172141849995,10.441430300474167,4.146475202403963,738.380177788348,0.0005843047111782285,0.9440269968665169,1,0
27.415147959254682,73.54130101390183,40.158614218235016,8.205925416201353,5.336009894497693,737.5141755826523,0.0002986514171629067,0.9739258987827479,1,0
29.25186511129141,93.40403260663152,61.63174841552973,11.784712236374617,4.690197917632759,738.6575720964454,0.0007090212151106626,0.9334461912299941,1,0
34.001801209524274,62.65224948525429,58.49823784083128,6.4993908405303955,3.539578185416758,736.3909286893236,0.0007437781381385157,0.9859849127197788,1,0
35.94292621128261,85.06961077451706,45.934614948928356,6.857896942645311,3.193074445705861,736.7018290230426,0.0003667477345017174,0.9814153037782947,1,0
31.3252723030746,67.57461683824658,74.04888693243265,10.664457477629185,4.343627793248743,737.701769485404,0.0009424256478836021,0.9589848012615599,1,0
25.605355533771217,99.18131706304848,52.907164096832275,8.62012381106615,4.989173039328307,738.1584815500125,0.0001948573599519715,0.9637066248549421,1,0
37.85514846909791,81.49100988171995,67.27168716490269,9.288977969437838,3.7997053279541433,737.4485327703507,0.00066912760048845,0.9656293813336869,1,0
37.80503395013511,96.81172258220613,45.073666386306286,8.701728779822588,5.125082248821855,738.0511652221122,0.000308060398824406,0.9637355835734268,1,0
25.68752756342292,65.25727947242558,74.43986479192972,9.394844390451908,3.661962069571018,737.3512492902511,0.0006503866224915851,0.9702175297358403,1,0
31.217465507797897,107.79767254367471,53.60896348953247,7.314530499279499,3.018861209973693,737.2641622951863,0.00023073145723371923,0.9732032632801003,1,0
35.96740596462041,76.04791767895222,66.72491706907749,11.14535253122449,4.520895753055811,738.0397683274075,0.0009535210789871657,0.9503797660453225,1,0
33.924206593073905,103.72955970466137,78.83963592350483,11.492873579263687,4.867398901376873,738.7158471410461,0.0006397569697625719,0.9306604234535533,1,0
29.30655704345554,83.72301602736115,40.70322901010513,6.228700887411833,3.365430742967874,736.6245312119077,0.00022089764960302804,0.9847976222478784,1,0
27.39341501146555,89.52095423825085,62.49176237732172,9.774620275944471,4.0087995254434645,738.0256059840899,0.0004775261186540601,0.957322465811343,1,0
39.64321252889931,69.7097238060087,58.10575317591429,7.560264050960541,5.4718527239747345,736.795833562441,0.0007036576919828106,0.9773424332287195,1,0
38.239612258039415,105.91549136675894,64.6609503030777,6.541597466915846,3.9219638747163117,737.003151261748,0.0001820944369764129,0.9791442841888013,1,0
27.857683808542788,75.14078523032367,55.277385488152504,11.730962812900543,4.916333886329085,738.6543518440228,0.0007755955995321302,0.9441293511309548,1,0
29.76857320405543,91.9998612627387,76.67288940399885,8.163165360689163,4.309703022707254,737.6897605703737,0.0002471678137053118,0.970079750407707,1,0
32.519197687506676,61.029841881245375,43.53892091661692,10.49609650298953,3.276418610010296,736.7824566479052,0.0013596781124043942,0.9651085611852894,1,0
34.561946112662554,86.66832013055682,50.81965837627649,9.328258998692036,3.55464843288064,737.7134383476229,0.000550473528257342,0.963281118076854,1,0
31.67993172071874,69.00401305407286,68.93316756933928,8.569302845746279,4.587866460904479,737.14710994059,0.0006082209113093799,0.9734085651926094,1,0
26.151346084661782,97.55660871975124,47.87029571831226,10.624631244689226,5.194763459265232,738.6791955862029,0.0004193175008888603,0.9444882425215654,1,0
36.40188484918326,80.08761339820921,72.23405569791794,6.909632183611393,4.2004604283720255,736.7510604725504,0.00040049100220891285,0.9811368903378253,1,0
36.79921339266002,100.31716929748654,56.47028982639313,10.05140620842576,4.4139443705789745,738.50101270091,0.0005096993424008419,0.9495997972085973,1,0
26.431507747620344,80.50746381282806,63.35577942430973,7.857695482671261,3.1035508303903043,737.1371425422994,0.0003441200962266536,0.9760694781208595,1,0
32.13585409801453,86.30311488173902,44.69280403107405,11.426885716617107,3.710300642531365,738.079079403605,0.0008169007088715982,0.9428681047481756,1,0
34.90070149768144,66.2980976421386,75.32853845506907,6.0954686142504215,5.059904818888754,736.5472094680825,0.00045260881601971536,0.986103843599299,1,0
33.180226855911314,93.97249025292695,67.73590479046106,7.260400101542473,5.406417201273143,737.4473026358601,0.00016544892319117827,0.9755542736466787,1,0
30.312378047965467,62.22426070831716,52.11942207068205,11.023703064769506,4.056899079121649,737.4734516490215,0.0012029826917134613,0.9589983554293156,1,0
28.460119031369686,104.76389214396477,71.07596702873707,8.96693467721343,3.450416593812406,737.6489422062259,0.0003818251105390169,0.9597845739166417,1,0
38.72482349164784,73.21097584441304,49.20908659696579,9.680421128869057,4.7607246758416295,737.2634304439575,0.000907277076680527,0.9637587498520507,1,0
39.187297276221216,89.8851104453206,73.24515800923109,10.699360962957144,3.2268527867272496,737.5933844197043,0.0007446670000165136,0.9500919413604514,1,0
27.054652557708323,72.4145901761949,46.38071600347757,7.010682240128517,4.380996494553983,736.8831673867892,0.00029003857185686075,0.981954882326368,1,0
28.90923568047583,100.96947596408427,65.56915521621704,9.089511796832085,5.024512537755072,738.4035850677033,0.00025513883415362017,0.9587398911787756,1,0
33.64403769373894,83.30364244990051,54.955116882920265,8.257267322391272,3.831158231012523,737.3017928700873,0.00042527374845774353,0.9724001226860303,1,0
35.364977810531855,108.95013007335365,41.903495863080025,7.912655107676983,4.10937881981954,737.7654317735047,0.00023645310257007496,0.9675680498369278,1,0
30.732247149571776,77.97858537174761,77.53679186105728,10.172389481216669,5.302647072356194,738.3390974603358,0.0004898156614299848,0.9572028456122403,1,0
25.026505631394684,94.8384260199964,59.26692221313715,6.628001634031534,4.659397759940475,737.2028270442767,8.359451442604e-05,0.980082852822893,1,0
37.26122192572802,64.06219307333231,61.149967424571514,11.843778870999813,3.5053395102731884,736.8522958610201,0.0017211623137645565,0.9513714790696062,1,0
37.64537791721523,107.06463017500937,77.25217029452324,9.64566184580326,5.431624531745911,738.9077507239043,0.00032841819460072065,0.9502944771811234,1,0
25.403212290257215,76.87890137545764,42.88758061826229,8.81419825181365,3.9636172372847795,737.6036512620014,0.00037460415511661037,0.9698488817520651,1,0
31.051398548297584,95.98026242107153,63.91214456409216,10.895176615566015,3.3177730552852154,738.0190962018586,0.0006537808270149976,0.9435411397958189,1,0
35.69132820237428,65.98984537646174,55.79795826226473,7.201419398188591,4.824685810133815,736.6714907836389,0.0006791858211655107,0.9809883488635204,1,0
33.735053413547575,88.78753049299121,48.51782161742449,6.060664985328913,4.546512909699231,736.7194659091224,0.00019254628978975205,0.9841752683928716,1,0
28.993030725978315,70.54032575339079,71.6512655839324,11.27419649809599,3.0396671355701983,737.5166549598325,0.0009713489825289266,0.9540820525571934,1,0
27.19785090535879,102.89924423210323,50.29527120292187,7.729124687612057,3.68516829283908,737.4620719106309,0.00021896980084683417,0.9709129609744377,1,0
39.33792372234166,84.45672624744475,69.67846408486366,9.99247271195054,5.153109202627093,738.1044487497855,0.0006264196187205949,0.9564245294532944,1,0
38.8681331789121,92.73242539726198,53.08945920318365,11.995787166059017,4.240727792028338,738.3070823011926,0.0008878564970049263,0.931971715545633,1,0
28.610635087825358,60.19837995059788,67.47509647160769,6.663497630506754,5.239985254127532,736.8276162889138,0.0004238940073189378,0.9847371240636721,1,0
30.403504157438874,106.7464760877192,45.726075023412704,10.230630610138178,4.635484939906746,738.3506045654833,0.0004509305343607953,0.9448402352175231,1,0
33.2639105618,74.40774388611317,73.86195741593838,8.041906826198101,3.5973220546729863,736.9279329188103,0.0005555894115453213,0.976447557927054,1,0
35.21973529830575,98.29031698405743,61.747839376330376,8.409231271594763,3.250838277861476,737.5600689893288,0.0003802952942611359,0.9671900076306217,1,0
32.46232292614877,79.25729596987367,58.631208688020706,9.125055000185966,4.2889341823756695,737.633881859629,0.0005028150775068912,0.9668070168838515,1,0
26.815545302815735,87.49892328865826,79.42379970103502,7.068879023194313,4.8930908758193254,737.3030865175526,0.00013255099073321557,0.9785663390131961,1,0
37.17603764962405,68.27059051953256,40.05677159875631,10.828659888356924,3.8938997983932495,736.9076393432017,0.0013205713374040081,0.9583615200296643,1,0
36.48574742488563,85.57207364588976,66.1680057272315,7.59580010175705,4.735148669686168,737.1423691438307,0.00034233192919274155,0.9755415065117395,1,0
26.242407765239477,67.1280307136476,54.28428340703249,9.92657707259059,3.429642244707793,737.4964793104249,0.0007401234402053785,0.9660764659052322,1,0
31.830626535229385,99.48771343566477,72.51584514975548,6.358004104346037,4.033642215188593,736.953450723248,0.00013791405713142678,0.9811861492890205,1,0
34.705191482789814,81.23898225836456,46.88171945512295,11.551074653863907,5.3783681797795,738.8726623994662,0.000766295319836971,0.9417044076195303,1,0
32.89585749153048,104.03170677833259,59.933941289782524,11.180844236165285,5.100166962482035,738.7591879681823,0.0005576278628915919,0.9343862904016734,1,0
30.152660771273077,74.0397644136101,60.5476076900959,7.466534502804279,3.755526456050575,736.8677880347335,0.00041066269128732047,0.9797056021364903,1,0
28.183988071978092,93.143415953964,41.39867801219225,9.5241032615304,3.1511840568855405,737.6721377177537,0.0005028618335333497,0.958962461177246,1,0
38.55869618244469,62.956160344183445,78.26259549707174,8.75997706130147,4.4566044276580215,736.710037314092,0.0012876521724610242,0.972680487966022,1,0
39.96962723787874,101.70098947361112,44.192868918180466,6.756935812532902,3.5309526389464736,736.9486788301122,0.00025458178164701337,0.9787511751135715,1,0
27.712387652136385,82.47418165206909,76.05922482907772,10.589820463210344,4.680208896286786,738.4727233887754,0.000541240575316654,0.9521775024796617,1,0
29.683328131213784,90.7150477077812,57.14219179004431,8.510373640805483,5.32586685102433,738.1197017999007,0.00020180363234176642,0.9668561653203307,1,0
34.30818371474743,71.68355313129723,62.758302576839924,9.199692495167255,4.137391016818583,737.2359234712303,0.0007491703591059113,0.9689730732901107,1,0
36.11798228695989,95.57032090611756,70.35153705626726,10.343355786055326,3.790935556869954,738.1494372619351,0.0006195056190829146,0.9495453738433924,1,0
31.3608284201473,63.23311402462423,49.71497293561697,8.128401786088943,4.979325932916254,736.9538463829134,0.0006932089196336645,0.9768416570570534,1,0
25.771272596903145,109.77892264723778,68.33963803946972,11.671989262104034,4.333323761355132,737.6912192162022,0.0005473901518817328,0.9280982852964978,1,0
37.896214122883976,77.24640401080251,51.45347133278847,6.413078170269728,3.1841535582207143,736.4494932669727,0.0004938828870832796,0.9848198126469453,1,0
38.05234735365957,102.22070574760437,69.23812840133905,10.513976980000734,3.946493942756206,738.2374228759529,0.0006065138948071063,0.9444318313194318,1,0
25.934587107039988,84.75016163662076,51.10185693949461,6.8209074810147285,5.448461728636175,737.233033447247,0.00011477461421941034,0.9803179454459481,1,0
31.464561903849244,88.30431428737938,71.95305593311787,9.27617559581995,4.802918270695955,738.1703543297854,0.0003572248522408162,0.9616456023930992,1,0
36.214706152677536,70.63845693133771,47.56657749414444,8.44539900496602,3.3398648486472666,736.7575309532173,0.000812949134600863,0.9753722429477045,1,0
34.14220878854394,96.66338636539876,55.61878681182861,8.097878158092499,3.06136791780591,737.3956030214115,0.0003572761166803815,0.9702079828525377,1,0
29.524362599477172,65.69181782193482,64.9848309904337,10.362004738301039,4.524487873539329,737.6356070666485,0.0008368514781243376,0.9620193881702348,1,0
27.611171645112336,107.55243929103017,43.2162831351161,6.441131126135588,5.170299254357815,737.3342201542616,5.781372482419522e-05,0.978797033008352,1,0
39.86123017501086,76.77618250250816,76.33268658071756,11.655441910028458,3.668264338746667,737.2746783345866,0.001199146255613794,0.9469054754739343,1,0
38.46102784387767,87.9815680347383,41.04709215462208,9.861791264265776,5.256803223863244,738.2958299460818,0.0005195703499242237,0.9561422732545101,1,0
28.07936755940318,68.17188639193773,79.16105717420578,7.672472029924393,4.223585568368435,736.9546157034583,0.0004467994569571709,0.9792865509645674,1,0
29.99023351352662,98.96828251890838,57.785536386072636,11.615223705768585,3.6193949189037085,738.4961294084038,0.0006924005600924716,0.9328175771747683,1,0
32.740668510086834,78.96328912116587,62.14913617819548,6.2823380045592785,4.613698173314333,736.6857975498534,0.0002787793154425977,0.9843013676814418,1,0
34.81270151678473,106.2592399213463,74.74236410111189,7.450175978243351,4.266928075347096,737.5575387038604,0.00019068335532576242,0.9719868645503938,1,0
31.930898069404066,74.51103421859443,45.35832408815622,11.209086019545794,3.2725582872517407,737.5970167346806,0.000950868744255445,0.9525559720114044,1,0
26.40231754630804,92.04987291246653,66.44149601459503,8.778803396970034,3.8770150714553893,737.7581994754779,0.0003349912824426482,0.9652994691199768,1,0
36.652609603479505,60.49698045477271,53.307668939232826,9.493757016956806,4.910299856681377,736.9248057894737,0.001422177214357797,0.9678102756923161,1,0
37.01700059231371,93.25109262950718,77.82219476997852,6.7267998196184635,3.4074741574004292,736.8120824785274,0.00028274950815372483,0.9805815291328718,1,0
26.649498851038516,62.476362651214004,42.20525234937668,11.92055594176054,4.756992503069341,738.1221384181956,0.0010439481461864588,0.9494761999206633,1,0
32.353882947936654,104.33469362556934,60.849453546106815,7.976319931447506,5.3613021010532975,738.111275431794,0.00014823207318342605,0.9674317229217592,1,0
35.11847637593746,73.3646504022181,58.98271810263395,10.30778319016099,4.050994391553104,737.5809030555504,0.0009003484131061722,0.9600455222556818,1,0
33.427296597510576,99.38157046213746,46.702613048255444,9.142851367592812,3.7725067040883005,737.9894832961733,0.00041869584379364283,0.9596857081743912,1,0
30.5597089137882,81.71723954379559,73.58854297548532,8.379503007978201,5.0829006168060005,737.6419951588399,0.0002927773958819498,0.9708289637412059,1,0
28.707401868887246,85.27062795124948,54.61293041706085,10.811317171901464,4.478858345653862,738.4188583980407,0.0006163508880173875,0.9486679769870829,1,0
38.971909577958286,67.80160878784955,65.24850107729435,7.09778456389904,3.129254392813891,736.3852634421402,0.0008576665169406265,0.9829860439856334,1,0
39.438238171860576,109.47612727992237,52.443742491304874,8.891528215259314,4.702071956824511,738.3500685384474,0.000317027088044257,0.9579373259736025,1,0
27.305403854697943,77.92170801199973,68.07686876505613,9.580252334475517,3.508803480770439,737.7216680495164,0.0005642250399104335,0.9641089889137294,1,0
29.15996443014592,95.46283422037959,48.86935956776142,7.126377001404762,4.154762122314423,737.2854393282602,0.00016131301588730987,0.9768997520662701,1,0
33.89503472018987,63.71310319751501,70.75285106897354,10.958667632192373,5.30881999945268,737.5329835264348,0.0012063221219671878,0.9559617164450422,1,0
35.58666477445513,91.01630341261625,63.63875865936279,11.303279422223568,4.96204065810889,738.8920692817962,0.0006882114763443648,0.9397906818015086,1,0
30.953687294386327,71.00978357717395,56.77446760237217,6.043499652296305,3.8078965777531266,736.4648694919266,0.00037617314226904273,0.9869398118909855,1,0
25.24795178323984,101.80694096721709,75.02556543797255,9.962933275848627,3.162204666994512,737.2513114457751,0.0004816011535926326,0.9526018638919563,1,0
37.48287913389504,81.99573437683284,44.41106144338846,7.74710988253355,4.355558750219643,737.0168779106623,0.0004503244134189808,0.9757746202533254,1,0
37.39827213343233,89.03659110888839,58.29039268195629,6.945089623332024,3.6402422138489783,736.822454202193,0.00033068168205067965,0.9799192976699271,1,0
25.155917019583285,69.80975944548845,61.423370987176895,10.776507820934057,5.147088211495429,738.5240992198231,0.0005326209658407657,0.95491654471155,1,0
30.80408022738993,103.04988044314086,40.38003522902727,8.32057523354888,4.503686627838761,737.9846285187672,0.00022856875327422697,0.9653707864704814,1,0
35.44427804648876,84.01836202479899,79.76337905973196,9.014286294579506,3.035746090579778,737.3495808387144,0.000580767879590817,0.9673927435608339,1,0
33.51728739216924,108.28357161022723,67.17077102512121,10.155041042715311,3.3825731109827757,737.970417386666,0.0005174987547370842,0.9459498675585882,1,0
28.77501799724996,75.94634088687599,52.80662763863802,7.941554926335812,4.850580777972937,737.3199623774462,0.00030965893260233367,0.9755359689187545,1,0
26.979843792505562,97.49294225126505,74.14355203509331,11.861580960452557,5.493639336898923,739.130624763282,0.0005680004220190279,0.9293351964333848,1,0
39.12012755405158,64.96039977297187,46.02919600903988,6.598279092460871,3.9867268055677414,736.4286067983065,0.0008459844510269951,0.9844215428051714,1,0
38.64646705798805,98.23647797107697,71.34936112910509,7.782647363841534,4.9383590668439865,737.5360743205756,0.0002532013800050131,0.9712002863331419,1,0
28.38917275890708,79.79245888069272,48.2325666770339,10.11489150300622,3.900262938812375,738.0207896879607,0.0006069232456456338,0.9584025650871756,1,0
30.182080077938735,87.15287473984063,69.96252052485943,6.172804299741983,3.2933224104344845,736.6363162082573,0.00020864771234230147,0.9845214973632728,1,0
33.042232622392476,68.90416740439832,50.595932751894,11.361481927335262,4.292513115331531,737.7936840495158,0.0011179461298868193,0.9523851819071598,1,0
34.968758025206625,91.31845011375844,42.54434332251549,10.994157906621695,4.571029417682439,738.6452855603045,0.0006765036344941271,0.943495666186617,1,0
32.21160666551441,61.326531590893865,76.93012557923794,7.278379574418068,3.5717715830542147,736.520976121756,0.0008237876555220385,0.9828874651966524,1,0
26.56478140503168,105.4294023104012,56.118760369718075,9.709509775042534,4.178368490654975,737.9705321845071,0.00040369009112625374,0.9519200020933583,1,0
36.92507711239159,75.24217054247856,64.25418306142092,8.94977506622672,5.216531152371317,737.33944800111,0.000629809418495178,0.9681417411362988,1,0
36.26771008130163,105.06802107207477,49.393708892166615,11.807451635599136,3.0865896558389068,738.5149429385929,0.0006349471512019095,0.9271294359024455,1,0
26.02463869843632,72.53395178355277,70.00751670449972,6.476628553122282,4.431229789741337,736.7257409165236,0.00023259549983472587,0.984697102090207,1,0
31.612833524122834,94.08131478354335,51.79625503718853,10.420247297734022,5.0376699743792415,738.7447655642317,0.0004648946839009318,0.9479216549625175,1,0
34.487208873033524,61.7425587400794,68.65969732403755,8.227131307125092,3.7322493800893426,736.6231302623049,0.0010511152367588738,0.9778119694731197,1,0
32.64856616035104,86.00357364863157,75.77440962195396,8.597361523658037,4.079048092942685,737.6067670556688,0.0003912096257549709,0.9687782130840411,1,0
29.905580496415496,66.9705287925899,43.89052711427212,9.311717368662357,5.384554294403642,737.5587205924367,0.0006003855811986179,0.9680088877071621,1,0
27.936912518925965,100.21293693222106,63.05943991988897,6.87910283356905,4.777771681081504,737.3895779171797,9.685103148066814e-05,0.9772596253853773,1,0
38.31137381028384,80.98458032123744,57.42577005177736,10.64327447488904,3.4330453439615667,737.4925145180416,0.0008831746657695964,0.9548881103605207,1,0
39.71889357082546,94.7290285397321,60.26525191962719,9.458999164402485,4.398262695875019,738.1087700221497,0.0005015794208572994,0.958356118601392,1,0
27.461400013417006,64.54332358203828,59.62913766503334,8.626068402081728,3.2098726923577487,736.933836822492,0.000677455243184038,0.9759643712504407,1,0
29.432377847842872,108.64542968571186,78.56615621596575,11.080561000853777,3.8530880487523973,738.5640911949474,0.0005686596187553748,0.934027020372973,1,0
34.057437335141,78.65503648295999,41.67983528226614,7.391196705400944,5.002258475404233,737.0539198638606,0.0003638951852966679,0.9778981019809159,1,0
35.896531217731535,101.07427978888154,53.960560224950314,6.247532945126295,5.280803085304797,737.0245605074335,0.0001274485926544543,0.9810339677598053,1,0
31.139180599711835,82.82709889113903,65.82644689828157,11.462533056735992,4.131547051481903,738.311120283304,0.0008236267873752895,0.9437886630481597,1,0
25.549576245248318,90.18522462807596,47.22207948565483,7.543899804353714,3.487987478263676,737.2611856302667,0.00022824377218887872,0.9754824956811056,1,0
37.67477889545262,71.74273048527539,72.8383257240057,9.802856337279081,4.676463684998453,737.276570868587,0.0009373546874411036,0.9635224863717337,1,0
37.7009057905525,90.16506764106452,61.519274935126305,6.587590618059039,5.480234424583614,736.9746656512744,0.0002298496700803149,0.9803624051912265,1,0
25.58291571214795,71.89192296005785,58.38613912463188,11.872270965948701,4.012379326857626,738.1273136212882,0.0009457873092797401,0.9461623766743336,1,0
31.113337124697864,101.1510138772428,79.82022035866976,7.92793714441359,3.3666862240061164,737.4890152571804,0.0002850016050594722,0.9699764911828052,1,0
35.862793889828026,82.68255595117807,40.436719320714474,10.168660355731845,4.873751324601471,738.2135851643386,0.0006138057375228306,0.9559453390638404,1,0
34.0251279482618,108.81371278315783,52.707071267068386,9.000804143026471,4.5171299944631755,738.2715824299855,0.00031247161210828884,0.9571304803617753,1,0
29.407051927410066,78.65087216719985,67.07135278731585,8.334055876359344,3.010131427552551,737.182914105712,0.00046533072081549916,0.9736521358004172,1,0
27.494336143136024,94.60511551238596,45.96870198845863,10.765954976901412,3.656091261189431,738.0553734204913,0.0006237700328616686,0.9455492378422506,1,0
39.74370718933642,64.63758665136993,74.08319644629955,6.955640958622098,5.12387922918424,736.6131407524708,0.0008055580763970348,0.9814993729626845,1,0
38.34419102873653,100.06229382939637,48.137892968952656,8.9369813259691,4.191811596509069,738.0293383697918,0.0003982502002245211,0.9612813848737636,1,0
27.961845048703253,81.00638463161886,71.25482585281134,9.722304867580533,5.190916824620217,738.3877128157756,0.0003503221130930617,0.9598032204168878,1,0
29.873152198269963,86.14665850996971,50.540321692824364,7.268515901640058,4.586878129746765,737.211762037278,0.00020411239573717464,0.9777475934456606,1,0
32.62335915118456,66.89543755725026,69.90704759955406,11.004022931680083,3.5485628615133464,737.3210258401475,0.001159676369734864,0.9580572901744828,1,0
34.46147536858916,94.08401655033231,77.03091219067574,11.351571315899491,3.2799171628430486,738.0413047116559,0.0007297458531749763,0.9395496362896836,1,0
31.578986225649714,61.57591104507446,42.64497272670269,6.182713581249118,4.3181658973917365,736.4455187268959,0.0005483281083387062,0.9870114193686295,1,0
26.05087556410581,104.97231184504926,64.31590732187033,10.102050824090838,4.922471919097006,738.2811735384761,0.00037266808224791664,0.9474675989658449,1,0
36.30093957763165,72.65951958484948,56.180327124893665,7.7954867128282785,3.9234338207170367,736.7795322078935,0.0006496566644846941,0.9777934609124675,1,0
36.89970470033586,105.3893075697124,70.1034252718091,10.653094617649913,4.764361693058163,738.7414148797392,0.0005420635635954774,0.9401531529165057,1,0
26.532432679086924,75.42330514639616,49.489450715482235,6.869284043088555,3.458702922333032,736.7564579151889,0.0002803363241615611,0.9828740561541495,1,0
32.236345182172954,91.3752583693713,68.71654354035854,9.324466863647103,4.063156130257994,738.045427286348,0.0004390817553354405,0.9607436679266366,1,0
35.0016262056306,61.213942700996995,51.85293421149254,8.58461338095367,5.407729898113757,736.9523860334166,0.0009866209778793095,0.9733233752572588,1,0
33.07561142835766,87.33785309828818,43.79096582531929,8.240016968920827,5.051117802038789,737.6429539692738,0.00027857777953446206,0.97033555975099,1,0
30.20825346466154,68.87092198245227,75.67499630153179,10.40736030600965,3.7066302374005318,737.5909412378052,0.0008873909249773789,0.9614479772816171,1,0
28.355503380298615,98.12924828380346,57.36527141183615,6.486584862694144,3.102443164214492,736.8918137145786,0.00016544015581224797,0.9809858257395779,1,0
38.62069868482649,79.8576289229095,62.99908895045519,11.797493996098638,4.408016327768564,737.9247311541889,0.0010770867213689772,0.9421255788013613,1,0
39.08634105231613,97.31320612132549,59.534459337592125,9.816429695114493,3.5014356411993504,737.9071494424526,0.0005751309731168836,0.9547765008754623,1,0
26.95419254247099,64.99888742342591,60.170721262693405,7.530327977612615,4.650844281539321,736.9361887051779,0.0004328409942095337,0.9804029216834134,1,0
28.808279680088162,108.39757536537945,41.62421930581331,11.473176391795278,5.296656854450703,738.9864515301394,0.0005220796895239706,0.9281093697957132,1,0
33.543577902019024,75.88794491253793,78.51068820804358,6.236891141161323,4.108333254233003,736.5719061280414,0.0003615408588554273,0.985149777588344,1,0
35.46912832185626,103.08453625999391,65.92723842710257,7.401792565360665,3.8396783214993775,737.3794900214981,0.00022949523478563004,0.9735031329009043,1,0
30.836836649104953,83.83178849704564,54.06118471175432,11.069963632151484,5.027915718499571,738.7755796745961,0.0006117836572025228,0.9461854370149924,1,0
25.130656366236508,88.97282401099801,72.90005460381508,8.639594284817576,4.382371068466455,737.9004838172849,0.0002557046359364577,0.9670013226443902,1,0
37.36581164877862,69.9153894931078,47.28364162147045,9.445471772924066,3.233048035297543,736.6923961045932,0.0010341290586823653,0.9694712847930492,1,0
37.51558191142976,101.98046964593232,51.19654480367899,11.668236555531621,5.1544478693977,738.9941318231754,0.0006745032981918258,0.9290723426328575,1,0
25.2729987539351,81.95103778503835,69.33264952152967,6.428338011726737,3.691480520181358,736.7750814677709,0.00016714312015996417,0.983890977540796,1,0
30.9216023189947,90.89610859751701,47.62220300734043,10.371870031580329,3.047917370684445,737.7178934254583,0.0006283948781889497,0.9519442061360017,1,0
35.561114442534745,71.06198998168111,72.00851440429688,8.088014395907521,4.550104892812669,736.9283686620672,0.0006556162425545213,0.9756788350260469,1,0
33.8689578929916,95.43418990448117,64.88404899835587,8.45530873350799,4.818807513918728,737.9314581029633,0.00026392699479930044,0.9664093852691847,1,0
29.126460454426706,63.90568673610687,55.51815278828144,9.266264358535409,3.3166871215216815,737.0348157172607,0.0008428105323393009,0.972168840617409,1,0
27.3317551612854,109.54589842818677,76.27096723765135,6.833746561780572,3.9599060541950166,737.2814277871244,0.00012128782825630556,0.9760250658774295,1,0
39.47135322727263,77.82208350487053,43.154711462557316,10.50113639049232,5.422806869726628,737.9044221013625,0.0008369984734827958,0.9539318819025758,1,0
38.99837979581207,85.3167215269059,79.06515814363956,9.504446754232049,3.892904649954289,737.6467983009333,0.000655475216415054,0.9623359398929059,1,0
28.740398013032973,67.62647450901568,40.95134079456329,8.76811501197517,4.887121868785471,737.3745732214404,0.0005219686125756254,0.9722918704589832,1,0
30.53375099785626,99.33078041300178,62.09229949861765,11.222705779597163,4.2803404475562274,738.4036951861297,0.0006427584304502009,0.9372423504123687,1,0
33.393673710525036,81.8358451500535,57.72884767502546,7.43655757047236,3.2469030930660665,736.8823978439832,0.00040151400042732143,0.9786203442663457,1,0
35.086281429976225,104.14351899176836,45.457894913852215,6.295818915590644,3.6035437947139144,736.8861373561394,0.00016314409631959764,0.9810680599590642,1,0
32.32844258658588,73.39170103892684,74.8417678847909,11.601741464808583,4.636914019472897,738.2988442915627,0.0009599511288055858,0.9469734533713907,1,0
26.68209165800363,93.3521215710789,53.368177115917206,7.683022918179631,5.243353012017906,737.8016417394836,0.00011810226308252975,0.9727426535819679,1,0
37.042157533578575,62.40499037317932,66.50183744728565,9.8512390460819,4.249202326871455,736.7888448344587,0.0014720968674194744,0.9663288141705514,1,0
36.61916642449796,92.20671825110912,42.29993559420109,7.084213184192777,4.463012017775327,737.0584119363817,0.0002566622385199181,0.9777976185556333,1,0
26.376322973519564,60.48137689009309,77.91672050952911,10.824889903888106,3.1524654985405505,737.323528106132,0.0010974145899411768,0.9628719441366335,1,0
31.9640453113243,106.12234984524548,59.03833869844675,8.368860935792327,3.7590612140484154,737.77912229848,0.00029752064574948666,0.9645639822643585,1,0
34.83910646755248,74.5923217292875,60.90491693466902,9.153494792059064,5.1085125603713095,737.4701204489289,0.0006001085019310606,0.9670203605219992,1,0
32.7656332263723,98.95956403575838,73.48776590079069,10.297185374423862,5.377186864614487,738.9480825494596,0.0004008217807702872,0.9466003927005273,1,0
30.02287549432367,79.12391860969365,46.60197410732508,7.986916417255998,4.027821125462651,737.2119456320357,0.0003562392320636258,0.9751645925546362,1,0
28.053763583302498,88.07127693668008,65.1867863535881,11.907028818503022,3.420881789177656,738.3000499184051,0.0008015491873346331,0.9363396837377458,1,0
38.42891068197787,68.04031975567341,54.5513541251421,6.740325612947345,4.731342105194926,736.5568364043206,0.0006624342996298167,0.9828129188773077,1,0
39.83574332203716,107.56659073755145,67.98097435384989,7.737291360273957,3.1780891697853804,737.6169700118539,0.00030935059346748735,0.9701011286270668,1,0
27.578937360085547,76.62098597735167,52.34798651188612,9.972753329202533,4.332385819405317,738.0584217849864,0.0005311650954199409,0.960542933854493,1,0
29.549444438889623,96.58064226619899,70.69601930677891,6.030751062557101,4.97544795460999,736.9434075574718,9.141474882863384e-05,0.9831138874751439,1,0
34.17473364621401,65.83034926094115,48.812665939331055,11.316029543057084,3.7822464406490326,737.1224613771765,0.0013461404847802188,0.9555408622180269,1,0
36.247741635888815,88.14222075976431,56.87403351068497,10.9457803722471,4.138915459159762,738.2806099927554,0.0007538057469250065,0.946584826483271,1,0
31.491078613325953,70.64881230704486,63.738167360424995,7.139262752607465,5.3320313659496605,736.9072075266399,0.00038981385845201274,0.9806879561404411,1,0
25.90103216934949,102.35082771629095,44.47156500071287,9.570295142009854,4.688626206014305,738.1536692821867,0.00033505594813021324,0.9540178351399801,1,0
38.02646453958005,84.66210601851344,75.08591149002314,8.901483898982406,3.534415759611875,737.3740938813324,0.0005898171638345008,0.9678212758879333,1,0
37.92255917098373,109.63660072535276,42.948074489831924,10.003115130588412,3.669321974273771,738.0426644063317,0.0005119055179788367,0.9471353087260846,1,0
25.80436530057341,77.32225818559527,77.3125260323286,7.718480939045548,5.176320317666978,737.454571054955,0.00020106576939909733,0.9762590515311254,1,0
31.334773944690824,95.72020106948912,55.897514782845974,11.287768984213471,4.533067428972572,738.4816919285037,0.0006581691850952631,0.9382462111377767,1,0
36.084484569728374,63.21054677478969,64.01156265288591,6.047091169282794,3.065279088448733,736.2653358123346,0.0007703584736727375,0.9880219302100065,1,1
34.27612109109759,90.80999399535358,71.59442413598299,7.2149476278573275,3.3336578281596303,736.9999622485686,0.0003042951043640883,0.977904774289135,1,0
29.6577840577811,71.5572223905474,48.4611376747489,10.881649738177657,4.801512553356588,738.2027741276762,0.0007371112673997028,0.9544866239629914,1,0
27.745084171183407,101.69905064627528,69.58256028592587,8.824796414002776,5.445032172836363,738.4878883576296,0.0001888620959184409,0.960578638439492,1,0
39.994651856832206,82.64159228652716,50.199524611234665,9.635065035894513,3.9379668487235904,737.5022927024182,0.0007464630652279634,0.9622453933514477,1,0
38.59128094278276,93.0659189261496,67.41337236016989,10.84140739403665,4.9089753879234195,738.7587609984507,0.0006472494385876299,0.9440901253727264,1,0
28.209124449640512,63.09994034469128,53.02789229899645,7.056130008772016,3.8707268768921494,736.6398001433885,0.0005413161119549955,0.9836040053122644,1,0
30.120486388914287,104.05262670479715,73.76117065548897,9.134873198345304,3.2642455836758018,737.6753950268251,0.00041964849533672385,0.9584181879018211,1,0
32.87042517680675,73.89133487828076,45.625445768237114,8.399411564692855,4.263284054584801,737.1393146258179,0.0005414436049905188,0.9735925479319749,1,0
34.67925413046032,99.61238940246403,58.68681989610195,8.051863694563508,4.61963828606531,737.7809457646885,0.00023574202668522244,0.9686672552540004,1,0
31.79701169487089,81.14548212848604,61.80331215262413,10.220675272867084,3.620533430483192,737.9134285588317,0.0006917729191144705,0.9573819908839585,1,0
26.268869936466217,85.40302760899067,40.15144515782595,6.6763838063925505,4.2272820505313575,736.9929200114044,0.00014806770743018953,0.9816118142364586,1,0
36.51872300542891,67.13143208995461,79.51833512634039,11.982902521267533,5.265597542282194,737.6179948382518,0.0014428940622206049,0.9447861674523161,1,0
37.15042562689632,87.38568247295916,54.34478219598532,8.75011139921844,3.1353326626122,737.3415780175528,0.0005348415212015575,0.9683110261340623,1,0
26.783407577313483,68.32974943332374,66.22835654765368,9.533967414870858,4.479820599779487,737.6615863252277,0.0005402882416547985,0.9669837673632218,1,0
32.48730820603669,98.46929017454386,46.98128059506416,7.453738817945123,5.086716406047344,737.6238745720335,0.00015286972446097193,0.9733192163376566,1,0
35.25238532572985,79.2180453799665,72.61525861918926,11.19363841228187,3.7811434660106897,737.8480323829247,0.0009314466202194367,0.9494418465630386,1,0
33.29707836732268,106.80948024615645,60.49076162278652,11.53823453374207,4.04953144909814,738.6573406029343,0.0006564649628852815,0.9288769310338838,1,0
30.429917154833674,74.3013508990407,59.877261966466904,6.370845755562186,5.355190443340689,736.7518579683638,0.00025572574392816847,0.9841933593837984,1,0
28.57718386221677,92.69853251986206,78.16668678075075,9.91666697524488,4.7485607718117535,738.443535507414,0.000403121919087658,0.9539690781083281,1,0
38.84211804252118,60.38571641780436,41.30293633788824,7.605711730197072,3.40398737648502,736.3848548542617,0.001308670238891305,0.981127318663273,1,0
39.30436252616346,102.84167303703725,75.99749580025673,6.399459471926093,4.349213330540806,736.9190860853637,0.00018416057826610942,0.9803549437086153,1,0
27.171945739537477,84.5685521978885,44.13130693137646,11.685606630519032,3.1609755610115826,738.0861452010905,0.0007951871008030714,0.9412794514262304,1,0
29.026088560931385,88.82838817313313,62.657511197030544,8.117712439969182,3.80434791976586,737.4902668275496,0.0002945094386215114,0.971617453588362,1,0
33.761576381511986,70.35995408892632,57.04156715422869,10.354043802246451,4.953670729417354,737.7298173698565,0.000841105617961532,0.9592560994727115,1,0
35.71643239352852,96.08825504779816,49.770588763058186,9.189141998067498,5.31001571752131,738.3937254435923,0.0003108436434978458,0.9593487768734799,1,0
31.083929664455354,65.92543827369809,70.40700521320105,8.520925490185618,4.160606853663921,736.9840179034087,0.0007071065070027467,0.9749635642368671,1,0
25.377719178795815,106.8788888771087,51.548149809241295,10.576340613886714,3.5175024177879095,737.4599235584001,0.0004985484643290162,0.9434449793606947,1,0
37.61312128044665,76.91138385795057,68.43416854739189,6.77041701413691,4.70582564547658,736.7257855580278,0.0004469716519558096,0.9816583096900883,1,0
37.29415000882,94.88997900858521,74.50158428400755,7.547514947131276,3.9953895467333496,737.2450737029385,0.0002995561287378639,0.9744726354518536,1,0
25.0512986863032,63.94435040652752,45.13523790985346,9.7873680498451,5.4975103116594255,737.9746155854162,0.0004815206671982856,0.9649342819003743,1,0
30.699958326295018,108.90327355824411,66.82569891214371,6.218881806358695,4.851506948005408,737.1673926015347,7.204389738745864e-05,0.9801813471531223,1,0
35.33965993672609,78.15295671112835,53.709597662091255,11.502691330388188,3.3886063559912145,737.5751306232105,0.0009852579286618235,0.947874307277668,1,0
33.618214782327414,100.86768408305943,40.64760364592075,11.135397283360362,3.032309046946466,738.1614457478386,0.0006208346372960544,0.9382329995962634,1,0
28.875506399199367,83.37425178848207,78.78417730331421,7.3244870994240046,4.495276619680226,737.1890876250061,0.0002174460108391084,0.9780177109641323,1,0
27.080771406181157,90.07704801857471,58.011065162718296,9.381959119811654,5.140935766510665,738.4931487690999,0.00027527410245572386,0.9593899429211229,1,0
39.2206161795184,72.3883024789393,62.39724140614271,8.71461540274322,3.638748616911471,736.7321183739012,0.0009062633706698847,0.9727616252498356,1,0
38.75105409882963,104.88332401961088,55.21687716245651,6.8989878091961145,5.208211631514132,737.3160589402768,0.00015839044685036181,0.9760889187531853,1,0
28.493326175957918,73.15800650045276,64.60060901939869,10.635274110361934,4.1748410342261195,738.0616738507379,0.0007310705012309534,0.9566691036822603,1,0
30.286666895262897,93.79972451366484,43.43935023993254,8.555729119107127,3.5705022113397717,737.6774968286306,0.00035994330488684965,0.9667821221500251,1,0
33.146385815925896,62.269720239564776,76.57348547130823,9.341831216588616,4.564652672968805,737.0304028336338,0.0010487484508652596,0.969927393528023,1,0
34.8682955512777,86.23410667292774,68.99000409990549,10.482570251449943,4.29629330476746,738.3183318012523,0.0006635831344334755,0.9518976241271887,1,0
32.110653347335756,66.39848508872092,50.87634723633528,8.176693143323064,3.30207586241886,736.7456231288184,0.0007562104364328292,0.9778827247207701,1,0
26.464318707585335,100.34505067393184,72.32995487749577,11.720365913584828,3.9060722566209733,738.1533114069516,0.000652723381639424,0.9319963357392289,1,0
36.82412357069552,80.31411733478308,47.966046929359436,6.552195897325873,4.9395092385821044,736.7667717422559,0.0003462119670251108,0.9822286072240104,1,0
36.368209212087095,97.64011575840414,63.417493999004364,9.694038586691022,3.4370116721838713,737.9198001652123,0.0005377559225297333,0.9555518712645782,1,0
26.125555359758437,79.94984489865601,56.531866267323494,8.953315710648894,4.786377187818289,737.9801771912915,0.00028723690984590983,0.9668411732002086,1,0
31.713332878425717,86.65340574458241,75.42931567877531,11.034390455111861,5.390530304983258,738.9861916656857,0.000549984683890681,0.9444828778416705,1,0
34.58812575787306,69.15844663977623,44.7934428229928,7.249711202457547,4.080069616436958,736.6689480304912,0.0006181467599125333,0.9812075457526525,1,0
32.54395855590701,91.868976354599,52.06380132585764,6.10602037422359,3.7237439998425543,736.6879423969821,0.00018480198927576735,0.9840426384138241,1,0
29.801447642967105,61.11713455989957,67.68044155091047,11.416335487738252,5.034290146548301,737.7669911959994,0.0011574011217825436,0.9543604162318846,1,0
27.832305137999356,106.07834783382714,49.11440350115299,7.87117731012404,4.429793408606201,737.7644936579367,0.0001774032228520521,0.9683968583993333,1,0
38.20724118035287,75.13119279406965,70.98144114017487,10.037925912067294,3.0803418387658894,737.0149947870319,0.0009495951678720711,0.9633135343648945,1,0
39.61794382892549,89.65708137489855,46.320212595164776,11.853643650189042,4.6728408564813435,738.4573625714505,0.0008991017677129479,0.9349495177728919,1,0
27.36093396320939,69.6276733558625,73.18481180816889,6.618135524913669,3.4797251732088625,736.5895071974437,0.0003642658074749362,0.984974454002051,1,0
29.331427882425487,103.5734773054719,54.855550825595856,10.185183567926288,4.12522752257064,738.1191997433472,0.0004918608528378084,0.9473441447454468,1,0
33.95697106141597,83.7393825314939,65.46974666416645,7.899859691038728,5.2794383415021,737.4008181173072,0.00030377817943994613,0.9734716307069966,1,0
36.00068821106106,107.70872658118606,77.59362377226353,8.27010834775865,5.0111072808504105,738.1692964137262,0.0002092259424111841,0.9641143903338673,1,0
31.24376406427473,76.18024725466967,41.96018934249878,9.076672123745084,3.8568110037595034,737.4676355128175,0.0005598653830191462,0.9685765539051605,1,0
25.653733015060425,96.81967812590301,61.24586168676615,7.020593957975507,3.2109656296670437,737.0863013406948,0.00018866353861440424,0.9776522594124243,1,0
37.779362136498094,65.09588704444468,59.362678341567516,10.689450597390532,4.404167367145419,736.9037529612127,0.0014973659692552154,0.9590808618077761,1,0
37.88854962680489,99.14044448174536,78.29746402800083,7.289721792563796,3.07512774085626,737.1025953267134,0.0003046510531320218,0.9759330046543646,1,0
25.63153517898172,81.67141432873905,41.411378383636475,10.982839928939939,4.541838112752885,738.4401962602104,0.0006118092415271901,0.9489035900703329,1,0
31.29159666597843,85.12714918702841,60.38744989782572,8.914219038560987,5.185240292456001,737.9977055251607,0.0003047966841054563,0.9655080048965562,1,0
35.917135486379266,67.46280578896403,59.751119427382946,9.745044266805053,3.679624460171908,736.8741337356668,0.001097975955439734,0.9673585613025559,1,0
33.97642253898084,93.58974708244205,47.178338281810284,10.080867821350694,3.9479549201205373,738.21914771498,0.0005669082807685401,0.952776534691505,1,0
29.21949403360486,62.619787864387035,72.79421541839838,7.816692603752017,5.453656210564077,737.2283977741645,0.0005356106277898987,0.9782039258147547,1,0
27.439908827655017,104.3803824018687,54.15077596902847,11.374310715124011,4.810598247684538,738.6964619645663,0.000557931416162129,0.9323571537360225,1,0
39.56553336698562,73.60573493875563,66.01705081760883,6.159951293841004,3.3438018215820193,736.3661712901313,0.0005835322538994037,0.9861400477862403,1,0
38.156211134046316,91.0620782431215,51.36146787554026,7.95360623113811,4.252521122805774,737.3331216897267,0.0003658420418200334,0.9722259542948954,1,0
27.913561640307307,71.250787274912,68.22530429810286,10.142968380823731,3.254560583271086,737.5913056677919,0.000765341184499931,0.9628246445404173,1,0
29.694556375034153,102.14567551389337,49.9749705940485,6.563477927818894,3.861500515602529,737.0871295672121,0.00013000010844111437,0.9794623381303817,1,0
32.56935383658856,82.13907279074192,70.58840334415436,11.89640654437244,4.898366478271782,738.7505519039199,0.0008418694643122372,0.9382610134010568,1,0
34.50961561407894,109.33263920247555,62.556640803813934,10.740263001993299,5.254692695569247,738.8059965220389,0.00047282067595399394,0.9369468185568364,1,0
31.7671092832461,77.58291954174638,56.922748759388924,6.981310045346618,4.217741274740547,736.8335519575194,0.0003367382618654828,0.9812245708285778,1,0
26.104737939313054,95.22169296629727,76.13071452826262,9.02493972145021,3.6111437710933387,737.6848533383578,0.00038917785359151387,0.9624229188119446,1,0
36.479678340256214,63.66728655062616,44.2470732703805,8.309943186119199,4.609190364833921,736.7890125811142,0.001004723520304323,0.9754221035423155,1,0
36.72685964498669,96.41619849950075,69.38159231096506,11.451878925785422,3.7703817076981068,738.1663192185091,0.0007587478474308092,0.9367365254964998,1,0
26.469128928147256,65.640026088804,50.01478832215071,6.258165718987584,5.077032616361976,736.6332983371218,0.00026625605291688776,0.9863210837494515,1,0
32.072884142398834,107.40291074849665,71.78379513323307,9.839100452139974,4.470593027770519,738.2876792110391,0.0004210608362913851,0.9490375509672223,1,0
34.93260049261153,76.43142509274185,48.66723597049713,7.507680108770728,3.1247225794941187,736.7191551580565,0.0005311006923860835,0.9796376487757634,1,0
33.13882923685014,102.56561282090843,55.76210230588913,8.660868862643838,3.393081356305629,737.7441815003166,0.00037264323730869226,0.9632704813743447,1,0
30.381184462457895,84.89974410273135,63.89791317284107,9.42417430691421,4.739018785301596,738.1375106094396,0.0003853740588367734,0.9617288569740098,1,0
28.42444337438792,88.35624357685447,43.047475926578045,7.379144696518779,5.3458019946701825,737.5180091007051,0.00014360887056658392,0.97602458827962,1,0
38.78424544353038,70.88568661361933,77.43288908153772,11.092634389176965,4.039084701333195,736.9436380001957,0.0013326850541731526,0.9545208534483202,1,0
39.259765576571226,106.31115989759564,40.25817073881626,9.298889307305217,4.963515786919743,738.5660964518152,0.00035039358417029287,0.9547448432881934,1,0
27.016916824504733,74.75827842950821,79.6411395072937,8.61021382547915,3.8131150458939373,737.3900376029046,0.0004210285228784776,0.9722282266765286,1,0
28.97231996525079,92.39476471208036,58.55873171240091,10.677298882976174,3.169899093452841,737.870001833186,0.000642706064118774,0.9478793265154292,1,0
33.61202436964959,60.646571489050984,61.692104153335094,6.8450568895787,4.359519411344081,736.51177563701,0.0007610550976160737,0.9840343360442564,1,0
35.40626087691635,87.83212554641068,73.95298313349485,6.5121853072196245,4.715817311778665,736.8559764269106,0.00024046236211848265,0.9816597736535077,1,0
30.663555287756026,67.82704814337194,45.838868357241154,11.771916439756751,3.526130013167858,737.5634667438301,0.0011802249565280483,0.950593389026125,1,0
25.06206695921719,98.72117474675179,67.21484571695328,8.215789815410972,4.169688990339637,737.6986607586589,0.0002233517000814768,0.9678629516092165,1,0
37.20191430300474,78.9114105887711,52.850480154156685,10.431564571335912,5.320156116038561,738.1374461098317,0.0007141543795119763,0.9543779458993611,1,0
37.57857097778469,85.95784938894212,49.22597397118807,11.245376536622643,3.3792274254374206,737.6657671339879,0.0008479759878611213,0.9462133173234581,1,0
25.44615854974836,66.72947992570698,71.10909070819616,7.413909701630473,4.8410506821237504,736.9942684375641,0.00032871765606339634,0.9806290254517172,1,0
30.989855527877808,99.87424680963159,51.94063447415829,9.483149288222194,5.486594736110419,738.7904976853553,0.0002702604433456166,0.9547499804816594,1,0
35.725347930565476,80.8411905914545,67.5741545855999,8.78938958980143,3.9858571155928075,737.3720289332663,0.0005509990162351603,0.9693309986521987,1,0
33.69588381610811,105.2114637941122,75.60651794075966,7.660375049337745,3.629511526785791,737.4987952347617,0.00024511457601093356,0.9709612094541098,1,0
29.063385669142008,72.8727906383574,44.99225549399853,9.87390980310738,5.130335201509297,738.0198759025795,0.0005008776330104564,0.9619613267612279,1,0
27.167607615701854,94.32240490801632,63.20428129285574,6.317093493416905,4.484524416737258,737.0069788181943,9.776324801805727e-05,0.9820568085440584,1,0
39.40301407594234,61.78841999731958,56.33976776152849,11.580443998798728,3.022615701891482,712.2340868037705,0.0019447788379152594,0.9878919653093331,1,1
38.93482578918338,101.31545671261847,61.03997312486172,10.39607429690659,4.573725254274905,738.6434899117975,0.0005575674297547365,0.9453747882983959,1,0
28.567803157493472,82.87288005463779,59.17302116751671,8.063787242397666,3.5806521652266383,737.3058417286294,0.0003379335885975807,0.9738749748453879,1,0
30.464932625181973,90.32874818891287,77.77815032750368,11.642658999189734,4.184842218644917,738.3465312053381,0.0007731814854448996,0.9374622861991506,1,0
33.230005386285484,72.08148328587413,42.16144349426031,6.453938456252217,5.216829708777368,736.7000979485274,0.00035862579431197015,0.9838951695384792,1,0
35.25901922490448,94.39032984897494,54.73482545465231,6.809519408270717,4.948442326392978,737.1043976646804,0.00018664121772109935,0.9788271226111694,1,0
32.39185365382582,64.39994912594557,65.37078399211168,10.525340655818582,3.916368782054633,737.2664027874848,0.0011507267255401693,0.9622314591303237,1,0
26.84590314514935,108.59969089739025,46.434224396944046,8.480909178033471,3.3119114018045366,737.453226720816,0.0003216984430408962,0.9631562948079255,1,0
37.11083274334669,78.41399692930281,73.31978552043438,9.240686802193522,4.30506994901225,737.4387370912785,0.0006682835881124686,0.9662995115568354,1,0
36.57069003675133,108.23160665109754,57.829304561018944,6.007988775148988,4.089145792648196,736.8588712200644,0.00012706008286710426,0.982100732032437,1,0
26.18853611405939,75.69914668798447,62.19329819083214,11.338768942281604,5.40068381652236,738.9659642579757,0.0005560899809255537,0.9469418478159555,1,0
31.910304501652718,97.1479996945709,40.85683036595583,7.758497251197696,4.796374814584851,737.7004217085442,0.00018373579533667223,0.9715078293700278,1,0
34.6602460835129,64.81085297651589,78.9704206213355,9.951570326462388,3.4456261545419693,736.7904875799807,0.0012060182869804202,0.967179666401535,1,0
32.953505804762244,89.18608379550278,66.71014245599508,9.593034541234374,3.0892713316716254,737.6905340140181,0.0005649499675034148,0.9600779240967924,1,0
30.071266163140535,70.1545528974384,53.57609290629625,8.878721611574292,4.440086376387626,737.3185437152886,0.0005587110311125868,0.9712841266268986,1,0
28.232709909789264,103.29703226685524,74.6201927959919,10.924597369506955,5.044129243586212,738.6652575820398,0.0004892241590415559,0.9382522571983213,1,0
38.48256554920226,84.07018961384892,45.236394330859184,7.160468643531203,3.7325242389924824,736.7791028859896,0.0004276539448770298,0.9794945028747202,1,0
39.88457029685378,91.56559336930513,72.45588768273592,8.344748245552182,5.270058237481862,737.586424910145,0.00035634475534106436,0.9682786539518606,1,0
27.766373632475734,61.378374453634024,48.06964483112097,9.177630370482802,4.114770045969635,737.1326699172828,0.0007817009358522129,0.9723993508941478,1,0
29.603535612113774,105.57888046838343,68.88177178800106,7.109882270917296,3.468810808379203,737.2521722829453,0.00018272116659551934,0.9751549510667896,1,0
34.35324366670102,75.58697330765426,50.74528381228447,10.799197928979993,4.6633095988072455,738.1023801627389,0.0008286444875752354,0.9535114352959572,1,0
36.06044830288738,97.89162221364677,43.65101829171181,11.93116439692676,4.394931450486183,738.5687368668819,0.0007926322083504821,0.9289401814283176,1,0
31.44210869912058,79.64283199049532,76.76705293357372,6.7162129227072,3.200366275385022,736.651688619768,0.00033844926078984696,0.9830364169566482,1,0
25.72266531176865,87.10099061951041,55.037558041512966,10.271493399515748,3.846057590097189,737.9353875932616,0.0005708918708304178,0.9540344403021646,1,0
37.972230203449726,68.65688715130091,64.40399009734392,8.012585503980517,5.001412762328982,736.8368758315776,0.000784565583477084,0.9755812304608329,1,0
38.10999555513263,93.63376772031188,57.2641721367836,9.113667285069823,4.862846831791103,738.1003667279489,0.0004011790524900133,0.9613099889391034,1,0
25.85319216363132,62.080910094082355,62.88049943745136,8.420594589784741,3.3571451688185334,736.8971916060898,0.0006444204331332274,0.9776012750545777,1,0
31.513283853419125,104.71812951378524,43.924413435161114,10.864169703796506,4.002989946864545,738.302186138557,0.0005915317299134045,0.9389181195795477,1,0
36.138575854711235,72.96996013261378,75.7905337586999,7.033390587195754,5.4697861494496465,736.8439680769507,0.00045654728450699654,0.9802997084782695,1,0
34.22715106513351,100.55832237936556,68.53024307638407,6.697566831484437,5.1131165395490825,737.2379109000155,0.000131432417519963,0.978279948511204,1,0
29.470490836538374,80.55326881818473,51.64368849247694,11.961696607992053,3.64640594413504,738.0743732115428,0.0009284034391136017,0.9403987545964709,1,0
27.690849946811795,86.44661460071802,70.30742563307285,8.029124272987247,3.000905382912606,737.2662942749653,0.00034884956220252746,0.9734169039667588,1,0
39.81628488749266,66.63687428459525,49.67123031616211,10.243437582626939,4.506520842667669,736.8315835887934,0.0014544317103652045,0.9614787609424748,1,0
38.403494195081294,109.093596637249,73.09673082083464,11.26209987513721,3.558550690766424,738.3782561049887,0.0006322786532739395,0.9319203680390703,1,0
28.16064795013517,78.31740038469434,47.46297989040613,6.072783166542649,4.595502484124154,736.6666419165017,0.00019255438747351733,0.9856173136122585,1,0
29.941625893115997,95.07953998632729,65.73361366987228,10.027227843180299,5.200002202298492,738.7452321012472,0.00036579408991783995,0.9514876005232629,1,0
32.816684478893876,64.10803048871458,53.84949751198292,7.694345338270068,4.201955832075328,736.7170667669059,0.0007473837236080181,0.9796673081443579,1,0
34.72764468751848,89.83941002748907,41.75522543489933,8.850488411262631,3.9332821192219853,737.7484208145025,0.0004368339454368281,0.9656119907604754,1,0
31.98488438501954,72.17351746745408,78.61890137195587,9.609395926818252,4.931242882274091,737.6454382617031,0.0006147371546944947,0.9648194441918079,1,0
26.32252491544932,100.63080968335271,59.43091873079538,7.190812027081847,4.3270855927839875,737.4432629585939,0.00012733110089636543,0.975092618816512,1,0
36.69766922015697,83.16022887825966,60.044807605445385,10.905762450769544,3.290220002643764,737.5815249608819,0.0008350652930056542,0.9512514795272037,1,0
36.97783088311553,103.38468010537326,46.16074334830046,8.139009883627295,5.41772128501907,738.0583101548497,0.0001981355382297073,0.966383133758776,1,0
26.71985345892608,83.57341297902167,74.29639015346766,10.332769246771932,4.071784079540521,738.12032598626,0.0005775223171726308,0.9546101872060619,1,0
32.323639770038426,89.46904627606273,52.50831574201584,6.376788737252355,3.467784705106169,736.7186774480002,0.00022375758763264455,0.9830419140643413,1,0
35.18356706481427,69.46246739476919,66.89416952431202,11.708254477009177,4.774502370972186,737.7641389381774,0.0012223697082046332,0.9479033945800968,1,0
33.360489322803915,97.05884199589491,79.92656446993351,10.555066058412194,4.417861068621278,738.4989127933068,0.000572535999465366,0.945622677973902,1,0
30.602655061520636,65.30914617702365,40.55990517139435,6.791714457795024,3.1112105324864388,736.4694989941462,0.0005973321096048328,0.9850024090209853,1,0
28.645859183743596,107.94712685979903,61.39156822115183,9.211789844557643,3.715553527697921,737.7652442170736,0.0003890847523522871,0.9560402462491735,1,0
39.00592941790819,76.39274428598583,58.27454965561628,8.49825475551188,5.061424199491739,737.1322606007037,0.0006389851756259421,0.9709965640330595,1,0
39.47752243373543,86.81783665902913,64.18087631464005,7.4793163519352674,4.097427550703287,736.9612423937659,0.0004128263446566455,0.9766801280332014,1,0
27.2349346941337,69.3487826641649,56.06629617512226,11.168037990108132,5.287114625796676,738.513569659742,0.0006504796309985004,0.951523025849255,1,0
29.190321937203407,97.80378438532352,77.1299321576953,8.72590715624392,4.641456075012684,738.1226738874337,0.0002554383314791408,0.9633729956061716,1,0
33.8298297021538,80.13941714540124,42.76571724563837,9.558194546028972,3.49098857678473,737.5844352393602,0.0006563872292092564,0.9639223219358304,1,0
35.653357496485114,105.86355024948716,50.33912483602762,9.891066553071141,3.2222865563817322,737.7942594196296,0.0005104501428476232,0.950218615422448,1,0
30.91085569933057,74.89356718957424,69.72254019230604,7.631289264187217,4.372686924878508,737.0279902222005,0.0003925328177257892,0.9779175792195003,1,0
25.30938013922423,91.65494254790246,48.32749284803867,11.562461664900184,5.018688500393182,738.4081019318235,0.0005886427956346392,0.9380334079055154,1,0
37.44897362310439,60.880271242931485,71.46069526672363,6.3466415125876665,3.829067958984524,736.3550901630202,0.0008981882134414585,0.9862173184531638,1,0
37.35687440261245,103.88819485902786,65.06644245237112,8.533058384433389,4.559037701226771,738.0597101078931,0.0002927634195744514,0.9633170916483337,1,0
25.224723098799586,73.70099978521466,54.45200998336077,9.364479063078761,3.058214250020683,737.4666201672105,0.0005789552830566644,0.9678069219285886,1,0
30.768404682166874,92.90225085802376,73.6013962328434,6.920285252854228,3.701315705664456,737.0386282769417,0.00020302743727213286,0.9790464617227658,1,0
35.50370033364743,62.9103675391525,46.73732928931713,10.613999554887414,5.163224793039262,737.2741070569721,0.0013542754255232233,0.9588202302624884,1,0
33.44493330921978,85.6178246345371,58.83222125470638,11.743013760074973,5.431879134383053,739.1213360089627,0.0007074217261470269,0.9371468662786014,1,0
28.812639066018164,67.36905825324357,60.71548864245415,6.529525162652135,3.9700562502257526,736.5769115557707,0.0004090503478285708,0.9853278106364353,1,0
26.91687417216599,99.82642414048314,42.48469103127718,10.461295695975423,3.3266880637966096,737.9012803167404,0.0005549534328298305,0.9468454478789761,1,0
39.152026660740376,81.38234451413155,78.11774577945471,8.197990586981177,4.827425907831639,737.1610446428613,0.0005167359678029207,0.9722911033005917,1,0
38.68775045964867,95.90899920091033,44.64899614453316,6.194677563384175,3.237666319590062,736.6327489326791,0.0002571242679722182,0.9832602295400087,1,0
28.320481008850038,63.37651539593935,75.28449527919292,11.526918461546302,4.2697396404109895,737.8310807196854,0.001109453860318157,0.9539373983061101,1,0
30.217641070485115,109.82463526539505,56.660591922700405,7.573092481121421,4.876369907986373,737.8501652041352,0.00013390674023936667,0.9696996202458481,1,0
32.982924887910485,77.48746470548213,63.54629773646593,9.761767627671361,3.8832109882496297,737.6991966627897,0.0006727739889807336,0.9628394236528682,1,0
35.041226437315345,101.45988733507693,70.80720830708742,9.406186250969768,4.239823675714433,738.2679419413668,0.00041482380802838973,0.9560452610529311,1,0
32.17387126758695,82.42833259515464,48.940696977078915,8.6904111597687,5.23289639223367,737.7539955502145,0.0003316299865764688,0.9681103115519729,1,0
26.62786557804793,90.57159278541803,67.8581889718771,11.109796861186624,4.625998797826469,738.4910546220316,0.0005949887823297628,0.9430613161004975,1,0
36.893063453026116,71.34472629055381,52.241318076848984,7.350064633414149,3.5940110841766,736.6057817598955,0.0006789692703343349,0.9807474899901067,1,0
36.31992591544986,88.63806416280568,76.48225381970406,10.207945877686143,5.099276997614652,738.5543159009,0.0005269070833779159,0.9526385374608836,1,0
25.937575353309512,70.1955113466829,43.34866039454937,7.877120269462466,3.7484615803696215,737.0366591562561,0.0003893549215877814,0.978197128963782,1,0
31.65932745207101,102.65211261808872,64.70511134713888,11.832437736913562,3.1417123642750084,738.6229483604018,0.000639191591315621,0.9278120458631501,1,0
34.40953004639596,84.40487155690789,55.32115239650011,6.639318550005555,4.4533171453513205,736.8186112158136,0.00027395787124905946,0.9817375884649405,1,0
32.73208150174469,107.1165263094008,47.74836469441652,6.997854536399245,4.721962243318558,737.4876776894388,0.00012052520753772849,0.9750525275811774,1,0
29.84958800021559,77.12616942822933,72.11188342422247,10.712212907150388,3.410423995926976,737.8388467687294,0.0008017628968231162,0.9549901044684476,1,0
28.011044012382627,96.32513037882745,51.08808360993862,8.291291372850537,4.016907077282667,737.7297079373016,0.0002638444558389778,0.9678357812831659,1,0
38.2611034438014,66.13946025259793,69.2018149793148,9.055466210469604,5.367655364796519,737.049349723647,0.0010332491973589937,0.9687015261294136,1,0
39.66656340751797,98.6352478992194,53.252391777932644,11.058503167703748,3.791175691410899,738.0605356537543,0.0007138581356914266,0.9405550722776087,1,0
27.548577687703073,79.40685459412634,66.36856157332659,7.225575601682067,4.98574123904109,737.1872028332729,0.00020270907164639712,0.9791568005055542,1,0
29.385769367218018,87.55087641999125,45.5767323076725,9.66836947761476,4.342224599793553,738.1762065708148,0.0004407968930145618,0.9588718830799127,1,0
34.13523071445525,68.51779635995626,74.94269542396069,8.97900770790875,3.186869651079178,736.8733846493659,0.0008734376245997856,0.9728073487042173,1,0
35.813130205497146,92.48526137322187,61.91092036664486,7.847041709348559,3.5434915819205344,737.2840198567332,0.00035181519252732254,0.9731634142073434,1,0
31.19505876675248,60.14656437560916,57.52452298998833,10.06203862465918,4.698779996950179,737.2225376861903,0.0011236729074979859,0.9656905859354334,1,0
25.475559304468334,106.5969713870436,79.27400339394808,6.131712371483445,5.342028713319451,737.2030434170157,4.103091895300391e-05,0.9809515393720031,1,0
37.72493470925838,74.06296263448894,41.13796558231115,11.39066637866199,4.147530295420438,737.3985464630574,0.0011792814935644887,0.9500117069359874,1,0
37.740866052918136,92.58409667760134,75.91631907969713,10.876868119463325,3.9013106487691402,738.1533259561683,0.0007326116589185513,0.9454098638442775,1,0
25.483491350896657,60.05468940362334,44.03304036706686,7.208010585978627,4.934523684903979,736.7827596843119,0.0004248603740626353,0.9829099460685744,1,0
31.20526554994285,106.49973348714411,62.92789690196514,9.639072122052312,4.291465684771538,738.152700832855,0.00040883367555819797,0.9517055206030257,1,0
35.83044400438666,74.16563796810806,57.294863015413284,8.832508167251945,3.2971575129777193,737.0058383619989,0.0007448548519615882,0.9718859706532151,1,0
34.12363890558481,98.53171351365745,49.56490024924278,7.712276944890618,3.5752630648203194,737.4057688812738,0.0002821549923089123,0.9722889654415059,1,0
29.366178484633565,79.50323493219912,70.17934404313564,9.997600285336375,4.569637770298868,738.1856126422044,0.0005097424652324082,0.9589949129549021,1,0
27.527599432505667,87.64341970905662,51.6158988699317,6.0555359702557325,5.213039987254888,736.8662324165184,0.00010573398101187038,0.9842514594644789,1,0
39.652691944502294,68.41962788254023,68.4799449518323,11.291042843833566,4.1797598213888705,736.889508035475,0.0015728156426297356,0.9528648716730567,1,0
38.24562327004969,107.21309738233685,53.819269463419914,10.225503025576472,5.145697197411209,738.9627631839123,0.00044033018947173025,0.9439862549988117,1,0
28.00266169011593,77.02282577753067,65.68575397133827,8.058754602447152,3.6437343289144337,737.1828904555447,0.00037519111408590466,0.9754518537626852,1,0
29.839831269346178,96.2271526362747,47.354205437004566,11.978940853849053,3.0371367880143225,738.5192600126861,0.0006818527317187437,0.9301667203869955,1,0
32.71431675646454,66.23219427652657,72.97109361737967,6.668626634404063,4.5001948294229805,736.5987798217317,0.0005292977104224214,0.9841628915659317,1,0
34.42157280165702,88.54599845595658,60.094643495976925,7.0622878689318895,4.846745954826474,737.0958828245822,0.00023637433278593815,0.9783197955261116,1,0
31.678468282334507,70.29415591619909,59.45917118340731,10.846968373283744,3.3836213797330856,737.5023706130318,0.0009881390813363932,0.9578349035499991,1,0
25.959003884345293,102.75459721684456,78.74713107943535,8.390921344980597,3.9905613493174314,737.6725636388201,0.00026345649548465544,0.9651963015110244,1,0
36.33334620855749,84.30744292214513,41.86140798032284,9.131644757464528,5.492591347545385,737.8789278281597,0.0004242603922074595,0.9636790136518578,1,0
36.8735185591504,101.5542418602854,67.00016431510448,6.364595269784331,3.2060373104177415,736.8031932593422,0.00021106703502109708,0.9813698714073189,1,0
26.61634132731706,82.32892508618534,52.636656910181046,11.532766180112958,4.399310405831784,738.4070368137296,0.0007459983951744847,0.9430036999553267,1,0
32.160046799108386,90.46987112611532,74.32452518492937,7.614110039547086,5.006093577947468,737.4836022050794,0.00020548587709622086,0.9740730547432322,1,0
35.020316522568464,71.4398661069572,46.21077295392752,9.919987326487899,3.8520406181924045,737.3231101489719,0.0009160240839439949,0.9642167997294857,1,0
32.990788482129574,95.8131910674274,58.149100206792355,9.529230857267976,4.130155404098332,738.1960819504351,0.0004466488969064703,0.9571268956650152,1,0
30.233525531366467,63.47757022827864,61.28268230706453,8.74312929622829,5.284294567070901,737.2026217651355,0.0006756422418474968,0.9729446581706868,1,0
28.337727361358702,109.92490182630718,40.512162894010544,11.19769055955112,4.677855015732348,738.7573930955982,0.0005297874416829431,0.9313776952643817,1,0
38.697911142371595,77.39396774210036,79.89614270627499,7.461405510082841,3.484496313147247,736.6829446717157,0.0005975650004832543,0.9792969439975026,1,0
39.17110630311072,85.71907020173967,42.71553058177233,8.527221394702792,4.434721904806793,737.3844678278176,0.0004948297437787452,0.9694000678110957,1,0
26.928862780332565,67.27344085462391,77.10195478051901,9.194564932957292,3.085198641754687,737.196326123757,0.0006820265320979398,0.9714890566360573,1,0
28.825998953543603,99.73311791196465,55.93840830028057,6.762064838781953,3.7287575816735625,737.121873364728,0.000148701482635087,0.9786344223839568,1,0
33.46630869898945,81.48280180990696,64.07442882657051,10.572974128648639,5.039060671813786,738.4909375848731,0.0006094217505921043,0.9521975969783619,1,0
35.49537126440555,103.78859661519527,71.49127468466759,11.690297769382596,5.385602563153952,739.0179289651057,0.0006275664319434759,0.9273786947808975,1,0
30.752984802238643,73.79516357555985,48.375078067183495,6.406486993655562,4.0752132697962224,736.6191246665785,0.0003391864709074348,0.9848348683406316,1,0
25.20701238885522,92.99719993956387,69.83097340911627,10.349945520982146,3.431997354608029,737.3074803269402,0.0005692699303984906,0.9524244928905309,1,0
37.3471789713949,62.80845514498651,50.46502757817507,8.11009188182652,4.781606224831194,736.7594837239858,0.0010426424666496736,0.9761766710482839,1,0
37.43189099710435,105.76869504526258,46.84328384697437,7.332840437069535,4.222496768459678,737.4358688323955,0.0002087522193305677,0.9732054030331138,1,0
25.298937712796032,74.99557346105576,73.72985571622849,11.138762785121799,5.260597515851259,738.8721312513154,0.0005292661553634776,0.9495562286338801,1,0
30.90270142070949,91.75463764928281,54.48018465191126,8.708319945260882,4.614786693826318,737.973485556632,0.0002858788048751101,0.9655841636892316,1,0
35.63765285536647,60.78620431013405,65.11635314673185,9.37653591670096,3.6156009063124657,736.6051737613653,0.0014131034239585594,0.9714856618288329,1,0
33.84393211454153,86.91123676486313,77.99218337982893,9.791466599330306,3.26903040939942,737.7514382220561,0.000617902406740856,0.9591712310850203,1,0
29.211064772680402,69.24841924570501,42.37583879381418,7.555135058239102,4.26828332664445,736.9193515427474,0.0004497131401697228,0.979635705283295,1,0
27.254303568042815,97.70263567566872,60.667858719825745,11.498001175001264,4.913827417884022,738.7446927342324,0.0005941478176408781,0.9342816085005196,1,0
39.48934072162956,80.23513140156865,58.80176521837711,6.211853122338653,3.87566013680771,736.5088757757806,0.00042989564058318525,0.9846937703065366,1,0
39.02346231974661,96.9586693122983,63.49622938781977,8.168294386938214,5.449817613232881,737.7487774469232,0.00026499918070642555,0.9680807034949291,1,0
28.655850440263748,65.40273701772094,56.6325743123889,10.479250168427825,3.942966698203236,737.5812851658573,0.0009045715183179578,0.9620382864542075,1,0
30.611260286532342,108.04303185082972,75.15648849308491,6.558445220813155,3.3385092807002366,737.052542838447,0.00014988650081175907,0.9785941359972831,1,0
33.3757439116016,76.2917863111943,44.5425882935524,11.72583525069058,4.806445198599249,738.4669572382096,0.0009321994845176749,0.9437976757084882,1,0
35.1699147047475,103.4864956419915,52.271931171417236,10.631220979616046,4.5282827243208885,738.5550434144867,0.0005575788208149363,0.9416132873309871,1,0
32.3024459881708,83.4783670399338,67.90566124022007,6.8913222793489695,3.0602796766906977,736.7416867673189,0.00032972699354332196,0.981473043042473,1,0
26.700935754925013,89.37478860840201,49.049095921218395,9.346567505970597,3.6644697673618793,737.8068971782025,0.00044608006836518234,0.961600435431958,1,0
36.965562319383025,69.56197176128626,70.93322340399027,8.562711669132113,5.171387216076255,737.0272283475903,0.0007671248118945213,0.9720059483304357,1,0
36.71835165005177,89.73683155141771,55.446979738771915,11.420295992866158,3.512597772758454,737.900668413902,0.0008153955233004368,0.9415912907179715,1,0
26.336574186570942,72.27085222490132,64.81362175196409,6.113778529688716,4.700983156915754,736.6210170887967,0.00021103067739823304,0.9862865489044599,1,0
31.99664148502052,100.72277853265405,43.396015241742134,10.03309771232307,5.305025986861438,738.8557621858772,0.0003638073483418582,0.9487392914559508,1,0
34.746959414333105,83.06148745119572,76.51306062936783,7.864286670461297,4.155850642826408,737.1420009870088,0.00039352739653990217,0.9749369173645345,1,0
32.80629608780146,109.19148050248623,69.09559488296509,8.96180566214025,3.8092518290504813,737.9491470618691,0.00036362179317818893,0.9579486522055897,1,0
29.92460456676781,78.22457248345017,50.959965363144875,9.697267474606633,4.958512780256569,738.0942252088023,0.00044512861239349934,0.9617128818287932,1,0
28.144996562041342,94.98287205584347,72.08398323506117,7.243552358821034,4.354203815571964,737.3893877923838,0.0001487338455888465,0.9760599884191677,1,0
38.3954002102837,64.21127728186548,47.69810263067484,11.028830638155341,3.1657322281971574,736.5874053754526,0.0016314561534925315,0.9588833427901332,1,0
39.79513810016215,100.46568521298468,74.91235084831715,9.07266548462212,4.753465258516371,738.2383887131466,0.0003804128395210201,0.959370078339539,1,0
27.67726592719555,80.65134341828525,45.528914630413055,8.262396326288581,3.4088300419971347,737.3180355569302,0.00037916618740359444,0.9731952992038352,1,0
29.458268261514604,86.5500521287322,66.25990305095911,10.694233378395438,4.0545213194563985,738.2229459162248,0.0006530560144948442,0.9496975463812231,1,0
34.208300919272006,66.54039708897471,53.12671195715666,7.027530016377568,5.3599465331062675,736.7652853094671,0.0005304600635256913,0.9815893735517655,1,0
36.14849966485053,93.73091174289584,41.18776481598616,6.609691707417369,5.081812375690788,737.016597008457,0.0001922685341451823,0.9800474840503183,1,0
31.530770654790103,61.97814088314772,79.30236581712961,11.850368628278375,3.7763015548698604,737.2998155366157,0.0014899046394746286,0.9527116681715799,1,0
25.868378300219774,104.61919735185802,57.65278875827789,7.906063953414559,3.1303423545323312,737.2613166746279,0.0002730953949117183,0.9695104597338329,1,0
38.11855389736593,73.06173824705184,62.01699234545231,10.190697966143489,4.475063774269074,737.3230461442331,0.0009921841537881078,0.960348623799811,1,0
37.962306225672364,97.99360687844455,59.80118300765753,8.3388837184757,5.238591557834297,737.8975271925975,0.00026478128867153146,0.9664429757910467,1,0
25.7051782310009,79.54800137318671,60.41547227650881,9.007695140317082,4.2442166288383305,737.8108757058463,0.0003488902932933539,0.9672654898132843,1,0
31.42692273017019,87.00689760968089,41.53938040137291,6.951679380610585,3.5987160303629935,736.912860136602,0.00025909910756310317,0.9800703780044937,1,0
36.05189024005085,68.7566053494811,78.40387664735317,10.758197894319892,4.631995823699981,737.3884641854667,0.0011460155987952619,0.957001481501208,1,0
34.374390286393464,91.46520834416151,65.98644249141216,11.878428736701608,4.285101445391774,738.4370195274297,0.0008312281434552126,0.933821041960799,1,0
29.617119352333248,61.471799146384,54.10329893231392,6.593151507899165,3.2518880367279053,736.4219199599485,0.0006403482971414287,0.9862609003244818,1,0
27.778596375137568,105.67456864751875,72.68582124263048,10.16017004661262,3.89773285202682,738.0764652455272,0.0004862743407584352,0.9467700202730557,1,0
39.90342072211206,75.4858476947993,47.052318416535854,7.924708614125848,4.892040800303221,736.9044769290521,0.0006433466697556545,0.9750492281579041,1,0
38.492954107932746,89.27969922311604,70.4824535548687,6.177931873127818,3.9646676294505596,736.6223440440092,0.0002847813536671925,0.9837852134463849,1,0
28.249731515534222,70.05435860715806,49.84650634229183,11.344634184613824,5.427792428061366,738.5731479905438,0.000685944752702246,0.9493765144920298,1,0
30.0869173835963,103.19609738886356,68.19713439792395,7.79949370957911,4.823635101318359,737.8701249751118,0.00015628179488736142,0.9695675794434793,1,0
32.96159951016307,84.16606852784753,51.31155241280794,10.10976248793304,3.3216054756194353,737.7861212260142,0.0006711063005347368,0.9575669964791526,1,0
34.63956382125616,108.13658529892564,44.37263090163469,9.71610096283257,3.043156531173736,737.7240541927335,0.0004747531895163476,0.9512489476435335,1,0
31.89625550992787,75.80094061791897,76.2395715340972,8.93146657012403,4.545119772199541,737.4854805007071,0.0005017067917634173,0.9690109370411124,1,0
26.176778846420348,97.24752715788782,56.970373913645744,11.012467822059989,5.149619527626783,738.6103867911008,0.00048423732549214213,0.940523750215595,1,0
36.55137503053993,64.71656923182309,62.587101608514786,7.271789850667119,3.6865617097355425,736.504430698047,0.0008777137705171389,0.9819434446596634,1,0
37.1244849357754,94.48764001950622,48.69758531451225,10.413656121119857,4.683697733096778,738.6345527888982,0.0005730758552726455,0.94816837476037,1,0
26.8670966476202,64.29739225655794,71.83160804212093,8.245439814403653,3.5295589426532388,736.9116790870173,0.0005939713360659344,0.9778238930331213,1,0
32.41077152546495,108.50092637352645,50.12345161288977,11.789141731336713,4.133901900611818,738.8707588047682,0.0006556802307674301,0.9244305309093114,1,0
35.271288068033755,78.50599185563624,69.50726736336946,6.483218288049102,5.327260826714337,736.7752377807108,0.0003128464986629601,0.9827473343212961,1,0
33.212472316809,101.22260422445834,77.38308507949114,6.873975271359086,4.980375691782683,737.345755517204,0.00012940968891816002,0.976987392834579,1,0
30.45494108926505,82.97078552655876,43.01911827176809,10.66012222878635,3.7871028198860586,738.1136423806205,0.0007125021305664685,0.9521201655947598,1,0
28.55919810011983,90.43197188526392,63.769642636179924,8.580515189096332,3.1831034827046096,737.5331345971802,0.00039316200787662504,0.967876109259036,1,0
38.91957147978246,71.9848414324224,55.65603509545326,9.316846394911408,4.3371568149887025,737.0019508844889,0.0009488910896874977,0.9675626546177314,1,0
39.38891183119267,105.30956000089645,61.56627204269171,11.063713235780597,3.4258101410232484,738.1258546892846,0.0006405850699257893,0.9370179094198023,1,0
27.146865059621632,72.78012888506055,58.450226075947285,7.39632430113852,4.7361990618519485,737.0758054465085,0.00028858871836337106,0.9796031676205319,1,0
29.04401662759483,94.22595378942788,79.59377989172935,9.453870171681046,5.38220060011372,738.6818006130001,0.0002707270684679206,0.9571060764328514,1,0
33.684065248817205,61.89183442853391,40.22736869752407,8.642914725467563,4.032591506373137,736.7758594156516,0.0010444724979032942,0.9750662358633666,1,0
35.74243072420359,85.85510178469121,52.95670501887798,7.525591330602765,3.7541333185508847,737.0116663843799,0.00037552143735520123,0.9768690455093246,1,0
31.00029823370278,66.82659936137497,67.34295919537544,9.809447502717376,5.103656358085573,737.5472078932982,0.0007292113334270027,0.9649316259419815,1,0
25.454312660731375,99.96605100110173,45.866773314774036,6.240943199023604,4.457997844554484,737.0580115993355,7.126601729204542e-05,0.9816328407074218,1,0
37.59427533950657,80.74223533272743,74.00324042886496,11.480842994526029,3.1476943818852305,737.4863746022705,0.0009436281161650237,0.9471915336574493,1,0
37.21024320460856,87.74022747762501,67.60438740253448,9.257865691557527,4.917686492670327,737.9728519327414,0.00045593529715627856,0.9621229143753132,1,0
25.07748655974865,67.92590952478349,51.98848940432072,8.45198873989284,3.918433947954327,737.2333683640014,0.0004345416190477301,0.9750977934888488,1,0
30.681266165338457,98.82382549345493,71.21786992996931,10.507385803386569,3.275065724272281,737.9352194543703,0.0005894970860776649,0.9465737717090651,1,0
35.41595658753067,78.81419429555535,49.35160640627146,6.83921598829329,4.313233228866011,736.7535698722248,0.0003885945432824044,0.9815690254956505,1,0
33.59294455964118,106.40751713886857,56.28992710262537,6.424284791573882,4.591662801802158,737.1437606812366,0.00010965886951977229,0.979400210569621,1,0
28.960331077687442,74.65477012097836,63.1760336086154,11.660570936277509,3.5535622779279947,737.9126979048856,0.0009655722037404921,0.9472934059976744,1,0
27.003557104617357,92.29657164774835,44.86402101814747,8.092750595882535,4.196663770824671,737.6807352313358,0.00022570811116045224,0.9704614897212237,1,0
39.238390466198325,60.73913638480008,75.50034016370773,10.378852492198348,5.195849930867553,736.9715216525254,0.001879119868471038,0.95969490011899,1,0
38.776382016949356,102.46229524724185,42.03565340489149,11.610094713047147,3.6608765479177237,738.33061109911,0.0007271388148155223,0.9311587375382336,1,0
28.40855919290334,84.99629207886755,77.66952816396952,6.299184327945113,5.128879223018885,736.9037410169607,0.0001391107476727763,0.9833277541756843,1,0
30.363937942311168,88.44899920746684,59.12561893463135,9.844943499192595,4.521981591358781,738.3170034142032,0.00045158086432735907,0.9566548577944782,1,0
33.128668274730444,70.7876842841506,61.009287014603615,7.677599625661969,3.0150639191269875,736.6670690181436,0.000622681198168794,0.979954277262282,1,0
34.95214555412531,96.51486914604902,73.42612035572529,8.772213650867343,3.3619013749994338,737.6927058850663,0.00042647367147521356,0.964424327177076,1,0
32.08440867252648,65.54793728515506,46.562301218509674,9.512066954746842,4.868752066511661,737.3008014172508,0.0008271543698718754,0.9675569042680123,1,0
26.482953228987753,107.30550372041762,65.39857838302851,7.431867504492402,5.475382371339947,737.8760723698721,8.764885000728164e-05,0.9712654620793717,1,0
36.7477692803368,76.53388510458171,54.7851188108325,11.215677184984088,4.007446080911905,737.723080244686,0.0010275581751336923,0.9505060064785619,1,0
36.46763541735709,109.23320561647415,79.02060251682997,7.9829096887260675,4.377466567791998,737.8576347860205,0.00022907029584602178,0.9668359469452178,1,0
26.085596829652786,77.6772971637547,40.884812511503696,10.289473263546824,3.2282053930684924,737.7257787707462,0.0006874205055157947,0.9586634692378251,1,0
31.745680919848382,95.31681117601693,62.321181297302246,6.745108304545283,3.8346884371712804,737.0093036652274,0.00018318991953590336,0.9796736217939817,1,0
34.49619560036808,63.56558947823942,57.93575681746006,11.913964787498116,5.023159652017057,737.528129129287,0.0015195025549477725,0.9479619841979228,1,0
32.58483384270221,91.1631069984287,45.20581968128681,10.816446175798774,5.301560917403549,738.9715995758476,0.0005145123241749235,0.9446709171169366,1,0
29.70293841790408,71.15500223822892,74.5726028084755,7.080938251689076,4.113175160717219,736.7862771809372,0.00039989869908903247,0.9819329686533881,1,0
27.923318538814783,102.05215694382787,53.46766445785761,9.159699143841863,3.506425981875509,737.6821032973874,0.0004074335557710401,0.9588311931007751,1,0
38.173976158723235,82.23936393857002,66.58423494547606,8.374375423416495,4.6556011023931205,737.2607343575418,0.0004990328247526472,0.9710939490522963,1,0
39.57712534349412,93.49415278062224,50.639293789863586,7.143223347142339,3.1073478045873344,736.8838852230554,0.00035711281262648653,0.9782566850788891,1,0
27.459499989636242,62.721007354557514,68.75342585146427,10.953538617119193,4.41285884892568,737.7491636096601,0.000946889890817925,0.9586223055848956,1,0
29.240472121164203,104.48086428456008,48.041514568030834,8.896655788645148,5.056107528042048,738.3712742854349,0.00023313692261179333,0.9592236486183687,1,0
33.990293722599745,73.51240710355341,72.40585330873728,9.563404591754079,3.711386480834335,737.3681220765891,0.0007724750389543248,0.9663151844785887,1,0
35.90120431035757,99.2346313688904,64.52943477779627,9.981243191286922,4.058252244256437,738.2931585220128,0.000527528564830667,0.9512779301132154,1,0
31.28366489894688,81.57179000787437,55.146448723971844,7.740520158782601,5.402887833304703,737.4048518035678,0.0002610261104583802,0.9750118500757851,1,0
25.62132822815329,85.02526137977839,76.81479044258595,11.309870610013604,4.75937123131007,738.4401669432569,0.0006171044527707694,0.9442451400848885,1,0
37.8712355485186,67.55773326382041,43.68144482374191,6.025191156193614,3.4539462411776185,736.3195840975205,0.000671981458417646,0.9872489630777165,1,0
37.78906349092722,107.80539376661181,63.98373279720545,11.953248856589198,4.62124270806089,738.8345272227501,0.0007179757547711811,0.9221207518363663,1,0
25.67144271917641,76.07700120657682,55.847180001437664,6.694295743480325,3.5890212138183415,736.7531876229983,0.0002393782620754249,0.9834988496792978,1,0
31.259185173548758,96.72179500572383,77.20622606575489,10.249638626351953,4.234981010202318,738.2937884307844,0.0005272237628540279,0.9494570888673433,1,0
36.00901113357395,65.18871420063078,42.82003849744797,8.034641889855266,5.227991905529052,736.8471268077566,0.0008065220271890729,0.9760098877780946,1,0
33.93560181837529,89.56511178053916,50.24696171283722,8.416590454056859,4.881126733496785,737.7313310559554,0.0002977565318191953,0.9684749439454846,1,0
29.31806676555425,69.7264155279845,69.61328722536564,9.105952760204673,3.8882012963294983,737.3044873698398,0.0006197306703830294,0.970559785598863,1,0
27.348946360871196,103.67605652660131,48.586892299354076,7.038175156340003,3.2425082307308912,737.1560046751928,0.0001857789819333577,0.9760628638846219,1,0
39.59885826334357,83.6420470289886,71.70300487428904,10.871103974059224,4.274643670767546,737.9860249032878,0.0008733393187299412,0.9497941439641722,1,0
38.197089550085366,91.96790926158428,45.753638818860054,9.617889096960425,3.331444274634123,737.7095660586878,0.0005936359417752262,0.9591048044245666,1,0
27.815046603791416,61.02535570040345,73.86731296777725,8.853714080527425,4.832415638491511,737.1998181533032,0.0006927648914953569,0.9734562703306404,1,0
29.785575587302446,105.98120306618512,53.07777378708124,10.899607541039586,5.436721622943878,738.8676819124689,0.00044677707651539583,0.9366671448202091,1,0
32.53608568571508,75.23396275006235,67.44165491312742,7.185248276218772,3.974960895255208,736.7901321382097,0.00042005789105964447,0.9807541933194504,1,0
34.60904494859278,97.53667897544801,79.40959673374891,6.076741883531213,3.696559038478881,736.722934388584,0.0001754632739276021,0.9833611095515139,1,0
31.727144941687584,80.04632134921849,40.02584759145975,11.26985981874168,5.158234308008105,738.7635038560088,0.0006821547884197067,0.9459071577130477,1,0
26.137091792188585,86.74604216590524,61.773037910461426,7.689514635130763,4.554195650387555,737.52061966915,0.00017203365680282026,0.9747870772902352,1,0
36.38774505350739,69.06037278473377,58.63892950117588,10.020339706912637,3.0533103407360613,736.6912200422048,0.001091444483510989,0.9660314701979902,1,0
36.81070830672979,86.33525463752449,72.56755597889423,6.787665260955691,5.337096068076789,736.9813630266907,0.0002687963440336679,0.9798820677053617,1,0
26.4428882766515,66.30277157761157,46.95089489221573,10.547396594658494,4.142678842879832,737.8198836454625,0.0007700276059472031,0.9606018956633003,1,0
32.09151464048773,100.25165131315589,66.10287640243769,8.502994263544679,3.538491732440889,737.7208737971567,0.0003453925754330939,0.9653112758553484,1,0
34.85624754335731,80.41448000818491,54.23585008829832,9.218769175931811,4.693994556553662,737.685335364512,0.0005202877014947864,0.9652543374275537,1,0
33.164155813865364,104.78362817317247,41.33103113621473,10.324367986992002,4.347157701384276,738.339338689408,0.0005119036341739214,0.9449101579739019,1,0
30.29642150271684,73.25207417830825,78.21667972952127,8.135692304000258,3.1917218579910696,736.9648459646214,0.0005302209009800176,0.9764480644972614,1,0
28.50171039812267,93.89458046294749,59.98328685760498,11.714502012357116,3.7961751031689346,738.4461133308035,0.0007383590045744705,0.9345737725242594,1,0
38.766529243439436,62.1677132230252,60.61914838850498,6.382259862497449,4.990525943692774,736.5051031860448,0.0007269146575608549,0.9848015964631758,1,0
39.23449580091983,100.9619424957782,57.150036431849,7.6353845950216055,4.021839601453394,737.4033509913693,0.00028773063293177837,0.9722825458739646,1,0
27.101736585609615,83.27474667690694,62.783453576266766,9.898689882829785,5.372506957035512,738.6672581987876,0.00032450050084691724,0.9567024471979657,1,0
28.895110581070185,89.97523173689842,44.16184015572071,6.341947423294187,4.726962269749492,736.950623755694,0.0001272628660380432,0.9825080917652944,1,0
33.62979820929468,72.48334916308522,76.04505032300949,11.555436914786696,3.415209277998656,737.4829534398987,0.0010956176872761142,0.9504036015787837,1,0
35.32235451973975,94.79407476261258,68.30624401569366,11.176393115893006,3.136779104359448,737.9452521704942,0.0006960865272127424,0.9414773500110626,1,0
30.689738243818283,64.04530763626099,51.44166208803654,7.482680065557361,4.448465115390718,736.7759672210884,0.000610915821280711,0.9807200407931419,1,0
25.043379715643823,109.00344549678266,70.35686414688826,9.551901591941714,5.094277725555003,738.0262156311704,0.0002785471564708766,0.9521442536233502,1,0
37.278210506774485,78.05936661548913,49.74264148622751,8.720481449738145,3.7436767546460032,737.1403531933742,0.0006607478451837379,0.9709971851284666,1,0
37.60457154363394,95.98798923194408,53.66193763911724,6.534218089655042,4.3223150675185025,736.8854107148211,0.00021632692818028955,0.9805946320589957,1,0
25.36252041347325,66.0189344920218,66.79519727826118,11.7500394936651,3.285206420812756,737.6921162138951,0.0010751191204375918,0.951810150134323,1,0
31.066455715335906,106.97469626553357,45.009715743362904,8.193894809111953,3.928425316233188,737.7637858259636,0.00026111658660062364,0.9656585769096164,1,0
35.706499754451215,76.81032977066934,74.39276870340109,10.45367263443768,4.9263143860735,738.0358757419621,0.0007608200393555947,0.9557070046255626,1,0
33.7804353563115,102.94339544139802,62.42544677108526,9.370771748945117,5.204773165285587,738.658315398523,0.000299308064950589,0.9548249528742865,1,0
29.038298283703625,84.47341163642704,58.06102205067873,8.538484537974,4.20697014965117,737.6514883481243,0.000324113848348203,0.969480963198444,1,0
27.185542387887836,88.7340329028666,78.89009222388268,10.605643445625901,3.56340703740716,737.9087368095451,0.0006451891030901072,0.950234645881849,1,0
39.32550070807338,70.45936234295368,40.77602706849575,6.916922701522708,4.60043022595346,736.5904472068962,0.0006682071022359067,0.9816816049333232,1,0
38.85021660942584,106.71453041955829,76.68183881789446,8.685672098770738,3.005675768479705,737.6216016735419,0.0003976441136821015,0.9624251736505959,1,0
28.59283290337771,74.40326403826475,43.56533523648977,9.399206651374698,4.511534545570612,737.7699144884843,0.00047655235591395986,0.9660425084157422,1,0
30.446941051632166,92.7981315087527,64.63125877082348,7.354114992544055,5.117973500862718,737.5021456518601,0.00015140445989605654,0.9753098960636402,1,0
33.30746195279062,60.29155188240111,55.26438966393471,11.117465341463685,3.651334263384342,736.8143189443227,0.0015805769893392238,0.9598578814042699,1,0
35.233075404539704,87.47898795641959,47.83808633685112,11.520671909675002,3.998218806926161,738.1886514474602,0.0008452963653808817,0.9408821600010366,1,0
32.4755485355854,68.22929288260639,72.22357772290707,6.189205275848508,5.464771990198642,736.6816856659345,0.0003329361612931585,0.9855603849064382,1,0
26.76936065312475,98.36804535239935,50.826242826879025,9.770169155672193,4.857990606222302,738.3900590927107,0.00034909164481653366,0.9531238620349043,1,0
37.12973861489445,79.31366203352809,68.9619468525052,7.576409613713622,3.3522172872908413,736.7816834296985,0.0005306042001281213,0.978390035384594,1,0
36.531001068651676,99.51984685845673,44.76557333022356,10.718368979170918,5.013770290650427,738.9299810169676,0.0005461731149910868,0.9419222964188761,1,0
26.287775905802846,81.24364986084402,75.37909980863333,7.003417303785682,3.8242402179166675,736.9710682408629,0.00021085067093720307,0.9807704094057109,1,0
31.81821743492037,85.50656124949455,56.425606533885,9.046973487362266,3.2173008443787694,737.5695756577886,0.0005077135462344618,0.9661010444435132,1,0
34.692896767519414,67.0350524969399,63.28933969140053,8.288065435364842,4.367925493977964,736.8608672341957,0.000785352740033069,0.9756093927651185,1,0
32.85518031101674,93.16315757110715,71.02876588702202,7.881951240822673,4.646375039126724,737.5813448655108,0.0002321225048064887,0.9717916156125443,1,0
30.111869205720723,62.9972642660141,49.14516471326351,10.21483356691897,3.495816774200648,737.2153765531469,0.0010621389385095793,0.9657478141019724,1,0
28.1991449277848,103.95379065535963,67.8063091263175,6.63536081649363,4.102412526961416,737.1983356041602,0.00011006877362188041,0.9784629373066817,1,0
38.57373854145408,73.98321059532464,52.17234838753939,11.82467663101852,5.2918756189756095,737.8747644899875,0.0011821806369259223,0.9430799515614885,1,0
39.982839045114815,90.70750865153968,65.59805862605572,10.055837133899331,3.7204718771390617,737.8509716657169,0.0006768400464528159,0.9553090710856548,1,0
27.725713844411075,71.65465177036822,54.961653500795364,7.841524360701442,5.066251819487661,737.2442264689396,0.00032919360167972403,0.976975695555469,1,0
29.63704289868474,101.79111709818244,73.2345749810338,11.399112967774272,4.422846622299403,738.5800928928323,0.0006321178212343784,0.9335079556809726,1,0
34.26201297901571,82.54294697195292,46.348535381257534,6.134984442964196,3.115972140338272,736.4878911895237,0.00032112903190789464,0.985508675031344,1,0
36.10019491054118,109.73457772284746,59.253974221646786,7.220790049061179,3.462865917943418,737.3328565973003,0.00021860700030081106,0.9735414539044346,1,0
31.342926546931267,77.22952490672469,61.12015176564455,11.051570059731603,4.7696740152314305,738.4621440749581,0.0007331548502075655,0.9499719136381826,1,0
25.814809179864824,95.62363074161112,41.92988142371178,8.98301157541573,5.412736187689006,738.4920663474024,0.0001964454810660925,0.9608404093481837,1,0
37.93963632080704,63.31388968043029,77.5458463281393,9.676084449514747,4.067023226059973,736.7280437941001,0.0014627220937756188,0.9675970753323878,1,0
38.01075403112918,88.23574007488787,40.328361205756664,7.825185684487224,3.3071551583707333,737.0681363208661,0.0004408364017420855,0.9748015755365351,1,0
25.892879287712276,70.5485204141587,79.6942401304841,10.08409340120852,4.30008022300899,737.9435413339291,0.0005751488149466393,0.962003717801955,1,0
31.4806349016726,102.2497982159257,58.35548460483551,6.15379629470408,4.943599805235863,737.0457933559994,9.056696740610374e-05,0.9815545888667588,1,0
36.23066476546228,84.75789180025458,61.47176720201969,11.368746874853969,3.9114641416817904,738.034396726922,0.0008734467686824216,0.9445239043791888,1,0
34.186546290293336,107.47147327288985,74.21116180717945,10.98679873533547,4.18959889980033,738.391912828436,0.0005996753589108634,0.9359092420752204,1,0
29.568814486265182,76.72268230468035,46.07507437467575,7.2974818255752325,5.221820170525461,737.1292304405697,0.00026981510326541376,0.9789582690304347,1,0
27.59967868681997,96.68007510714233,67.12146196514368,9.740213653072715,4.578567319083959,738.2562371528684,0.0003856804050249581,0.9544032097636205,1,0
39.84985171351582,65.73597238399088,52.73512374609709,8.907330991700292,3.5855560512281954,736.5666201554677,0.001306727342760525,0.9728890468346448,1,0
38.44415571540594,99.06145109795034,69.95471239089966,6.97286238335073,4.489280483219773,737.1241328482909,0.00022143049654923695,0.9771288085929555,1,0
28.062381045892835,79.02899187989533,50.570818558335304,10.736992003396153,3.027605586219579,737.6837972153037,0.0007590685176888625,0.9541954346375024,1,0
30.03285484854132,87.9770907945931,71.38035278767347,8.31614431925118,3.6343541690148413,737.5076377001633,0.0003492748480303601,0.9704856522037287,1,0
32.78317534830421,68.13994333148003,48.246703781187534,9.030457427725196,5.135239702183753,737.29609351319,0.0006889270045042856,0.9697120669294436,1,0
34.82682857196778,92.10623562335968,56.15211699157953,10.138964155688882,5.4818379152566195,738.8246205042363,0.0004156002998630392,0.9512330282985044,1,0
31.945139621384442,60.574705470353365,64.26595520228148,7.9458916168659925,3.980866774916649,736.6755445124168,0.0008964841560995542,0.9793716174577431,1,0
26.35511706583202,106.21794489212334,42.53905303776264,11.901191024109721,3.374385518953204,737.6870458942502,0.0005753118156717961,0.9274810524531983,1,0
36.6055235080421,74.49110149405897,76.90249353647232,6.570412108674645,4.836146619170904,736.6775959778047,0.0004411055265851731,0.9829382346862988,1,0
37.061467287130654,104.24171280115843,51.72462701797485,9.428269727155566,3.8411250985227525,738.120348145341,0.00045278803831799063,0.9552534169302589,1,0
26.69385104905814,73.29913539811969,68.61043609678745,8.66849228180945,4.996561165433377,737.6538134053736,0.00032429550398685615,0.9710926441349732,1,0
32.342489678412676,93.25576358474791,49.4396923109889,11.087940389290452,4.389931456651539,738.4668444446705,0.0006659277406771657,0.9419085930402983,1,0
35.10696872137487,62.50849942676723,70.07509771734476,7.372120035812259,3.1955809886567295,736.4327059413323,0.0009472246595137975,0.982538343486045,1,0
33.38557497598231,85.2140715252608,63.10778830200434,6.266520755365491,3.473744054324925,736.6060864026983,0.0002693169721668386,0.9843129966532391,1,0
30.518101677298546,67.72369005717337,57.49098610132933,11.455242550000548,4.668161652050912,738.0597577025663,0.0009993733439537826,0.9514333330202798,1,0
28.723374283872545,99.42267773672938,75.70529945194721,7.501387065276504,5.275057495571673,737.789103586802,0.00011036016258249066,0.9726483554150896,1,0
38.98799648974091,81.73698451370001,43.838748037815094,9.833674656227231,4.119554894976318,737.6490265207987,0.0007518480223363206,0.9605506244730794,1,0
39.45249442011118,95.53159618750215,78.53855293244123,11.767867153510451,5.049061912111938,738.9099648275555,0.0007753007086613935,0.9317688793813771,1,0
27.319545717909932,63.803227469325066,41.67443994432688,6.504515754058957,3.73737567756325,736.519283649505,0.00045075170902523934,0.9861225138510414,1,0
29.112863638438284,109.44722852669656,60.276976227760315,10.436303989961743,3.0942712044343352,738.214772163024,0.0004947824134204202,0.9419927517472394,1,0
33.84781943168491,77.91417156346142,59.66261841356754,8.222769057378173,4.444871802814305,737.1953516252055,0.000459737727933656,0.9735536103374788,1,0
35.56966434698552,101.88771327026188,47.23632164299488,8.601812655106187,4.791441708337516,738.129789472797,0.000270268276169871,0.9631551610142256,1,0
30.93680136371404,82.04904085956514,72.86928862333298,9.295571817085147,3.4407739802263677,737.6587114902512,0.0005476922259755428,0.9650247767100159,1,0
25.290472535416484,90.99942691624165,53.935321904718876,6.851304514333606,4.084146376233548,737.1508526361002,0.00013050119695072406,0.9795172688570426,1,0
37.525514271110296,70.96544126048684,65.81868659704924,10.682770097628236,5.395899144466966,737.6101477793866,0.0010199682004449198,0.9551107072733221,1,0
37.3831168981269,102.9813118185848,71.88032612204552,9.86917065270245,3.6063733901828527,738.0388120289543,0.0005270377564134511,0.9515109551152492,1,0
25.14087616931647,83.92843109555542,47.516055926680565,7.653395360335708,4.604176629334688,737.4919265037438,0.0001685520229214226,0.9754834290122948,1,0
30.84475578740239,89.0656772442162,69.28277280181646,11.584494268521667,5.249835738912225,738.9476968137363,0.0006403447265220665,0.9375003715747676,1,0
35.485068103298545,69.81748327612877,51.16825748234987,6.324761884287,4.212812922894955,736.5033700075488,0.0005186228880303215,0.9852916115451539,1,0
33.52969811297953,97.41196990013123,43.26344508677721,7.407663239166141,3.866271632257849,737.3030967566391,0.00023435686807197004,0.9747828278784239,1,0
28.787314221262932,64.90689324215055,76.39656957238913,11.239904338493943,4.9033806514926255,737.9946645418202,0.0009175461716628611,0.9542736232808969,1,0
26.934588528238237,108.30026593990624,55.54842226207256,8.79779120720923,4.257377325091511,737.8375267656336,0.0002850255427419568,0.9597337489099533,1,0
39.07475790474564,75.9905010368675,64.93194416165352,9.486466510221362,3.259488478768617,736.9854017000093,0.0008896385307485666,0.9670018405682272,1,0
38.60292885452509,87.24604965187609,57.75667276233435,10.530033672228456,4.815368786919862,738.4170434225904,0.0006777765275894906,0.9503968676360919,1,0
28.345749052241445,68.96987649612129,62.14263904839754,6.81654523126781,3.348815380129963,736.5929366985632,0.0004266208976558498,0.9842213232475074,1,0
30.199869074858725,98.23199514299631,41.05763599276543,9.236591113731265,3.9528117370791733,738.0063503205214,0.0004006956965520678,0.958975756795034,1,0
33.06013600435108,79.76051023229957,79.1931989043951,8.473286205902696,5.458584683481604,737.5804511063478,0.0003650604086140964,0.9702219144482558,1,0
35.01504163723439,105.48575943335891,66.45440511405468,8.070079838857055,5.180469296872616,738.0893727634432,0.00018115451672791685,0.9664131524979259,1,0
32.25777589250356,75.31988997012377,53.33744540810585,10.401500361040235,3.674610147252679,737.7567804025326,0.0008110973956917643,0.958604633611759,1,0
26.551571218296885,91.27716141752899,74.7160180285573,6.445582257583737,3.070271361619234,736.8068044720083,0.00017245344563382838,0.9824327833854821,1,0
36.91175242885947,61.30660519935191,45.34930940717459,11.639296358451247,4.536910375580192,736.8625386222691,0.0019524930936223983,0.9517635741582386,1,0
36.280020219273865,93.98832762613893,60.79644288867712,8.87252021022141,4.164770636241883,737.8876261877392,0.00040742174007288355,0.963879721318622,1,0
26.03706322144717,61.67703740298748,58.91240108758211,9.587517281994224,5.315328528638929,737.6615245684371,0.0005934833267672229,0.967609120887021,1,0
31.56744996085763,105.07269761525095,77.88618251681328,7.168915322050452,4.710831753443927,737.5498609689008,0.0001263888283635229,0.9742525328497422,1,0
34.44193980656564,72.56609414704144,42.25238583981991,10.927869530394673,3.521368437912315,737.4666834556787,0.0010287931242936915,0.9560466703199754,1,0
32.633510613813996,100.15638609416783,54.679283425211906,11.333983300253749,3.1748179038986564,738.2718678268573,0.0006490574059996697,0.9360121839842919,1,0
29.89041045308113,80.90666717849672,65.29326930642128,6.0010555777698755,4.364347753114998,736.6309862588325,0.00020375813281456442,0.9856968548546032,1,0
27.977717272005975,86.04467459022999,46.65211994200945,9.955574104562402,4.968500907532871,738.5221991354806,0.0003870718925531192,0.9559641097936361,1,0
38.352064178325236,66.99026742950082,73.51570840924978,7.766212133690715,3.8178758854046464,736.5686287349237,0.0009308813648075332,0.9789139176840667,1,0
39.76507660001516,108.71418606489897,48.860373347997665,6.722368905320764,5.3507201904430985,737.3061050991222,0.00013943646320347804,0.976570385562289,1,0
27.507697539404035,78.74515516683459,70.72640024125576,11.93672707490623,4.043912465684116,738.2143535631627,0.0009051675363414448,0.9412890334835594,1,0
29.419039362110198,94.7001361194998,52.47347142547369,8.004092691466212,3.3980670543387532,737.4509088598759,0.00029878058061532975,0.9710642680008508,1,0
34.04421323444694,64.53579346649349,68.0899016931653,10.268267372623086,4.743780239485204,737.2877843172932,0.001115688846754863,0.9624096408154391,1,0
35.853092703036964,90.26600326411426,75.05781192332506,9.182461431249976,4.465674096252769,737.9975823990644,0.0004383554890366394,0.9622509507529982,1,0
31.09562769997865,71.79604330100119,44.42157682031393,8.351636024191976,3.1198943774215877,736.9493513210862,0.0006078557222580141,0.9756159161101912,1,0
25.567494435235858,101.05739770457149,63.63213770091534,10.795240284875035,3.765396764036268,737.5993676341493,0.0005568295708792444,0.943389056936633,1,0
37.692582588642836,82.78275098651648,56.74565151333809,7.102121254429221,5.072271618526429,736.9607641159901,0.00035819827685227987,0.978710507137214,1,0
37.65930034220219,101.17075549438596,47.61683776974678,9.47655526176095,4.273269250523299,738.2940088334573,0.00044597090355736436,0.9554678277623907,1,0
25.541195878759027,82.72365987300873,71.9809602946043,8.807700924575329,3.236312837805599,737.5017095979454,0.0004271078939680904,0.9686221326367752,1,0
31.129422248341143,90.08715151809156,51.2299769744277,11.227063737809658,3.8796816575340927,738.1667817443454,0.0007368588822750543,0.9426931441554239,1,0
35.87876451667398,71.83536914177239,69.34434432536364,7.420502308756113,4.877723110374063,736.844591310499,0.0005529431476745407,0.9789106538221387,1,0
34.069481934420764,94.63724893517792,76.30188155919313,6.311968758702278,5.233982267789543,736.9848592937693,0.0001477108136242271,0.9815420538689837,1,0
29.451520410366356,64.64225425384939,43.1689241155982,11.597288902848959,4.236026422120631,737.8343144414978,0.0011484978713967192,0.9525730079627045,1,0
27.48282670043409,108.74820038676262,64.87631879746914,7.643531586974859,3.5929255252704024,737.4148212159622,0.00021462878895730147,0.9701694715491802,1,0
39.7323121316731,78.55789395049214,55.49296364188194,9.87903593480587,4.629795734770596,737.530199200276,0.0008151617312751892,0.9606267900240113,1,0
38.3273033099249,86.1023135855794,62.04306837171316,11.625814106315374,3.054417555220425,737.7026566406217,0.0008438934769801363,0.9424182732083268,1,0
27.9448428330943,66.87855845317245,57.657268829643726,6.459063157439232,4.560124135576189,736.6219532660357,0.00034655323571347504,0.9853873737709374,1,0
29.915789123624563,100.11560366488993,79.13269057869911,10.390948131680489,5.167021171189845,738.705221312547,0.0004192832056551851,0.9454346180871646,1,0
32.665881691500545,81.08716028742492,40.99729470908642,8.080630715936422,3.7002295879647136,737.1742605522866,0.0004262671696375966,0.9743363826960634,1,0
34.47561544366181,104.96477278880775,53.43334458768368,8.46259780973196,3.9687034017406404,737.8913047285295,0.000307227726566867,0.9639847724224204,1,0
31.593240685760975,72.63061822392046,66.55015632510185,9.247280839830637,5.435409377794713,737.6696325438334,0.0005087885621131727,0.966784168544658,1,0
26.003662063740194,94.17414417490363,45.4061459377408,6.802926812320948,4.828778476919979,737.2993592705706,9.317137408086339e-05,0.9789671410623403,1,0
36.25384057406336,61.644676364958286,74.77270688861609,10.543653421103954,3.323158099781722,736.6109939162778,0.0016170033843137417,0.9638035227453353,1,0
36.944158375263214,91.41940957866609,59.01317831128836,7.776808608323336,4.984387757256627,737.3928411859017,0.00028238953747629516,0.9727983752837545,1,0
26.576771968975663,61.23062808997929,60.897081680595875,9.944976277649403,3.7947053015232086,737.3117051095883,0.0008633718062875741,0.9679564980250681,1,0
32.22496493253857,105.3358099795878,42.31410041451454,6.014581359922886,3.1882228534668684,736.7836192372631,0.00013985231065549383,0.9826721551782829,1,0
34.99013145919889,75.34234173595905,77.94775895774364,11.32045616582036,4.338695269078016,738.0299784933409,0.0009927402693528328,0.9493011122265678,1,0
33.03390539716929,98.13697509467602,65.19858621060848,10.941442251205444,4.694982743356377,738.6057712253305,0.0005916239576350096,0.940625818183472,1,0
30.166661930270493,79.88671803846955,54.584757536649704,7.155343931168318,3.5445774574764073,736.8623811444321,0.00032114801285151916,0.9803567570491273,1,0
28.371460204944015,87.24791918881238,73.46008766442537,9.598160695284605,4.151327232364565,738.0756207765115,0.0004472181714011894,0.9596933852852736,1,0
38.63676989451051,68.80235037766397,46.59665670245886,8.861878126859665,5.340943154413253,737.04802186781,0.0009046832570521605,0.9695645520993579,1,0
39.10058081615716,108.37764003314078,70.62683418393135,7.115006994456053,3.749548014719039,737.2822434464169,0.00022356625441325874,0.9746399411838904,1,0
26.9683178095147,75.84664727561176,48.760964795947075,10.782353013753891,5.095480302814394,738.6081240039612,0.000531805190629652,0.9524229060077334,1,0
28.761195372790098,97.39093448966742,68.0293982848525,8.361591696739197,4.452231027651578,737.9162768653869,0.00023229010832355888,0.96673444570058,1,0
33.496379209682345,65.05525348708034,52.41312522441149,9.172504227608442,3.1455087424255908,736.7697742231147,0.0010041058832143265,0.9727177477325851,1,0
35.45214002020657,88.9408783428371,44.517471082508564,10.27808741480112,3.4139542393386364,737.8692981241607,0.0006745872859162621,0.9537972472955503,1,0
30.819962732493877,69.91090964525938,75.15356805175543,7.994274158030748,4.7206093948334455,737.0949018090334,0.000494830167185194,0.9764891721325424,1,0
25.17316499259323,103.15024237148464,56.802483424544334,11.949477184563875,5.3641254007816315,738.0184432366215,0.0005379599814600136,0.9277859075104583,1,0
37.40843477193266,83.92496042884886,63.68883118033409,6.709620304405689,4.018259646371007,736.7085883589343,0.0003585910647498465,0.9817935312110269,1,0
37.500410079956055,90.91584462672472,79.79379665106535,8.920811623334885,4.592012771870941,737.8682078708989,0.0004198794349936173,0.9642876495728518,1,0
25.257941419258714,71.10308831557631,40.42777929455042,9.72673149034381,3.5599440704099834,737.6414205734297,0.0006082754342168405,0.965694790505403,1,0
30.96229447517544,101.90255985595286,61.532261073589325,7.308033149689436,4.205445264931768,737.4583316919686,0.0001656485646972272,0.9741652925666892,1,0
35.6019209837541,81.8944902997464,58.41584034264088,10.976245880126953,5.198609102051705,738.6088148419939,0.000704119508105266,0.9477830086996204,1,0
33.88138062786311,109.57803818397224,45.97917057573795,11.379436869174242,4.930192210711539,738.7804274769396,0.0005875411530045603,0.9288852773415855,1,0
29.1387688042596,77.8267574403435,74.11541521549225,6.143107809126377,3.9371145768091083,736.5993496246132,0.00024403392012132738,0.9856875806996588,1,0
27.286487882956862,95.36867192015052,52.67828229814768,10.097712703049183,3.291270357556641,737.7734255665705,0.000551446544737421,0.9524192389213075,1,0
39.42597145214677,63.81270293146372,67.06477802246809,7.8115678913891315,4.32325345184654,736.627985847875,0.0011078125877423285,0.9780190735099815,1,0
38.95482868421823,99.28642915561795,50.470031797885895,6.580321379005909,3.360978185199201,736.8312449689324,0.0002539361907250407,0.9804244780358813,1,0
28.696961286477745,81.81895971298218,69.85408313572407,11.89128040149808,4.861796719022095,738.6847824106509,0.0007761129413447056,0.9387313833066072,1,0
30.551552902907133,85.3700369503349,48.18497966974974,7.9587309546768665,5.465953449718654,737.6641258646393,0.00021516842119497412,0.9725674322870888,1,0
33.41159011237323,67.70725575275719,71.31878588348627,10.12612346559763,4.004039742983878,737.3327374111886,0.000990827374634982,0.9637845689835891,1,0
35.1325807441026,93.34458810277283,64.36062876135111,9.043252509087324,3.6477999570779502,737.8074477948696,0.00046004254528866977,0.9630806058371395,1,0
32.37462740391493,62.37609460018575,56.2466524168849,8.303350567817688,5.10962746059522,736.9304300607172,0.0007806950216765372,0.9757253178289755,1,0
26.668865769170225,104.23364028334618,76.95810474455357,10.746857017278671,4.505127109121531,738.2500980578048,0.0005040274839934851,0.9409122788511803,1,0
37.02881725970656,73.46046002581716,42.5945258140564,6.962998699396849,3.004394182469696,736.4866280362654,0.0006067523787428627,0.9830545664812421,1,0
36.63146086037159,106.16650738753378,68.70999723672867,9.820787653326988,5.288508005440235,738.88837430685,0.00036019659078218236,0.9488204071264246,1,0
26.388731906190515,74.60901345126331,51.82404048740864,7.514272715896368,4.093937838450074,737.0659739573975,0.00028769995661198877,0.9790117628462744,1,0
31.918677450157702,92.15321507304907,70.13559650629759,11.445284899324179,3.489595476537943,738.1229050470614,0.0007529795514711861,0.9393916320058269,1,0
34.7938529914245,60.40040789172053,49.500043131411076,6.276477053761482,4.644945507869124,736.456063433226,0.0006623924912192409,0.9861647875619863,1,0
32.750590587966144,88.07899815961719,57.395077385008335,7.362301234155893,4.376519382465631,737.1697658488837,0.0002502446966236786,0.9768734254925294,1,0
30.0077184708789,68.06940328329802,63.01204662770033,11.097760520875454,3.2212358848191798,737.4498205980077,0.001036074121462737,0.9569078761704873,1,0
28.094555428251624,98.86963645927608,43.781901970505714,8.65574412792921,3.8252358180470765,737.7571769481754,0.0003238012482900485,0.9641524172534783,1,0
38.46958803012967,79.05535333789885,75.64862012863159,9.441019210964441,5.019738855306059,737.5832160695853,0.0006604296620322808,0.9634510848782158,1,0
39.881914337165654,96.56071252189577,41.5736485645175,10.672172717750072,4.070733966771513,738.2569648208877,0.0006833981119516091,0.9454760649649872,1,0
27.625222760252655,65.78905721195042,78.43792829662561,6.861900363117456,5.421554301399738,736.8445904659027,0.0003249153112351134,0.9831753506775993,1,0
29.53611796721816,107.64431277289987,59.60088938474655,9.282044414430857,4.775552167091519,738.2641957935252,0.00030239051532598564,0.9546806277444617,1,0
34.16152167133987,76.67734570801258,60.21541424095631,8.615338526666164,3.4639520053751767,737.1375326613467,0.0006049325079154589,0.9722813723679589,1,0
36.20431971736252,102.31887571513653,72.9639670997858,8.209197219461203,3.1077214535325766,737.5002228836054,0.00035316355032842127,0.9678050514590228,1,0
31.44754219800234,84.65761983767152,47.33085215091705,10.449877336621284,4.419255081564188,738.3856014434199,0.0005998697491803598,0.9527109801296407,1,0
25.918933763168752,88.20793245919049,65.87430242449045,6.493873938918114,5.064912999048829,737.0921125303838,9.827987760903732e-05,0.98180869376869,1,0
38.04425174836069,70.74198982678354,53.99079006165266,11.778510477393866,3.714159794151783,737.1451675128355,0.0013798579695318933,0.9487744984905734,1,0
37.90660083759576,95.6636502314359,66.85082279145718,6.9268792904913425,3.5768575565889478,736.9365347755098,0.0002800603373043734,0.9788015719864518,1,0
25.788292470388114,63.132633632048965,53.71739611029625,10.595688186585903,4.574813178740442,737.8525315956555,0.0007521730314774647,0.9605624517835812,1,0
31.376481484621763,109.67770166695118,74.48745656758547,8.551371149718761,5.220624596811831,738.3896902225715,0.00019529955758396046,0.9606750406332119,1,0
36.1260777246207,77.34199682250619,45.104236863553524,9.357886467128992,4.1837540147826076,737.4632867752438,0.0006867599818886516,0.9658708296050823,1,0
34.28749983198941,101.60606348887086,57.999302707612514,10.466420397162437,3.915013251360506,738.1896810427709,0.000579531223556064,0.9452295645938309,1,0
29.66927718371153,82.57607094943523,62.36387509852648,8.181145694106817,4.951969291549176,737.5921735822404,0.00025973819874438724,0.9721632807310662,1,0
27.700632004998624,90.81467053852975,40.67524507641792,11.75985723361373,4.306425796356052,738.4913708270868,0.0007442320619942491,0.9356403188517686,1,0
39.95031418744475,71.58936475403607,78.7894582003355,6.524398997426033,3.3083841199986637,736.3839704445732,0.0006927744254810799,0.9848176278226601,1,0
38.54877382516861,104.13340534083545,43.508498556911945,7.589937385171652,4.844578206073493,737.5943494025491,0.00020828072343376263,0.9713638333996925,1,0
28.166502946987748,73.94464769400656,76.62515010684729,9.756642892956734,3.3778724535368383,737.6196141432982,0.0006634040648810343,0.9645022542043985,1,0
30.137473181821406,93.04903684183955,55.16849063336849,6.1998036950826645,3.98232927499339,736.8129865231492,0.00014425986237758242,0.9831842269605556,1,0
32.88729747291654,63.05559244006872,64.5355074107647,11.510074999183416,5.487950024660677,737.7565242513609,0.0012479819027807417,0.9511854078476295,1,0
34.72633994650096,85.47178398817778,72.28408589959145,11.128108195960522,5.131423759274185,738.8327627989172,0.0006698270904835223,0.9444973979370284,1,0
31.844212007708848,67.22155077382922,47.89842776954174,7.343470606952906,3.625717551447451,736.647590083341,0.0006122848029872421,0.9816760167750128,1,0
26.254628663882613,99.58349698223174,69.0615176782012,9.412778858095407,3.0215268647298217,737.4468987681579,0.00045454982071878075,0.9579907041748384,1,0
36.50459611788392,81.13795201294124,50.92564661055803,8.672098360955715,4.488318671472371,737.3842271369655,0.0005156696763243462,0.9694344207798468,1,0
37.16193356085569,98.38831782341003,75.43472040444613,11.814126390963793,4.115857970435172,738.4234432159984,0.000787587468623608,0.9305499968965694,1,0
26.794801014475524,79.16453884914517,44.82103671878576,6.645912565290928,5.266263628844172,736.9816763263891,0.00016296746117147953,0.9824155376904004,1,0
32.44295572862029,87.40237680263817,63.38402293622494,10.201353259384632,4.662221394944936,738.4681091841142,0.0005222604696041669,0.953555374695268,1,0
35.20791846327484,68.37390958331525,56.52013227343559,7.895433057099581,3.472605696413666,736.6700397693359,0.0007760518957952129,0.9786864876137337,1,0
33.28099173493683,92.62996389530599,49.083449989557266,8.274446457624435,3.2038932405412197,737.4388565657284,0.0003853000605692306,0.9698588672400874,1,0
30.41394490748644,60.295785488560796,70.96718959510326,9.06059093400836,4.393575919792056,736.9929470067461,0.000945195813933001,0.9727869727312969,1,0
28.618790819309652,106.83856638148427,52.07157131284475,6.992728393524885,4.997885480523109,737.5689117901877,8.974245298305263e-05,0.9749614013662844,1,0
38.88383949641138,74.30907472968102,67.70567018538713,10.729056358337402,3.8474134374409914,737.0808318508386,0.001116245192091527,0.9568709241172129,1,0
39.351577535271645,88.88474529609084,54.90482173860073,9.663244765251875,5.3993288446217775,738.2151269676998,0.0004888979918389541,0.9575426554049729,1,0
27.21904636360705,70.43767351657152,65.54136499762535,8.995852589607239,4.0926733165979385,737.4356247655529,0.0004989612692661621,0.9707578142089931,1,0
29.011946977116168,102.8003843408078,46.25264097005129,11.04165968298912,3.446981443092227,738.3500633505322,0.0005979214171544982,0.9379523333336308,1,0
33.747320300899446,84.54862580634654,73.13881900161505,7.230701755732298,4.792846973985434,737.09102971971,0.00027776107759663497,0.9779949511746615,1,0
35.67379697691649,106.97206378914416,61.18065532296896,6.12511832267046,4.436292401049286,736.9521481670814,0.0001184188199236536,0.9813501654389755,1,0
31.04140874464065,76.97709294967353,59.314320273697376,11.40897773578763,3.090359889436513,737.6220917924464,0.0008995748468219512,0.949348465403267,1,0
25.394605388864875,96.0837722197175,77.6454122364521,7.828728932887316,3.7363184937275946,737.4578640819949,0.00022388354050867894,0.9718566794493015,1,0
37.63012187555432,65.89348962530494,42.02929012477398,10.068631209433079,5.043040406424552,737.138753675671,0.0012338378809587567,0.9622341070970882,1,0
37.25336023140699,108.84671713225543,55.90402130037546,10.857577085494995,3.2583950897678733,738.1899717059458,0.0005777671405464637,0.937406161933896,1,0
25.010623293928802,78.07503798045218,64.04041688889265,7.051703374832869,4.251473096199334,737.0387431401017,0.0001919872179206143,0.980829762517337,1,0
30.71499889716506,94.93108628317714,42.91594244539738,9.095355939120054,4.894531692378223,738.3229030761829,0.000289726223140775,0.9607253696143686,1,0
35.35481500439346,63.96409537643194,77.30197250843048,8.427188605070114,3.862548821605742,736.6974744953947,0.0010160128580452463,0.9760367007170094,1,0
33.663584711030126,89.9840671941638,69.5527932047844,8.023998130112886,4.2191320094279945,737.4572159473665,0.0003074204996497738,0.9719087016291726,1,0
28.920761831104755,72.32278747484088,50.186606124043465,10.260281033813953,5.25120093440637,738.1945821649241,0.0005343756234421096,0.9587295669779164,1,0
27.068474902771413,100.87235503830016,71.6034485027194,6.680721916258335,4.607799313496798,737.2793617464005,8.887469875235898e-05,0.9785769779631699,1,0
39.208205291070044,83.4063885640353,48.48747406154871,11.96682133153081,3.614635848905891,737.7298389548853,0.0010177229116653862,0.9397292460562757,1,0
38.73315043747425,93.88049681670964,73.81170190870762,10.010384358465672,4.538346910383552,738.3783044110953,0.0005581988580671673,0.9529379901684285,1,0
28.475537011399865,62.32302672229707,45.69816589355469,7.699471492320299,3.0765190343372524,736.6163540991321,0.0006926412285454032,0.9815283212243838,1,0
30.330090881325305,104.86644752323627,67.34698120504618,11.256975162774324,3.683115979190916,738.5045807452531,0.0006178805651522749,0.933868106022728,1,0
33.18992418702692,73.11366418376565,52.98323851078749,6.0896280482411385,5.183848682325333,736.6138042678191,0.0003080854685184665,0.9856150827466518,1,0
34.88161995541304,100.41381264105439,40.08757185190916,7.172499250620604,5.452608817256987,737.5187463624583,0.0001453614715517843,0.9747307040369628,1,0
32.12386336643249,80.40424160659313,79.4711634889245,10.912355035543442,3.951790059916675,738.1500844954758,0.0007952605410388992,0.950816911470675,1,0
26.418149759992957,86.20520791970193,58.73971611261368,8.843894362449646,3.3448494942858815,737.5843136019189,0.00041525339690689876,0.9670829360545333,1,0
36.77784012630582,66.39094864018261,61.87366731464863,9.627707283943892,4.806762828491628,737.0781920622741,0.0010868019719068726,0.9660643176033299,1,0
36.41347855795175,86.5724397264421,47.00774110853672,6.395101502537727,3.812067019287497,736.6567959990641,0.0003000220643215313,0.9831536870423019,1,0
26.170939090661705,69.10494644194841,72.62423515319824,11.701661881059408,4.96735029341653,738.5828086247591,0.0007794009861149537,0.9475931836559582,1,0
31.700908076018095,97.6568045001477,54.3317586556077,8.14560392126441,4.360567717347294,737.774117775678,0.0002397550802245772,0.9686294531924126,1,0
34.57581545226276,79.99399946071208,66.19861822575331,10.31445787847042,3.1660643075592816,737.5425526470048,0.0007790398619301176,0.9580813819805658,1,0
32.50326846726239,106.00977362133563,78.15618108958006,9.2286333180964,3.522638252004981,737.8680619047062,0.000420300028815869,0.9567010229298762,1,0
29.760643057525158,75.04125627689064,41.27068016678095,8.493128590285778,4.717208046466112,737.4360723853458,0.00039650498413008385,0.9721724473585068,1,0
27.84747490193695,91.89806882292032,60.519587099552155,10.560190759599209,5.323648193851113,738.8774230668811,0.0004130137160216945,0.9473061011836167,1,0
38.222296559251845,61.12486472353339,59.88387353718281,6.774869564920664,4.168297939002514,736.4619014894521,0.000975996320558113,0.9838365276349638,1,0
39.63116765022278,103.62984001636505,62.72783759981394,8.73103328794241,5.078423909842968,738.240835833024,0.0002963229956445158,0.9612087139821507,1,0
27.374272281304002,83.81710754707456,57.09456842392683,9.541351083666086,3.7668905053287745,737.8817594423139,0.0004906937732760412,0.9618856665055676,1,0
29.28513063583523,89.61578634567559,75.95037199556828,7.496161255985498,3.123330969363451,737.1422000298943,0.0002874994860627838,0.9762024348663021,1,0
33.91078819986433,69.60774063132703,44.067309498786926,11.162913255393505,4.474084546789527,737.791151872842,0.0010780024057327785,0.953459568035326,1,0
35.98288423847407,96.91284670494497,51.50339096784592,11.569054272025824,4.742853925097734,738.7363655773976,0.0007180790993444492,0.9338152286519418,1,0
31.225845706649125,65.16158980317414,68.36780615150928,6.328328713774681,3.392033962998539,736.4126167904994,0.0005562751741237853,0.9867366402171589,1,0
25.697286194190383,107.70424934104085,49.843433015048504,9.90937788784504,4.035249282140285,737.5432705587731,0.00042191163553505304,0.9500625859890285,1,0
37.82280081883073,76.14830419421196,70.45748863369226,7.624695237725973,5.346849667374045,737.0083106060383,0.0005027211058671539,0.9763937486945639,1,0
37.84499868284911,85.16825757920742,51.89259499311447,10.365279044955969,4.1734502809122205,738.0379985080541,0.0007288992035775074,0.954093472560532,1,0
25.588098731823266,67.48255187645555,67.50863142311573,8.106322690844536,5.211703411303461,737.3280999759919,0.0003402281944363527,0.9760633664078172,1,0
31.309398403391242,99.08388619311154,49.294774644076824,11.649926796555519,4.566043705679476,738.6127337698034,0.0006853963041713461,0.931908456974541,1,0
35.93505160883069,81.59349373541772,71.16117630153894,6.434927579015493,3.567010152153671,736.5783238178923,0.0003666449678849506,0.9838470697394422,1,0
34.02272202074528,104.38505447469652,63.275599516928196,6.828618787229061,3.2982413745485246,737.0840331844116,0.00019961109854700878,0.9776582279000784,1,0
29.265679130330682,73.63787283189595,56.38933580368757,10.517984334379435,4.297341312747449,738.0629715486135,0.0007049011403370819,0.9573416778033211,1,0
27.42668277118355,93.49676439538598,75.56084372103214,8.438462231308222,4.943344043102115,738.0766029382648,0.00019636069575786996,0.9668694831832606,1,0
39.55219281371683,62.55427099764347,44.92436707019806,9.271393530070782,3.905023931991309,736.5897186832019,0.0015768780553416489,0.9704186757514143,1,0
38.141040029004216,102.12880088016391,77.76421140879393,11.20585784688592,5.498557686340064,739.292778576417,0.0005679830110119618,0.9342116706788982,1,0
27.89850492030382,82.09473233669996,42.13017914444208,7.441685311496258,3.9915544255636632,737.1400038724141,0.0002475225532632559,0.9778819952810479,1,0
29.735247804783285,91.14284942857921,61.06490761041641,9.499317549169064,3.387558664660901,737.8196061105834,0.0005060586182701609,0.9596982800564418,1,0
32.610159763135016,71.3040926400572,59.18108232319355,8.784961525350809,4.85534238582477,737.2941425727162,0.0005828028370378939,0.9710328950705163,1,0
34.522039075382054,95.19279607571661,46.46152414381504,7.664714589715004,4.49876784067601,737.4492794962289,0.00023630082324011583,0.9730713199117617,1,0
31.77941824775189,63.659751964733005,73.32548141479492,9.857830043882132,3.030917734839022,736.8993981599582,0.001069833094596143,0.9689226811933341,1,0
26.059469934552908,109.40140005201101,54.723404087126255,6.289229359477758,3.6352571165189147,737.0029055817461,9.816871049622952e-05,0.9800939157720947,1,0
36.434295950457454,77.67304269596934,65.33700209110975,11.620051190257072,5.142327358014882,738.479718478512,0.0009380252697433542,0.9434759222098567,1,0
36.773029933683574,107.41959762759507,40.78891348093748,8.387169253081083,3.483216952998191,737.736268348861,0.0003392864002783308,0.9644044535292394,1,0
26.515413713641465,76.47557779215276,78.92485115677118,9.146903783082962,4.6714501031674445,737.8835308808756,0.00035219183155994066,0.9668091048767783,1,0
32.05955839715898,96.33523359894753,57.87892013788223,7.090802729129791,5.275946282315999,737.4340295116723,0.00013729938659137113,0.9762724327037012,1,0
34.91938913241029,65.58652700856328,62.26449258625507,10.806580167263746,4.126618555281311,737.1134740129363,0.0012887382787064188,0.9591228670272473,1,0
33.09540659189224,88.38533418253064,74.67217363417149,11.923876740038395,3.8578590117394924,738.2359741060268,0.0008674939345287572,0.9357409921565205,1,0
30.33764743246138,70.893414914608,45.30522346496582,6.735197860747576,5.007272792980075,736.7760369440737,0.00034434602296187767,0.9830467928205775,1,0
28.44234569463879,102.497039726004,66.64474312216043,10.302314568310976,4.403119042515755,738.2455681722888,0.0004804468065612826,0.9462995998903455,1,0
38.802033266983926,84.80980870313942,53.52800589054823,7.970069892704487,3.2148004341870546,736.987322503866,0.0005191610010284456,0.9747832447659547,1,0
39.27205984480679,92.3534685652703,68.84811371564865,6.035878825932741,4.7825420666486025,736.7124008136741,0.0002299545329547818,0.9835137084369601,1,0
27.02932547777891,60.62663764692843,50.73381491005421,11.299181587994099,3.4380590468645096,737.4437758459491,0.001197177893216161,0.9586712221273509,1,0
28.926952271722257,106.36752447113395,72.46147882193327,7.754137851297855,4.08390505425632,737.6404006001055,0.00019490544242641508,0.9695104820718936,1,0
33.56677117291838,74.83600530773401,48.09697303920984,9.96762414649129,5.389482613652945,737.9067964781699,0.000605236392469251,0.9603092420682929,1,0
35.39121807087213,98.71669638901949,55.045666731894016,9.576886117458344,5.032898834440857,738.5903986645887,0.00036830972841691786,0.9545868734772472,1,0
30.64839798491448,78.87946641072631,64.4288007542491,8.88317559286952,3.727235220838338,737.4856638043989,0.0004924883137369107,0.9692266349551273,1,0
25.10285897180438,87.92529598809779,43.6197254806757,10.96409012004733,3.0817334302701056,737.2873690110561,0.0006672264997541389,0.9489343761315748,1,0
37.24259193055332,67.89275276474655,76.75321877002716,7.1326731741428375,4.426301908213645,736.603724247332,0.0007149293699346821,0.9812731255655279,1,0
37.561682532541454,99.91534961387515,60.32079394906759,7.934526689350605,3.872082426212728,737.5253657484144,0.00030981944525493695,0.9702265192603171,1,0
25.429155719466507,80.86093109101057,59.70665235072374,10.150350619107485,4.90544840414077,738.5112499290879,0.00040700913851696467,0.9564970668287927,1,0
31.032493179664016,85.9012974333018,78.34826067090034,6.6058989353477955,4.26192822586745,736.8709629114472,0.0002090860115821465,0.981914966621639,1,0
35.76787108555436,66.65156566537917,41.48391239345074,11.865679956972599,3.267772846855223,736.9497812344503,0.0014042099733254504,0.9512033999657407,1,0
33.710023164749146,94.32708331383765,54.20409046113491,10.771084170788527,3.6243280204944313,738.0396906172863,0.0006739223138875843,0.9456200258585208,1,0
29.07763951458037,61.8205642234534,66.08706697821617,6.938794434070587,4.618550380226225,736.6612431635342,0.0005251984121898743,0.9837432281162536,1,0
27.120394841767848,105.1184755191207,47.114047296345234,9.017652064561844,5.2618026356212795,738.4098143906874,0.00021676070713743645,0.9578672202778158,1,0
39.355915687046945,72.80726818367839,72.7473833784461,8.328928124159575,4.2283702730201185,736.830103767683,0.0008022925879959056,0.9740988685360746,1,0
38.893220173195004,90.3118672221899,49.94241490960121,7.285362392663956,5.175231778528541,737.1418536670702,0.0002917563763807721,0.9762263578459969,1,0
28.526083044707775,72.03713649883866,70.57819537818432,10.99889374896884,3.6731159309856594,737.9044543450772,0.0008810210421956739,0.9547045412330143,1,0
30.481017916463315,101.39623348601162,51.36839862912893,8.94210908934474,3.066367944236845,737.6120821513632,0.0004121795973948834,0.9613179337791434,1,0
33.24597629252821,82.92619100771844,68.25381357222795,9.705456912517548,4.529273155611008,738.0565476553529,0.000519805870332453,0.9603723395015797,1,0
35.30337304342538,108.57079959474504,76.14001024514437,10.12036057189107,4.797985010780394,738.6456922707016,0.0004412757669345908,0.944932558072594,1,0
32.43632185738534,78.4064679313451,44.27321758121252,7.788897134363651,3.335012818686664,736.9473285319807,0.0004541872444477084,0.9772654889538,1,0
26.834393870085478,94.4590843655169,62.52660296857357,11.35816229134798,3.9414946706965566,738.2101903967261,0.0006764612203412679,0.9390445457127468,1,0
37.09943796508014,64.49006594717503,56.91002294421196,6.164405275136232,5.443676902912557,736.7014413810268,0.0004971152141816043,0.9853808070544563,1,0
36.584929968230426,97.16469290666282,71.73693433403969,9.306157104671001,3.1574485772289336,737.7232185530863,0.0005000938637288991,0.9598699519453859,1,0
26.20266166049987,64.85501200892031,48.6030500382185,8.591202948242426,4.350568879861385,737.2367398078869,0.0005143801263309436,0.9746201131301805,1,0
31.86322002671659,108.15063616260886,69.45165630429983,10.646503631025553,4.957197992596775,738.5923099284529,0.0004767198419620368,0.9391523912603462,1,0
34.61304711177945,75.64564201980829,50.0679786875844,6.88759233802557,3.802992091048509,736.6549088796053,0.00045342221229563743,0.9823402093374439,1,0
32.93651767075062,103.32611728459597,43.11990488320589,6.469738360494375,4.159518947824836,737.0574956955544,0.00013237630240645016,0.9798590124258083,1,0
30.054392525926232,84.07791232690215,77.48371448367834,11.80262316763401,5.313810307532549,738.9896451694556,0.0006882936478155051,0.9377702224715414,1,0
28.27521836850792,89.11751703359187,55.71775935590267,8.234889194369316,4.706913867965341,737.8091422279618,0.00021609790685356054,0.9699965593074237,1,0
38.525188392959535,70.06462383083999,63.831209391355515,10.424208249896765,3.513707511126995,736.7485710519776,0.0012476370312609851,0.9616172640877413,1,0
39.92902469821274,105.53758990950882,58.546130023896694,11.468047186732292,4.483614556491375,738.554651674315,0.0006932063401550957,0.9306542791553554,1,0
27.810713537037373,75.56704505346715,61.6620184853673,6.2537376545369625,3.1342441234737635,736.525601794347,0.00028628217867599583,0.9859408267574239,1,0
29.59215463604778,91.62195160984993,40.28420999646187,9.79958176240325,3.777349192649126,738.0175323967998,0.0005163175473888726,0.9564146127302835,1,0
34.34174830559641,61.45609499886632,79.65046398341656,7.535455718636513,5.087805261835456,736.7146625804111,0.0007979791083126942,0.9797597854438707,1,0
36.01874299813062,87.09650592878461,67.24340282380581,8.633004728704691,5.356545433867723,737.737511371845,0.00034755415524238327,0.9670677172131775,1,0
31.400517779402435,68.6249366402626,52.85728678107262,9.463781498372555,4.046003906521946,737.3081173354385,0.0007605694681463199,0.9682638080500159,1,0
25.738621409982443,97.98479824326932,73.94274640828371,7.383484236896038,3.4026321065612137,737.2505804596077,0.0002067766521890039,0.9747979592814613,1,0
37.98830079846084,79.70854219980538,45.80641772598028,11.076554629951715,4.75208859378472,738.1770562944954,0.0008995291664372725,0.9487514690917165,1,0
38.09209172613919,104.64021786116064,73.66935230791569,6.225472804158926,4.888172521721572,736.9712572627616,0.0001391575436571338,0.9808506881908746,1,0
25.835402719676495,72.91341078467667,46.78293764591217,11.484383001923561,3.8890722109936178,738.0548546834927,0.0008780840442535575,0.9495438383842897,1,0
31.556708007119596,93.65350486710668,65.01678708940744,7.565824672579765,3.245852719526738,737.227934560372,0.0002867859068620181,0.9748150241432418,1,0
36.18211450520903,62.12200954556465,54.38077609986067,9.780778493732214,4.2841726071201265,736.8479181782862,0.0013957453345609968,0.9670286921761779,1,0
34.240475301630795,86.38109475374222,42.43267070502043,9.387086860835552,4.6404037503525615,738.0416268815139,0.00045167988048499397,0.9617089707273024,1,0
29.483700576238334,66.54388861730695,78.04887685924768,8.697767470031977,3.6021503964439034,737.0092824863257,0.0006870645523885442,0.9744748512549435,1,0
27.64468116685748,100.59046325273812,58.89765948057175,11.152243796736002,4.245712912641466,738.4528934389687,0.0006009086300818444,0.9373192938329843,1,0
39.77000172249973,80.55794387124479,60.76361484825611,7.319357894361019,5.244746093638241,736.9559677283091,0.0004466741052792381,0.9774517735707698,1,0
38.362703691236675,95.13285429216921,56.69428888708353,8.572577062994242,3.690086488611996,737.6139975496598,0.0004300646932021506,0.966670521078344,1,0
28.119971943087876,64.188810614869,63.55780582875013,9.336703442037106,5.1579369669780135,737.5114992437057,0.0006168691757478314,0.9689431876553031,1,0
29.956667190417647,109.04924724251032,44.643365517258644,6.904116980731487,4.551498607732356,737.4552035684396,0.00010518325678782691,0.9754389146691596,1,0
32.83184016123414,78.30051681026816,75.25712728500366,10.618427608162165,3.0444285897538066,737.5359694787046,0.0008105956802561713,0.9561936356439523,1,0
34.77301388978958,100.72092985734344,67.85004049539566,11.738674208521843,3.3128541237674654,738.4157602370183,0.000696250420087857,0.930538983185488,1,0
32.03013920225203,83.22898674756289,52.216467931866646,6.545604910701513,4.819857608061284,736.8677756792334,0.000225637000861015,0.9822856335472443,1,0
26.310229138471186,89.83187842182815,70.83854030817747,10.489159818738699,5.426639588084072,738.9549702730557,0.00037299757760197273,0.9489913046249895,1,0
36.68525894638151,72.14462355710566,48.95457003265619,8.158383384346962,3.958856239449233,736.8429491835147,0.000717557900370994,0.9757606044114342,1,0
36.991055430844426,89.41554421558976,64.7531134262681,11.016082148998976,4.328553380444646,738.4012955794759,0.0007488760870251181,0.944832854172113,1,0
26.733192391693592,69.38149951398373,55.38663845509291,7.256302177906036,3.1791398227214813,736.7165960752498,0.00041614897071567757,0.9821796597501176,1,0
32.27734179701656,103.42883578501642,76.41348995268345,9.687449008226395,3.7860786002129316,738.0344266976281,0.00046955061825298554,0.9528240340736518,1,0
35.13738358858973,83.59010283835232,43.296611309051514,8.971625458449125,4.9743975810706615,737.7430841546864,0.0004307959732631784,0.9658009265575433,1,0
33.34268607664853,107.85720040090382,51.01680189371109,7.854329355061054,5.33063796767965,738.090760085401,0.0001427032986530018,0.9675842807695391,1,0
30.58473731856793,76.32418013177812,69.15228374302387,10.043053675442934,4.142405190039426,737.9228919595986,0.0006423118800411703,0.9604928765150362,1,0
28.689411636441946,97.06656135618687,47.79400181025267,6.100891191512346,3.5358088412322104,736.7953455428121,0.00012845209464088414,0.9832922638055406,1,0
39.04936748556793,65.3382278420031,72.17973444610834,11.43318197876215,4.685136791784316,736.9045593849106,0.0017511289365726513,0.9513678630437951,1,0
39.52279194723815,97.88150828331709,45.59063412249088,10.180055815726519,3.155954596120864,737.7090284893354,0.0006069566336413649,0.9513725873714935,1,0
27.28031870443374,80.1957787387073,74.97392237186432,7.9167076125741005,4.461617986205965,737.403761362772,0.00025156202549266634,0.9749155911664136,1,0
29.17789696715772,86.79790579713881,53.227493800222874,11.836797125637531,5.105023779440671,738.8395334325238,0.0007000784673887797,0.9361410116705625,1,0
33.81751911714673,69.30748949758708,66.3605372235179,6.623264718800783,3.7604549289681017,736.5233680673754,0.0005448801714524507,0.9845077165175721,1,0
35.612667575478554,91.72065610997379,79.24674045294523,7.014002948999405,4.028871219605207,736.9921792406152,0.0002639213153066603,0.9785806189863072,1,0
30.870051393285394,60.97345062531531,41.132306195795536,10.707758914679289,5.3733538668602705,737.5507379763432,0.0010741082877963643,0.9595455009382914,1,0
25.32454973552376,105.83159713074565,61.92230433225632,8.25179861113429,4.7302922904491425,737.8850040373795,0.00017943989615738085,0.9652351602464464,1,0
37.4640287226066,74.88907989114523,57.558267787098885,9.083261668682098,3.4247145075351,737.0106009681813,0.0008090955837441322,0.9699521194306374,1,0
37.314368011429906,92.82433361746371,43.97131133824587,11.281179405748844,5.189830967690796,739.0363467413441,0.0006686751449793353,0.9386912699398503,1,0
25.18210221081972,62.85381260327995,75.85475709289312,6.065400917083025,4.19560883147642,736.4399082184597,0.0003177106918197662,0.9880670880181851,1,1
30.785390748642385,103.90793833881617,57.194071635603905,9.984806824475527,3.5496484390459955,737.8952473248435,0.0005070615711462156,0.9497799832314856,1,0
35.520572015084326,73.74210556969047,62.82727226614952,7.725071914494038,4.583081174176186,736.9190662340318,0.0005441336480940457,0.9772691265598982,1,0
33.49201985169202,99.76091062650084,70.23495987057686,8.819667231291533,4.314636268652976,738.0675233799038,0.00032583507286692713,0.9621272948695259,1,0
28.85983999352902,81.28936517983675,49.62036840617657,9.651911526918411,3.281270663253963,737.7199372660673,0.0005906840927680607,0.9623368502021037,1,0
26.902632173150778,85.64995991997421,68.57462342828512,7.198099672794342,3.9269631328061223,737.1341318364953,0.0001975341193183184,0.9786059369159158,1,0
39.13789915852249,67.37372771836817,51.71042937785387,10.886777501553297,4.921118735335767,737.1022345693933,0.0014413750021865914,0.955135599339323,1,0
38.67179229389876,109.87794323824346,65.7462527602911,9.118026673793793,4.01373219396919,738.1710279863391,0.0003922388694593822,0.9561071007450687,1,0
28.304408458061516,77.56823849864304,53.87962028384209,8.40454075857997,5.476704162545502,737.7220418144221,0.0002685182778987723,0.9714447663274411,1,0
30.25934844277799,95.8646553941071,73.07065475732088,10.836279641836882,4.872398774139583,738.5981564154521,0.0005385816760807569,0.9428374282184441,1,0
33.02451776340604,63.359637409448624,47.45361890643835,7.072977930307388,3.3702161693945527,736.4790782097283,0.0007683569704892836,0.9836867876730674,1,0
35.05260534584522,90.66171854734421,59.40232511609793,6.65807406976819,3.013928103726357,736.7388004770232,0.00028850999038941826,0.9815950689768128,1,0
32.18536467291415,71.41348974779248,60.037964172661304,11.989492066204548,4.516043578740209,738.1687416558659,0.0010950772803322599,0.9446109059032024,1,0
26.583413244225085,101.4523493964225,41.765499264001846,8.045272685587406,5.120082832407206,738.0257506487683,0.00014271856300688423,0.9678533040600295,1,0
36.848725504241884,82.39943235181272,78.65138940513134,10.23898359015584,3.6571773975156248,737.7374608913318,0.0007719537617901815,0.9572114228874705,1,0
36.36714075691998,102.59861689060926,52.57493279874325,7.472048543393612,4.654641516506672,737.5320995273244,0.00019715998840704675,0.9725515176193901,1,0
25.98467569798231,84.32391000911593,66.93859741091728,11.187048856168985,3.500349784269929,737.8279107113883,0.0007452947892591846,0.9470955520607693,1,0
31.645186035893857,88.68221425451338,46.10998619347811,8.756702397018671,4.104536298662424,737.7824589286222,0.0003709079641366017,0.9665104028480279,1,0
34.39527424518019,70.21219561807811,74.22389592975378,9.515659086406231,5.297742431983352,737.4499570550339,0.000734840815736121,0.9653367547536508,1,0
32.689445917494595,96.2351983319968,61.33829351514578,9.93351348862052,5.0292692189104855,738.6624296545941,0.00039807651859193743,0.9519593327844372,1,0
29.80706680100411,66.07089051045477,58.20457298308611,7.600582525134087,3.8361486927606165,736.764300230391,0.0005779115899497511,0.9804339925814131,1,0
28.02793039008975,107.12425200268626,79.99081626534462,11.543362274765968,3.2316948515363038,738.4624592954302,0.0005657679818478995,0.9298471298921029,1,0
38.27810431830585,77.1552574262023,40.60669831931591,6.353997822850943,4.38590038055554,736.5854880757339,0.00044251690910277,0.9839691050909848,1,0
39.678070615045726,87.62860590592027,77.16244865208864,8.122841611504555,3.45517266029492,737.1326612099738,0.0005004751497234177,0.9728481652646553,1,0
27.559970510192215,68.57416354119778,42.775886319577694,10.337197300046682,4.765714560169727,737.9847706360453,0.000634804663077748,0.9602218817246152,1,0
29.34141761623323,98.61531070433557,64.17398534715176,6.416307415813208,5.411259843502194,737.219411213136,8.24834938208208e-05,0.9803347380575439,1,0
34.090764466673136,79.36555509455502,56.037826389074326,11.680478855967522,4.061803579796106,738.098160248206,0.0009675328144097298,0.943842331253962,1,0
35.79704284667969,106.66267861612141,48.318236619234085,10.58293018117547,3.7055438216775656,738.1199087366292,0.0005796311512967041,0.9416666011549041,1,0
31.179085904732347,74.15613568387926,71.434590741992,6.752107255160809,5.054914478212595,736.8288966194441,0.0003171655864339066,0.9823639682085556,1,0
25.517166987992823,92.45331384241581,50.36912377923727,9.207450293004513,4.409102464094758,738.0660450507164,0.00032137178945711116,0.9612229079238832,1,0
37.76665677782148,60.142082665115595,69.73522681742907,8.514334503561258,3.098646767437458,736.4233655394323,0.0014735664544110276,0.9771242200277036,1,0
37.761110165156424,87.66665266826749,44.978451281785965,7.193438541144133,4.773586529307067,737.0268386287568,0.00031568922114366476,0.9776030193057693,1,0
25.52641616668552,68.43825936317444,75.59465043246746,10.909182697534561,3.466868937946856,737.7599024741866,0.0008719251396085422,0.957627584454096,1,0
31.17355588823557,98.55571090243757,56.365311704576015,8.853120982646942,4.073310277424753,737.9724960532955,0.00034179300283186426,0.9622770403116246,1,0
35.80630895681679,79.52263084240258,63.23126453906298,9.612798672169447,5.419247408397496,737.8795860862542,0.0005421533273971338,0.9613709077760585,1,0
34.08531787805259,106.53002363629639,71.12723398953676,10.029904939234257,5.062949805986136,738.7259549159483,0.00039438110855611984,0.9467375138252709,1,0
29.350480940192938,74.19132663868368,49.24082662910223,7.697717864066362,3.7170790596865118,736.9615253095805,0.00040874035608281384,0.9783431662800389,1,0
27.554512131027877,92.61362537741661,67.55279742181301,11.26478235796094,3.1102952915243804,738.1532493923376,0.0006719253812407136,0.9412469228279229,1,0
39.68712203670293,60.079616624861956,51.916788667440414,6.076138861477375,4.4169459021650255,736.3764288959732,0.0008609711369108829,0.9866300099391595,1,0
38.283521849662066,102.73126740008593,65.38116570562124,8.032303858548403,3.4925148165784776,737.5234288719469,0.00033495481643371587,0.9689179889260696,1,0
28.01878078840673,84.28871458396316,54.74760014563799,10.245938546955585,4.642982240300626,738.4043660263129,0.0004846252232222981,0.9546074762261464,1,0
29.812497016973794,88.52190718986094,73.29154148697853,6.700752474367619,5.286198751535267,737.1400404132623,0.00014263024203866071,0.9803429989784146,1,0
32.68030911218375,70.27466612868011,46.407573744654655,11.964180070906878,4.096511750947684,737.8311529365279,0.0011911679189124161,0.9463968345346467,1,0
34.4008490210399,96.19714709930122,59.157060608267784,10.867393791675568,3.82815267611295,738.1635323911321,0.0006693343900294725,0.9435763672871582,1,0
31.6360222408548,66.20679021812975,61.0205702483654,7.0358499102294445,5.017773292027414,736.7566542874944,0.0004912480250824959,0.9820822284939448,1,0
25.990234771743417,107.18385627493262,42.184260971844196,9.116896759718657,4.374212563969195,737.8616677806267,0.0003083411346508896,0.957175497749133,1,0
36.35796092450619,76.9981861487031,77.79802050441504,8.423037081956863,3.2238121209666133,736.9646661126922,0.0006488422040025517,0.9739126385856183,1,0
36.843180232681334,109.94079298339784,53.56257554143667,11.565098013728857,5.468870303127915,739.0528658331359,0.0005819220511807801,0.92560927163933,1,0
26.592661975882947,77.40830917842686,66.69806439429522,6.350040480494499,4.0020741750486195,736.7024149220911,0.00020690411993177778,0.9847438870501922,1,0
32.179835103452206,95.82984367385507,45.261651426553726,9.893696799874306,3.3586713620461524,737.8745531520226,0.0005511845373124394,0.9541502473531659,1,0
35.06187011487782,63.492673113942146,74.6473865956068,7.634705778211355,4.864372950512916,736.7172206630414,0.0008014770285566621,0.9790568777515676,1,0
33.01907251589,90.50426356494427,62.211002334952354,8.728587292134762,4.508046435192227,737.8702884985788,0.00033347477083312183,0.9659971595720119,1,0
30.268411319702864,71.47270882502198,57.844520062208176,9.561552587896585,3.0024309009313583,737.28026721831,0.0007399742300898889,0.9677104180643749,1,0
28.298950525932014,101.5878698695451,78.949502594769,7.481991145759821,3.645490689203143,737.3914390854469,0.00020483790724209393,0.9731067471458626,1,0
38.68084237445146,82.36100337468088,40.83262171596289,11.171412818133831,5.112201359122992,738.4721181764073,0.000836923281566105,0.945681643285777,1,0
39.143316242843866,92.98178710974753,76.77787259221077,9.214971754699945,4.203482057899237,737.9188743621957,0.000498157034379974,0.961413370882458,1,0
26.893483912572265,62.79459203593433,43.66343133151531,8.500741951167583,5.201528353616595,737.2660094277821,0.0005258063297052726,0.9747389529653814,1,0
28.865268868394196,103.77241935580969,64.37530811876059,10.558241866528988,4.594586595892906,738.3900296797955,0.0004941263877966,0.9426095349487912,1,0
33.48288349341601,73.78053603693843,55.01126904040575,6.794219199568033,3.5576348770409822,736.5963513618376,0.00046603641405253615,0.9832747220443426,1,0
35.526146343909204,99.69805939123034,48.05339861661196,6.380020514130592,3.289304715115577,736.8106168013381,0.00020593622701188115,0.9814740114070483,1,0
30.776228294707835,81.44929300993681,72.43669416755438,11.710694666951895,4.3261703797616065,738.402765719607,0.0008601403903368898,0.9415398353957621,1,0
25.18765994347632,85.68477313034236,50.76838694512844,8.142236318439245,4.932768516708165,737.8335861954727,0.00016908254555490616,0.9712108855306996,1,0
37.30518862605095,67.24069350399077,68.90143260359764,10.335226222872734,3.9348076791502535,736.8449274229761,0.0012930530458847018,0.9624205254002101,1,0
37.454912536777556,97.72462923079729,72.78195511549711,11.11246644705534,4.454842709936202,738.5746108350883,0.000685992240626092,0.9390812640405958,1,0
25.329934298060834,80.25557523593307,47.167365886271,7.353430364280939,3.1432380033656955,736.9812206897114,0.0002787853042006623,0.9792131669881767,1,0
30.860947333276272,86.93399474956095,66.04349225759506,9.40887338295579,3.7475463720038533,737.8973562549155,0.0004926388344960163,0.9619740613539797,1,0
35.618064599111676,69.26962750963867,54.179305508732796,8.693770788609982,5.098361714743078,737.1013796821456,0.0007410650625079239,0.9714348008174469,1,0
33.80833129398525,91.78292545489967,41.430419459939,7.575715061277151,5.366739565040916,737.5108232079281,0.0002037031769991266,0.9738033701306327,1,0
29.183496218174696,60.81294239498675,78.31386268138885,9.765183225274086,4.015991203021258,737.1649768756379,0.0009819898743684819,0.9688941169018063,1,0
27.271114620380104,105.79622140154243,59.73130587488413,6.19731692969799,3.411950161214918,736.9213877181654,0.00011178601789177066,0.9812853695053289,1,0
39.52837482560426,75.02155009657145,60.364499501883984,11.530328717082739,4.723488483112305,737.4610494937904,0.0012067337491686472,0.946905856895765,1,0
39.05858436599374,89.35327040031552,56.934674084186554,10.464512273669243,3.1859544846229255,737.5801263211059,0.0007209733896512774,0.9527832668665609,1,0
28.683898663148284,69.54200327396393,62.57031090557575,8.200443115085363,4.341309358831495,737.1399059497957,0.0004677035464652344,0.9758992514694818,1,0
30.593969565816224,103.464215984568,44.21972703188658,11.746247883886099,4.987266771029681,738.8928183650194,0.0006286220027207842,0.9275675956850394,1,0
33.33718858193606,83.45763710327446,76.10560987144709,6.531971588730812,3.792701297905296,736.7024847855755,0.00029022067742912944,0.9829203209532098,1,0
35.146471611224115,108.01407498307526,68.21024123579264,6.923460904508829,4.149056418798864,737.3051381920523,0.00015832018196625152,0.9758344785777789,1,0
32.271871850825846,76.264379164204,51.34361129254103,10.616495870053768,5.343554911203682,738.3540815721884,0.0006171157299684475,0.9539536414530714,1,0
26.742267394438386,96.93047687411308,70.61276473104954,8.536250822246075,4.697864229790866,738.0480335456562,0.0002183277246325223,0.9652024681130699,1,0
36.98557212948799,65.37609430029988,49.99573588371277,9.366970036178827,3.5425757402554154,736.6344336616397,0.0012162838682005107,0.9706551249908649,1,0
36.67614141944796,95.0000033620745,63.885290920734406,6.134397156536579,5.1647503529675305,736.8625796353551,0.00017014651858164278,0.9825011178199567,1,0
26.315614148043096,64.22380710951984,55.75156815350056,11.39402835443616,3.70284134009853,737.7535082010861,0.0010503763185544443,0.9553893641315574,1,0
32.02103469520807,109.20937325805426,77.45969247072935,7.849708992987871,3.0572990369983017,737.4423419740592,0.0002788267630466883,0.9686309663009272,1,0
34.77841225452721,78.23786376044154,43.07556722313166,10.065406657755375,4.558122413698584,737.9266886712801,0.0006821080149970715,0.9591834772428947,1,0
32.82265099696815,100.75917406007648,50.034038461744785,9.671012621372938,4.826510094106197,738.5368092452517,0.00037589373851543227,0.9529643917835622,1,0
29.962266888469458,83.09328150004148,69.39770560711622,8.982414186000824,3.325772175565362,737.5695102693348,0.0004896502575554809,0.9672200871231468,1,0
28.110767411999404,89.77246264927089,48.647213354706764,11.061129480600357,3.9715824015438557,738.1595605876927,0.0006836314935539115,0.9445421063826007,1,0
38.368287910707295,72.30188184417784,71.7611300945282,7.228987466543913,5.433405360206962,736.8073409487204,0.0005540182685284795,0.979166673710494,1,0
39.779219049960375,104.60197216831148,45.85058342665434,8.294527798891068,3.882295807823539,737.7409163802491,0.0003414706480090668,0.9659435827720039,1,0
27.63916685245931,73.04911454208195,73.96693978458643,9.057910334318876,4.875454653054476,737.7219216217051,0.0003961595786338227,0.9685417180087194,1,0
29.492934164591134,93.71292212978005,52.82334417104721,7.001073461025953,4.271265158429742,737.2141039601828,0.00015786729123014125,0.9780313510431519,1,0
34.23497735988349,61.96475274860859,67.18945451080799,10.714663088321686,3.23919191211462,736.6750439754994,0.0014470752906636018,0.9631150840427017,1,0
36.19120297487825,86.51394419372082,79.62643958628178,11.835626441985369,3.595537202898413,737.972521675931,0.0009087099714336841,0.9385877691267529,1,0
31.551236719824374,66.50889063253999,40.239874720573425,6.6418132558465,4.627524991054088,736.6247983862295,0.00047434315180280016,0.9842429955887317,1,0
25.844479063525796,100.4303387273103,61.71610239893198,10.211117751896381,5.231980620417744,738.5385242815552,0.00035334442886261427,0.9477885903522605,1,0
38.08660797774792,80.62059841118753,58.57993643730879,7.879620362073183,4.238907829392701,736.9885548003915,0.0005087616511674486,0.975303953922949,1,0
37.97914097085595,105.69503744132817,60.739593133330345,9.028309565037489,3.1262482232414186,737.7286793472479,0.00042976486051896204,0.9593881684987956,1,0
25.74419311247766,75.50781852565706,58.85332211852074,8.312611520290375,4.472118597012013,737.4989848954073,0.00029023518014913743,0.9733210636889741,1,0
31.391341132111847,91.48643858730793,78.1029586866498,10.743627458810806,5.076117338147014,738.8054260743936,0.0005189639374384915,0.9456767473330016,1,0
36.02429799269885,61.49453142657876,42.46647980064154,6.983995210379362,3.7694665039889514,736.4478500065522,0.0009403876393997465,0.9836168750592023,1,0
34.33260267134756,87.03366065397859,54.42493971437216,6.56688941270113,4.038168822415173,736.7770142212757,0.0002585662948803588,0.9820841314880202,1,0
29.5975690940395,68.78487043082714,65.04098314791918,11.89903037622571,5.3448861902579665,738.5028896241805,0.0008944515143936861,0.9451515316688524,1,0
27.801579916849732,98.019605493173,46.74899771809578,7.95701165869832,4.740545020438731,737.8566844912169,0.00016778855065044388,0.9696722980027354,1,0
39.93445083498955,79.5755020249635,73.6154019087553,10.145609714090824,3.394607516936958,737.2805925139137,0.0009026190616655069,0.9601475745366885,1,0
38.53424864355475,97.22753669135273,48.92062772065401,11.37676127627492,4.35860416572541,738.4520495756576,0.0007447216082361439,0.936556620114233,1,0
28.269775747321546,64.69507672823966,70.78459229320288,6.163172699511051,3.168983922339976,736.3838101748061,0.00046903623210542466,0.9877397725740441,1,0
30.06343986839056,108.1158304028213,52.26063393056393,10.08331299573183,3.8146406477317214,738.0429249599288,0.00048580350455732754,0.9466474304332245,1,0
32.931062476709485,75.77868368476629,67.8742341697216,7.819930840283632,4.965041314251721,737.147251839447,0.0004111274658677906,0.9760141830083138,1,0
34.622293217107654,103.1686682626605,75.31121149659157,8.916717320680618,5.3216823185794055,738.5182640811458,0.0002443129379123231,0.9592395399602839,1,0
31.8576773814857,84.13713736459613,44.67717222869396,9.748215090483427,4.1712151183746755,738.0626044087068,0.0005312839738361876,0.959767446616818,1,0
26.2119236914441,89.25303154624999,63.53378172963858,7.2922140173614025,3.525214176159352,737.1684365270436,0.00021149776779873962,0.9773251944867442,1,0
36.579403136856854,70.02618889324367,56.64995390921831,10.986028254032135,4.7149015492759645,737.4808428872705,0.001145547808756828,0.954399252341167,1,0
37.09027858451009,90.44452369213104,72.13616002351046,8.2191505394876,3.6811500899493694,737.3760458382486,0.00041764197633339034,0.9709129920942421,1,0
26.839964231476188,72.00194703415036,47.769217155873775,10.434253469109535,5.186765847727656,738.379258196556,0.000502677537423566,0.9569013279172958,1,0
32.42714655119926,101.2359204608947,69.1868557780981,6.515551373362541,4.540922820568085,737.1182561295553,0.00012381773010510045,0.9796329903055631,1,0
35.308927590958774,82.98865555785596,51.07012078166008,11.77458855137229,3.074212523177266,737.7701745069711,0.0008854718348087576,0.9421228581940311,1,0
33.236831105314195,108.53274240158498,43.32126513123512,10.680706612765789,3.3428859380073845,738.2196454864255,0.0005586926927422444,0.9395107021924535,1,0
30.486431033350527,78.54236167855561,76.45719580352306,6.847695920616388,4.8096824386157095,736.9217906185067,0.0002620749627071348,0.98144607382762,1,0
28.516950765624642,94.51869459822774,55.3331458196044,9.30230313912034,5.455182441044599,738.6543248255759,0.00024222762156143443,0.9583759778588887,1,0
38.898645862936974,64.3330006301403,64.71871573477983,8.612835310399532,3.9494810760952532,736.6016508068311,0.001238021415658047,0.9742717552161665,1,0
39.36497459653765,99.95340233668685,57.504777535796165,7.381593648344278,4.897451227996498,737.356904853115,0.00022885450745509432,0.9738710591789729,1,0
27.114952667616308,80.72503287345171,61.88790425658226,11.095868848264217,3.860585339833051,738.0749862638257,0.0007554666777398726,0.9489889600358993,1,0
29.08668641000986,85.84169167093933,41.156957633793354,8.663323156535625,3.2560861804522574,737.5147695860396,0.00042499122487748507,0.9687651667047424,1,0
33.70456931181252,66.80863545276225,79.29044868797064,9.427391979843378,4.254046645481139,737.1437552563066,0.0009146760353895778,0.9686811859782085,1,0
35.777115849778056,94.19442237354815,66.39510687440634,9.841590330004692,4.610716553404927,738.4382736079837,0.0004787206845137697,0.9542844487640855,1,0
31.026950981467962,61.855749217793345,53.280815072357655,7.510870780795813,3.612669885158539,736.6006315776208,0.0007727416521064114,0.9817483743097418,1,0
25.4384173033759,105.27879301458597,74.93035033345222,11.45437490567565,4.216825423762202,737.5276033459592,0.000566400644019586,0.9337197255144215,1,0
37.55615704227239,72.74480810388923,45.5658470839262,6.261338844895363,5.253776919096708,736.6165681923561,0.00042286826038982696,0.9843513407390161,1,0
37.237117905169725,92.31522883288562,51.66685704141855,8.484327457845211,3.444710392039269,737.46729791443,0.000442641978594729,0.9685454897188241,1,0
25.111950179561973,60.76234736479819,68.54983609169722,9.243318144232035,4.795458977576345,737.4223174926359,0.00059110163696613,0.9710286224134321,1,0
30.64291161019355,106.42693577334285,49.654937759041786,6.812920901924372,5.402209944557399,737.5338696107923,7.938250330154276e-05,0.9761972978200328,1,0
35.40029704105109,74.67874255031347,70.28828084468842,10.527977339923382,4.090671995189041,737.7035275566318,0.0009065713962500816,0.9575188060750313,1,0
33.56125412043184,98.84953986853361,62.851923406124115,11.646033491939306,3.7340497663244605,738.4019369387186,0.000728509883620394,0.9326811717322211,1,0
28.936172337271273,78.84446246549487,57.23777957260609,6.456610724329948,5.0456548454239964,736.8424893246206,0.00020200360737644913,0.9833944877223822,1,0
27.023824909701943,87.76517742313445,75.80126654356718,10.399431243538857,4.439171205274761,738.304900606486,0.0005215395712174389,0.9517895948379306,1,0
39.28129605948925,67.95541326515377,43.93691096454859,8.066465612500906,3.088356086052954,736.4409437649142,0.0010151241658440085,0.9782789006316169,1,0
38.807635703124106,107.28675265796483,78.5978964716196,6.319598570466042,4.664835759438574,737.0139304544844,0.00014353186141012855,0.9799447636147876,1,0
28.43315379228443,76.51058024726808,41.731101274490356,11.583622332662344,3.470337043516338,737.9028797907015,0.0009191920985045537,0.9470710403797921,1,0
30.34323427826166,96.49535365402699,60.06261769682169,7.662863340228796,4.113854241557419,737.5056170008793,0.00020958361770050392,0.9728248221452868,1,0
33.08619943447411,65.52386799827218,59.44603066891432,9.877093479037285,5.26914235856384,737.4013014096288,0.0008884005082526042,0.9642411118678819,1,0
34.92477688007057,88.4235724247992,47.48819064348936,9.485604498535395,5.000497558619827,738.225751003152,0.00041780308085560586,0.959699747739681,1,0
32.05043813213706,70.75770370662212,73.12397334724665,8.792614929378033,3.8451423118822277,737.1228753465235,0.0006645733202539193,0.9723559104768246,1,0
26.520814704708755,102.43762991391122,53.83604556322098,11.247814200818539,3.201891844626516,737.7450595758567,0.0005731213477243213,0.9375631024348161,1,0
36.763922800309956,84.96707295067608,65.72146780788898,7.417141143232584,4.396457094233483,737.00519839375,0.0003615023127307418,0.9771518684384249,1,0
36.428821478039026,102.06652110442519,40.58267392218113,10.274897195398808,3.984941339120269,738.2777592814438,0.0005655581525146805,0.9469453053382846,1,0
26.068562483415008,82.25523013621569,79.94648098945618,8.015219885855913,5.485678885132074,737.8037324540978,0.0001652787964091278,0.9727387591370248,1,0
31.773930531926453,91.17823558859527,58.25865689665079,11.934585023671389,4.8425767961889505,738.7011079970138,0.0007628077344176419,0.9325789938450955,1,0
34.53111849259585,71.17163286544383,61.37209992855787,6.718841917812824,3.3807536140084267,736.5031952746497,0.00055285837437926,0.9841506204062042,1,0
32.60464226361364,95.34967661835253,74.26806163042784,7.113235484808683,3.024141224566847,737.0379340004152,0.0002630369625887085,0.9776316837291643,1,0
29.744469211436808,63.59995695762336,46.13417956978083,10.801880031824112,4.48605001391843,737.6425188664749,0.0010075969692452838,0.9594147348868831,1,0
27.893003011122346,109.26530960947275,66.90465480089188,8.348118960857391,5.129420025739819,738.1578400521289,0.00016817215359017233,0.9630974440116462,1,0
38.15027669072151,77.71090319380164,52.52098448574543,9.180306416004896,3.628596276510507,737.1753963311843,0.0007608331699358652,0.9680195692038716,1,0
39.557796590961516,85.01137256622314,69.70128659158945,10.927083313465118,5.218355864752084,738.527530461039,0.0007509387937051607,0.9469344251684507,1,0
27.417490421794355,67.54234241321683,50.31517308205366,7.163654666393995,4.186368449125439,736.8008641212565,0.0003989825031109216,0.9822042920986361,1,0
29.271266423165798,99.21998110599816,71.47875405848026,9.595537316054106,3.5797363561578095,737.8387142863832,0.0004730036330894228,0.9555359833958288,1,0
34.01351352222264,81.55563770793378,48.342432379722595,8.881902247667313,4.57280937070027,737.6019876413093,0.00045633663245765504,0.9676407847947351,1,0
35.94044069759548,104.44732978008687,56.09190791845322,7.760938692837954,4.304154731333256,737.6555889658803,0.0002259697653450694,0.9700599817012019,1,0
31.300277691334486,73.47737056203187,64.20779414474964,9.954797990620136,3.3109961096197367,737.498304599735,0.0007762508208949475,0.9635307376304496,1,0
25.59350016992539,93.46138270571828,42.751864306628704,6.010447718203068,3.9178943373262882,736.8139593164124,9.664356622708738e-05,0.9841167934463707,1,0
37.835890208370984,62.68673524260521,77.11811099201441,11.341990549117327,4.94996795617044,737.0169075721884,0.001822686494101992,0.9525127911779652,1,0
37.83198836259544,103.6896350234747,55.54630130529404,6.679569471627474,3.7796179479919374,737.0160309740054,0.00020360825347558832,0.978675602741016,1,0
25.691686775535345,83.66022700443864,64.91087146103382,11.985385961830616,5.085190813522786,738.7076153372967,0.0006886328605569883,0.9372361747561438,1,0
31.235050070099533,89.57792584784329,43.14412008970976,8.055043257772923,4.480735780205578,737.5838364060087,0.00025678350621898764,0.9714700584569487,1,0
35.97730152774602,69.7438310738653,76.25832591205835,10.223176259547472,3.1362479175440967,736.8319252297498,0.0010784578343447015,0.9640904132029461,1,0
33.91990432981402,96.75234890542924,69.30992726236582,9.138102650642395,3.4049031483009458,737.8203016176576,0.0004581633393721926,0.9609935169782335,1,0
29.279745682142675,65.22386957891285,51.176503114402294,8.401854079216719,4.749476618133485,737.134198530703,0.0005873679495628566,0.9752570206679279,1,0
27.383376397192478,107.83670911565423,72.02468492090702,10.844631504267454,5.353664324618876,738.7719127366745,0.0004230041974007138,0.9367960602430849,1,0
39.62577101774514,76.1129180341959,47.64147222042084,7.058589309453964,4.048005255870521,736.6319399451618,0.0005834427551019153,0.9808912885288125,1,0
38.21320859249681,86.73294199630618,74.8164338991046,8.827429007738829,4.954585942439735,737.663643645322,0.000445688678397787,0.9661488457824919,1,0
27.852945239283144,69.04267113655806,45.43077800422907,9.638467758893967,3.805263207294047,737.511964865625,0.0006650540732141348,0.9670210264863197,1,0
29.75156799890101,97.52434025518596,66.51573687791824,7.217574119567871,3.1594500010833144,737.1582302155383,0.00023163463226642047,0.9762259817066271,1,0
32.50875137746334,80.02938115037978,53.37987311184406,10.885070007294416,4.347687696106732,738.3170869917775,0.0007522837103970903,0.9508601468230891,1,0
34.56659885123372,105.94998308457434,40.972488299012184,11.29045144468546,4.704299494158477,738.6249660915392,0.0006210978115369822,0.9321704798907152,1,0
31.70642121694982,75.19814128987491,79.08913731575012,6.0504468865692616,3.5159761919640005,736.473274033564,0.0003482349712590413,0.9865398403195063,1,0
26.16170656401664,91.93592485040426,57.71060887724161,10.005792248994112,4.161522667389363,738.074572557476,0.0004760471020546756,0.954201536361292,1,0
36.41897588502616,60.98876981064677,62.07761865109205,7.721853442490101,5.3109316057525575,736.767520819278,0.0009166975667537556,0.978199477298106,1,0
36.787029011175036,93.91550076194108,46.630446426570415,10.57951644435525,3.063753556460142,737.6715082835431,0.0006562715420283978,0.9489553231786455,1,0
26.412549894303083,62.19018324278295,73.51418826729059,6.772921733558178,4.531541822478175,736.657930430906,0.0004125684138619894,0.9847354003672635,1,0
32.13306817691773,104.80378702282906,54.5404389500618,9.192323885858059,5.17723548412323,738.5877244934438,0.00026942536860747256,0.956000227067858,1,0
34.87603590358049,73.27378274872899,65.17454512417316,8.523412708193064,3.6702372152358294,736.9929580438994,0.00067876156539847,0.9737033422764518,1,0
33.199041658081114,100.27810292318463,77.89382733404636,8.12093885242939,3.9388826158829033,737.6914402164066,0.0002787361728822545,0.9683311149205307,1,0
30.324705480597913,80.44248133897781,42.2801411151886,10.356500800698996,5.445948014501482,738.5971827471143,0.0004543665573325323,0.9541826510198133,1,0
28.484641574323177,86.36247067712247,60.92125836759806,6.402691271156073,4.799986429978162,736.9294330402613,0.00014181970631555715,0.9827210561706655,1,0
38.7277524638921,66.33153733797371,59.05736070126295,11.688046798110008,3.3321316302753985,736.748736704842,0.001612175266402788,0.9519202119507844,1,0
39.199116877280176,108.98242834024131,63.71300548315048,9.919297244399786,4.264199262950569,738.4327896768071,0.0004816871491502435,0.9476625814108105,1,0
27.073946581222117,78.03679973818362,56.84666819870472,7.609128221869469,3.265160866547376,737.0063938286708,0.00033518126920660925,0.9782768972167585,1,0
28.9116854313761,94.77382203564048,75.09963881224394,11.540870860219002,3.8692013123072684,738.3858446266225,0.0007188076846468247,0.9362177496508318,1,0
33.669068068265915,64.02350518852472,44.48350939899683,6.374244745820761,4.907449748832732,736.5606511252614,0.0005223824539306773,0.9853242067828288,1,0
35.345597956329584,89.94906473904848,52.36880902200937,7.456413589417934,5.264071376994252,737.3293560888998,0.00024121349476336325,0.975109957108901,1,0
30.720513379201293,72.45563244447112,68.0053548142314,11.197013262659311,4.22575581073761,738.0930049227331,0.0009062021897254109,0.951944672534382,1,0
25.00138942617923,100.93501404859126,48.79475213587284,8.752791557461023,3.6214492302387953,737.3592587299587,0.00033808219570341384,0.9635594918995835,1,0
37.25885800551623,83.24626850895584,70.68093717098236,9.53732543438673,4.620554160326719,737.8427552652281,0.0005845634564103125,0.9617167490168941,1,0
37.635568184778094,88.74885154888034,67.09856566041708,11.723600015044212,4.080985504668206,738.1451532931147,0.0008862586595460363,0.938002926891862,1,0
25.385541897267103,70.47573070973158,52.73238558322191,6.554642345756292,5.3914461187087,736.827664601405,0.0002010875860581748,0.9841632049474598,1,0
31.04686740320176,102.95744965784252,74.07109931111336,10.485786851495504,4.78485096199438,738.4809470498612,0.0004810649497824681,0.9436369382659624,1,0
35.66474572289735,84.4890155736357,45.95512740314007,8.179145649075508,3.435485520865768,737.183922521965,0.00047165148315708385,0.9730922122351519,1,0
33.75286685768515,107.00725325383246,58.36191140115261,8.558921579271555,3.0788162043318152,737.6219123864045,0.00036275757716331634,0.9630057455321374,1,0
29.002697407267988,76.8444364797324,61.498299688100815,9.34432216733694,4.428267848677933,737.7969282246651,0.0004570547707719177,0.9657252290098408,1,0
27.22457643598318,96.02130766957998,40.451953895390034,6.902163438498974,5.035205434076488,737.3978934266338,9.444375668623241e-05,0.9778468305577805,1,0
39.34231181629002,66.05380265042186,79.83798172324896,10.63777044788003,3.7246592128649354,736.7364165981878,0.0016023052558564324,0.9601907556027188,1,0
38.878264776431024,98.35313282907009,42.6187027990818,9.384646229445934,5.277912148274481,738.4881090516867,0.00036582237285816006,0.9567128159248038,1,0
28.62795500550419,79.29719978943467,77.00228743255138,8.717975053936243,4.123701403848827,737.5730775727578,0.00038601156069443203,0.969855506299709,1,0
30.40838577784598,87.46483688242733,56.19272109121084,11.13806689158082,3.4806410195305943,737.9706147620249,0.0007537250765400573,0.9453916621237437,1,0
33.290171176195145,68.21359208784997,64.32666976004839,7.327852807939053,4.673756628297269,736.7886891019141,0.0005598358290390698,0.980434246058711,1,0
35.20250121131539,92.76586211286485,71.27446759492159,6.221521195024252,4.405082622077316,736.7850642671799,0.00019252958250149584,0.9828579812623068,1,0
32.452105497941375,60.2577327657491,48.16093888133764,11.506101563572884,3.2118808100931346,736.7424088053872,0.0015167450740176233,0.9580461698441933,1,0
26.78937051910907,106.68149659410119,69.88787315785885,7.550137504935265,3.855285411234945,737.4595129976726,0.00018614537713876412,0.9711884439845585,1,0
37.17107019852847,74.3686804920435,50.52413269877434,9.790783669799566,5.009581762831658,737.5460885583532,0.0007871546663968666,0.9621092205241729,1,0
36.510041086003184,103.97347155027092,75.7019604742527,7.023812860250473,3.3895222302526236,737.1425458097299,0.00023193755181689362,0.9764094589360075,1,0
26.245565619319677,74.00749296881258,43.81645254790783,10.691900800913572,4.852422747761011,738.4491736212944,0.00055850036167519,0.9544321344825515,1,0
31.849670219235122,93.18207701668143,62.98724051564932,8.273344796150923,5.495984071865678,738.0237540677845,0.00019289447794018595,0.9679835319512222,1,0
34.71729003358632,63.02078519016504,57.35152442008257,9.079116225242615,3.993863381445408,736.8012770321433,0.0011212360700845522,0.9722218070615003,1,0
32.89284268859774,85.53101051598787,49.46562398225069,10.188355464488268,3.637222977820784,737.9867287668645,0.0006542080410774411,0.955793970355225,1,0
30.128224059008062,67.06410324200988,70.0821253284812,7.902359761297703,5.139410201925784,737.0715041741493,0.000498455173690268,0.9773554515775411,1,0
28.172032572329044,99.5450605545193,51.86776779592037,11.856832332909107,4.4961919025518,738.7809918937303,0.0006766022401928819,0.9288360535004281,1,0
38.53950944729149,81.27346503548324,68.73462960124016,6.620630253106356,3.033224255312234,736.5132475605211,0.00045466600602649197,0.9834685676055879,1,0
39.94473991449922,95.60442519374192,54.0345149859786,7.87384457141161,4.563126475084573,737.4213759145221,0.000323733073053305,0.9714341430751097,1,0
27.709794850088656,63.29008265398443,65.89893717318773,10.04129396751523,3.568976087961346,737.3242619802512,0.0008950944866652227,0.9667681405158316,1,0
29.663719395175576,109.7161366045475,47.29643538594246,6.108705181628466,4.1757568758912385,737.0327576839436,8.130929407456349e-05,0.9810636843268515,1,0
34.29667882621288,77.20648230984807,72.91049353778362,11.419697441160679,5.209127398673445,738.5790160742462,0.0008238392429030692,0.9457216133425055,1,0
36.12066091969609,101.76599876955152,60.19061051309109,11.037016790360212,4.940424479544163,738.8611180706022,0.0005897722775296406,0.9371842150607956,1,0
31.38562991283834,82.51322716474533,59.557334035634995,7.253123044967651,3.9069874230772257,736.9720872276375,0.00030117741597190305,0.9789943526249061,1,0
25.782863316126168,90.68162887357175,78.49126625806093,9.696681708097458,3.3005502559244633,737.5227445422302,0.000518127339713807,0.9586866932783373,1,0
37.91573702823371,71.62417051382363,41.608201526105404,8.95672221109271,4.294767772778869,736.9975676091252,0.0008684003384551028,0.9702312216121673,1,0
38.04976885672659,96.69641776941717,78.76465179026127,10.104496020823717,5.408645707182586,738.8632803428342,0.00044014808399603237,0.9497432658017114,1,0
25.909714088775218,65.75081300921738,40.63169181346893,7.798724927008152,4.064072013832629,736.9726821990917,0.0004407564839879327,0.979374362894763,1,0
31.453042710199952,107.48705448582768,62.41721514612436,11.354021854698658,3.457176766358316,738.5787003300809,0.000601041000624406,0.9312045647986014,1,0
36.19508311152458,76.73676148056984,58.033852986991405,6.1859350092709064,4.762835462577641,736.6043580639868,0.0003618147630014292,0.9847345307069845,1,0
34.16699597612023,102.28387922048569,45.147963874042034,7.271008104085922,4.406490772496909,737.4358192693207,0.00017781923708416538,0.9742330217713804,1,0
29.527026927098632,84.79047076776624,74.51208863407373,11.007211279124022,3.1009175344370306,737.7806006761316,0.0007427350175727016,0.9486555385200734,1,0
27.630708855576813,88.27058550901711,53.68297666311264,8.939479630440474,3.7075454550795257,737.7482558905175,0.0003937178628297494,0.9653434818086694,1,0
39.87283519934863,70.5818638112396,66.79735131561756,9.725475668907166,5.052033094223589,737.108736521796,0.0010585297216044076,0.9633901271111804,1,0
38.46420000307262,106.20150537230074,50.891229547560215,10.769319456070662,4.106807140167803,738.31505234788,0.0006072604510886695,0.9394908473076967,1,0
28.10367552563548,74.47616401128471,69.00804381817579,6.958326101303101,5.295130665879697,736.991363987982,0.00024416205532712713,0.9813524663423137,1,0
30.00231775920838,92.09056053310633,47.94215239584446,9.004173964262009,4.65176005801186,738.139902594414,0.00030390222543382953,0.9628257710171604,1,0
32.759697888977826,60.56053241714835,72.3087203502655,8.336724232882261,3.502351492177695,736.6367507817315,0.0010458351220034897,0.9779028033914564,1,0
34.78825049940497,87.9432944022119,64.58884507417679,7.931342549622059,3.233963211067021,737.1788664219996,0.00040470982727650197,0.9738847560976004,1,0
31.92786896135658,68.10764897614717,55.203043296933174,10.17130171135068,4.383286318741739,737.5523092803284,0.0008683643754186943,0.9625959729351367,1,0
26.38314511626959,99.02689325623214,76.60034608095884,6.591002125293016,5.026390195824206,737.3013335604053,7.282504322203107e-05,0.979282489665206,1,0
36.6406684089452,78.99593607522547,43.464942909777164,11.87489477545023,3.8381527243182063,737.7567170454847,0.001070594415953709,0.9427540849740824,1,0
37.034334815107286,99.44693738594651,67.66135398298502,8.642048601061106,4.874667129013687,738.0772968563348,0.00029453354694977197,0.9635987125058907,1,0
26.659644753672183,81.7566903680563,52.047527842223644,9.448689423501492,3.3676021029241383,737.6967158396628,0.0005229162832779131,0.9638246755156702,1,0
32.38012925721705,85.23756674490869,71.00097693502903,7.404241494834423,4.010853166226298,737.0719919433584,0.00029479283880883727,0.9774922684819941,1,0
35.12334369122982,67.74263148196042,49.137552976608276,11.073198113590479,5.478708189446479,737.7549709448252,0.0010789214089495416,0.9528843011727531,1,0
33.41706486418843,93.28479160554707,56.544306576251984,11.475672349333763,5.122353659942746,738.9308954044384,0.0006547013424192946,0.9362949970861671,1,0
30.542460521683097,62.53297365270555,63.42820771038532,6.240064289420843,3.654565617442131,736.4084848890358,0.0005699488743689321,0.987193584413738,1,0
28.70244872290641,104.2715022712946,44.76710747927427,9.818919595330954,3.0110466312617064,737.8068765507076,0.0004792497361736072,0.9515241803135959,1,0
38.94574909936637,73.32437107339501,75.40075872093439,7.533518627285957,4.518045272678137,736.749790356562,0.0006558440358740526,0.9781793770250256,1,0
39.42058208398521,90.97564559429884,41.9753585010767,6.489950951188803,3.5470367334783077,736.6632032316306,0.0003170521327334519,0.9822844155444491,1,0
27.295608427375555,70.94621373340487,77.61145293712616,11.800166085362434,4.58535192720592,738.3950294179854,0.0008903353641117953,0.9464599335971531,1,0
29.133367645554245,101.86469339765608,59.33849696069956,8.243377670645714,5.191832587122917,738.1691426627551,0.00016480736521330404,0.965967690961151,1,0
33.8904892699793,82.03057478182018,61.224837712943554,10.410049226135015,4.192727433517575,738.1483737099114,0.0006974666292929354,0.954585436070418,1,0
35.59631715063006,109.41753442399204,73.1726087257266,9.327880673110485,3.924348991829902,738.1343838710643,0.00040994799535015627,0.9541407012439126,1,0
30.971486433409154,77.88903125561774,46.30674157291651,8.587234888225794,4.9233871647156775,737.5406437858568,0.00037657617637820674,0.9706016667279118,1,0
25.252354182302952,95.50113765522838,65.49704641103745,10.65650236979127,4.316640370059758,737.7916582373939,0.0005319421296494566,0.9470329425649704,1,0
37.509618969634175,63.777322731912136,54.88078065216541,6.871923051774502,3.2783915610052645,736.367012959335,0.0009229017677351099,0.984303569719025,1,0
37.41758046206087,108.31842095591128,48.44315577298403,7.685511186718941,5.106986963190138,737.8536401476576,0.0001713410437333573,0.9692330111680177,1,0
25.16775092575699,76.0041022580117,71.57940771430731,9.854422744363546,3.75753569137305,737.842451118492,0.0005606592296176418,0.9623817508834215,1,0
30.829096296802163,97.42936346679926,50.220396146178246,6.298324014991522,3.1533807488158345,736.7967083294183,0.00017322224902361025,0.9822693519409151,1,0
35.446713492274284,64.91973301395774,69.60689410567284,11.604919776320457,4.463927193544805,737.2075025728598,0.0015068439801913937,0.9516513957034807,1,0
33.50553931668401,89.10080766305327,77.32614949345589,11.2251434661448,4.732257956173271,738.7229317700431,0.0006911071878753149,0.942015269339251,1,0
28.755623837932944,69.848059900105,42.960125133395195,7.439788989722729,3.421797565650195,736.7596970189829,0.0004683919229732894,0.980962721741218,1,0
26.977494177408516,103.01720666699111,63.986485563218594,9.506901942193508,4.026294936891645,737.9063394066217,0.00040060073839921653,0.9548552207105577,1,0
39.09502565395087,83.9597721491009,55.87006229907274,8.771340373903513,5.375660750549287,737.5412642121494,0.000478584591737097,0.9667820758461284,1,0
38.62752350978553,91.25948174856603,61.81973837316036,6.837148033082485,3.7831617328338325,736.8211964649041,0.0003138489054121343,0.9800126633654598,1,0
28.37700268253684,61.29347932524979,58.70575472712517,10.503773096948862,4.976363172288984,737.6180503181934,0.000893723076479527,0.961833627034711,1,0
30.157400178723037,105.4688441939652,79.49533808976412,8.458727035671473,4.330860189627856,737.9618016495859,0.00025272328769328467,0.9635117576590546,1,0
33.03943239618093,75.3075285255909,40.13175692409277,9.26889567822218,3.176563614513725,737.2664851723079,0.0006948351462081503,0.968472712103557,1,0
34.981071152724326,98.19619566202164,53.01702614873648,10.375227000564337,3.532889529131353,737.984839037741,0.000606173572780149,0.9481547692533061,1,0
32.23040716256946,79.72926454618573,67.40108449012041,8.09069274365902,4.687100050039589,737.3162120181869,0.0003628495789963267,0.9736513537526446,1,0
26.56772468239069,87.20948872156441,45.6538499891758,11.671611025929451,5.332947249524295,739.03155088864,0.0005927412628767909,0.9376151670909149,1,0
36.94961396045983,68.93786936067045,73.78765873610973,6.43101030215621,4.1398312682285905,736.4843197317109,0.0006063384722981244,0.9847911381644223,1,0
36.26298581715673,86.06712263077497,59.85906980931759,9.572797894477844,4.548579290974885,738.0196865321604,0.0005314913354792624,0.9602863299954106,1,0
25.998249338008463,67.01121343299747,60.4760317504406,8.904664557427168,3.046391843352467,737.1255773462761,0.000619099315067392,0.9735304901327215,1,0
31.602372908964753,100.17806970514357,41.32401812821627,10.948266338557005,3.692395765800029,738.1800956190398,0.0006366831096517737,0.9405805250083887,1,0
34.47018936276436,80.92684875242412,78.19073405116796,7.142448753118515,5.155363040510565,737.0285556179794,0.00031763592283346896,0.9788849908755848,1,0
32.67504135146737,105.10067696683109,66.24234315007925,6.033210027962923,5.423722706735134,737.0748005459554,7.912440196770581e-05,0.9816678577814607,1,0
29.910218929871917,72.59257146157324,54.35639340430498,11.319251127541065,3.9608218166977167,738.0412423165824,0.0009347690802778973,0.9511330794761645,1,0
27.954017859883606,94.01706842705607,72.58981838822365,7.739732779562473,3.315160918980837,737.3305505187587,0.0002696379158919808,0.973234449989652,1,0
38.321748594753444,61.70427616685629,46.95426754653454,9.975981015712023,4.817281385883689,736.9394418035417,0.0016228196134337616,0.9638518966220183,1,0
39.72306708805263,101.03485578671098,70.42306948453188,11.910449422895908,3.247818371281028,738.317607239994,0.0007178677564831234,0.9284742164305827,1,0
27.48836873099208,82.76171110570431,49.78996183723211,6.742954630404711,4.281255651265383,736.9490517414333,0.0001823853783727862,0.9817026698838947,1,0
29.442259105853736,90.24422279559076,68.41153346002102,10.300589192658663,4.885596225038171,738.5877761895185,0.00045548093100412126,0.9511162621523052,1,0
34.07500759232789,71.77576486952603,51.52802333235741,7.989550776779652,3.8913790807127953,736.8612371031793,0.0006164468032445308,0.9770553369972075,1,0
35.86970555130392,94.6724443603307,44.120649844408035,8.372231673449278,4.24767609173432,737.7114247950808,0.00033633912403922844,0.9678027635980205,1,0
31.1348640313372,64.50960374437273,75.98492257297039,9.156170815229416,5.241826851386577,737.2966561990247,0.0007393470955549408,0.9698877393913338,1,0
25.53214903920889,108.68572987616062,57.06976231187582,7.087566375732422,4.637829898390919,737.4843348311482,9.889452297736991e-05,0.9741814055469651,1,0
37.66475458629429,78.71820101514459,62.68428463488817,10.827572029083967,3.6044595991261303,737.5251777441798,0.0009445968903137258,0.9540087595714567,1,0
37.69808410666883,108.77379406243563,71.67881149798632,8.78125144354999,4.051909562665969,738.0761081358094,0.0003467831401201573,0.9598164198523828,1,0
25.558257270604372,78.58808910474181,48.54272659868002,9.496992403641343,5.362217346671969,738.4187046212749,0.000279332570248611,0.9619110433820344,1,0
31.101145590655506,94.66208116151392,69.66723553836346,7.45262941159308,4.755466975737363,737.5011151989436,0.00017041581137418012,0.974396732555771,1,0
35.84387179929763,64.67168795876205,50.280904322862625,11.212304575368762,3.405948555562645,736.7429533019289,0.0014752555028846124,0.9575388793160723,1,0
34.0497005591169,90.10568800382316,42.86437377333641,11.617713080719113,3.1277282647788525,738.0063172924542,0.0007745021872754155,0.9390339514166062,1,0
29.40995944198221,71.85850710608065,77.23025046288967,6.285529201850295,4.477332143113017,736.6159404180454,0.00030493388828451047,0.9854888064100746,1,0
27.513172402977943,101.1900564096868,55.81337358802557,9.86428669653833,5.083816379308701,738.5283135542321,0.00033481275849845993,0.9509469550061571,1,0
39.755984554067254,82.74756226688623,63.929648883640766,7.675645725801587,3.7734225410968065,736.8770412886342,0.0005200745098870196,0.9766326053027053,1,0
38.34666223730892,94.14864437654614,58.605120703577995,6.444492733106017,5.307294430211186,736.9508041844065,0.00020413124995062666,0.9807257120176084,1,0
27.98682535532862,61.61457508802414,61.718956381082535,11.658129947260022,4.153236478567123,737.74366665707,0.0012055713414248913,0.9538970287242843,1,0
29.885021867230535,104.94003742001951,40.070185251533985,8.1012451518327,3.5097186844795942,737.5865766897382,0.0002818729138895353,0.9673254482914544,1,0
32.642631717026234,72.60128137655556,79.4336187466979,10.364675944671035,4.702987235039473,737.8847391505958,0.0007584139396690458,0.958770292866946,1,0
34.436352010816336,100.09677958674729,67.49560561031103,9.27958389557898,4.356474554631859,738.2584719147126,0.0003862970704220524,0.957659003956949,1,0
31.576658068224788,81.06373473070562,53.11171401292086,8.448037488386035,3.163120545912534,737.2531623138327,0.00047843783922686884,0.9722354819280173,1,0
26.031459947116673,86.08272805809975,73.84311720728874,10.51739133708179,3.806370417121798,737.9354976842079,0.0006203344691265202,0.9522697792903864,1,0
36.28921295981854,66.85437144711614,45.70947550237179,6.823528463020921,4.960514422971755,736.6293571482297,0.0006095024958586684,0.9826003715968041,1,0
36.91725349985063,87.28085764683783,60.5754404515028,9.965384719893336,3.3407800244167447,737.6943224370665,0.000668537317109053,0.9579143076649707,1,0
26.542335394769907,68.83683855645359,59.958635717630386,7.750330427661538,4.803833520971239,737.1396578360635,0.00034963182141601224,0.97829050482699,1,0
32.26329244207591,98.16914912313223,78.25108010321856,11.30572552420199,5.44693620596081,739.005767942879,0.0005458536624037553,0.9356170855642711,1,0
35.00582118052989,79.92044178768992,41.384521685540676,6.046736983582377,3.9449683455750346,736.5300307769816,0.0003286982079224288,0.9856744150596889,1,0
33.0656228819862,105.35024715587497,54.26063742488623,7.12887585349381,3.666738224681467,737.2898797556426,0.00019170186984452113,0.9750745395705563,1,0
30.190790495835245,75.35832863301039,66.146448738873,10.961837908253074,5.168773065786809,738.5143758274038,0.0006435826175964811,0.9512587262544645,1,0
28.351222574710846,91.43460820429027,46.89757391810417,8.894020965322852,4.525403650011867,738.0658182380184,0.0002923453767045697,0.9639914018447782,1,0
38.593837255612016,61.24737643636763,72.53298662602901,9.583440156653523,3.062283768784255,736.2847468294702,0.0016549831073307771,0.9706978727155262,1,0
39.06935730483383,103.1168285664171,49.689322896301746,10.814686110243201,4.612172618042678,738.6849302408732,0.0006072359364524016,0.9396123317644113,1,0
26.943696164526045,83.88999690301716,70.32229240983725,7.1004538256675005,3.617869289126247,737.0057640194825,0.00022262956165962456,0.9797608523197283,1,0
28.78192608244717,88.90822598710656,51.46644704043865,9.14621496386826,4.224500786047429,737.9837943652022,0.00036844997513635824,0.9630674029440034,1,0
33.53881787508726,69.87670756876469,68.34981873631477,8.382189055904746,5.257718516048044,737.1816014031052,0.0005908687617631201,0.9733768340710369,1,0
35.479481648653746,97.37716637551785,76.07944831252098,7.979730913415551,4.9112156657502055,737.7184139464235,0.00023170444962912191,0.9697650387421455,1,0
30.853963447734714,65.0399356521666,44.215333089232445,10.310407547280192,3.877930955030024,737.3934709254783,0.0010075651477764501,0.9635286741956417,1,0
25.13527334202081,108.36310748942196,62.739748023450375,6.730204699561,3.2710321312770247,737.0536057480166,0.00014844054814320328,0.9772908649973722,1,0
37.39230829756707,75.83056501112878,57.12538290768862,11.923197844997048,4.265401844866574,737.6879609809032,0.0011803608412497063,0.943525231021016,1,0
37.53464705310762,95.39550499990582,40.732321217656136,9.711995216086507,3.730723144952208,738.017407396915,0.0005562296911874816,0.9560838964018004,1,0
25.285047236829996,63.841085731983185,78.86543840169907,8.952961614355445,5.036143813747913,737.4984931088278,0.0004721940319945594,0.9716210325776887,1,0
30.945946048013866,109.60410981439054,58.095419742166996,10.996660133823752,4.432145668659359,738.5625850367868,0.0005535673473933057,0.9342792563645385,1,0
35.564250838942826,77.85437879152596,62.47893940657377,7.281560780480504,3.0875054602511227,736.6731739612309,0.0005006198217352746,0.9805857262736837,1,0
33.85699524078518,101.92309868521988,74.41755335777998,6.175244836136699,3.433960622176528,736.8049910145859,0.00016258499093166587,0.9822107709574798,1,0
29.107309482060373,81.91657884977758,45.05329016596079,11.364710519090295,4.778686884790659,738.6289655578635,0.0006937413710535311,0.9444854638666905,1,0
27.328704595565796,90.93714788556099,66.7418783903122,7.785105446353555,5.3830286506563425,737.827243912081,0.00013068822038423599,0.9725401398557564,1,0
39.44692366756499,71.12594129517674,53.62736560404301,10.118113992735744,4.077522523701191,736.871331375488,0.0011763740927692886,0.9624402155232062,1,0
38.978735296987,104.20632887631655,68.90862558037043,11.864985326305032,5.003174312412739,738.8908669403789,0.0007181399149203629,0.9253682956489309,1,0
28.7289002770558,73.43159889802337,50.79167317599058,6.600912926718593,3.8540038112550974,736.666095505427,0.0003189160957127126,0.9841935781728275,1,0
30.50885652191937,93.31804112531245,72.24836476147175,10.158462194725871,3.208346489816904,737.7850680461947,0.000589438896930942,0.9528259194190584,1,0
33.39111667126417,62.34799790196121,47.881658375263214,7.9441834185272455,4.39673656783998,736.7310471885621,0.0008589015434352206,0.9783863920764937,1,0
35.09792221710086,85.35016420297325,55.298789739608765,8.323929330334067,4.674938083160669,737.4621629801153,0.0003706044665434232,0.970672769918053,1,0
32.34794403426349,67.68583328463137,64.6847490221262,9.016967536881566,3.486461950931698,737.0073692601469,0.0008175031192732313,0.9723197550970989,1,0
26.684791748411953,99.26579495891929,43.52162700146437,6.948461266234517,4.132462297100574,737.2843058160108,0.00012416036424755218,0.9773079693038768,1,0
37.066908958368,81.79677579551935,76.65718737989664,10.779182961210608,5.281718256417662,738.4778932750614,0.0007064144046356475,0.9497710163398457,1,0
36.614656737074256,98.90133476816118,52.14815232902765,7.546405451372266,3.034219860099256,737.1918223055691,0.0003153176705255063,0.9740783738209489,1,0
26.349690426141024,79.09165312536061,67.76214551180601,9.806034123525023,4.502160471864045,738.1477044034751,0.0004360421736649303,0.96067343139259,1,0
31.954285646788776,88.10993203893304,49.1991151124239,6.2500217612832785,5.148004095070064,736.8812664255655,0.00016407499962109288,0.9829325895000709,1,0
34.82141461689025,68.10493864119053,71.06270581483841,11.465716229751706,3.641158022917807,737.1394002049658,0.0012925125194731388,0.9535437018475154,1,0
32.79235160443932,92.16564916074276,63.33367705345154,11.083017094060779,3.9876420977525413,738.2530002215977,0.0007098765877166559,0.942952795601968,1,0
30.0272993510589,60.417443457990885,56.44962824881077,7.394421184435487,5.494554554577917,737.3190218945672,0.000553376080085704,0.9803875076857714,1,0
28.071541264653206,106.17970292456448,75.34529071301222,9.461437756195664,4.849055148195475,738.2900555637281,0.00031117019963964373,0.9533923907508259,1,0
38.438584515824914,74.62681046687067,44.711491502821445,8.629298938438296,3.3810475557111204,736.8170149352025,0.0007971860969199487,0.973196109520192,1,0
39.8405891796574,88.17633100785315,77.51203961670399,6.8825206104665995,4.293428966309875,736.817177447058,0.0003493808608245845,0.9798487147289496,1,0
27.60520512703806,70.70578689686954,41.87579721212387,10.645906342193484,3.294238186907023,737.6867760420934,0.0008489904946974776,0.9589241688262461,1,0
29.55956888385117,102.2880357131362,61.16448674350977,8.600762469694018,3.898736750241369,737.8125854449362,0.00031034981003929613,0.9635273087939801,1,0
34.19208932667971,84.62217835709453,59.27799832075834,9.314354622736573,4.936832952778786,737.9933785859779,0.00043147784566812563,0.962614256681873,1,0
36.22161692008376,107.63159407302737,46.40248339623213,10.423620885238051,5.215005555190146,738.9495172947513,0.0004465369647597862,0.9414060620354335,1,0
31.486089704558253,76.66002552956343,73.26851729303598,8.229804502800107,4.17684296797961,737.1996603419461,0.00043544067633250394,0.9741516172550224,1,0
25.883819540031254,96.54722939245403,54.93745982646942,11.810807721689343,3.5726868333294988,737.7602891724026,0.0006770477772294324,0.9339043599723861,1,0
38.01619704347104,65.77097260393202,65.55389262735844,6.479307806119323,4.571944593451917,736.4833420787612,0.0006863159212510876,0.9844620372371278,1,0
37.94884124305099,90.84303135983646,52.7890744432807,10.62781403772533,5.058378653600812,738.7287613833225,0.0006041511707895499,0.9473343497551358,1,0
25.809225463308394,71.61622353829443,67.1554021909833,6.912118518725038,3.7087744027376175,736.7625968297847,0.00029928990214894236,0.983097229466319,1,0
31.352115320041776,101.63365988060832,46.05087861418724,9.331435734406114,3.1044666301459074,737.6702579165463,0.00045815361367135146,0.9574984891534065,1,0
36.094594709575176,82.60216530412436,74.16699849069118,8.571806682273746,4.4148602448403835,737.4063466146177,0.00047694264077429105,0.9698120934549259,1,0
34.27111787721515,109.6997682377696,61.437958404421806,8.166397707536817,4.761639884207398,738.0843820929682,0.00020224968512784166,0.9647378823851596,1,0
29.6316450368613,77.36256135627627,58.30140307545662,10.498536145314574,3.4513318766839802,737.8472919199903,0.0007577151834075362,0.9567483797975753,1,0
27.734830980189145,95.68647825159132,79.73857779055834,6.544824426993728,4.055373514536768,737.0451569271305,0.00012263941974911818,0.9806631974268716,1,0
39.977453532628715,63.153959615156054,40.352383218705654,11.733419286087155,5.404891562182456,737.1074201196159,0.002090952816145066,0.9462541164300349,1,0
38.564662700518966,99.55466081388295,76.94682881236076,9.777255719527602,3.832073998171836,738.1255403891936,0.0005374900290692169,0.9536973095512442,1,0
28.204629067331553,81.11061788164079,42.56307743489742,7.563663946464658,5.025428379420191,737.3648688969661,0.00021189249742886197,0.9766424073984308,1,0
30.10278023313731,85.44370926916599,64.23214878886938,11.495502965524793,4.379470371175557,738.4165709674927,0.0007658535946217682,0.9416141859374538,1,0
32.86065120715648,67.19497809186578,56.09803307801485,6.232118284329772,3.225326588843018,736.3819485851358,0.0005606376916169124,0.9868889872517823,1,0
34.683663682080805,93.02763933315873,48.222510404884815,7.31721013225615,3.5038139782845974,737.1009848801541,0.0002910319307838565,0.9766552016173088,1,0
31.82371576782316,63.03569696843624,71.33618708699942,11.148711098358035,4.657872153446078,737.5756213182607,0.0012131697606165568,0.9563409023266685,1,0
26.27855807542801,104.11124340258539,50.62476687133312,8.704403026029468,5.303562238812447,738.3130782046009,0.00018018983782528065,0.9612423093427829,1,0
36.536514991894364,73.92398779280484,69.98865500092506,9.398219788447022,4.110294060781598,737.2666730368392,0.000803243652262206,0.9668666277717339,1,0
37.138942196033895,106.87484120950103,43.873146027326584,6.631180314347148,4.519369601737708,737.1709105502906,0.0001480846479245325,0.9779341749783426,1,0
26.763777383603156,74.34079576283693,75.75879238545895,11.846280762925744,3.017334984149784,737.8012492743155,0.0009345537778411547,0.9461708203362699,1,0
32.48473686166108,92.66547727398574,57.447280548512936,7.9158398900181055,3.66287788329646,737.411835713074,0.00030666459011030763,0.9722547593368414,1,0
35.22747654467821,60.32674507237971,63.08313477784395,10.174873827025294,5.125998137053102,737.1471131852719,0.001434339391517405,0.9629403877456129,1,0
33.31656550988555,87.41938740946352,70.021779127419,9.092735381796956,5.472767936997116,738.1419184706755,0.00031572674852091767,0.9629854996735128,1,0
30.441543636843562,68.38636639527977,49.40512057393789,8.259727170690894,4.0097148129716516,736.9841220591871,0.0005923287008766108,0.9761372544911955,1,0
28.601949592120945,98.40609285980463,68.63522104918957,10.702589889988303,3.3639051830396056,738.0718713025653,0.0006007849996733324,0.944396780538026,1,0
38.84483243804425,79.17776009067893,51.76820173859596,7.013125302270055,4.865873266942799,736.8159019946784,0.0004468799078815788,0.9798261003579419,1,0
39.3164253141731,96.04759126901627,65.84347393363714,8.969562074169517,3.277334381826222,737.7885003563173,0.0004929830260482761,0.963374590783433,1,0
27.19102518633008,65.86186246946454,53.978894241154194,9.683840515092015,4.3106188690289855,737.5322469596617,0.0006507972216976375,0.9672275368105537,1,0
29.02921065222472,106.93664726801217,72.81596764922142,7.263033600524068,4.914807767607272,737.6802280733826,0.00010884742008028726,0.9729623526896332,1,0
33.785905805416405,76.94623022340238,47.20175229012966,11.02710490487516,3.9204376814886928,737.9330248167149,0.0009033622193877034,0.9519807208737595,1,0
35.69726711604744,102.7830861415714,59.61891047656536,11.429563382640481,4.198934910353273,738.4445234462346,0.0006880911328407406,0.9329239974937523,1,0
31.071952707134187,84.53588140197098,60.25232508778572,6.098840592429042,5.193237866740674,736.7779801587874,0.00017000059675685914,0.9843021783241666,1,0
25.35330392420292,88.86668564751744,41.70884031802416,10.054089216515422,4.58878164133057,738.2813777800641,0.0004253055892201531,0.9547591437270282,1,0
37.61008501984179,70.42416766285896,78.59204348176718,7.861050674691796,3.555563687812537,736.6428131970171,0.0007979276413366593,0.9783093210771576,1,0
37.2836679359898,100.902527468279,64.96634423732758,7.072116019204259,5.379283420741558,737.3836652880765,0.00016629416930186874,0.9754402882767873,1,0
25.034329243935645,83.4320071991533,55.60191251337528,10.831103464588523,4.034557381644845,737.7971717504487,0.0006464401122893547,0.9509743965190958,1,0
30.69518399424851,90.0134751945734,76.35286133736372,8.412450721487403,3.428116638213396,737.5341269551086,0.0003755010114537346,0.9692430222696903,1,0
35.313292033970356,72.34764168038964,43.23879364877939,9.127504678443074,4.7336231376975775,737.2822030375953,0.0007107910566010541,0.9684181756676682,1,0
33.63532727584243,94.95420152321458,51.11493621021509,10.233820198103786,4.45507822977379,738.4963954494268,0.0005292620647092825,0.9499588582297825,1,0
28.885845420882106,63.98265682160854,69.24820315092802,8.044400671496987,3.1496579335071146,736.7200564076559,0.0006902257764465987,0.9793928564752501,1,0
27.107282360084355,108.87059382162988,47.54084296524525,11.99895996786654,3.7564422977156937,738.2560164902701,0.0005875546892770857,0.9233343304212216,1,0
39.22524746041745,78.09436087496579,71.92389816045761,6.665996817871928,5.101082729641348,736.7328327322956,0.0004294701798591314,0.9816699920563265,1,0
38.76097111962736,86.17513234727085,45.37409406155348,7.731808969751,4.135865377727896,737.0627033299266,0.0004277812458323819,0.9751058287387517,1,0
28.510889280587435,66.36542686261237,74.75959245115519,9.995835212990642,5.324341286439449,737.8412985805633,0.0006192480956819056,0.9630702265291519,1,0
30.290847565047443,100.38449851796031,53.28412652015686,6.063331721350551,4.68112417915836,736.9549294444791,9.064526657204719e-05,0.98257192699192,1,0
33.173318770714104,80.37948127835989,66.41983307898045,11.2775651011616,3.531867847312242,737.8450938268903,0.0008856118655959105,0.9481098985656696,1,0
34.85081827733666,104.84304767102003,79.14949305355549,10.89781885407865,3.1850694324821234,738.154382639356,0.000595613646554183,0.9389632987355262,1,0
32.10065049584955,73.09481812641025,41.03298217058182,7.20482680387795,4.334239561110735,736.8343744137566,0.0004303836385071739,0.980666862443027,1,0
26.437471583485603,93.85633253492415,62.17703673988581,9.648287298157811,4.977799693122506,738.4726385424366,0.0003151318961098207,0.9561128265248404,1,0
36.8198570702225,62.303416235372424,57.81016539782286,8.817610999569297,3.789409391582012,736.6053486866656,0.001275622041107961,0.9740343366437102,1,0
36.39320382382721,91.93253129720688,73.56965642422438,11.675205336883664,4.825601065065712,738.7910355236106,0.0007761161779135334,0.9350923514835076,1,0
26.12804087344557,61.15782516077161,46.68606225401163,6.415531223639846,3.3186882357113063,736.4357028324183,0.0004911854927461494,0.9871587827968573,1,0
31.732591139152646,106.04347464628518,65.26907563209534,10.346589362248778,3.9620916447602212,738.1210246980302,0.0005271138666564225,0.944523882749867,1,0
34.59998112171888,75.07345526479185,54.635117426514626,8.130848782137036,5.430099013727158,737.2567244420933,0.00047083257618510713,0.9735528863115059,1,0
32.54161609336734,97.67276569269598,42.21857912838459,8.513548387214541,5.151583009399474,738.1782724119282,0.00021857167049328172,0.9648358749656586,1,0
29.77630998007953,80.00845861621201,77.83209830522537,9.202189737930894,3.683642174117267,737.6623662279128,0.0005115242977585835,0.9663050253098582,1,0
27.82059282530099,86.58916534855962,58.95673606544733,6.760127389803529,3.04058298189193,736.8290376480121,0.00023007085379803954,0.9815201291063687,1,0
38.18783986847848,69.1201700270176,60.82046698778868,10.592312319204211,4.547428681515157,737.1067375530936,0.0012447356592277315,0.9582074860035108,1,0
39.59329969249666,107.66930853947997,56.7899888753891,9.526773417368531,3.595796420238912,738.0197189327336,0.00047499466267247555,0.9532946424817021,1,0
27.35812658444047,76.11486542969942,63.6561594158411,8.763342244550586,4.633959379978478,737.6583611939775,0.0003423691743306413,0.9700458166560081,1,0
29.312491486780345,96.87867033295333,44.38776772469282,11.18353189341724,5.240900541655719,738.8445545418195,0.0005294728861443254,0.9381035991744252,1,0
33.944765222258866,65.12891546823084,75.00373009592295,7.46989362873137,4.241643005050719,736.6718810492771,0.0007292635176792576,0.9805699412317751,1,0
36.00358142051846,89.60049123503268,68.06570563465357,6.360627567395568,3.894815686624497,736.7036693403206,0.0002561683380507685,0.982876790334961,1,0
31.268322370015085,69.59394755773246,52.4293078109622,11.554489390924573,4.894006689544767,738.2195695559788,0.0009636252217772024,0.9490563162634413,1,0
25.666024684906006,103.61378345638514,70.78035064041615,7.598440395668149,4.28740795655176,737.571423833655,0.00015605992615502832,0.971430043417548,1,0
37.79821270145476,83.80255302414298,48.894313275814056,9.929986422881484,3.249312126543373,737.498434213139,0.0007261724236698994,0.9601387835399717,1,0
37.86206013057381,93.53201551362872,68.45531020313501,8.08003923855722,4.425766246393323,737.5008405411189,0.0003337429555097276,0.9705104819260362,1,0
25.626882440410554,62.58492063730955,51.572173945605755,10.385858969762921,3.1140085607767105,737.363807701705,0.0009261525009681358,0.9650926031710207,1,0
31.274505630135536,104.42106704227626,70.23281760513783,6.467255042865872,3.7181629072874784,737.0305600990591,0.00013617987455575548,0.9798124009680204,1,0
35.90677500702441,73.66928392089903,49.59931701421738,11.63539052568376,5.0688254199922085,738.2009806886751,0.0010468667989817922,0.9455700600999953,1,0
33.981161108240485,99.10216190852225,57.33841836452484,10.538574362173676,5.415653339121491,739.0318892894278,0.00044276723020040463,0.9437797428288521,1,0
29.245897699147463,81.60716797225177,62.95270062983036,6.8023225497454405,4.065057360101491,736.8735538432002,0.000234032633472918,0.9816925935313525,1,0
27.450355137698352,85.18576886504889,43.998487405478954,9.256844474002719,3.460559392813593,737.7294197030459,0.0004778461096665594,0.9639486836272051,1,0
39.58253857214004,67.49546168372035,75.86298111826181,8.47079979814589,4.772249948699027,736.8230328347735,0.0010077095858332934,0.9730175917337613,1,0
38.18302249535918,109.36567358672619,41.82685740292072,7.426960302516818,3.2153349039144814,737.3338000883919,0.0002620869609293956,0.972316321973216,1,0
27.917863903567195,77.64191770926118,78.69379073381424,11.237996572628617,4.370842719916254,738.3571565953017,0.0007518128765859303,0.9485494708979993,1,0
29.71199788618833,95.15630518086255,59.50272414833307,8.805364156141877,5.01634629862383,738.2632662955748,0.00023765243648833488,0.9632241954908215,1,0
32.57939245086163,63.627862548455596,60.119449608027935,9.472856802865863,3.8219336182810366,737.0028717100016,0.0010340265946467816,0.9700170025565648,1,0
34.50545640196651,91.1252427753061,73.02456479519606,9.889978693798184,4.100449021905661,738.2036024622403,0.0005441708336435754,0.9557007388397756,1,0
31.740154870785773,71.29108746536076,47.38862458616495,7.649976616725326,5.294795168563724,737.06839887723,0.00042976144392051956,0.9777648711585695,1,0
26.094842376187444,102.11195567622781,65.66112160682678,11.593577479943633,4.648948565125465,738.1203794582437,0.0005906489211416482,0.9323565131929213,1,0
36.46209377795458,82.08248861134052,53.77554215490818,6.309641914442182,3.493507878854871,736.5358572461125,0.00036264011216493273,0.9845135917577277,1,0
36.73859341535717,102.5249460618943,79.85196001827717,9.167512407526374,5.116010009776801,738.5005090200855,0.00030892523622359937,0.957346627826383,1,0
26.488508782349527,84.83616531826556,40.48798590898514,8.360914500430226,3.654253826942295,737.4992446651976,0.00032678249012858785,0.9710207040760366,1,0
32.075248062610626,88.41400494799018,61.31664130836725,10.792015375569463,3.008249308448285,737.7129147856596,0.0006952982894252419,0.9490605952882238,1,0
34.95771669782698,70.92053595930338,58.20303153246641,7.123101672157645,4.509225664194673,736.7303188388322,0.0005407908979985001,0.9810902020257724,1,0
33.11953521333635,96.35760862380266,46.23481374233961,6.70893014408648,4.856024670414627,737.1426453146814,0.00014833668771804706,0.9791776128815731,1,0
30.369364861398935,65.60735231265426,74.36884347349405,11.944495288655162,3.3551345178857446,737.492942723317,0.0012564660792285243,0.9507299361510673,1,0
28.399412999860942,107.4412112031132,52.5825560092926,8.002378759905696,4.000794819556177,737.6673784845086,0.0002231436262687165,0.9672516382202359,1,0
38.78179569263011,76.49564164690673,66.9663742929697,10.287736812606454,5.462465395219624,737.7952552707578,0.0008077647362229144,0.9564324005061837,1,0
39.24743814393878,87.89748352952302,50.410924293100834,11.331303058192134,3.931342472322285,737.9462369756682,0.0008757802141595657,0.9433204050628147,1,0
26.998102022334933,67.86649002693594,69.79718577116728,6.021136561408639,4.924348524771631,736.5610188239659,0.0002460109348863833,0.987129986482421,1,0
28.969390993006527,98.68812248110771,48.39912123978138,9.941180476918817,4.3200085470452905,738.1694061628126,0.00045226249712648997,0.9517593673500483,1,0
33.5875018266961,78.85244222357869,71.53559058904648,7.774557558819652,3.2877823589369655,736.920578545633,0.00047686251434770954,0.9772372390758586,1,0
35.42521873023361,106.34486185386777,64.10839021205902,8.868420543149114,3.5663266754709184,737.890535929304,0.0003844116617030298,0.9601086775890161,1,0
30.67573966924101,74.814892411232,55.99233724176884,9.609017690643668,4.598466660361737,737.778994667005,0.000547097323781852,0.9642520204795183,1,0
25.086732553318143,92.33157037757337,77.0577697083354,7.153102984651923,5.202464209403843,737.5310144460082,9.047440431187584e-05,0.9766885686848127,1,0
37.20470022410154,60.606289179995656,42.69135598093271,10.937633665278554,4.209543764125556,736.6896693071117,0.0019051532197086822,0.9586765232925036,1,0
37.58878840599209,105.15248648822308,58.75758044421673,10.135791460052133,4.724693588912487,738.707197233822,0.00047552462488626264,0.9462779421081351,1,0
25.463392636738718,72.83972943201661,60.643684417009354,7.96683126501739,3.41782365180552,737.0767104841929,0.0003767056024203689,0.9772980048076877,1,0
30.99482297897339,94.36185573227704,42.409800477325916,11.886282769963145,4.024718303233385,738.4846847667047,0.0007804581975702768,0.932152145564063,1,0
35.75152271427214,61.85378692112863,78.04611261934042,6.579638371244073,5.3705032374709845,736.7746521692455,0.0006054433172109026,0.9838618881394081,1,0
33.678563898429275,85.91757006011903,65.14039661735296,6.971109112724662,5.092006609309465,737.0789090885157,0.0002371883547042821,0.9790987740499294,1,0
29.053254071623087,66.66628857143223,54.524500854313374,10.75651222653687,3.7462888048030436,737.6434161466609,0.0009612143323601449,0.9594672516678134,1,0
27.141347001306713,99.93085781112313,73.67575272917747,8.302654774859548,3.1396602881141007,737.4512883516422,0.0003290679015969558,0.967288722123748,1,0
39.39813245553523,80.87488956749439,46.80949650704861,9.03826498053968,4.446463691536337,737.3769188823027,0.0006494713852862261,0.9668938709924045,1,0
38.925159107893705,94.42517025396228,70.87912280112505,10.972455890849233,3.5411037080921233,737.8758647365329,0.0007354539582698316,0.9440619829801149,1,0
28.5499897133559,64.45770155638456,49.01530619710684,7.3057879116386175,4.69172351481393,736.8174400027885,0.0004788598378517053,0.9815859045368328,1,0
30.46054453123361,108.53612105362117,67.92970232665539,9.737572750076652,5.3350947187282145,738.666001052588,0.0003049227730746916,0.9489843646973204,1,0
33.203279855661094,78.3733391109854,52.31624975800514,8.927361192181706,4.145559952128679,737.4589250057835,0.0005276217808429063,0.9688164426868042,1,0
35.27668961789459,101.3796762470156,44.57654759287834,7.809332577511668,3.7987895514816046,737.5208396891054,0.0002712448265231039,0.970845891192726,1,0
32.40166338626295,82.91118348948658,75.21042011678219,10.093909749761224,4.988257188349962,738.3777622625236,0.0005025814120750071,0.9561807823453975,1,0
26.87248562462628,90.29607143253088,56.5883919224143,6.14964441396296,4.345153907313943,736.8555145859493,0.00010793080159747135,0.98378377195331,1,0
37.115363888442516,72.0228904299438,63.472052700817585,11.39028805308044,3.194600634276867,737.0818209712234,0.0011706502418140764,0.9528398471616674,1,0
36.54588854406029,89.14666277356446,47.67347056418657,8.623524779453874,5.439336085226387,737.7959717784266,0.0003281435930747676,0.9665358498608754,1,0
26.185857481323183,70.08916809223592,72.04025622457266,9.291615201160312,3.9726921538822353,737.5475791197597,0.0005244841999607597,0.9687851030903002,1,0
31.890781596302986,103.3560274541378,51.01343683898449,6.861314697191119,3.3294404945336282,737.1104256308906,0.00018960726011446298,0.9774789201701523,1,0
34.64865536428988,84.10322101786733,69.1300143301487,10.66708936728537,4.835294428747147,738.5275540013945,0.0006447833705837363,0.9504273157229103,1,0
32.956098606809974,108.17501353099942,76.55661389231682,11.788068300113082,4.556807630695403,738.8930583105763,0.0006586227161404209,0.9244101484450085,1,0
30.096153486520052,75.66541790962219,43.42082165181637,6.502070115879178,3.051039303652942,736.5417830097518,0.0003542176560981631,0.9848545309425938,1,0
28.24421479832381,97.18830882571638,64.7790714725852,10.444803910329938,3.694557693786919,737.9911530128411,0.0005733009371782773,0.9477572808030456,1,0
38.50217428524047,64.8740264493972,55.39363969117403,8.208598589524627,5.161115421913564,736.8503860059459,0.0009753693071018258,0.9746627663832551,1,0
39.909007009118795,97.95517417602241,61.98243968188763,6.274134473875165,4.232709898613393,736.7723967398376,0.00022167301871364817,0.9818834784811252,1,0
27.769388435408473,79.68351961113513,57.5994510948658,11.441580628976226,5.230603960342705,738.8893843557348,0.0006175204805775971,0.9442491533105188,1,0
29.622722347266972,87.06612041220069,79.34592146426439,7.520736342296004,4.624123896472156,737.3633882488477,0.00020534774420556004,0.9758126589854084,1,0
34.36519916635007,68.59915260225534,41.2125688418746,9.831726120784879,3.5870197946205735,737.1183795151121,0.0009942916286824219,0.9663116018029269,1,0
36.05729044880718,91.59824032336473,53.180185817182064,9.437302155420184,3.2402395638637245,737.7001906002333,0.0005527735352281219,0.9606967154165484,1,0
31.417815038003027,61.436985190957785,66.29432011395693,8.653411651030183,4.277258058544248,736.8876132265657,0.0009066261981116151,0.9749531373481966,1,0
25.710566760972142,105.51464305259287,45.504280179739,11.108709091320634,4.884005449246615,738.1215908888164,0.0004908044391629432,0.9364954927096668,1,0
37.95318651944399,75.54869967512786,74.86862622201443,7.368752075359225,3.8861975907348096,736.6967737025436,0.0005874496739422996,0.9796687503489301,1,0
38.11302466318011,100.62294722534716,47.105789594352245,11.516708856448531,3.39610379608348,738.2138666956974,0.000708613460880135,0.9337629573697641,1,0
25.87764318101108,80.59192988090217,72.72024039179087,6.210935281589627,4.746699551586062,736.7998229238353,0.00013955575586756047,0.9846505704424044,1,0
31.525225047953427,86.4143431559205,54.07866656780243,9.754493432119489,5.353294112253934,738.4801583734633,0.0003658233031926966,0.9575354192295954,1,0
36.15774828474969,66.57863905653358,65.94271518290043,7.5864033456891775,4.04160318383947,736.6360412966326,0.0008030823557369762,0.9797901154333739,1,0
34.20284309890121,93.66825049743056,78.36932606995106,8.683220023289323,3.7634311728179455,737.7408511676698,0.00039535831463690475,0.9658931652750771,1,0
29.467318677343428,62.13825721293688,41.4860400557518,9.419425679370761,5.075188485905528,737.3349557309027,0.0007835318864989777,0.9691811582152576,1,0
27.671820567920804,104.65420204214752,60.459025241434574,7.33994953148067,4.4682503044605255,737.5737317715948,0.00013214793892986132,0.9730795709590931,1,0
39.804200641810894,72.92889700271189,59.82598911970854,11.125948810949922,3.1175875682383776,736.7780696886471,0.001202194284948847,0.955027357262184,1,0
38.400829867459834,89.79948832653463,62.63065695762634,9.357104821130633,4.713748695328832,738.0234887931929,0.0004867161955597511,0.9607633754700197,1,0
28.135860762558877,72.1107314247638,56.99517764151096,8.546114707365632,3.5194027721881866,737.1833180222307,0.0005058384276558475,0.9738741886885918,1,0
29.93002086877823,100.68777831271291,76.20501857250929,10.603701347485185,4.162463752552867,738.2190402526586,0.0005601353900141692,0.9439072069321387,1,0
32.7971472684294,83.19433316588402,44.319292940199375,6.936254097148776,5.317904811352491,737.0636698810329,0.00024134312396120432,0.9796673219224389,1,0
34.75251770578325,109.03421401977539,51.28691766411066,6.519132452085614,4.971420145127922,737.274600139479,0.00010223543040084096,0.9780944013739558,1,0
31.987462881952524,78.2839815504849,68.153409473598,11.759088372811675,3.8159127016551793,738.0242791225668,0.0009685885366493907,0.9438729006387365,1,0
26.342147956602275,95.11858549900353,49.899979904294014,8.190533285960555,3.1725086965598166,737.4183895637323,0.0003224962218937115,0.9694677897097299,1,0
36.70918841380626,64.17303978465497,70.51687031984329,10.47442345507443,4.366921600420028,736.9453052226655,0.0014362994953405427,0.9611808784297632,1,0
36.9600317440927,97.09113132208586,55.68999648094177,7.241736134514213,3.9557309793308377,737.1651536228356,0.0002587307865511421,0.9761001899011389,1,0
26.710201082751155,65.36735160276294,63.82357157766819,11.04837948270142,5.45662150438875,738.3496956635155,0.0006656415406498382,0.9542251255497829,1,0
32.29689993429929,107.88253181613982,42.974933199584484,8.992232831194997,4.813059584237635,738.3632404001271,0.00027748025636103,0.9572394239272858,1,0
35.17916466575116,76.35406534187496,77.35891047865152,9.661192646250129,3.3513892320916057,737.3497414262806,0.0007765997203220209,0.9650255651619766,1,0
33.3702847501263,103.44863737933338,69.45316407829523,10.075363794341683,3.073188317473978,737.7916257687222,0.0005281513607293081,0.9492964059593827,1,0
30.620311149396002,83.61445822753012,50.08966397494078,7.839753208681941,4.534944723825902,737.3515033408381,0.00027370895650321084,0.9745743749610357,1,0
28.650404633954167,89.43458138033748,71.85565121471882,11.406915513798594,5.178162427153438,738.8545544080804,0.0005903153565966528,0.9395749454510562,1,0
39.03252620249987,69.40509047359228,48.741901218891144,6.121511349454522,3.6771864439360797,736.3604592268717,0.0006523051496704153,0.9864124287688263,1,0
39.49477082584053,105.80655181780457,74.02728121727705,7.890262333676219,5.247870161663741,737.8595306653589,0.0002075580766189767,0.9680468954672988,1,0
27.245166427455842,74.85948078334332,45.91109160333872,10.200474271550775,4.215729804243892,738.0435102338008,0.000595812858216704,0.9595519774282613,1,0
29.216482415795326,91.69484636746347,67.288858294487,6.6553845796734095,3.6089496123604476,736.9302122938835,0.0001807837156788792,0.9809008246262592,1,0
33.83478284813464,60.94308708794415,52.9229149967432,11.822053609415889,4.601869834121317,737.2490541121405,0.0016923335165208286,0.951092879155202,1,0
35.64321159385145,86.77877326495945,40.18318600952625,10.728190334513783,4.255414071492851,738.3302250825318,0.0007167807365162232,0.949307144057377,1,0
30.89352147653699,69.28380317054689,79.56960290670395,6.987547745928168,3.2624077955260873,736.5718865839626,0.0005169596419189879,0.9834414670695653,1,0
25.304512823931873,97.86313720047474,58.484185077250004,9.0685082282871,3.8688455587252975,737.6519793118706,0.00035887551127141006,0.9613680043731057,1,0
37.422727313824,80.17285386100411,61.620203368365765,8.283931436017156,4.901071374304593,737.2245430694586,0.0004917356200082464,0.9720036305995591,1,0
37.338073905557394,85.68063153885305,75.53429946303368,6.086002478376031,3.0968852662481368,736.4694684973784,0.0003329035560088956,0.9853869075369898,1,0
25.212409971281886,67.40895313210785,44.91795264184475,11.254917232319713,4.442603443283588,738.2217400107633,0.0007893095619839376,0.9535339346706783,1,0
30.743867834098637,99.79234667494893,63.131851218640804,7.710511503741145,5.047057880554348,737.825322890811,0.000146474642132922,0.9709768524581264,1,0
35.50075705628842,81.32535502314568,56.26575041562319,10.017109790816903,3.7402547006495297,737.7553320826386,0.0007216263761655468,0.9593938268297606,1,0
33.45710338559002,103.92163455486298,49.29750580340624,9.625639429315925,4.086758142337203,738.2122614598405,0.0004418445542917935,0.9529754344439231,1,0
28.83158261422068,73.76035558059812,71.18408020585775,8.840281756594777,5.393628302961588,737.7280689220038,0.00036698497574221304,0.9694252722857525,1,0
26.919674398377538,92.83726838417351,52.012530490756035,10.919093431904912,4.7894400004297495,738.5431967179132,0.0005391002666958816,0.9437339104068321,1,0
39.176706559956074,62.87130116485059,67.64870598912239,7.1835293378680944,3.44365543872118,736.372998885299,0.001085818517617316,0.9827342727890666,1,0
38.707144618965685,101.42119945026934,54.80916228145361,8.436654986813664,4.387660689651966,737.88364250609,0.0003232302516986968,0.9652403538045395,1,0
28.332229084335268,82.36372861079872,65.44289458543062,9.103277524933219,3.1981926802545786,737.5771167917907,0.000501066239442517,0.966529315463322,1,0
30.242742970585823,90.62980715185404,46.508198231458664,7.046538462862372,3.844006482511759,737.0776107905509,0.00020777351138657996,0.9786670086004438,1,0
32.98527450300753,71.37702455744147,73.39233301579952,10.856703909114003,4.994559532031417,738.0345142927544,0.00084703968277766,0.9544552107940896,1,0
35.02939253114164,95.85162525996566,60.96510224044323,11.974732814356685,5.27278906153515,739.0236158469379,0.0007242235199393559,0.9285095889839733,1,0
32.15456293895841,63.34205348044634,59.10144463181496,6.69020108319819,4.122169031295925,736.5288928421439,0.0006231379758420928,0.9846865076344105,1,0
26.62543013226241,109.86567753367126,77.70348984748125,10.259420642629266,3.4766231519170105,737.9244228399428,0.00047248616752473095,0.9446007633954696,1,0
36.868047383613884,77.55141899921,42.08958264440298,8.0188231151551,4.666157545987517,737.0557531665061,0.0005249317167260752,0.9745614040109717,1,0
36.32424248382449,107.1506335772574,66.63770880550146,11.160769606009126,3.632085739634931,738.3455798175225,0.0006317135067001994,0.9341541425527676,1,0
25.964401019737124,77.18314103782177,53.50208152085543,7.49263302795589,5.137853843159974,737.3322199867447,0.00019805427009654935,0.9777808832576238,1,0
31.669351761229336,96.26234135590494,74.54796835780144,9.54797930829227,4.492159585468471,738.3153497442811,0.00039722901904141295,0.9564274219113423,1,0
34.426957252435386,66.09953557141125,45.16209505498409,8.742159241810441,3.025601484812796,736.6564552810572,0.00094501657369179,0.9752584278776325,1,0
32.705112784169614,88.70306451804936,57.90120415389538,7.621179794892669,3.3721147659234703,737.1478573755528,0.00032914316505475784,0.975657173311252,1,0
29.845414482988417,70.23454791866243,62.26784363389015,9.90722413547337,4.838758324738592,737.7705182484627,0.000619129729770075,0.9633617671064891,1,0
27.993473755195737,102.618702724576,40.92836815863848,6.339444564655423,5.484719313215464,737.2713064428997,6.037608266761496e-05,0.9801790544233612,1,0
38.25122218579054,84.345497880131,79.04540654271841,11.575695281848311,3.9788651554845273,737.915947281561,0.0009523566224023155,0.9425932262409513,1,0
39.66192497406155,92.42702912539244,43.7249980866909,10.322476672008634,4.9462115853093565,738.5584389610715,0.0005882618030081832,0.9500458988129085,1,0
27.52210249658674,60.11429591104388,76.83959685266018,8.154984360560775,3.9091933141462505,736.8417494817044,0.0007182042413835791,0.9787604104466231,1,0
29.375394582748413,106.6356294695288,55.11189844459295,11.700874423608184,3.3051534644328058,738.7840500880005,0.0005897344981742331,0.9270604656770278,1,0
34.118125373497605,74.1275845002383,64.47609473019838,6.389839248731732,4.302961695473641,736.5982859513174,0.0004000931356608651,0.9845408340152728,1,0
35.839519565925,98.59417582862079,72.38122124224901,6.784262968227267,4.581181385554373,737.1080963033687,0.00017955285461248725,0.9784454723327747,1,0
31.19978303089738,79.3429181817919,47.997787557542324,10.568199628964067,3.583287696354091,737.9241483670403,0.0007596803920968426,0.9551753795870822,1,0
25.4925788147375,87.6082324795425,68.80689732730389,8.487856412306428,4.1875948728993535,737.7592566227809,0.0002635499615208147,0.9688322611946069,1,0
37.73539532441646,68.55228807777166,50.673713237047195,9.227858824655414,5.224699198268354,737.1197947475531,0.0009311902672027778,0.9675240259517861,1,0
37.71585713606328,98.49915298633277,66.07113502919674,10.492380877956748,4.9728719512932,738.8606507130685,0.0005333688356153539,0.9450285732736894,1,0
25.48104875255376,79.44471062161028,54.18458268046379,8.16083431430161,3.7845530449412763,737.3750311224098,0.00030427560403428885,0.9739315744767478,1,0
31.185964373871684,87.70776143297553,72.77019131928682,11.741912813857198,3.1800551149062812,738.0803358987133,0.0007998240921447475,0.9388233043350123,1,0
35.818602945655584,68.45800582319498,47.134003303945065,6.548049738630652,4.32946859812364,736.5327004209126,0.0005767826570162748,0.984328591411881,1,0
34.12599567323923,92.52064306288958,59.717177115380764,6.907288173213601,4.686052675358951,737.0919899398882,0.00019774400236100554,0.9787252637076564,1,0
29.3912732321769,60.01410013064742,60.333501882851124,10.620925543829799,3.536724650301039,737.1937042215142,0.0012231413195204293,0.964013832922799,1,0
27.53935466054827,106.53469608165324,41.455544382333755,8.57576504163444,4.140878959558904,737.7960895905186,0.00027388332766787964,0.9623478692586869,1,0
39.67207895126194,74.22346490435302,78.32165770232677,9.339196035638452,5.329111811704934,737.27818769242,0.0008151688130132352,0.9649415117165362,1,0
38.27031032182276,88.60267800278962,44.29123688489199,11.15491178445518,3.761370179243386,737.9257181371984,0.0008265404310469061,0.9449864611012059,1,0
28.005454763770103,70.32797112129629,76.15491058677435,7.322728106752038,5.105938955210149,737.0138187130033,0.00032689205032330153,0.980211554765223,1,0
29.858781970106065,102.71439239382744,56.88880883157253,9.389772394672036,4.460092389024794,738.1923977625634,0.00035468239682346985,0.9556597013880158,1,0
32.72647968027741,84.24437375739217,62.50269040465355,8.701131580397487,3.154429073445499,737.3886200739076,0.0004938393238444191,0.96936033223893,1,0
34.418636676855385,107.25261675193906,70.56438162922859,7.568448873236775,3.423188318964094,737.43598683012,0.0002469409724591203,0.9713884909237841,1,0
31.653924281708896,77.08830893039703,49.93063323199749,9.784189632162452,4.728766176383942,737.938411567905,0.000546845872467289,0.9617799689842024,1,0
25.946697909384966,96.16824983619153,68.27938612550497,6.228113790974021,5.374269717838615,737.1221054519265,6.178701289399297e-05,0.9820534731935857,1,0
36.31453855894506,66.19925525970757,51.395276971161366,11.48778879828751,4.029786996077746,736.9674968048182,0.0014910113904738394,0.9532979934732779,1,0
36.88398632686585,95.74887914583087,77.46745873242617,8.255033439025283,4.282646963372827,737.6634895595865,0.00032834850595828927,0.9684996337253847,1,0
26.63335368502885,63.43917440623045,43.100797198712826,9.0857102740556,3.244327150285244,737.060400818425,0.0007328701849720215,0.9734427219996892,1,0
32.16477821581066,109.95748023502529,63.85434113442898,7.017220275476575,3.889987489208579,737.3573146957801,0.0001557826803081252,0.9746857217359562,1,0
35.04669873043895,77.4524622503668,55.73731526732445,10.710213577374816,4.889087725430727,738.2076569241156,0.0007674623355574647,0.9530476159771725,1,0
32.973690293729305,101.51929714716971,48.61374571919441,11.839987451210618,5.245661972556263,738.9550287132143,0.0006509218870385877,0.9271267204252772,1,0
30.22314359433949,82.27106834761798,71.74939505755901,6.625754965469241,4.246628717053682,736.8317299648908,0.0002287819297617538,0.9824291419283291,1,0
28.311259322799742,90.53335454314947,50.039439760148525,10.183229310438037,3.6006241613067687,737.9099604946591,0.0005817900632343058,0.9534793983654004,1,0
38.6932655563578,71.48043749853969,69.42530054599047,7.91920324601233,4.638877589721233,736.8118061009857,0.0007363539257980417,0.9761499041288924,1,0
39.16123219765723,103.82878355681896,52.875133976340294,6.103580458089709,3.0453438353724778,736.6914551989754,0.00021071299414934463,0.9827199520731034,1,0
26.911285370588303,73.8582625426352,67.25855156779289,11.43654235638678,4.552413778845221,738.4158325852699,0.0007740554964443506,0.9484836421901592,1,0
28.821832588873804,92.94049059040844,45.785375721752644,7.857001120224595,5.1564113651402295,737.8189479509525,0.00015347141559412156,0.9715690357615954,1,0
33.439332828857005,62.774657821282744,73.91858544200659,10.04642011038959,3.688560961280018,736.9030168295868,0.001236876718080713,0.9667934135199355,1,0
35.51280562300235,85.77794319950044,61.64852973073721,9.690087692812085,3.957330036908388,737.9080493527277,0.0005969168311474996,0.9599708411514652,1,0
30.763001958839595,67.30639775283635,58.53394705802202,8.97503355704248,5.425113460049033,737.4272686955854,0.0005939455811404124,0.9701959502283403,1,0
25.233845207840204,99.69358066096902,79.67571154236794,11.018704002723098,4.82077344506979,738.0013801687556,0.0005066706930905572,0.9407158399476352,1,0
37.35148838721216,81.41734845936298,40.31148962676525,7.259715663269162,3.3137698862701654,736.7308674269946,0.0004735954480882806,0.979807323856007,1,0
37.44341734331101,86.8774424213916,56.3743394985795,8.048450672999024,5.29865820845589,737.4033390794891,0.00034390239854132406,0.9716836862732592,1,0
25.318553601391613,69.19171287678182,63.257599882781506,10.241489036008716,4.105452149640769,737.8963904518615,0.0006352686838832231,0.9615889166856603,1,0
30.905287070199847,97.76573166251183,44.94868077337742,6.661258114501834,3.498823670204729,736.9837401485418,0.00017776363169528557,0.9798396965140075,1,0
35.662518721073866,80.2753153629601,75.58173298835754,11.991980010643601,4.653115327935666,738.4118897097137,0.0009966198860267487,0.9388392946614202,1,0
33.824402056634426,105.70323275402188,67.52066165208817,10.839505350217223,4.384374857880175,738.402216532852,0.0005789854486591849,0.9383948916828636,1,0
29.19945259578526,74.9560272693634,51.9062364846468,7.0754327941685915,3.2301692543551326,736.7210761220385,0.000376552440477285,0.9819720347493538,1,0
27.229523533023894,91.78760348819196,71.13374423235655,9.121257768943906,3.8370638685300946,737.8392916384894,0.0003923872857621296,0.9625029996003576,1,0
39.48666924145073,60.84508624859154,49.26967952400446,8.406978791579604,5.03018446918577,736.7553809771382,0.0013187017301361035,0.9739751280798984,1,0
39.011385226622224,103.54499313049018,73.34443666040897,7.2007306683808565,4.06027742382139,737.2645791642526,0.00023523512910316908,0.9749434480655588,1,0
28.636813908815384,83.51094842888415,46.47793233394623,10.890196150168777,5.409733613021672,738.9447024793068,0.00048577225320096154,0.9473083350396513,1,0
30.60809527989477,89.33638980612159,65.31729344278574,8.822304284200072,4.766630369238555,738.017958533057,0.00029180427072921335,0.9652596849516284,1,0
33.35142879281193,69.49765685945749,54.70042508095503,9.655312674120069,3.456088543869555,737.1796238700045,0.0008910992324634969,0.9674469816590469,1,0
35.18909428734332,96.99923176318407,42.11787115782499,9.987479461356997,3.099561985116452,737.7371186782432,0.0005659776793519814,0.9533407777087418,1,0
32.31438003014773,65.46621149405837,77.75336299091578,7.728446060791612,4.410017756279558,736.8045754262613,0.0006684116635714459,0.9791161871358713,1,0
26.725393924862146,107.98518405295908,59.20759052038193,11.283857429400086,5.05338892294094,738.6228474505475,0.0004970195850767608,0.9319378754552882,1,0
36.96858427487314,76.25685053877532,61.093294098973274,6.068758232519031,3.7040181919001043,736.4487113820852,0.0004373724275908909,0.9860912482640448,1,0
36.69211249332875,109.12840239703655,45.290475860238075,9.210636684671044,4.583996936678886,738.4247328426825,0.00034766766426215756,0.9547447095640412,1,0
26.33169971872121,78.18435871973634,74.65400159358978,8.516820101067424,3.5505642760545015,737.4071294396105,0.00039286357662678833,0.9719880900682141,1,0
31.979314414784312,95.01669620163739,53.55207089334726,10.586110470816493,4.1940827034413815,738.3290460923652,0.0005947080221069393,0.9467016270432922,1,0
34.736806359142065,64.26796576939523,66.66580479592085,6.75461039878428,5.188304765149951,736.6522029755688,0.0005778367694764871,0.9832214355263725,1,0
32.811256386339664,89.70389551483095,78.93648039549589,6.419534733518958,4.919593208003789,736.9267339946329,0.00017599217492381998,0.9819051374551632,1,0
29.950757892802358,72.2119524050504,40.80287966877222,11.682920666411519,3.9254375309683383,738.0273042895212,0.0010168302480096068,0.9479928280401194,1,0
28.15523544792086,100.78825870528817,62.237461507320404,8.126063587144017,3.282185834366828,737.4825982666185,0.0003004670134224193,0.9684353161768993,1,0
38.412641449831426,83.10100384056568,57.853500321507454,10.339655896648765,4.315551514271647,737.9717910772166,0.0007624993741425757,0.9551019718516985,1,0
39.821742037311196,93.76928074285388,64.44815579801798,11.545997025445104,3.368690008763224,737.9347088986631,0.0007892487362877128,0.9382127093921586,1,0
27.681804224848747,62.042473666369915,55.061751417815685,6.357401272282004,4.870872539002448,736.5947938512163,0.0003707425808752736,0.9863018939457457,1,0
29.475931501947343,104.5606819819659,76.73311032354832,9.936142137274146,5.477619966957718,738.8174751205387,0.0003106727473613556,0.948254696121773,1,0
34.21808919403702,73.02918666042387,43.59706997871399,7.604003520682454,4.014648072887212,736.8154717013041,0.0005475044032187655,0.9787835889737333,1,0
36.144104418344796,100.52351512946188,50.72125941514969,8.759384153410792,3.65809260122478,737.831927958864,0.00039455685923725747,0.9630563391889041,1,0
31.504023666493595,80.68630899302661,68.83743651211262,9.519012669101357,5.120998110622168,738.0747961275041,0.0004176276994109625,0.962160775901369,1,0
25.85873307660222,86.50945987552404,48.12372874468565,7.474724957719445,4.514518009498715,737.4220352702451,0.0001605803806960338,0.9762356880179132,1,0
38.10074760578573,66.47694049403071,72.48969409614801,11.190419225022197,3.0124024599790573,736.5740493651446,0.0014368799663956463,0.9572297991435069,1,0
37.966830218210816,91.50617610663176,49.64720860123634,6.291729977354407,4.127534401603043,736.7104282876891,0.00025528262029098276,0.9827495884760848,1,0
25.731767863035202,61.535631250590086,70.26308827102184,11.623231144621968,5.276862054131925,738.311071939808,0.0008473592729720104,0.9513177959391274,1,0
31.43672531004995,105.61712616123259,51.697770319879055,7.667198421433568,4.6699239099398255,737.7904158054547,0.0001582682901717747,0.970193897183945,1,0
36.06956778559834,75.45126955024898,68.56405217200518,9.861015340313315,3.481690834276378,737.3316916904436,0.0008462693194317043,0.9637507178127032,1,0
34.3476576032117,98.05174673907459,75.83469737321138,9.501777241006494,3.2132748416624963,737.7965674607296,0.0005040006903894378,0.9573535980016084,1,0
29.612738410942256,79.58017745055258,43.94860949367285,8.788185266777873,4.401593524497002,737.6337475958426,0.0003813779660131275,0.9691099888323691,1,0
27.76077577844262,86.96814117953181,62.84655950963497,11.208299992606044,5.008188047911972,738.7396806211489,0.0005791012587045996,0.943338143344971,1,0
39.89376119337976,68.69188513606787,57.210221737623215,7.444915154948831,3.8587741921655834,736.5296310280153,0.0008756294908486147,0.980142820091181,1,0
38.48806533496827,108.0714806355536,60.0108652934432,8.441882131621242,5.3879563878290355,738.3066323168671,0.00021621581286945723,0.9623406360491402,1,0
28.223478053696454,75.76179973781109,59.37697071582079,9.274020412936807,4.082378902938217,737.6887868843314,0.0004872766724736366,0.9668621255131189,1,0
30.076778633520007,97.28085062466562,78.66306737065315,6.832021901383996,3.4389749350957572,737.0477702162492,0.00018778406078327582,0.9787780811267967,1,0
32.94428674504161,64.77585648186505,41.77941910922527,10.520616559311748,4.783457880374044,737.4735402434616,0.0010727574839973842,0.9603498564355412,1,0
34.66573145240545,89.24549956806004,53.903581723570824,11.653299691155553,4.427217195741832,738.5120222612597,0.0008134544558871244,0.9375480528207806,1,0
31.901230113580823,69.99729461036623,65.7674203813076,6.437604328617454,3.0826486432924867,736.4376947032381,0.0004913008678575954,0.9858840416039902,1,0
26.19400578085333,103.2587880641222,47.438955791294575,10.368634393438697,3.725709586404264,737.6950553738544,0.0005107683897809545,0.9468288058489663,1,0
36.5615996113047,84.20589486137033,73.05239584296942,8.109005542472005,5.031373274512589,737.3412668502831,0.00038060296701134964,0.9721691816189751,1,0
37.10543409921229,101.28007651306689,58.2309752330184,10.966577684506774,3.5679259938187897,738.0638630191116,0.0006584437927980057,0.9401680599152867,1,0
26.855005249381065,83.00534578971565,61.36678356677294,7.135854737833142,4.566959472838789,737.1815884130278,0.00017523242189206926,0.979165506317109,1,0
32.386470711790025,90.3910220041871,40.59447720646858,9.579390512779355,5.210177213419229,738.4665819237023,0.0003488099388193025,0.9577721183436898,1,0
35.26813736651093,71.92097952589393,79.9798833578825,8.886351769790053,4.171924157533795,737.1117183155123,0.0007422465983661718,0.9709977912951585,1,0
33.22442066390067,94.52641433104873,66.91882334649563,7.756577694788575,3.903498325496912,737.4129033796775,0.00027264403038507916,0.9728231665842714,1,0
30.47413497697562,64.36208266764879,52.55202159285545,9.970856292173266,4.941818511113524,737.4869974676244,0.0008313718628923078,0.9646901664977501,1,0
28.562205750495195,108.4428163152188,74.24289751797915,6.038336170837283,4.298256553709507,737.0158223718029,7.186090117863903e-05,0.981612951955401,1,0
38.94401534460485,78.47379789687693,46.12634565681219,11.30240767635405,3.299156541004777,737.4498757388851,0.0010349437330866272,0.9500687769609076,1,0
39.40851341467351,85.82176043651998,71.40720501542091,10.305713905021548,4.853816146031022,738.2300830534509,0.0006783552338858562,0.953447358090851,1,0
27.15837710071355,66.7673419136554,48.293092772364616,7.9727058950811625,3.386032499372959,736.8726866488809,0.0005318865779607459,0.9787823726463623,1,0
29.068896798416972,100.03112586215138,69.74719163030386,11.927292907610536,3.9924702998250723,738.7487558633727,0.0007059366439661386,0.9280052677654451,1,0
33.68666520342231,80.78139409422874,50.38283307105303,6.73782847635448,5.499473486095667,736.9419390429804,0.00026563621505795536,0.9810457839278243,1,0
35.73083285242319,105.24683952331543,42.80028689652681,7.094160424545407,5.143242640886456,737.5099088909382,0.00013856041919581264,0.9745309981618321,1,0
30.98078248091042,72.74032043293118,77.18325342983007,10.809260671958327,3.636172324884683,737.7824580035629,0.0008979187934055969,0.9563413482029609,1,0
25.451626875437796,94.26013556309044,56.02272413671017,8.390544449910522,3.029392095748335,737.3083907175828,0.000353810210424961,0.9685058039104999,1,0
37.5694809993729,61.94892822764814,64.15608927607536,9.149578230455518,4.497242276091129,736.7879993272718,0.0013549119094760388,0.970579175123645,1,0
37.19265148974955,106.44667888060212,78.07417344301939,11.360614473000169,3.8014665311202407,738.4094560123076,0.0006683220820090328,0.9318994061960352,1,0
25.067598149180412,74.71984796226025,42.459903694689274,6.167622221633792,4.955672358162701,736.7155550665091,0.00015935981519262857,0.9857804535002783,1,0
30.654304600320756,92.23731121979654,60.75005799531937,10.122807366773486,4.351484092883766,738.3445772877578,0.0005054682524475726,0.9525224494138673,1,0
35.41180452797562,60.705792056396604,58.88554222881794,7.792130911722779,3.1583638647571206,736.4238143545842,0.0011191465502786038,0.9808977623026705,1,0
33.60297602135688,87.79731233604252,46.761980429291725,8.944605773314834,3.514623324852437,737.6397110783874,0.0004808479588817443,0.9659703586113987,1,0
28.97777974139899,67.96008235774934,73.64510416984558,9.708632217720151,4.707829756196588,737.6161517580872,0.0006303964611554981,0.9658844695750849,1,0
27.007852215319872,98.78402598202229,54.398519434034824,7.287853019312024,5.312284156214446,737.6897883628933,9.004262122845055e-05,0.9744534241309402,1,0
39.265208980068564,78.75148275867105,65.03204207867384,11.002086555585265,4.157992722000927,737.6064257618739,0.0010108104775524188,0.951421991112945,1,0
38.7933800695464,96.45101021975279,52.18782514333725,9.021017448976636,5.088720442261547,738.1778317035225,0.0003581159473288616,0.9610356351496314,1,0
28.419012655504048,65.50699038431048,67.82379098236561,8.33159807883203,3.778264447581023,736.9575941972995,0.0006158125651864602,0.9766758089700667,1,0
30.390334455296397,107.34006100334227,48.9653505012393,10.774444168433547,3.132718605455011,738.2920904714177,0.0005408463960721555,0.9388715421906592,1,0
33.13341399654746,76.59135441295803,70.85091385990381,6.941481219604611,4.482088963966817,736.8185054518241,0.0003684498707746836,0.9813224325642831,1,0
34.94177792221308,102.43009234778583,63.58086947351694,6.60931490175426,4.750562475062907,737.151913667091,0.0001371950942419035,0.9788265215589915,1,0
32.067324789240956,84.93817307986319,56.71391051262617,11.868302190676332,3.401105913333595,738.0367011424107,0.0008716295256555338,0.9391153651657631,1,0
26.478293337859213,88.51369855925441,75.24092055857182,7.937936598435044,4.046919678337872,737.5237080681994,0.0002289064254432595,0.9727990033169683,1,0
36.72128693666309,70.82646753638983,44.62421119213104,10.15299035422504,5.3574612801894546,737.5471992144091,0.0009072613237149515,0.9597244826050706,1,0
36.470414185896516,91.22238530777395,69.17779058218002,7.38592872954905,3.266247282270342,737.0140096036835,0.0003473334218231817,0.9769329668770435,1,0
26.11026957631111,71.18831676431,51.04374833405018,11.079790709540248,4.260402586776763,738.1827061461236,0.0007652551513849906,0.9536180223333205,1,0
31.757858148775995,102.0130250044167,72.16596733778715,8.635454563423991,4.906363612506539,738.2468940676275,0.0002344817476368634,0.9625471973784249,1,0
34.515160606242716,82.1742682158947,47.78217110782862,9.467000791803002,3.872997709084302,737.7118034527068,0.0005968741815561522,0.963527902937674,1,0
32.560304147191346,109.27303493022919,55.36531809717417,9.802076121792197,4.2292860727757215,738.1683383130605,0.0004354508541419171,0.9489528587401792,1,0
29.70001659821719,77.73999081924558,64.7293047234416,7.538644792512059,5.2627185098826885,737.252817340029,0.00026872456592754704,0.9772916271689147,1,0
27.90449658408761,95.25974419899285,43.314717784523964,11.470547648146749,4.617024214938283,738.593450308179,0.0006476738595495345,0.9360964091804372,1,0
38.16165587864816,63.53138684295118,76.42830550670624,6.256909182295203,3.6228017807006836,736.341278582818,0.0008385151907508314,0.9864523938467123,1,0
39.574668440036476,99.20004428364336,41.10402535647154,8.238251538947225,4.530188322067261,737.7294175234446,0.0003206019551231898,0.9675742027445463,1,0
27.434476767666638,81.51433858089149,79.22005269676447,10.426892688497901,3.067283185198903,737.7040703841452,0.0006902174978578846,0.9558257670761576,1,0
29.22864536754787,85.08910242468119,57.56868630647659,6.473106047138572,3.6715903989970684,736.7665941358999,0.00020791507233834558,0.983060851448844,1,0
33.971006851643324,67.59870996698737,61.93511612713337,11.805290820077062,5.173706172034144,737.9671121939617,0.0011917277662454942,0.9470374764246178,1,0
35.92631336301565,93.42943554744124,74.99677695333958,10.64990976266563,5.442150779534131,739.047899553064,0.000502825005793795,0.9452852322377668,1,0
31.286035971716046,62.682253904640675,45.610541105270386,6.890235850587487,3.9399684728123248,736.5505474671634,0.0006546701972588361,0.9840942569792224,1,0
25.640700929798186,104.51303738169372,66.3445395603776,9.309569338336587,3.335928585845977,737.3832935119985,0.0004105213489699204,0.9574895316591656,1,0
37.882976471446455,73.57054398395121,53.20805411785841,8.593828914687037,4.798900852445513,737.0713022084208,0.000709430166832869,0.9714088201303214,1,0
37.784789837896824,89.50001009739935,74.13653410971165,9.41546436958015,3.47168989200145,737.6734647129888,0.000587922897268224,0.9617503786069032,1,0
25.644602747634053,69.68727762810886,46.003254652023315,8.675462493672967,4.661305516026914,737.5128744954426,0.0003745441298892392,0.972286195218264,1,0
31.24917516950518,103.70937701314688,67.0465487614274,11.130776206031442,5.267789789475501,738.8405730514052,0.0005195797083502515,0.9349391561179982,1,0
35.99154101219028,83.70133129879832,52.663515619933605,7.346840796992183,4.117384205572307,736.9328045388627,0.00037282675714620656,0.9781304001190654,1,0
33.962527620606124,107.77119709178805,40.402302257716656,6.202444704249501,3.8489390066824853,736.9495288369114,0.0001270381111522752,0.9809525948350236,1,0
29.32225458789617,76.01994019001722,79.76674649864435,11.513480773195624,4.999411124270409,738.6741511670429,0.0007432314021117123,0.9455877993743014,1,0
27.36650231294334,96.78448270075023,58.4298637509346,7.59256156347692,4.392660716082901,737.5904294201458,0.0001606988302757283,0.9729888466782494,1,0
39.608782436698675,65.22853755392134,61.54390938580036,9.760054053738713,3.2029779623262584,736.4252592029144,0.0014919211163440427,0.9681405592633459,1,0
38.20171367842704,97.5776497181505,56.224054135382175,11.763095816597342,4.794373102020472,738.7475627014335,0.0007628050090194388,0.9309548917580325,1,0
27.841564710251987,80.11015643365681,64.3405393883586,6.526843847706914,3.4485076456330717,736.6985386694414,0.00023918966404824787,0.9838019210914696,1,0
29.795907456427813,86.68859669938684,42.61055327951908,10.469641478732228,4.0917575540952384,738.2375377859398,0.0006117314154235387,0.9519333522187189,1,0
32.55320533178747,69.02579165995121,76.97744071483612,8.183596601709723,5.3984130076132715,737.1624508121765,0.0005480529178917584,0.9747795509220432,1,0
34.58266989327967,92.02605210244656,69.88224118947983,8.554559150710702,5.042125235311687,737.8912641687978,0.0002870608319593393,0.9664867502822665,1,0
31.722377762198448,61.057534758001566,50.496768429875374,9.360379038378596,3.7354032481089234,736.9020420045204,0.0010964091818188634,0.9717018957321577,1,0
26.120115197263658,105.9424436558038,71.30816590040922,6.930050460621715,3.0918854167684913,737.0888719112226,0.0001801206410466278,0.9763566107066302,1,0
36.37727013323456,75.16923955641687,48.17244324833155,10.598186144605279,4.43781800288707,737.7842619227098,0.0009109959560432303,0.9560049120462203,1,0
36.829551719129086,104.75028980523348,63.032878674566746,7.831400675699115,4.182838205713779,737.661132079635,0.0002481812975930416,0.9694308983313955,1,0
26.455187099054456,73.19281971082091,57.419372014701366,10.071997666731477,5.219708713237196,738.3264508887612,0.0004249449672325315,0.9594066679497902,1,0
32.116065793670714,93.9596523437649,75.63067771494389,6.1278076115995646,4.576339334715158,736.8413358602295,0.0001395211624418533,0.9831838618673331,1,0
34.85914790537208,62.206869004294276,43.76692473888397,11.41233809106052,3.5783837870694697,736.7663642530665,0.0016154228121369948,0.9565748512546106,1,0
33.151942822150886,86.2725371401757,51.79900258779526,11.044281559064984,3.309909675270319,737.8140695656738,0.0007714168675844714,0.9475460157239086,1,0
30.27749225962907,66.26296610571444,68.6825842410326,7.234115218743682,4.3079514261335135,736.7569797501232,0.0005233178714423167,0.9817153475553925,1,0
28.498895866796374,100.28583010658622,49.51362740248442,9.665883427485824,4.951054073870182,738.4650092654084,0.0003301842134179493,0.9534142605599044,1,0
38.741892259567976,80.4715708270669,70.1476076617837,8.999260710552335,3.914097959175706,737.2888366574441,0.0006739845147984248,0.9680541925824544,1,0
39.21508733648807,94.85155003145337,47.30781592428684,6.995945697650313,5.489476138725877,737.1771624758343,0.00022786730226560104,0.9769876228611014,1,0
27.090031425468624,64.07987087965012,72.94423937797546,10.731511043384671,3.983855463564396,737.6780151327503,0.0009161700848277932,0.9604884137461279,1,0
28.86996576562524,108.96249263547361,54.00725547224283,8.27768130786717,3.3769566770642996,737.5411071267198,0.00030168196236266003,0.9647071928626942,1,0
33.62746289931238,77.99550172872841,65.89327674359083,9.06303951703012,4.843662355095148,737.586226681631,0.000497315273800315,0.9671217822698664,1,0
35.3342027310282,101.00071978755295,78.46637200564146,10.204526776447892,4.4874034957028925,738.5537298920841,0.0005084403297156375,0.9476569448485287,1,0
30.709003657102585,83.33944006823003,41.6001758351922,7.8979286681860685,3.0206116144545376,737.1178939692251,0.0003938291282616419,0.9753055441225797,1,0
25.045858076773584,89.91711869835854,60.20450860261917,11.817316694185138,3.6272430741228163,737.5057879548705,0.0007388291924741709,0.9382846126608295,1,0
37.30321227107197,72.45115222409368,59.588562324643135,6.648402834311128,5.132949356455356,736.6761735742645,0.000476098089308647,0.9826160096513394,1,0
37.62235637754202,102.87953949533403,43.188499100506306,8.846531437709928,3.1675899093970656,737.6910106613639,0.0004242168719408344,0.962042943852012,1,0
25.372215704992414,84.43246771581471,76.32507052272558,9.631108408793807,4.362093244679272,738.1355979766669,0.00040181414255459206,0.9603498975835897,1,0
31.093152635730803,88.76858720555902,55.47383688390255,7.175130223855376,4.966435047797859,737.2715765223257,0.00018371949471183258,0.9774698871217208,1,0
35.71091645862907,70.51682867109776,64.86000582575798,10.915773706510663,3.8111518481746316,737.2558540681032,0.0011470746174795986,0.9567207506806994,1,0
33.77065423410386,95.9557893127203,71.95458546280861,11.259653164073825,4.167382101994008,738.3555214627605,0.0007058054744105587,0.9387003420956745,1,0
29.02059928048402,65.96081847324967,47.58824162185192,6.092985386028886,5.322732431348413,736.650811897092,0.0002824158671160516,0.9865780384543742,1,0
27.181039853021502,107.0393926370889,69.35682412236929,10.013057017698884,4.718734249006957,738.2818117386654,0.00039078690018599753,0.9472762661945007,1,0
39.29888961836696,76.84911004267633,51.2407298758626,7.702845616266131,3.5241643800400198,736.7062142032887,0.0006477347939838137,0.9780258549270906,1,0
38.83301113266498,87.51815267838538,66.52601443231106,6.68390598334372,4.473169268574566,736.7957529461527,0.0003175873814324328,0.9809287334658434,1,0
28.582586864940822,68.29437370412052,53.412359803915024,11.969309253618121,3.1224157656542957,737.5927444945193,0.0011064499346468515,0.94903349717124,1,0
30.420794878154993,98.3087819442153,74.78783655911684,8.027176095172763,3.7684161490760744,737.5865891135005,0.0002671946012938685,0.969725904057557,1,0
33.302465891465545,79.28031472489238,45.423935912549496,10.262786502018571,5.079949479084462,738.2578310387647,0.0005822006901110311,0.9562248432695353,1,0
35.24317839182913,106.77161825820804,57.68452938646078,9.098587011918426,5.3483759025111794,738.6663078814117,0.00025904563565470244,0.9561433454535279,1,0
32.49289706349373,74.43743985146284,62.068258710205555,8.42962666042149,4.036775442771614,737.1398274561126,0.000535627829732431,0.9735790942951916,1,0
26.774213663302362,92.75832901708782,40.985130816698074,10.860802816227078,3.3911180840805173,737.8922951995274,0.0006458914585669733,0.9459935884417153,1,0
37.15602783951908,60.22883736528456,79.11925904452801,7.05415821634233,4.741938120685518,736.5723040848185,0.0009381678178366593,0.9821730292492707,1,0
36.527957655489445,93.12857346609235,54.60469447076321,9.912006558850408,3.864074418786913,738.1008321609604,0.0005796998483963259,0.9548714186478949,1,0
26.263367803767323,62.93981581926346,65.22133693099022,7.628116210922599,4.896057215053588,736.9562076429406,0.00043980980202387894,0.9801645884604451,1,0
31.80623332504183,104.01762872003019,46.57716799527407,11.571689000353217,4.25055784592405,738.6525536402463,0.0006673645808409031,0.9299231932151899,1,0
34.67373864259571,74.02418431825936,73.44421293586493,6.331732185557485,3.257479913998395,736.4511501299781,0.0004699970643100517,0.9855775754744349,1,0
32.879502582363784,99.45513260550797,60.87049778550863,7.49883764795959,3.6137199979275465,737.3509660473416,0.00024400539521455392,0.9736569324943304,1,0
30.11499844957143,81.20489939115942,58.98486752063036,11.166283646598458,4.60688353702426,738.5346029283921,0.0007049360764190866,0.9470946958824235,1,0
28.21821722202003,85.53873136639595,77.96044781804085,8.733715066686273,5.252727122977376,738.1112754353192,0.00022884521888244,0.9666467185523815,1,0
38.58580848202109,67.09318639710546,42.32456795871258,9.544704644009471,4.220658123493195,736.8166204036731,0.001219460794394063,0.967398081440817,1,0
39.98554628808051,109.79385901242495,75.12963641434908,10.563371071591973,5.1829333901405334,739.0595488375321,0.0004909038461087504,0.938697009315345,1,0
27.750486726872623,77.26284241303802,44.49619974941015,6.777372686192393,3.682200761511922,736.7707697166809,0.00026899740366631027,0.9828059626443005,1,0
29.648662228137255,95.58449582196772,63.7037505954504,9.231819687411189,3.0780446641147137,737.6521033383585,0.0004666911787898856,0.9606357410170624,1,0
34.28150727413595,63.24879097752273,56.820559948682785,8.495614210143685,4.539872465655208,736.8478975076978,0.0009366053784720639,0.9747918335152052,1,0
36.07527897693217,90.74734094552696,48.787862211465836,8.14882587455213,4.80828905897215,737.5457261491118,0.000308578382088303,0.9704209756390599,1,0
31.34036235511303,71.71734840609133,70.65246395766735,10.316916497424245,3.3463756502605975,737.5108114046624,0.0008663969686507979,0.9614087195756635,1,0
25.795171833597124,101.73404714092612,52.40132447332144,6.39832884259522,3.9508741763420403,737.0551355735685,9.571092993297531e-05,0.9805023502939972,1,0
37.928160042501986,82.50874135643244,68.0155273154378,11.704103669151664,5.451693008188158,738.8225487460458,0.0008545132426333143,0.9393068198470946,1,0
38.03551260847598,107.52815579995513,50.17471820116043,6.806329904124141,4.340220801066607,737.2130350766133,0.00016864731380882394,0.976787801120684,1,0
25.895572225563228,76.75650049000978,69.53900702297688,10.546285668388009,3.1897484599612653,737.7161862764547,0.0007337867939038764,0.9568865003700057,1,0
31.500143501907587,96.63986730389297,48.51447772234678,8.466017732396722,3.7937901350669563,737.7382287128114,0.0003267182342865671,0.966610404206563,1,0
36.24229840002954,65.67290023900568,71.62897441536188,9.24990770034492,4.983472516294569,737.0579729080397,0.0010095096961020764,0.9686195565609705,1,0
34.183996403589845,88.27526242472231,64.05528966337442,10.394303502514958,5.34002738725394,738.7694240902254,0.0004871914887792491,0.9504233337458325,1,0
29.54391285777092,70.6140065472573,55.92214684933424,8.08331354521215,4.150411390699446,737.061606577589,0.0004792724781055243,0.9765325043309596,1,0
27.58818810340017,102.1908924356103,77.278106585145,11.629186978563666,3.546103580854833,738.4190133418922,0.0006317498540354523,0.9315972144380413,1,0
39.83020006213337,84.72494980320334,42.89460301399231,6.461739929392934,4.696508941240609,736.7190540757263,0.0003493977097101217,0.9822304532138241,1,0
38.41973330825567,92.07367807626724,79.48391806334257,7.6460153963416815,3.1445935340598226,737.0616601108014,0.0003954071758928436,0.9751897379066929,1,0
28.059323327615857,60.51618413999677,40.09797129780054,9.882221253588796,4.451315744780004,737.3255030156897,0.0008901041532043012,0.9675672897552426,1,0
30.01371102873236,106.28228363581002,61.84703677892685,6.314469398930669,5.097005867399275,737.2290422511525,7.074994816786867e-05,0.9798359797870415,1,0
32.77120554354042,74.52947645448148,58.71145434677601,11.600468834862113,3.7510736538097262,737.8102073857148,0.0010313286745426342,0.948030064875917,1,0
34.829972120933235,98.99800046347082,45.67878343164921,11.229505905881524,4.019785811658949,738.2946406593118,0.0006926017976080955,0.9377241950250222,1,0
31.969476197846234,78.98840558715165,73.79572331905365,7.423732129856944,5.365651640575379,737.184467838022,0.0002951395088097722,0.9775480344483108,1,0
26.36717270128429,88.01205040886998,53.003088273108006,9.479014931246638,4.7196935950778425,738.2990966222297,0.00033199359477200643,0.9599948009280849,1,0
36.62458149716258,68.19776728749275,67.3698167130351,8.810924688354135,3.4130383650772274,736.6889934617391,0.0009736876286907779,0.9736103986995504,1,0
37.05120694357902,85.25426144711673,41.258620135486126,11.952893329784274,4.879248628392816,738.6547948339602,0.0009128850377378159,0.935838974746288,1,0
26.67663126718253,67.78679200448096,78.14264331012964,6.712250942364335,3.881207250058651,736.6544232950469,0.00036038177388577545,0.9845334077631573,1,0
32.33750792220235,99.36596540734172,59.91104930639267,10.281486773863435,3.235397657379508,737.8390477576854,0.0005715102001221139,0.9488390115717455,1,0
35.08083685301244,81.703184209764,60.54486460983753,7.996910138055682,4.272353995591402,737.1589722511353,0.00042266973665399554,0.9742637846893617,1,0
33.40293780900538,104.30058877915144,72.63943292200565,8.364966915920377,4.62887996295467,738.0488624735117,0.00023449488441936112,0.964614852494357,1,0
30.52821896970272,73.33209527656436,47.02546536922455,9.175178652629256,3.5920096789486706,737.3723763783903,0.0006272920703640615,0.9690881607529142,1,0
28.749649203382432,93.21622335352004,66.17442730814219,7.118364667519927,4.237552540842444,737.2684348792908,0.00016063851504857402,0.9773397861359088,1,0
38.992835194803774,62.443043095991015,54.31082051247358,10.785033540800214,5.235508461017162,736.9904519565739,0.0017744411905462917,0.9563038557158378,1,0
39.4621754065156,101.8234043288976,68.38023692369461,9.600665068253875,3.6993143749423325,738.035625421852,0.0005129876382368208,0.9547818502606517,1,0
27.337316246703267,82.01064801774919,51.51419050991535,8.86505432613194,5.166105883661658,738.0671598641002,0.00025237052403910353,0.9667211217565889,1,0
29.117294647730887,91.03200234472752,70.43118190020323,10.94392983801663,4.561649695504457,738.4384939259651,0.000602663848601219,0.9445340374273681,1,0
33.874530657194555,71.02393278852105,49.81477115303278,7.158525472506881,3.0559431896544993,736.5507336947688,0.0005895557407084392,0.9824714917246425,1,0
35.55197964888066,95.49665445461869,57.075356878340244,6.01703872717917,3.324684251099825,736.619687292266,0.00020849389840810442,0.9842051916337882,1,0
30.927034546621144,63.74537371098995,62.71161179989576,11.32368223182857,4.830304702743888,737.7902408330176,0.0011210532959995442,0.9542911350959724,1,0
25.263847140595317,109.51070896349847,44.08698834478855,7.779248429462314,5.434493564069271,737.9711935155638,0.00010286811842358634,0.9679228266882761,1,0
37.52099743112922,77.95473997481167,75.97345471382141,9.948208445683122,3.9677875135093927,737.5312826401804,0.0008184802592265276,0.9613932048714369,1,0
37.37139743287116,97.47047036886215,62.35292311757803,10.750217037275434,4.644029633607715,738.6991549551186,0.0006133542159469977,0.9430218041091055,1,0
25.121453399769962,64.93947761133313,57.9870243743062,6.965685462579131,3.48867967678234,736.6436009070108,0.00040351383419678173,0.9842471952717788,1,0
30.842434782534838,108.26186415739357,78.81796732544899,9.046617871150374,4.095464078243822,737.9883700402701,0.0003450125612462457,0.9573219018640425,1,0
35.459937592968345,75.9261831548065,40.7017045468092,8.306020544841886,5.290034170728177,737.2665769282943,0.0005026669689234589,0.9723819610959931,1,0
33.54897783137858,103.02187724970281,53.73377464711666,7.962140841409564,5.021264494396746,737.9566976027476,0.00017661241721611345,0.9682141999760562,1,0
28.79917673766613,83.9919085521251,66.86988160014153,10.128763223066926,3.8267613826319575,738.045209853493,0.0005908585207891989,0.9566464707936047,1,0
26.959575987420976,89.00782646611333,45.0813065841794,6.583737367764115,3.2203206019476056,736.839800530156,0.00018625073678791055,0.9819861940871623,1,0
39.07722196076065,69.78254452347755,74.46762528270483,11.89390261285007,4.375604174099863,736.9752842301574,0.0015443892220135863,0.9465525685404309,1,0
38.6152133718133,105.45196807011962,47.91211798787117,10.100159520283341,3.4654782032594085,737.936188181399,0.0005481267394902851,0.9481879644741508,1,0
28.36457815952599,75.26318658143282,72.29599349200726,7.814801646396518,4.7770782904699445,737.2586340475043,0.00030560138845911586,0.9765167209528031,1,0
30.20278374198824,91.34025442413986,50.90052183717489,11.381889028474689,5.420638459734619,739.0125631360509,0.0005601700182958812,0.938415098054555,1,0
33.08470146264881,61.34678618051112,69.0341891720891,6.146324777975678,4.0698181996122,736.3893670575185,0.0006328055293811629,0.9872205159203666,1,0
34.99612669926137,87.18059034086764,76.60727310925722,7.310523753985763,3.7132445531897247,736.9829322988533,0.0003354545416681301,0.9778476705801245,1,0
32.24557720590383,68.93033328466117,43.49345352500677,10.97943870909512,5.063997832592577,737.9820749735404,0.0008985822725938146,0.9544013294353375,1,0
26.52691992931068,98.26495800167322,64.5562931150198,8.92330832965672,4.420780688058585,738.0105529071009,0.0002853521323460655,0.9616862439956577,1,0
36.90892359241843,79.81938919052482,55.19283398985863,9.72990677319467,3.1092469855211675,737.3143752230285,0.0007528525843217617,0.9636724360096527,1,0
36.30652402061969,100.1947580743581,70.95663741230965,6.497241647914052,5.1976932138204575,737.1012630807794,0.000145536692989455,0.9795825830886769,1,0
26.0416730446741,80.97100294195116,49.070848152041435,11.781178107485175,4.2045294512063265,738.3312235496866,0.00081519350595043,0.941540873373313,1,0
31.584583912044764,85.98615624010563,67.73377951234579,8.21255954168737,3.5614702962338924,737.3790296329036,0.0003796856103616706,0.9719730297926538,1,0
34.452285980805755,66.95771286264062,52.098354287445545,10.452561797574162,4.593538923189044,737.4145384709346,0.001076972337819024,0.9602954626152135,1,0
32.62875773943961,94.04616052284837,44.837167747318745,9.2854566257447,4.324779086280614,738.1611144978433,0.0003963312642644952,0.9598986279264089,1,0
29.864049702882767,61.71200595796108,75.45395042747259,8.617964515462518,3.2927959174849093,736.7852640630257,0.0008795957836669853,0.9766135613140262,1,0
27.967228046618402,105.03210238181055,56.4974495023489,10.675578871741891,3.936199289280921,738.3001873266021,0.000541822575317514,0.9409668060756553,1,0
38.33507327828556,72.5026345718652,63.36402043700218,6.864543853327632,4.929276997689158,736.6780994933084,0.0005461811473064073,0.9815366905420353,1,0
39.73822232335806,90.20292813889682,59.32825919240713,8.658193985000253,4.005565936211497,737.5224581685982,0.0004892479910902959,0.9674564332019602,1,0
27.503409581258893,71.7558325175196,61.19239050894976,9.444238482043147,5.467479568440467,737.9956905745581,0.0003927845106673532,0.9651904831742284,1,0
29.401583545841277,101.09121887013316,42.00391665101051,7.364745704457164,4.860880872700363,737.6427229315708,0.0001234531302683991,0.9735499549385269,1,0
34.03421753551811,82.83943649381399,77.61825613677502,11.100996622815728,3.3600624133832753,737.7601040595313,0.0008353362397804781,0.9488756422718098,1,0
35.85729483049363,108.68125300854445,65.52308700978756,11.447785338386893,3.003478927537799,738.4710038329466,0.0005742284937282759,0.9298025869475292,1,0
31.12256780732423,78.68625832721591,54.89010140299797,6.279648603871465,4.50421192869544,736.6910346629804,0.0002557865049128491,0.9844886728868943,1,0
25.577404303476214,94.76561331190169,73.16000569611788,9.823282035067677,5.111153053119779,738.5622263824479,0.00031562200632608895,0.9540042085456276,1,0
37.71012423560023,64.57530687563121,46.27665963023901,7.517461767420173,3.6493254750967026,736.4995686849483,0.0009808534470333535,0.980750455935758,1,0
37.6838443428278,94.5721532125026,58.08155979961157,11.904591266065836,3.1971071399748325,738.1475542504888,0.0007671992306999506,0.9329801096625843,1,0
25.544132003560662,64.60312231443822,62.44759667664766,6.573047183454037,4.391457682475448,736.6302644377757,0.00033495183300373223,0.9854573092601004,1,0
31.14822989795357,108.7815149128437,40.75717732310295,10.142381183803082,4.995645351707935,738.510930661859,0.0003994118649904855,0.9447399559559836,1,0
35.89107049163431,78.61717225983739,78.87357853353024,7.948521349579096,3.840209210291505,736.9686877549364,0.0005213637315738378,0.9758199529537964,1,0
34.06668886076659,101.13655285909772,66.76925234496593,8.319502517580986,4.118639681953937,737.8278297753147,0.0002879578173004203,0.9663029115876722,1,0
29.426833358593285,82.66659289598465,53.63298788666725,9.033137407153845,5.274142208043486,738.0848262174441,0.00029109240856031054,0.9652625758224807,1,0
27.470663776621222,90.14984517358243,74.40605837851763,6.976238127797842,4.669687211979181,737.2598730237377,0.00013265671810087524,0.9786613937659292,1,0
39.71336143091321,71.87519845552742,45.019582472741604,10.739665880799294,3.475269688758999,736.8283710079954,0.0012764310049268948,0.9581246311627301,1,0
38.302208562381566,105.00574949197471,72.20024690032005,9.742700334638357,4.443956030998379,738.4891821722726,0.0004532407176804993,0.9510266005469455,1,0
27.94248606543988,72.69445926882327,47.81621418893337,8.910513415932655,3.0933553581126034,737.2631321246001,0.0005770265168568607,0.9714787968066307,1,0
29.89640211686492,94.11669274792075,68.97750522941351,10.989302203059196,3.738901796285063,738.0947237443635,0.0006694713919277943,0.9433091820027911,1,0
32.65412646345794,61.61008927971125,50.84368038922548,7.300658907741308,5.050588105339557,736.7221363091635,0.0006748001044953342,0.9812838575125274,1,0
34.478058042004704,86.16045046597719,43.592871613800526,6.156235568225384,5.397424662485719,736.7990079228309,0.00020284202335793373,0.9834805908064858,1,0
31.618249602615833,66.91073155030608,76.70682962983847,11.37197956815362,4.085671968758106,737.7153164391681,0.0011500075066844596,0.9535922489513422,1,0
26.015503122471273,100.07685021497309,55.253189727663994,7.8276425041258335,3.4398587998002768,737.382945344128,0.00024815727119488517,0.9709851207116788,1,0
36.27314175013453,81.02244305424392,64.61678698658943,10.087319992482662,4.790526453405619,738.0455299738064,0.0006486575871022537,0.9575822938798837,1,0
36.93414121866226,98.10363076627254,49.16537865996361,6.854723531752825,3.912990306969732,737.016274523161,0.00022960822121103635,0.9784765099343001,1,0
26.55933761037886,79.82745761051774,71.05131588876247,10.68539784103632,4.94512604502961,738.6138403018496,0.0005076980330217222,0.952170348709918,1,0
32.22065551672131,87.31299703009427,52.15382244437933,8.605214841663837,4.299164423253387,737.7009551380946,0.00035150587163017234,0.9681486359923823,1,0
34.96329864021391,68.84151211939752,67.789395339787,9.298204947263002,3.306239284109324,736.8991518528303,0.0009383842465221,0.9705131536926522,1,0
33.051482806913555,91.35669804178178,75.35332579165697,10.439676314592361,3.5846408428624272,738.0263539710227,0.0006484304833386588,0.950598300412041,1,0
30.176536035723984,61.19082857854664,44.736376367509365,8.225446354597807,4.577652036212385,736.897025182578,0.0007607152212164511,0.9772454651651006,1,0
28.39843607507646,105.36998281255364,63.30245845019817,11.771221976727247,5.2233457351103425,739.0450445879544,0.0005741116517049273,0.9258425337109439,1,0
38.64093625918031,75.39942659437656,56.43572047352791,6.5071991086006165,4.191124538891017,736.5550989759411,0.0005051220249471219,0.9836749791205345,1,0
39.11096275318414,88.99834765121341,61.09664883464575,7.503888588398695,5.13432393502444,737.1779568482145,0.0003243497249341376,0.9750728724245843,1,0
26.98541599791497,69.94546692818403,59.23235047608614,9.836853682994843,3.6334383273497224,737.6057742383152,0.000675991163882787,0.9652809093369284,1,0
28.765840958803892,103.10929547064006,77.5615768134594,6.269005447626114,3.029131709598005,736.8560638864741,0.0001450688352809171,0.9815077418048062,1,0
33.522847248241305,83.86110150255263,41.947070583701134,11.458426963537931,4.490806681104004,738.526772395064,0.0008148125089199258,0.9426617764131964,1,0
35.43512766249478,108.41642328538,54.989514872431755,11.090400584042072,4.837672151159495,738.6595463781008,0.0005750448228487579,0.9332862754323623,1,0
30.809494964778423,75.91134662739933,65.62264814972878,7.375343251973391,3.375911125447601,736.8086621838227,0.0004154678059580157,0.9800942997879402,1,0
25.146782784722745,97.33281549066305,46.33701045066118,9.430712420493364,3.9799516084603965,737.6668529513308,0.00039820304917760136,0.9582398130386213,1,0
37.40370335523039,65.02305058762431,73.2205044850707,8.671721555292606,5.480922674294561,737.0150086238913,0.000960476551696342,0.9714115078058498,1,0
37.488476037979126,109.51417627744377,69.63475823402405,6.448945105075836,3.520453182980418,736.9876648111943,0.00017294427330273303,0.9793256454121201,1,0
25.23876183666289,77.78580755926669,50.27061738073826,11.641980271786451,4.709916573017836,738.5222156180322,0.0007170487477346687,0.9444663470028196,1,0
30.959272519685328,95.40323218330741,71.68566327542067,8.073448073118925,5.316854121163487,737.9729217951692,0.0001700406783993047,0.9690853723240104,1,0
35.577462813816965,63.87017522007227,48.571314252913,10.40416744351387,4.166296154260635,736.9443111659817,0.0013638415290802765,0.9625768451922733,1,0
33.90041715931147,90.88365066796541,55.82274291664362,9.239998150616884,3.8194020786322653,737.9038509414664,0.00047430568758770623,0.9619928894254424,1,0
29.150845897383988,71.04497825726867,63.955718986690044,8.475928790867329,4.970027026254684,737.3842145305637,0.0004300293547214567,0.9731406010133625,1,0
27.310803001746535,101.96725026704371,42.8342617303133,10.5334467664361,4.3634319067932665,738.2839416455888,0.000508340313860115,0.9439291392833365,1,0
39.42913645878434,81.9332646112889,77.217598259449,6.819170314818621,3.1739021320827305,736.5694017135025,0.00047698570019345587,0.9822310465996863,1,0
38.96644086111337,93.38374686427414,40.00345032662153,8.800235129892826,4.745305873919278,737.874511747322,0.000397007247559618,0.964381591224046,1,0
28.71649134438485,62.441169461235404,79.38923005014658,9.489703137427568,3.3995926142670214,737.0674623376118,0.0009035729001241944,0.9711138210473598,1,0
30.554224383085966,104.1743828356266,58.65599572658539,7.410112548619509,4.042997178155929,737.5017670127771,0.0001781124193479332,0.9727889490423978,1,0
33.436370147392154,73.42711867764592,61.79141141474247,11.243124134838581,5.3498049774207175,738.3552532064328,0.000821519344023704,0.9493378556752995,1,0
35.112964855507016,99.34352295473218,73.89635749161243,11.586987745016813,5.071355730295181,738.8900314928461,0.0006633471560286174,0.9317711068091749,1,0
32.36310105770826,81.85314148664474,45.779565274715424,6.327951818704605,3.7644809503108263,736.6301287580374,0.000277647849461724,0.9843162804675857,1,0
26.643999903462827,85.33022849820554,67.43138823658228,9.871670186519623,3.1214206032454967,737.6669065695772,0.0005835693818146791,0.9589189179147988,1,0
37.0262316102162,67.64453527517617,53.06480776518583,7.656567793339491,4.467200247570872,736.7055978838756,0.0007782679229613238,0.9785867763478179,1,0
36.6582078486681,88.04442001506686,78.23839943856001,10.798605099320412,4.211897681932896,738.3062880130269,0.0007363629108878412,0.9480198249099349,1,0
26.393127152696252,68.01196079701185,41.35451439768076,7.104791756719351,5.248920572455972,736.9407738157519,0.00029433755325044734,0.9817584486500583,1,0
31.936483741737902,98.93346856348217,60.60155808925629,9.185820903629065,4.605702235829085,738.2702734803908,0.0003301641877807827,0.9588086056213107,1,0
34.803498215042055,79.0963211003691,59.967881217598915,8.35432331264019,3.6078989221714437,737.1274969767517,0.0005398545107831114,0.9732089719003594,1,0
32.746052290312946,106.10178717412055,46.92605681717396,8.007507774978876,3.2610146766528487,737.5372413132292,0.00029489391457860015,0.968040256430665,1,0
29.98111453372985,74.57025702111423,72.53986686468124,10.270890466868877,4.258903448469937,737.9886982610809,0.0006754423814825403,0.959081406344971,1,0
28.08476715348661,92.18539115041494,54.25047431141138,6.7257778868079185,4.9024648098275065,737.2015640186163,0.00011349598754782419,0.9798068737801865,1,0
38.45192478969693,60.45854775235057,66.11392389982939,11.939367715269327,3.865355865098536,733.5968401740921,0.002310717618454824,0.9537811593673917,1,1
39.85576101113111,102.37816296517849,51.41966462135315,9.95802678912878,5.460110322572291,738.946264635281,0.00040688422998710053,0.9487481850389544,1,0
27.620262461714447,84.69094330444932,68.28555382788181,7.769428554922342,3.9543373016640544,737.3252154769091,0.00025127963231478054,0.9751765507295124,1,0
29.51887672767043,88.16879157908261,49.75930791348219,11.33643064275384,3.347900097258389,738.0158949433145,0.0007580526129137603,0.9428806970907867,1,0
34.15128278546035,70.6768851634115,70.37556115537882,6.004288785159588,4.814453578554094,736.5203496968084,0.00038073988285537095,0.9863427173988534,1,0
36.209194185212255,96.60053885541856,62.81225059181452,7.1714129112660885,4.535994501318783,737.220288441515,0.0002181369678707372,0.976202245968337,1,0
31.47378135472536,65.85174788720906,57.17613410204649,10.931043907999992,3.069355561863631,737.1634234951636,0.0011201711595074904,0.9599170271204641,1,0
25.929086818359792,107.58724877610803,76.03503115475178,8.875011697411537,3.6761363870464265,737.4739214931899,0.0003405077345687405,0.9600493912884951,1,0
38.0615788185969,76.64314605295658,44.148702919483185,9.590709205716848,5.1819954621605575,737.5643193020106,0.0007152524331328859,0.962664147255746,1,0
37.90162623394281,101.66275197640061,76.38663727790117,7.692203018814325,4.693079380784184,737.5819581247541,0.00023050219456499616,0.9711243218802861,1,0
25.762124839238822,82.60989509522915,43.250223360955715,10.023700945079327,3.537576482165605,737.8207233216197,0.0005850521712696759,0.9584667842612609,1,0
31.366256903856993,90.77445677481592,64.96063522994518,6.079412721097469,4.144204365555197,736.7363123634483,0.00016096615261175309,0.9840837614658143,1,0
36.10885079018772,71.52628664858639,55.57462349534035,11.273227158933878,5.338621665257961,737.9833794465433,0.0010281749048833893,0.9496161411312126,1,0
34.313753293827176,95.70316662080586,47.532768696546555,10.902245655655861,4.992052057757974,738.874234975541,0.0005722188595354868,0.9418365411141841,1,0
29.674165956676006,63.19811380468309,71.89897440373898,7.1886569224298,3.7977012917399406,736.6231084708579,0.0006150122493513251,0.9830063751802307,1,0
27.717944770120084,109.61880184710026,51.146194599568844,9.620510425418615,3.190806081518531,737.8694429678324,0.0004315973109832768,0.9513238260781909,1,0
39.96045293752104,77.30906078591943,69.26215041428804,8.857128068804741,4.3462418504059315,737.1000099722971,0.0007447037865722892,0.9693984344244425,1,0
38.5531547665596,85.43923240154982,53.35200421512127,7.041410889476538,3.4167348332703114,736.7342296569335,0.0004129975926987177,0.9802188678082541,1,0
28.19323563016951,67.1630354039371,66.46552041172981,10.873551651835442,4.728487899526954,738.0221554336949,0.0007858566797763435,0.9565610845471045,1,0
30.147132710553706,99.64782976545393,45.32451767474413,8.419808641076088,5.371591739356518,738.2837431353029,0.00017477045574903653,0.9649280734298378,1,0
32.90511806961149,81.17632101289928,74.6882801875472,9.1084065400064,4.020924309268594,737.6363900645534,0.0005135914251058554,0.9665298886178519,1,0
34.699750314466655,104.06994874589145,62.12494280189276,10.25282945483923,3.7427609455771744,738.0781725460348,0.0005527062425664517,0.9465392851650446,1,0
31.839688015170395,73.9040554407984,57.74137068539858,8.037131611257792,5.093361841980368,737.2335321773322,0.00042278215180483944,0.9749763049316649,1,0
26.236951118335128,93.08400241658092,79.2150054872036,11.95642289891839,4.449991271365434,738.2787591358963,0.0007190933568597673,0.932828327295445,1,0
36.49479353800416,63.113422356545925,41.081034764647484,6.696790806949139,3.13830533483997,736.3392174514966,0.0008898000103710648,0.9853603310379027,1,0
37.181449313648045,92.67014785669744,65.28289906680584,9.554570484906435,5.227076734416187,738.406266994838,0.0004078059971402594,0.9571212261485483,1,0
26.80639888625592,60.358881475403905,54.666423350572586,8.72385073453188,4.234065764583647,737.0698643502288,0.000700148774554646,0.9752947198278387,1,0
32.46775006875396,106.78186001256108,73.54483742266893,11.17907951027155,3.5905467411503196,738.4511803153438,0.0006120910650853128,0.9339506948332739,1,0
35.210604248568416,74.27528038620949,46.67795952409506,7.48604329302907,4.6227683098986745,736.8947655671102,0.0005002722569994231,0.978494349653654,1,0
33.269479693844914,98.44719976186752,58.92939951270819,6.344572126865387,4.276169798802584,736.9317970243238,0.00014556595716625745,0.9813930778352423,1,0
30.394343324005604,79.19750468805432,60.814881809055805,11.558847527951002,3.244034433271736,737.7969435580922,0.0008914061636697577,0.9461111083877952,1,0
28.61619086470455,87.36283061094582,42.23003730177879,7.638026129454374,3.887285533826798,737.2974936919927,0.00024569104379534027,0.9753718525572178,1,0
38.85895932558924,68.30844729207456,77.86576949059963,9.90209510922432,4.880210896488279,737.0622003977528,0.0011701931648183891,0.963015497404131,1,0
39.33238364756107,106.90774888731539,44.43584877997637,11.717722188681364,3.976486464496702,738.550569449496,0.000712825671025462,0.9267116712278827,1,0
27.207098016515374,76.93869414739311,75.06913777440786,6.384711652994156,5.438247266691178,736.8401186769293,0.00017187634101924928,0.98403678999093,1,0
28.98750311229378,96.11635360866785,56.72114662826061,10.327605664730072,4.831500434782356,738.5042973287656,0.000449878707259372,0.9484231957783658,1,0
33.74431265052408,65.95198711380363,63.604189306497574,8.13813803717494,3.3305289964191616,736.6778185384035,0.0008352662336600145,0.9781265299828414,1,0
35.68588837515563,88.84980952367187,70.70914313197136,8.506164886057377,3.0523945363238454,737.3278704661542,0.00047154765745568446,0.9697123605444573,1,0
31.06045958120376,70.37982571870089,48.84470842778683,9.22126765921712,4.553279771469533,737.4102716122635,0.0006174428446528324,0.9687253532664282,1,0
25.397756090387702,102.86385881714523,68.11126913875341,6.790852714329958,5.159760468639433,737.4608321781022,6.683764510344481e-05,0.9771874267425869,1,0
37.65442268922925,84.58918825723231,52.49723304063082,10.54988969117403,3.698085273616016,737.8198639524156,0.0007898484654800023,0.953414214443839,1,0
37.27044411469251,90.04256170243025,46.063596084713936,9.772803336381912,4.369451724458486,738.161538563509,0.0005537661040675513,0.9570645354046886,1,0
25.020990925841033,72.35536588355899,74.19704228639603,7.579813610762358,3.2188270003534853,736.9200100012887,0.00035429011745626216,0.97976582244311,1,0
30.741481240838766,100.83395921625197,52.762919403612614,11.523300033062696,3.8233243343420327,738.5071551268381,0.0006790724104815678,0.9328651127202351,1,0
35.359474895522,83.34207664243877,67.1461195871234,6.192626774311066,5.0128544815815985,736.726790386269,0.0002572318829332234,0.9837643419499257,1,0
33.65313124842942,108.88728852383792,79.71005778759718,7.356795866042376,5.29096032679081,737.8200166958641,0.00011616826995840484,0.9715473400394505,1,0
28.90376377850771,78.13852139748633,40.34546557813883,11.12081978470087,4.101497309282422,738.2328125493991,0.0007826112978092183,0.9497396216638199,1,0
27.063729180954397,94.87322954460979,61.44815802574158,8.688347585499287,3.4973424039781094,737.629536940745,0.00035901896354328044,0.9654616832701395,1,0
39.181808778084815,63.92915066331625,58.333964720368385,9.402577925473452,4.647900594398379,736.8152044355002,0.0013821040740972076,0.9679023114384853,1,0
38.7157017737627,100.38001531735063,64.27896771579981,10.608830340206623,3.115056289359927,737.7801064679971,0.0006148536495545417,0.9455432305415526,1,0
28.465505549684167,80.3475322574377,56.16233479231596,6.919407773762941,4.421930845826864,736.9708074971469,0.00022099225785407155,0.9810315003885757,1,0
30.303272367455065,86.26830688677728,76.87680669128895,9.373952586203814,5.067778008058667,738.2710044166256,0.00033408144896221654,0.9612628216968881,1,0
33.1856290763244,66.4311355818063,42.509771287441254,8.540987111628056,3.721997991204262,736.8575613713275,0.0008255020106977702,0.9752245637872597,1,0
34.89150836598128,93.81504346616566,50.55222690105438,8.197123032063246,4.068548823241144,737.5926169381323,0.00032527591790515036,0.9696108829499878,1,0
32.1414550812915,62.283489471301436,69.93786670267582,10.456113517284393,5.4142617103643715,737.483545416455,0.001052538565909348,0.9606962292920469,1,0
26.42230181954801,104.89940442144871,48.26696436852217,6.537440925836563,4.7687587649561465,737.2852368481576,7.0127771818179e-05,0.9787369038059693,1,0
36.80480169132352,73.17253718152642,71.4028537645936,11.75249720737338,3.46195074217394,737.140841343331,0.0011998895513109823,0.9484731491740716,1,0
36.41110748518258,106.04815156199038,57.47971806675196,8.985643073916435,4.927840621210635,738.4199821107686,0.00029173449455922244,0.9580278004941999,1,0
26.145830038003623,75.10559800080955,63.093382231891155,9.679502572864294,3.9299514768645167,737.8222950880456,0.0005277583705461181,0.9640279323950695,1,0
31.68916715309024,91.83954451233149,43.866333439946175,7.223427649587393,3.284290541894734,737.0640016035516,0.00026700814040467747,0.9775676570588739,1,0
34.55644275061786,61.092304196208715,75.73024362325668,11.054970636963844,4.3213992631062865,737.0372352664019,0.0016104659484379167,0.957979596176211,1,0
32.52829168923199,86.63026666268706,68.62589061260223,11.401786509901285,4.5995149477384984,738.6221503539858,0.0007442490310911465,0.9416210823016848,1,0
29.7630999609828,69.13990903645754,51.742170825600624,6.138357661664486,3.5624918336980045,736.4524242664294,0.0004002628893121722,0.9869594439769108,1,0
27.86676177289337,97.61621522717178,70.05185168236494,10.058516018092632,4.20849579339847,738.1125159307747,0.0004777322686397045,0.9511377607218799,1,0
38.23412331286818,79.93054584600031,49.41773299127817,7.844880793243647,5.206298734527081,737.1188330042671,0.00046539051932252144,0.9745018217886964,1,0
39.63408946990967,96.84977754019201,72.88266308605671,6.638538233935833,3.650418426375836,736.8256200462682,0.00027178747360380993,0.9803273970918446,1,0
27.398801976814866,65.12138498015702,47.2461012005806,11.827182624489069,5.1170577383600175,738.3482561085077,0.0009083937922574419,0.9481125437881007,1,0
29.297450915910304,107.73806454613805,65.79263780266047,7.885134760290384,4.513060748111457,737.8321050462499,0.00017610412816849088,0.9678938885095337,1,0
33.9296101545915,76.204983741045,53.9064783975482,10.217322014272213,3.0072018965147436,737.3683476809183,0.0008157394486770845,0.9609631338810616,1,0
35.958211491815746,103.59690099954605,41.655639223754406,9.050198312848806,3.3537428891286254,737.830973788608,0.0004323350437263966,0.9593947509154183,1,0
31.223066938109696,83.7582047469914,78.52199260145426,8.290521159768105,4.85951613355428,737.5929612240124,0.000294961704811657,0.9710228951545269,1,0
25.67832118831575,89.68126949854195,59.683088064193726,10.721599146723747,5.463856744579971,739.0150877446597,0.00039690860542096116,0.9467027966211241,1,0
37.810623589903116,69.64726000092924,60.29919184744358,7.005856242030859,3.997303635813296,736.5431639586764,0.0006919877879042125,0.9822114701715776,1,0
37.849765862338245,104.35249990783632,42.3604903742671,11.014971312135458,5.328176109585911,739.1528475853983,0.0005479378246359865,0.9355457123764347,1,0
25.614473787136376,73.57935448177159,77.97461215406656,7.274966910481453,4.134817108977586,736.9923392998942,0.00026573007418678713,0.9805651035865072,1,0
31.31987332366407,93.56110015884042,58.825191259384155,9.71858762204647,3.5280333035625517,737.9419917933534,0.0005259515316673345,0.9566307742961518,1,0
35.95202820375562,62.59264297783375,60.68955935537815,8.934649016708136,4.682172168511897,736.8848681042426,0.0011340958946137907,0.971713606967282,1,0
33.996203914284706,85.10479800403118,73.7408459931612,7.801950506865978,4.335630575194955,737.2253090190892,0.00033523242536947644,0.9746740276336285,1,0
29.261055001989007,67.44195664301515,46.857888996601105,10.112989101558924,3.181577317416668,737.3524467637493,0.0008809871911509361,0.964967299605685,1,0
27.409563125111163,99.11885474808514,65.08872125297785,6.180371169000864,3.7880186941474676,736.9063232988357,0.0001063526370204522,0.9823707485491708,1,0
39.54186094459146,81.65132663212717,54.455365650355816,11.347866855561733,4.981291491538286,738.2895150643894,0.0009232447969385022,0.9446985739506547,1,0
38.1368522066623,95.24948158301413,67.92441546916962,10.163587097078562,4.03106589987874,738.2306716020805,0.0006020179574255474,0.9514777402037494,1,0
27.871579118072987,63.69357313029468,52.28861667215824,7.927338324487209,5.380675068125129,737.1018091164589,0.0004742853006031678,0.9778356620318491,1,0
29.725323631428182,109.36118926852942,70.91247599571943,11.88182895630598,4.737114302814007,739.091220445283,0.0006106193435006646,0.922211809767744,1,0
32.59260381106287,77.6099675707519,49.02707938104868,6.595786605030298,3.4267253074795008,736.60063236676,0.00037090479667511094,0.9837951733853559,1,0
34.54887904692441,102.16831428930163,56.61937985569239,6.9550551027059555,3.1486102235503495,737.0797552593485,0.0002298954143438559,0.9772509019199092,1,0
31.783691900782287,82.16020952910185,63.486191146075726,10.760871794074774,4.458913611713797,738.4131442071997,0.000677520453435067,0.9507733342001429,1,0
26.076940055936575,91.08395258896053,44.56874318420887,8.342241939157248,5.102130160201341,738.0619525454028,0.00016946760923590586,0.968088716548476,1,0
36.44430595450103,71.27115958370268,75.18530458211899,9.01037509739399,3.752607195172459,736.9744207757836,0.0008618259882612571,0.970897758641988,1,0
36.75376452039927,88.32101630046964,50.94433009624481,6.243427913635969,4.632911111228168,736.7390360933811,0.0002453993920414638,0.9831362977493618,1,0
26.503565502353013,70.85501313209534,69.07823421061039,11.48402738571167,3.5996312433853745,737.8935172562606,0.0009486056075814357,0.9510954517265837,1,0
32.034556632861495,102.52962409518659,47.72181551903486,7.528092831373215,4.242690994404256,737.5581208792597,0.00018549419903199162,0.9723467789174975,1,0
34.91691077128053,84.86830917187035,72.1054733172059,9.812626551836729,5.237065997906029,738.2867685603188,0.0004716050279751834,0.9577382216660518,1,0
33.107111752033234,107.38465887494385,64.82505116611719,9.456312842667103,4.890514574479312,738.5184725377543,0.0003305627074005343,0.95261883304389,1,0
30.357055896893144,76.41772701404989,55.46122204512358,8.646144021302462,3.896206700708717,737.347310689285,0.0004751553208152162,0.9715975604757079,1,0
28.44468100462109,96.3987110555172,76.48498959839344,11.066173452883959,3.252803924959153,738.169158166421,0.0006422719609331317,0.9413383756777655,1,0
38.82717808242887,65.62709243968129,43.37155908346176,7.39954749494791,4.286017259117216,736.590022353539,0.0009172196296850593,0.9801878969321933,1,0
39.29098908789456,98.7568773701787,79.32068210095167,8.583917398005724,3.320079883094877,737.8051593713623,0.00043250595245497244,0.9655860139936697,1,0
27.04153846949339,78.94255941733718,41.204811967909336,9.319479502737522,4.822109583299607,738.062636293909,0.0003454856481435604,0.9643431799286308,1,0
28.951589255593717,87.86859259940684,61.99668288230896,6.877394266426563,5.428707682993263,737.2535560666483,0.0001370088486095095,0.9793142436139665,1,0
33.56958570424467,67.85896140150726,57.630410566926,10.662749994546175,3.9655828098766506,737.412838475535,0.0010873584417229417,0.9595981473462336,1,0
35.378919248469174,92.41234752349555,45.51600582897663,11.792496532201767,3.6874775560572743,738.1925999939513,0.000825223004545203,0.9349846145723814,1,0
30.62955457251519,60.65960050560534,74.90210324525833,6.485901664942503,5.1505352994427085,736.7076657855993,0.0004658953957694598,0.9853538469990112,1,0
25.09995860978961,106.32798125967383,53.15258119255304,10.417028468102217,4.543593578971922,737.5504579040359,0.00043622881329334905,0.9450961556656314,1,0
37.218040777370334,74.77054599672556,66.28892850130796,8.248117089271545,3.041630412451923,736.7635696256597,0.0007092962291013128,0.9759231268387497,1,0
37.54433400463313,94.29328300990164,70.16244933009148,7.4343167915940285,5.021633528638631,737.3104604837529,0.00024499203373918254,0.9745484591334147,1,0
25.41905273217708,61.76385189406574,49.54643152654171,11.218897003680468,3.8331622392870486,737.7043938429383,0.0010238756238030102,0.9579179959396215,1,0
31.006203955039382,105.18157746642828,68.50247588008642,8.774657595902681,3.2291211602278054,737.65867048703,0.0003795958005594745,0.9613820613482396,1,0
35.76301807537675,72.84745810553432,51.63605559617281,9.515303559601307,4.378382409457117,737.3523267299825,0.000796538881001838,0.9658773849870924,1,0
33.720269203186035,99.84989328309894,44.04313523322344,9.84744305536151,4.656516268849373,738.5321936166181,0.0004272316443231518,0.9518117116747647,1,0
29.094844991341233,80.8213908597827,75.9293806180358,7.680772036314011,3.5073412228375673,737.0883549249329,0.00033468313734563623,0.9770227151667535,1,0
27.12539090309292,85.93425731174648,57.26568512618542,11.612588167190552,4.111649628728628,738.3095035006257,0.0007720437736390947,0.9403657251220501,1,0
39.38206186052412,66.71044164337218,62.90218010544777,6.30237428471446,5.300035310909152,736.5542913798438,0.0005757294638918383,0.9844854442072715,1,0
38.91091917641461,108.62929112277925,59.47637941688299,8.096118807792664,3.712302280589938,737.7003961837283,0.00030569783732612853,0.9665473836446962,1,0
28.535864166915417,78.43904335983098,60.110431201756,10.381519597023726,5.057023402303457,738.4696658856711,0.0004865602095829155,0.9551909382003705,1,0
30.507629006169736,94.42069152370095,41.839765161275864,6.427647661417723,4.411332683637738,736.9776770802015,0.0001348615984343879,0.9814762148021716,1,0
33.250478827394545,64.42575700581074,78.72357092797756,11.663254827260971,3.1058215647935867,736.872899827533,0.001336377299270201,0.9548245772368469,1,0
35.293677751906216,90.35243563354015,65.67166440188885,10.510798919945955,3.4524206765927374,737.9096355187693,0.0006884255334311843,0.9506529933175644,1,0
32.418537023477256,72.10061693564057,53.80768731236458,6.841841049492359,4.7578455922193825,736.7691398277166,0.00040205854952513097,0.9823369302872461,1,0
26.82997716590762,101.33837972767651,72.99570221453905,9.261272706091404,5.403803041670471,738.5749380777229,0.00022748232112521655,0.9566996783271036,1,0
37.072741044685245,82.89124927483499,47.38212402909994,8.454631347209215,4.059167527128011,737.2844755478176,0.0005119063552245157,0.9710225207555814,1,0
36.587494160048664,103.26304513961077,61.266149543225765,11.312317930161953,4.311707110144198,738.4662224140636,0.0006761095761330162,0.9338095739095515,1,0
26.22757759410888,84.03770452365279,58.13019324094057,6.028424385935068,3.273539531044662,736.6020893724484,0.00016841872919354445,0.9857624342985765,1,0
31.874696305021644,89.1513352189213,79.91831168532372,9.983695898205042,3.9193497197702527,738.1461938123032,0.0005615793410378641,0.9556464452694319,1,0
34.63268445804715,70.12130635790527,40.53275786340237,7.743736557662487,4.918602338992059,736.9245140765953,0.0005869601620061893,0.977456829026779,1,0
32.91174478828907,97.13175090961158,52.646542713046074,8.899147298187017,5.196765111293644,738.3500549908313,0.000253943848061595,0.9615874893397742,1,0
30.051685282960534,64.79610622860491,67.01351121068001,9.566596493124962,4.197579025756568,737.2632982553894,0.0008179988431861419,0.9686664148523285,1,0
28.255724073387682,108.21612229570746,46.1818041279912,7.145720914006233,3.5520367599092424,737.2887644852799,0.00017289148043229355,0.9742366323796811,1,0
38.51356906350702,75.68516436964273,74.29852303117514,10.956713017076254,4.5901372092776,737.6624133594892,0.0010371683388901395,0.9523210494934135,1,0
39.925895454362035,87.13488088920712,48.392496556043625,9.16305859386921,3.015979732852429,737.4381929326811,0.0006235170698492653,0.9655505083514515,1,0
27.786391265690327,68.68927538394928,71.5067758411169,8.377062734216452,4.5228974795900285,737.2461431223924,0.00045509609710077436,0.974867846409606,1,0
29.580084695480764,97.92627691291273,50.44317450374365,10.819811012595892,5.127353071700782,738.7224310573124,0.0004889272964015788,0.9418321553799351,1,0
34.32267601136118,79.67598465271294,69.80769980698824,7.083608731627464,3.6593503220938146,736.7527919762091,0.000400872452171176,0.980789154790727,1,0
36.04315110016614,105.59541386552155,77.08750206977129,6.74851730838418,4.005920520983636,737.1384784970301,0.00017129552703384942,0.9777186381194707,1,0
31.403561192564666,75.60200466774404,42.7043878659606,11.916605405509472,5.473856736905873,738.8616203732297,0.0008068500217319501,0.9409640670524545,1,0
25.75777953490615,91.58136531710625,64.09940056502819,7.98632474988699,4.869667279534042,737.8330087643194,0.00015472752830008693,0.9710206202289684,1,0
38.00028490833938,61.3926443643868,55.96588745713234,10.292096380144358,3.362816662527621,736.4992968050416,0.0017556481546355236,0.9650991696900157,1,0
38.067755149677396,86.42206847667694,63.200920559465885,8.394139554351568,3.85051441565156,737.3161825578906,0.0004893669097846816,0.9706823830711263,1,0
25.83225917071104,66.60772668197751,56.31749343127012,9.134098514914513,5.004567449912429,737.6518224285078,0.00044530331189928627,0.9695707254537573,1,0
31.537650017999113,100.53301480598748,75.48599131405354,7.065523579716682,4.40022624284029,737.3565739712382,0.0001488653770851232,0.9761314415565581,1,0
36.17005886975676,80.52335976622999,44.85277205705643,10.849416073411703,3.2069530729204416,737.4926212919195,0.0008621476503008817,0.9533090454040796,1,0
34.24353301990777,104.6983517613262,51.96658730506897,11.982114873826504,3.485411558765918,738.710696912012,0.0006848806303162573,0.924467802455472,1,0
29.508122983388603,72.94558090157807,67.58116044104099,6.671121720224619,4.678770186845213,736.7728538588744,0.00030751889768451755,0.9833018252242575,1,0
27.656650971621275,93.61475439742208,49.369092993438244,10.228693876415491,5.282768965233117,738.794138983751,0.00036487606908831155,0.9501048524747437,1,0
39.78914554230869,62.05729529261589,71.23330537229776,8.061244301497936,4.128629876766354,736.5968112621015,0.00130858580591672,0.9771613573096792,1,0
38.38760531973094,100.65583115443587,46.53340049088001,6.058206830173731,5.039976550731808,736.8660036950834,0.0001544407609890442,0.9822546905038175,1,0
28.122521829791367,83.18985182791948,73.40005248785019,11.294410161674023,3.7296733860857785,738.0458065511289,0.000789042547911249,0.9457876648667917,1,0
29.976318841800094,89.86519592814147,54.7949555888772,7.714965306222439,3.083672406617552,737.2115240689723,0.0003163028165485663,0.9746817972277405,1,0
32.84333074465394,72.20390484668314,65.41197191923857,10.000961545854807,4.433195744175464,737.6612383979559,0.0007542372208926084,0.9623176949627218,1,0
34.77032095193863,95.09864867664874,77.69180100411177,9.64169342815876,4.780080581083894,738.4610266055665,0.0004143021676118088,0.9556615536290044,1,0
32.00538062490523,64.13174065761268,42.056142129004,8.835922177881002,3.430471785366535,736.8496020373628,0.000915317055712826,0.9744905752273639,1,0
26.298595503903925,109.11194387823343,60.992669463157654,10.879506256431341,4.076128548011184,738.0497856547094,0.0005119503417833879,0.9376202104904557,1,0
36.665750346146524,78.34034910425544,59.10679914057255,7.2114192098379135,5.386517766863108,736.9843208569171,0.00039699152816820814,0.9784878818364798,1,0
37.00082224793732,107.9146667290479,74.59731765091419,10.353183221071959,3.2956313244067132,737.9524079319114,0.0005494286062399981,0.9440795344845663,1,0
26.75087708979845,76.35873443447053,45.233634412288666,8.11253759264946,4.289939570706338,737.3588513444976,0.0003037581044585123,0.9747303352160266,1,0
32.28185863699764,97.02561743557453,66.57005820423365,11.693517923355103,4.935439535882324,738.739671883676,0.000681619646459881,0.9319762790660718,1,0
35.164008983410895,65.27437189593911,53.456167094409466,6.408938806504011,3.902226425241679,736.4324926832123,0.0006587624748582071,0.9857040906582438,1,0
33.3249155478552,89.45432448759675,40.86323540657759,6.765252269804478,4.1806750716641545,736.9266244798814,0.000225751423188541,0.9804563372461073,1,0
30.575056332163513,69.44619588553905,78.99697426706553,10.575467247515917,5.213955163024366,738.009010278227,0.0007174586081892054,0.9575132559685292,1,0
28.662700410932302,103.37071976624429,57.95291841030121,8.530392039567232,4.568112173117697,738.0393473516922,0.00023511230882205432,0.9632949779838677,1,0
39.044936476275325,83.55790291912854,62.33701802790165,9.197063393890858,3.573737542144954,737.3827869007611,0.0006650616763104521,0.965918728385986,1,0
39.51267465483397,91.68730880133808,55.11722419410944,11.200376976281404,4.501110712997615,738.4485774853238,0.0007759328048890097,0.9416310276231913,1,0
27.262955871410668,60.91418721713126,64.50376700609922,7.464768715202808,3.0380525970831513,736.5700083662097,0.0006603242310995229,0.9829902072833117,1,0
29.173058262094855,105.89667795225978,43.691605404019356,9.531899727880955,3.642208098433912,737.8176431251154,0.0004392007689296743,0.9535461398974407,1,0
33.79124419763684,74.92824461311102,76.82778388261795,8.746498603373766,5.144171041436493,737.40943362641,0.000515365463502929,0.9699434583008688,1,0
35.629887357354164,97.81879376620054,68.77586960792542,7.616751551628113,5.491065717767924,737.6537116754889,0.00018296848510551006,0.9720337739821171,1,0
30.88031173683703,80.15597624704242,50.65953530371189,9.923392575234175,3.989035794045776,737.9704050625967,0.0006018802711473798,0.9600110548789429,1,0
25.350681603886187,86.8320816103369,72.38906484097242,6.3672199957072735,3.3845366719178855,736.7803954529129,0.00015593155301863327,0.9835134172324179,1,0
37.46901047881693,69.36457733623683,48.02294198423624,11.536176770925522,4.847661172505468,737.3990937896269,0.0013385906868566377,0.9491491059884162,1,0
37.32656669802964,99.80006640776992,54.1291194409132,9.349748320877552,4.1567658465355635,738.1813774559114,0.00044068025228945554,0.9575169063730737,1,0
25.201017148792744,81.35443706065416,66.01551428437233,8.56521426513791,5.305941265076399,738.0421581615599,0.00019064723018115596,0.9688256491558502,1,0
30.788219585083425,85.59070545248687,47.03947741538286,10.63440789654851,4.69945758767426,738.5671899818981,0.0005780669429239669,0.949982663442041,1,0
35.54522330407053,67.34038935042918,72.67550822347403,6.893807329237461,3.511072129011154,736.481363426737,0.0007046454733730029,0.9836550038248766,1,0
33.473190744407475,92.8814244363457,60.39507832378149,6.561668079346418,3.1642060675658286,736.7854071166548,0.00023964917076933157,0.9816116552337761,1,0
28.847555476240814,62.88799139671028,59.7788916900754,11.72829294204712,4.352677580434829,737.8281456999815,0.0011848652811505822,0.9523041282891702,1,0
26.87806671485305,103.86813286691904,78.42229649424553,8.171522587537766,4.959428584668785,738.0280500690311,0.0001639885191078424,0.9661635221167578,1,0
39.13498449139297,73.67938807234168,41.55632160604,10.48169107362628,3.8101677079685032,736.9700657447834,0.0011216947603824353,0.9592504190985344,1,0
38.65992977749556,90.5978536605835,76.2116040661931,11.500629276037216,5.358421005774289,739.0539980715691,0.0007305366074037209,0.9371831105354634,1,0
28.28512873966247,71.37253688648343,44.34806879609823,6.215274643152952,4.052995717618614,736.5655182592888,0.00030502794730758603,0.9861086349661964,1,0
30.256884386762977,101.48691263981164,62.598446533083916,9.794100802391768,3.40974521311,737.8034537496751,0.0004996883811343106,0.9527913136647473,1,0
32.9995303042233,82.45690762065351,56.984703093767166,7.558539032936096,4.754380504135042,737.1705079583738,0.0003056956069585846,0.97647300670317,1,0
35.07202811539173,109.84574629925191,49.87028703093529,8.710995454341173,4.475979536771774,738.1953831822312,0.00028674806448681614,0.9596105724842741,1,0
32.197084138169885,77.51012546010315,70.5038782209158,9.379907168447971,3.1312581915408373,737.4004913717864,0.0006531692382653452,0.9666601202690527,1,0
26.608543754555285,95.9293487854302,51.295868419110775,7.335521288216114,3.7747754268348217,737.3227778824535,0.00018193640277130497,0.9753928731083944,1,0
36.85104650910944,63.39841470122337,68.17982006818056,11.142117250710726,5.080286173149943,737.2124302183144,0.0015746365706090363,0.9541322772230674,1,0
36.3402006495744,96.29448260180652,43.045338578522205,7.909247450530529,3.6165161239914596,737.4015698178973,0.0003325171217585829,0.9716368767554661,1,0
25.980473570525646,66.10421099700034,77.41183336824179,10.193186435848475,4.615701986011118,737.8911442486668,0.0006219713695227813,0.9623886707981211,1,0
31.62764438893646,107.08511410281062,55.64279429614544,6.612869147211313,5.259071960579604,737.3994481517976,8.232051220922574e-05,0.9775719246845361,1,0
34.38536437693983,77.0901557430625,63.75965312123299,11.852874599397182,4.220971138682216,738.0797813278809,0.0010391546297627895,0.9431023421016843,1,0
32.69373387563974,102.63844024389982,71.81096658110619,10.697463568300009,3.874133980832994,738.1613069241209,0.0005974058822598476,0.9420528388346288,1,0
29.833921077661216,84.38659770414233,48.67546521127224,7.029968932271004,4.9123011874035,737.1363276048312,0.0001944049419421924,0.9793708336661694,1,0
28.037926089018583,88.62515323795378,69.52593471854925,9.07589028775692,4.269199135713279,737.979679388438,0.0003491509886635586,0.9636470650306477,1,0
38.29556013457477,70.17799894325435,50.14022160321474,8.264852073043585,3.269946292974055,736.5757318999101,0.0008962647891684008,0.9766055301825538,1,0
39.70443136524409,106.62809749133885,67.31524042785168,7.246189936995506,4.804919675923884,737.4412496544375,0.0001903902980650081,0.9734968906059001,1,0
27.564723384566605,74.09869021736085,52.93197050690651,11.032231237739325,3.3369836835190654,737.8070059223967,0.0008600202749375944,0.9536581947329957,1,0
29.358408516272902,92.51714892685413,74.01433665305376,8.964437182992697,3.943881873972714,737.887765437117,0.0003713038099575989,0.9635603493153893,1,0
34.10125369206071,60.18305340781808,45.88127490133047,9.700685575604439,5.450732863508165,737.1926072426926,0.00119862027685913,0.9661982528920526,1,0
35.79243302345276,87.56388271227479,58.473605774343014,10.035776618868113,5.1723029925487936,738.4720421110877,0.0004955860878746799,0.9545942706468338,1,0
31.15258210338652,68.53540413081646,61.58802140504122,7.86764308065176,3.665385618340224,736.8055743481328,0.0005989992659355448,0.978738418436386,1,0
25.50682081375271,98.64748976193368,40.21208569407463,11.42296951264143,3.0587535626254976,737.3008728708845,0.00059498645177337,0.9385075925914135,1,0
37.74952282663435,79.4236979354173,79.57614086568356,6.1171517707407475,4.5267565357498825,736.5811707624151,0.0003672573141143638,0.9847816157553801,1,0
