R_mm,H_mm,twist_deg,strut_d_mm,cable_d_mm,F_peak_N,SEA_J_per_g,eta,feasible,pareto
37.7587820077315,106.56830024905503,54.508703611791134,8.187300961464643,3.3498636675067246,4745.697954550175,0.0007297977189422028,0.7324569205658688,1,0
25.501292808912694,74.25556703470647,65.12327421456575,10.471983790397644,4.811533945146948,4707.514730568442,0.0017723155735651834,0.7326399663397416,1,0
31.16182927042246,92.55501165986061,46.833085268735886,6.515905469655991,5.457536712754518,4778.652891469277,0.000683006881692618,0.7324557052223183,1,0
35.78689333982766,60.046966690570116,73.69729064404964,11.756631921976805,3.956646262202412,4726.522075675714,0.007529500671493879,0.7339346245184364,1,1
34.11029818467796,87.72439019754529,60.65514259040356,10.60051853209734,3.678102243691683,4700.649546137164,0.0015341844867919315,0.7324446249894441,1,0
29.352952148765326,68.4731325507164,58.77171769738197,6.933767784386873,5.179078301414847,4768.44573749389,0.0021083247062813506,0.732887064188067,1,0
27.573784696869552,98.51502030156553,78.0183370783925,9.353928107768297,4.53341855853796,4716.287761809751,0.0007328984710004523,0.732500672458596,1,0
39.6989917056635,79.4590758997947,42.38512512296438,8.543610848486423,3.07166207768023,4745.394144264206,0.003920118863138343,0.7329762445708323,1,0
38.28642936423421,96.13397660665214,75.22903189063072,7.337269920855761,4.602785000577569,4761.561799174238,0.0010808075857312908,0.7326776848843857,1,0
28.043353399261832,66.16648406721652,44.59337554872036,11.122590221464634,3.609864853322506,4702.00203545669,0.003494770468540587,0.7338276218644655,1,0
29.82477438170463,107.21758207306266,63.45177199691534,8.680545754730701,4.2142042722553015,4725.188820185818,0.0005801310381371949,0.7327184518151573,1,0
32.69914537202567,77.05477628856897,56.565908677875996,9.416050303727388,5.246344555169344,4731.548927602008,0.0023610862174377216,0.7324465307449977,1,0
34.376190579496324,102.69823897629976,49.00227326899767,9.751857966184616,4.899545250926167,4705.768221038474,0.0008826530257145327,0.732499259252105,1,0
31.633200556971133,84.22972237691283,70.86892303079367,7.583003472536802,3.8673193608410656,4762.6140263950265,0.001254259022286446,0.732461755518099,1,0
25.97131268121302,88.58728901483119,52.34195701777935,11.514079492539167,3.2633235626854002,4667.795407765651,0.0010281760250739325,0.7327249834928425,1,0
36.34576939046383,70.3140841703862,67.95896604657173,6.207517862319946,4.25632991315797,4780.066358744521,0.0028343181655577196,0.7328397999370188,1,0
36.860307031311095,90.56285940110683,43.40534910559654,9.065284665673971,4.040077623911202,4734.000370699307,0.0014807730722068478,0.7324530298860431,1,0
26.603015302680433,71.50538856163621,76.53909049928188,8.281471565365791,5.35176847781986,4752.001877631911,0.0017898822238867917,0.7324867686188675,1,0
32.20633175224066,101.54956345446408,55.416903756558895,10.724961385130882,4.747614764608443,4676.029854307307,0.0009277788039395692,0.7327221714073556,1,0
35.06648709066212,82.29678086005151,64.8010103777051,6.985104706138372,3.397019083611667,4768.911030981372,0.0015423796219903932,0.7326795827709506,1,0
33.008576137945056,109.9814537819475,72.05154199153185,6.652205877006054,3.1185033819638193,4774.377430750534,0.00043461312674657226,0.7325606288183831,1,0
30.251427572220564,77.47188200242817,47.68785651773214,11.8195517398417,4.469166192691773,4680.120702715265,0.002225106905010007,0.7324164288173447,1,0
28.29419049900025,95.77208826318383,69.1024111956358,7.887077573686838,5.073662334587425,4750.407760487383,0.0006369593571201508,0.7325248566783038,1,0
38.65448877681047,63.45782972872257,50.98851278424263,10.197989903390408,3.7619049469940364,4747.063023452256,0.007403426832860959,0.7334849018734433,1,0
39.12585327401757,99.6643633954227,66.31310310214758,11.404237870126963,5.318819991778582,4665.85128773865,0.0013843289555732303,0.7324732686054074,1,0
26.883495366200805,81.3926849886775,53.19676626473665,6.11813934892416,4.163379007484764,4780.194389937641,0.000830004493031685,0.7326921927104583,1,0
28.83840743917972,85.74796150438488,74.84817430377007,10.07268076390028,3.5178772541694343,4708.363092743272,0.001199032551323875,0.7326810219826375,1,0
33.47860268782824,67.28096985258162,45.48204444348812,7.836398039013147,4.712223102804273,4758.432300429166,0.003911057257777965,0.7332202310590222,1,0
35.53604905959219,92.91642316617072,57.58609466254711,8.989605411887169,4.365395481698215,4728.198116217175,0.001222738526816964,0.7327055679901023,1,0
30.793777094222605,62.755144191905856,61.972639709711075,9.657773282378912,3.1709825033321977,4746.065105835392,0.00465370398304899,0.7332263020248307,1,0
25.19185491837561,103.80547758191824,41.238599605858326,7.239102657884359,3.816828473471105,4760.694756348438,0.00040569279636606774,0.7327002205960005,1,0
37.3321358859539,73.83951036259532,79.3747853860259,11.044977620244026,4.972335991449654,4696.754346937182,0.005587015941128516,0.7337887028871766,1,0
37.47441398445517,91.82321074418724,62.935967445373535,10.256231032311916,3.026517326477915,4705.147365550919,0.0014273870717435762,0.7324841741690739,1,0
25.341575085185468,60.876139709725976,57.31978811323643,8.016329292207956,4.493075352627784,4758.602607652494,0.0030675935733370484,0.7332507663872047,1,0
30.8856987580657,105.7396044395864,75.88506441563368,11.971560034900904,5.136327645275742,4633.101853213384,0.0008945805242636997,0.7325272319115815,1,0
35.62076468952,74.98784516006708,44.01909176260233,6.687701873481274,3.6305596162565053,4772.752228581449,0.0023763780063611544,0.7327991883328642,1,0
33.796833558008075,97.78360057622194,51.58212635666132,7.043301489204168,3.9773395489901304,4770.457360699274,0.00075577547258121,0.7324556716157542,1,0
29.163851719349623,80.28863048180938,68.46851419657469,10.854260310530663,5.483193781226873,4694.4141636405575,0.0017131963837617547,0.7326132203673238,1,0
27.26855758111924,86.89454988576472,49.5706058293581,8.433435514569283,4.83967356570065,4743.640865449781,0.0009389585763409854,0.7324829260677437,1,0
39.50348034966737,69.2042665462941,70.20663410425186,9.100827869027853,3.3730299323797226,4753.791046802967,0.006134069313135246,0.7330770183074767,1,0
39.039433393627405,107.94986140914261,47.40630071610212,10.916451171040535,4.3014354556798935,4669.176826013335,0.0009682846659742189,0.7325130939793054,1,0
28.671936010941863,76.2260816898197,73.03988460451365,7.1801219545304775,3.303627299144864,4768.5249278921665,0.0014290365744025072,0.7326379289790794,1,0
30.569540006108582,96.9631476700306,53.7537556886673,9.623013999313116,3.9101091884076595,4713.730541676429,0.0008829691723862671,0.7324883226679754,1,0
33.33413801621646,65.43468119576573,65.6377051025629,8.836868986487389,4.9471273850649595,4746.634389969259,0.004887057733166661,0.7335118556904902,1,0
35.15852009411901,89.31842403486371,78.67925234138966,7.707827243953943,5.225614481139928,4754.791446500209,0.0012566146681697544,0.7326849667130523,1,0
32.2909369925037,69.48424488306046,41.815724074840546,10.01374726742506,4.188510081265122,4721.901088048544,0.0041950552057481326,0.7334548884315878,1,0
26.745403790846467,103.52779178880155,60.14422092586756,6.083335720002651,3.581762057263404,4783.339822197018,0.00033885279323178766,0.7325273629983409,1,0
37.009915858507156,83.49830088205636,59.53048001974821,11.251548651605844,4.579655820969492,4686.641862503183,0.0028686192601977555,0.7324310004009262,1,0
36.67115251068026,100.81576121971011,74.35186307877302,8.484681643545628,3.7411705469712615,4740.055855946931,0.0008994108256481033,0.7324714167990469,1,0
26.289489432238042,83.12700431793928,46.21635440737009,9.225361604243517,5.047973652370274,4726.566410702523,0.0011107140207679154,0.7326819613086206,1,0
32.010767199099064,89.73215947858989,66.98870480060577,6.781071413308382,4.441077250055969,4773.950422140373,0.0009060167091375264,0.732478140243129,1,0
34.761199625208974,72.238714331761,52.602989450097084,10.565707750618458,3.095359147526324,4715.574071163517,0.004067944304800524,0.7333711208721516,1,0
32.848918763920665,95.0394303444773,40.49833841621876,11.697658371180296,3.4421298461966217,4658.221368181986,0.0011090279058586824,0.7326969732938534,1,0
29.967112746089697,64.2891978751868,79.8648402094841,6.387386173009872,4.787914482410997,4772.726072142968,0.0025302498362017607,0.7332308915317667,1,0
28.128123092465103,109.15037211030722,58.17392025142908,10.31924307346344,5.394543557893485,4677.5296696632195,0.0006274690393015647,0.7327032374191788,1,0
38.37841235566884,78.20482639595866,61.29078160971403,8.152537386864424,4.087673322763294,4749.231188391734,0.003289167772866609,0.7328940257574406,1,0
39.783642906695604,86.48129127919674,56.00961208343506,6.33682107925415,4.993033306207508,4779.75663939182,0.0015380672498986076,0.7324771177893579,1,0
27.665885230526328,66.45027393475175,64.12403501570225,11.572280567139387,3.8424803311936557,4691.788971188542,0.00344880002112013,0.7338906216396566,1,0
29.50260799843818,100.49458210356534,42.66997080296278,7.618539523333311,3.1991085684858263,4757.802606225242,0.0005716385194957281,0.7324784164300633,1,0
34.252755041234195,80.6588780041784,77.03402820974588,9.903814762830734,4.388576503377408,4717.673067821381,0.002310117349565516,0.7326379868769237,1,0
36.16457042749971,104.53842616640031,69.7828957810998,9.54530917480588,4.667072833515704,4706.80500031084,0.0008865088702106948,0.7327208179914774,1,0
31.546727032400668,73.00843288190663,50.39961885660887,8.738794036209583,3.4775383649393916,4745.122780467073,0.002495648583074064,0.7327023730989347,1,0
25.826787212863564,93.7477863766253,71.560113504529,11.15808192640543,4.120643396861851,4671.888788102516,0.0009486877345228941,0.7326971739568128,1,0
38.076848313212395,62.022481337189674,48.42704921960831,7.489273924380541,5.271263501606882,4773.804718607496,0.005358269171763314,0.7330094591531301,1,0
38.00584504380822,86.99917191639543,71.20849926024675,11.591088127344847,4.510141426697373,4675.043408134049,0.0025971533238322003,0.7324918652874829,1,0
25.748602664098144,68.72751735150814,49.32554002851248,6.306450694799423,3.009165145456791,4777.243325145593,0.0015040018163788094,0.7327797769146756,1,0
31.4091331185773,98.0835389252752,67.6345007866621,9.88748323917389,3.652727698907256,4703.430168803268,0.0008825230780725934,0.7327022703651422,1,0
36.03398613166064,79.61657111532986,52.001137882471085,7.646802943199873,5.114483807235956,4758.592748117375,0.002138593182904765,0.732652274863797,1,0
34.3281072890386,105.63041855581105,44.89649936556816,8.802916087210178,5.460939867887646,4724.195507709559,0.0007117795913489207,0.732772986533582,1,0
29.570950851775706,75.4691634234041,75.51062367856503,9.469621438533068,3.9992692177183926,4728.730087892113,0.0020200181883989767,0.7326837402451295,1,0
27.791805947199464,91.51870407164097,56.28307428210974,7.424506891518831,3.35604968899861,4762.345041139252,0.0007007189386137581,0.7324932628405536,1,0
39.91674467921257,61.55276069417596,63.147449381649494,11.234777994453907,4.856939916033298,4733.836177071688,0.009311499089617755,0.7339233781351373,1,1
38.50810962263495,103.22804491966963,59.072382375597954,9.25343619659543,3.2862561983056366,4718.01665929897,0.0008846864015812394,0.7326856221199627,1,0
28.2647725334391,84.1705502383411,60.93919590115547,8.468161292374134,4.318482311908156,4744.044024546472,0.0011247253835895803,0.7326584501333614,1,0
30.04624154418707,89.21399199403822,42.099867053329945,10.535159982740879,4.925264329183847,4694.9856323460435,0.0012362231997726186,0.7324987826281221,1,0
32.92080928571522,69.96118555776775,77.71643575280905,6.79970159009099,3.932258351240307,4771.40573633919,0.0026679898606406225,0.7330019332209018,1,0
34.62715337984264,97.26746435277164,65.46530988067389,6.463893413543701,4.210458967834711,4776.900979252177,0.0007452855990495921,0.7326710746599148,1,0
31.88395945355296,64.75786873139441,54.82950855046511,11.632702510803938,5.203379487618804,4700.570656568571,0.005901897786861456,0.7340005130145921,1,0
26.2220338312909,108.05885581299663,73.37524875998497,8.07667226716876,4.596941091120243,4742.909983875821,0.0004366262612397666,0.7324848847529235,1,0
36.596744512207806,75.74457343667746,46.489845141768456,10.383187741041183,3.5648010317236185,4711.460969521067,0.004537570127156466,0.7332572009740456,1,0
37.07830162718892,108.46879108808935,62.29270212352276,7.1506041549146175,5.069741196464747,4761.980675978248,0.0006065263375397906,0.7326601645466119,1,0
26.82079895399511,78.50132239051163,57.92887523770332,10.934463366866112,3.719078758265823,4693.820791677376,0.0015546112432438637,0.7326443149972526,1,0
32.4241102905944,94.55315353348851,79.03076190501451,8.865927770733833,3.1124824467115104,4732.795425874287,0.0008822585049724177,0.732498826984424,1,0
35.28451233636588,64.39037159085274,40.91733869165182,9.605829890817404,4.424240057822317,4745.459952449084,0.006401708934760181,0.7332601052573403,1,0
33.2559105521068,90.41222840547562,53.48034169524908,9.938729010522366,4.770724426023662,4710.1553325289315,0.0013167447684151988,0.7324891128951625,1,0
30.49849382136017,71.9437356479466,66.61424327641726,7.7713370360434055,3.459033795632422,4757.394991546295,0.0022077068553522892,0.7328669647177688,1,0
28.54128018952906,101.30052146501839,45.1797054708004,11.328856978565454,4.065972535870969,4655.323458607401,0.0008693868788331669,0.7327528414552595,1,0
38.90176795423031,83.02734046243131,74.56335626542568,6.017899207770824,5.416568589396775,4784.327464117763,0.0015398392538955154,0.7324527517098637,1,0
39.37660107854754,94.2334917280823,47.96901065856218,7.9989678002893925,3.8204074623063207,4754.159774970856,0.0013173561712229343,0.7324610480523485,1,0
27.134439810179174,61.920734671875834,72.3551058396697,10.28511243313551,5.014820068143308,4723.367383712959,0.004122432421814898,0.7337750207564755,1,0
29.089400805532932,105.21943423897028,50.6837122887373,6.705525241792202,4.371758528985083,4772.3064331046435,0.00040840219435974736,0.7325450161479151,1,0
33.729335041716695,72.71136542782187,68.82005229592323,11.941853407770395,3.216250787489116,4680.162699056637,0.0038188198510873995,0.7338061834537748,1,1
35.75748565606773,100.01039480790496,76.86157390475273,10.788646414875984,3.4944230965338647,4681.543051580217,0.0010075128515287838,0.7325001208996333,1,0
31.015467550605536,80.75911331921816,43.7457063049078,7.120432432740927,4.649863857310265,4765.662108253143,0.0013649163944281161,0.7326727443997855,1,0
25.413508522324264,85.8017938118428,64.45944871753454,9.164148833602667,5.293269613292068,4728.2835554966705,0.0009189030308239893,0.7324998531297964,1,0
37.55358569789678,66.74582556821406,55.093183405697346,8.35822843015194,4.098923392128199,4762.232744199095,0.005725576609124012,0.7330669320445513,1,0
37.22711505368352,98.81610613316298,41.512003019452095,6.147203855216503,4.833768784999847,4781.642218295334,0.0007645325149369925,0.7326735987138255,1,0
25.094472905620933,78.7851126305759,78.39825540781021,11.387059483677149,3.3279149252921343,4684.917342708402,0.0013561456285107044,0.7326493880187247,1,0
30.638645109720528,87.83015393652022,59.812681414186954,7.806874517351389,3.9736074320971966,4754.050669794691,0.0010304280091726929,0.7326884196760114,1,0
35.37344991695136,67.9944736789912,60.44917892664671,10.090687237679958,5.440251288935542,4725.875752039743,0.0056743221346612195,0.7335522589239282,1,0
33.57881722506136,92.2524159681052,72.69968491047621,9.73508733138442,5.162031300831586,4714.524445909145,0.0012255391164317773,0.7324692745772403,1,0
28.946089358069003,60.72244652546942,47.083659805357456,8.92417462170124,3.695473498199135,4751.7667303379385,0.004486068358620437,0.7333943731838415,1,0
27.05075786449015,106.46101919934154,65.96158266067505,10.969953641295433,3.0495130685158074,4663.260984992446,0.0012961302637894737,0.732744564303208,1,1
39.285476729273796,74.73573800176382,54.09516014158726,7.302606727927923,4.555281470064074,4763.155811275321,0.003580690852123998,0.7329264907308993,1,0
38.817974724806845,88.48095232620835,68.12589082866907,8.299300655722618,3.5879350402392447,4749.858288689607,0.0017521253525780388,0.7324573074445527,1,0
28.450266285799444,70.79217158257961,51.26190673559904,9.035583760589361,4.625039067585021,4735.32924771354,0.0024105487817837673,0.7329253909949422,1,0
30.34786555916071,102.39658168517053,70.52805252373219,6.96773749217391,5.229078358504921,4764.341947968107,0.0004774106459163069,0.73284100532974,1,0
33.11271038837731,84.90311269648373,49.91447180509567,10.753837063908577,4.231184371281415,4697.94538843215,0.0017333710534538766,0.7324381940559589,1,0
34.90780743770301,107.32543458230793,57.01849043369293,11.882878426462412,3.884671388193965,4636.428915018371,0.0009072973181881589,0.7325348058420804,1,0
32.03995605930686,76.57517827115953,62.652549520134926,6.577004514634609,4.8824793212115765,4777.798588815633,0.0016050415594434206,0.7324416726916082,1,0
26.494446801953018,96.43714524805546,44.30375259369612,10.13237028568983,4.278173895552754,4697.367534690244,0.0008203577950546593,0.7326555113934197,1,0
36.75914846826345,65.491575691849,76.187560595572,7.964202795177698,3.2411553263664246,4768.383582484437,0.005205435344307511,0.732982656794661,1,0
36.45337978377938,95.28467030264437,50.1154175773263,11.10625297576189,5.368977607693523,4675.753784183773,0.0013707236123771229,0.7326693062489881,1,0
26.071455692872405,63.56091442517936,69.48237907141447,7.365527618676424,4.02319274796173,4763.944652928141,0.002548711640048865,0.7332469840950679,1,0
31.792781096883118,109.29872546344995,48.728802874684334,9.434863585978746,3.41873894399032,4710.034497490209,0.0006955122721844059,0.7324835277753143,1,0
34.54341016244143,77.770282831043,71.84551924467087,8.650181092321873,4.725608806591481,4745.035953900767,0.0024853861118976496,0.7324804629729941,1,0
32.60183488484472,102.03241979703307,63.803377747535706,7.518230717629194,4.447379575110972,4758.354254395118,0.0006402202339968046,0.7325290388724046,1,0
29.719825075007975,82.19826448708773,55.667428746819496,9.828548312187195,3.1405760971829295,4722.265315003272,0.0013147952097334334,0.7324270337434169,1,0
27.88079717196524,91.24101865105331,77.37741630524397,6.27164563536644,3.7447625743225217,4781.996156388839,0.0006084413842892889,0.732473926324244,1,0
38.13134029507637,71.21155158616602,42.9918647184968,11.438397478312254,5.090480453334749,4700.921753956772,0.006596944695332357,0.7324757087500702,1,0
39.53265892807394,104.488395890221,79.54172141849995,10.441430300474167,4.146475202403963,4687.358650585376,0.0010801339746532523,0.732665259022896,1,0
27.415147959254682,73.54130101390183,40.158614218235016,8.205925416201353,5.336009894497693,4752.061358548786,0.0016887651303698697,0.7324642177534768,1,0
29.25186511129141,93.40403260663152,61.63174841552973,11.784712236374617,4.690197917632759,4655.369916577414,0.0011467019752223855,0.7325254187283012,1,0
34.001801209524274,62.65224948525429,58.49823784083128,6.4993908405303955,3.539578185416758,4780.936392866043,0.0038797839974020363,0.7329432534446383,1,0
35.94292621128261,85.06961077451706,45.934614948928356,6.857896942645311,3.193074445705861,4772.732746788689,0.0013708092898640839,0.7326575791526524,1,0
31.3252723030746,67.57461683824658,74.04888693243265,10.664457477629185,4.343627793248743,4712.124953589024,0.004535220715669367,0.7337781507308186,1,0
25.605355533771217,99.18131706304848,52.907164096832275,8.62012381106615,4.989173039328307,4735.0688042826405,0.0005702832880364181,0.732483900190619,1,0
37.85514846909791,81.49100988171995,67.27168716490269,9.288977969437838,3.7997053279541433,4734.018102405211,0.0028918096823995617,0.7324817100250551,1,0
37.80503395013511,96.81172258220613,45.073666386306286,8.701728779822588,5.125082248821855,4732.103594217297,0.0011672672996586812,0.7327003414829572,1,0
25.68752756342292,65.25727947242558,74.43986479192972,9.394844390451908,3.661962069571018,4733.87455725977,0.002676801963717049,0.7332307459313724,1,0
31.217465507797897,107.79767254367471,53.60896348953247,7.314530499279499,3.018861209973693,4762.664933565192,0.00046500415474686336,0.7324719400061556,1,0
35.96740596462041,76.04791767895222,66.72491706907749,11.14535253122449,4.520895753055811,4690.9677428398445,0.004354788451831871,0.7333152957211552,1,0
33.924206593073905,103.72955970466137,78.83963592350483,11.492873579263687,4.867398901376873,4653.855854452874,0.000986472874684011,0.7325127863396125,1,0
29.30655704345554,83.72301602736115,40.70322901010513,6.228700887411833,3.365430742967874,4780.666313031025,0.000913379543754869,0.7326746586165124,1,0
27.39341501146555,89.52095423825085,62.49176237732172,9.774620275944471,4.0087995254434645,4711.851134125923,0.000995501573443134,0.732687568524313,1,0
39.64321252889931,69.7097238060087,58.10575317591429,7.560264050960541,5.4718527239747345,4762.413831440349,0.004549361725625589,0.7332074337380258,1,0
38.239612258039415,105.91549136675894,64.6609503030777,6.541597466915846,3.9219638747163117,4776.318243886808,0.0006635929667511721,0.7326616776739802,1,0
27.857683808542788,75.14078523032367,55.277385488152504,11.730962812900543,4.916333886329085,4681.890396895363,0.0021440647847458883,0.7324422752494549,1,0
29.76857320405543,91.9998612627387,76.67288940399885,8.163165360689163,4.309703022707254,4745.540476031405,0.0008782446200545326,0.7326893865815448,1,0
32.519197687506676,61.029841881245375,43.53892091661692,10.49609650298953,3.276418610010296,4739.079647655805,0.005656789860568564,0.7335077821913635,1,0
34.561946112662554,86.66832013055682,50.81965837627649,9.328258998692036,3.55464843288064,4730.815804968358,0.0014969428793054752,0.7324405573735794,1,0
31.67993172071874,69.00401305407286,68.93316756933928,8.569302845746279,4.587866460904479,4741.713310329003,0.003364059449670353,0.7334161705879082,1,0
26.151346084661782,97.55660871975124,47.87029571831226,10.624631244689226,5.194763459265232,4683.6697645629265,0.0008069598008946662,0.7325236670484635,1,0
36.40188484918326,80.08761339820921,72.23405569791794,6.909632183611393,4.2004604283720255,4772.542489007008,0.001956219270327669,0.7324666183801832,1,0
36.79921339266002,100.31716929748654,56.47028982639313,10.05140620842576,4.4139443705789745,4700.353049338835,0.0010704630625616933,0.7324969292130468,1,0
26.431507747620344,80.50746381282806,63.35577942430973,7.857695482671261,3.1035508303903043,4755.899608212366,0.0010408757383218279,0.7326609812424488,1,0
32.13585409801453,86.30311488173902,44.69280403107405,11.426885716617107,3.710300642531365,4677.284762427878,0.0015242162445930816,0.7326570437614962,1,0
34.90070149768144,66.2980976421386,75.32853845506907,6.0954686142504215,5.059904818888754,4775.032016761021,0.00283124699010073,0.7332492557022288,1,0
33.180226855911314,93.97249025292695,67.73590479046106,7.260400101542473,5.406417201273143,4764.450714373206,0.0008373870745904881,0.7324800123541392,1,0
30.312378047965467,62.22426070831716,52.11942207068205,11.023703064769506,4.056899079121649,4722.577832544295,0.005537854109380775,0.7335416293593803,1,0
28.460119031369686,104.76389214396477,71.07596702873707,8.96693467721343,3.450416593812406,4724.067398441868,0.0006075059004992327,0.7324870372581226,1,0
38.72482349164784,73.21097584441304,49.20908659696579,9.680421128869057,4.7607246758416295,4725.501849916629,0.005603613308176596,0.7335919116187732,1,0
39.187297276221216,89.8851104453206,73.24515800923109,10.699360962957144,3.2268527867272496,4696.389678882161,0.002027460837919686,0.7325803434960744,1,0
27.054652557708323,72.4145901761949,46.38071600347757,7.010682240128517,4.380996494553983,4768.970244411695,0.001561358744640027,0.7326728981724704,1,0
28.90923568047583,100.96947596408427,65.56915521621704,9.089511796832085,5.024512537755072,4722.684964217681,0.0006717076980828496,0.7324877349845841,1,0
33.64403769373894,83.30364244990051,54.955116882920265,8.257267322391272,3.831158231012523,4749.959463783279,0.00156049859114207,0.7326361356673,1,0
35.364977810531855,108.95013007335365,41.903495863080025,7.912655107676983,4.10937881981954,4743.26766635456,0.0006281386287423507,0.732816344505895,1,0
30.732247149571776,77.97858537174761,77.53679186105728,10.172389481216669,5.302647072356194,4713.846030481651,0.0020510932743228977,0.7324265623253713,1,0
25.026505631394684,94.8384260199964,59.26692221313715,6.628001634031534,4.659397759940475,4771.785504707625,0.0004311880523322298,0.7327460170484736,1,0
37.26122192572802,64.06219307333231,61.149967424571514,11.843778870999813,3.5053395102731884,4720.762769185652,0.00644758659679072,0.7325391207336087,1,0
37.64537791721523,107.06463017500937,77.25217029452324,9.64566184580326,5.431624531745911,4704.531733766989,0.000865425099231624,0.7325916531289446,1,0
25.403212290257215,76.87890137545764,42.88758061826229,8.81419825181365,3.9636172372847795,4740.7298168066945,0.0013525969547054741,0.7326242632443887,1,0
31.051398548297584,95.98026242107153,63.91214456409216,10.895176615566015,3.3177730552852154,4680.711866958494,0.0009565367731201519,0.7325434026028051,1,0
35.69132820237428,65.98984537646174,55.79795826226473,7.201419398188591,4.824685810133815,4768.415687886186,0.004146843327016141,0.7331388947046186,1,0
33.735053413547575,88.78753049299121,48.51782161742449,6.060664985328913,4.546512909699231,4786.2433479284755,0.0009346539150408464,0.7324575209145997,1,0
28.993030725978315,70.54032575339079,71.6512655839324,11.27419649809599,3.0396671355701983,4698.410985852828,0.002581733611813897,0.7331069956197803,1,0
27.19785090535879,102.89924423210323,50.29527120292187,7.729124687612057,3.68516829283908,4753.413871901693,0.0005017278474392919,0.7324861143159456,1,0
39.33792372234166,84.45672624744475,69.67846408486366,9.99247271195054,5.153109202627093,4712.3324066965,0.002997728441206942,0.7326320859592307,1,0
38.8681331789121,92.73242539726198,53.08945920318365,11.995787166059017,4.240727792028338,4656.1461944013345,0.002017568120761232,0.7326619439090948,1,1
28.610635087825358,60.19837995059788,67.47509647160769,6.663497630506754,5.239985254127532,4772.973022119452,0.0028587757506616466,0.7331368410192168,1,0
30.403504157438874,106.7464760877192,45.726075023412704,10.230630610138178,4.635484939906746,4685.67964554187,0.0007297992715787844,0.7325230759466208,1,0
33.2639105618,74.40774388611317,73.86195741593838,8.041906826198101,3.5973220546729863,4752.356849045281,0.00248390077751144,0.7328664492652874,1,0
35.21973529830575,98.29031698405743,61.747839376330376,8.409231271594763,3.250838277861476,4739.0909934289675,0.0008586639732264799,0.7326964573934464,1,0
32.46232292614877,79.25729596987367,58.631208688020706,9.125055000185966,4.2889341823756695,4735.393365154419,0.001965597093536559,0.7324557460108007,1,0
26.815545302815735,87.49892328865826,79.42379970103502,7.068879023194313,4.8930908758193254,4765.414087050164,0.0007116369972816737,0.7326974252727474,1,0
37.17603764962405,68.27059051953256,40.05677159875631,10.828659888356924,3.8938997983932495,4722.387477860806,0.006318038663137417,0.7335902585479904,1,0
36.48574742488563,85.57207364588976,66.1680057272315,7.59580010175705,4.735148669686168,4757.333681100502,0.0016118835338413237,0.7326827533050582,1,0
26.242407765239477,67.1280307136476,54.28428340703249,9.92657707259059,3.429642244707793,4724.144457952652,0.0024954038148235404,0.7332906373093652,1,0
31.830626535229385,99.48771343566477,72.51584514975548,6.358004104346037,4.033642215188593,4780.64715231318,0.0005688160076128491,0.7324800138211915,1,0
34.705191482789814,81.23898225836456,46.88171945512295,11.551074653863907,5.3783681797795,4677.407920865809,0.002612380328479516,0.7326301221869252,1,0
32.89585749153048,104.03170677833259,59.933941289782524,11.180844236165285,5.100166962482035,4660.082154438425,0.000931469900174371,0.732706477439834,1,0
30.152660771273077,74.0397644136101,60.5476076900959,7.466534502804279,3.755526456050575,4766.727473165974,0.0018724897549851946,0.7324765516249395,1,0
28.183988071978092,93.143415953964,41.39867801219225,9.5241032615304,3.1511840568855405,4713.175735083454,0.0008388092493517825,0.73273399427061,1,0
38.55869618244469,62.956160344183445,78.26259549707174,8.75997706130147,4.4566044276580215,4763.47710535062,0.007101834271597056,0.7330824643602253,1,0
39.96962723787874,101.70098947361112,44.192868918180466,6.756935812532902,3.5309526389464736,4771.076784965477,0.0008534635464368513,0.7326925953097729,1,0
27.712387652136385,82.47418165206909,76.05922482907772,10.589820463210344,4.680208896286786,4701.332754153333,0.0014312117192195987,0.7324448624167722,1,0
29.683328131213784,90.7150477077812,57.14219179004431,8.510373640805483,5.32586685102433,4740.801923643432,0.0009067614884335891,0.7324851612073368,1,0
34.30818371474743,71.68355313129723,62.758302576839924,9.199692495167255,4.137391016818583,4733.157345131631,0.004026382494883293,0.7334615878998342,1,0
36.11798228695989,95.57032090611756,70.35153705626726,10.343355786055326,3.790935556869954,4697.442733400368,0.0012064995374733108,0.7325067003777532,1,0
31.3608284201473,63.23311402462423,49.71497293561697,8.128401786088943,4.979325932916254,4754.860422519833,0.004208242187396079,0.7334700566785264,1,0
25.771272596903145,109.77892264723778,68.33963803946972,11.671989262104034,4.333323761355132,4638.917068664128,0.0008890874074078456,0.7326362407917546,1,0
37.896214122883976,77.24640401080251,51.45347133278847,6.413078170269728,3.1841535582207143,4779.58853488281,0.0022651169564510596,0.7325474811448008,1,0
38.05234735365957,102.22070574760437,69.23812840133905,10.513976980000734,3.946493942756206,4684.75254474938,0.0010829786643239453,0.7326936711779691,1,0
25.934587107039988,84.75016163662076,51.10185693949461,6.8209074810147285,5.448461728636175,4773.839502050419,0.0006718612439278637,0.7324649203426745,1,0
31.464561903849244,88.30431428737938,71.95305593311787,9.27617559581995,4.802918270695955,4724.986079045053,0.0012431499639831,0.7326652758431551,1,0
36.214706152677536,70.63845693133771,47.56657749414444,8.44539900496602,3.3398648486472666,4754.129664547828,0.004369341340284204,0.733127831922457,1,0
34.14220878854394,96.66338636539876,55.61878681182861,8.097878158092499,3.06136791780591,4749.041891431336,0.0008293862787151211,0.7324822472887065,1,0
29.524362599477172,65.69181782193482,64.9848309904337,10.362004738301039,4.524487873539329,4718.302943919396,0.004177269363734975,0.733752183161077,1,0
27.611171645112336,107.55243929103017,43.2162831351161,6.441131126135588,5.170299254357815,4772.671782237944,0.0003026837734870057,0.7327335630398623,1,0
39.86123017501086,76.77618250250816,76.33268658071756,11.655441910028458,3.668264338746667,4687.812891815061,0.006574392161388554,0.7336368703438034,1,1
38.46102784387767,87.9815680347383,41.04709215462208,9.861791264265776,5.256803223863244,4716.852326137524,0.0021219992093048823,0.732425617810022,1,0
28.07936755940318,68.17188639193773,79.16105717420578,7.672472029924393,4.223585568368435,4762.418860672567,0.0023432819403039445,0.7327413117931413,1,0
29.99023351352662,98.96828251890838,57.785536386072636,11.615223705768585,3.6193949189037085,4655.116914596311,0.000938778968075811,0.7325137582764902,1,0
32.740668510086834,78.96328912116587,62.14913617819548,6.2823380045592785,4.613698173314333,4777.541535875061,0.001428856600790526,0.7326789780144136,1,0
34.81270151678473,106.2592399213463,74.74236410111189,7.450175978243351,4.266928075347096,4754.239368863457,0.000622710433421755,0.7327898500806168,1,0
31.930898069404066,74.51103421859443,45.35832408815622,11.209086019545794,3.2725582872517407,4695.472572120331,0.0028252191616589353,0.7329005375341237,1,0
26.40231754630804,92.04987291246653,66.44149601459503,8.778803396970034,3.8770150714553893,4734.69901008663,0.0007823923522533968,0.7324995532314481,1,0
36.652609603479505,60.49698045477271,53.307668939232826,9.493757016956806,4.910299856681377,4755.669259501852,0.007457696324514343,0.7332305232886087,1,0
37.01700059231371,93.25109262950718,77.82219476997852,6.7267998196184635,3.4074741574004292,4774.754877262624,0.0010181953558475272,0.7324954099463281,1,0
26.649498851038516,62.476362651214004,42.20525234937668,11.92055594176054,4.756992503069341,4694.063370955984,0.004225505692839946,0.7326593903424471,1,0
32.353882947936654,104.33469362556934,60.849453546106815,7.976319931447506,5.3613021010532975,4744.852191010019,0.0006026535965816357,0.7326066119147312,1,0
35.11847637593746,73.3646504022181,58.98271810263395,10.30778319016099,4.050994391553104,4713.089769950766,0.00445441654858499,0.7333851175460021,1,0
33.427296597510576,99.38157046213746,46.702613048255444,9.142851367592812,3.7725067040883005,4721.449923430698,0.0008642334739991401,0.7327000040146625,1,0
30.5597089137882,81.71723954379559,73.58854297548532,8.379503007978201,5.0829006168060005,4747.256857916005,0.0014338744950487938,0.7324595151920043,1,0
28.707401868887246,85.27062795124948,54.61293041706085,10.811317171901464,4.478858345653862,4693.249748665822,0.001351098546522124,0.7324694521398267,1,0
38.971909577958286,67.80160878784955,65.24850107729435,7.09778456389904,3.129254392813891,4778.370902835915,0.004645910916014741,0.7328970495534906,1,0
39.438238171860576,109.47612727992237,52.443742491304874,8.891528215259314,4.702071956824511,4721.756062270731,0.0008188108920214707,0.732745785456209,1,0
27.305403854697943,77.92170801199973,68.07686876505613,9.580252334475517,3.508803480770439,4727.545733612923,0.0014860652283279045,0.7325124107894695,1,0
29.15996443014592,95.46283422037959,48.86935956776142,7.126377001404762,4.154762122314423,4766.921521099755,0.0006292314222275372,0.732493089233177,1,0
33.89503472018987,63.71310319751501,70.75285106897354,10.958667632192373,5.30881999945268,4721.815864234705,0.00671096996276882,0.7323501732403128,1,0
35.58666477445513,91.01630341261625,63.63875865936279,11.303279422223568,4.96204065810889,4675.357956798115,0.0016088364165852435,0.7326630785458728,1,0
30.953687294386327,71.00978357717395,56.77446760237217,6.043499652296305,3.8078965777531266,4782.006174280096,0.0018542943157052508,0.7327480136401678,1,0
25.24795178323984,101.80694096721709,75.02556543797255,9.962933275848627,3.162204666994512,4697.229575006674,0.0008985811296016042,0.7327380142098489,1,0
37.48287913389504,81.99573437683284,44.41106144338846,7.74710988253355,4.355558750219643,4758.286786088219,0.0022079916560082073,0.7326409122095382,1,0
37.39827213343233,89.03659110888839,58.29039268195629,6.945089623332024,3.6402422138489783,4769.490984088567,0.0013007548967446624,0.7326877978288407,1,0
25.155917019583285,69.80975944548845,61.423370987176895,10.776507820934057,5.147088211495429,4703.94979539437,0.0022365140279736384,0.732688049470529,1,0
30.80408022738993,103.04988044314086,40.38003522902727,8.32057523354888,4.503686627838761,4736.435828050993,0.0006397200420037058,0.732717063611736,1,0
35.44427804648876,84.01836202479899,79.76337905973196,9.014286294579506,3.035746090579778,4737.875467775246,0.0016861518886697989,0.7324430653143883,1,0
33.51728739216924,108.28357161022723,67.17077102512121,10.155041042715311,3.3825731109827757,4688.170189802974,0.0007201196322229008,0.7327022125433106,1,0
28.77501799724996,75.94634088687599,52.80662763863802,7.941554926335812,4.850580777972937,4757.263403478806,0.001629828365169299,0.7324381329473278,1,0
26.979843792505562,97.49294225126505,74.14355203509331,11.861580960452557,5.493639336898923,4646.543488997032,0.0009386732398198309,0.7325383734981212,1,0
39.12012755405158,64.96039977297187,46.02919600903988,6.598279092460871,3.9867268055677414,4782.706099738599,0.004681650654513279,0.7328979028538697,1,0
38.64646705798805,98.23647797107697,71.34936112910509,7.782647363841534,4.9383590668439865,4754.601756664541,0.001056683385345969,0.7324792762151956,1,0
28.38917275890708,79.79245888069272,48.2325666770339,10.11489150300622,3.900262938812375,4715.788845129166,0.001552773582568752,0.732424673516427,1,0
30.182080077938735,87.15287473984063,69.96252052485943,6.172804299741983,3.2933224104344845,4781.093086068086,0.0008169870311416265,0.7326822396687063,1,0
33.042232622392476,68.90416740439832,50.595932751894,11.361481927335262,4.292513115331531,4699.662036969143,0.005122313491205308,0.7337165907835457,1,0
34.968758025206625,91.31845011375844,42.54434332251549,10.994157906621695,4.571029417682439,4680.367788610694,0.0014986487021976184,0.7327088881956813,1,0
32.21160666551441,61.326531590893865,76.93012557923794,7.278379574418068,3.5717715830542147,4772.18356504044,0.0043608274254466305,0.7331901864786761,1,0
26.56478140503168,105.4294023104012,56.118760369718075,9.709509775042534,4.178368490654975,4703.683488821999,0.0006268209620217829,0.7325107472473777,1,0
36.92507711239159,75.24217054247856,64.25418306142092,8.94977506622672,5.216531152371317,4732.212681634372,0.003739847316582985,0.7331945021330383,1,0
36.26771008130163,105.06802107207477,49.393708892166615,11.807451635599136,3.0865896558389068,4645.448488662894,0.0009064959160416988,0.7324962070002742,1,0
26.02463869843632,72.53395178355277,70.00751670449972,6.476628553122282,4.431229789741337,4775.525899473004,0.0012854221443437974,0.7326718870222665,1,0
31.612833524122834,94.08131478354335,51.79625503718853,10.420247297734022,5.0376699743792415,4692.801152796982,0.0010994135703143468,0.7326885506110851,1,0
34.487208873033524,61.7425587400794,68.65969732403755,8.227131307125092,3.7322493800893426,4765.658043777984,0.005665338315925983,0.7331981808696324,1,0
32.64856616035104,86.00357364863157,75.77440962195396,8.597361523658037,4.079048092942685,4742.894661744841,0.0013630711980317364,0.7324739685721483,1,0
29.905580496415496,66.9705287925899,43.89052711427212,9.311717368662357,5.384554294403642,4727.8969611956945,0.0034707334737471692,0.7336664147603356,1,0
27.936912518925965,100.21293693222106,63.05943991988897,6.87910283356905,4.777771681081504,4770.261833675436,0.0004517816372804973,0.732565284656572,1,0
38.31137381028384,80.98458032123744,57.42577005177736,10.64327447488904,3.4330453439615667,4701.784892175702,0.003560373432836498,0.7329919252727628,1,0
39.71889357082546,94.7290285397321,60.26525191962719,9.458999164402485,4.398262695875019,4722.098651263882,0.0015548076957795861,0.7325097429326356,1,0
27.461400013417006,64.54332358203828,59.62913766503334,8.626068402081728,3.2098726923577487,4747.189667325728,0.0029224530903865084,0.7334508111088025,1,0
29.432377847842872,108.64542968571186,78.56615621596575,11.080561000853777,3.8530880487523973,4657.388042364236,0.0007613689132517537,0.7327171615392818,1,0
34.057437335141,78.65503648295999,41.67983528226614,7.391196705400944,5.002258475404233,4763.134189504338,0.001882911600630839,0.732642344764124,1,0
35.896531217731535,101.07427978888154,53.960560224950314,6.247532945126295,5.280803085304797,4780.846356479497,0.0006332498481539144,0.7325130057492515,1,0
31.139180599711835,82.82709889113903,65.82644689828157,11.462533056735992,4.131547051481903,4681.571551603054,0.0017477774544460178,0.7324319377981985,1,0
25.549576245248318,90.18522462807596,47.22207948565483,7.543899804353714,3.487987478263676,4758.312149748846,0.0006649366528924732,0.7326896638959058,1,0
37.67477889545262,71.74273048527539,72.8383257240057,9.802856337279081,4.676463684998453,4725.714245351743,0.005617091915987892,0.7336179226610344,1,0
37.7009057905525,90.16506764106452,61.519274935126305,6.587590618059039,5.480234424583614,4777.6851218429265,0.0011641921276782084,0.7324586645298359,1,0
25.58291571214795,71.89192296005785,58.38613912463188,11.872270965948701,4.012379326857626,4681.876621691899,0.002096627189995171,0.732551545274065,1,0
31.113337124697864,101.1510138772428,79.82022035866976,7.92793714441359,3.3666862240061164,4748.331080287169,0.0006385455030552732,0.7326907173723398,1,0
35.862793889828026,82.68255595117807,40.436719320714474,10.168660355731845,4.873751324601471,4713.838115788736,0.002425294514416699,0.7324057240594941,1,0
34.0251279482618,108.81371278315783,52.707071267068386,9.000804143026471,4.5171299944631755,4719.683143001299,0.0006796488167465298,0.7326810815784507,1,0
29.407051927410066,78.65087216719985,67.07135278731585,8.334055876359344,3.010131427552551,4747.5847722201015,0.0013901277573817165,0.7326664277167408,1,0
27.494336143136024,94.60511551238596,45.96870198845863,10.765954976901412,3.656091261189431,4685.062695720404,0.00092084099486822,0.7325004890857868,1,0
39.74370718933642,64.63758665136993,74.08319644629955,6.955640958622098,5.12387922918424,4775.119589884072,0.004853196487683311,0.7331862539743178,1,0
38.34419102873653,100.06229382939637,48.137892968952656,8.9369813259691,4.191811596509069,4726.099567433732,0.001062771128241623,0.7326969286856452,1,0
27.961845048703253,81.00638463161886,71.25482585281134,9.722304867580533,5.190916824620217,4719.161748401555,0.0014321327471473605,0.7326296849475832,1,0
29.873152198269963,86.14665850996971,50.540321692824364,7.268515901640058,4.586878129746765,4767.268805615133,0.0009889373516867098,0.7324603017442286,1,0
32.62335915118456,66.89543755725026,69.90704759955406,11.004022931680083,3.5485628615133464,4716.815948351485,0.004979372527988143,0.7335180493915872,1,0
34.46147536858916,94.08401655033231,77.03091219067574,11.351571315899491,3.2799171628430486,4672.847733921413,0.0011952674043781376,0.732485754949311,1,0
31.578986225649714,61.57591104507446,42.64497272670269,6.182713581249118,4.3181658973917365,4781.899475198387,0.003177039362660979,0.7329826330317659,1,0
26.05087556410581,104.97231184504926,64.31590732187033,10.102050824090838,4.922471919097006,4690.057163074882,0.0006477171537339955,0.7327095901249167,1,0
36.30093957763165,72.65951958484948,56.180327124893665,7.7954867128282785,3.9234338207170367,4758.288419690464,0.003653288854426611,0.7330195390829115,1,0
36.89970470033586,105.3893075697124,70.1034252718091,10.653094617649913,4.764361693058163,4676.394798856278,0.0009629980724055947,0.7327129928919998,1,0
26.532432679086924,75.42330514639616,49.489450715482235,6.869284043088555,3.458702922333032,4770.946081563633,0.001262783557544703,0.7326641473203798,1,0
32.236345182172954,91.3752583693713,68.71654354035854,9.324466863647103,4.063156130257994,4725.948550880997,0.0011307785177588456,0.7324634404240645,1,0
35.0016262056306,61.213942700996995,51.85293421149254,8.58461338095367,5.407729898113757,4758.203968994979,0.0058045552092874,0.7333590350090491,1,0
33.07561142835766,87.33785309828818,43.79096582531929,8.240016968920827,5.051117802038789,4744.554492610544,0.0012837526058872585,0.7326974115730235,1,0
30.20825346466154,68.87092198245227,75.67499630153179,10.40736030600965,3.7066302374005318,4715.677192656038,0.003501088499175853,0.7334214946079568,1,0
28.355503380298615,98.12924828380346,57.36527141183615,6.486584862694144,3.102443164214492,4777.282060134477,0.00047944851169240177,0.7326711469692754,1,0
38.62069868482649,79.8576289229095,62.99908895045519,11.797493996098638,4.408016327768564,4670.49075785333,0.00523736125799046,0.7334349070281019,1,1
39.08634105231613,97.31320612132549,59.534459337592125,9.816429695114493,3.5014356411993504,4709.458446737105,0.0012810412143890602,0.7326829542678553,1,0
26.95419254247099,64.99888742342591,60.170721262693405,7.530327977612615,4.650844281539321,4760.635688523647,0.002489040287658152,0.7331806793174397,1,0
28.808279680088162,108.39757536537945,41.62421930581331,11.473176391795278,5.296656854450703,4642.830019127855,0.0007618643258594573,0.7327018342467886,1,0
33.543577902019024,75.88794491253793,78.51068820804358,6.236891141161323,4.108333254233003,4780.084840421001,0.0017798810050630527,0.732666242477755,1,0
35.46912832185626,103.08453625999391,65.92723842710257,7.401792565360665,3.8396783214993775,4761.682915002668,0.0007059475767662563,0.7324782275904238,1,0
30.836836649104953,83.83178849704564,54.06118471175432,11.069963632151484,5.027915718499571,4689.63584009164,0.0016279707903847852,0.7324396285113268,1,0
25.130656366236508,88.97282401099801,72.90005460381508,8.639594284817576,4.382371068466455,4736.581615440754,0.0007889482089942654,0.732701120247056,1,0
37.36581164877862,69.9153894931078,47.28364162147045,9.445471772924066,3.233048035297543,4741.580667549291,0.005327805702006769,0.733341115246253,1,0
37.51558191142976,101.98046964593232,51.19654480367899,11.668236555531621,5.1544478693977,4652.033776769644,0.0011771253446737659,0.7325161243971816,1,0
25.2729987539351,81.95103778503835,69.33264952152967,6.428338011726737,3.691480520181358,4780.456384658353,0.0007725220387323965,0.7324641428158797,1,0
30.9216023189947,90.89610859751701,47.62220300734043,10.371870031580329,3.047917370684445,4697.45558571739,0.0010119208879900195,0.7326993764960433,1,0
35.561114442534745,71.06198998168111,72.00851440429688,8.088014395907521,4.550104892812669,4754.221636477704,0.003892602133869492,0.7331350832467094,1,0
33.8689578929916,95.43418990448117,64.88404899835587,8.45530873350799,4.818807513918728,4740.8866010543425,0.0009834671694201893,0.7325587430742473,1,0
29.126460454426706,63.90568673610687,55.51815278828144,9.266264358535409,3.3166871215216815,4743.5749919088175,0.003809224007426023,0.7334535301057749,1,0
27.3317551612854,109.54589842818677,76.27096723765135,6.833746561780572,3.9599060541950166,4769.279119411918,0.0003515468771266399,0.732491380248259,1,0
39.47135322727263,77.82208350487053,43.154711462557316,10.50113639049232,5.422806869726628,4699.100429378942,0.005090222792896321,0.7335207271472504,1,0
38.99837979581207,85.3167215269059,79.06515814363956,9.504446754232049,3.892904649954289,4727.656907000452,0.002607322710810471,0.7324248994300752,1,0
28.740398013032973,67.62647450901568,40.95134079456329,8.76811501197517,4.887121868785471,4742.986468070413,0.002891135093061199,0.7330598536640381,1,0
30.53375099785626,99.33078041300178,62.09229949861765,11.222705779597163,4.2803404475562274,4664.046273079574,0.0009702732066571527,0.7327087468393833,1,0
33.393673710525036,81.8358451500535,57.72884767502546,7.43655757047236,3.2469030930660665,4766.614022484559,0.0014559653613153783,0.7324426592892526,1,0
35.086281429976225,104.14351899176836,45.457894913852215,6.295818915590644,3.6035437947139144,4778.935986237972,0.0005748205287878225,0.7326878793253813,1,0
32.32844258658588,73.39170103892684,74.8417678847909,11.601741464808583,4.636914019472897,4684.790574624165,0.003626538869517729,0.7331564468412327,1,0
26.68209165800363,93.3521215710789,53.368177115917206,7.683022918179631,5.243353012017906,4755.45786036009,0.0006001725295863848,0.7325061338207746,1,0
37.042157533578575,62.40499037317932,66.50183744728565,9.8512390460819,4.249202326871455,4750.54606102556,0.007362727094155081,0.7332568591213318,1,0
36.61916642449796,92.20671825110912,42.29993559420109,7.084213184192777,4.463012017775327,4767.814419277716,0.0011380312962679107,0.7324994838063538,1,0
26.376322973519564,60.48137689009309,77.91672050952911,10.824889903888106,3.1524654985405505,4723.158690602018,0.003863600100938997,0.7336584597369794,1,0
31.9640453113243,106.12234984524548,59.03833869844675,8.368860935792327,3.7590612140484154,4738.024896048617,0.00061303706422485,0.7325028309938711,1,0
34.83910646755248,74.5923217292875,60.90491693466902,9.153494792059064,5.1085125603713095,4731.132741826849,0.0033025867968368046,0.7330367636512835,1,0
32.7656332263723,98.95956403575838,73.48776590079069,10.297185374423862,5.377186864614487,4690.10372696042,0.0009646629772959569,0.7327145788399111,1,0
30.02287549432367,79.12391860969365,46.60197410732508,7.986916417255998,4.027821125462651,4753.701880465522,0.0015212280666265937,0.7326540683828482,1,0
28.053763583302498,88.07127693668008,65.1867863535881,11.907028818503022,3.420881789177656,4656.616646842654,0.0011755562706061973,0.7327257250895111,1,1
38.42891068197787,68.04031975567341,54.5513541251421,6.740325612947345,4.731342105194926,4772.780163286642,0.004023210007345685,0.7332492060301788,1,0
39.83574332203716,107.56659073755145,67.98097435384989,7.737291360273957,3.1780891697853804,4751.884237895201,0.0007249145694430934,0.732672915493119,1,0
27.578937360085547,76.62098597735167,52.34798651188612,9.972753329202533,4.332385819405317,4719.050029092996,0.0017379270112063694,0.7324430674094006,1,0
29.549444438889623,96.58064226619899,70.69601930677891,6.030751062557101,4.97544795460999,4785.634124951051,0.0004831367322158508,0.7324935300577283,1,0
34.17473364621401,65.83034926094115,48.812665939331055,11.316029543057084,3.7822464406490326,4714.368444193316,0.005831063857859659,0.7337142332531198,1,0
36.247741635888815,88.14222075976431,56.87403351068497,10.9457803722471,4.138915459159762,4692.129681751144,0.001883749354211529,0.7324364382000362,1,0
31.491078613325953,70.64881230704486,63.738167360424995,7.139262752607465,5.3320313659496605,4768.476405205171,0.0022366405083030657,0.7326319772524622,1,0
25.90103216934949,102.35082771629095,44.47156500071287,9.570295142009854,4.688626206014305,4706.870961358256,0.0006372957135203891,0.7326732858144848,1,0
38.02646453958005,84.66210601851344,75.08591149002314,8.901483898982406,3.534415759611875,4738.2777545736335,0.0022187858828235864,0.7326259179494988,1,0
37.92255917098373,109.63660072535276,42.948074489831924,10.003115130588412,3.669321974273771,4696.397143382891,0.0007958419279010284,0.7324827347471626,1,0
25.80436530057341,77.32225818559527,77.3125260323286,7.718480939045548,5.176320317666978,4761.101939208314,0.0011471177608227837,0.7324308703010471,1,0
31.334773944690824,95.72020106948912,55.897514782845974,11.287768984213471,4.533067428972572,4665.984459349982,0.0011051043400038061,0.7327217125000125,1,0
36.084484569728374,63.21054677478969,64.01156265288591,6.047091169282794,3.065279088448733,4786.203634919945,0.00370177057017457,0.7328676715069677,1,0
34.27612109109759,90.80999399535358,71.59442413598299,7.2149476278573275,3.3336578281596303,4765.517148131074,0.0010084543747223128,0.7326755898599809,1,0
29.6577840577811,71.5572223905474,48.4611376747489,10.881649738177657,4.801512553356588,4703.8621746124945,0.0028890368020375113,0.73286030752055,1,0
27.745084171183407,101.69905064627528,69.58256028592587,8.824796414002776,5.445032172836363,4726.195910777514,0.0005779565276265265,0.7326779195574904,1,0
39.994651856832206,82.64159228652716,50.199524611234665,9.635065035894513,3.9379668487235904,4718.854896673098,0.005004068222542044,0.732999224871937,1,0
38.59128094278276,93.0659189261496,67.41337236016989,10.84140739403665,4.9089753879234195,4686.807552515526,0.0017649180316907077,0.7324907525250797,1,0
28.209124449640512,63.09994034469128,53.02789229899645,7.056130008772016,3.8707268768921494,4768.921524051754,0.0029370453566368074,0.733118004981372,1,0
30.120486388914287,104.05262670479715,73.76117065548897,9.134873198345304,3.2642455836758018,4717.288884000489,0.0006515365430122044,0.7327042012908715,1,0
32.87042517680675,73.89133487828076,45.625445768237114,8.399411564692855,4.263284054584801,4751.195146421379,0.0026611952228209976,0.7326198917478256,1,0
34.67925413046032,99.61238940246403,58.68681989610195,8.051863694563508,4.61963828606531,4747.1878295392535,0.0008364784495462254,0.7325003315063134,1,0
31.79701169487089,81.14548212848604,61.80331215262413,10.220675272867084,3.620533430483192,4709.7856589082985,0.0017452670693731463,0.7326523999565063,1,0
26.268869936466217,85.40302760899067,40.15144515782595,6.6763838063925505,4.2272820505313575,4774.957977072217,0.0007333885603736426,0.7324868132722533,1,0
36.51872300542891,67.13143208995461,79.51833512634039,11.982902521267533,5.265597542282194,4698.12980985007,0.00714970245148478,0.7339866724220052,1,1
37.15042562689632,87.38568247295916,54.34478219598532,8.75011139921844,3.1353326626122,4741.9610037524135,0.0015971204591469154,0.732448833410531,1,0
26.783407577313483,68.32974943332374,66.22835654765368,9.533967414870858,4.479820599779487,4726.7801220488,0.002540248125882407,0.7331392917695586,1,0
32.48730820603669,98.46929017454386,46.98128059506416,7.453738817945123,5.086716406047344,4757.215165317327,0.0007026744459580378,0.7326974405060238,1,0
35.25238532572985,79.2180453799665,72.61525861918926,11.19363841228187,3.7811434660106897,4692.5755257732,0.003109477016536236,0.7326154188863753,1,0
33.29707836732268,106.80948024615645,60.49076162278652,11.53823453374207,4.04953144909814,4643.836746990402,0.0008823783392483401,0.732753004839682,1,0
30.429917154833674,74.3013508990407,59.877261966466904,6.370845755562186,5.355190443340689,4777.966438613889,0.0014772812533599582,0.7324764851573493,1,0
28.57718386221677,92.69853251986206,78.16668678075075,9.91666697524488,4.7485607718117535,4706.936944178036,0.0009578216081669243,0.7325095495973359,1,0
38.84211804252118,60.38571641780436,41.30293633788824,7.605711730197072,3.40398737648502,4777.514620622377,0.006177713014362282,0.7330825241736123,1,0
39.30436252616346,102.84167303703725,75.99749580025673,6.399459471926093,4.349213330540806,4781.3303689615,0.0007782542933292333,0.7324539759473271,1,0
27.171945739537477,84.5685521978885,44.13130693137646,11.685606630519032,3.1609755610115826,4672.051898840159,0.0011922425606519897,0.7324819122139029,1,0
29.026088560931385,88.82838817313313,62.657511197030544,8.117712439969182,3.80434791976586,4751.590164492008,0.0009335482136575993,0.7324658138061105,1,0
33.761576381511986,70.35995408892632,57.04156715422869,10.354043802246451,4.953670729417354,4713.489317920581,0.004665591084919509,0.7335642231831566,1,0
35.71643239352852,96.08825504779816,49.770588763058186,9.189141998067498,5.31001571752131,4721.960160322737,0.0011121268792600113,0.7326909106442918,1,0
31.083929664455354,65.92543827369809,70.40700521320105,8.520925490185618,4.160606853663921,4749.245526522478,0.003911835293467992,0.7334600675139779,1,0
25.377719178795815,106.8788888771087,51.548149809241295,10.576340613886714,3.5175024177879095,4677.560763629468,0.0011038991375209683,0.732546255754959,1,0
37.61312128044665,76.91138385795057,68.43416854739189,6.77041701413691,4.70582564547658,4770.225666925318,0.002439400447576669,0.7327473446279779,1,0
37.29415000882,94.88997900858521,74.50158428400755,7.547514947131276,3.9953895467333496,4761.348140180794,0.0010833448270244114,0.7324739542105505,1,0
25.0512986863032,63.94435040652752,45.13523790985346,9.7873680498451,5.4975103116594255,4721.148380256963,0.0029200305492223647,0.7336842736422321,1,0
30.699958326295018,108.90327355824411,66.82569891214371,6.218881806358695,4.851506948005408,4778.027898663915,0.0003454503102083376,0.7327725472780632,1,0
35.33965993672609,78.15295671112835,53.709597662091255,11.502691330388188,3.3886063559912145,4687.163780123788,0.0032839391802274402,0.7328436510273606,1,0
33.618214782327414,100.86768408305943,40.64760364592075,11.135397283360362,3.032309046946466,4667.2002783680555,0.0008795627136818847,0.7326959575551879,1,0
28.875506399199367,83.37425178848207,78.78417730331421,7.3244870994240046,4.495276619680226,4765.039235864941,0.0010651610960458909,0.7324812034952265,1,0
27.080771406181157,90.07704801857471,58.011065162718296,9.381959119811654,5.140935766510665,4720.1125114057595,0.0008963615625242083,0.7325159061986963,1,0
39.2206161795184,72.3883024789393,62.39724140614271,8.71461540274322,3.638748616911471,4747.940797684831,0.005495190955361383,0.7333105037194397,1,0
38.75105409882963,104.88332401961088,55.21687716245651,6.8989878091961145,5.208211631514132,4767.737896720411,0.0007284311782346715,0.7327142889258937,1,0
28.493326175957918,73.15800650045276,64.60060901939869,10.635274110361934,4.1748410342261195,4707.988628112458,0.0022901020729355227,0.7325938849939949,1,0
30.286666895262897,93.79972451366484,43.43935023993254,8.555729119107127,3.5705022113397717,4737.268905015742,0.0008552292733829006,0.732692487118549,1,0
33.146385815925896,62.269720239564776,76.57348547130823,9.341831216588616,4.564652672968805,4751.203574180546,0.005983948988621352,0.7332382045085145,1,0
34.8682955512777,86.23410667292774,68.99000409990549,10.482570251449943,4.29629330476746,4700.456756398827,0.0018179495743844685,0.7326554394756182,1,0
32.110653347335756,66.39848508872092,50.87634723633528,8.176693143323064,3.30207586241886,4757.603132133469,0.0038248355683095448,0.7331595823601588,1,0
26.464318707585335,100.34505067393184,72.32995487749577,11.720365913584828,3.9060722566209733,4648.428696732777,0.0008546763700261401,0.7325522979987965,1,0
36.82412357069552,80.31411733478308,47.966046929359436,6.552195897325873,4.9395092385821044,4774.1948547917655,0.0018121602973556498,0.7326610877927539,1,0
36.368209212087095,97.64011575840414,63.417493999004364,9.694038586691022,3.4370116721838713,4712.567714652438,0.0010355316249785595,0.7324935981298475,1,0
26.125555359758437,79.94984489865601,56.531866267323494,8.953315710648894,4.786377187818289,4738.329747954536,0.0012514838774544577,0.7324271743543813,1,0
31.713332878425717,86.65340574458241,75.42931567877531,11.034390455111861,5.390530304983258,4686.612746459714,0.00152188363176405,0.7324569475280643,1,0
34.58812575787306,69.15844663977623,44.7934428229928,7.249711202457547,4.080069616436958,4762.685182240701,0.003478225743219289,0.7333055816275054,1,0
32.54395855590701,91.868976354599,52.06380132585764,6.10602037422359,3.7237439998425543,4784.237343198522,0.0007716436342934712,0.7324880752380639,1,0
29.801447642967105,61.11713455989957,67.68044155091047,11.416335487738252,5.034290146548301,4715.5142180070225,0.005844505554065073,0.7324725177405369,1,0
27.832305137999356,106.07834783382714,49.11440350115299,7.87117731012404,4.429793408606201,4744.148390411294,0.0004782657643586636,0.7327120085471711,1,0
38.20724118035287,75.13119279406965,70.98144114017487,10.037925912067294,3.0803418387658894,4722.07286692907,0.00506202203875338,0.7333795251601131,1,0
39.61794382892549,89.65708137489855,46.320212595164776,11.853643650189042,4.6728408564813435,4661.943584997015,0.002643605244944082,0.7326345544540507,1,1
27.36093396320939,69.6276733558625,73.18481180816889,6.618135524913669,3.4797251732088625,4773.408102331612,0.0017662814726970841,0.7327906026601098,1,0
29.331427882425487,103.5734773054719,54.855550825595856,10.185183567926288,4.12522752257064,4688.909279112853,0.00075667765805504,0.7327093587056671,1,0
33.95697106141597,83.7393825314939,65.46974666416645,7.899859691038728,5.2794383415021,4755.53505638812,0.0015219603517827934,0.7324605769337296,1,0
36.00068821106106,107.70872658118606,77.59362377226353,8.27010834775865,5.0111072808504105,4736.576481968782,0.0006935094868976121,0.7328051846534555,1,0
31.24376406427473,76.18024725466967,41.96018934249878,9.076672123745084,3.8568110037595034,4740.159795621307,0.0021059015065701884,0.7324591047138841,1,0
25.653733015060425,96.81967812590301,61.24586168676615,7.020593957975507,3.2109656296670437,4769.820422766409,0.0004784738965514947,0.7324806223169238,1,0
37.779362136498094,65.09588704444468,59.362678341567516,10.689450597390532,4.404167367145419,4735.196523228471,0.007374878583778737,0.7321713682009906,1,0
37.88854962680489,99.14044448174536,78.29746402800083,7.289721792563796,3.07512774085626,4761.911369131101,0.0008493275161160158,0.7326963462274358,1,0
25.63153517898172,81.67141432873905,41.411378383636475,10.982839928939939,4.541838112752885,4689.422450715373,0.0013529903735921677,0.7326670344390986,1,0
31.29159666597843,85.12714918702841,60.38744989782572,8.914219038560987,5.185240292456001,4733.420885787292,0.0013410857841116366,0.7326657218167131,1,0
35.917135486379266,67.46280578896403,59.751119427382946,9.745044266805053,3.679624460171908,4738.554899208849,0.005641211416169052,0.7334241991756775,1,0
33.97642253898084,93.58974708244205,47.178338281810284,10.080867821350694,3.9479549201205373,4706.410399078059,0.0011689328880688057,0.7324788823551265,1,0
29.21949403360486,62.619787864387035,72.79421541839838,7.816692603752017,5.453656210564077,4756.513750098084,0.0033513461751387735,0.7334952679039267,1,0
27.439908827655017,104.3803824018687,54.15077596902847,11.374310715124011,4.810598247684538,4650.766717778105,0.0007977321733879543,0.7327360134175583,1,0
39.56553336698562,73.60573493875563,66.01705081760883,6.159951293841004,3.3438018215820193,4778.1841040958025,0.002993773776891388,0.7330363469223488,1,0
38.156211134046316,91.0620782431215,51.36146787554026,7.95360623113811,4.252521122805774,4753.195379877019,0.0014247401086787447,0.7326310877584151,1,0
27.913561640307307,71.250787274912,68.22530429810286,10.142968380823731,3.254560583271086,4721.030466839303,0.002186604855789941,0.7327149836255931,1,0
29.694556375034153,102.14567551389337,49.9749705940485,6.563477927818894,3.861500515602529,4772.373376983225,0.00046549166899794895,0.7327781066430354,1,0
32.56935383658856,82.13907279074192,70.58840334415436,11.89640654437244,4.898366478271782,4667.235869076989,0.0020938263892624005,0.732637114176669,1,0
34.50961561407894,109.33263920247555,62.556640803813934,10.740263001993299,5.254692695569247,4669.314556488933,0.0008162132601949492,0.732519604287164,1,0
31.7671092832461,77.58291954174638,56.922748759388924,6.981310045346618,4.217741274740547,4772.105259330081,0.0016450760285563186,0.7324513768817204,1,0
26.104737939313054,95.22169296629727,76.13071452826262,9.02493972145021,3.6111437710933387,4729.079328375512,0.0007185326400354881,0.7324882161566475,1,0
36.479678340256214,63.66728655062616,44.2470732703805,8.309943186119199,4.609190364833921,4761.574549509976,0.005964092524304373,0.7332745456542858,1,0
36.72685964498669,96.41619849950075,69.38159231096506,11.451878925785422,3.7703817076981068,4668.349779775685,0.0013249073978938986,0.7324857759663843,1,0
26.469128928147256,65.640026088804,50.01478832215071,6.258165718987584,5.077032616361976,4776.664685761567,0.0016993100284638232,0.7328775908671151,1,0
32.072884142398834,107.40291074849665,71.78379513323307,9.839100452139974,4.470593027770519,4697.8421409205175,0.0007303715204391233,0.7325126365871689,1,0
34.93260049261153,76.43142509274185,48.66723597049713,7.507680108770728,3.1247225794941187,4765.4750521376,0.002230973124025557,0.732618023217556,1,0
33.13882923685014,102.56561282090843,55.76210230588913,8.660868862643838,3.393081356305629,4734.80844865678,0.0007165657558027566,0.7324807390096852,1,0
30.381184462457895,84.89974410273135,63.89791317284107,9.42417430691421,4.739018785301596,4724.448787362569,0.0013617433429044265,0.7326473997711831,1,0
28.42444337438792,88.35624357685447,43.047475926578045,7.379144696518779,5.3458019946701825,4760.25463373802,0.0007843621995682463,0.7326890843069332,1,0
38.78424544353038,70.88568661361933,77.43288908153772,11.092634389176965,4.039084701333195,4715.093356046389,0.006821135083861857,0.7322281200453905,1,0
39.259765576571226,106.31115989759564,40.25817073881626,9.298889307305217,4.963515786919743,4716.0889252498455,0.0009300939636869306,0.7324994611463237,1,0
27.016916824504733,74.75827842950821,79.6411395072937,8.61021382547915,3.8131150458939373,4748.583018720556,0.0016532782299910418,0.7324215616278978,1,0
28.97231996525079,92.39476471208036,58.55873171240091,10.677298882976174,3.169899093452841,4689.372627677349,0.0009644622682597802,0.7325038186829014,1,0
33.61202436964959,60.646571489050984,61.692104153335094,6.8450568895787,4.359519411344081,4778.3137221493325,0.004297924708081016,0.7329842098176059,1,0
35.40626087691635,87.83212554641068,73.95298313349485,6.5121853072196245,4.715817311778665,4778.213830358837,0.0011742797871283207,0.7324711680268573,1,0
30.663555287756026,67.82704814337194,45.838868357241154,11.771916439756751,3.526130013167858,4691.904091736182,0.004159195707426346,0.7324974266856243,1,0
25.06206695921719,98.72117474675179,67.21484571695328,8.215789815410972,4.169688990339637,4740.640440419762,0.0005514843158108207,0.7327170073548919,1,0
37.20191430300474,78.9114105887711,52.850480154156685,10.431564571335912,5.320156116038561,4706.47133573177,0.0036637396674500874,0.7326841223669597,1,0
37.57857097778469,85.95784938894212,49.22597397118807,11.245376536622643,3.3792274254374206,4686.030604476184,0.002376655128201842,0.7325556097615524,1,0
25.44615854974836,66.72947992570698,71.10909070819616,7.413909701630473,4.8410506821237504,4765.50296427702,0.0019499511776619276,0.7326700776119465,1,0
30.989855527877808,99.87424680963159,51.94063447415829,9.483149288222194,5.486594736110419,4713.699710283899,0.0007897076309382618,0.7324858692382256,1,0
35.725347930565476,80.8411905914545,67.5741545855999,8.78938958980143,3.9858571155928075,4741.111160393798,0.002287567373964153,0.7326396917635509,1,0
33.69588381610811,105.2114637941122,75.60651794075966,7.660375049337745,3.629511526785791,4751.367770227947,0.0006197945530218534,0.7327258970629941,1,0
29.063385669142008,72.8727906383574,44.99225549399853,9.87390980310738,5.130335201509297,4721.23371635574,0.0023722444224162234,0.7327717559217093,1,0
27.167607615701854,94.32240490801632,63.20428129285574,6.317093493416905,4.484524416737258,4778.677634114757,0.0004912450610175733,0.73268049140716,1,0
39.40301407594234,61.78841999731958,56.33976776152849,11.580443998798728,3.022615701891482,4734.052966980771,0.005973206078230916,0.7326398211714212,1,0
38.93482578918338,101.31545671261847,61.03997312486172,10.39607429690659,4.573725254274905,4689.325727310478,0.0011873734823452098,0.7326857923948483,1,0
28.567803157493472,82.87288005463779,59.17302116751671,8.063787242397666,3.5806521652266383,4751.923980030082,0.0011435186401751415,0.7326619390667511,1,0
30.464932625181973,90.32874818891287,77.77815032750368,11.642658999189734,4.184842218644917,4664.535308021376,0.0012718717406649393,0.7326851285330611,1,0
33.230005386285484,72.08148328587413,42.16144349426031,6.453938456252217,5.216829708777368,4773.166087730291,0.0020612969868165766,0.7327999214307452,1,0
35.25901922490448,94.39032984897494,54.73482545465231,6.809519408270717,4.948442326392978,4769.602647604164,0.0008947663775283233,0.7326938682073564,1,0
32.39185365382582,64.39994912594557,65.37078399211168,10.525340655818582,3.916368782054633,4727.502631030121,0.005608121884227322,0.733595391775428,1,0
26.84590314514935,108.59969089739025,46.434224396944046,8.480909178033471,3.3119114018045366,4730.629917704984,0.0020411049622930805,0.732716970473532,1,0
37.11083274334669,78.41399692930281,73.31978552043438,9.240686802193522,4.30506994901225,4730.876237336087,0.0033635910333685956,0.7328707839234226,1,0
36.57069003675133,108.23160665109754,57.829304561018944,6.007988775148988,4.089145792648196,4785.398416517638,0.0005088515602022786,0.7326463098835216,1,0
26.18853611405939,75.69914668798447,62.19329819083214,11.338768942281604,5.40068381652236,4689.274012643042,0.0018160504489981306,0.7324122633480042,1,0
31.910304501652718,97.1479996945709,40.85683036595583,7.758497251197696,4.796374814584851,4755.336346693158,0.000751773095143012,0.7324779398207436,1,0
34.6602460835129,64.81085297651589,78.9704206213355,9.951570326462388,3.4456261545419693,4742.432995488045,0.005743166237934278,0.7332411914123914,1,0
32.953505804762244,89.18608379550278,66.71014245599508,9.593034541234374,3.0892713316716254,4719.5744129504255,0.001137043661807248,0.7326646811682406,1,0
30.071266163140535,70.1545528974384,53.57609290629625,8.878721611574292,4.440086376387626,4740.413198024906,0.002779410762673259,0.7329025869677218,1,0
28.232709909789264,103.29703226685524,74.6201927959919,10.924597369506955,5.044129243586212,4665.10003456531,0.0007862835911074132,0.7327306314357579,1,0
38.48256554920226,84.07018961384892,45.236394330859184,7.160468643531203,3.7325242389924824,4767.781248680362,0.0019083660446380583,0.7326509214046728,1,0
39.88457029685378,91.56559336930513,72.45588768273592,8.344748245552182,5.270058237481862,4743.30846890589,0.001635294297768526,0.7326722194113052,1,0
27.766373632475734,61.378374453634024,48.06964483112097,9.177630370482802,4.114770045969635,4746.732243713485,0.004133095764188601,0.7333186908500298,1,0
29.603535612113774,105.57888046838343,68.88177178800106,7.109882270917296,3.468810808379203,4765.834535692082,0.0004592848197377154,0.7324926080003469,1,0
34.35324366670102,75.58697330765426,50.74528381228447,10.799197928979993,4.6633095988072455,4699.961532687643,0.003623914529347736,0.7329612969454342,1,0
36.06044830288738,97.89162221364677,43.65101829171181,11.93116439692676,4.394931450486183,4646.345003664187,0.0013038581849536682,0.732722613540543,1,1
31.44210869912058,79.64283199049532,76.76705293357372,6.7162129227072,3.200366275385022,4775.584756744087,0.0013553738376229584,0.7324693521628182,1,0
25.72266531176865,87.10099061951041,55.037558041512966,10.271493399515748,3.846057590097189,4701.199780734585,0.0010353485542723812,0.7327111139826973,1,0
37.972230203449726,68.65688715130091,64.40399009734392,8.012585503980517,5.001412762328982,4759.642966442662,0.004996255802348838,0.7331917141870065,1,0
38.10999555513263,93.63376772031188,57.2641721367836,9.113667285069823,4.862846831791103,4727.694485488941,0.0014057017389287418,0.7326595711920346,1,0
25.85319216363132,62.080910094082355,62.88049943745136,8.420594589784741,3.3571451688185334,4752.573573687676,0.0029806700130948277,0.7334149129758907,1,0
31.513283853419125,104.71812951378524,43.924413435161114,10.864169703796506,4.002989946864545,4668.088865207756,0.0008430756695527726,0.7327233481150053,1,0
36.138575854711235,72.96996013261378,75.7905337586999,7.033390587195754,5.4697861494496465,4764.265415719666,0.002698793603499762,0.7329385992402572,1,0
34.22715106513351,100.55832237936556,68.53024307638407,6.697566831484437,5.1131165395490825,4771.878800509311,0.0006378392473782498,0.732697314181706,1,0
29.470490836538374,80.55326881818473,51.64368849247694,11.961696607992053,3.64640594413504,4669.075665118317,0.0017026940970449515,0.7326230360248027,1,0
27.690849946811795,86.44661460071802,70.30742563307285,8.029124272987247,3.000905382912606,4754.40542367066,0.0008791790259664834,0.732465954268595,1,0
39.81628488749266,66.63687428459525,49.67123031616211,10.243437582626939,4.506520842667669,4740.848801443935,0.007757996870015758,0.7333279719401037,1,0
38.403494195081294,109.093596637249,73.09673082083464,11.26209987513721,3.558550690766424,4657.628563296093,0.0008965446688578514,0.732495194826025,1,0
28.16064795013517,78.31740038469434,47.46297989040613,6.072783166542649,4.595502484124154,4782.142000076741,0.0010421292513957635,0.7326504936452732,1,0
29.941625893115997,95.07953998632729,65.73361366987228,10.027227843180299,5.200002202298492,4701.794628050406,0.0009413056166175241,0.7325167969751492,1,0
32.816684478893876,64.10803048871458,53.84949751198292,7.694345338270068,4.201955832075328,4764.114826880653,0.004308617613763821,0.7333120367876136,1,0
34.72764468751848,89.83941002748907,41.75522543489933,8.850488411262631,3.9332821192219853,4735.438122169615,0.0013125536736913544,0.732493014248942,1,0
31.98488438501954,72.17351746745408,78.61890137195587,9.609395926818252,4.931242882274091,4723.223842002819,0.0031560473650684416,0.7331632024040987,1,0
26.32252491544932,100.63080968335271,59.43091873079538,7.190812027081847,4.3270855927839875,4764.953149477531,0.0004487601360699278,0.7324790207573413,1,0
36.69766922015697,83.16022887825966,60.044807605445385,10.905762450769544,3.290220002643764,4697.397797012516,0.002510068545341704,0.7324504480265408,1,0
36.97783088311553,103.38468010537326,46.16074334830046,8.139009883627295,5.41772128501907,4743.692223167017,0.0008134463105153893,0.7325373235326473,1,0
26.71985345892608,83.57341297902167,74.29639015346766,10.332769246771932,4.071784079540521,4705.141193775813,0.0012453565870274585,0.7324821978963363,1,0
32.323639770038426,89.46904627606273,52.50831574201584,6.376788737252355,3.467784705106169,4779.259135513583,0.000880125746063848,0.7326660798627654,1,0
35.18356706481427,69.46246739476919,66.89416952431202,11.708254477009177,4.774502370972186,4693.87560284094,0.006034845996074883,0.7339497481450948,1,0
33.360489322803915,97.05884199589491,79.92656446993351,10.555066058412194,4.417861068621278,4684.67827630103,0.0010890039188048873,0.7327290510710895,1,0
30.602655061520636,65.30914617702365,40.55990517139435,6.791714457795024,3.1112105324864388,4770.624300731881,0.0028388202572362862,0.733236546156047,1,0
28.645859183743596,107.94712685979903,61.39156822115183,9.211789844557643,3.715553527697921,4715.588924863155,0.0006067700297005111,0.7324844309150915,1,0
39.00592941790819,76.39274428598583,58.27454965561628,8.49825475551188,5.061424199491739,4744.207484169709,0.003947339639033688,0.7329401825414322,1,0
39.47752243373543,86.81783665902913,64.18087631464005,7.4793163519352674,4.097427550703287,4762.978643302057,0.0018641475765171721,0.7324733223775397,1,0
27.2349346941337,69.3487826641649,56.06629617512226,11.168037990108132,5.287114625796676,4694.50581536111,0.0027459927680619414,0.7332011006876037,1,0
29.190321937203407,97.80378438532352,77.1299321576953,8.72590715624392,4.641456075012684,4733.111971661134,0.0007337763557433419,0.7324949074106805,1,0
33.8298297021538,80.13941714540124,42.76571724563837,9.558194546028972,3.49098857678473,4727.582512676192,0.0020925522545241627,0.7324610235404104,1,0
35.653357496485114,105.86355024948716,50.33912483602762,9.891066553071141,3.2222865563817322,4701.940214709385,0.0007707737256866372,0.7324742958314598,1,0
30.91085569933057,74.89356718957424,69.72254019230604,7.631289264187217,4.372686924878508,4758.683076724429,0.001932611441496401,0.7327046271786236,1,0
25.30938013922423,91.65494254790246,48.32749284803867,11.562461664900184,5.018688500393182,4663.235802667994,0.0010212838074545906,0.7326595662586523,1,0
37.44897362310439,60.880271242931485,71.46069526672363,6.3466415125876665,3.829067958984524,4784.223093332337,0.004582350602219766,0.733035905264273,1,0
37.35687440261245,103.88819485902786,65.06644245237112,8.533058384433389,4.559037701226771,4734.184456944056,0.0008629289926907037,0.7326858450179146,1,0
25.224723098799586,73.70099978521466,54.45200998336077,9.364479063078761,3.058214250020683,4735.62906837471,0.0014821513405564217,0.732430483207254,1,0
30.768404682166874,92.90225085802376,73.6013962328434,6.920285252854228,3.701315705664456,4767.949712318822,0.000752684808218756,0.7326985677483725,1,0
35.50370033364743,62.9103675391525,46.73732928931713,10.613999554887414,5.163224793039262,4732.412067489139,0.00729245706627909,0.7336337707834824,1,0
33.44493330921978,85.6178246345371,58.83222125470638,11.743013760074973,5.431879134383053,4669.972986379824,0.0018243612828120455,0.7324484033471993,1,0
28.812639066018164,67.36905825324357,60.71548864245415,6.529525162652135,3.9700562502257526,4777.036926115299,0.002159079532985197,0.7327319756707138,1,0
26.91687417216599,99.82642414048314,42.48469103127718,10.461295695975423,3.3266880637966096,4686.877308235859,0.0007544004257055626,0.7326008461999788,1,0
39.152026660740376,81.38234451413155,78.11774577945471,8.197990586981177,4.827425907831639,4750.270376031857,0.002821696492188047,0.7324931673066937,1,0
38.68775045964867,95.90899920091033,44.64899614453316,6.194677563384175,3.237666319590062,4781.730802530518,0.000926083232990913,0.7326797787769668,1,0
28.320481008850038,63.37651539593935,75.28449527919292,11.526918461546302,4.2697396404109895,4706.068839468944,0.004639059001217054,0.7324831524684043,1,0
30.217641070485115,109.82463526539505,56.660591922700405,7.573092481121421,4.876369907986373,4752.824636859139,0.00044164225160339454,0.7326215878534343,1,0
32.982924887910485,77.48746470548213,63.54629773646593,9.761767627671361,3.8832109882496297,4726.775130868284,0.0024170596175661914,0.7324748789269753,1,0
35.041226437315345,101.45988733507693,70.80720830708742,9.406186250969768,4.239823675714433,4715.974140977726,0.0009141754557468796,0.73249872255426,1,0
32.17387126758695,82.42833259515464,48.940696977078915,8.6904111597687,5.23289639223367,4737.709913760449,0.0015886589008389997,0.7326703574974377,1,0
26.62786557804793,90.57159278541803,67.8581889718771,11.109796861186624,4.625998797826469,4675.51094958555,0.0010624558057190012,0.7327224812105962,1,0
36.893063453026116,71.34472629055381,52.241318076848984,7.350064633414149,3.5940110841766,4765.258706014271,0.003812059691943321,0.7330506315677312,1,0
36.31992591544986,88.63806416280568,76.48225381970406,10.207945877686143,5.099276997614652,4704.749830239751,0.0017551099381698204,0.7326575525337007,1,0
25.937575353309512,70.1955113466829,43.34866039454937,7.877120269462466,3.7484615803696215,4759.063828411073,0.0018288054364841056,0.7325526475979534,1,0
31.65932745207101,102.65211261808872,64.70511134713888,11.832437736913562,3.1417123642750084,4643.901755249009,0.0008535491681987646,0.7325184794375131,1,0
34.40953004639596,84.40487155690789,55.32115239650011,6.639318550005555,4.4533171453513205,4776.891167750361,0.0013234774057145726,0.7324612428791826,1,0
32.73208150174469,107.1165263094008,47.74836469441652,6.997854536399245,4.721962243318558,4764.4748291220185,0.0004947407381958132,0.732643936000139,1,0
29.84958800021559,77.12616942822933,72.11188342422247,10.712212907150388,3.410423995926976,4702.976021150668,0.0018955801104748341,0.7326549145952908,1,0
28.011044012382627,96.32513037882745,51.08808360993862,8.291291372850537,4.016907077282667,4739.555714990292,0.0006949290910764405,0.7327155571238406,1,0
38.2611034438014,66.13946025259793,69.2018149793148,9.055466210469604,5.367655364796519,4746.911370867546,0.006389366023547126,0.733450952630591,1,0
39.66656340751797,98.6352478992194,53.252391777932644,11.058503167703748,3.791175691410899,4676.730218441304,0.0014334487233466466,0.7325099269789311,1,0
27.548577687703073,79.40685459412634,66.36856157332659,7.225575601682067,4.98574123904109,4768.119034111481,0.0011150200481801834,0.7324499935277141,1,0
29.385769367218018,87.55087641999125,45.5767323076725,9.66836947761476,4.342224599793553,4718.372836477486,0.0011812474294578788,0.7324846726567711,1,0
34.13523071445525,68.51779635995626,74.94269542396069,8.97900770790875,3.186869651079178,4744.172667559136,0.004299963900760164,0.7334081048206614,1,0
35.813130205497146,92.48526137322187,61.91092036664486,7.847041709348559,3.5434915819205344,4755.538930248871,0.0010917364102383718,0.7324917678597759,1,0
31.19505876675248,60.14656437560916,57.52452298998833,10.06203862465918,4.698779996950179,4739.756463033925,0.006097985579397144,0.7335396330833396,1,0
25.475559304468334,106.5969713870436,79.27400339394808,6.131712371483445,5.342028713319451,4779.254820436347,0.0002411613609451939,0.7327116684087187,1,0
37.72493470925838,74.06296263448894,41.13796558231115,11.39066637866199,4.147530295420438,4696.721300048147,0.005868003140894574,0.7335366720193561,1,0
37.740866052918136,92.58409667760134,75.91631907969713,10.876868119463325,3.9013106487691402,4687.482274009824,0.001664163305735234,0.7324943713791445,1,0
25.483491350896657,60.05468940362334,44.03304036706686,7.208010585978627,4.934523684903979,4767.018925193746,0.002731492363990822,0.7331961156093101,1,0
31.20526554994285,106.49973348714411,62.92789690196514,9.639072122052312,4.291465684771538,4704.654040274206,0.0007019897688465284,0.7325039749086341,1,0
35.83044400438666,74.16563796810806,57.294863015413284,8.832508167251945,3.2971575129777193,4740.082012013324,0.0036221995929763087,0.73328189802468,1,0
34.12363890558481,98.53171351365745,49.56490024924278,7.712276944890618,3.5752630648203194,4751.96975063999,0.0007986704062596565,0.7327066112888829,1,0
29.366178484633565,79.50323493219912,70.17934404313564,9.997600285336375,4.569637770298868,4716.162899511701,0.0017276768198794218,0.732442912505252,1,0
27.527599432505667,87.64341970905662,51.6158988699317,6.0555359702557325,5.213039987254888,4781.557744427687,0.0005923758160667857,0.7326847551195996,1,0
39.652691944502294,68.41962788254023,68.4799449518323,11.291042843833566,4.1797598213888705,4720.987470359277,0.007449781561314072,0.7323192213746762,1,1
38.24562327004969,107.21309738233685,53.819269463419914,10.225503025576472,5.145697197411209,4690.221423535188,0.0009361962445578296,0.7325076466317929,1,0
28.00266169011593,77.02282577753067,65.68575397133827,8.058754602447152,3.6437343289144337,4754.751667587532,0.0014741240559888868,0.7326240296906259,1,0
29.839831269346178,96.2271526362747,47.354205437004566,11.978940853849053,3.0371367880143225,4645.654489567442,0.000944013137095145,0.7327026484351894,1,0
32.71431675646454,66.23219427652657,72.97109361737967,6.668626634404063,4.5001948294229805,4769.9771949612,0.003049050078544814,0.7332815628954863,1,0
34.42157280165702,88.54599845595658,60.094643495976925,7.0622878689318895,4.846745954826474,4765.593175945483,0.0011484209361290743,0.7326970096942983,1,0
31.678468282334507,70.29415591619909,59.45917118340731,10.846968373283744,3.3836213797330856,4706.89259465587,0.003726690544815798,0.7334866394016865,1,0
25.959003884345293,102.75459721684456,78.74713107943535,8.390921344980597,3.9905613493174314,4736.944849334988,0.000537351697054173,0.7325158173887659,1,0
36.33334620855749,84.30744292214513,41.86140798032284,9.131644757464528,5.492591347545385,4733.892436775166,0.002014321996318292,0.7324138881422142,1,0
36.8735185591504,101.5542418602854,67.00016431510448,6.364595269784331,3.2060373104177415,4780.499522053159,0.0006782896995274399,0.7324848613376778,1,0
26.61634132731706,82.32892508618534,52.636656910181046,11.532766180112958,4.399310405831784,4676.592554469954,0.0014323459779425963,0.7324794799937271,1,0
32.160046799108386,90.46987112611532,74.32452518492937,7.614110039547086,5.006093577947468,4759.358097876383,0.0009821494742480702,0.7324723505711559,1,0
35.020316522568464,71.4398661069572,46.21077295392752,9.919987326487899,3.8520406181924045,4725.830764641163,0.0046837630528940195,0.7333622734774916,1,0
32.990788482129574,95.8131910674274,58.149100206792355,9.529230857267976,4.130155404098332,4715.564341442866,0.0010158504485876852,0.7326767692722608,1,0
30.233525531366467,63.47757022827864,61.28268230706453,8.74312929622829,5.284294567070901,4746.121867477542,0.0041252815524699315,0.733570862795902,1,0
28.337727361358702,109.92490182630718,40.512162894010544,11.19769055955112,4.677855015732348,4651.451146054064,0.0007126954409076698,0.7326698297124938,1,0
38.697911142371595,77.39396774210036,79.89614270627499,7.461405510082841,3.484496313147247,4760.608966488988,0.0031106543305694065,0.7329300342010865,1,0
39.17110630311072,85.71907020173967,42.71553058177233,8.527221394702792,4.434721904806793,4743.781626648638,0.0022629574170978622,0.73263231024376,1,0
26.928862780332565,67.27344085462391,77.10195478051901,9.194564932957292,3.085198641754687,4736.960135084139,0.002377104290726937,0.7332440321804284,1,0
28.825998953543603,99.73311791196465,55.93840830028057,6.762064838781953,3.7287575816735625,4768.907251618856,0.0004988869693228173,0.7327399404285831,1,0
33.46630869898945,81.48280180990696,64.07442882657051,10.572974128648639,5.039060671813786,4700.624527301858,0.0021402438849836155,0.7326296793556727,1,0
35.49537126440555,103.78859661519527,71.49127468466759,11.690297769382596,5.385602563153952,4646.378927984911,0.001043453597143745,0.7325315082737072,1,0
30.752984802238643,73.79516357555985,48.375078067183495,6.406486993655562,4.0752132697962224,4779.323653751827,0.0017034874016560021,0.7324897259740696,1,0
25.20701238885522,92.99719993956387,69.83097340911627,10.349945520982146,3.431997354608029,4697.686943907039,0.0008288731650165386,0.7325273118019914,1,0
37.3471789713949,62.80845514498651,50.46502757817507,8.11009188182652,4.781606224831194,4764.274603024451,0.006010013161441701,0.7332492329810503,1,0
37.43189099710435,105.76869504526258,46.84328384697437,7.332840437069535,4.222496768459678,4759.170055805188,0.0007147317476656149,0.7327012034833825,1,0
25.298937712796032,74.99557346105576,73.72985571622849,11.138762785121799,5.260597515851259,4692.195857388548,0.0017753604592085225,0.7326173152279527,1,0
30.90270142070949,91.75463764928281,54.48018465191126,8.708319945260882,4.614786693826318,4735.818113846336,0.000993412116785591,0.7326250686605608,1,0
35.63765285536647,60.78620431013405,65.11635314673185,9.37653591670096,3.6156009063124657,4756.338499797595,0.006592318030521578,0.7333185387336142,1,0
33.84393211454153,86.91123676486313,77.99218337982893,9.791466599330306,3.26903040939942,4715.863459719193,0.0013971401264673096,0.7326755277268581,1,0
29.211064772680402,69.24841924570501,42.37583879381418,7.555135058239102,4.26828332664445,4763.003204811583,0.002343349962379915,0.732720936681633,1,0
27.254303568042815,97.70263567566872,60.667858719825745,11.498001175001264,4.913827417884022,4657.363613624881,0.0009270004998211872,0.7325452376406792,1,0
39.48934072162956,80.23513140156865,58.80176521837711,6.211853122338653,3.87566013680771,4781.453355384216,0.0020998272380226327,0.732489232736616,1,0
39.02346231974661,96.9586693122983,63.49622938781977,8.168294386938214,5.449817613232881,4743.437884711415,0.0011707686640185582,0.732694318201268,1,0
28.655850440263748,65.40273701772094,56.6325743123889,10.479250168427825,3.942966698203236,4715.280524667331,0.0038673806604844264,0.733756867431798,1,0
30.611260286532342,108.04303185082972,75.15648849308491,6.558445220813155,3.3385092807002366,4776.983973898668,0.0004063002237681074,0.7325130066616995,1,0
33.3757439116016,76.2917863111943,44.5425882935524,11.72583525069058,4.806445198599249,4679.543213614142,0.0033017650921648967,0.7327799523205698,1,0
35.1699147047475,103.4864956419915,52.271931171417236,10.631220979616046,4.5282827243208885,4678.1419193198,0.000961454831452377,0.73271221135624,1,0
32.3024459881708,83.4783670399338,67.90566124022007,6.8913222793489695,3.0602796766906977,4773.155828536635,0.0011739463752603646,0.7324753582652678,1,0
26.700935754925013,89.37478860840201,49.049095921218395,9.346567505970597,3.6644697673618793,4720.078296239826,0.000912235842396442,0.7327264156157495,1,0
36.965562319383025,69.56197176128626,70.93322340399027,8.562711669132113,5.171387216076255,4748.857518158395,0.004919077437939956,0.7333078239827227,1,0
36.71835165005177,89.73683155141771,55.446979738771915,11.420295992866158,3.512597772758454,4674.953244552813,0.0017800678935891371,0.732666784017853,1,0
26.336574186570942,72.27085222490132,64.81362175196409,6.113778529688716,4.700983156915754,4783.1801798560455,0.0012192910150463365,0.7324546206286863,1,0
31.99664148502052,100.72277853265405,43.396015241742134,10.03309771232307,5.305025986861438,4697.067180414785,0.0008781943338674892,0.7325130076597259,1,0
34.746959414333105,83.06148745119572,76.51306062936783,7.864286670461297,4.155850642826408,4754.7144817068765,0.0016763526894598678,0.7326645662483039,1,0
32.80629608780146,109.19148050248623,69.09559488296509,8.96180566214025,3.8092518290504813,4721.541531591753,0.0006351841187775179,0.7325006897255267,1,0
29.92460456676781,78.22457248345017,50.959965363144875,9.697267474606633,4.958512780256569,4722.153104762997,0.0018629385087947307,0.7326187883406293,1,0
28.144996562041342,94.98287205584347,72.08398323506117,7.243552358821034,4.354203815571964,4763.665467464354,0.0006198906688845211,0.7325037080897002,1,0
38.3954002102837,64.21127728186548,47.69810263067484,11.028830638155341,3.1657322281971574,4736.207646022528,0.006223505293265078,0.7322716413411249,1,0
39.79513810016215,100.46568521298468,74.91235084831715,9.07266548462212,4.753465258516371,4722.973741796318,0.0011603494885029958,0.7326888384519119,1,0
27.67726592719555,80.65134341828525,45.528914630413055,8.262396326288581,3.4088300419971347,4752.014135605679,0.00121561224895359,0.7324429673951172,1,0
29.458268261514604,86.5500521287322,66.25990305095911,10.694233378395438,4.0545213194563985,4692.2069362293205,0.0012993294798043465,0.7326913092082589,1,0
34.208300919272006,66.54039708897471,53.12671195715666,7.027530016377568,5.3599465331062675,4765.652966627594,0.0033174510007994767,0.7333587838001382,1,0
36.14849966485053,93.73091174289584,41.18776481598616,6.609691707417369,5.081812375690788,4775.376735377044,0.0009461136318636322,0.7324903231678291,1,0
31.530770654790103,61.97814088314772,79.30236581712961,11.850368628278375,3.7763015548698604,4713.4858588281595,0.00582342920007541,0.7325377601272738,1,0
25.868378300219774,104.61919735185802,57.65278875827789,7.906063953414559,3.1303423545323312,4745.470994904561,0.0007700514458352457,0.732727939976114,1,0
38.11855389736593,73.06173824705184,62.01699234545231,10.190697966143489,4.475063774269074,4718.881211891396,0.005828097267596146,0.7335822065422627,1,0
37.962306225672364,97.99360687844455,59.80118300765753,8.3388837184757,5.238591557834297,4743.600678377345,0.0010805804139700393,0.732468686055122,1,0
25.7051782310009,79.54800137318671,60.41547227650881,9.007695140317082,4.2442166288383305,4737.315442609263,0.0012580453489443545,0.7324450125659583,1,0
31.42692273017019,87.00689760968089,41.53938040137291,6.951679380610585,3.5987160303629935,4769.328452037546,0.001017596641884756,0.7326787237340986,1,0
36.05189024005085,68.7566053494811,78.40387664735317,10.758197894319892,4.631995823699981,4715.40671526705,0.006196740627846033,0.7337173846426487,1,0
34.374390286393464,91.46520834416151,65.98644249141216,11.878428736701608,4.285101445391774,4656.2419765232735,0.0015005387982217576,0.7327199932209271,1,1
29.617119352333248,61.471799146384,54.10329893231392,6.593151507899165,3.2518880367279053,4780.510485697703,0.003169027121760204,0.7329502120041885,1,0
27.778596375137568,105.67456864751875,72.68582124263048,10.16017004661262,3.89773285202682,4690.236297269793,0.0006873368251464321,0.7325143525871229,1,0
39.90342072211206,75.4858476947993,47.052318416535854,7.924708614125848,4.892040800303221,4754.162597426626,0.004080928569376099,0.7330238464127654,1,0
38.492954107932746,89.27969922311604,70.4824535548687,6.177931873127818,3.9646676294505596,4785.196019571957,0.0012489866508059249,0.7324580218991559,1,0
28.249731515534222,70.05435860715806,49.84650634229183,11.344634184613824,5.427792428061366,4692.744098568264,0.002863950338535694,0.7329904244873393,1,0
30.0869173835963,103.19609738886356,68.19713439792395,7.79949370957911,4.823635101318359,4747.944072432871,0.0005499038517518172,0.7327341169492514,1,0
32.96159951016307,84.16606852784753,51.31155241280794,10.10976248793304,3.3216054756194353,4714.628095507231,0.001551021619692487,0.7324400810798299,1,0
34.63956382125616,108.13658529892564,44.37263090163469,9.71610096283257,3.043156531173736,4700.553183357524,0.0006962904302780582,0.732709338960786,1,0
31.89625550992787,75.80094061791897,76.2395715340972,8.93146657012403,4.545119772199541,4740.763458391292,0.002302308550449287,0.7324943755583694,1,0
26.176778846420348,97.24752715788782,56.970373913645744,11.012467822059989,5.149619527626783,4672.536956684359,0.0008662984252182013,0.7326094809540747,1,0
36.55137503053993,64.71656923182309,62.587101608514786,7.271789850667119,3.6865617097355425,4772.578309128128,0.004892942270079276,0.7331612537838824,1,0
37.1244849357754,94.48764001950622,48.69758531451225,10.413656121119857,4.683697733096778,4697.542848154419,0.001417122188248107,0.7324772630788451,1,0
26.8670966476202,64.29739225655794,71.83160804212093,8.245439814403653,3.5295589426532388,4754.715728421962,0.002823315682326363,0.7331827204465192,1,0
32.41077152546495,108.50092637352645,50.12345161288977,11.789141731336713,4.133901900611818,4633.3425142482865,0.0008534176582377904,0.7327582817440255,1,1
35.271288068033755,78.50599185563624,69.50726736336946,6.483218288049102,5.327260826714337,4779.026363166059,0.0016919788333494144,0.7324340568495904,1,0
33.212472316809,101.22260422445834,77.38308507949114,6.873975271359086,4.980375691782683,4770.957390849747,0.0006070610559560384,0.732530268241198,1,0
30.45494108926505,82.97078552655876,43.01911827176809,10.66012222878635,3.7871028198860586,4702.179710682289,0.001520499208229966,0.7324325327712286,1,0
28.55919810011983,90.43197188526392,63.769642636179924,8.580515189096332,3.1831034827046096,4738.5440464662215,0.0008412876154371207,0.7326924857611516,1,0
38.91957147978246,71.9848414324224,55.65603509545326,9.316846394911408,4.3371568149887025,4740.049222903818,0.005812638272169885,0.733254032275209,1,0
39.38891183119267,105.30956000089645,61.56627204269171,11.063713235780597,3.4258101410232484,4666.609351945849,0.0010363675734535698,0.732700300306171,1,0
27.146865059621632,72.78012888506055,58.450226075947285,7.39632430113852,4.7361990618519485,4763.909246198108,0.001618172287570139,0.7326556133005339,1,0
29.04401662759483,94.22595378942788,79.59377989172935,9.453870171681046,5.38220060011372,4717.155036291635,0.0008671409992929539,0.7324949275541279,1,0
33.684065248817205,61.89183442853391,40.22736869752407,8.642914725467563,4.032591506373137,4762.161061268667,0.0057814153040532295,0.7330886698063465,1,0
35.74243072420359,85.85510178469121,52.95670501887798,7.525591330602765,3.7541333185508847,4762.286872379327,0.0014721952658746974,0.7326446904336038,1,0
31.00029823370278,66.82659936137497,67.34295919537544,9.809447502717376,5.103656358085573,4723.597802752235,0.004177289298812198,0.7337575941202473,1,0
25.454312660731375,99.96605100110173,45.866773314774036,6.240943199023604,4.457997844554484,4781.394767762215,0.00034097072898811126,0.7325492466580105,1,0
37.59427533950657,80.74223533272743,74.00324042886496,11.480842994526029,3.1476943818852305,4683.713013132644,0.0033091220510026785,0.7328668696948151,1,0
37.21024320460856,87.74022747762501,67.60438740253448,9.257865691557527,4.917686492670327,4729.218610735424,0.00183105612222724,0.7324520259223082,1,0
25.07748655974865,67.92590952478349,51.98848940432072,8.45198873989284,3.918433947954327,4746.883057788463,0.002087346252268535,0.7329274277888659,1,0
30.681266165338457,98.82382549345493,71.21786992996931,10.507385803386569,3.275065724272281,4685.678294298628,0.0008442267708446502,0.7327181147766684,1,0
35.41595658753067,78.81419429555535,49.35160640627146,6.83921598829329,4.313233228866011,4771.213780550251,0.001921472771082293,0.732666221900193,1,0
33.59294455964118,106.40751713886857,56.28992710262537,6.424284791573882,4.591662801802158,4775.144405010852,0.0004863159926117823,0.7328170009301322,1,0
28.960331077687442,74.65477012097836,63.1760336086154,11.660570936277509,3.5535622779279947,4681.683592720056,0.0022024296927901717,0.7327918313699896,1,0
27.003557104617357,92.29657164774835,44.86402101814747,8.092750595882535,4.196663770824671,4748.085630659778,0.0007318870399111066,0.7325015269669234,1,0
39.238390466198325,60.73913638480008,75.50034016370773,10.378852492198348,5.195849930867553,4744.77121545748,0.00899805401522518,0.7336368366161327,1,0
38.776382016949356,102.46229524724185,42.03565340489149,11.610094713047147,3.6608765479177237,4655.842916918505,0.0011896816917919312,0.7324937500861023,1,0
28.40855919290334,84.99629207886755,77.66952816396952,6.299184327945113,5.128879223018885,4780.256077584273,0.0007599512412706891,0.7324877041163852,1,0
30.363937942311168,88.44899920746684,59.12561893463135,9.844943499192595,4.521981591358781,4713.989774143919,0.0012143106984749226,0.7324826904761867,1,0
33.128668274730444,70.7876842841506,61.009287014603615,7.677599625661969,3.0150639191269875,4761.305272520378,0.002814120798234276,0.7329568022733662,1,0
34.95214555412531,96.51486914604902,73.42612035572529,8.772213650867343,3.3619013749994338,4734.421886219315,0.0009412152990053883,0.7324929093584321,1,0
32.08440867252648,65.54793728515506,46.562301218509674,9.512066954746842,4.868752066511661,4733.2863777735865,0.0048700214384783,0.7336513483269478,1,0
26.482953228987753,107.30550372041762,65.39857838302851,7.431867504492402,5.475382371339947,4757.617525628531,0.00035326315363165615,0.732477301565611,1,0
36.7477692803368,76.53388510458171,54.7851188108325,11.215677184984088,4.007446080911905,4690.504992583274,0.004633664798724182,0.7333947646647121,1,0
36.46763541735709,109.23320561647415,79.02060251682997,7.9829096887260675,4.377466567791998,4743.583043779997,0.0006628692942796558,0.7326358575533751,1,0
26.085596829652786,77.6772971637547,40.884812511503696,10.289473263546824,3.2282053930684924,4710.330540530125,0.00139459165752961,0.7326429334827922,1,0
31.745680919848382,95.31681117601693,62.321181297302246,6.745108304545283,3.8346884371712804,4771.350013477902,0.0007074683843708839,0.7326875314824569,1,0
34.49619560036808,63.56558947823942,57.93575681746006,11.913964787498116,5.023159652017057,4709.337579102307,0.007145447811356198,0.7325909584466053,1,0
32.58483384270221,91.1631069984287,45.20581968128681,10.816446175798774,5.301560917403549,4685.600863450103,0.0013067080375330756,0.7326816560935667,1,0
29.70293841790408,71.15500223822892,74.5726028084755,7.080938251689076,4.113175160717219,4771.513808094999,0.0020474608821787676,0.7325528519321954,1,0
27.923318538814783,102.05215694382787,53.46766445785761,9.159699143841863,3.506425981875509,4718.317224765006,0.0006500783141249058,0.7326914740036319,1,0
38.173976158723235,82.23936393857002,66.58423494547606,8.374375423416495,4.6556011023931205,4748.402159706653,0.0025129371154357072,0.7324546817009281,1,0
39.57712534349412,93.49415278062224,50.639293789863586,7.143223347142339,3.1073478045873344,4770.544002041612,0.0011601830401496342,0.7324646901323858,1,0
27.459499989636242,62.721007354557514,68.75342585146427,10.953538617119193,4.41285884892568,4713.500799324123,0.004279247829559158,0.7338153891946807,1,0
29.240472121164203,104.48086428456008,48.041514568030834,8.896655788645148,5.056107528042048,4723.63966105634,0.000603554949529538,0.7325042841426034,1,0
33.990293722599745,73.51240710355341,72.40585330873728,9.563404591754079,3.711386480834335,4727.086138761645,0.0034946031195946443,0.733266992963109,1,0
35.90120431035757,99.2346313688904,64.52943477779627,9.981243191286922,4.058252244256437,4705.287695805338,0.001044884768350505,0.7324654168775009,1,0
31.28366489894688,81.57179000787437,55.146448723971844,7.740520158782601,5.402887833304703,4755.491318021978,0.0013870753399846635,0.7326648539384498,1,0
25.62132822815329,85.02526137977839,76.81479044258595,11.309870610013604,4.75937123131007,4679.397992025517,0.0012359180562054213,0.7325805905029737,1,0
37.8712355485186,67.55773326382041,43.68144482374191,6.025191156193614,3.4539462411776185,4783.603494083417,0.0035093610118671842,0.732925653351637,1,0
37.78906349092722,107.80539376661181,63.98373279720545,11.953248856589198,4.62124270806089,4634.578157460119,0.0010213567939015929,0.7325264711375266,1,1
25.67144271917641,76.07700120657682,55.847180001437664,6.694295743480325,3.5890212138183415,4776.9462046126355,0.0011233582408737394,0.7324412489490812,1,0
31.259185173548758,96.72179500572383,77.20622606575489,10.249638626351953,4.234981010202318,4697.989869430914,0.000983406470115591,0.7324871064051696,1,0
36.00901113357395,65.18871420063078,42.82003849744797,8.034641889855266,5.227991905529052,4757.531168733207,0.0050219565561648105,0.7334153184103779,1,0
33.93560181837529,89.56511178053916,50.24696171283722,8.416590454056859,4.881126733496785,4742.3447867703735,0.0012419321176107049,0.7326742752915085,1,0
29.31806676555425,69.7264155279845,69.61328722536564,9.105952760204673,3.8882012963294983,4736.667781321202,0.00270134745524926,0.7331289734089296,1,0
27.348946360871196,103.67605652660131,48.586892299354076,7.038175156340003,3.2425082307308912,4766.8156489023695,0.0004302178110313918,0.7324968244706649,1,0
39.59885826334357,83.6420470289886,71.70300487428904,10.871103974059224,4.274643670767546,4695.479369871872,0.0036299305864339695,0.7325617782036058,1,0
38.197089550085366,91.96790926158428,45.753638818860054,9.617889096960425,3.331444274634123,4720.53325028136,0.0015029784008009958,0.7324743377973919,1,0
27.815046603791416,61.02535570040345,73.86731296777725,8.853714080527425,4.832415638491511,4748.285543485101,0.004025879356816854,0.73352141003572,1,0
29.785575587302446,105.98120306618512,53.07777378708124,10.899607541039586,5.436721622943878,4664.746503032328,0.000762425546453537,0.7326944193770552,1,0
32.53608568571508,75.23396275006235,67.44165491312742,7.185248276218772,3.974960895255208,4768.098703910595,0.0020108914630243813,0.7325188147791978,1,0
34.60904494859278,97.53667897544801,79.40959673374891,6.076741883531213,3.696559038478881,4786.858909324069,0.0007003972139784834,0.7324519746575492,1,0
31.727144941687584,80.04632134921849,40.02584759145975,11.26985981874168,5.158234308008105,4689.146987235342,0.0021140547142395774,0.7324019719051027,1,0
26.137091792188585,86.74604216590524,61.773037910461426,7.689514635130763,4.554195650387555,4756.750713178837,0.0007820710938415352,0.7326741476306182,1,0
36.38774505350739,69.06037278473377,58.63892950117588,10.020339706912637,3.0533103407360613,4736.796867543989,0.005040199582344913,0.7332299932483238,1,0
36.81070830672979,86.33525463752449,72.56755597889423,6.787665260955691,5.337096068076789,4773.8227333072,0.0013665021822760236,0.7324665827157177,1,0
26.4428882766515,66.30277157761157,46.95089489221573,10.547396594658494,4.142678842879832,4708.824170741363,0.0029514551190427886,0.7336162232819249,1,0
32.09151464048773,100.25165131315589,66.10287640243769,8.502994263544679,3.538491732440889,4738.859891940279,0.0007391726049527515,0.7324845548719927,1,0
34.85624754335731,80.41448000818491,54.23585008829832,9.218769175931811,4.693994556553662,4730.043392928367,0.0023029979876719674,0.7326611265921503,1,0
33.164155813865364,104.78362817317247,41.33103113621473,10.324367986992002,4.347157701384276,4687.788995396862,0.0008436496465289888,0.7325113195759352,1,0
30.29642150271684,73.25207417830825,78.21667972952127,8.135692304000258,3.1917218579910696,4753.835542878515,0.00199095826768895,0.7327652905445595,1,0
28.50171039812267,93.89458046294749,59.98328685760498,11.714502012357116,3.7961751031689346,4656.286322519586,0.0010553524866330178,0.7325311555167118,1,0
38.766529243439436,62.1677132230252,60.61914838850498,6.382259862497449,4.990525943692774,4782.429917408138,0.004261784279563875,0.7329426783174494,1,0
39.23449580091983,100.9619424957782,57.150036431849,7.6353845950216055,4.021839601453394,4754.302963306229,0.0009497568713209659,0.7326923944536249,1,0
27.101736585609615,83.27474667690694,62.783453576266766,9.898689882829785,5.372506957035512,4713.529412469037,0.0012213768015094482,0.7324865282268571,1,0
28.895110581070185,89.97523173689842,44.16184015572071,6.341947423294187,4.726962269749492,4778.32444386494,0.0006652285885522984,0.7326735074863552,1,0
33.62979820929468,72.48334916308522,76.04505032300949,11.555436914786696,3.415209277998656,4691.223389941399,0.00403744987314194,0.7335460454126761,1,0
35.32235451973975,94.79407476261258,68.30624401569366,11.176393115893006,3.136779104359448,4676.084376794116,0.0011706862148978528,0.7326743950558604,1,0
30.689738243818283,64.04530763626099,51.44166208803654,7.482680065557361,4.448465115390718,4763.816270783895,0.0035578566700121693,0.7331888666805932,1,0
25.043379715643823,109.00344549678266,70.35686414688826,9.551901591941714,5.094277725555003,4702.055719128958,0.0005295542395932474,0.7326965965952615,1,0
37.278210506774485,78.05936661548913,49.74264148622751,8.720481449738145,3.7436767546460032,4741.127101899467,0.0032290473678247894,0.7328963239447408,1,0
37.60457154363394,95.98798923194408,53.66193763911724,6.534218089655042,4.3223150675185025,4779.422793537253,0.0009481535258422938,0.7324539064546478,1,0
25.36252041347325,66.0189344920218,66.79519727826118,11.7500394936651,3.285206420812756,4686.375675988315,0.0026526577935392657,0.733737011058496,1,0
31.066455715335906,106.97469626553357,45.009715743362904,8.193894809111953,3.928425316233188,4743.0374597152495,0.0005728872643965858,0.7324688926627551,1,0
35.706499754451215,76.81032977066934,74.39276870340109,10.45367263443768,4.9263143860735,4703.79978500954,0.003699704021740283,0.7330892916357035,1,0
33.7804353563115,102.94339544139802,62.42544677108526,9.370771748945117,5.204773165285587,4713.0964875053205,0.0008189786106584092,0.7325444255037257,1,0
29.038298283703625,84.47341163642704,58.06102205067873,8.538484537974,4.20697014965117,4744.183290293608,0.0011917781341228475,0.7324641748090327,1,0
27.185542387887836,88.7340329028666,78.89009222388268,10.605643445625901,3.56340703740716,4693.580016146806,0.0010528769213616214,0.7325186840610889,1,0
39.32550070807338,70.45936234295368,40.77602706849575,6.916922701522708,4.60043022595346,4769.375307058552,0.004084218973486942,0.7332636375940054,1,0
38.85021660942584,106.71453041955829,76.68183881789446,8.685672098770738,3.005675768479705,4730.579543197342,0.0007502023235203499,0.7326713687111971,1,0
28.59283290337771,74.40326403826475,43.56533523648977,9.399206651374698,4.511534545570612,4731.054403236904,0.002031036904945051,0.732661369348765,1,0
30.446941051632166,92.7981315087527,64.63125877082348,7.354114992544055,5.117973500862718,4758.9671703089225,0.0007601790264942374,0.7327066424852514,1,0
33.30746195279062,60.29155188240111,55.26438966393471,11.117465341463685,3.651334263384342,4734.32938201522,0.006395093732375305,0.7322557817324848,1,0
35.233075404539704,87.47898795641959,47.83808633685112,11.520671909675002,3.998218806926161,4677.954994712338,0.001853418114195938,0.7324353492818927,1,0
32.4755485355854,68.22929288260639,72.22357772290707,6.189205275848508,5.464771990198642,4774.46681014891,0.002128081607248351,0.7329899384854229,1,0
26.76936065312475,98.36804535239935,50.826242826879025,9.770169155672193,4.857990606222302,4705.700927226079,0.0007385110377156244,0.732510839867199,1,0
37.12973861489445,79.31366203352809,68.9619468525052,7.576409613713622,3.3522172872908413,4759.949606288294,0.002363631702112421,0.7327334263955073,1,0
36.531001068651676,99.51984685845673,44.76557333022356,10.718368979170918,5.013770290650427,4682.992403376262,0.001158209567256348,0.7324942298989138,1,0
26.287775905802846,81.24364986084402,75.37909980863333,7.003417303785682,3.8242402179166675,4767.838706615295,0.0009408979983434289,0.7326878896327134,1,0
31.81821743492037,85.50656124949455,56.425606533885,9.046973487362266,3.2173008443787694,4734.164666495897,0.00123436608987832,0.7326504449819055,1,0
34.692896767519414,67.0350524969399,63.28933969140053,8.288065435364842,4.367925493977964,4753.768442402469,0.004713955796353496,0.7334073713130235,1,0
32.85518031101674,93.16315757110715,71.02876588702202,7.881951240822673,4.646375039126724,4750.199643038313,0.0009449309894609136,0.7327011058639789,1,0
30.111869205720723,62.9972642660141,49.14516471326351,10.21483356691897,3.495816774200648,4732.092340725643,0.004777507104171315,0.7335549174835304,1,0
28.1991449277848,103.95379065535963,67.8063091263175,6.63536081649363,4.102412526961416,4771.949761824942,0.0004049031830635201,0.7327241065971567,1,0
38.57373854145408,73.98321059532464,52.17234838753939,11.82467663101852,5.2918756189756095,4683.496325329059,0.0063358095462965475,0.7325775425036296,1,1
39.982839045114815,90.70750865153968,65.59805862605572,10.055837133899331,3.7204718771390617,4708.206744762557,0.002102043858318218,0.7326650140064196,1,0
27.725713844411075,71.65465177036822,54.961653500795364,7.841524360701442,5.066251819487661,4757.890254200334,0.0018753974138113838,0.7325219817885196,1,0
29.63704289868474,101.79111709818244,73.2345749810338,11.399112967774272,4.422846622299403,4657.629177810944,0.0009024280079179089,0.7325056716677522,1,0
34.26201297901571,82.54294697195292,46.348535381257534,6.134984442964196,3.115972140338272,4785.08125012126,0.0012717921778924396,0.7324592650792937,1,0
36.10019491054118,109.73457772284746,59.253974221646786,7.220790049061179,3.462865917943418,4759.095414136428,0.0005558786334781533,0.7327817482627209,1,0
31.342926546931267,77.22952490672469,61.12015176564455,11.051570059731603,4.7696740152314305,4697.411801837251,0.002381802761621428,0.7324503938382547,1,0
25.814809179864824,95.62363074161112,41.92988142371178,8.98301157541573,5.412736187689006,4723.546362511269,0.000652115972101596,0.7327217750896682,1,0
37.93963632080704,63.31388968043029,77.5458463281393,9.676084449514747,4.067023226059973,4753.502209057358,0.00736446835086337,0.7332099378506822,1,0
38.01075403112918,88.23574007488787,40.328361205756664,7.825185684487224,3.3071551583707333,4757.333848776679,0.0015269659904900272,0.7326493659951835,1,0
25.892879287712276,70.5485204141587,79.6942401304841,10.08409340120852,4.30008022300899,4717.576798918447,0.002190566904856548,0.7328422897388385,1,0
31.4806349016726,102.2497982159257,58.35548460483551,6.15379629470408,4.943599805235863,4778.54572490948,0.0004539999659673874,0.7328033885728843,1,0
36.23066476546228,84.75789180025458,61.47176720201969,11.368746874853969,3.9114641416817904,4685.482854957155,0.002376868345293279,0.7324025669495093,1,0
34.186546290293336,107.47147327288985,74.21116180717945,10.98679873533547,4.18959889980033,4663.264912953522,0.000856655552944701,0.7327217668313613,1,0
29.568814486265182,76.72268230468035,46.07507437467575,7.2974818255752325,5.221820170525461,4764.408633920325,0.0014845468155125648,0.7326406111926894,1,0
27.59967868681997,96.68007510714233,67.12146196514368,9.740213653072715,4.578567319083959,4705.699121799663,0.000806006720208091,0.7327060682516311,1,0
39.84985171351582,65.73597238399088,52.73512374609709,8.907330991700292,3.5855560512281954,4763.240134264682,0.006739109787068926,0.7330383302903384,1,0
38.44415571540594,99.06145109795034,69.95471239089966,6.97286238335073,4.489280483219773,4768.55876024887,0.0009201178555045825,0.7326635557304867,1,0
28.062381045892835,79.02899187989533,50.570818558335304,10.736992003396153,3.027605586219579,4699.548586114607,0.0014119210249018217,0.7326401003440123,1,0
30.03285484854132,87.9770907945931,71.38035278767347,8.31614431925118,3.6343541690148413,4746.690657744828,0.0010285835291146794,0.7324897296744183,1,0
32.78317534830421,68.13994333148003,48.246703781187534,9.030457427725196,5.135239702183753,4737.647215576421,0.004130690444605054,0.7334216894847191,1,0
34.82682857196778,92.10623562335968,56.15211699157953,10.138964155688882,5.4818379152566195,4705.8264488005025,0.0013353845279821127,0.7324584172958576,1,0
31.945139621384442,60.574705470353365,64.26595520228148,7.9458916168659925,3.980866774916649,4768.329060033686,0.00496399870410333,0.7330484858413083,1,0
26.35511706583202,106.21794489212334,42.53905303776264,11.901191024109721,3.374385518953204,4635.137157871369,0.0010146578055696507,0.7326797555383116,1,1
36.6055235080421,74.49110149405897,76.90249353647232,6.570412108674645,4.836146619170904,4772.249159291208,0.002451783416925234,0.7328106824184133,1,0
37.061467287130654,104.24171280115843,51.72462701797485,9.428269727155566,3.8411250985227525,4715.613022174534,0.0008821779043403467,0.7324768221121731,1,0
26.69385104905814,73.29913539811969,68.61043609678745,8.66849228180945,4.996561165433377,4746.72174900301,0.0017497763553095387,0.7324319061493665,1,0
32.342489678412676,93.25576358474791,49.4396923109889,11.087940389290452,4.389931456651539,4678.137087549502,0.0012213783901173772,0.7325034788268536,1,0
35.10696872137487,62.50849942676723,70.07509771734476,7.372120035812259,3.1955809886567295,4777.106798517687,0.004854305260066493,0.732910391496866,1,0
33.38557497598231,85.2140715252608,63.10778830200434,6.266520755365491,3.473744054324925,4780.001552032436,0.001115340736968077,0.7326778656408813,1,0
30.518101677298546,67.72369005717337,57.49098610132933,11.455242550000548,4.668161652050912,4695.091407165383,0.004409515394699364,0.7337825500717865,1,0
28.723374283872545,99.42267773672938,75.70529945194721,7.501387065276504,5.275057495571673,4753.8753216103805,0.0005306604706648261,0.7327935132142573,1,0
38.98799648974091,81.73698451370001,43.838748037815094,9.833674656227231,4.119554894976318,4717.008886229633,0.0035120079097544343,0.7328213946074927,1,0
39.45249442011118,95.53159618750215,78.53855293244123,11.767867153510451,5.049061912111938,4658.868090257575,0.001796243510384368,0.7325009096684107,1,0
27.319545717909932,63.803227469325066,41.67443994432688,6.504515754058957,3.73737567756325,4772.910862137135,0.002383193698135536,0.7331769239524137,1,0
29.112863638438284,109.44722852669656,60.276976227760315,10.436303989961743,3.0942712044343352,4677.04228262315,0.0016444605593003807,0.7327133247624164,1,0
33.84781943168491,77.91417156346142,59.66261841356754,8.222769057378173,4.444871802814305,4752.359375484649,0.002191322781519536,0.7324696147257163,1,0
35.56966434698552,101.88771327026188,47.23632164299488,8.601812655106187,4.791441708337516,4733.733819783074,0.0008531334395139794,0.7326785979831858,1,0
30.93680136371404,82.04904085956514,72.86928862333298,9.295571817085147,3.4407739802263677,4731.218507753686,0.001448905524455795,0.7324594507069521,1,0
25.290472535416484,90.99942691624165,53.935321904718876,6.851304514333606,4.084146376233548,4771.996481131968,0.0005556809662736769,0.7325701537799372,1,0
37.525514271110296,70.96544126048684,65.81868659704924,10.682770097628236,5.395899144466966,4710.900554641064,0.006104157087507948,0.7336510402214848,1,0
37.3831168981269,102.9813118185848,71.88032612204552,9.86917065270245,3.6063733901828527,4701.451712861989,0.0009340127128307724,0.7326956228994127,1,0
25.14087616931647,83.92843109555542,47.516055926680565,7.653395360335708,4.604176629334688,4756.787559893943,0.0008260486042187261,0.7326827839854585,1,0
30.84475578740239,89.0656772442162,69.28277280181646,11.584494268521667,5.249835738912225,4665.45112939738,0.0013845900488475456,0.7326971222593739,1,0
35.485068103298545,69.81748327612877,51.16825748234987,6.324761884287,4.212812922894955,4778.6309169645665,0.002853010183324037,0.7328616976338826,1,0
33.52969811297953,97.41196990013123,43.26344508677721,7.407663239166141,3.866271632257849,4761.294166193165,0.0007890052680624424,0.7324962195309652,1,0
28.787314221262932,64.90689324215055,76.39656957238913,11.239904338493943,4.9033806514926255,4703.543148242617,0.004329642568201144,0.7325153846777008,1,0
26.934588528238237,108.30026593990624,55.54842226207256,8.79779120720923,4.257377325091511,4724.470444966535,0.0005160982131788786,0.7325066645901944,1,0
39.07475790474564,75.9905010368675,64.93194416165352,9.486466510221362,3.259488478768617,4732.774081043265,0.005074501069490805,0.7332791980829001,1,0
38.60292885452509,87.24604965187609,57.75667276233435,10.530033672228456,4.815368786919862,4697.6347335702885,0.0024654447741295576,0.7326419122415708,1,0
28.345749052241445,68.96987649612129,62.14263904839754,6.81654523126781,3.348815380129963,4772.53555308224,0.001998768044400163,0.7328500643291739,1,0
30.199869074858725,98.23199514299631,41.05763599276543,9.236591113731265,3.9528117370791733,4719.664603241505,0.0008116460370548883,0.7325242481209872,1,0
33.06013600435108,79.76051023229957,79.1931989043951,8.473286205902696,5.458584683481604,4746.414323421026,0.0018697101116406194,0.7324370360077354,1,0
35.01504163723439,105.48575943335891,66.45440511405468,8.070079838857055,5.180469296872616,4740.394133482489,0.0006816441341105754,0.7328390648816961,1,0
32.25777589250356,75.31988997012377,53.33744540810585,10.401500361040235,3.674610147252679,4710.304447611638,0.002706681243796199,0.732895067533983,1,0
26.551571218296885,91.27716141752899,74.7160180285573,6.445582257583737,3.070271361619234,4778.652434507483,0.000559545845497612,0.7324924490633433,1,0
36.91175242885947,61.30660519935191,45.34930940717459,11.639296358451247,4.536910375580192,4726.7681812799365,0.008256052109761557,0.7325390338364104,1,0
36.280020219273865,93.98832762613893,60.79644288867712,8.87252021022141,4.164770636241883,4735.085428405351,0.0011932879041520795,0.7324666730096205,1,0
26.03706322144717,61.67703740298748,58.91240108758211,9.587517281994224,5.315328528638929,4734.456660546847,0.0035388004871569896,0.7335313878291772,1,0
31.56744996085763,105.07269761525095,77.88618251681328,7.168915322050452,4.710831753443927,4762.713757237696,0.0005113167583952699,0.7326057335787551,1,0
34.44193980656564,72.56609414704144,42.25238583981991,10.927869530394673,3.521368437912315,4701.407900594651,0.004302253203679491,0.7336680503412442,1,0
32.633510613813996,100.15638609416783,54.679283425211906,11.333983300253749,3.1748179038986564,4663.192881702884,0.0008971452303268327,0.732514260103097,1,0
29.89041045308113,80.90666717849672,65.29326930642128,6.0010555777698755,4.364347753114998,4781.87769269089,0.001034775712729148,0.7326828131022276,1,0
27.977717272005975,86.04467459022999,46.65211994200945,9.955574104562402,4.968500907532871,4711.624971911316,0.0011736514227299393,0.7324872670886445,1,0
38.352064178325236,66.99026742950082,73.51570840924978,7.766212133690715,3.8178758854046464,4768.012685185438,0.005429067564522861,0.7330169903143038,1,0
39.76507660001516,108.71418606489897,48.860373347997665,6.722368905320764,5.3507201904430985,4770.466642392234,0.0006418604868591695,0.7326280222660658,1,0
27.507697539404035,78.74515516683459,70.72640024125576,11.93672707490623,4.043912465684116,4668.864816097328,0.0017192204173055298,0.7326396290880672,1,0
29.419039362110198,94.7001361194998,52.47347142547369,8.004092691466212,3.3980670543387532,4750.931791714985,0.0007334400705834329,0.7324904416976327,1,0
34.04421323444694,64.53579346649349,68.0899016931653,10.268267372623086,4.743780239485204,4730.209796816857,0.006266310276079529,0.7336105067010495,1,0
35.853092703036964,90.26600326411426,75.05781192332506,9.182461431249976,4.465674096252769,4728.238592770759,0.0014271903385612008,0.7326575461753055,1,0
31.09562769997865,71.79604330100119,44.42157682031393,8.351636024191976,3.1198943774215877,4749.608980807347,0.002386504196984485,0.7329726315772424,1,0
25.567494435235858,101.05739770457149,63.63213770091534,10.795240284875035,3.765396764036268,4676.568920212657,0.0007471357890250159,0.7326151959883543,1,0
37.692582588642836,82.78275098651648,56.74565151333809,7.102121254429221,5.072271618526429,4770.660379907368,0.0018577217734853893,0.7324285840120507,1,0
37.65930034220219,101.17075549438596,47.61683776974678,9.47655526176095,4.273269250523299,4713.50216580783,0.0010292863595357498,0.7326807076640561,1,0
25.541195878759027,82.72365987300873,71.9809602946043,8.807700924575329,3.236312837805599,4737.4983347449315,0.000997433857127964,0.7326807515203612,1,0
31.129422248341143,90.08715151809156,51.2299769744277,11.227063737809658,3.8796816575340927,4676.238691497736,0.0012465947886074016,0.7326906703602432,1,0
35.87876451667398,71.83536914177239,69.34434432536364,7.420502308756113,4.877723110374063,4760.830142315859,0.003246987902847506,0.7330789910741833,1,0
34.069481934420764,94.63724893517792,76.30188155919313,6.311968758702278,5.233982267789543,4781.177246302814,0.0007469685895712543,0.7324683614698941,1,0
29.451520410366356,64.64225425384939,43.1689241155982,11.597288902848959,4.236026422120631,4700.2130344162,0.004784159596260113,0.7339320536103372,1,0
27.48282670043409,108.74820038676262,64.87631879746914,7.643531586974859,3.5929255252704024,4752.464563619425,0.0004342528181209301,0.7324921661081509,1,0
39.7323121316731,78.55789395049214,55.49296364188194,9.87903593480587,4.629795734770596,4718.824744822004,0.0048687388292714025,0.7330814201388478,1,0
38.3273033099249,86.1023135855794,62.04306837171316,11.625814106315374,3.054417555220425,4678.237069766437,0.0024275306336483536,0.7324881822686182,1,0
27.9448428330943,66.87855845317245,57.657268829643726,6.459063157439232,4.560124135576189,4777.267256603778,0.001984058244910195,0.732692275801476,1,0
29.915789123624563,100.11560366488993,79.13269057869911,10.390948131680489,5.167021171189845,4686.3603207712795,0.0008549118191660915,0.7326486607045765,1,0
32.665881691500545,81.08716028742492,40.99729470908642,8.080630715936422,3.7002295879647136,4751.7480990458525,0.001616157178741616,0.7326611190846672,1,0
34.47561544366181,104.96477278880775,53.43334458768368,8.46259780973196,3.9687034017406404,4733.02240820874,0.0007263982216410049,0.7327231548429562,1,0
31.593240685760975,72.63061822392046,66.55015632510185,9.247280839830637,5.435409377794713,4730.509739959758,0.0027458436209438406,0.732947988009803,1,0
26.003662063740194,94.17414417490363,45.4061459377408,6.802926812320948,4.828778476919979,4770.4457178448665,0.0004836075518763389,0.7327051884363006,1,0
36.25384057406336,61.644676364958286,74.77270688861609,10.543653421103954,3.323158099781722,4742.304009076796,0.006465507395649752,0.733548644591816,1,0
36.944158375263214,91.41940957866609,59.01317831128836,7.776808608323336,4.984387757256627,4757.274232134394,0.0012695780595207336,0.7324655093358751,1,0
26.576771968975663,61.23062808997929,60.897081680595875,9.944976277649403,3.7947053015232086,4736.048039803465,0.003924465738382465,0.7334040854609861,1,0
32.22496493253857,105.3358099795878,42.31410041451454,6.014581359922886,3.1882228534668684,4786.663019939118,0.00043960999195037306,0.7325218788667452,1,0
34.99013145919889,75.34234173595905,77.94775895774364,11.32045616582036,4.338695269078016,4690.421568517603,0.0041727960301933785,0.7332507714995095,1,0
33.03390539716929,98.13697509467602,65.19858621060848,10.941442251205444,4.694982743356377,4674.947782365748,0.0010622029493772085,0.732701260256016,1,0
30.166661930270493,79.88671803846955,54.584757536649704,7.155343931168318,3.5445774574764073,4770.895492275735,0.0013331489925763951,0.7324372981006978,1,0
28.371460204944015,87.24791918881238,73.46008766442537,9.598160695284605,4.151327232364565,4718.09399678364,0.0011141496003315092,0.7326815794470035,1,0
38.63676989451051,68.80235037766397,46.59665670245886,8.861878126859665,5.340943154413253,4746.488589138733,0.005890939873875705,0.733318170281764,1,0
39.10058081615716,108.37764003314078,70.62683418393135,7.115006994456053,3.749548014719039,4762.3437961188465,0.0006796265586977351,0.7327125663417541,1,0
26.9683178095147,75.84664727561176,48.760964795947075,10.782353013753891,5.095480302814394,4702.485842722343,0.0018454485649269925,0.7324196089551567,1,0
28.761195372790098,97.39093448966742,68.0293982848525,8.361591696739197,4.452231027651578,4742.015204397834,0.0006943024954380009,0.732483710740174,1,0
33.496379209682345,65.05525348708034,52.41312522441149,9.172504227608442,3.1455087424255908,4749.191119499403,0.004878806929164064,0.7333300186783236,1,0
35.45214002020657,88.9408783428371,44.517471082508564,10.27808741480112,3.4139542393386364,4706.3810801356985,0.0015058190984942824,0.7324757465827805,1,0
30.819962732493877,69.91090964525938,75.15356805175543,7.994274158030748,4.7206093948334455,4752.487639133203,0.0027027454602905105,0.7330489953557712,1,0
25.17316499259323,103.15024237148464,56.802483424544334,11.949477184563875,5.3641254007816315,4635.253071909612,0.0008124281883614969,0.7327466663505163,1,0
37.40843477193266,83.92496042884886,63.68883118033409,6.709620304405689,4.018259646371007,4776.73048848015,0.0016485019524468275,0.732454121019527,1,0
37.500410079956055,90.91584462672472,79.79379665106535,8.920811623334885,4.592012771870941,4732.501540883621,0.001534786367815041,0.73267342170914,1,0
25.257941419258714,71.10308831557631,40.42777929455042,9.72673149034381,3.5599440704099834,4725.32527840686,0.0018787054650461635,0.7327587521912351,1,0
30.96229447517544,101.90255985595286,61.532261073589325,7.308033149689436,4.205445264931768,4759.163071894807,0.0005693452004896356,0.7327504846731622,1,0
35.6019209837541,81.8944902997464,58.41584034264088,10.976245880126953,5.198609102051705,4690.79896710392,0.00262713906791959,0.7326393344645427,1,0
33.88138062786311,109.57803818397224,45.97917057573795,11.379436869174242,4.930192210711539,4646.735673384752,0.0008538515771704211,0.7327240476028729,1,0
29.1387688042596,77.8267574403435,74.11541521549225,6.143107809126377,3.9371145768091083,4781.932274828991,0.001200532513052985,0.7326461222182932,1,0
27.286487882956862,95.36867192015052,52.67828229814768,10.097712703049183,3.291270357556641,4701.879037946613,0.0008181295898554966,0.7325021293613639,1,0
39.42597145214677,63.81270293146372,67.06477802246809,7.8115678913891315,4.32325345184654,4769.555473600452,0.00634507603159356,0.7331617004765958,1,0
38.95482868421823,99.28642915561795,50.470031797885895,6.580321379005909,3.360978185199201,4774.794390529309,0.0008601161125813702,0.7326880702518752,1,0
28.696961286477745,81.81895971298218,69.85408313572407,11.89128040149808,4.861796719022095,4667.88651395636,0.0016729835115176683,0.732455513860803,1,0
30.551552902907133,85.3700369503349,48.18497966974974,7.9587309546768665,5.465953449718654,4750.470859854895,0.0011307889041311393,0.7326831484590147,1,0
33.41159011237323,67.70725575275719,71.31878588348627,10.12612346559763,4.004039742983878,4726.999320462865,0.005077385083527214,0.7335929656427039,1,0
35.1325807441026,93.34458810277283,64.36062876135111,9.043252509087324,3.6477999570779502,4727.201522394088,0.0011362974246707752,0.7327026888820448,1,0
32.37462740391493,62.37609460018575,56.2466524168849,8.303350567817688,5.10962746059522,4759.3704277383395,0.004752027210474211,0.7332244558713613,1,0
26.668865769170225,104.23364028334618,76.95810474455357,10.746857017278671,4.505127109121531,4671.730042627248,0.0007365899711795776,0.7327326167626665,1,0
37.02881725970656,73.46046002581716,42.5945258140564,6.962998699396849,3.004394182469696,4769.441561397786,0.002992251673943571,0.7330615285590628,1,0
36.63146086037159,106.16650738753378,68.70999723672867,9.820787653326988,5.288508005440235,4698.794204304687,0.0008743390542555947,0.7327348573569409,1,0
26.388731906190515,74.60901345126331,51.82404048740864,7.514272715896368,4.093937838450074,4763.94139192979,0.0014223159133935172,0.7324534973420835,1,0
31.918677450157702,92.15321507304907,70.13559650629759,11.445284899324179,3.489595476537943,4670.943593378101,0.0011573000003192023,0.7324939426401926,1,0
34.7938529914245,60.40040789172053,49.500043131411076,6.276477053761482,4.644945507869124,4780.612037813072,0.0038678927271882393,0.7331475494753296,1,0
32.750590587966144,88.07899815961719,57.395077385008335,7.362301234155893,4.376519382465631,4765.749386979548,0.0011139680852737773,0.7324600005174143,1,0
30.0077184708789,68.06940328329802,63.01204662770033,11.097760520875454,3.2212358848191798,4702.818636188485,0.003550320292808686,0.7337648800841402,1,0
28.094555428251624,98.86963645927608,43.781901970505714,8.65574412792921,3.8252358180470765,4732.5445958635855,0.0006807588563078802,0.7325154235818642,1,0
38.46958803012967,79.05535333789885,75.64862012863159,9.441019210964441,5.019738855306059,4728.4821494132275,0.0037020068150604426,0.7326745086565807,1,0
39.881914337165654,96.56071252189577,41.5736485645175,10.672172717750072,4.070733966771513,4687.675387683636,0.0016013753254685828,0.7326868074175645,1,0
27.625222760252655,65.78905721195042,78.43792829662561,6.861900363117456,5.421554301399738,4771.7901513413835,0.0020473434625310765,0.7327662815691524,1,0
29.53611796721816,107.64431277289987,59.60088938474655,9.282044414430857,4.775552167091519,4711.916901976623,0.0006059460701497737,0.7325052525441432,1,0
34.16152167133987,76.67734570801258,60.21541424095631,8.615338526666164,3.4639520053751767,4743.551793758331,0.002455727420617652,0.7327888018920546,1,0
36.20431971736252,102.31887571513653,72.9639670997858,8.209197219461203,3.1077214535325766,4746.04728280117,0.0007585562222759099,0.7324664009163561,1,0
31.44754219800234,84.65761983767152,47.33085215091705,10.449877336621284,4.419255081564188,4702.896681478662,0.0015386419733749615,0.7326417816192147,1,0
25.918933763168752,88.20793245919049,65.87430242449045,6.493873938918114,5.064912999048829,4778.921833231828,0.0005587774055803547,0.7324657263305688,1,0
38.04425174836069,70.74198982678354,53.99079006165266,11.778510477393866,3.714159794151783,4703.033001297039,0.006236320265705622,0.7323746769376709,1,0
37.90660083759576,95.6636502314359,66.85082279145718,6.9268792904913425,3.5768575565889478,4771.010865270664,0.000990744519588315,0.7326617804454117,1,0
25.788292470388114,63.132633632048965,53.71739611029625,10.595688186585903,4.574813178740442,4714.594702584403,0.0035263731824172508,0.7336557053796778,1,0
31.376481484621763,109.67770166695118,74.48745656758547,8.551371149718761,5.220624596811831,4732.120445869853,0.0005456359366937867,0.7324603937291521,1,0
36.1260777246207,77.34199682250619,45.104236863553524,9.357886467128992,4.1837540147826076,4730.020027918453,0.0033049528744789045,0.7327280255802292,1,0
34.28749983198941,101.60606348887086,57.999302707612514,10.466420397162437,3.915013251360506,4686.278137051038,0.0009360314379445089,0.7326930047186527,1,0
29.66927718371153,82.57607094943523,62.36387509852648,8.181145694106817,4.951969291549176,4752.245970254415,0.0012687488379182783,0.7324436677734173,1,0
27.700632004998624,90.81467053852975,40.67524507641792,11.75985723361373,4.306425796356052,4656.986929628384,0.0011546005990042357,0.7327271759917584,1,1
39.95031418744475,71.58936475403607,78.7894582003355,6.524398997426033,3.3083841199986637,4775.887485775257,0.0038138244334104243,0.7331461545148616,1,0
38.54877382516861,104.13340534083545,43.508498556911945,7.589937385171652,4.844578206073493,4756.049608056518,0.0008230120326960283,0.7326419773964824,1,0
28.166502946987748,73.94464769400656,76.62515010684729,9.756642892956734,3.3778724535368383,4724.758831384907,0.001881725923666576,0.7327080496433579,1,0
30.137473181821406,93.04903684183955,55.16849063336849,6.1998036950826645,3.98232927499339,4779.542983106889,0.0006385269163590045,0.7326953226048702,1,0
32.88729747291654,63.05559244006872,64.5355074107647,11.510074999183416,5.487950024660677,4712.487854780191,0.00662030136293332,0.7325358883527378,1,0
34.72633994650096,85.47178398817778,72.28408589959145,11.128108195960522,5.131423759274185,4685.668096744245,0.001971345403901249,0.7326216517036173,1,0
31.844212007708848,67.22155077382922,47.89842776954174,7.343470606952906,3.625717551447451,4762.235201095006,0.0031858516540169742,0.7333179407217765,1,0
26.254628663882613,99.58349698223174,69.0615176782012,9.412778858095407,3.0215268647298217,4713.91507873163,0.0007204912885495895,0.7326582574128196,1,0
36.50459611788392,81.13795201294124,50.92564661055803,8.672098360955715,4.488318671472371,4744.480282537571,0.0024206723006675907,0.7324370884311516,1,0
37.16193356085569,98.38831782341003,75.43472040444613,11.814126390963793,4.115857970435172,4651.223248125776,0.0013278575540703601,0.7327072632448401,1,1
26.794801014475524,79.16453884914517,44.82103671878576,6.645912565290928,5.266263628844172,4774.628159405281,0.0009388746706698224,0.7326460694427018,1,0
32.44295572862029,87.40237680263817,63.38402293622494,10.201353259384632,4.662221394944936,4707.836608008451,0.001441502969454005,0.7324631337762647,1,0
35.20791846327484,68.37390958331525,56.52013227343559,7.895433057099581,3.472605696413666,4761.496920067537,0.0042657496752295755,0.7331102203255658,1,0
33.28099173493683,92.62996389530599,49.083449989557266,8.274446457624435,3.2038932405412197,4748.6474950244055,0.000964617679728735,0.7324568656169744,1,0
30.41394490748644,60.295785488560796,70.96718959510326,9.06059093400836,4.393575919792056,4750.534284110275,0.005273514694000868,0.7334240306630875,1,0
28.618790819309652,106.83856638148427,52.07157131284475,6.992728393524885,4.997885480523109,4763.45487119141,0.00038205318080206113,0.7327122531916297,1,0
38.88383949641138,74.30907472968102,67.70567018538713,10.729056358337402,3.8474134374409914,4712.687438586946,0.006213742275103114,0.7333673420910317,1,0
39.351577535271645,88.88474529609084,54.90482173860073,9.663244765251875,5.3993288446217775,4715.865477117533,0.002129800033664812,0.7326597522054937,1,0
27.21904636360705,70.43767351657152,65.54136499762535,8.995852589607239,4.0926733165979385,4741.590129455424,0.002210336624742335,0.7326271056729521,1,0
29.011946977116168,102.8003843408078,46.25264097005129,11.04165968298912,3.446981443092227,4663.764941824488,0.0007935311088157545,0.7327405018121562,1,0
33.747320300899446,84.54862580634654,73.13881900161505,7.230701755732298,4.792846973985434,4764.306514600719,0.0013703695981924745,0.7326678719375006,1,0
35.67379697691649,106.97206378914416,61.18065532296896,6.12511832267046,4.436292401049286,4781.712002120523,0.0005140336246241957,0.7327231874644397,1,0
31.04140874464065,76.97709294967353,59.314320273697376,11.40897773578763,3.090359889436513,4688.916073942218,0.002068920319070023,0.7327075673271394,1,0
25.394605388864875,96.0837722197175,77.6454122364521,7.828728932887316,3.7363184937275946,4754.563719222518,0.0005699030202724687,0.7324809437477064,1,0
37.63012187555432,65.89348962530494,42.02929012477398,10.068631209433079,5.043040406424552,4736.631334040639,0.00704196752421169,0.7335309381325954,1,0
37.25336023140699,108.84671713225543,55.90402130037546,10.857577085494995,3.2583950897678733,4669.912406427521,0.0008029655780484688,0.7324984887289369,1,0
25.010623293928802,78.07503798045218,64.04041688889265,7.051703374832869,4.251473096199334,4769.805305250501,0.0010002861737922538,0.7324691696451506,1,0
30.71499889716506,94.93108628317714,42.91594244539738,9.095355939120054,4.894531692378223,4725.35211233513,0.000900761653376702,0.7325090559537155,1,0
35.35481500439346,63.96409537643194,77.30197250843048,8.427188605070114,3.862548821605742,4762.59259556791,0.005686140449535825,0.7330695038279675,1,0
33.663584711030126,89.9840671941638,69.5527932047844,8.023998130112886,4.2191320094279945,4752.031513728754,0.0011661599162564869,0.7324840117089098,1,0
28.920761831104755,72.32278747484088,50.186606124043465,10.260281033813953,5.25120093440637,4713.4596311664445,0.0024773698694661246,0.7326710914213167,1,0
27.068474902771413,100.87235503830016,71.6034485027194,6.680721916258335,4.607799313496798,4772.627556075546,0.00040822145397835426,0.7325565174718679,1,0
39.208205291070044,83.4063885640353,48.48747406154871,11.96682133153081,3.614635848905891,4668.854289385935,0.0036517118865914172,0.7327403717116142,1,1
38.73315043747425,93.88049681670964,73.81170190870762,10.010384358465672,4.538346910383552,4706.565857398057,0.001595500076224665,0.7326683785253161,1,0
28.475537011399865,62.32302672229707,45.69816589355469,7.699471492320299,3.0765190343372524,4762.879681519655,0.003241881966116398,0.7333063508039642,1,0
30.330090881325305,104.86644752323627,67.34698120504618,11.256975162774324,3.683115979190916,4656.100403144421,0.0008250739013026244,0.7327114591723879,1,0
33.18992418702692,73.11366418376565,52.98323851078749,6.0896280482411385,5.183848682325333,4778.286728436232,0.0017713420345245397,0.7327339096068134,1,0
34.88161995541304,100.41381264105439,40.08757185190916,7.172499250620604,5.452608817256987,4763.131655972573,0.0007034837847278449,0.7327019964297155,1,0
32.12386336643249,80.40424160659313,79.4711634889245,10.912355035543442,3.951790059916675,4695.870283369732,0.002032740713039804,0.7326264780039908,1,0
26.418149759992957,86.20520791970193,58.73971611261368,8.843894362449646,3.3448494942858815,4738.230852812348,0.0009390078606883811,0.7324676270566159,1,0
36.77784012630582,66.39094864018261,61.87366731464863,9.627707283943892,4.806762828491628,4741.066877935607,0.006431942571420952,0.7334676414637752,1,0
36.41347855795175,86.5724397264421,47.00774110853672,6.395101502537727,3.812067019287497,4779.135710150664,0.0012919666363649478,0.7326608421191095,1,0
26.170939090661705,69.10494644194841,72.62423515319824,11.701661881059408,4.96735029341653,4685.242667561419,0.0026452363786224164,0.732960524617761,1,0
31.700908076018095,97.6568045001477,54.3317586556077,8.14560392126441,4.360567717347294,4745.394504830357,0.0007840705745775989,0.7325091456647663,1,0
34.57581545226276,79.99399946071208,66.19861822575331,10.31445787847042,3.1660643075592816,4711.994860842409,0.002329127955974903,0.7325023364719797,1,0
32.50326846726239,106.00977362133563,78.15618108958006,9.2286333180964,3.522638252004981,4713.8392324275455,0.0006871135291893583,0.7327181467981696,1,0
29.760643057525158,75.04125627689064,41.27068016678095,8.493128590285778,4.717208046466112,4746.6610198593735,0.0019811415223523394,0.732651169142259,1,0
27.84747490193695,91.89806882292032,60.519587099552155,10.560190759599209,5.323648193851113,4691.299266541636,0.000994937584042908,0.7324958446281443,1,0
38.222296559251845,61.12486472353339,59.88387353718281,6.774869564920664,4.168297939002514,4783.265609719738,0.005180535271699021,0.7328700189642854,1,0
39.63116765022278,103.62984001636505,62.72783759981394,8.73103328794241,5.078423909842968,4732.230535420729,0.0009845606739860662,0.7324794427830699,1,0
27.374272281304002,83.81710754707456,57.09456842392683,9.541351083666086,3.7668905053287745,4723.021105087214,0.0011910335509766204,0.7324838744464992,1,0
29.28513063583523,89.61578634567559,75.95037199556828,7.496161255985498,3.123330969363451,4761.342945697387,0.0008142126915850568,0.7324925667813177,1,0
33.91078819986433,69.60774063132703,44.067309498786926,11.162913255393505,4.474084546789527,4700.6327915787215,0.005286063360163573,0.7338678195821092,1,0
35.98288423847407,96.91284670494497,51.50339096784592,11.569054272025824,4.742853925097734,4661.494565720263,0.0013007455349178937,0.732511870806073,1,0
31.225845706649125,65.16158980317414,68.36780615150928,6.328328713774681,3.392033962998539,4777.626257736335,0.002775650090977846,0.733162201495328,1,0
25.697286194190383,107.70424934104085,49.843433015048504,9.90937788784504,4.035249282140285,4696.510692133277,0.0007065951594231497,0.7325275221272151,1,0
37.82280081883073,76.14830419421196,70.45748863369226,7.624695237725973,5.346849667374045,4758.108338832086,0.002962335041897239,0.7326649005934845,1,0
37.84499868284911,85.16825757920742,51.89259499311447,10.365279044955969,4.1734502809122205,4707.257154234138,0.0025624171762239196,0.7324295451973486,1,0
25.588098731823266,67.48255187645555,67.50863142311573,8.106322690844536,5.211703411303461,4750.654694620644,0.0020497293981238565,0.7329338060528084,1,0
31.309398403391242,99.08388619311154,49.294774644076824,11.649926796555519,4.566043705679476,4652.704088362205,0.001037787627505113,0.7325349722891208,1,0
35.93505160883069,81.59349373541772,71.16117630153894,6.434927579015493,3.567010152153671,4779.996410227081,0.0015921540451748584,0.732464435918451,1,0
34.02272202074528,104.38505447469652,63.275599516928196,6.828618787229061,3.2982413745485246,4770.574924718655,0.0005677948269564221,0.7326742870815468,1,0
29.265679130330682,73.63787283189595,56.38933580368757,10.517984334379435,4.297341312747449,4710.445201708452,0.002365007418034945,0.7325878251746575,1,0
27.42668277118355,93.49676439538598,75.56084372103214,8.438462231308222,4.943344043102115,4741.987515748314,0.0007236602781841187,0.7324755448972793,1,0
39.55219281371683,62.55427099764347,44.92436707019806,9.271393530070782,3.905023931991309,4760.527131596741,0.007635358824832928,0.7332715335654342,1,0
38.141040029004216,102.12880088016391,77.76421140879393,11.20585784688592,5.498557686340064,4666.350918574916,0.0011709893743032805,0.7324966425024455,1,0
27.89850492030382,82.09473233669996,42.13017914444208,7.441685311496258,3.9915544255636632,4761.253345343099,0.0010897906837904106,0.7326762179495593,1,0
29.735247804783285,91.14284942857921,61.06490761041641,9.499317549169064,3.387558664660901,4717.4018453971275,0.0009727809933057262,0.7326991729518468,1,0
32.610159763135016,71.3040926400572,59.18108232319355,8.784961525350809,4.85534238582477,4738.280747329887,0.003210967175015533,0.7332112549974937,1,0
34.522039075382054,95.19279607571661,46.46152414381504,7.664714589715004,4.49876784067601,4759.204846964702,0.0009558976314296731,0.7324520398105449,1,0
31.77941824775189,63.659751964733005,73.32548141479492,9.857830043882132,3.030917734839022,4743.924909680348,0.004706140141542469,0.7332309510456578,1,0
26.059469934552908,109.40140005201101,54.723404087126255,6.289229359477758,3.6352571165189147,4778.805434328177,0.00028837304833764777,0.7326814559938601,1,0
36.434295950457454,77.67304269596934,65.33700209110975,11.620051190257072,5.142327358014882,4679.600046308316,0.004169464422324076,0.733023224231606,1,0
36.773029933683574,107.41959762759507,40.78891348093748,8.387169253081083,3.483216952998191,4734.897165533219,0.0007038138149278947,0.7327163786029877,1,0
26.515413713641465,76.47557779215276,78.92485115677118,9.146903783082962,4.6714501031674445,4732.784285497884,0.0015401956101227911,0.7326404607520394,1,0
32.05955839715898,96.33523359894753,57.87892013788223,7.090802729129791,5.275946282315999,4767.986609468207,0.0006929083565859822,0.7324698739433757,1,0
34.91938913241029,65.58652700856328,62.26449258625507,10.806580167263746,4.126618555281311,4726.7304188367525,0.0062814141781794616,0.7334612949756775,1,0
33.09540659189224,88.38533418253064,74.67217363417149,11.923876740038395,3.8578590117394924,4662.657450515832,0.0015379527827130833,0.7324911955188196,1,0
30.33764743246138,70.893414914608,45.30522346496582,6.735197860747576,5.007272792980075,4772.392963550702,0.0019412624498941083,0.7325869311876702,1,0
28.44234569463879,102.497039726004,66.64474312216043,10.302314568310976,4.403119042515755,4686.978966028621,0.0007670047267393452,0.73269540841007,1,0
38.802033266983926,84.80980870313942,53.52800589054823,7.970069892704487,3.2148004341870546,4756.056370895029,0.0020154595679257245,0.7324678249985103,1,0
39.27205984480679,92.3534685652703,68.84811371564865,6.035878825932741,4.7825420666486025,4784.921604729187,0.0010936688649723705,0.732485284069656,1,0
27.02932547777891,60.62663764692843,50.73381491005421,11.299181587994099,3.4380590468645096,4718.053147710951,0.0043087820657315146,0.7335892091110036,1,0
28.926952271722257,106.36752447113395,72.46147882193327,7.754137851297855,4.08390505425632,4750.025796883084,0.0004994960697804467,0.7325035485282058,1,0
33.56677117291838,74.83600530773401,48.09697303920984,9.96762414649129,5.389482613652945,4716.809373357166,0.0031169357145676346,0.7329420123439017,1,0
35.39121807087213,98.71669638901949,55.045666731894016,9.576886117458344,5.032898834440857,4711.475500059647,0.0010333046018936897,0.7326860281327795,1,0
30.64839798491448,78.87946641072631,64.4288007542491,8.88317559286952,3.727235220838338,4739.7189749239515,0.001679430561990363,0.7326305468435387,1,0
25.10285897180438,87.92529598809779,43.6197254806757,10.96409012004733,3.0817334302701056,4686.741423926615,0.0009545188561521734,0.7325919540206544,1,0
37.24259193055332,67.89275276474655,76.75321877002716,7.1326731741428375,4.426301908213645,4770.110826809449,0.004310419298768446,0.7330885749537428,1,0
37.561682532541454,99.91534961387515,60.32079394906759,7.934526689350605,3.872082426212728,4748.074887478975,0.0009309545417963234,0.7326976343690577,1,0
25.429155719466507,80.86093109101057,59.70665235072374,10.150350619107485,4.90544840414077,4710.1383597905115,0.0012767246798936634,0.7326447163427966,1,0
31.032493179664016,85.9012974333018,78.34826067090034,6.6058989353477955,4.26192822586745,4776.641911671139,0.001005193981070874,0.7324787877007599,1,0
35.76787108555436,66.65156566537917,41.48391239345074,11.865679956972599,3.267772846855223,4708.598985186019,0.0054421780980548635,0.7338156564872717,1,0
33.710023164749146,94.32708331383765,54.20409046113491,10.771084170788527,3.6243280204944313,4687.16799447345,0.0011290251250740827,0.7324942472527968,1,0
29.07763951458037,61.8205642234534,66.08706697821617,6.938794434070587,4.618550380226225,4768.643871703699,0.0031387180507271564,0.7333263623080217,1,0
27.120394841767848,105.1184755191207,47.114047296345234,9.017652064561844,5.2618026356212795,4717.14959732747,0.0005447035225002226,0.7327107624707108,1,0
39.355915687046945,72.80726818367839,72.7473833784461,8.328928124159575,4.2283702730201185,4750.611063187154,0.005001555477272944,0.7333698173909102,1,0
38.893220173195004,90.3118672221899,49.94241490960121,7.285362392663956,5.175231778528541,4763.5300107467465,0.0014095711738970921,0.7326671490293667,1,0
28.526083044707775,72.03713649883866,70.57819537818432,10.99889374896884,3.6731159309856594,4702.971281286741,0.002416957232891204,0.7327192292578184,1,0
30.481017916463315,101.39623348601162,51.36839862912893,8.94210908934474,3.066367944236845,4723.14440654248,0.0006677496887507533,0.7327228127945591,1,0
33.24597629252821,82.92619100771844,68.25381357222795,9.705456912517548,4.529273155611008,4721.6873832407655,0.001812130128207422,0.7324488366327119,1,0
35.30337304342538,108.57079959474504,76.14001024514437,10.12036057189107,4.797985010780394,4691.500902575188,0.0008105953833832746,0.7324887574497566,1,0
32.43632185738534,78.4064679313451,44.27321758121252,7.788897134363651,3.335012818686664,4761.66210256884,0.0017063359163235214,0.7324437463395236,1,0
26.834393870085478,94.4590843655169,62.52660296857357,11.35816229134798,3.9414946706965566,4667.152492827074,0.0009670863260703341,0.7325324462189313,1,0
37.09943796508014,64.49006594717503,56.91002294421196,6.164405275136232,5.443676902912557,4780.11081806853,0.003320750524018887,0.7330389566222794,1,0
36.584929968230426,97.16469290666282,71.73693433403969,9.306157104671001,3.1574485772289336,4724.584912509703,0.0009961713854119655,0.7324648500622073,1,0
26.20266166049987,64.85501200892031,48.6030500382185,8.591202948242426,4.350568879861385,4745.768086400966,0.0027772708192738173,0.7331844305098412,1,0
31.86322002671659,108.15063616260886,69.45165630429983,10.646503631025553,4.957197992596775,4670.438208871937,0.0007693713458991645,0.7327212417795189,1,0
34.61304711177945,75.64564201980829,50.0679786875844,6.88759233802557,3.802992091048509,4773.700076341943,0.0021918150882572762,0.7325198854443619,1,0
32.93651767075062,103.32611728459597,43.11990488320589,6.469738360494375,4.159518947824836,4778.15889696927,0.0005355380689145478,0.7325371007735325,1,0
30.054392525926232,84.07791232690215,77.48371448367834,11.80262316763401,5.313810307532549,4669.330945148891,0.001611174466870594,0.7324505913515739,1,0
28.27521836850792,89.11751703359187,55.71775935590267,8.234889194369316,4.706913867965341,4744.221276595336,0.0008882116215818039,0.7326939909749115,1,0
38.525188392959535,70.06462383083999,63.831209391355515,10.424208249896765,3.513707511126995,4730.317355021392,0.006371235207495197,0.7333019707689328,1,0
39.92902469821274,105.53758990950882,58.546130023896694,11.468047186732292,4.483614556491375,4653.4235033311625,0.0011739108691721561,0.73270433646926,1,0
27.810713537037373,75.56704505346715,61.6620184853673,6.2537376545369625,3.1342441234737635,4778.577507214478,0.0012151954746133843,0.732682304849308,1,0
29.59215463604778,91.62195160984993,40.28420999646187,9.79958176240325,3.777349192649126,4708.627126650371,0.0010090930592261628,0.7327229887996283,1,0
34.34174830559641,61.45609499886632,79.65046398341656,7.535455718636513,5.087805261835456,4771.10634745848,0.004817064041096941,0.7330790617297224,1,0
36.01874299813062,87.09650592878461,67.24340282380581,8.633004728704691,5.356545433867723,4739.356137021311,0.0015958060610988711,0.7326530738453999,1,0
31.400517779402435,68.6249366402626,52.85728678107262,9.463781498372555,4.046003906521946,4731.76420164447,0.003786277862634993,0.7333822686770574,1,0
25.738621409982443,97.98479824326932,73.94274640828371,7.383484236896038,3.4026321065612137,4759.051339735703,0.000501492624879187,0.7327012728130015,1,0
37.98830079846084,79.70854219980538,45.80641772598028,11.076554629951715,4.75208859378472,4692.079540599679,0.004167794459920718,0.7328715499570235,1,0
38.09209172613919,104.64021786116064,73.66935230791569,6.225472804158926,4.888172521721572,4779.7716417786505,0.0006466451085168321,0.7327049704159802,1,0
25.835402719676495,72.91341078467667,46.78293764591217,11.484383001923561,3.8890722109936178,4690.027342492609,0.001983499253866456,0.7324973337482644,1,0
31.556708007119596,93.65350486710668,65.01678708940744,7.565824672579765,3.245852719526738,4757.520954679522,0.0007949861004261356,0.7326879846389537,1,0
36.18211450520903,62.12200954556465,54.38077609986067,9.780778493732214,4.2841726071201265,4748.900102915557,0.007057722577228381,0.7334052386268624,1,0
34.240475301630795,86.38109475374222,42.43267070502043,9.387086860835552,4.6404037503525615,4725.993538204316,0.0015753143401900714,0.7326417473740703,1,0
29.483700576238334,66.54388861730695,78.04887685924768,8.697767470031977,3.6021503964439034,4743.332701252046,0.0032620826201782945,0.7334844663133322,1,0
27.64468116685748,100.59046325273812,58.89765948057175,11.152243796736002,4.245712912641466,4664.878763905362,0.0008488793366695803,0.7325296241345801,1,0
39.77000172249973,80.55794387124479,60.76361484825611,7.319357894361019,5.244746093638241,4763.858920169221,0.002529041585318799,0.7324943213790956,1,0
38.362703691236675,95.13285429216921,56.69428888708353,8.572577062994242,3.690086488611996,4740.716657352201,0.0012294652766571968,0.7324824571110042,1,0
28.119971943087876,64.188810614869,63.55780582875013,9.336703442037106,5.1579369669780135,4735.060950189678,0.003581809584622914,0.7335001811065446,1,0
29.956667190417647,109.04924724251032,44.643365517258644,6.904116980731487,4.551498607732356,4768.238629338629,0.0003938210463812083,0.7325048586152987,1,0
32.83184016123414,78.30051681026816,75.25712728500366,10.618427608162165,3.0444285897538066,4709.298579622546,0.002153968014127633,0.7324737650534968,1,0
34.77301388978958,100.72092985734344,67.85004049539566,11.738674208521843,3.3128541237674654,4648.924254613458,0.0009858339494217135,0.7327184132619662,1,0
32.03013920225203,83.22898674756289,52.216467931866646,6.545604910701513,4.819857608061284,4774.760774439948,0.0011527767315714782,0.7326771469940272,1,0
26.310229138471186,89.83187842182815,70.83854030817747,10.489159818738699,5.426639588084072,4692.125251280392,0.0009775238487515596,0.732708429876002,1,0
36.68525894638151,72.14462355710566,48.95457003265619,8.158383384346962,3.958856239449233,4753.507154674473,0.00421759292778089,0.7331323333855085,1,0
36.991055430844426,89.41554421558976,64.7531134262681,11.016082148998976,4.328553380444646,4684.415635323818,0.0019006738478714452,0.7326711952170827,1,0
26.733192391693592,69.38149951398373,55.38663845509291,7.256302177906036,3.1791398227214813,4767.345629532515,0.0018162230830109064,0.7326241567260482,1,0
32.27734179701656,103.42883578501642,76.41348995268345,9.687449008226395,3.7860786002129316,4703.69410002885,0.0007790877847631202,0.7327179882217046,1,0
35.13738358858973,83.59010283835232,43.296611309051514,8.971625458449125,4.9743975810706615,4735.538168013731,0.0018990692557566624,0.7324540887654022,1,0
33.34268607664853,107.85720040090382,51.01680189371109,7.854329355061054,5.33063796767965,4745.850545561397,0.0005520692869034011,0.7327538547246337,1,0
30.58473731856793,76.32418013177812,69.15228374302387,10.043053675442934,4.142405190039426,4716.9698385882675,0.002164408073459174,0.73268526022335,1,0
28.689411636441946,97.06656135618687,47.79400181025267,6.100891191512346,3.5358088412322104,4785.62858944599,0.00048501175346891143,0.7324684604899172,1,0
39.04936748556793,65.3382278420031,72.17973444610834,11.43318197876215,4.685136791784316,4721.540338025227,0.008161845840983927,0.7338080186553614,1,1
39.52279194723815,97.88150828331709,45.59063412249088,10.180055815726519,3.155954596120864,4703.619580055573,0.0012643742493915078,0.7324717393461919,1,0
27.28031870443374,80.1957787387073,74.97392237186432,7.9167076125741005,4.461617986205965,4757.579848203005,0.0012033111390508592,0.7324370761415274,1,0
29.17789696715772,86.79790579713881,53.227493800222874,11.836797125637531,5.105023779440671,4663.759455936365,0.0014161500386526639,0.7324755975398757,1,0
33.81751911714673,69.30748949758708,66.3605372235179,6.623264718800783,3.7604549289681017,4775.738856379934,0.0028474525843052963,0.732882820084321,1,0
35.612667575478554,91.72065610997379,79.24674045294523,7.014002948999405,4.028871219605207,4769.418044639813,0.001083285265519683,0.732493447425478,1,0
30.870051393285394,60.97345062531531,41.132306195795536,10.707758914679289,5.3733538668602705,4726.1098187603175,0.006018442874113256,0.73374169195478,1,0
25.32454973552376,105.83159713074565,61.92230433225632,8.25179861113429,4.7302922904491425,4736.850964659899,0.00045726068442020196,0.7326995064989112,1,0
37.4640287226066,74.88907989114523,57.558267787098885,9.083261668682098,3.4247145075351,4739.68741604324,0.004453233149605752,0.7330788542552118,1,0
37.314368011429906,92.82433361746371,43.97131133824587,11.281179405748844,5.189830967690796,4675.199877089227,0.0016688693629769754,0.732482710846038,1,0
25.18210221081972,62.85381260327995,75.85475709289312,6.065400917083025,4.19560883147642,4777.371087487812,0.0018901497794952054,0.73305544718099,1,0
30.785390748642385,103.90793833881617,57.194071635603905,9.984806824475527,3.5496484390459955,4698.388220450663,0.0007430268410166572,0.7324974898546337,1,0
35.520572015084326,73.74210556969047,62.82727226614952,7.725071914494038,4.583081174176186,4757.512440509168,0.003053215525094657,0.7329616384844196,1,0
33.49201985169202,99.76091062650084,70.23495987057686,8.819667231291533,4.314636268652976,4730.747465848109,0.0008585979531447026,0.7324974348662968,1,0
28.85983999352902,81.28936517983675,49.62036840617657,9.651911526918411,3.281270663253963,4725.651313548011,0.0013435883033094465,0.7324289389720862,1,0
26.902632173150778,85.64995991997421,68.57462342828512,7.198099672794342,3.9269631328061223,4768.4072789194815,0.0008381665788828982,0.73246119106287,1,0
39.13789915852249,67.37372771836817,51.71042937785387,10.886777501553297,4.921118735335767,4723.407328520577,0.007606311196038933,0.733662754941976,1,0
38.67179229389876,109.87794323824346,65.7462527602911,9.118026673793793,4.01373219396919,4716.495223948194,0.0007838269582965389,0.7327030093591327,1,0
28.304408458061516,77.56823849864304,53.87962028384209,8.40454075857997,5.476704162545502,4745.139499782514,0.0014839234824547602,0.7326451119108675,1,0
30.25934844277799,95.8646553941071,73.07065475732088,10.836279641836882,4.872398774139583,4677.473195167697,0.0010248049020608178,0.7327190229838761,1,0
33.02451776340604,63.359637409448624,47.45361890643835,7.072977930307388,3.3702161693945527,4771.89438814974,0.004020352509224585,0.7332044176835669,1,0
35.05260534584522,90.66171854734421,59.40232511609793,6.65807406976819,3.013928103726357,4778.083607702549,0.0009666548074550517,0.7324634134346607,1,0
32.18536467291415,71.41348974779248,60.037964172661304,11.989492066204548,4.516043578740209,4677.841843178942,0.004241495558843521,0.7336808882045255,1,1
26.583413244225085,101.4523493964225,41.765499264001846,8.045272685587406,5.120082832407206,4744.826704924539,0.0004969958816491834,0.7325062868146645,1,0
36.848725504241884,82.39943235181272,78.65138940513134,10.23898359015584,3.6571773975156248,4711.97005495687,0.0026948875449238235,0.7324692540017399,1,0
36.36714075691998,102.59861689060926,52.57493279874325,7.472048543393612,4.654641516506672,4759.494821932545,0.000765690013661045,0.732487527691713,1,0
25.98467569798231,84.32391000911593,66.93859741091728,11.187048856168985,3.500349784269929,4683.910885717139,0.001187551045050175,0.7325094668419251,1,0
31.645186035893857,88.68221425451338,46.10998619347811,8.756702397018671,4.104536298662424,4739.434210997805,0.0011706485965050188,0.7324587780479018,1,0
34.39527424518019,70.21219561807811,74.22389592975378,9.515659086406231,5.297742431983352,4725.480143900534,0.0044554678517412195,0.7336711620491632,1,0
32.689445917494595,96.2351983319968,61.33829351514578,9.93351348862052,5.0292692189104855,4702.694745635416,0.0010288572192210725,0.7327022045472493,1,0
29.80706680100411,66.07089051045477,58.20457298308611,7.600582525134087,3.8361486927606165,4760.037846358096,0.0030077126404511856,0.7333207401534445,1,0
28.02793039008975,107.12425200268626,79.99081626534462,11.543362274765968,3.2316948515363038,4642.897105481707,0.0010663353310971862,0.7327564340759314,1,1
38.27810431830585,77.1552574262023,40.60669831931591,6.353997822850943,4.38590038055554,4779.952272948844,0.002345096662743143,0.7325088164077503,1,0
39.678070615045726,87.62860590592027,77.16244865208864,8.122841611504555,3.45517266029492,4752.942764680505,0.00192796605787089,0.7324631354488692,1,0
27.559970510192215,68.57416354119778,42.775886319577694,10.337197300046682,4.765714560169727,4712.254010569931,0.0028262686548615984,0.7332783175904445,1,0
29.34141761623323,98.61531070433557,64.17398534715176,6.416307415813208,5.411259843502194,4775.921376906175,0.00045127147209391496,0.7327276067584575,1,0
34.090764466673136,79.36555509455502,56.037826389074326,11.680478855967522,4.061803579796106,4677.5646700439565,0.002833650421932254,0.732745270603288,1,0
35.79704284667969,106.66267861612141,48.318236619234085,10.58293018117547,3.7055438216775656,4678.83369634179,0.0008499674060846769,0.7325215847008315,1,0
31.179085904732347,74.15613568387926,71.434590741992,6.752107255160809,5.054914478212595,4774.588960941652,0.0017380135974667849,0.7324680571622846,1,0
25.517166987992823,92.45331384241581,50.36912377923727,9.207450293004513,4.409102464094758,4724.2818250648925,0.0007794734006678193,0.732516560341397,1,0
37.76665677782148,60.142082665115595,69.73522681742907,8.514334503561258,3.098646767437458,4771.766476129857,0.006239780981611156,0.7330047409470468,1,0
37.761110165156424,87.66665266826749,44.978451281785965,7.193438541144133,4.773586529307067,4768.472386475665,0.0014994978306005114,0.7324548202881823,1,0
25.52641616668552,68.43825936317444,75.59465043246746,10.909182697534561,3.466868937946856,4704.241061659921,0.0022717695425715947,0.7331160016508966,1,0
31.17355588823557,98.55571090243757,56.365311704576015,8.853120982646942,4.073310277424753,4726.89334682767,0.0007974405250806691,0.7327157795199023,1,0
35.80630895681679,79.52263084240258,63.23126453906298,9.612798672169447,5.419247408397496,4724.848938458713,0.0027312185033163167,0.7324674068672062,1,0
34.08531787805259,106.53002363629639,71.12723398953676,10.029904939234257,5.062949805986136,4692.463805055542,0.0008041735634271321,0.7327014760745582,1,0
29.350480940192938,74.19132663868368,49.24082662910223,7.697717864066362,3.7170790596865118,4761.037584172563,0.0018095477099095215,0.7326628967339366,1,0
27.554512131027877,92.61362537741661,67.55279742181301,11.26478235796094,3.1102952915243804,4672.971644427241,0.0009423120872456239,0.7325092608851786,1,0
39.68712203670293,60.079616624861956,51.916788667440414,6.076138861477375,4.4169459021650255,4790.246039717564,0.0045531070764136435,0.7327990262441538,1,0
38.283521849662066,102.73126740008593,65.38116570562124,8.032303858548403,3.4925148165784776,4745.6714079085505,0.0008511801631551969,0.7326895604242832,1,0
28.01878078840673,84.28871458396316,54.74760014563799,10.245938546955585,4.642982240300626,4704.272753891427,0.001308881958684151,0.7326786230979814,1,0
29.812497016973794,88.52190718986094,73.29154148697853,6.700752474367619,5.286198751535267,4771.735624533998,0.0007671299215169703,0.7326887084337625,1,0
32.68030911218375,70.27466612868011,46.407573744654655,11.964180070906878,4.096511750947684,4682.0398099547665,0.00466956089193611,0.7339743943709877,1,1
34.4008490210399,96.19714709930122,59.157060608267784,10.867393791675568,3.82815267611295,4682.766897107487,0.001122143510072873,0.7324994529586134,1,0
31.6360222408548,66.20679021812975,61.0205702483654,7.0358499102294445,5.017773292027414,4763.792154823148,0.002932196815428739,0.7333283367776966,1,0
25.990234771743417,107.18385627493262,42.184260971844196,9.116896759718657,4.374212563969195,4716.926802705578,0.0005447302447569056,0.7325114527789821,1,0
36.35796092450619,76.9981861487031,77.79802050441504,8.423037081956863,3.2238121209666133,4748.935017988577,0.002904612462141245,0.732708958625545,1,0
36.843180232681334,109.94079298339784,53.56257554143667,11.565098013728857,5.468870303127915,4642.798019108482,0.0009166930148746422,0.7327063708650524,1,0
26.592661975882947,77.40830917842686,66.69806439429522,6.350040480494499,4.0020741750486195,4777.72144994715,0.0010488388738139204,0.7326664368190305,1,0
32.179835103452206,95.82984367385507,45.261651426553726,9.893696799874306,3.3586713620461524,4704.44377723318,0.0009370969611907838,0.7327136205287804,1,0
35.06187011487782,63.492673113942146,74.6473865956068,7.634705778211355,4.864372950512916,4767.583423758405,0.004862943143426921,0.7331162067228483,1,0
33.01907251589,90.50426356494427,62.211002334952354,8.728587292134762,4.508046435192227,4735.046692303639,0.0011670843458450228,0.732690787002834,1,0
30.268411319702864,71.47270882502198,57.844520062208176,9.561552587896585,3.0024309009313583,4730.9436938235185,0.0024215370683418145,0.7328909031843438,1,0
28.298950525932014,101.5878698695451,78.949502594769,7.481991145759821,3.645490689203143,4758.600428201187,0.0005269152482060139,0.7324943768280872,1,0
38.68084237445146,82.36100337468088,40.83262171596289,11.171412818133831,5.112201359122992,4684.742379902049,0.003669561063878072,0.7327741993203685,1,0
39.143316242843866,92.98178710974753,76.77787259221077,9.214971754699945,4.203482057899237,4728.709566220167,0.0015911642038368016,0.7324662410155204,1,0
26.893483912572265,62.79459203593433,43.66343133151531,8.500741951167583,5.201528353616595,4748.496387249868,0.0031726273606709553,0.7333756065725662,1,0
28.865268868394196,103.77241935580969,64.37530811876059,10.558241866528988,4.594586595892906,4678.579103143863,0.0007640796141320211,0.7325331371437572,1,0
33.48288349341601,73.78053603693843,55.01126904040575,6.794219199568033,3.5576348770409822,4774.0499315637835,0.002177494157301323,0.7325787255705105,1,0
35.526146343909204,99.69805939123034,48.05339861661196,6.380020514130592,3.289304715115577,4779.112752736056,0.0006814004845721274,0.732665544736283,1,0
30.776228294707835,81.44929300993681,72.43669416755438,11.710694666951895,4.3261703797616065,4675.193709465289,0.0018633106690959594,0.7324386722131702,1,0
25.18765994347632,85.68477313034236,50.76838694512844,8.142236318439245,4.932768516708165,4748.275984381004,0.0008050050120644979,0.7326783615624315,1,0
37.30518862605095,67.24069350399077,68.90143260359764,10.335226222872734,3.9348076791502535,4734.044832357608,0.006461698306788805,0.7334636643039653,1,0
37.454912536777556,97.72462923079729,72.78195511549711,11.11246644705534,4.454842709936202,4672.923954439319,0.001332447327463259,0.7326925840614654,1,0
25.329934298060834,80.25557523593307,47.167365886271,7.353430364280939,3.1432380033656955,4766.174135151716,0.000934592171897718,0.7325472162828931,1,0
30.860947333276272,86.93399474956095,66.04349225759506,9.40887338295579,3.7475463720038533,4723.258806297001,0.0012292584731144309,0.7326820934778705,1,0
35.618064599111676,69.26962750963867,54.179305508732796,8.693770788609982,5.098361714743078,4743.518125494878,0.004638883583181764,0.7333672446048694,1,0
33.80833129398525,91.78292545489967,41.430419459939,7.575715061277151,5.366739565040916,4755.787819074757,0.0010031435456453782,0.7326976381592658,1,0
29.183496218174696,60.81294239498675,78.31386268138885,9.765183225274086,4.015991203021258,4743.62879387856,0.005014574746496915,0.7333183866956177,1,0
27.271114620380104,105.79622140154243,59.73130587488413,6.19731692969799,3.411950161214918,4783.3416345469495,0.00033548041175837255,0.7324786688456678,1,0
39.52837482560426,75.02155009657145,60.364499501883984,11.530328717082739,4.723488483112305,4692.366206479298,0.006740947241240434,0.7323363770273937,1,1
39.05858436599374,89.35327040031552,56.934674084186554,10.464512273669243,3.1859544846229255,4704.158327128695,0.002011224910897235,0.7324344878801569,1,0
28.683898663148284,69.54200327396393,62.57031090557575,8.200443115085363,4.341309358831495,4754.6019929665945,0.0024182295621418414,0.7327177311360225,1,0
30.593969565816224,103.464215984568,44.21972703188658,11.746247883886099,4.987266771029681,4644.573189297763,0.0009223371418829025,0.7325060970459443,1,0
33.33718858193606,83.45763710327446,76.10560987144709,6.531971588730812,3.792701297905296,4778.885933992885,0.0012788395688415476,0.7324620456126211,1,0
35.146471611224115,108.01407498307526,68.21024123579264,6.923460904508829,4.149056418798864,4768.70146324583,0.000548952727287781,0.7326041987110711,1,0
32.271871850825846,76.264379164204,51.34361129254103,10.616495870053768,5.343554911203682,4702.031296147066,0.0026517493734441572,0.7327659690766781,1,0
26.742267394438386,96.93047687411308,70.61276473104954,8.536250822246075,4.697864229790866,4736.806367427923,0.00064101058802714,0.7325028693790085,1,0
36.98557212948799,65.37609430029988,49.99573588371277,9.366970036178827,3.5425757402554154,4752.720590953633,0.00613262973943384,0.7331272273128415,1,0
36.67614141944796,95.0000033620745,63.885290920734406,6.134397156536579,5.1647503529675305,4780.23836454342,0.0008446721427836263,0.7326916850276297,1,0
26.315614148043096,64.22380710951984,55.75156815350056,11.39402835443616,3.70284134009853,4698.335917128944,0.0033921437958502132,0.7338934910755015,1,0
32.02103469520807,109.20937325805426,77.45969247072935,7.849708992987871,3.0572990369983017,4748.745974650086,0.0005195320112493731,0.732504032769034,1,0
34.77841225452721,78.23786376044154,43.07556722313166,10.065406657755375,4.558122413698584,4714.841467572323,0.002915103304915769,0.7327549536921107,1,0
32.82265099696815,100.75917406007648,50.034038461744785,9.671012621372938,4.826510094106197,4709.447708099141,0.0008770003447781101,0.7324876361180616,1,0
29.962266888469458,83.09328150004148,69.39770560711622,8.982414186000824,3.325772175565362,4736.092816741121,0.0012780009383725295,0.7326393040891199,1,0
28.110767411999404,89.77246264927089,48.647213354706764,11.061129480600357,3.9715824015438557,4677.066762409774,0.0011303834977805913,0.7327332532662045,1,0
38.368287910707295,72.30188184417784,71.7611300945282,7.228987466543913,5.433405360206962,4762.315048108232,0.003420386180155884,0.7330304868001757,1,0
39.779219049960375,104.60197216831148,45.85058342665434,8.294527798891068,3.882295807823539,4738.980184935901,0.0008990111697585667,0.732696899168368,1,0
27.63916685245931,73.04911454208195,73.96693978458643,9.057910334318876,4.875454653054476,4736.468585394989,0.0019917754978301875,0.7326873990303059,1,0
29.492934164591134,93.71292212978005,52.82334417104721,7.001073461025953,4.271265158429742,4767.539118695351,0.0006760459178789682,0.732678560956574,1,0
34.23497735988349,61.96475274860859,67.18945451080799,10.714663088321686,3.23919191211462,4737.294539424301,0.005822381703469218,0.7335503330240427,1,0
36.19120297487825,86.51394419372082,79.62643958628178,11.835626441985369,3.595537202898413,4671.39129497557,0.0021234519438929687,0.7324168871779656,1,0
31.551236719824374,66.50889063253999,40.239874720573425,6.6418132558465,4.627524991054088,4772.120584985729,0.0027365925212850723,0.7330008614885395,1,0
25.844479063525796,100.4303387273103,61.71610239893198,10.211117751896381,5.231980620417744,4691.9058679901345,0.0007110152032708169,0.7326022629410494,1,0
38.08660797774792,80.62059841118753,58.57993643730879,7.879620362073183,4.238907829392701,4754.962597083295,0.002578032848860935,0.7326900832823784,1,0
37.97914097085595,105.69503744132817,60.739593133330345,9.028309565037489,3.1262482232414186,4721.849661418277,0.0007693745536373652,0.7326895167847078,1,0
25.74419311247766,75.50781852565706,58.85332211852074,8.312611520290375,4.472118597012013,4749.6196778636,0.0014234208866104516,0.7326172318174266,1,0
31.391341132111847,91.48643858730793,78.1029586866498,10.743627458810806,5.076117338147014,4688.733408095924,0.0012146614025835042,0.7324974448699398,1,0
36.02429799269885,61.49453142657876,42.46647980064154,6.983995210379362,3.7694665039889514,4781.66842144494,0.005005834338110199,0.7328817959319135,1,0
34.33260267134756,87.03366065397859,54.42493971437216,6.56688941270113,4.038168822415173,4776.0603932264385,0.0011658518692243443,0.7326654603544347,1,0
29.5975690940395,68.78487043082714,65.04098314791918,11.89903037622571,5.3448861902579665,4677.3693405695385,0.0037188942262835465,0.7339089137875519,1,1
27.801579916849732,98.019605493173,46.74899771809578,7.95701165869832,4.740545020438731,4749.741403494327,0.0005972852709777734,0.7324870359467338,1,0
39.93445083498955,79.5755020249635,73.6154019087553,10.145609714090824,3.394607516936958,4716.127495581364,0.005093335733109482,0.7330847666503073,1,0
38.53424864355475,97.22753669135273,48.92062772065401,11.37676127627492,4.35860416572541,4666.500727944903,0.001484087214584965,0.7327014126579922,1,0
28.269775747321546,64.69507672823966,70.78459229320288,6.163172699511051,3.168983922339976,4779.067705395417,0.0022103423457576488,0.7330699268710782,1,0
30.06343986839056,108.1158304028213,52.26063393056393,10.08331299573183,3.8146406477317214,4690.631329636645,0.0006864963172962357,0.7325094853783678,1,0
32.931062476709485,75.77868368476629,67.8742341697216,7.819930840283632,4.965041314251721,4755.423252940947,0.002162869263524899,0.7327076904762574,1,0
34.622293217107654,103.1686682626605,75.31121149659157,8.916717320680618,5.3216823185794055,4723.692770810242,0.0008069152967257824,0.7327348168363617,1,0
31.8576773814857,84.13713736459613,44.67717222869396,9.748215090483427,4.1712151183746755,4722.127786123997,0.0015440338301393598,0.7324316474468701,1,0
26.2119236914441,89.25303154624999,63.53378172963858,7.2922140173614025,3.525214176159352,4763.062683207972,0.0006951377390326322,0.7326792956834522,1,0
36.579403136856854,70.02618889324367,56.64995390921831,10.986028254032135,4.7149015492759645,4709.870656560201,0.00614347098573899,0.7337577331947451,1,0
37.09027858451009,90.44452369213104,72.13616002351046,8.2191505394876,3.6811500899493694,4749.644110686837,0.0013620226484334862,0.7324801480031559,1,0
26.839964231476188,72.00194703415036,47.769217155873775,10.434253469109535,5.186765847727656,4707.513410062886,0.002199339015352362,0.7327989905252044,1,0
32.42714655119926,101.2359204608947,69.1868557780981,6.515551373362541,4.540922820568085,4773.094253627914,0.0005564092524916866,0.732742175379736,1,0
35.308927590958774,82.98865555785596,51.07012078166008,11.77458855137229,3.074212523177266,4675.317587159984,0.0022360162476596523,0.7326150779015523,1,0
33.236831105314195,108.53274240158498,43.32126513123512,10.680706612765789,3.3428859380073845,4671.5490087974185,0.000748095152646079,0.7327164271104214,1,0
30.486431033350527,78.54236167855561,76.45719580352306,6.847695920616388,4.8096824386157095,4773.645313657336,0.001384570420144328,0.7324483177281101,1,0
28.516950765624642,94.51869459822774,55.3331458196044,9.30230313912034,5.455182441044599,4717.740283783046,0.000808037247109774,0.7327044881234682,1,0
38.898645862936974,64.3330006301403,64.71871573477983,8.612835310399532,3.9494810760952532,4765.960911001233,0.0067067995398303135,0.7330121884777823,1,0
39.36497459653765,99.95340233668685,57.504777535796165,7.381593648344278,4.897451227996498,4760.095634568357,0.000986068866176254,0.7326697975406455,1,0
27.114952667616308,80.72503287345171,61.88790425658226,11.095868848264217,3.860585339833051,4688.699304340055,0.0014622894411522377,0.7326451063022016,1,0
29.08668641000986,85.84169167093933,41.156957633793354,8.663323156535625,3.2560861804522574,4742.409714211773,0.0010688905681373346,0.7324628065080748,1,0
33.70456931181252,66.80863545276225,79.29044868797064,9.427391979843378,4.254046645481139,4739.497665034061,0.005191763797742073,0.733506110547648,1,0
35.777115849778056,94.19442237354815,66.39510687440634,9.841590330004692,4.610716553404927,4711.302646811471,0.001271073277100298,0.7324774305244283,1,0
31.026950981467962,61.855749217793345,53.280815072357655,7.510870780795813,3.612669885158539,4767.105015173366,0.004102028913788877,0.7332642287983948,1,0
25.4384173033759,105.27879301458597,74.93035033345222,11.45437490567565,4.216825423762202,4648.911122060536,0.0007488093447715937,0.7327652802682263,1,1
37.55615704227239,72.74480810388923,45.5658470839262,6.261338844895363,5.253776919096708,4778.527294975219,0.002501886962654137,0.7326725238208445,1,0
37.237117905169725,92.31522883288562,51.66685704141855,8.484327457845211,3.444710392039269,4743.738667315656,0.0012549532075154292,0.7324872878935338,1,0
25.111950179561973,60.76234736479819,68.54983609169722,9.243318144232035,4.795458977576345,4741.764881636705,0.003448548236033742,0.7334284917599435,1,0
30.64291161019355,106.42693577334285,49.654937759041786,6.812920901924372,5.402209944557399,4764.827610355783,0.00040416423120298665,0.7328200579598704,1,0
35.40029704105109,74.67874255031347,70.28828084468842,10.527977339923382,4.090671995189041,4707.5991431489465,0.0042645115935353,0.733313247312663,1,0
33.56125412043184,98.84953986853361,62.851923406124115,11.646033491939306,3.7340497663244605,4653.764469035989,0.0010363802002476782,0.7327172611288324,1,0
28.936172337271273,78.84446246549487,57.23777957260609,6.456610724329948,5.0456548454239964,4775.65209104686,0.0011150361792606187,0.732666128141889,1,0
27.023824909701943,87.76517742313445,75.80126654356718,10.399431243538857,4.439171205274761,4699.753369296153,0.0011070523522139569,0.7324981255193365,1,0
39.28129605948925,67.95541326515377,43.93691096454859,8.066465612500906,3.088356086052954,4767.112083797476,0.005301601373963231,0.732965088423197,1,0
38.807635703124106,107.28675265796483,78.5978964716196,6.319598570466042,4.664835759438574,4780.477155021635,0.0006263145038918054,0.7325421118890166,1,0
28.43315379228443,76.51058024726808,41.731101274490356,11.583622332662344,3.470337043516338,4682.030912021689,0.0018785347233894125,0.7326633925985644,1,0
30.34323427826166,96.49535365402699,60.06261769682169,7.662863340228796,4.113854241557419,4753.875571925993,0.0007121760971382645,0.7326973645287358,1,0
33.08619943447411,65.52386799827218,59.44603066891432,9.877093479037285,5.26914235856384,4728.409834660653,0.005348508521273986,0.7337099831586301,1,0
34.92477688007057,88.4235724247992,47.48819064348936,9.485604498535395,5.000497558619827,4719.878274770711,0.0015188600114549834,0.7326801515839557,1,0
32.05043813213706,70.75770370662212,73.12397334724665,8.792614929378033,3.8451423118822277,4741.067763794878,0.0031794362863554913,0.7332467416799189,1,0
26.520814704708755,102.43762991391122,53.83604556322098,11.247814200818539,3.201891844626516,4661.252372311354,0.0009360679936938738,0.7325511171741207,1,0
36.763922800309956,84.96707295067608,65.72146780788898,7.417141143232584,4.396457094233483,4762.787596283341,0.001671609168764503,0.7326497628143432,1,0
36.428821478039026,102.06652110442519,40.58267392218113,10.274897195398808,3.984941339120269,4693.499210915126,0.000994297691960904,0.7324929957466942,1,0
26.068562483415008,82.25523013621569,79.94648098945618,8.015219885855913,5.485678885132074,4752.084383068737,0.0009409654979776569,0.7324855622480131,1,0
31.773930531926453,91.17823558859527,58.25865689665079,11.934585023671389,4.8425767961889505,4654.2602445321745,0.0013637998340441215,0.7326875442635779,1,0
34.53111849259585,71.17163286544383,61.37209992855787,6.718841917812824,3.3807536140084267,4770.524281858535,0.0026953016119355914,0.7330526142608941,1,0
32.60464226361364,95.34967661835253,74.26806163042784,7.113235484808683,3.024141224566847,4769.638380654061,0.0007385303077617688,0.73245641557212,1,0
29.744469211436808,63.59995695762336,46.13417956978083,10.801880031824112,4.48605001391843,4719.452077579401,0.004993277627910468,0.7336016770395185,1,0
27.893003011122346,109.26530960947275,66.90465480089188,8.348118960857391,5.129420025739819,4737.291075912019,0.00045395279987034144,0.7324588260887864,1,0
38.15027669072151,77.71090319380164,52.52098448574543,9.180306416004896,3.628596276510507,4734.6321770614195,0.004151069156907339,0.7329745376938779,1,0
39.557796590961516,85.01137256622314,69.70128659158945,10.927083313465118,5.218355864752084,4692.653662210292,0.0032553667522620022,0.7324299313443805,1,0
27.417490421794355,67.54234241321683,50.31517308205366,7.163654666393995,4.186368449125439,4766.160820813789,0.0021423991347703556,0.7329324868475753,1,0
29.271266423165798,99.21998110599816,71.47875405848026,9.595537316054106,3.5797363561578095,4707.3261470211255,0.0007750540079172032,0.7327250036940474,1,0
34.01351352222264,81.55563770793378,48.342432379722595,8.881902247667313,4.57280937070027,4740.391047280604,0.0019355505625478213,0.7324249064430566,1,0
35.94044069759548,104.44732978008687,56.09190791845322,7.760938692837954,4.304154731333256,4752.827702601183,0.0007292948462400695,0.7325044304726864,1,0
31.300277691334486,73.47737056203187,64.20779414474964,9.954797990620136,3.3109961096197367,4720.664388107654,0.002575518279876097,0.7329844142820894,1,0
25.59350016992539,93.46138270571828,42.751864306628704,6.010447718203068,3.9178943373262882,4783.141170149376,0.00043872297878466964,0.732685247778062,1,0
37.835890208370984,62.68673524260521,77.11811099201441,11.341990549117327,4.94996795617044,4728.884319617178,0.008526707216213198,0.7324421067498035,1,0
37.83198836259544,103.6896350234747,55.54630130529404,6.679569471627474,3.7796179479919374,4776.939516371443,0.0007180361952302119,0.7324484814487275,1,0
25.691686775535345,83.66022700443864,64.91087146103382,11.985385961830616,5.085190813522786,4661.7029066925315,0.0013534863467681343,0.7326749266894949,1,0
31.235050070099533,89.57792584784329,43.14412008970976,8.055043257772923,4.480735780205578,4749.771643354226,0.001028388281031937,0.7326674692080012,1,0
35.97730152774602,69.7438310738653,76.25832591205835,10.223176259547472,3.1362479175440967,4728.351718583021,0.004914038691651807,0.7334668713818154,1,0
33.91990432981402,96.75234890542924,69.30992726236582,9.138102650642395,3.4049031483009458,4726.869447522009,0.0009222542818624517,0.7324774472947532,1,0
29.279745682142675,65.22386957891285,51.176503114402294,8.401854079216719,4.749476618133485,4750.158065941105,0.0033999095734973403,0.7333031000234462,1,0
27.383376397192478,107.83670911565423,72.02468492090702,10.844631504267454,5.353664324618876,4664.428876388912,0.0006809643975664813,0.7326985422656161,1,0
39.62577101774514,76.1129180341959,47.64147222042084,7.058589309453964,4.048005255870521,4769.377774118224,0.0033192100664693105,0.7327616970650287,1,0
38.21320859249681,86.73294199630618,74.8164338991046,8.827429007738829,4.954585942439735,4734.913451716996,0.0020200180068486325,0.7326641789469933,1,0
27.852945239283144,69.04267113655806,45.43077800422907,9.638467758893967,3.805263207294047,4728.782630899842,0.002592956817673014,0.7329572142034924,1,0
29.75156799890101,97.52434025518596,66.51573687791824,7.217574119567871,3.1594500010833144,4763.258462567197,0.0005996021077424397,0.7326856206221178,1,0
32.50875137746334,80.02938115037978,53.37987311184406,10.885070007294416,4.347687696106732,4695.397282013867,0.0021913145265075244,0.7326481358098572,1,0
34.56659885123372,105.94998308457434,40.972488299012184,11.29045144468546,4.704299494158477,4654.429700226666,0.0009438955340287107,0.7327271876829312,1,0
31.70642121694982,75.19814128987491,79.08913731575012,6.0504468865692616,3.5159761919640005,4785.373145713913,0.0016049138780969373,0.7324593478630661,1,0
26.16170656401664,91.93592485040426,57.71060887724161,10.005792248994112,4.161522667389363,4702.879502759955,0.0008962598470043405,0.7327272451199307,1,0
36.41897588502616,60.98876981064677,62.07761865109205,7.721853442490101,5.3109316057525575,4771.803184241549,0.005355658618763592,0.7330361117211583,1,0
36.787029011175036,93.91550076194108,46.630446426570415,10.57951644435525,3.063753556460142,4696.378756569456,0.0012675399709851226,0.7324679183868101,1,0
26.412549894303083,62.19018324278295,73.51418826729059,6.772921733558178,4.531541822478175,4770.008684326214,0.002478392241384195,0.7332625759472944,1,0
32.13306817691773,104.80378702282906,54.5404389500618,9.192323885858059,5.17723548412323,4717.64650609537,0.0006997069054454828,0.732497708861351,1,0
34.87603590358049,73.27378274872899,65.17454512417316,8.523412708193064,3.6702372152358294,4744.637089310473,0.0033959414576424595,0.733204330522809,1,0
33.199041658081114,100.27810292318463,77.89382733404636,8.12093885242939,3.9388826158829033,4742.81334556873,0.0007702871777290903,0.7327102680536247,1,0
30.324705480597913,80.44248133897781,42.2801411151886,10.356500800698996,5.445948014501482,4706.414281749461,0.0017622500479732254,0.732614291369284,1,0
28.484641574323177,86.36247067712247,60.92125836759806,6.402691271156073,4.799986429978162,4780.012571279504,0.0007488054317793679,0.7324735157236835,1,0
38.7277524638921,66.33153733797371,59.05736070126295,11.688046798110008,3.3321316302753985,4718.093020057948,0.006175597897042559,0.7338381765191291,1,0
39.199116877280176,108.98242834024131,63.71300548315048,9.919297244399786,4.264199262950569,4696.205907667464,0.0008853023917055003,0.7326890822489444,1,0
27.073946581222117,78.03679973818362,56.84666819870472,7.609128221869469,3.265160866547376,4762.198707299301,0.0012099172299004071,0.7324662351921126,1,0
28.9116854313761,94.77382203564048,75.09963881224394,11.540870860219002,3.8692013123072684,4662.375559122775,0.0010428631968817908,0.7325047634438854,1,0
33.669068068265915,64.02350518852472,44.48350939899683,6.374244745820761,4.907449748832732,4777.275561698705,0.003235768978849322,0.7330613146194842,1,0
35.345597956329584,89.94906473904848,52.36880902200937,7.456413589417934,5.264071376994252,4763.628520404026,0.0011874885379961424,0.7324512131127967,1,0
30.720513379201293,72.45563244447112,68.0053548142314,11.197013262659311,4.22575581073761,4697.274116316831,0.0030727529214083487,0.7329414636021985,1,0
25.00138942617923,100.93501404859126,48.79475213587284,8.752791557461023,3.6214492302387953,4727.435471849875,0.0005742965248949942,0.7327329347689195,1,0
37.25885800551623,83.24626850895584,70.68093717098236,9.53732543438673,4.620554160326719,4722.36119774845,0.002512519249924877,0.7326555210823117,1,0
37.635568184778094,88.74885154888034,67.09856566041708,11.723600015044212,4.080985504668206,4667.463242746265,0.0021958574741871026,0.7326529254202195,1,0
25.385541897267103,70.47573070973158,52.73238558322191,6.554642345756292,5.3914461187087,4774.5335688305695,0.0012583601911765586,0.7326698193300938,1,0
31.04686740320176,102.95744965784252,74.07109931111336,10.485786851495504,4.78485096199438,4681.754713213027,0.0008459963924344445,0.7327012566578852,1,0
35.66474572289735,84.4890155736357,45.95512740314007,8.179145649075508,3.435485520865768,4749.349826989916,0.0016407730834252245,0.7326718350305119,1,0
33.75286685768515,107.00725325383246,58.36191140115261,8.558921579271555,3.0788162043318152,4733.709645672633,0.0006145417742848301,0.7325041293708624,1,0
29.002697407267988,76.8444364797324,61.498299688100815,9.34432216733694,4.428267848677933,4730.918951356272,0.001813879225913644,0.7326262025417426,1,0
27.22457643598318,96.02130766957998,40.451953895390034,6.902163438498974,5.035205434076488,4768.585827429995,0.0004968949242113295,0.7325606879487966,1,0
39.34231181629002,66.05380265042186,79.83798172324896,10.63777044788003,3.7246592128649354,4738.023973999663,0.007278408763432992,0.7322148706925069,1,0
38.878264776431024,98.35313282907009,42.6187027990818,9.384646229445934,5.277912148274481,4717.642244180475,0.0012270287560690399,0.732669995173467,1,0
28.62795500550419,79.29719978943467,77.00228743255138,8.717975053936243,4.123701403848827,4741.904438206103,0.001498051992158033,0.7324593224927497,1,0
30.40838577784598,87.46483688242733,56.19272109121084,11.13806689158082,3.4806410195305943,4679.739009413441,0.0012572892857708976,0.7327104401079103,1,0
33.290171176195145,68.21359208784997,64.32666976004839,7.327852807939053,4.673756628297269,4765.519584914499,0.0032412421440780547,0.7330564563115971,1,0
35.20250121131539,92.76586211286485,71.27446759492159,6.221521195024252,4.405082622077316,4782.7995256473405,0.0008945961849576994,0.7324775661839058,1,0
32.452105497941375,60.2577327657491,48.16093888133764,11.506101563572884,3.2118808100931346,4728.007836717675,0.005589200350515755,0.7323482607835846,1,0
26.78937051910907,106.68149659410119,69.88787315785885,7.550137504935265,3.855285411234945,4751.58196669266,0.00043173603604972365,0.7327163939904779,1,0
37.17107019852847,74.3686804920435,50.52413269877434,9.790783669799566,5.009581762831658,4719.659196811816,0.004759094553018028,0.7333687783165524,1,0
36.510041086003184,103.97347155027092,75.7019604742527,7.023812860250473,3.3895222302526236,4765.934221783535,0.0006750598152279567,0.7326872906830956,1,0
26.245565619319677,74.00749296881258,43.81645254790783,10.691900800913572,4.852422747761011,4705.270994567102,0.0019345545874144344,0.7324526175344029,1,0
31.849670219235122,93.18207701668143,62.98724051564932,8.273344796150923,5.495984071865678,4745.12308184749,0.0009021774168492346,0.7324826355510151,1,0
34.71729003358632,63.02078519016504,57.35152442008257,9.079116225242615,3.993863381445408,4755.05084484358,0.006100549526417881,0.7333046137016581,1,0
32.89284268859774,85.53101051598787,49.46562398225069,10.188355464488268,3.637222977820784,4711.424607785891,0.0015157013236508875,0.7324470332024364,1,0
30.128224059008062,67.06410324200988,70.0821253284812,7.902359761297703,5.139410201925784,4752.067970919135,0.0029066965191294927,0.7333207070813725,1,0
28.172032572329044,99.5450605545193,51.86776779592037,11.856832332909107,4.4961919025518,4641.85211332531,0.0009373662755747423,0.7327395274843547,1,0
38.53950944729149,81.27346503548324,68.73462960124016,6.620630253106356,3.033224255312234,4776.008357097866,0.0019195164621010339,0.7326676598219177,1,0
39.94473991449922,95.60442519374192,54.0345149859786,7.87384457141161,4.563126475084573,4750.816724552447,0.0012885370456274265,0.7326940265791156,1,0
27.709794850088656,63.29008265398443,65.89893717318773,10.04129396751523,3.568976087961346,4730.477172014193,0.0037836992628133216,0.7334339743724334,1,0
29.663719395175576,109.7161366045475,47.29643538594246,6.108705181628466,4.1757568758912385,4783.732769665084,0.0003243506236750763,0.7325158501023199,1,0
34.29667882621288,77.20648230984807,72.91049353778362,11.419697441160679,5.209127398673445,4686.601771883578,0.0033184693007407458,0.7326756092095164,1,0
36.12066091969609,101.76599876955152,60.19061051309109,11.037016790360212,4.940424479544163,4670.242401313327,0.001082944562130602,0.7325149743517679,1,0
31.38562991283834,82.51322716474533,59.557334035634995,7.253123044967651,3.9069874230772257,4766.281507325129,0.0012957242774337726,0.7326471228235896,1,0
25.782863316126168,90.68162887357175,78.49126625806093,9.696681708097458,3.3005502559244633,4715.141802714713,0.0008526135306536211,0.7325870029554674,1,0
37.91573702823371,71.62417051382363,41.608201526105404,8.95672221109271,4.294767772778869,4743.023334659018,0.0052475534415251015,0.733276865545478,1,0
38.04976885672659,96.69641776941717,78.76465179026127,10.104496020823717,5.408645707182586,4700.565834396746,0.0013219242585338178,0.7326754416490743,1,0
25.909714088775218,65.75081300921738,40.63169181346893,7.798724927008152,4.064072013832629,4760.021670175564,0.002381593743125514,0.7328876484329936,1,0
31.453042710199952,107.48705448582768,62.41721514612436,11.354021854698658,3.457176766358316,4652.1418916295515,0.0008113717276923892,0.7325282732460512,1,0
36.19508311152458,76.73676148056984,58.033852986991405,6.1859350092709064,4.762835462577641,4781.426478245928,0.0019164345587001856,0.7324826597913722,1,0
34.16699597612023,102.28387922048569,45.147963874042034,7.271008104085922,4.406490772496909,4761.774861403762,0.0006778362000866139,0.7326826769645305,1,0
29.527026927098632,84.79047076776624,74.51208863407373,11.007211279124022,3.1009175344370306,4691.022172526797,0.0012333728931381033,0.7324614244214352,1,0
27.630708855576813,88.27058550901711,53.68297666311264,8.939479630440474,3.7075454550795257,4733.094322143054,0.0009536241253931034,0.7325030191238875,1,0
39.87283519934863,70.5818638112396,66.79735131561756,9.725475668907166,5.052033094223589,4735.413163573435,0.006568385820360048,0.733348147302836,1,0
38.46420000307262,106.20150537230074,50.891229547560215,10.769319456070662,4.106807140167803,4675.404556015909,0.0009748704056629032,0.7326771659969563,1,0
28.10367552563548,74.47616401128471,69.00804381817579,6.958326101303101,5.295130665879697,4767.629461056375,0.001392028367838174,0.7326758442792517,1,0
30.00231775920838,92.09056053310633,47.94215239584446,9.004173964262009,4.65176005801186,4729.129424605268,0.0009664397434194147,0.7325044862078043,1,0
32.759697888977826,60.56053241714835,72.3087203502655,8.336724232882261,3.502351492177695,4766.739655792622,0.0054002118597072345,0.733025302698119,1,0
34.78825049940497,87.9432944022119,64.58884507417679,7.931342549622059,3.233963211067021,4757.551426891053,0.0012242149110827194,0.7324498831042957,1,0
31.92786896135658,68.10764897614717,55.203043296933174,10.17130171135068,4.383286318741739,4720.166167521025,0.0044675043262292985,0.7335429819732083,1,0
26.38314511626959,99.02689325623214,76.60034608095884,6.591002125293016,5.026390195824206,4772.506890692538,0.00039091097690769277,0.7326119672372794,1,0
36.6406684089452,78.99593607522547,43.464942909777164,11.87489477545023,3.8381527243182063,4674.246264345965,0.0038569140891999655,0.733076210589614,1,0
37.034334815107286,99.44693738594651,67.66135398298502,8.642048601061106,4.874667129013687,4735.006651625639,0.0010052274406083623,0.7324959699026689,1,0
26.659644753672183,81.7566903680563,52.047527842223644,9.448689423501492,3.3676021029241383,4728.986891824877,0.0011860433767539378,0.7324402504300356,1,0
32.38012925721705,85.23756674490869,71.00097693502903,7.404241494834423,4.010853166226298,4765.356487745156,0.0012312002961553112,0.7324654298144502,1,0
35.12334369122982,67.74263148196042,49.137552976608276,11.073198113590479,5.478708189446479,4706.537135381314,0.006163809813692085,0.7339038798379786,1,0
33.41706486418843,93.28479160554707,56.544306576251984,11.475672349333763,5.122353659942746,4665.327442936483,0.0013092254688065591,0.7326941329182616,1,0
30.542460521683097,62.53297365270555,63.42820771038532,6.240064289420843,3.654565617442131,4781.66196116509,0.0029982895496603384,0.7329625891158469,1,0
28.70244872290641,104.2715022712946,44.76710747927427,9.818919595330954,3.0110466312617064,4697.714647927818,0.000857309117246295,0.7327265967335016,1,0
38.94574909936637,73.32437107339501,75.40075872093439,7.533518627285957,4.518045272678137,4759.163174358437,0.004066062941539971,0.7332665802879492,1,0
39.42058208398521,90.97564559429884,41.9753585010767,6.489950951188803,3.5470367334783077,4777.866955042597,0.001260767602321688,0.7326735407890592,1,0
27.295608427375555,70.94621373340487,77.61145293712616,11.800166085362434,4.58535192720592,4683.728548269473,0.0025712357258009825,0.7327865165329381,1,0
29.133367645554245,101.86469339765608,59.33849696069956,8.243377670645714,5.191832587122917,4740.936672162914,0.0005728970879649483,0.7325054591401738,1,0
33.8904892699793,82.03057478182018,61.224837712943554,10.410049226135015,4.192727433517575,4704.97425584357,0.002104601850521403,0.7326407870764513,1,0
35.59631715063006,109.41753442399204,73.1726087257266,9.327880673110485,3.924348991829902,4713.7198333571605,0.0007232677587036928,0.7325195652872806,1,0
30.971486433409154,77.88903125561774,46.30674157291651,8.587234888225794,4.9233871647156775,4744.715644137604,0.0018412318641840945,0.7324526701819568,1,0
25.252354182302952,95.50113765522838,65.49704641103745,10.65650236979127,4.316640370059758,4686.202076252947,0.0008483493765821245,0.7326056851478772,1,0
37.509618969634175,63.777322731912136,54.88078065216541,6.871923051774502,3.2783915610052645,4779.053116697873,0.004781710860107111,0.7330711088276172,1,0
37.41758046206087,108.31842095591128,48.44315577298403,7.685511186718941,5.106986963190138,4750.717541469708,0.0006658114571378649,0.732670983321717,1,0
25.16775092575699,76.0041022580117,71.57940771430731,9.854422744363546,3.75753569137305,4723.767229445004,0.0014937255117916288,0.7324192536465178,1,0
30.829096296802163,97.42936346679926,50.220396146178246,6.298324014991522,3.1533807488158345,4777.865217468208,0.0005593390866690627,0.7327024294681747,1,0
35.446713492274284,64.91973301395774,69.60689410567284,11.604919776320457,4.463927193544805,4715.491266511077,0.0069255328704857936,0.7324905797530027,1,0
33.50553931668401,89.10080766305327,77.32614949345589,11.2251434661448,4.732257956173271,4679.237333036464,0.0015205114827799553,0.7324940015544056,1,0
28.755623837932944,69.848059900105,42.960125133395195,7.439788989722729,3.421797565650195,4764.628766329504,0.0021144000129988956,0.7326899795052033,1,0
26.977494177408516,103.01720666699111,63.986485563218594,9.506901942193508,4.026294936891645,4706.638621046966,0.0006480095025271379,0.7327322065672007,1,0
39.09502565395087,83.9597721491009,55.87006229907274,8.771340373903513,5.375660750549287,4740.735557427505,0.002524121562775723,0.7324179936081978,1,0
38.62752350978553,91.25948174856603,61.81973837316036,6.837148033082485,3.7831617328338325,4773.506262073413,0.001250066969637973,0.7324872283871555,1,0
28.37700268253684,61.29347932524979,58.70575472712517,10.503773096948862,4.976363172288984,4725.849376546688,0.0048221420103014825,0.7335839776493606,1,0
30.157400178723037,105.4688441939652,79.49533808976412,8.458727035671473,4.330860189627856,4736.269310283033,0.0006003739738258818,0.732476479177092,1,0
33.03943239618093,75.3075285255909,40.13175692409277,9.26889567822218,3.176563614513725,4736.152361763673,0.002510390330470894,0.7326568007872963,1,0
34.981071152724326,98.19619566202164,53.01702614873648,10.375227000564337,3.532889529131353,4695.167753400231,0.00100431321214258,0.7324807818534985,1,0
32.23040716256946,79.72926454618573,67.40108449012041,8.09069274365902,4.687100050039589,4755.129113555808,0.00173987667380973,0.7324224035713898,1,0
26.56772468239069,87.20948872156441,45.6538499891758,11.671611025929451,5.332947249524295,4665.828390221831,0.0012168661218240275,0.7325826725644089,1,0
36.94961396045983,68.93786936067045,73.78765873610973,6.43101030215621,4.1398312682285905,4776.471844816755,0.0034536883850509285,0.7330128053174244,1,0
36.26298581715673,86.06712263077497,59.85906980931759,9.572797894477844,4.548579290974885,4720.103748967024,0.0019195632789169618,0.7326633810039677,1,0
25.998249338008463,67.01121343299747,60.4760317504406,8.904664557427168,3.046391843352467,4739.83770013307,0.0021684143717834972,0.7331848261753977,1,0
31.602372908964753,100.17806970514357,41.32401812821627,10.948266338557005,3.692395765800029,4675.987618095133,0.0009101666701883397,0.7324956541646387,1,0
34.47018936276436,80.92684875242412,78.19073405116796,7.142448753118515,5.155363040510565,4768.940277671131,0.0016453286244448159,0.7324457385079077,1,0
32.67504135146737,105.10067696683109,66.24234315007925,6.033210027962923,5.423722706735134,4780.43455000696,0.0004140485378494059,0.7328432961758524,1,0
29.910218929871917,72.59257146157324,54.35639340430498,11.319251127541065,3.9608218166977167,4693.084369747274,0.0027961440846084513,0.7328784952312881,1,0
27.954017859883606,94.01706842705607,72.58981838822365,7.739732779562473,3.315160918980837,4753.707671218126,0.0006688900424092026,0.7326946088485228,1,0
38.321748594753444,61.70427616685629,46.95426754653454,9.975981015712023,4.817281385883689,4748.007144551781,0.008281304226203084,0.7334885525210554,1,0
39.72306708805263,101.03485578671098,70.42306948453188,11.910449422895908,3.247818371281028,4649.267272117835,0.0012762741225395599,0.7325040653448004,1,0
27.48836873099208,82.76171110570431,49.78996183723211,6.742954630404711,4.281255651265383,4770.975321479763,0.0009197867026040468,0.732694334377964,1,0
29.442259105853736,90.24422279559076,68.41153346002102,10.300589192658663,4.885596225038171,4699.660162805016,0.001124477455673241,0.7325072129834393,1,0
34.07500759232789,71.77576486952603,51.52802333235741,7.989550776779652,3.8913790807127953,4754.671452657504,0.003210064531971008,0.733137940673961,1,0
35.86970555130392,94.6724443603307,44.120649844408035,8.372231673449278,4.24767609173432,4743.983064746888,0.0011180889786614678,0.7324786324239596,1,0
31.1348640313372,64.50960374437273,75.98492257297039,9.156170815229416,5.241826851386577,4738.651052014482,0.0044492975234233555,0.7336369908777826,1,0
25.53214903920889,108.68572987616062,57.06976231187582,7.087566375732422,4.637829898390919,4762.660083179424,0.0003262107690425877,0.7326919363405302,1,0
37.66475458629429,78.71820101514459,62.68428463488817,10.827572029083967,3.6044595991261303,4696.14761075204,0.0045975523304313225,0.7333415475419092,1,0
37.69808410666883,108.77379406243563,71.67881149798632,8.78125144354999,4.051909562665969,4728.697560431595,0.0007607544471014563,0.7325027340025914,1,0
25.558257270604372,78.58808910474181,48.54272659868002,9.496992403641343,5.362217346671969,4725.356167944409,0.0013139630034099605,0.7324531821772866,1,0
31.101145590655506,94.66208116151392,69.66723553836346,7.45262941159308,4.755466975737363,4757.635491997434,0.0007623414126981449,0.7326979983232137,1,0
35.84387179929763,64.67168795876205,50.280904322862625,11.212304575368762,3.405948555562645,4726.449682935247,0.00597999863406167,0.7322579116424326,1,0
34.0497005591169,90.10568800382316,42.86437377333641,11.617713080719113,3.1277282647788525,4667.981084927607,0.001348064924434775,0.7326924010920506,1,0
29.40995944198221,71.85850710608065,77.23025046288967,6.285529201850295,4.477332143113017,4780.060365588193,0.0016477254217440117,0.7325065592378895,1,0
27.513172402977943,101.1900564096868,55.81337358802557,9.86428669653833,5.083816379308701,4700.570077969764,0.0007039541640244912,0.7325086979585798,1,0
39.755984554067254,82.74756226688623,63.929648883640766,7.675645725801587,3.7734225410968065,4762.815449297257,0.0025215622780201223,0.7324460171334284,1,0
38.34666223730892,94.14864437654614,58.605120703577995,6.444492733106017,5.307294430211186,4779.093397510664,0.0010125411624588203,0.7324717911814639,1,0
27.98682535532862,61.61457508802414,61.718956381082535,11.658129947260022,4.153236478567123,4707.8848234288835,0.004932562905100914,0.7324909996528043,1,0
29.885021867230535,104.94003742001951,40.070185251533985,8.1012451518327,3.5097186844795942,4742.158652253864,0.0005609902822984339,0.7326956206262615,1,0
32.642631717026234,72.60128137655556,79.4336187466979,10.364675944671035,4.702987235039473,4707.033953135881,0.0035943156223850743,0.7333962017198067,1,0
34.436352010816336,100.09677958674729,67.49560561031103,9.27958389557898,4.356474554631859,4719.813963577851,0.000920887341143119,0.732500910917793,1,0
31.576658068224788,81.06373473070562,53.11171401292086,8.448037488386035,3.163120545912534,4745.201546676022,0.0014376924863277044,0.7326702918012191,1,0
26.031459947116673,86.08272805809975,73.84311720728874,10.51739133708179,3.806370417121798,4696.711043489537,0.0010999220943126288,0.732704708153102,1,0
36.28921295981854,66.85437144711614,45.70947550237179,6.823528463020921,4.960514422971755,4772.639461213701,0.0037389365368777853,0.7330994470863811,1,0
36.91725349985063,87.28085764683783,60.5754404515028,9.965384719893336,3.3407800244167447,4714.360313374015,0.0018151831748273743,0.7326375238556898,1,0
26.542335394769907,68.83683855645359,59.958635717630386,7.750330427661538,4.803833520971239,4758.5445214399115,0.0019927866349588493,0.7328085103568608,1,0
32.26329244207591,98.16914912313223,78.25108010321856,11.30572552420199,5.44693620596081,4666.0871663486105,0.0010675627524686885,0.7324901899068639,1,0
35.00582118052989,79.92044178768992,41.384521685540676,6.046736983582377,3.9449683455750346,4781.943615196608,0.001549414058430288,0.7326695596616268,1,0
33.0656228819862,105.35024715587497,54.26063742488623,7.12887585349381,3.666738224681467,4762.211196131906,0.0005598807945673309,0.732747252877045,1,0
30.190790495835245,75.35832863301039,66.146448738873,10.961837908253074,5.168773065786809,4699.760977542305,0.0023922068541315845,0.7324964655324537,1,0
28.351222574710846,91.43460820429027,46.89757391810417,8.894020965322852,4.525403650011867,4732.666896106262,0.0008961632254413715,0.73253059384814,1,0
38.593837255612016,61.24737643636763,72.53298662602901,9.583440156653523,3.062283768784255,4758.482199017676,0.006535141139699529,0.7333768121911507,1,0
39.06935730483383,103.1168285664171,49.689322896301746,10.814686110243201,4.612172618042678,4674.077867966315,0.001158367637533733,0.7327157657475369,1,0
26.943696164526045,83.88999690301716,70.32229240983725,7.1004538256675005,3.617869289126247,4768.941771831582,0.0008801473544464662,0.7324859966357489,1,0
28.78192608244717,88.90822598710656,51.46644704043865,9.14621496386826,4.224500786047429,4725.698802260974,0.0010363521193577072,0.7327029472271257,1,0
33.53881787508726,69.87670756876469,68.34981873631477,8.382189055904746,5.257718516048044,4744.1009364592255,0.003536191572010624,0.7334002448328533,1,0
35.479481648653746,97.37716637551785,76.07944831252098,7.979730913415551,4.9112156657502055,4748.141711005291,0.000940458961627748,0.7326815447115055,1,0
30.853963447734714,65.0399356521666,44.215333089232445,10.310407547280192,3.877930955030024,4728.372555523059,0.004801109426942218,0.733448200929456,1,0
25.13527334202081,108.36310748942196,62.739748023450375,6.730204699561,3.2710321312770247,4769.373506074582,0.0043530668342308294,0.7327042691456515,1,0
37.39230829756707,75.83056501112878,57.12538290768862,11.923197844997048,4.265401844866574,4678.312302180258,0.005378539859399412,0.7336031319232585,1,1
37.53464705310762,95.39550499990582,40.732321217656136,9.711995216086507,3.730723144952208,4713.060770500079,0.0012704333059312956,0.7326755586409104,1,0
25.285047236829996,63.841085731983185,78.86543840169907,8.952961614355445,5.036143813747913,4738.616740145871,0.00283512401054974,0.7333162691288835,1,0
30.945946048013866,109.60410981439054,58.095419742166996,10.996660133823752,4.432145668659359,4659.333353633163,0.0007645695725895944,0.7325404385793877,1,0
35.564250838942826,77.85437879152596,62.47893940657377,7.281560780480504,3.0875054602511227,4765.383763104945,0.0020794088916908826,0.7327249623927523,1,0
33.85699524078518,101.92309868521988,74.41755335777998,6.175244836136699,3.433960622176528,4784.946786372051,0.0005607967549432514,0.7324620832151485,1,0
29.107309482060373,81.91657884977758,45.05329016596079,11.364710519090295,4.778686884790659,4682.8952837953975,0.001638393575892166,0.7324452512661279,1,0
27.328704595565796,90.93714788556099,66.7418783903122,7.785105446353555,5.3830286506563425,4754.399990601254,0.0006879842037038667,0.7324971541334903,1,0
39.44692366756499,71.12594129517674,53.62736560404301,10.118113992735744,4.077522523701191,4731.327934988268,0.006760170590447622,0.7334460571756116,1,0
38.978735296987,104.20632887631655,68.90862558037043,11.864985326305032,5.003174312412739,4643.99231531695,0.001203985597130805,0.7325147577123202,1,1
28.7289002770558,73.43159889802337,50.79167317599058,6.600912926718593,3.8540038112550974,4775.333837603759,0.0015730679930823068,0.7326711570955682,1,0
30.50885652191937,93.31804112531245,72.24836476147175,10.158462194725871,3.208346489816904,4700.124880526726,0.000946604577534381,0.7327075263321647,1,0
33.39111667126417,62.34799790196121,47.881658375263214,7.9441834185272455,4.39673656783998,4767.820557744581,0.005027145031173415,0.7330731639368613,1,0
35.09792221710086,85.35016420297325,55.298789739608765,8.323929330334067,4.674938083160669,4745.436342832714,0.0016142968482252785,0.7326672960823357,1,0
32.34794403426349,67.68583328463137,64.6847490221262,9.016967536881566,3.486461950931698,4744.590832214029,0.004059522818108723,0.7332637638705614,1,0
26.684791748411953,99.26579495891929,43.52162700146437,6.948461266234517,4.132462297100574,4769.897297640285,0.0004626028130743936,0.7324990274119513,1,0
37.066908958368,81.79677579551935,76.65718737989664,10.779182961210608,5.281718256417662,4697.023900519792,0.0030629772170532414,0.732597377343931,1,0
36.614656737074256,98.90133476816118,52.14815232902765,7.546405451372266,3.034219860099256,4758.821650326822,0.0008110714308494592,0.7326650244253256,1,0
26.349690426141024,79.09165312536061,67.76214551180601,9.806034123525023,4.502160471864045,4719.0332580146705,0.0014310588134950493,0.7326300132748778,1,0
31.954285646788776,88.10993203893304,49.1991151124239,6.2500217612832785,5.148004095070064,4778.768244500818,0.0008541840013474237,0.7326842970669104,1,0
34.82141461689025,68.10493864119053,71.06270581483841,11.465716229751706,3.641158022917807,4707.439673940976,0.005422696880835507,0.7337457020250439,1,0
32.79235160443932,92.16564916074276,63.33367705345154,11.083017094060779,3.9876420977525413,4677.013034753123,0.0012317863529259713,0.7327174358206953,1,0
30.0272993510589,60.417443457990885,56.44962824881077,7.394421184435487,5.494554554577917,4768.56197027467,0.0035758908973803714,0.7331788315876209,1,0
28.071541264653206,106.17970292456448,75.34529071301222,9.461437756195664,4.849055148195475,4706.61356757511,0.0006133191917072339,0.7326815623396014,1,0
38.438584515824914,74.62681046687067,44.711491502821445,8.629298938438296,3.3810475557111204,4747.001850845667,0.00455166816974391,0.7330664370994227,1,0
39.8405891796574,88.17633100785315,77.51203961670399,6.8825206104665995,4.293428966309875,4774.703126166086,0.0016250713998849625,0.7324470915860659,1,0
27.60520512703806,70.70578689686954,41.87579721212387,10.645906342193484,3.294238186907023,4711.046137386501,0.002265579726255078,0.732791062432276,1,0
29.55956888385117,102.2880357131362,61.16448674350977,8.600762469694018,3.898736750241369,4732.23226976559,0.0006476410053218894,0.7326843411457077,1,0
34.19208932667971,84.62217835709453,59.27799832075834,9.314354622736573,4.936832952778786,4726.154569413968,0.001713295161709349,0.7326547412917506,1,0
36.22161692008376,107.63159407302737,46.40248339623213,10.423620885238051,5.215005555190146,4682.493652252669,0.0008700662794398102,0.7325116032280339,1,0
31.486089704558253,76.66002552956343,73.26851729303598,8.229804502800107,4.17684296797961,4750.531894604838,0.001960165114993323,0.7326678804783363,1,0
25.883819540031254,96.54722939245403,54.93745982646942,11.810807721689343,3.5726868333294988,4651.655464576298,0.0008846363149630224,0.7325353290890384,1,0
38.01619704347104,65.77097260393202,65.55389262735844,6.479307806119323,4.571944593451917,4776.211193333824,0.004024236889435129,0.7332104047076071,1,0
37.94884124305099,90.84303135983646,52.7890744432807,10.62781403772533,5.058378653600812,4693.612615571455,0.0018444285665748118,0.7326538931497952,1,0
25.809225463308394,71.61622353829443,67.1554021909833,6.912118518725038,3.7087744027376175,4774.894804841928,0.0014718166187136317,0.7324500556294116,1,0
31.352115320041776,101.63365988060832,46.05087861418724,9.331435734406114,3.1044666301459074,4714.443152918766,0.0007152787046748208,0.7327077621635139,1,0
36.094594709575176,82.60216530412436,74.16699849069118,8.571806682273746,4.4148602448403835,4745.9429549804845,0.0021035088592910953,0.7324290562958833,1,0
34.27111787721515,109.6997682377696,61.437958404421806,8.166397707536817,4.761639884207398,4738.783162551947,0.0005927550358430147,0.7327310586887699,1,0
29.6316450368613,77.36256135627627,58.30140307545662,10.498536145314574,3.4513318766839802,4710.822221264472,0.0018225749219296082,0.7324264851142149,1,0
27.734830980189145,95.68647825159132,79.73857779055834,6.544824426993728,4.055373514536768,4775.909217169583,0.000519827630780183,0.732671177451051,1,0
39.977453532628715,63.153959615156054,40.352383218705654,11.733419286087155,5.404891562182456,4722.843687913311,0.009531714280809886,0.7326935269351481,1,1
38.564662700518966,99.55466081388295,76.94682881236076,9.777255719527602,3.832073998171836,4709.102702553551,0.0011566805232761706,0.7324959159574028,1,0
28.204629067331553,81.11061788164079,42.56307743489742,7.563663946464658,5.025428379420191,4758.652403314644,0.001138890733666316,0.7326734347379092,1,0
30.10278023313731,85.44370926916599,64.23214878886938,11.495502965524793,4.379470371175557,4672.243030453464,0.0014868430939983196,0.7326918544417509,1,0
32.86065120715648,67.19497809186578,56.09803307801485,6.232118284329772,3.225326588843018,4777.691546963291,0.002711101852315559,0.7331343303902097,1,0
34.683663682080805,93.02763933315873,48.222510404884815,7.31721013225615,3.5038139782845974,4765.17040463685,0.0009719354684566948,0.7324806733027704,1,0
31.82371576782316,63.03569696843624,71.33618708699942,11.148711098358035,4.657872153446078,4720.540685382238,0.0061342729221614285,0.7323517094125159,1,0
26.27855807542801,104.11124340258539,50.62476687133312,8.704403026029468,5.303562238812447,4728.097929820637,0.0005094123462402626,0.7326313438663226,1,0
36.536514991894364,73.92398779280484,69.98865500092506,9.398219788447022,4.110294060781598,4730.886477550849,0.004517046637688225,0.7332423872757273,1,0
37.138942196033895,106.87484120950103,43.873146027326584,6.631180314347148,4.519369601737708,4772.474795861485,0.0006106309679735852,0.7327528018012375,1,0
26.763777383603156,74.34079576283693,75.75879238545895,11.846280762925744,3.017334984149784,4680.836362808996,0.0017176379137104725,0.7324868350670614,1,0
32.48473686166108,92.66547727398574,57.447280548512936,7.9158398900181055,3.66287788329646,4750.185855154986,0.0009396312531500092,0.7326993279151901,1,0
35.22747654467821,60.32674507237971,63.08313477784395,10.174873827025294,5.125998137053102,4746.251947989004,0.0074241035241096095,0.7333642154449523,1,0
33.31656550988555,87.41938740946352,70.021779127419,9.092735381796956,5.472767936997116,4729.3075973330615,0.0013873816486868141,0.7326573237483269,1,0
30.441543636843562,68.38636639527977,49.40512057393789,8.259727170690894,4.0097148129716516,4750.17303857496,0.003001489576216581,0.733260177025855,1,0
28.601949592120945,98.40609285980463,68.63522104918957,10.702589889988303,3.3639051830396056,4682.5390556829225,0.0008413817556525534,0.7325016441854416,1,0
38.84483243804425,79.17776009067893,51.76820173859596,7.013125302270055,4.865873266942799,4768.522382415953,0.0024654701003413307,0.7326783012080559,1,0
39.3164253141731,96.04759126901627,65.84347393363714,8.969562074169517,3.277334381826222,4732.196193333611,0.0012264140791725887,0.7324950731149682,1,0
27.19102518633008,65.86186246946454,53.978894241154194,9.683840515092015,4.3106188690289855,4725.85724732559,0.0030837321771354223,0.733574862829897,1,0
29.02921065222472,106.93664726801217,72.81596764922142,7.263033600524068,4.914807767607272,4761.94279838587,0.0004171499515780107,0.7324840906223562,1,0
33.785905805416405,76.94623022340238,47.20175229012966,11.02710490487516,3.9204376814886928,4697.040623809285,0.00308053620419928,0.7327211464259941,1,0
35.69726711604744,102.7830861415714,59.61891047656536,11.429563382640481,4.198934910353273,4654.664033724774,0.0010279848626617589,0.732734667928973,1,0
31.071952707134187,84.53588140197098,60.25232508778572,6.098840592429042,5.193237866740674,4783.027413636815,0.0009094399618448454,0.7324842643230508,1,0
25.35330392420292,88.86668564751744,41.70884031802416,10.054089216515422,4.58878164133057,4706.4856807671185,0.0009600609352745265,0.7325168093511052,1,0
37.61008501984179,70.42416766285896,78.59204348176718,7.861050674691796,3.555563687812537,4760.627268676037,0.004601710476301826,0.7332725809647823,1,0
37.2836679359898,100.902527468279,64.96634423732758,7.072116019204259,5.379283420741558,4765.945447935336,0.0007920114164236597,0.732661476430263,1,0
25.034329243935645,83.4320071991533,55.60191251337528,10.831103464588523,4.034557381644845,4694.079564181515,0.001199429742534615,0.732496199208301,1,0
30.69518399424851,90.0134751945734,76.35286133736372,8.412450721487403,3.428116638213396,4742.59110624305,0.0009695472726820044,0.7326807641444982,1,0
35.313292033970356,72.34764168038964,43.23879364877939,9.127504678443074,4.7336231376975775,4730.495837872448,0.00415081867535421,0.7335101595115797,1,0
33.63532727584243,94.95420152321458,51.11493621021509,10.233820198103786,4.45507822977379,4699.859182164699,0.0011485468202589338,0.7324887811932675,1,0
28.885845420882106,63.98265682160854,69.24820315092802,8.044400671496987,3.1496579335071146,4759.384850338186,0.0032064258422580877,0.733160366102099,1,0
27.107282360084355,108.87059382162988,47.54084296524525,11.99895996786654,3.7564422977156937,4628.1523196491535,0.0010203776423438574,0.7325666366093102,1,1
39.22524746041745,78.09436087496579,71.92389816045761,6.665996817871928,5.101082729641348,4774.732834986112,0.002421397783288019,0.7325026942551593,1,0
38.76097111962736,86.17513234727085,45.37409406155348,7.731808969751,4.135865377727896,4759.938612190303,0.0019237934483752788,0.7324491037233778,1,0
28.510889280587435,66.36542686261237,74.75959245115519,9.995835212990642,5.324341286439449,4716.612766479851,0.003421185820079586,0.7337550908229369,1,0
30.290847565047443,100.38449851796031,53.28412652015686,6.063331721350551,4.68112417915836,4779.997956146994,0.0004524347416099288,0.7327778224662879,1,0
33.173318770714104,80.37948127835989,66.41983307898045,11.2775651011616,3.531867847312242,4687.788062788103,0.0022038379573249877,0.7326482533157543,1,0
34.85081827733666,104.84304767102003,79.14949305355549,10.89781885407865,3.1850694324821234,4668.563393901169,0.0008316561220458491,0.7327208585425407,1,0
32.10065049584955,73.09481812641025,41.03298217058182,7.20482680387795,4.334239561110735,4769.43232637661,0.0022183458922169475,0.7325439204031838,1,0
26.437471583485603,93.85633253492415,62.17703673988581,9.648287298157811,4.977799693122506,4710.898720967481,0.000801480470079771,0.7327030410544717,1,0
36.8198570702225,62.303416235372424,57.81016539782286,8.817610999569297,3.789409391582012,4760.706191310958,0.006510336820188936,0.733240636591388,1,0
36.39320382382721,91.93253129720688,73.56965642422438,11.675205336883664,4.825601065065712,4663.432021794395,0.001672523657495303,0.7326878142046397,1,1
26.12804087344557,61.15782516077161,46.68606225401163,6.415531223639846,3.3186882357113063,4777.497947955379,0.002497323326306659,0.7330118865551821,1,0
31.732591139152646,106.04347464628518,65.26907563209534,10.346589362248778,3.9620916447602212,4686.909975799985,0.00077349791520045,0.7324896912862254,1,0
34.59998112171888,75.07345526479185,54.635117426514626,8.130848782137036,5.430099013727158,4750.885094358518,0.002643373737064749,0.7326101245428701,1,0
32.54161609336734,97.67276569269598,42.21857912838459,8.513548387214541,5.151583009399474,4735.335506172988,0.000837440501394326,0.7326968967296237,1,0
29.77630998007953,80.00845861621201,77.83209830522537,9.202189737930894,3.683642174117267,4735.1432425019775,0.0015630742113358527,0.7324257342080249,1,0
27.82059282530099,86.58916534855962,58.95673606544733,6.760127389803529,3.04058298189193,4771.856393328937,0.0007614284034500715,0.7326907770136671,1,0
38.18783986847848,69.1201700270176,60.82046698778868,10.592312319204211,4.547428681515157,4724.122932562701,0.0067128388720598215,0.7335794336718584,1,0
39.59329969249666,107.66930853947997,56.7899888753891,9.526773417368531,3.595796420238912,4710.221623404878,0.0008540249607699827,0.7324896991017945,1,0
27.35812658444047,76.11486542969942,63.6561594158411,8.763342244550586,4.633959379978478,4739.258325658829,0.0016293390439990189,0.7326530824391695,1,0
29.312491486780345,96.87867033295333,44.38776772469282,11.18353189341724,5.240900541655719,4668.295478834451,0.000981984932915167,0.7325210837202664,1,0
33.944765222258866,65.12891546823084,75.00373009592295,7.46989362873137,4.241643005050719,4765.837884277197,0.004252292962195379,0.7333011763000844,1,0
36.00358142051846,89.60049123503268,68.06570563465357,6.360627567395568,3.894815686624497,4778.115145918507,0.0011026583150099652,0.7326878081666557,1,0
31.268322370015085,69.59394755773246,52.4293078109622,11.554489390924573,4.894006689544767,4688.3449776395255,0.0042103009027164,0.7337295953545023,1,0
25.666024684906006,103.61378345638514,70.78035064041615,7.598440395668149,4.28740795655176,4753.728254801325,0.00043794570427680123,0.7326843683436625,1,0
37.79821270145476,83.80255302414298,48.894313275814056,9.929986422881484,3.249312126543373,4720.042410650993,0.0024844596059674603,0.73243602401736,1,0
37.86206013057381,93.53201551362872,68.45531020313501,8.08003923855722,4.425766246393323,4748.339675403971,0.0012758158814787826,0.732677953221181,1,0
25.626882440410554,62.58492063730955,51.572173945605755,10.385858969762921,3.1140085607767105,4725.646511170731,0.003098483757707483,0.7334542055520386,1,0
31.274505630135536,104.42106704227626,70.23281760513783,6.467255042865872,3.7181629072874784,4776.067402862163,0.0004660713798149327,0.7325948628989408,1,0
35.90677500702441,73.66928392089903,49.59931701421738,11.63539052568376,5.0688254199922085,4681.486489022511,0.005227917561634777,0.7338804431662185,1,1
33.981161108240485,99.10216190852225,57.33841836452484,10.538574362173676,5.415653339121491,4686.550903926958,0.0010344256825489792,0.7325035566383171,1,0
29.245897699147463,81.60716797225177,62.95270062983036,6.8023225497454405,4.065057360101491,4772.873190986107,0.001117071674536355,0.7326508099430873,1,0
27.450355137698352,85.18576886504889,43.998487405478954,9.256844474002719,3.460559392813593,4730.100695486793,0.0010721687640614026,0.7324668372513274,1,0
39.58253857214004,67.49546168372035,75.86298111826181,8.47079979814589,4.772249948699027,4757.152308346939,0.006292620749488516,0.733300553745566,1,0
38.18302249535918,109.36567358672619,41.82685740292072,7.426960302516818,3.2153349039144814,4760.124511824138,0.0006242902302338138,0.7324831090300963,1,0
27.917863903567195,77.64191770926118,78.69379073381424,11.237996572628617,4.370842719916254,4691.582577695909,0.0018361293281010673,0.7324116233112703,1,0
29.71199788618833,95.15630518086255,59.50272414833307,8.805364156141877,5.01634629862383,4729.737829656927,0.000814933461341014,0.7326982091512215,1,0
32.57939245086163,63.627862548455596,60.119449608027935,9.472856802865863,3.8219336182810366,4743.925971791758,0.005429265323694461,0.7334365647709636,1,0
34.50545640196651,91.1252427753061,73.02456479519606,9.889978693798184,4.100449021905661,4709.9341039568435,0.00131317355220403,0.7326897673640087,1,0
31.740154870785773,71.29108746536076,47.38862458616495,7.649976616725326,5.294795168563724,4758.733723830224,0.002418054294880776,0.7327048756076558,1,0
26.094842376187444,102.11195567622781,65.66112160682678,11.593577479943633,4.648948565125465,4649.717285896406,0.0008313563302508814,0.7326326023019616,1,0
36.46209377795458,82.08248861134052,53.77554215490818,6.309641914442182,3.493507878854871,4782.240943508593,0.0015548079869891038,0.7324626354651507,1,0
36.73859341535717,102.5249460618943,79.85196001827717,9.167512407526374,5.116010009776801,4721.14190105645,0.0009379734408373985,0.7324956965989704,1,0
26.488508782349527,84.83616531826556,40.48798590898514,8.360914500430226,3.654253826942295,4743.151383654382,0.0009699323090748113,0.7327036110974541,1,0
32.075248062610626,88.41400494799018,61.31664130836725,10.792015375569463,3.008249308448285,4690.581501103481,0.0011904931456980638,0.7326791928860121,1,0
34.95771669782698,70.92053595930338,58.20303153246641,7.123101672157645,4.509225664194673,4765.608703289873,0.003057068836402222,0.7331005504018552,1,0
33.11953521333635,96.35760862380266,46.23481374233961,6.70893014408648,4.856024670414627,4770.607492560258,0.0007208185280143501,0.7326987718001576,1,0
30.369364861398935,65.60735231265426,74.36884347349405,11.944495288655162,3.3551345178857446,4695.4406753032745,0.004340517962366221,0.7339148914293722,1,0
28.399412999860942,107.4412112031132,52.5825560092926,8.002378759905696,4.000794819556177,4741.871592594878,0.0004890018326197639,0.7327070531302523,1,0
38.78179569263011,76.49564164690673,66.9663742929697,10.287736812606454,5.462465395219624,4704.076370884783,0.004961761577780474,0.7335976404628742,1,0
39.24743814393878,87.89748352952302,50.410924293100834,11.331303058192134,3.931342472322285,4680.129278713344,0.002685305707129404,0.7326113142298044,1,0
26.998102022334933,67.86649002693594,69.79718577116728,6.021136561408639,4.924348524771631,4783.144599515776,0.0015261469412918291,0.7325479494887627,1,0
28.969390993006527,98.68812248110771,48.39912123978138,9.941180476918817,4.3200085470452905,4703.033799333312,0.0008267376733828579,0.7324887904814872,1,0
33.5875018266961,78.85244222357869,71.53559058904648,7.774557558819652,3.2877823589369655,4762.153439276537,0.0018108689388036203,0.7324394659211251,1,0
35.42521873023361,106.34486185386777,64.10839021205902,8.868420543149114,3.5663266754709184,4727.760687524233,0.0007281383983896713,0.7324860575399981,1,0
30.67573966924101,74.814892411232,55.99233724176884,9.609017690643668,4.598466660361737,4727.46836359113,0.002329057261595885,0.732542311438963,1,0
25.086732553318143,92.33157037757337,77.0577697083354,7.153102984651923,5.202464209403843,4762.1165092051015,0.0005053567675325201,0.7327295785901322,1,0
37.20470022410154,60.606289179995656,42.69135598093271,10.937633665278554,4.209543764125556,4738.66055364435,0.008168676728332607,0.7337144027425565,1,0
37.58878840599209,105.15248648822308,58.75758044421673,10.135791460052133,4.724693588912487,4691.892305783571,0.0009610794071683327,0.7327026234966837,1,0
25.463392636738718,72.83972943201661,60.643684417009354,7.96683126501739,3.41782365180552,4755.116663615158,0.0014995595920654623,0.7326769987409413,1,0
30.99482297897339,94.36185573227704,42.409800477325916,11.886282769963145,4.024718303233385,4652.873909704793,0.001146328848557481,0.732524776313761,1,0
35.75152271427214,61.85378692112863,78.04611261934042,6.579638371244073,5.3705032374709845,4775.2729585404695,0.0038749703951417407,0.7332485256817969,1,0
33.678563898429275,85.91757006011903,65.14039661735296,6.971109112724662,5.092006609309465,4769.574559669987,0.0012053175164783868,0.7326094841369709,1,0
29.053254071623087,66.66628857143223,54.524500854313374,10.75651222653687,3.7462888048030436,4709.46493960878,0.003730368689748736,0.7337666848194735,1,0
27.141347001306713,99.93085781112313,73.67575272917747,8.302654774859548,3.1396602881141007,4740.562380022142,0.0005795703030248025,0.7325128628640053,1,0
39.39813245553523,80.87488956749439,46.80949650704861,9.03826498053968,4.446463691536337,4733.327755305606,0.0035220352958787427,0.732816613672964,1,0
38.925159107893705,94.42517025396228,70.87912280112505,10.972455890849233,3.5411037080921233,4684.093316097467,0.001614680110189033,0.7324927507488077,1,0
28.5499897133559,64.45770155638456,49.01530619710684,7.3057879116386175,4.69172351481393,4764.379311350213,0.002791736730638638,0.7331221059608859,1,0
30.46054453123361,108.53612105362117,67.92970232665539,9.737572750076652,5.3350947187282145,4696.398714396481,0.0006383123699825845,0.7326970350446127,1,0
33.203279855661094,78.3733391109854,52.31624975800514,8.927361192181706,4.145559952128679,4739.351290524333,0.0021685479855051907,0.7326436484824502,1,0
35.27668961789459,101.3796762470156,44.57654759287834,7.809332577511668,3.7987895514816046,4749.896963812281,0.0007787968459072771,0.7327054652120295,1,0
32.40166338626295,82.91118348948658,75.21042011678219,10.093909749761224,4.988257188349962,4711.34063003412,0.0017498718239460608,0.7326277135794713,1,0
26.87248562462628,90.29607143253088,56.5883919224143,6.14964441396296,4.345153907313943,4783.963917163095,0.000546032879646374,0.7324755096995182,1,0
37.115363888442516,72.0228904299438,63.472052700817585,11.39028805308044,3.194600634276867,4703.29459715392,0.005210321107296637,0.7336388604019219,1,0
36.54588854406029,89.14666277356446,47.67347056418657,8.623524779453874,5.439336085226387,4737.263167655798,0.001484883167275538,0.7326859402900997,1,0
26.185857481323183,70.08916809223592,72.04025622457266,9.291615201160312,3.9726921538822353,4734.361923760364,0.002133319641989949,0.7328244965629884,1,0
31.890781596302986,103.3560274541378,51.01343683898449,6.861314697191119,3.3294404945336282,4769.907736264053,0.0005297877223595385,0.7326410106551042,1,0
34.64865536428988,84.10322101786733,69.1300143301487,10.66708936728537,4.835294428747147,4699.659981250919,0.0020524935535806534,0.7324357952649801,1,0
32.956098606809974,108.17501353099942,76.55661389231682,11.788068300113082,4.556807630695403,4638.0841463375045,0.000890341007104988,0.7325241905434441,1,0
30.096153486520052,75.66541790962219,43.42082165181637,6.502070115879178,3.051039303652942,4779.974613223915,0.0014564324739576497,0.7324561009096274,1,0
28.24421479832381,97.18830882571638,64.7790714725852,10.444803910329938,3.694557693786919,4689.692633348989,0.0008591135105543077,0.732515693493955,1,0
38.50217428524047,64.8740264493972,55.39363969117403,8.208598589524627,5.161115421913564,4763.87815351911,0.005981174772155868,0.7331042405606873,1,0
39.909007009118795,97.95517417602241,61.98243968188763,6.274134473875165,4.232709898613393,4778.599977743308,0.0009427158593467292,0.7327006012208498,1,0
27.769388435408473,79.68351961113513,57.5994510948658,11.441580628976226,5.230603960342705,4680.3389220450745,0.0016834499520009128,0.7326204561699827,1,0
29.622722347266972,87.06612041220069,79.34592146426439,7.520736342296004,4.624123896472156,4762.214958253733,0.0009806369852900345,0.7324635114109213,1,0
34.36519916635007,68.59915260225534,41.2125688418746,9.831726120784879,3.5870197946205735,4733.865956194222,0.004971567921116874,0.7333233995354336,1,0
36.05729044880718,91.59824032336473,53.180185817182064,9.437302155420184,3.2402395638637245,4723.230919939622,0.0012516254655123575,0.732494615104815,1,0
31.417815038003027,61.436985190957785,66.29432011395693,8.653411651030183,4.277258058544248,4758.241558348951,0.005133280607747535,0.7331717303094206,1,0
25.710566760972142,105.51464305259287,45.504280179739,11.108709091320634,4.884005449246615,4662.106644465473,0.0007230638030674107,0.7326069920208537,1,0
37.95318651944399,75.54869967512786,74.86862622201443,7.368752075359225,3.8861975907348096,4766.2114012306465,0.003197525756471255,0.7327360882335364,1,0
38.11302466318011,100.62294722534716,47.105789594352245,11.516708856448531,3.39610379608348,4661.567248647807,0.0011755098153293975,0.7324890996905885,1,0
25.87764318101108,80.59192988090217,72.72024039179087,6.210935281589627,4.746699551586062,4781.827869416218,0.0007820672958344636,0.7324746676336175,1,0
31.525225047953427,86.4143431559205,54.07866656780243,9.754493432119489,5.353294112253934,4713.398803595512,0.0013873097273822176,0.7326817176850213,1,0
36.15774828474969,66.57863905653358,65.94271518290043,7.5864033456891775,4.04160318383947,4765.9743189521105,0.004734262053209497,0.7332620849340502,1,0
34.20284309890121,93.66825049743056,78.36932606995106,8.683220023289323,3.7634311728179455,4737.336241443385,0.001069105216107378,0.7324917700475221,1,0
29.467318677343428,62.13825721293688,41.4860400557518,9.419425679370761,5.075188485905528,4738.161513236742,0.004605267735770699,0.7336317054836964,1,0
27.671820567920804,104.65420204214752,60.459025241434574,7.33994953148067,4.4682503044605255,4758.991484895971,0.0004364557208139467,0.7326763215334182,1,0
39.804200641810894,72.92889700271189,59.82598911970854,11.125948810949922,3.1175875682383776,4714.639172916398,0.0065689970260561425,0.7335407455665306,1,0
38.400829867459834,89.79948832653463,62.63065695762634,9.357104821130633,4.713748695328832,4724.335824485806,0.0018310095165714358,0.7326524427650404,1,0
28.135860762558877,72.1107314247638,56.99517764151096,8.546114707365632,3.5194027721881866,4748.288506175302,0.001962202767888214,0.7325712142240091,1,0
29.93002086877823,100.68777831271291,76.20501857250929,10.603701347485185,4.162463752552867,4678.711709762167,0.000867200385587615,0.7327333865798457,1,0
32.7971472684294,83.19433316588402,44.319292940199375,6.936254097148776,5.317904811352491,4767.807254773252,0.001276505325900279,0.7326803282202737,1,0
34.75251770578325,109.03421401977539,51.28691766411066,6.519132452085614,4.971420145127922,4773.7945463521255,0.0004690160058057068,0.7327286494423997,1,0
31.987462881952524,78.2839815504849,68.153409473598,11.759088372811675,3.8159127016551793,4678.373393345459,0.0023924443527125515,0.7326734252808449,1,0
26.342147956602275,95.11858549900353,49.899979904294014,8.190533285960555,3.1725086965598166,4745.758135408765,0.0006362072431353057,0.7325011699150508,1,0
36.70918841380626,64.17303978465497,70.51687031984329,10.47442345507443,4.366921600420028,4738.405425665258,0.0071566467323052755,0.7333747693576174,1,0
36.9600317440927,97.09113132208586,55.68999648094177,7.241736134514213,3.9557309793308377,4763.974735980747,0.0009414435345431318,0.7326718266914689,1,0
26.710201082751155,65.36735160276294,63.82357157766819,11.04837948270142,5.45662150438875,4701.06404005566,0.0033123627044970697,0.7336556468514484,1,0
32.29689993429929,107.88253181613982,42.974933199584484,8.992232831194997,4.813059584237635,4718.79349588324,0.0006560416381182302,0.7326845346410817,1,0
35.17916466575116,76.35406534187496,77.35891047865152,9.661192646250129,3.3513892320916057,4725.528716899916,0.0031593144087384744,0.7330236538642809,1,0
33.3702847501263,103.44863737933338,69.45316407829523,10.075363794341683,3.073188317473978,4697.195042194486,0.0007751861407231769,0.732494499836984,1,0
30.620311149396002,83.61445822753012,50.08966397494078,7.839753208681941,4.534944723825902,4758.281327043461,0.0012675342316518544,0.7324469438014788,1,0
28.650404633954167,89.43458138033748,71.85565121471882,11.406915513798594,5.178162427153438,4669.971248404127,0.0012164195106488572,0.7326427052660933,1,0
39.03252620249987,69.40509047359228,48.741901218891144,6.121511349454522,3.6771864439360797,4782.6068853541,0.0035557017999416313,0.7329330805820196,1,0
39.49477082584053,105.80655181780457,74.02728121727705,7.890262333676219,5.247870161663741,4749.683779436111,0.0008344309104553312,0.7325245332695627,1,0
27.245166427455842,74.85948078334332,45.91109160333872,10.200474271550775,4.215729804243892,4713.502101865005,0.0018784898833331663,0.7326634223605283,1,0
29.216482415795326,91.69484636746347,67.288858294487,6.6553845796734095,3.6089496123604476,4775.551258632177,0.0006952107024269541,0.7324817512172256,1,0
33.83478284813464,60.94308708794415,52.9229149967432,11.822053609415889,4.601869834121317,4717.807318345729,0.007263173020350218,0.733901366672347,1,1
35.64321159385145,86.77877326495945,40.18318600952625,10.728190334513783,4.255414071492851,4698.704643491032,0.0019145776370020073,0.7324277187182867,1,0
30.89352147653699,69.28380317054689,79.56960290670395,6.987547745928168,3.2624077955260873,4772.224248642072,0.002373357451806913,0.7327754717286699,1,0
25.304512823931873,97.86313720047474,58.484185077250004,9.0685082282871,3.8688455587252975,4723.02717785776,0.0006584852468385296,0.7327089550038797,1,0
37.422727313824,80.17285386100411,61.620203368365765,8.283931436017156,4.901071374304593,4750.066749837279,0.0026051282536757752,0.7325485425336261,1,0
37.338073905557394,85.68063153885305,75.53429946303368,6.086002478376031,3.0968852662481368,4783.853675136005,0.0012914945104171985,0.7326637799931399,1,0
25.212409971281886,67.40895313210785,44.91795264184475,11.254917232319713,4.442603443283588,4695.1572687880625,0.0026473658357087353,0.7333013116853034,1,0
30.743867834098637,99.79234667494893,63.131851218640804,7.710511503741145,5.047057880554348,4750.846369150377,0.0006273208010270237,0.7327558143065053,1,0
35.50075705628842,81.32535502314568,56.26575041562319,10.017109790816903,3.7402547006495297,4719.210235097111,0.0024569867016064183,0.7324347275306636,1,0
33.45710338559002,103.92163455486298,49.29750580340624,9.625639429315925,4.086758142337203,4705.586431157667,0.0008049339586817426,0.7327132416377267,1,0
28.83158261422068,73.76035558059812,71.18408020585775,8.840281756594777,5.393628302961588,4743.0349816430735,0.0020030253345813976,0.7324545848493099,1,0
26.919674398377538,92.83726838417351,52.012530490756035,10.919093431904912,4.7894400004297495,4679.755348867112,0.0009827913490000444,0.7325352759922585,1,0
39.176706559956074,62.87130116485059,67.64870598912239,7.1835293378680944,3.44365543872118,4778.083855965056,0.005609347679852618,0.7330637011104598,1,0
38.707144618965685,101.42119945026934,54.80916228145361,8.436654986813664,4.387660689651966,4739.566349502576,0.0009969783989549554,0.7324874238527092,1,0
28.332229084335268,82.36372861079872,65.44289458543062,9.103277524933219,3.1981926802545786,4736.094690852632,0.001199923032719312,0.7324421891379613,1,0
30.242742970585823,90.62980715185404,46.508198231458664,7.046538462862372,3.844006482511759,4769.612379369876,0.000824044292674411,0.7324779946242622,1,0
32.98527450300753,71.37702455744147,73.39233301579952,10.856703909114003,4.994559532031417,4698.876696461359,0.004204911204900771,0.7337331628109108,1,0
35.02939253114164,95.85162525996566,60.96510224044323,11.974732814356685,5.27278906153515,4648.343536432877,0.0013235050892572695,0.7326894673401356,1,1
32.15456293895841,63.34205348044634,59.10144463181496,6.69020108319819,4.122169031295925,4772.844466675798,0.003513532924850265,0.7332502542545162,1,0
26.62543013226241,109.86567753367126,77.70348984748125,10.259420642629266,3.4766231519170105,4683.25313983207,0.0015312161258549501,0.7325459640261519,1,0
36.868047383613884,77.55141899921,42.08958264440298,8.0188231151551,4.666157545987517,4753.513854598428,0.002857648162835022,0.7325853630240813,1,0
36.32424248382449,107.1506335772574,66.63770880550146,11.160769606009126,3.632085739634931,4663.076063388682,0.0008727849932533946,0.7324869533457916,1,0
25.964401019737124,77.18314103782177,53.50208152085543,7.49263302795589,5.137853843159974,4761.032330997931,0.0011323447810782127,0.7326501002804032,1,0
31.669351761229336,96.26234135590494,74.54796835780144,9.54797930829227,4.492159585468471,4713.72262421735,0.0009577048493599243,0.7326835567319671,1,0
34.426957252435386,66.09953557141125,45.16209505498409,8.742159241810441,3.025601484812796,4753.935545840564,0.004664312228845884,0.733288016966793,1,0
32.705112784169614,88.70306451804936,57.90120415389538,7.621179794892669,3.3721147659234703,4759.693563144018,0.0010560012212606005,0.7326593065890756,1,0
29.845414482988417,70.23454791866243,62.26784363389015,9.90722413547337,4.838758324738592,4718.1539079733275,0.0029857614563920934,0.7332619425033907,1,0
27.993473755195737,102.618702724576,40.92836815863848,6.339444564655423,5.484719313215464,4774.231402012558,0.00034188553714445267,0.7328547592878297,1,0
38.25122218579054,84.345497880131,79.04540654271841,11.575695281848311,3.9788651554845273,4679.5238545263055,0.0031339204038819254,0.7324447564796139,1,0
39.66192497406155,92.42702912539244,43.7249980866909,10.322476672008634,4.9462115853093565,4699.626583607438,0.001915070338570762,0.7326676587880308,1,0
27.52210249658674,60.11429591104388,76.83959685266018,8.154984360560775,3.9091933141462505,4760.812653279612,0.0038706653954451863,0.7333410977410082,1,0
29.375394582748413,106.6356294695288,55.11189844459295,11.700874423608184,3.3051534644328058,4637.610428587497,0.0009528550241240137,0.7327569294898268,1,1
34.118125373497605,74.1275845002383,64.47609473019838,6.389839248731732,4.302961695473641,4779.994046706644,0.0020564806994797565,0.7325686051718524,1,0
35.839519565925,98.59417582862079,72.38122124224901,6.784262968227267,4.581181385554373,4771.844600238455,0.0007931617795797507,0.73266092059023,1,0
31.19978303089738,79.3429181817919,47.997787557542324,10.568199628964067,3.583287696354091,4707.250073426457,0.00188805627936358,0.7324318748094018,1,0
25.4925788147375,87.6082324795425,68.80689732730389,8.487856412306428,4.1875948728993535,4740.2042316029765,0.0008314765641010396,0.7327022663770133,1,0
37.73539532441646,68.55228807777166,50.673713237047195,9.227858824655414,5.224699198268354,4743.502293624504,0.00591209615401395,0.7333359457150103,1,0
37.71585713606328,98.49915298633277,66.07113502919674,10.492380877956748,4.9728719512932,4687.599024101477,0.0012511081268105594,0.7326992660834581,1,0
25.48104875255376,79.44471062161028,54.18458268046379,8.16083431430161,3.7845530449412763,4750.662911029918,0.0011332401024474513,0.7326501019242223,1,0
31.185964373871684,87.70776143297553,72.77019131928682,11.741912813857198,3.1800551149062812,4665.157159407535,0.0012829629194713607,0.7326995210456613,1,0
35.818602945655584,68.45800582319498,47.134003303945065,6.548049738630652,4.32946859812364,4774.343289351656,0.0033148125855496963,0.7330373439905007,1,0
34.12599567323923,92.52064306288958,59.717177115380764,6.907288173213601,4.686052675358951,4772.866288351625,0.0009315433730318782,0.7324586200309252,1,0
29.3912732321769,60.01410013064742,60.333501882851124,10.620925543829799,3.536724650301039,4733.467564594944,0.005267766939213176,0.7335595020345309,1,0
27.53935466054827,106.53469608165324,41.455544382333755,8.57576504163444,4.140878959558904,4730.270679354297,0.0005349617921651855,0.7326326593682535,1,0
39.67207895126194,74.22346490435302,78.32165770232677,9.339196035638452,5.329111811704934,4727.134278138818,0.005316913552469124,0.7335986603984176,1,0
38.27031032182276,88.60267800278962,44.29123688489199,11.15491178445518,3.761370179243386,4687.059360965712,0.0022484231100689247,0.7324193644198838,1,0
28.005454763770103,70.32797112129629,76.15491058677435,7.322728106752038,5.105938955210149,4764.578701884592,0.0018894638482743686,0.732577287492169,1,0
29.858781970106065,102.71439239382744,56.88880883157253,9.389772394672036,4.460092389024794,4714.9952918293,0.0007154220580222598,0.7324831696397448,1,0
32.72647968027741,84.24437375739217,62.50269040465355,8.701131580397487,3.154429073445499,4740.894516865467,0.0013281656632961707,0.7326560810101663,1,0
34.418636676855385,107.25261675193906,70.56438162922859,7.568448873236775,3.423188318964094,4757.726985051133,0.0005847589331567943,0.7325108739207362,1,0
31.653924281708896,77.08830893039703,49.93063323199749,9.784189632162452,4.728766176383942,4724.168368381027,0.0022359607954093976,0.7324571664778732,1,0
25.946697909384966,96.16824983619153,68.27938612550497,6.228113790974021,5.374269717838615,4779.862767113879,0.0003611005550091256,0.7326032943953261,1,0
36.31453855894506,66.19925525970757,51.395276971161366,11.48778879828751,4.029786996077746,4715.662214936437,0.0065871394743567055,0.7337592366534875,1,0
36.88398632686585,95.74887914583087,77.46745873242617,8.255033439025283,4.282646963372827,4745.485593307578,0.0011095852117992712,0.7324923860478969,1,0
26.63335368502885,63.43917440623045,43.100797198712826,9.0857102740556,3.244327150285244,4742.649728501344,0.0030408960304061546,0.7334860384581274,1,0
32.16477821581066,109.95748023502529,63.85434113442898,7.017220275476575,3.889987489208579,4765.899877241289,0.00045541184651337765,0.7325326674367568,1,0
35.04669873043895,77.4524622503668,55.73731526732445,10.710213577374816,4.889087725430727,4701.5839667726195,0.0033955284971861222,0.7327103338867191,1,0
32.973690293729305,101.51929714716971,48.61374571919441,11.839987451210618,5.245661972556263,4641.574326227512,0.0010425538608803276,0.7327327991745411,1,1
30.22314359433949,82.27106834761798,71.74939505755901,6.625754965469241,4.246628717053682,4773.601812949981,0.0011186312943193895,0.7326806976625669,1,0
28.311259322799742,90.53335454314947,50.039439760148525,10.183229310438037,3.6006241613067687,4699.922850244994,0.001004140726748977,0.7327257286077806,1,0
38.6932655563578,71.48043749853969,69.42530054599047,7.91920324601233,4.638877589721233,4754.174458685448,0.004678653734741934,0.7333981137583742,1,0
39.16123219765723,103.82878355681896,52.875133976340294,6.103580458089709,3.0453438353724778,4782.1560413724055,0.0006607621499390183,0.732695441979193,1,0
26.911285370588303,73.8582625426352,67.25855156779289,11.43654235638678,4.552413778845221,4689.391689560756,0.002109449194567065,0.7324842891395624,1,0
28.821832588873804,92.94049059040844,45.785375721752644,7.857001120224595,5.1564113651402295,4751.809622397713,0.0007237044214904351,0.7326749113762845,1,0
33.439332828857005,62.774657821282744,73.91858544200659,10.04642011038959,3.688560961280018,4743.947878891041,0.005970875323165113,0.7332674239389372,1,0
35.51280562300235,85.77794319950044,61.64852973073721,9.690087692812085,3.957330036908388,4721.444178673138,0.0018115301756103264,0.7324538933683845,1,0
30.763001958839595,67.30639775283635,58.53394705802202,8.97503355704248,5.425113460049033,4735.783794690425,0.003488519896533723,0.7335715691429889,1,0
25.233845207840204,99.69358066096902,79.67571154236794,11.018704002723098,4.82077344506979,4670.563050502782,0.0008056425076977698,0.7325338918017668,1,0
37.35148838721216,81.41734845936298,40.31148962676525,7.259715663269162,3.3137698862701654,4769.405801201536,0.0019980853065490836,0.7324531011024562,1,0
37.44341734331101,86.8774424213916,56.3743394985795,8.048450672999024,5.29865820845589,4749.310990400528,0.0016787296841357178,0.7326726273500276,1,0
25.318553601391613,69.19171287678182,63.257599882781506,10.241489036008716,4.105452149640769,4713.799671316279,0.0022453087985604865,0.7329821490786592,1,0
30.905287070199847,97.76573166251183,44.94868077337742,6.661258114501834,3.498823670204729,4772.451792460712,0.0005974324580140671,0.7326943105647915,1,0
35.662518721073866,80.2753153629601,75.58173298835754,11.991980010643601,4.653115327935666,4666.450679122488,0.003321856833033487,0.7328038685213313,1,1
33.824402056634426,105.70323275402188,67.52066165208817,10.839505350217223,4.384374857880175,4669.084698357271,0.000883882474325551,0.7327238038641399,1,0
29.19945259578526,74.9560272693634,51.9062364846468,7.0754327941685915,3.2301692543551326,4767.932995593982,0.001552434542921948,0.7326859867686303,1,0
27.229523533023894,91.78760348819196,71.13374423235655,9.121257768943906,3.8370638685300946,4723.612173971758,0.0008495619459664856,0.7327218671558265,1,0
39.48666924145073,60.84508624859154,49.26967952400446,8.406978791579604,5.03018446918577,4766.497115976175,0.007137265188769899,0.7332509364115019,1,0
39.011385226622224,103.54499313049018,73.34443666040897,7.2007306683808565,4.06027742382139,4767.339262007089,0.0008241983828340379,0.7324482052118768,1,0
28.636813908815384,83.51094842888415,46.47793233394623,10.890196150168777,5.409733613021672,4690.157965992845,0.0014546413316060796,0.7325981065361129,1,0
30.60809527989477,89.33638980612159,65.31729344278574,8.822304284200072,4.766630369238555,4734.7410518252955,0.0010724523926873735,0.7326638593597357,1,0
33.35142879281193,69.49765685945749,54.70042508095503,9.655312674120069,3.456088543869555,4733.308506169538,0.004217552872424863,0.7333244061288894,1,0
35.18909428734332,96.99923176318407,42.11787115782499,9.987479461356997,3.099561985116452,4706.48303882964,0.0009651018309072426,0.7324872823389637,1,0
32.31438003014773,65.46621149405837,77.75336299091578,7.728446060791612,4.410017756279558,4761.098795971245,0.003920268889140419,0.7332026386774416,1,0
26.725393924862146,107.98518405295908,59.20759052038193,11.283857429400086,5.05338892294094,4651.841370546886,0.0007155961952581868,0.7326650946909932,1,0
36.96858427487314,76.25685053877532,61.093294098973274,6.068758232519031,3.7040181919001043,4784.023863349668,0.0021086736907183507,0.7325158317493098,1,0
36.69211249332875,109.12840239703655,45.290475860238075,9.210636684671044,4.583996936678886,4714.792977940194,0.0007667243158566802,0.7325703622174977,1,0
26.33169971872121,78.18435871973634,74.65400159358978,8.516820101067424,3.5505642760545015,4748.148887497463,0.0012968762032661723,0.7324316160650598,1,0
31.979314414784312,95.01669620163739,53.55207089334726,10.586110470816493,4.1940827034413815,4687.717107312659,0.001083846658240582,0.7327019063504979,1,0
34.736806359142065,64.26796576939523,66.66580479592085,6.75461039878428,5.188304765149951,4770.580302002314,0.0036293556006281305,0.7333162041781789,1,0
32.811256386339664,89.70389551483095,78.93648039549589,6.419534733518958,4.919593208003789,4780.4167298717,0.0008890782434683796,0.7324603234916658,1,0
29.950757892802358,72.2119524050504,40.80287966877222,11.682920666411519,3.9254375309683383,4682.985617420136,0.002946516188359054,0.7332243179195312,1,0
28.15523544792086,100.78825870528817,62.237461507320404,8.126063587144017,3.282185834366828,4746.5435442221615,0.0005798801227692049,0.7324782465904094,1,0
38.412641449831426,83.10100384056568,57.853500321507454,10.339655896648765,4.315551514271647,4705.220709514122,0.00316934505331038,0.7327036433842177,1,0
39.821742037311196,93.76928074285388,64.44815579801798,11.545997025445104,3.368690008763224,4670.47954289024,0.001844105340768606,0.7324785610775236,1,0
27.681804224848747,62.042473666369915,55.061751417815685,6.357401272282004,4.870872539002448,4776.3740840858,0.00237761440831486,0.7330362453316128,1,0
29.475931501947343,104.5606819819659,76.73311032354832,9.936142137274146,5.477619966957718,4695.068896214326,0.0006900530166501482,0.7326818233276826,1,0
34.21808919403702,73.02918666042387,43.59706997871399,7.604003520682454,4.014648072887212,4763.525742485489,0.0028437876842760273,0.7327125026724597,1,0
36.144104418344796,100.52351512946188,50.72125941514969,8.759384153410792,3.65809260122478,4730.4341445777345,0.0008945518655600835,0.7326905221447537,1,0
31.504023666493595,80.68630899302661,68.83743651211262,9.519012669101357,5.120998110622168,4724.403901471158,0.0017733436722818855,0.7326274106091338,1,0
25.85873307660222,86.50945987552404,48.12372874468565,7.474724957719445,4.514518009498715,4763.617503621422,0.0007588112468710164,0.7324595216271769,1,0
38.10074760578573,66.47694049403071,72.48969409614801,11.190419225022197,3.0124024599790573,4728.805481477019,0.005605160592239374,0.7322656020718525,1,0
37.966830218210816,91.50617610663176,49.64720860123634,6.291729977354407,4.127534401603043,4779.705610639805,0.001119111897987565,0.7326784541982764,1,0
25.731767863035202,61.535631250590086,70.26308827102184,11.623231144621968,5.276862054131925,4699.1451925569245,0.004026337036666602,0.7326470906040023,1,0
31.43672531004995,105.61712616123259,51.697770319879055,7.667198421433568,4.6699239099398255,4750.289476778464,0.0005457491218669519,0.732747088782761,1,0
36.06956778559834,75.45126955024898,68.56405217200518,9.861015340313315,3.481690834276378,4719.981563034419,0.0039185796745600165,0.7333822478747914,1,0
34.3476576032117,98.05174673907459,75.83469737321138,9.501777241006494,3.2132748416624963,4717.3774070423015,0.0009016105382259872,0.7324790058562168,1,0
29.612738410942256,79.58017745055258,43.94860949367285,8.788185266777873,4.401593524497002,4743.241565384682,0.001572540231985021,0.73242085953377,1,0
27.76077577844262,86.96814117953181,62.84655950963497,11.208299992606044,5.008188047911972,4680.544245645661,0.0012525088497268477,0.7324792075875215,1,0
39.89376119337976,68.69188513606787,57.210221737623215,7.444915154948831,3.8587741921655834,4767.980708583346,0.005192750838097017,0.7332056147796705,1,0
38.48806533496827,108.0714806355536,60.0108652934432,8.441882131621242,5.3879563878290355,4733.664753234077,0.0007636305334186841,0.7326536267238956,1,0
28.223478053696454,75.76179973781109,59.37697071582079,9.274020412936807,4.082378902938217,4734.323191776348,0.0017929055033281802,0.7324471902824364,1,0
30.076778633520007,97.28085062466562,78.66306737065315,6.832021901383996,3.4389749350957572,4768.534169657653,0.0005997857073809902,0.7327073834366207,1,0
32.94428674504161,64.77585648186505,41.77941910922527,10.520616559311748,4.783457880374044,4725.033474381784,0.005928414237096764,0.7336841052526123,1,0
34.66573145240545,89.24549956806004,53.903581723570824,11.653299691155553,4.427217195741832,4670.382898413669,0.001665745403092056,0.7325111423580664,1,0
31.901230113580823,69.99729461036623,65.7674203813076,6.437604328617454,3.0826486432924867,4777.335599388712,0.0021980025672360677,0.7329060830726521,1,0
26.19400578085333,103.2587880641222,47.438955791294575,10.368634393438697,3.725709586404264,4687.048205136663,0.0007127583670699954,0.7325306023447157,1,0
36.5615996113047,84.20589486137033,73.05239584296942,8.109005542472005,5.031373274512589,4752.1965742001585,0.0018611753197618206,0.7324506881520876,1,0
37.10543409921229,101.28007651306689,58.2309752330184,10.966577684506774,3.5679259938187897,4676.941429396928,0.0010513091597530195,0.7324824142201309,1,0
26.855005249381065,83.00534578971565,61.36678356677294,7.135854737833142,4.566959472838789,4766.641124032482,0.0009060007496864663,0.73266294008955,1,0
32.386470711790025,90.3910220041871,40.59447720646858,9.579390512779355,5.210177213419229,4719.22291506411,0.0012255976457894626,0.7324672328150074,1,0
35.26813736651093,71.92097952589393,79.9798833578825,8.886351769790053,4.171924157533795,4742.124071915374,0.00422218460195057,0.7332052559375578,1,0
33.22442066390067,94.52641433104873,66.91882334649563,7.756577694788575,3.903498325496912,4753.8020250927,0.0009106434730749453,0.7326772790284003,1,0
30.47413497697562,64.36208266764879,52.55202159285545,9.970856292173266,4.941818511113524,4728.106635014497,0.004748141307369104,0.7337022691020707,1,0
28.562205750495195,108.4428163152188,74.24289751797915,6.038336170837283,4.298256553709507,4782.7284602208465,0.00030870874668715166,0.7327106879849938,1,0
38.94401534460485,78.47379789687693,46.12634565681219,11.30240767635405,3.299156541004777,4692.8442968605705,0.00533853038409187,0.7332264763365686,1,0
39.40851341467351,85.82176043651998,71.40720501542091,10.305713905021548,4.853816146031022,4705.346611912889,0.002880546322778423,0.7326191599046635,1,0
27.15837710071355,66.7673419136554,48.293092772364616,7.9727058950811625,3.386032499372959,4757.846673503981,0.0023846912304052,0.73292003539434,1,0
29.068896798416972,100.03112586215138,69.74719163030386,11.927292907610536,3.9924702998250723,4639.415090072363,0.0009505325775431298,0.7327429480891908,1,0
33.68666520342231,80.78139409422874,50.38283307105303,6.73782847635448,5.499473486095667,4771.114807394505,0.0014225377420253788,0.7326682939179594,1,0
35.73083285242319,105.24683952331543,42.80028689652681,7.094160424545407,5.143242640886456,4762.79009363524,0.0006266860191885523,0.7327935270840789,1,0
30.98078248091042,72.74032043293118,77.18325342983007,10.809260671958327,3.636172324884683,4703.98538273533,0.002927136346615595,0.7329790074925736,1,0
25.451626875437796,94.26013556309044,56.02272413671017,8.390544449910522,3.029392095748335,4740.581140226066,0.000628701986687356,0.732697036592195,1,0
37.5694809993729,61.94892822764814,64.15608927607536,9.149578230455518,4.497242276091129,4759.9779350414165,0.007236403845380812,0.7331336328870259,1,0
37.19265148974955,106.44667888060212,78.07417344301939,11.360614473000169,3.8014665311202407,4654.978576696898,0.0009470855496817394,0.7327043773261229,1,0
25.067598149180412,74.71984796226025,42.459903694689274,6.167622221633792,4.955672358162701,4782.707217008507,0.0009435725077244744,0.7324533398462515,1,0
30.654304600320756,92.23731121979654,60.75005799531937,10.122807366773486,4.351484092883766,4702.796476078941,0.0010994275260817617,0.7325149322734869,1,0
35.41180452797562,60.705792056396604,58.88554222881794,7.792130911722779,3.1583638647571206,4774.465283647336,0.005397255431179073,0.7330905305100749,1,0
33.60297602135688,87.79731233604252,46.761980429291725,8.944605773314834,3.514623324852437,4736.292741791991,0.0012998652505035486,0.7324687302614872,1,0
28.97777974139899,67.96008235774934,73.64510416984558,9.708632217720151,4.707829756196588,4727.335839281609,0.003174531696677781,0.7332209948337954,1,0
27.007852215319872,98.78402598202229,54.398519434034824,7.287853019312024,5.312284156214446,4761.118612897164,0.00045848228121135766,0.7325647720986626,1,0
39.265208980068564,78.75148275867105,65.03204207867384,11.002086555585265,4.157992722000927,4692.528418416278,0.005515840999504095,0.7334593884204503,1,0
38.7933800695464,96.45101021975279,52.18782514333725,9.021017448976636,5.088720442261547,4728.90935569195,0.0012766919981228482,0.7324839081914697,1,0
28.419012655504048,65.50699038431048,67.82379098236561,8.33159807883203,3.778264447581023,4749.746951594856,0.0030628076526736823,0.7334232511536605,1,0
30.390334455296397,107.34006100334227,48.9653505012393,10.774444168433547,3.132718605455011,4670.650189146462,0.0009390752399264892,0.7325264269669902,1,0
33.13341399654746,76.59135441295803,70.85091385990381,6.941481219604611,4.482088963966817,4772.612430071537,0.001872210795435899,0.732461305107523,1,0
34.94177792221308,102.43009234778583,63.58086947351694,6.60931490175426,4.750562475062907,4774.826619776206,0.0006189824563641582,0.7325284658206495,1,0
32.067324789240956,84.93817307986319,56.71391051262617,11.868302190676332,3.401105913333595,4665.985633584133,0.0015914994001252488,0.7326728198454581,1,0
26.478293337859213,88.51369855925441,75.24092055857182,7.937936598435044,4.046919678337872,4752.450982261258,0.0008024167293793243,0.7324996806076698,1,0
36.72128693666309,70.82646753638983,44.62421119213104,10.15299035422504,5.3574612801894546,4720.456875052474,0.005550841882949503,0.7335574469639231,1,0
36.470414185896516,91.22238530777395,69.17779058218002,7.38592872954905,3.266247282270342,4763.670841686514,0.0011240686361724992,0.7326651141737528,1,0
26.11026957631111,71.18831676431,51.04374833405018,11.079790709540248,4.260402586776763,4698.551117533363,0.002221149129809013,0.7326452853705068,1,0
31.757858148775995,102.0130250044167,72.16596733778715,8.635454563423991,4.906363612506539,4729.054496145786,0.0007040336499099423,0.7327495803929177,1,0
34.515160606242716,82.1742682158947,47.78217110782862,9.467000791803002,3.872997709084302,4726.931566586485,0.0020013813302073315,0.7326317973106095,1,0
32.560304147191346,109.27303493022919,55.36531809717417,9.802076121792197,4.2292860727757215,4698.095998366126,0.0007024496382926637,0.7325061100091393,1,0
29.70001659821719,77.73999081924558,64.7293047234416,7.538644792512059,5.2627185098826885,4759.514664381293,0.0014696948853844826,0.7326543145347317,1,0
27.90449658408761,95.25974419899285,43.314717784523964,11.470547648146749,4.617024214938283,4662.650165892153,0.0010096831135516634,0.7325138397941413,1,0
38.16165587864816,63.53138684295118,76.42830550670624,6.256909182295203,3.6228017807006836,4786.546035465659,0.004349295962587209,0.7328519782311866,1,0
39.574668440036476,99.20004428364336,41.10402535647154,8.238251538947225,4.530188322067261,4744.009095360399,0.0011190841690990356,0.732665307587254,1,0
27.434476767666638,81.51433858089149,79.22005269676447,10.426892688497901,3.067283185198903,4702.873699513815,0.001249633558583481,0.732677506570542,1,0
29.22864536754787,85.08910242468119,57.56868630647659,6.473106047138572,3.6715903989970684,4777.272098234884,0.0008962993173803383,0.7326676440818569,1,0
33.971006851643324,67.59870996698737,61.93511612713337,11.805290820077062,5.173706172034144,4692.779106632803,0.0060483538524976985,0.7340378442071663,1,1
35.92631336301565,93.42943554744124,74.99677695333958,10.64990976266563,5.442150779534131,4691.467384881851,0.0013907773883347155,0.7324719301949131,1,0
31.286035971716046,62.682253904640675,45.610541105270386,6.890235850587487,3.9399684728123248,4773.332543242672,0.003616476333104065,0.733224665612826,1,0
25.640700929798186,104.51303738169372,66.3445395603776,9.309569338336587,3.335928585845977,4711.598282343588,0.0008330658317765299,0.7327426779106285,1,0
37.882976471446455,73.57054398395121,53.20805411785841,8.593828914687037,4.798900852445513,4742.917695804036,0.004463972255825159,0.7332174684166345,1,0
37.784789837896824,89.50001009739935,74.13653410971165,9.41546436958015,3.47168989200145,4722.559912315176,0.001680157127128134,0.7326860256250953,1,0
25.644602747634053,69.68727762810886,46.003254652023315,8.675462493672967,4.661305516026914,4744.396322795018,0.0019971252722694975,0.7327715479670547,1,0
31.24917516950518,103.70937701314688,67.0465487614274,11.130776206031442,5.267789789475501,4658.802517983929,0.0008774724707654774,0.7327359509967115,1,0
35.99154101219028,83.70133129879832,52.663515619933605,7.346840796992183,4.117384205572307,4766.497931539014,0.0016573879239524846,0.7325299004807856,1,0
33.962527620606124,107.77119709178805,40.402302257716656,6.202444704249501,3.8489390066824853,4781.893730671358,0.00046661029050279945,0.7325938999525589,1,0
29.32225458789617,76.01994019001722,79.76674649864435,11.513480773195624,4.999411124270409,4682.500236436832,0.0022512877751948634,0.7326826937597344,1,0
27.36650231294334,96.78448270075023,58.4298637509346,7.59256156347692,4.392660716082901,4756.692167795722,0.0005773267358221971,0.7325063548570343,1,0
39.608782436698675,65.22853755392134,61.54390938580036,9.760054053738713,3.2029779623262584,4754.0950710700345,0.006525412611645666,0.7332011039522356,1,0
38.20171367842704,97.5776497181505,56.224054135382175,11.763095816597342,4.794373102020472,4653.372142503448,0.001475430105569015,0.7327179550267299,1,1
27.841564710251987,80.11015643365681,64.3405393883586,6.526843847706914,3.4485076456330717,4778.169041817267,0.0010332323782101234,0.7324728074949328,1,0
29.795907456427813,86.68859669938684,42.61055327951908,10.469641478732228,4.0917575540952384,4697.035123151093,0.0013064629573830498,0.7327024135617227,1,0
32.55320533178747,69.02579165995121,76.97744071483612,8.183596601709723,5.3984130076132715,4745.923367245146,0.003268409477855641,0.7333835889029543,1,0
34.58266989327967,92.02605210244656,69.88224118947983,8.554559150710702,5.042125235311687,4736.9365789235035,0.001182419846577098,0.7326965725688697,1,0
31.722377762198448,61.057534758001566,50.496768429875374,9.360379038378596,3.7354032481089234,4751.795307577823,0.005602938148429815,0.7333447780383209,1,0
26.120115197263658,105.9424436558038,71.30816590040922,6.930050460621715,3.0918854167684913,4768.664123624189,0.00040761428934647933,0.7325702997482605,1,0
36.37727013323456,75.16923955641687,48.17244324833155,10.598186144605279,4.43781800288707,4704.39282324821,0.004673166373713948,0.7333863416578204,1,0
36.829551719129086,104.75028980523348,63.032878674566746,7.831400675699115,4.182838205713779,4747.599943680536,0.0007645420470581084,0.7327102752892869,1,0
26.455187099054456,73.19281971082091,57.419372014701366,10.071997666731477,5.219708713237196,4717.97660409609,0.0019509644158139585,0.7324762569047374,1,0
32.116065793670714,93.9596523437649,75.63067771494389,6.1278076115995646,4.576339334715158,4781.4149543274325,0.000685436311312676,0.7326787780967369,1,0
34.85914790537208,62.206869004294276,43.76692473888397,11.41233809106052,3.5783837870694697,4727.743111512498,0.006353892455332556,0.7323461856903943,1,0
33.151942822150886,86.2725371401757,51.79900258779526,11.044281559064984,3.309909675270319,4690.341977426784,0.0015102213957041313,0.7324545165339489,1,0
30.27749225962907,66.26296610571444,68.6825842410326,7.234115218743682,4.3079514261335135,4767.684412324606,0.00288667426551995,0.7330199317541073,1,0
28.498895866796374,100.28583010658622,49.51362740248442,9.665883427485824,4.951054073870182,4707.909712430101,0.0007351298657900366,0.732497238755996,1,0
38.741892259567976,80.4715708270669,70.1476076617837,8.999260710552335,3.914097959175706,4734.440321978943,0.0033367352642824427,0.7328384352808963,1,0
39.21508733648807,94.85155003145337,47.30781592428684,6.995945697650313,5.489476138725877,4765.867635177005,0.0011125500038288432,0.732696960711219,1,0
27.090031425468624,64.07987087965012,72.94423937797546,10.731511043384671,3.983855463564396,4714.3725832853725,0.003663565582326965,0.7336007998472321,1,0
28.86996576562524,108.96249263547361,54.00725547224283,8.27768130786717,3.3769566770642996,4738.202124877481,0.0005828142325471722,0.7324977492817302,1,0
33.62746289931238,77.99550172872841,65.89327674359083,9.06303951703012,4.843662355095148,4734.0205481753355,0.0023500640913976314,0.7326820343402144,1,0
35.3342027310282,101.00071978755295,78.46637200564146,10.204526776447892,4.4874034957028925,4697.290651251864,0.0010072617879622828,0.7324751566025207,1,0
30.709003657102585,83.33944006823003,41.6001758351922,7.8979286681860685,3.0206116144545376,4756.168667582702,0.0011782044127137948,0.7326443674527742,1,0
25.045858076773584,89.91711869835854,60.20450860261917,11.817316694185138,3.6272430741228163,4660.249784190684,0.0010316198606891754,0.7326018075615158,1,0
37.30321227107197,72.45115222409368,59.588562324643135,6.648402834311128,5.132949356455356,4770.849822284249,0.0027862040631670814,0.7329789497871307,1,0
37.62235637754202,102.87953949533403,43.188499100506306,8.846531437709928,3.1675899093970656,4728.253889381551,0.0008275899011741203,0.7326823104859557,1,0
25.372215704992414,84.43246771581471,76.32507052272558,9.631108408793807,4.362093244679272,4718.010598902027,0.0010640953444059817,0.7326945864955617,1,0
31.093152635730803,88.76858720555902,55.47383688390255,7.175130223855376,4.966435047797859,4765.823529220863,0.0009255535548653982,0.7326160487855371,1,0
35.71091645862907,70.51682867109776,64.86000582575798,10.915773706510663,3.8111518481746316,4711.46357640104,0.005336081522619375,0.7336684276112264,1,0
33.77065423410386,95.9557893127203,71.95458546280861,11.259653164073825,4.167382101994008,4671.709781113406,0.0011654180483256038,0.7324922500071619,1,0
29.02059928048402,65.96081847324967,47.58824162185192,6.092985386028886,5.322732431348413,4779.7447665331965,0.0018720759752750694,0.7327336227169878,1,0
27.181039853021502,107.0393926370889,69.35682412236929,10.013057017698884,4.718734249006957,4692.793609253042,0.000634157970106226,0.7325831868056297,1,0
39.29888961836696,76.84911004267633,51.2407298758626,7.702845616266131,3.5241643800400198,4756.513660837512,0.003605967877980395,0.7331014028711118,1,0
38.83301113266498,87.51815267838538,66.52601443231106,6.68390598334372,4.473169268574566,4774.286250408999,0.001497122121793032,0.7326619186098317,1,0
28.582586864940822,68.29437370412052,53.412359803915024,11.969309253618121,3.1224157656542957,4682.435475765234,0.0030730317947270857,0.733853994328461,1,0
30.420794878154993,98.3087819442153,74.78783655911684,8.027176095172763,3.7684161490760744,4746.225209065449,0.0006982361523845384,0.7327030079548756,1,0
33.302465891465545,79.28031472489238,45.423935912549496,10.262786502018571,5.079949479084462,4713.806776871759,0.002359528979153181,0.7324109342174369,1,0
35.24317839182913,106.77161825820804,57.68452938646078,9.098587011918426,5.3483759025111794,4718.510531475857,0.0007468166077850152,0.7325626581839856,1,0
32.49289706349373,74.43743985146284,62.068258710205555,8.42962666042149,4.036775442771614,4750.525277065682,0.002474004164214045,0.7325811562646009,1,0
26.774213663302362,92.75832901708782,40.985130816698074,10.860802816227078,3.3911180840805173,4683.947449664965,0.0009268831586353686,0.7325140036502349,1,0
37.15602783951908,60.22883736528456,79.11925904452801,7.05415821634233,4.741938120685518,4778.63124388393,0.005179855966278378,0.733062679890728,1,0
36.527957655489445,93.12857346609235,54.60469447076321,9.912006558850408,3.864074418786913,4712.934306265755,0.0013553110806287319,0.7324562652631658,1,0
26.263367803767323,62.93981581926346,65.22133693099022,7.628116210922599,4.896057215053588,4760.244601491087,0.0026623920759234654,0.7331714788838171,1,0
31.80623332504183,104.01762872003019,46.57716799527407,11.571689000353217,4.25055784592405,4650.976198131392,0.0009219347624423927,0.7325020764830318,1,0
34.67373864259571,74.02418431825936,73.44421293586493,6.331732185557485,3.257479913998395,4777.86317213622,0.002128633833826508,0.7327845257599476,1,0
32.879502582363784,99.45513260550797,60.87049778550863,7.49883764795959,3.6137199979275465,4757.052830461689,0.0007055986602897926,0.7326927037257165,1,0
30.11499844957143,81.20489939115942,58.98486752063036,11.166283646598458,4.60688353702426,4687.710466580322,0.0017587660598850016,0.732621289578941,1,0
28.21821722202003,85.53873136639595,77.96044781804085,8.733715066686273,5.252727122977376,4736.460969832106,0.0010764906140583682,0.7326636234523397,1,0
38.58580848202109,67.09318639710546,42.32456795871258,9.544704644009471,4.220658123493195,4747.959885461419,0.006733148230308301,0.7332455445171492,1,0
39.98554628808051,109.79385901242495,75.12963641434908,10.563371071591973,5.1829333901405334,4679.482109415132,0.000949672372729489,0.7324968017669427,1,0
27.750486726872623,77.26284241303802,44.49619974941015,6.777372686192393,3.682200761511922,4773.395855849095,0.0012468597887520597,0.7326426767710748,1,0
29.648662228137255,95.58449582196772,63.7037505954504,9.231819687411189,3.0780446641147137,4719.654521782921,0.0007851265003117736,0.7327232296791086,1,0
34.28150727413595,63.24879097752273,56.820559948682785,8.495614210143685,4.539872465655208,4756.339320208908,0.0055242780160885815,0.7333548510373473,1,0
36.07527897693217,90.74734094552696,48.787862211465836,8.14882587455213,4.80828905897215,4746.137063154098,0.001297272490494284,0.732700989860881,1,0
31.34036235511303,71.71734840609133,70.65246395766735,10.316916497424245,3.3463756502605975,4716.458931522076,0.0030726056969423285,0.7331191317651012,1,0
25.795171833597124,101.73404714092612,52.40132447332144,6.39832884259522,3.9508741763420403,4774.953809330368,0.00036215730022295137,0.7327237659549874,1,0
37.928160042501986,82.50874135643244,68.0155273154378,11.704103669151664,5.451693008188158,4673.228716804348,0.0034900584765983254,0.732630200071511,1,0
38.03551260847598,107.52815579995513,50.17471820116043,6.806329904124141,4.340220801066607,4772.93400857597,0.0006401666939551382,0.7325318087801357,1,0
25.895572225563228,76.75650049000978,69.53900702297688,10.546285668388009,3.1897484599612653,4710.380099106253,0.001434090327303196,0.732402801796336,1,0
31.500143501907587,96.63986730389297,48.51447772234678,8.466017732396722,3.7937901350669563,4739.213248977992,0.0008173133549529042,0.7326788892158065,1,0
36.24229840002954,65.67290023900568,71.62897441536188,9.24990770034492,4.983472516294569,4748.432362481002,0.006121510978207758,0.7332673016633108,1,0
34.183996403589845,88.27526242472231,64.05528966337442,10.394303502514958,5.34002738725394,4702.276344385217,0.0015553336152964927,0.7324498415921722,1,0
29.54391285777092,70.6140065472573,55.92214684933424,8.08331354521215,4.150411390699446,4755.786951835893,0.0023686243656093624,0.7326849930984077,1,0
27.58818810340017,102.1908924356103,77.278106585145,11.629186978563666,3.546103580854833,4649.546123425399,0.000822116700343073,0.7325348494752316,1,0
39.83020006213337,84.72494980320334,42.89460301399231,6.461739929392934,4.696508941240609,4775.932786189298,0.0017686235700127913,0.7326676591704245,1,0
38.41973330825567,92.07367807626724,79.48391806334257,7.6460153963416815,3.1445935340598226,4760.1955539564815,0.0012194577492984464,0.7324899171633166,1,0
28.059323327615857,60.51618413999677,40.09797129780054,9.882221253588796,4.451315744780004,4737.213272901628,0.0047382076069231475,0.7335865106314625,1,0
30.01371102873236,106.28228363581002,61.84703677892685,6.314469398930669,5.097005867399275,4777.678144926859,0.00035992757200378533,0.7326152728796965,1,0
32.77120554354042,74.52947645448148,58.71145434677601,11.600468834862113,3.7510736538097262,4683.720925647669,0.0033773565972018455,0.7332967680406274,1,0
34.829972120933235,98.99800046347082,45.67878343164921,11.229505905881524,4.019785811658949,4667.5475652595105,0.001084283269361848,0.7326965030414835,1,0
31.969476197846234,78.98840558715165,73.79572331905365,7.423732129856944,5.365651640575379,4763.778621724935,0.0015877803115070552,0.7324507647271657,1,0
26.36717270128429,88.01205040886998,53.003088273108006,9.479014931246638,4.7196935950778425,4721.472741487635,0.0009585205078765103,0.7324897106044883,1,0
36.62458149716258,68.19776728749275,67.3698167130351,8.810924688354135,3.4130383650772274,4754.714353915968,0.005237196300419401,0.7330994596907663,1,0
37.05120694357902,85.25426144711673,41.258620135486126,11.952893329784274,4.879248628392816,4665.167367050727,0.0027292258357628947,0.7325670569338839,1,1
26.67663126718253,67.78679200448096,78.14264331012964,6.712250942364335,3.881207250058651,4775.91320251352,0.0018929872746593706,0.7326139903188023,1,0
32.33750792220235,99.36596540734172,59.91104930639267,10.281486773863435,3.235397657379508,4692.339015788187,0.0008548455176742745,0.7327038017976656,1,0
35.08083685301244,81.703184209764,60.54486460983753,7.996910138055682,4.272353995591402,4756.987657168446,0.0018934207385465725,0.732426230431008,1,0
33.40293780900538,104.30058877915144,72.63943292200565,8.364966915920377,4.62887996295467,4737.27535049922,0.0006932924571708926,0.7327370963376388,1,0
30.52821896970272,73.33209527656436,47.02546536922455,9.175178652629256,3.5920096789486706,4738.626504463847,0.0023241026972375726,0.7326079977205139,1,0
28.749649203382432,93.21622335352004,66.17442730814219,7.118364667519927,4.237552540842444,4765.040346374247,0.0006745182775370881,0.7326848811416748,1,0
38.992835194803774,62.443043095991015,54.31082051247358,10.785033540800214,5.235508461017162,4737.149065781836,0.008823203724385737,0.7337001570426641,1,0
39.4621754065156,101.8234043288976,68.38023692369461,9.600665068253875,3.6993143749423325,4714.575516288036,0.0010740850053211806,0.7324598836603801,1,0
27.337316246703267,82.01064801774919,51.51419050991535,8.86505432613194,5.166105883661658,4737.69171182712,0.0011964225144420852,0.7324585852243802,1,0
29.117294647730887,91.03200234472752,70.43118190020323,10.94392983801663,4.561649695504457,4681.360568605227,0.0011472052794597113,0.7326920179439874,1,0
33.874530657194555,71.02393278852105,49.81477115303278,7.158525472506881,3.0559431896544993,4766.532212625424,0.00271259528095448,0.7330870243194665,1,0
35.55197964888066,95.49665445461869,57.075356878340244,6.01703872717917,3.324684251099825,4783.477723951179,0.0007823832627513815,0.7326871779552928,1,0
30.927034546621144,63.74537371098995,62.71161179989576,11.32368223182857,4.830304702743888,4709.937658108649,0.0056308036030680115,0.7338755216648986,1,0
25.263847140595317,109.51070896349847,44.08698834478855,7.779248429462314,5.434493564069271,4749.964036315292,0.00034412165867820613,0.7325252624883898,1,0
37.52099743112922,77.95473997481167,75.97345471382141,9.948208445683122,3.9677875135093927,4714.411807471104,0.004026189722762997,0.7332494539736112,1,0
37.37139743287116,97.47047036886215,62.35292311757803,10.750217037275434,4.644029633607715,4682.026295811005,0.001295385774304127,0.7327031044997351,1,0
25.121453399769962,64.93947761133313,57.9870243743062,6.965685462579131,3.48867967678234,4771.187631538249,0.002064416630788208,0.7328237574515294,1,0
30.842434782534838,108.26186415739357,78.81796732544899,9.046617871150374,4.095464078243822,4718.144839432986,0.0006250225424063623,0.732513233287498,1,0
35.459937592968345,75.9261831548065,40.7017045468092,8.306020544841886,5.290034170728177,4749.460292746359,0.002809582218315307,0.7325917248503754,1,0
33.54897783137858,103.02187724970281,53.73377464711666,7.962140841409564,5.021264494396746,4746.069275094152,0.0006770811521096456,0.7327618689026267,1,0
28.79917673766613,83.9919085521251,66.86988160014153,10.128763223066926,3.8267613826319575,4713.038905904516,0.0013118056839678258,0.7324468006164836,1,0
26.959575987420976,89.00782646611333,45.0813065841794,6.583737367764115,3.2203206019476056,4774.666952214294,0.0006441575231818705,0.7326860851437611,1,0
39.07722196076065,69.78254452347755,74.46762528270483,11.89390261285007,4.375604174099863,4703.487914797672,0.007274061159852698,0.7324964837944836,1,1
38.6152133718133,105.45196807011962,47.91211798787117,10.100159520283341,3.4654782032594085,4697.204800739056,0.000906954044533591,0.7324775468739981,1,0
28.36457815952599,75.26318658143282,72.29599349200726,7.814801646396518,4.7770782904699445,4756.135528529993,0.0016284438260388235,0.7326551663490647,1,0
30.20278374198824,91.34025442413986,50.90052183717489,11.381889028474689,5.420638459734619,4669.13759061013,0.0012090949872102454,0.732686053176671,1,0
33.08470146264881,61.34678618051112,69.0341891720891,6.146324777975678,4.0698181996122,4781.386849635982,0.0035164313991397442,0.7331393910507052,1,0
34.99612669926137,87.18059034086764,76.60727310925722,7.310523753985763,3.7132445531897247,4767.120978673141,0.0012921252975603293,0.7324627386635365,1,0
32.24557720590383,68.93033328466117,43.49345352500677,10.97943870909512,5.063997832592577,4700.986314420723,0.00465175895969583,0.7337448793325229,1,0
26.52691992931068,98.26495800167322,64.5562931150198,8.92330832965672,4.420780688058585,4727.07254065771,0.000661622484222732,0.7325143488984149,1,0
36.90892359241843,79.81938919052482,55.19283398985863,9.72990677319467,3.1092469855211675,4722.428671105594,0.002879953803765793,0.7328468038347603,1,0
36.30652402061969,100.1947580743581,70.95663741230965,6.497241647914052,5.1976932138204575,4775.093648635762,0.0007115065411437852,0.7326797381818575,1,0
26.0416730446741,80.97100294195116,49.070848152041435,11.781178107485175,4.2045294512063265,4670.987188434943,0.0014665100847836086,0.7326543803329482,1,0
31.584583912044764,85.98615624010563,67.73377951234579,8.21255954168737,3.5614702962338924,4751.254997995997,0.0012050967354464985,0.7324596729566436,1,0
34.452285980805755,66.95771286264062,52.098354287445545,10.452561797574162,4.593538923189044,4725.9058062320255,0.0059477680186552934,0.7334838840831884,1,0
32.62875773943961,94.04616052284837,44.837167747318745,9.2854566257447,4.324779086280614,4721.598487916283,0.0010534477325195289,0.7326828936061166,1,0
29.864049702882767,61.71200595796108,75.45395042747259,8.617964515462518,3.2927959174849093,4755.868978389026,0.004304977929238435,0.7333351437748034,1,0
27.967228046618402,105.03210238181055,56.4974495023489,10.675578871741891,3.936199289280921,4674.593301492277,0.0007315971351130093,0.732533018568017,1,0
38.33507327828556,72.5026345718652,63.36402043700218,6.864543853327632,4.929276997689158,4766.704524599001,0.0032561896871458806,0.7331444655440853,1,0
39.73822232335806,90.20292813889682,59.32825919240713,8.658193985000253,4.005565936211497,4742.192030578182,0.0018313272093833043,0.7324985294776287,1,0
27.503409581258893,71.7558325175196,61.19239050894976,9.444238482043147,5.467479568440467,4732.0016077321125,0.002146078394720788,0.7325330472191988,1,0
29.401583545841277,101.09121887013316,42.00391665101051,7.364745704457164,4.860880872700363,4760.467250233953,0.0005262975882198922,0.7325666140256543,1,0
34.03421753551811,82.83943649381399,77.61825613677502,11.100996622815728,3.3600624133832753,4689.492801395161,0.001987701662361888,0.7326424106064393,1,0
35.85729483049363,108.68125300854445,65.52308700978756,11.447785338386893,3.003478927537799,4648.913881433798,0.0007961666573917127,0.7327011975715301,1,0
31.12256780732423,78.68625832721591,54.89010140299797,6.279648603871465,4.50421192869544,4780.871628084224,0.0013118786708658553,0.7324657448350624,1,0
25.577404303476214,94.76561331190169,73.16000569611788,9.823282035067677,5.111153053119779,4705.3126506561575,0.000769714894686079,0.7327143270494448,1,0
37.71012423560023,64.57530687563121,46.27665963023901,7.517461767420173,3.6493254750967026,4773.573742605967,0.005476375624357761,0.7329512628751762,1,0
37.6838443428278,94.5721532125026,58.08155979961157,11.904591266065836,3.1971071399748325,4657.840171810869,0.0014501206994731025,0.732643397730929,1,0
25.544132003560662,64.60312231443822,62.44759667664766,6.573047183454037,4.391457682475448,4773.571101252579,0.0019589904756479037,0.7329779247855562,1,0
31.14822989795357,108.7815149128437,40.75717732310295,10.142381183803082,4.995645351707935,4685.292608215178,0.0007019977624287219,0.7326970449916687,1,0
35.89107049163431,78.61717225983739,78.87357853353024,7.948521349579096,3.840209210291505,4755.65547249461,0.0024009609748229244,0.7326943140891226,1,0
34.06668886076659,101.13655285909772,66.76925234496593,8.319502517580986,4.118639681953937,4739.110372629483,0.0007872390246800895,0.7327023621399186,1,0
29.426833358593285,82.66659289598465,53.63298788666725,9.033137407153845,5.274142208043486,4731.839603987641,0.0013608498069621066,0.732651232527604,1,0
27.470663776621222,90.14984517358243,74.40605837851763,6.976238127797842,4.669687211979181,4769.951154523641,0.0006643146460238248,0.7324854860615856,1,0
39.71336143091321,71.87519845552742,45.019582472741604,10.739665880799294,3.475269688758999,4723.8741607572765,0.006980424021406784,0.7333370087408789,1,0
38.302208562381566,105.00574949197471,72.20024690032005,9.742700334638357,4.443956030998379,4707.851015923145,0.0009494882046645569,0.7324677199277971,1,0
27.94248606543988,72.69445926882327,47.81621418893337,8.910513415932655,3.0933553581126034,4740.03101992588,0.0018276773006028675,0.7327595259606532,1,0
29.89640211686492,94.11669274792075,68.97750522941351,10.989302203059196,3.738901796285063,4679.882087443206,0.0010303739969302862,0.7324990837037669,1,0
32.65412646345794,61.61008927971125,50.84368038922548,7.300658907741308,5.050588105339557,4769.687232488008,0.004134554079825324,0.7331334419893015,1,0
34.478058042004704,86.16045046597719,43.592871613800526,6.156235568225384,5.397424662485719,4780.331972339776,0.0010532930310167032,0.7326767711803631,1,0
31.618249602615833,66.91073155030608,76.70682962983847,11.37197956815362,4.085671968758106,4704.027757631102,0.004983354242160598,0.7324337583553503,1,0
26.015503122471273,100.07685021497309,55.253189727663994,7.8276425041258335,3.4398587998002768,4751.6567710470545,0.0005145340338732878,0.7325095108082539,1,0
36.27314175013453,81.02244305424392,64.61678698658943,10.087319992482662,4.790526453405619,4713.957978728111,0.0027914842400197375,0.7326445004025011,1,0
36.93414121866226,98.10363076627254,49.16537865996361,6.854723531752825,3.912990306969732,4771.151830885755,0.0008689313178461069,0.7326613622933809,1,0
26.55933761037886,79.82745761051774,71.05131588876247,10.68539784103632,4.94512604502961,4698.431539223608,0.0014940779309648583,0.7326289511757548,1,0
32.22065551672131,87.31299703009427,52.15382244437933,8.605214841663837,4.299164423253387,4743.215074904795,0.0012691769581831024,0.732457184401082,1,0
34.96329864021391,68.84151211939752,67.789395339787,9.298204947263002,3.306239284109324,4741.798530479935,0.004706212761309085,0.7333985045369604,1,0
33.051482806913555,91.35669804178178,75.35332579165697,10.439676314592361,3.5846408428624272,4696.458430408094,0.0011887017081463733,0.7326890478603378,1,0
30.176536035723984,61.19082857854664,44.736376367509365,8.225446354597807,4.577652036212385,4758.501740621146,0.004450801157054411,0.7333889517477014,1,0
28.39843607507646,105.36998281255364,63.30245845019817,11.771221976727247,5.2233457351103425,4637.938625925104,0.0008293572173553502,0.7325298718889564,1,0
38.64093625918031,75.39942659437656,56.43572047352791,6.5071991086006165,4.191124538891017,4775.170500437109,0.0027251605485032813,0.7328372949551529,1,0
39.11096275318414,88.99834765121341,61.09664883464575,7.503888588398695,5.13432393502444,4762.625952154396,0.0015846546063591554,0.73250128661163,1,0
26.98541599791497,69.94546692818403,59.23235047608614,9.836853682994843,3.6334383273497224,4725.61498210139,0.002263253201725614,0.7327679839151893,1,0
28.765840958803892,103.10929547064006,77.5615768134594,6.269005447626114,3.029131709598005,4779.34592599675,0.0003991251160375297,0.7327210982774929,1,0
33.522847248241305,83.86110150255263,41.947070583701134,11.458426963537931,4.490806681104004,4680.639058415034,0.002004791763071104,0.7324348119617569,1,0
35.43512766249478,108.41642328538,54.989514872431755,11.090400584042072,4.837672151159495,4657.972246237228,0.0008857872094972334,0.7327307413309961,1,0
30.809494964778423,75.91134662739933,65.62264814972878,7.375343251973391,3.375911125447601,4763.496040732042,0.0016970103974545366,0.7326915750273438,1,0
25.146782784722745,97.33281549066305,46.33701045066118,9.430712420493364,3.9799516084603965,4713.294537405195,0.0006972822445414355,0.7327299704430605,1,0
37.40370335523039,65.02305058762431,73.2205044850707,8.671721555292606,5.480922674294561,4753.527076180551,0.005941934681373566,0.7334078454220491,1,0
37.488476037979126,109.51417627744377,69.63475823402405,6.448945105075836,3.520453182980418,4774.9475231275455,0.0005453418160643127,0.7327561433678381,1,0
25.23876183666289,77.78580755926669,50.27061738073826,11.641980271786451,4.709916573017836,4677.38445390374,0.0016242016021376093,0.7326390418855632,1,0
30.959272519685328,95.40323218330741,71.68566327542067,8.073448073118925,5.316854121163487,4745.244940207929,0.0007735131806975061,0.7326966684399042,1,0
35.577462813816965,63.87017522007227,48.571314252913,10.40416744351387,4.166296154260635,4737.186389198112,0.006746387533736916,0.7335236435335108,1,0
33.90041715931147,90.88365066796541,55.82274291664362,9.239998150616884,3.8194020786322653,4724.341011599966,0.0012052644133215822,0.7326991131596706,1,0
29.150845897383988,71.04497825726867,63.955718986690044,8.475928790867329,4.970027026254684,4748.2545753180175,0.0023357923175845712,0.732639436992816,1,0
27.310803001746535,101.96725026704371,42.8342617303133,10.5334467664361,4.3634319067932665,4680.116039207761,0.0007646007044934497,0.7327158174685131,1,0
39.42913645878434,81.9332646112889,77.217598259449,6.819170314818621,3.1739021320827305,4776.527312541368,0.002102242336758563,0.7324514217905891,1,0
38.96644086111337,93.38374686427414,40.00345032662153,8.800235129892826,4.745305873919278,4733.373617363606,0.0014854759866023133,0.732683805063872,1,0
28.71649134438485,62.441169461235404,79.38923005014658,9.489703137427568,3.3995926142670214,4742.947054116195,0.004128030895599031,0.733461540636651,1,0
30.554224383085966,104.1743828356266,58.65599572658539,7.410112548619509,4.042997178155929,4757.312515389212,0.0005351897347688168,0.7327198910203447,1,0
33.436370147392154,73.42711867764592,61.79141141474247,11.243124134838581,5.3498049774207175,4691.161205539601,0.003892578352570251,0.7332379214882819,1,0
35.112964855507016,99.34352295473218,73.89635749161243,11.586987745016813,5.071355730295181,4654.615207956239,0.0011635583334319525,0.7327117460818587,1,0
32.36310105770826,81.85314148664474,45.779565274715424,6.327951818704605,3.7644809503108263,4778.22570611954,0.0012546803278742785,0.732679761625115,1,0
26.643999903462827,85.33022849820554,67.43138823658228,9.871670186519623,3.1214206032454967,4712.585187070412,0.00102799772403653,0.7326937736592444,1,0
37.0262316102162,67.64453527517617,53.06480776518583,7.656567793339491,4.467200247570872,4761.789725809354,0.0047678162857034976,0.7333362378519875,1,0
36.6582078486681,88.04442001506686,78.23839943856001,10.798605099320412,4.211897681932896,4691.900802373218,0.0019623789614011218,0.7326557025324764,1,0
26.393127152696252,68.01196079701185,41.35451439768076,7.104791756719351,5.248920572455972,4766.335315089325,0.001781705000600916,0.7328085021154501,1,0
31.936483741737902,98.93346856348217,60.60155808925629,9.185820903629065,4.605702235829085,4719.040136243597,0.0008439992972070576,0.7327168118294881,1,0
34.803498215042055,79.0963211003691,59.967881217598915,8.35432331264019,3.6078989221714437,4748.20392962661,0.0021808956988010517,0.732680876348453,1,0
32.746052290312946,106.10178717412055,46.92605681717396,8.007507774978876,3.2610146766528487,4746.867181197359,0.0005841321417240983,0.7325833336118086,1,0
29.98111453372985,74.57025702111423,72.53986686468124,10.270890466868877,4.258903448469937,4716.151742287328,0.00233407653010933,0.732530398569998,1,0
28.08476715348661,92.18539115041494,54.25047431141138,6.7257778868079185,4.9024648098275065,4773.592424406569,0.0005945198329256605,0.7324915274507228,1,0
38.45192478969693,60.45854775235057,66.11392389982939,11.939367715269327,3.865355865098536,4727.313508895053,0.007721280806108471,0.7341291209819185,1,1
39.85576101113111,102.37816296517849,51.41966462135315,9.95802678912878,5.460110322572291,4700.160190736593,0.0011494939647842869,0.7326734683596906,1,0
27.620262461714447,84.69094330444932,68.28555382788181,7.769428554922342,3.9543373016640544,4757.714122004442,0.0009875916458912965,0.7324801016719692,1,0
29.51887672767043,88.16879157908261,49.75930791348219,11.33643064275384,3.347900097258389,4675.282638820367,0.0011645973249810886,0.7326900662011304,1,0
34.15128278546035,70.6768851634115,70.37556115537882,6.004288785159588,4.814453578554094,4778.385260912087,0.00216576839473534,0.7328811942208177,1,0
36.209194185212255,96.60053885541856,62.81225059181452,7.1714129112660885,4.535994501318783,4764.603061564872,0.0009264901173410466,0.7326692845069249,1,0
31.47378135472536,65.85174788720906,57.17613410204649,10.931043907999992,3.069355561863631,4716.256088253848,0.004323657900786916,0.7336608430712239,1,0
25.929086818359792,107.58724877610803,76.03503115475178,8.875011697411537,3.6761363870464265,4724.156712737138,0.0007730918930990316,0.7325928401360791,1,0
38.0615788185969,76.64314605295658,44.148702919483185,9.590709205716848,5.1819954621605575,4723.708378930406,0.00428116172355148,0.7330505171475838,1,0
37.90162623394281,101.66275197640061,76.38663727790117,7.692203018814325,4.693079380784184,4754.578713017671,0.0008912629512407595,0.7324909819945886,1,0
25.762124839238822,82.60989509522915,43.250223360955715,10.023700945079327,3.537576482165605,4715.304807823648,0.0011571833522256221,0.7324632092393826,1,0
31.366256903856993,90.77445677481592,64.96063522994518,6.079412721097469,4.144204365555197,4785.532307843183,0.0007496551152116319,0.7324659871636027,1,0
36.10885079018772,71.52628664858639,55.57462349534035,11.273227158933878,5.338621665257961,4692.766135215198,0.005656488952453695,0.7339793197804475,1,1
34.313753293827176,95.70316662080586,47.532768696546555,10.902245655655861,4.992052057757974,4680.729393096564,0.0012134369057739617,0.7325023571354479,1,0
29.674165956676006,63.19811380468309,71.89897440373898,7.1886569224298,3.7977012917399406,4768.131827087049,0.003300119836850607,0.7332830448785136,1,0
27.717944770120084,109.61880184710026,51.146194599568844,9.620510425418615,3.190806081518531,4701.778305704085,0.002116485557935246,0.7326105505180969,1,0
39.96045293752104,77.30906078591943,69.26215041428804,8.857128068804741,4.3462418504059315,4739.985547701821,0.0046283834613162185,0.7330125259105008,1,0
38.5531547665596,85.43923240154982,53.35200421512127,7.041410889476538,3.4167348332703114,4770.952957725375,0.0016974326521457697,0.7324737956086724,1,0
28.19323563016951,67.1630354039371,66.46552041172981,10.873551651835442,4.728487899526954,4701.081143477651,0.003402593253773306,0.7337719548693817,1,0
30.147132710553706,99.64782976545393,45.32451767474413,8.419808641076088,5.371591739356518,4734.668454061736,0.0006625256971418339,0.7327466834943518,1,0
32.90511806961149,81.17632101289928,74.6882801875472,9.1084065400064,4.020924309268594,4735.218961196852,0.0018104261727103141,0.7324534530515141,1,0
34.699750314466655,104.06994874589145,62.12494280189276,10.25282945483923,3.7427609455771744,4689.4203384484035,0.0008655075603279967,0.7326991703554011,1,0
31.839688015170395,73.9040554407984,57.74137068539858,8.037131611257792,5.093361841980368,4756.422328904819,0.002273088884323575,0.7325161207523657,1,0
26.236951118335128,93.08400241658092,79.2150054872036,11.95642289891839,4.449991271365434,4647.344525069929,0.0010583014990151606,0.7327521421606084,1,0
36.49479353800416,63.113422356545925,41.081034764647484,6.696790806949139,3.13830533483997,4782.521333853585,0.00451561765636409,0.7328702469655668,1,0
37.181449313648045,92.67014785669744,65.28289906680584,9.554570484906435,5.227076734416187,4715.999764686379,0.0014339626535418276,0.7326831105454322,1,0
26.80639888625592,60.358881475403905,54.666423350572586,8.72385073453188,4.234065764583647,4753.892192516838,0.00383030440185748,0.7332608698413644,1,0
32.46775006875396,106.78186001256108,73.54483742266893,11.17907951027155,3.5905467411503196,4658.412838746107,0.000806300123041412,0.7325442344518813,1,0
35.210604248568416,74.27528038620949,46.67795952409506,7.48604329302907,4.6227683098986745,4761.519164229149,0.002739329517811295,0.7328445126612467,1,0
33.269479693844914,98.44719976186752,58.92939951270819,6.344572126865387,4.276169798802584,4782.181758605704,0.0006404475454048511,0.7324549113539826,1,0
30.394343324005604,79.19750468805432,60.814881809055805,11.558847527951002,3.244034433271736,4683.20721144786,0.0018028610720339656,0.7326071428512213,1,0
28.61619086470455,87.36283061094582,42.23003730177879,7.638026129454374,3.887285533826798,4756.5829369680505,0.0009258827927178965,0.7326894163060415,1,0
38.85895932558924,68.30844729207456,77.86576949059963,9.90209510922432,4.880210896488279,4736.170503005293,0.006903916493253126,0.7334932969989416,1,0
39.33238364756107,106.90774888731539,44.43584877997637,11.717722188681364,3.976486464496702,4648.357629429928,0.00106927704062406,0.7324733567665326,1,0
27.207098016515374,76.93869414739311,75.06913777440786,6.384711652994156,5.438247266691178,4775.860225067456,0.0010147294076890037,0.7326725325347961,1,0
28.98750311229378,96.11635360866785,56.72114662826061,10.327605664730072,4.831500434782356,4690.211035670855,0.0009130829233315162,0.7327325252816864,1,0
33.74431265052408,65.95198711380363,63.604189306497574,8.13813803717494,3.3305289964191616,4761.043727409855,0.0043936665038855835,0.7331043219716046,1,0
35.68588837515563,88.84980952367187,70.70914313197136,8.506164886057377,3.0523945363238454,4746.288462586108,0.0012520068945237228,0.7324613557748733,1,0
31.06045958120376,70.37982571870089,48.84470842778683,9.22126765921712,4.553279771469533,4736.51994601606,0.0031237017954966915,0.7329807153197542,1,0
25.397756090387702,102.86385881714523,68.11126913875341,6.790852714329958,5.159760468639433,4769.918714949557,0.000332085612108607,0.7326531206447392,1,0
37.65442268922925,84.58918825723231,52.49723304063082,10.54988969117403,3.698085273616016,4705.265124730683,0.002593651881844617,0.7324183541181276,1,0
37.27044411469251,90.04256170243025,46.063596084713936,9.772803336381912,4.369451724458486,4716.338588653342,0.0016998675211719978,0.7324758018165717,1,0
25.020990925841033,72.35536588355899,74.19704228639603,7.579813610762358,3.2188270003534853,4761.851633850145,0.00141001899215832,0.7326673740273537,1,0
30.741481240838766,100.83395921625197,52.762919403612614,11.523300033062696,3.8233243343420327,4656.0560506916645,0.0009340761501236177,0.7325071156335738,1,0
35.359474895522,83.34207664243877,67.1461195871234,6.192626774311066,5.0128544815815985,4778.4675199775875,0.0013257617551777328,0.7326853297597331,1,0
33.65313124842942,108.88728852383792,79.71005778759718,7.356795866042376,5.29096032679081,4756.81679811326,0.0005052903523546583,0.7326061875261325,1,0
28.90376377850771,78.13852139748633,40.34546557813883,11.12081978470087,4.101497309282422,4695.227648442811,0.0018339335197689896,0.732408828597046,1,0
27.063729180954397,94.87322954460979,61.44815802574158,8.688347585499287,3.4973424039781094,4736.415936408067,0.0007161068622119151,0.7324838727900955,1,0
39.181808778084815,63.92915066331625,58.333964720368385,9.402577925473452,4.647900594398379,4754.662963004606,0.00760860443899665,0.7331800297306192,1,0
38.7157017737627,100.38001531735063,64.27896771579981,10.608830340206623,3.115056289359927,4685.604221677369,0.0011047165396418685,0.7326999727958696,1,0
28.465505549684167,80.3475322574377,56.16233479231596,6.919407773762941,4.421930845826864,4774.028305435158,0.0011308293303142808,0.7324371845887188,1,0
30.303272367455065,86.26830688677728,76.87680669128895,9.373952586203814,5.067778008058667,4724.478556141494,0.001275305562796072,0.7324804214705092,1,0
33.1856290763244,66.4311355818063,42.509771287441254,8.540987111628056,3.721997991204262,4752.890840415102,0.00452181654414875,0.7333703035052651,1,0
34.89150836598128,93.81504346616566,50.55222690105438,8.197123032063246,4.068548823241144,4747.153802306782,0.001073984930436504,0.732490757063954,1,0
32.1414550812915,62.283489471301436,69.93786670267582,10.456113517284393,5.4142617103643715,4729.688261300495,0.006065241346572245,0.7335405612442103,1,0
26.42230181954801,104.89940442144871,48.26696436852217,6.537440925836563,4.7687587649561465,4774.53217577311,0.00032423046102846075,0.7326794711412767,1,0
36.80480169132352,73.17253718152642,71.4028537645936,11.75249720737338,3.46195074217394,4691.545005195019,0.005140041623897282,0.7323334057245666,1,0
36.41110748518258,106.04815156199038,57.47971806675196,8.985643073916435,4.927840621210635,4721.006342964874,0.0008065233421632993,0.7327434964161078,1,0
26.145830038003623,75.10559800080955,63.093382231891155,9.679502572864294,3.9299514768645167,4727.444183437603,0.0016622718792435201,0.7324236828210144,1,0
31.68916715309024,91.83954451233149,43.866333439946175,7.223427649587393,3.284290541894734,4763.87372407905,0.0008316313305777339,0.7326921481200805,1,0
34.55644275061786,61.092304196208715,75.73024362325668,11.054970636963844,4.3213992631062865,4730.931786742651,0.007264145038114873,0.7336844394649674,1,0
32.52829168923199,86.63026666268706,68.62589061260223,11.401786509901285,4.5995149477384984,4678.075965807026,0.001617218986660605,0.732468095608576,1,0
29.7630999609828,69.13990903645754,51.742170825600624,6.138357661664486,3.5624918336980045,4779.405479483338,0.0019380104946658285,0.7328387813265953,1,0
27.86676177289337,97.61621522717178,70.05185168236494,10.058516018092632,4.20849579339847,4695.881743832159,0.0008262273225848198,0.7327314828768542,1,0
38.23412331286818,79.93054584600031,49.41773299127817,7.844880793243647,5.206298734527081,4756.39890614497,0.0026005588040476793,0.7324881208124285,1,0
39.63408946990967,96.84977754019201,72.88266308605671,6.638538233935833,3.650418426375836,4773.915123332153,0.0010083231544053477,0.7326905617098849,1,0
27.398801976814866,65.12138498015702,47.2461012005806,11.827182624489069,5.1170577383600175,4683.719732325834,0.0038492175960361894,0.7341462672004436,1,1
29.297450915910304,107.73806454613805,65.79263780266047,7.885134760290384,4.513060748111457,4747.021588802012,0.0004863469738698105,0.7324958325074569,1,0
33.9296101545915,76.204983741045,53.9064783975482,10.217322014272213,3.0072018965147436,4715.367638243308,0.002768471260177807,0.7328204145586134,1,0
35.958211491815746,103.59690099954605,41.655639223754406,9.050198312848806,3.3537428891286254,4723.0133944070885,0.0008017147621219789,0.7326689266114536,1,0
31.223066938109696,83.7582047469914,78.52199260145426,8.290521159768105,4.85951613355428,4747.195654583055,0.0013620327979782835,0.7326487147439619,1,0
25.67832118831575,89.68126949854195,59.683088064193726,10.721599146723747,5.463856744579971,4687.345450432268,0.0009747930418511647,0.7326974620671731,1,0
37.810623589903116,69.64726000092924,60.29919184744358,7.005856242030859,3.997303635813296,4768.346514613114,0.004061631202043331,0.7332614761286816,1,0
37.849765862338245,104.35249990783632,42.3604903742671,11.014971312135458,5.328176109585911,4666.103881542783,0.0010609096319247715,0.7327202448371716,1,0
25.614473787136376,73.57935448177159,77.97461215406656,7.274966910481453,4.134817108977586,4768.557141713298,0.0013803595379762324,0.7324396799239098,1,0
31.31987332366407,93.56110015884042,58.825191259384155,9.71858762204647,3.5280333035625517,4709.797069248796,0.0009823007938451187,0.7327210032792257,1,0
35.95202820375562,62.59264297783375,60.68955935537815,8.934649016708136,4.682172168511897,4756.462109128948,0.006455910440052224,0.7333240802243093,1,0
33.996203914284706,85.10479800403118,73.7408459931612,7.801950506865978,4.335630575194955,4759.358393987582,0.0014371888573014734,0.7324472708951926,1,0
29.261055001989007,67.44195664301515,46.857888996601105,10.112989101558924,3.181577317416668,4723.884658291384,0.00323253756191422,0.7334076055456555,1,0
27.409563125111163,99.11885474808514,65.08872125297785,6.180371169000864,3.7880186941474676,4781.515764860518,0.0004210679994087222,0.7325493209546249,1,0
39.54186094459146,81.65132663212717,54.455365650355816,11.347866855561733,4.981291491538286,4681.212971424582,0.004446775942427015,0.7329379792298214,1,0
38.1368522066623,95.24948158301413,67.92441546916962,10.163587097078562,4.03106589987874,4702.338480824469,0.0014134117658200218,0.7326747406513611,1,0
27.871579118072987,63.69357313029468,52.28861667215824,7.927338324487209,5.380675068125129,4751.630231454347,0.002907120202667154,0.7335078390467474,1,0
29.725323631428182,109.36118926852942,70.91247599571943,11.88182895630598,4.737114302814007,4631.2674585245995,0.0007982715502296236,0.732521345116245,1,0
32.59260381106287,77.6099675707519,49.02707938104868,6.595786605030298,3.4267253074795008,4778.58757844176,0.0016020224038625457,0.7324535090687402,1,0
34.54887904692441,102.16831428930163,56.61937985569239,6.9550551027059555,3.1486102235503495,4771.65457142186,0.000627481661213678,0.7324589055129921,1,0
31.783691900782287,82.16020952910185,63.486191146075726,10.760871794074774,4.458913611713797,4698.572527706407,0.0018149482389732791,0.7324398963932788,1,0
26.076940055936575,91.08395258896053,44.56874318420887,8.342241939157248,5.102130160201341,4739.7012051866295,0.0007065791806552977,0.7327212818249368,1,0
36.44430595450103,71.27115958370268,75.18530458211899,9.01037509739399,3.752607195172459,4741.367239293648,0.004763226950251711,0.7334234970450678,1,0
36.75376452039927,88.32101630046964,50.94433009624481,6.243427913635969,4.632911111228168,4783.127034320715,0.0011795996900608007,0.7324633352281342,1,0
26.503565502353013,70.85501313209534,69.07823421061039,11.48402738571167,3.5996312433853745,4688.292089559663,0.00224494137818303,0.7329798214191421,1,0
32.034556632861495,102.52962409518659,47.72181551903486,7.528092831373215,4.242690994404256,4757.566988656603,0.0006204291611918606,0.7325405037922739,1,0
34.91691077128053,84.86830917187035,72.1054733172059,9.812626551836729,5.237065997906029,4716.549622874588,0.0018666304323217162,0.7326254853602797,1,0
33.107111752033234,107.38465887494385,64.82505116611719,9.456312842667103,4.890514574479312,4705.421707386101,0.0007130707317947563,0.7327233508490243,1,0
30.357055896893144,76.41772701404989,55.46122204512358,8.646144021302462,3.896206700708717,4745.580619807596,0.0018819026600199941,0.7324692515057589,1,0
28.44468100462109,96.3987110555172,76.48498959839344,11.066173452883959,3.252803924959153,4674.272677697514,0.0008957790507099387,0.7325060668581943,1,0
38.82717808242887,65.62709243968129,43.37155908346176,7.39954749494791,4.286017259117216,4771.629993460727,0.00542312329846554,0.7331724733188812,1,0
39.29098908789456,98.7568773701787,79.32068210095167,8.583917398005724,3.320079883094877,4736.220383396148,0.001067835535744242,0.7326963000365763,1,0
27.04153846949339,78.94255941733718,41.204811967909336,9.319479502737522,4.822109583299607,4732.178484227273,0.0014356967765675355,0.7324160938829274,1,0
28.951589255593717,87.86859259940684,61.99668288230896,6.877394266426563,5.428707682993263,4770.192782020849,0.000757721704682511,0.7326656840082146,1,0
33.56958570424467,67.85896140150726,57.630410566926,10.662749994546175,3.9655828098766506,4720.723591591749,0.005291781383861314,0.7334920036022119,1,0
35.378919248469174,92.41234752349555,45.51600582897663,11.792496532201767,3.6874775560572743,4659.315853082526,0.0014673700813050662,0.7327085626703903,1,0
30.62955457251519,60.65960050560534,74.90210324525833,6.485901664942503,5.1505352994427085,4776.298199096983,0.003077108279683588,0.733086157662027,1,0
25.09995860978961,106.32798125967383,53.15258119255304,10.417028468102217,4.543593578971922,4682.907756032303,0.0006508462010564584,0.7326030161331248,1,0
37.218040777370334,74.77054599672556,66.28892850130796,8.248117089271545,3.041630412451923,4750.61258761093,0.0035997085659933504,0.7332056293439553,1,0
37.54433400463313,94.29328300990164,70.16244933009148,7.4343167915940285,5.021633528638631,4758.141800799551,0.001126368787096032,0.7326998275692985,1,0
25.41905273217708,61.76385189406574,49.54643152654171,11.218897003680468,3.8331622392870486,4708.676952445005,0.0036295981476575424,0.7338333805400581,1,0
31.006203955039382,105.18157746642828,68.50247588008642,8.774657595902681,3.2291211602278054,4725.706157397126,0.0006198283753744071,0.7327057068081945,1,0
35.76301807537675,72.84745810553432,51.63605559617281,9.515303559601307,4.378382409457117,4729.547201891696,0.0044936871260631865,0.733289045818042,1,0
33.720269203186035,99.84989328309894,44.04313523322344,9.84744305536151,4.656516268849373,4705.412574722611,0.0009528058925322825,0.7325029692835653,1,0
29.094844991341233,80.8213908597827,75.9293806180358,7.680772036314011,3.5073412228375673,4761.673493422533,0.0012550434898751432,0.7324520471850718,1,0
27.12539090309292,85.93425731174648,57.26568512618542,11.612588167190552,4.111649628728628,4671.055754214245,0.0012751830268741607,0.7324884371475794,1,0
39.38206186052412,66.71044164337218,62.90218010544777,6.30237428471446,5.300035310909152,4775.9148950547315,0.0036156583642183012,0.7332500325218183,1,0
38.91091917641461,108.62929112277925,59.47637941688299,8.096118807792664,3.712302280589938,4745.592502592786,0.0007352376374565266,0.7324803283487791,1,0
28.535864166915417,78.43904335983098,60.110431201756,10.381519597023726,5.057023402303457,4708.253286675101,0.001757329702917565,0.7324330917650641,1,0
30.507629006169736,94.42069152370095,41.839765161275864,6.427647661417723,4.411332683637738,4776.297223206226,0.0006352095430915118,0.7326893844139702,1,0
33.250478827394545,64.42575700581074,78.72357092797756,11.663254827260971,3.1058215647935867,4716.226265469749,0.005013115992255622,0.7323709514998432,1,0
35.293677751906216,90.35243563354015,65.67166440188885,10.510798919945955,3.4524206765927374,4698.154589219271,0.001414681764303951,0.7326610026504928,1,0
32.418537023477256,72.10061693564057,53.80768731236458,6.841841049492359,4.7578455922193825,4768.199499914371,0.0021951498330032232,0.7328345305358545,1,0
26.82997716590762,101.33837972767651,72.99570221453905,9.261272706091404,5.403803041670471,4717.399597825324,0.0006110283910407015,0.7324838902458417,1,0
37.072741044685245,82.89124927483499,47.38212402909994,8.454631347209215,4.059167527128011,4745.437671106402,0.002221433416987373,0.732642996760145,1,0
36.587494160048664,103.26304513961077,61.266149543225765,11.312317930161953,4.311707110144198,4658.476644268949,0.0010436838273263616,0.7327193202254881,1,0
26.22757759410888,84.03770452365279,58.13019324094057,6.028424385935068,3.273539531044662,4785.363309236281,0.0006962514842873228,0.7324806017004448,1,0
31.874696305021644,89.1513352189213,79.91831168532372,9.983695898205042,3.9193497197702527,4708.445941281222,0.0012546159482817224,0.7326895479151698,1,0
34.63268445804715,70.12130635790527,40.53275786340237,7.743736557662487,4.918602338992059,4758.636769538772,0.0034851258309249187,0.7330620743374793,1,0
32.91174478828907,97.13175090961158,52.646542713046074,8.899147298187017,5.196765111293644,4726.485814693157,0.0009027303913453338,0.7327080949780863,1,0
30.051685282960534,64.79610622860491,67.01351121068001,9.566596493124962,4.197579025756568,4736.11516202293,0.004282724667243045,0.7334131525680335,1,0
28.255724073387682,108.21612229570746,46.1818041279912,7.145720914006233,3.5520367599092424,4761.012362356632,0.0004091627440535191,0.7326994429163183,1,0
38.51356906350702,75.68516436964273,74.29852303117514,10.956713017076254,4.5901372092776,4699.310893940088,0.005739843281814583,0.7334398707575304,1,0
39.925895454362035,87.13488088920712,48.392496556043625,9.16305859386921,3.015979732852429,4731.554589202877,0.002182929001378072,0.7326499578843945,1,0
27.786391265690327,68.68927538394928,71.5067758411169,8.377062734216452,4.5228974795900285,4749.670464016964,0.0024361419248951914,0.7327953054098663,1,0
29.580084695480764,97.92627691291273,50.44317450374365,10.819811012595892,5.127353071700782,4678.748799372123,0.0009239653656669982,0.7325086727610127,1,0
34.32267601136118,79.67598465271294,69.80769980698824,7.083608731627464,3.6593503220938146,4769.583565275801,0.0017433350464522736,0.7326440152496716,1,0
36.04315110016614,105.59541386552155,77.08750206977129,6.74851730838418,4.005920520983636,4774.777347427116,0.0006157122416065475,0.7324953084697523,1,0
31.403561192564666,75.60200466774404,42.7043878659606,11.916605405509472,5.473856736905873,4677.035324888537,0.0027865470180406565,0.7325700224048748,1,0
25.75777953490615,91.58136531710625,64.09940056502819,7.98632474988699,4.869667279534042,4748.234422300039,0.0006480969028380577,0.7327039651680687,1,0
38.00028490833938,61.3926443643868,55.96588745713234,10.292096380144358,3.362816662527621,4750.97514573717,0.006995018241526756,0.7333610520188393,1,0
38.067755149677396,86.42206847667694,63.200920559465885,8.394139554351568,3.85051441565156,4749.838406351903,0.001891397617452281,0.7324280538988488,1,0
25.83225917071104,66.60772668197751,56.31749343127012,9.134098514914513,5.004567449912429,4736.953718708543,0.002522499004907647,0.7329644733258656,1,0
31.537650017999113,100.53301480598748,75.48599131405354,7.065523579716682,4.40022624284029,4764.178685795845,0.0005966679382529564,0.7327265223132714,1,0
36.17005886975676,80.52335976622999,44.85277205705643,10.849416073411703,3.2069530729204416,4698.001847793284,0.0028245539383120553,0.7327916464932024,1,0
34.24353301990777,104.6983517613262,51.96658730506897,11.982114873826504,3.485411558765918,4634.521810962904,0.0009054053047011706,0.7327266632257152,1,1
29.508122983388603,72.94558090157807,67.58116044104099,6.671121720224619,4.678770186845213,4773.284130809112,0.0016637215306380961,0.7326839840308167,1,0
27.656650971621275,93.61475439742208,49.369092993438244,10.228693876415491,5.282768965233117,4696.519799797454,0.0008999338356327066,0.7326942227577278,1,0
39.78914554230869,62.05729529261589,71.23330537229776,8.061244301497936,4.128629876766354,4773.632031770495,0.006915573664422404,0.7329691935346453,1,0
38.38760531973094,100.65583115443587,46.53340049088001,6.058206830173731,5.039976550731808,4784.410778682671,0.0007344297448903373,0.7324877792482484,1,0
28.122521829791367,83.18985182791948,73.40005248785019,11.294410161674023,3.7296733860857785,4684.930270851521,0.0013977221669585823,0.7324432031139482,1,0
29.976318841800094,89.86519592814147,54.7949555888772,7.714965306222439,3.083672406617552,4759.847402751257,0.0008482678627315821,0.7324577346041252,1,0
32.84333074465394,72.20390484668314,65.41197191923857,10.000961545854807,4.433195744175464,4720.741307469426,0.0036227948861563106,0.7331300346382911,1,0
34.77032095193863,95.09864867664874,77.69180100411177,9.64169342815876,4.780080581083894,4716.324194077963,0.0011516527924691638,0.7324640995159117,1,0
32.00538062490523,64.13174065761268,42.056142129004,8.835922177881002,3.430471785366535,4751.377096814586,0.004696999015923819,0.7333664104999328,1,0
26.298595503903925,109.11194387823343,60.992669463157654,10.879506256431341,4.076128548011184,4664.545643557934,0.0009036722317362331,0.7325619827504577,1,0
36.665750346146524,78.34034910425544,59.10679914057255,7.2114192098379135,5.386517766863108,4762.962332044328,0.00219056358280999,0.7326956742861793,1,0
37.00082224793732,107.9146667290479,74.59731765091419,10.353183221071959,3.2956313244067132,4682.8747415921425,0.0007975456941860735,0.7327047565690178,1,0
26.75087708979845,76.35873443447053,45.233634412288666,8.11253759264946,4.289939570706338,4754.85000657793,0.0014457845270013955,0.7324298063963897,1,0
32.28185863699764,97.02561743557453,66.57005820423365,11.693517923355103,4.935439535882324,4651.080926967392,0.0011394274589325852,0.7327396749036803,1,1
35.164008983410895,65.27437189593911,53.456167094409466,6.408938806504011,3.902226425241679,4777.166306206063,0.0036324857012674377,0.7331846717272643,1,0
33.3249155478552,89.45432448759675,40.86323540657759,6.765252269804478,4.1806750716641545,4772.353425963764,0.0010061756978244775,0.7326759111899752,1,0
30.575056332163513,69.44619588553905,78.99697426706553,10.575467247515917,5.213955163024366,4705.805252466758,0.0036091446910946822,0.7334539549947126,1,0
28.662700410932302,103.37071976624429,57.95291841030121,8.530392039567232,4.568112173117697,4730.95175969309,0.0005937243983642072,0.732702679074871,1,0
39.044936476275325,83.55790291912854,62.33701802790165,9.197063393890858,3.573737542144954,4733.80354454591,0.0027798028844003867,0.7324752308774588,1,0
39.51267465483397,91.68730880133808,55.11722419410944,11.200376976281404,4.501110712997615,4678.593669524916,0.0021445727645004677,0.732660782682069,1,0
27.262955871410668,60.91418721713126,64.50376700609922,7.464768715202808,3.0380525970831513,4771.286427051744,0.003080949234407186,0.7330353865444034,1,0
29.173058262094855,105.89667795225978,43.691605404019356,9.531899727880955,3.642208098433912,4703.484673216982,0.0006523216329312697,0.7327372754954976,1,0
33.79124419763684,74.92824461311102,76.82778388261795,8.746498603373766,5.144171041436493,4741.863892657894,0.0027873798026656783,0.7326316644687372,1,0
35.629887357354164,97.81879376620054,68.77586960792542,7.616751551628113,5.491065717767924,4756.069695071282,0.0008745112495152226,0.7324939847493744,1,0
30.88031173683703,80.15597624704242,50.65953530371189,9.923392575234175,3.989035794045776,4717.286863212052,0.0017479793148192084,0.732635262930053,1,0
25.350681603886187,86.8320816103369,72.38906484097242,6.3672199957072735,3.3845366719178855,4781.309942570815,0.0006097285636216788,0.7324725652694206,1,0
37.46901047881693,69.36457733623683,48.02294198423624,11.536176770925522,4.847661172505468,4704.5288757447415,0.006776161385285359,0.7324629089611292,1,0
37.32656669802964,99.80006640776992,54.1291194409132,9.349748320877552,4.1567658465355635,4718.085921941048,0.0010409473802725539,0.7326780882888551,1,0
25.201017148792744,81.35443706065416,66.01551428437233,8.56521426513791,5.305941265076399,4740.745386363822,0.0010001817050495168,0.7326771544462091,1,0
30.788219585083425,85.59070545248687,47.03947741538286,10.63440789654851,4.69945758767426,4695.410412153388,0.0014755684965919971,0.7326640344073451,1,0
35.54522330407053,67.34038935042918,72.67550822347403,6.893807329237461,3.511072129011154,4775.482485807051,0.003841350188983224,0.7329926206373013,1,0
33.473190744407475,92.8814244363457,60.39507832378149,6.561668079346418,3.1642060675658286,4776.056579496497,0.0008075693973840859,0.7326746688366469,1,0
28.847555476240814,62.88799139671028,59.7788916900754,11.72829294204712,4.352677580434829,4704.970156843618,0.004981672917247795,0.7325414980513314,1,0
26.87806671485305,103.86813286691904,78.42229649424553,8.171522587537766,4.959428584668785,4740.279830048041,0.0004877287244924921,0.7326777589072314,1,0
39.13498449139297,73.67938807234168,41.55632160604,10.48169107362628,3.8101677079685032,4720.644374812489,0.006442456516995144,0.733360147861918,1,0
38.65992977749556,90.5978536605835,76.2116040661931,11.500629276037216,5.358421005774289,4670.20772781695,0.002151998576479091,0.7326485065400129,1,0
28.28512873966247,71.37253688648343,44.34806879609823,6.215274643152952,4.052995717618614,4781.163807980782,0.0015905307352363902,0.7325065421019933,1,0
30.256884386762977,101.48691263981164,62.598446533083916,9.794100802391768,3.40974521311,4701.332572583078,0.0007516661331766862,0.7327215497393104,1,0
32.9995303042233,82.45690762065351,56.984703093767166,7.558539032936096,4.754380504135042,4760.774234389778,0.0015005560101634657,0.7326384206051767,1,0
35.07202811539173,109.84574629925191,49.87028703093529,8.710995454341173,4.475979536771774,4726.316637556929,0.0006688327251191385,0.7325530360226495,1,0
32.197084138169885,77.51012546010315,70.5038782209158,9.379907168447971,3.1312581915408373,4730.013543109314,0.001970088673787575,0.7327031239342693,1,0
26.608543754555285,95.9293487854302,51.295868419110775,7.335521288216114,3.7747754268348217,4761.4811936689675,0.0005607915328599122,0.7325119962602563,1,0
36.85104650910944,63.39841470122337,68.17982006818056,11.142117250710726,5.080286173149943,4726.043238036508,0.007763849049394435,0.7337410302302885,1,0
36.3402006495744,96.29448260180652,43.045338578522205,7.909247450530529,3.6165161239914596,4753.193609179019,0.0009864414554383682,0.7324863937959046,1,0
25.980473570525646,66.10421099700034,77.41183336824179,10.193186435848475,4.615701986011118,4717.286444791599,0.002874806547486937,0.7332790849782443,1,0
31.62764438893646,107.08511410281062,55.64279429614544,6.612869147211313,5.259071960579604,4772.651929790183,0.00041145034331611626,0.7326216966982858,1,0
34.38536437693983,77.0901557430625,63.75965312123299,11.852874599397182,4.220971138682216,4677.492222322967,0.0035418202484602504,0.7328628716306466,1,0
32.69373387563974,102.63844024389982,71.81096658110619,10.697463568300009,3.874133980832994,4679.929711502471,0.0008900171264369008,0.7324973191160359,1,0
29.833921077661216,84.38659770414233,48.67546521127224,7.029968932271004,4.9123011874035,4769.5503530554415,0.0010149929498628092,0.7324819459397203,1,0
28.037926089018583,88.62515323795378,69.52593471854925,9.07589028775692,4.269199135713279,4730.369936622135,0.0009993946388993672,0.7324870501385268,1,0
38.29556013457477,70.17799894325435,50.14022160321474,8.264852073043585,3.269946292974055,4761.033279968606,0.004962038008054773,0.7330406710668627,1,0
39.70443136524409,106.62809749133885,67.31524042785168,7.246189936995506,4.804919675923884,4762.379428027473,0.0007605954798369625,0.7325343174227035,1,0
27.564723384566605,74.09869021736085,52.93197050690651,11.032231237739325,3.3369836835190654,4698.951118758501,0.0018955410774849242,0.7326886316588266,1,0
29.358408516272902,92.51714892685413,74.01433665305376,8.964437182992697,3.943881873972714,4730.928037917554,0.0009108497838399195,0.7324968055368308,1,0
34.10125369206071,60.18305340781808,45.88127490133047,9.700685575604439,5.450732863508165,4746.332217359075,0.006696250957958809,0.7335015811023735,1,0
35.79243302345276,87.56388271227479,58.473605774343014,10.035776618868113,5.1723029925487936,4710.99759640619,0.0017537503174643962,0.7324602148284095,1,0
31.15258210338652,68.53540413081646,61.58802140504122,7.86764308065176,3.665385618340224,4755.410909155518,0.002973243039703999,0.7332653302051894,1,0
25.50682081375271,98.64748976193368,40.21208569407463,11.42296951264143,3.0587535626254976,4660.715549873123,0.0008675428350986849,0.7326620843689411,1,0
37.74952282663435,79.4236979354173,79.57614086568356,6.1171517707407475,4.5267565357498825,4780.004688076161,0.0018836531667131221,0.7326730052559026,1,0
