specimen,R_mm,H_mm,twist_deg,strut_d_mm,cable_d_mm,feasible,issues,crutch_F_peak_N,crutch_SEA_J_per_g,crutch_eta,lander_F_peak_N,lander_SEA_J_per_g,lander_eta
0,37.7587820077315,106.56830024905503,54.508703611791134,8.187300961464643,3.3498636675067246,1,,737.6053164305797,0.000333173938548058,0.966631782109346,4745.697954550175,0.0007297977189422028,0.7324569205658688
1,25.501292808912694,74.25556703470647,65.12327421456575,10.471983790397644,4.811533945146948,1,,738.4038868073936,0.0005087018677549337,0.9563819669639392,4707.514730568442,0.001772315573565183,0.7326399663397416
2,31.16182927042246,92.55501165986061,46.833085268735886,6.515905469655991,5.457536712754518,1,,737.1269036517242,0.00012724652661040556,0.9806377357090204,4778.652891469277,0.000683006881692618,0.7324557052223183
3,35.78689333982766,60.046966690570116,73.69729064404964,11.756631921976805,3.956646262202412,1,,736.7383602371891,0.0019770569841261383,0.9530214161415886,4726.522075675714,0.007529500671493879,0.7339346245184364
4,34.11029818467796,87.72439019754529,60.65514259040356,10.60051853209734,3.678102243691683,1,,738.0482377675971,0.0007070078073844278,0.950744340671569,4700.649546137164,0.0015341844867919315,0.7324446249894441
5,29.352952148765326,68.4731325507164,58.77171769738197,6.933767784386873,5.179078301414847,1,,736.8350382451349,0.00035892225855150835,0.9823828730379157,4768.44573749389,0.0021083247062813506,0.732887064188067
6,27.573784696869552,98.51502030156553,78.0183370783925,9.353928107768297,4.53341855853796,1,,738.1751757576018,0.00033627523820506285,0.9574032600110995,4716.287761809751,0.0007328984710004523,0.732500672458596
7,39.6989917056635,79.4590758997947,42.38512512296438,8.543610848486423,3.07166207768023,1,,736.8667990324135,0.0007055088551675522,0.9727939945977612,4745.394144264206,0.003920118863138343,0.7329762445708323
8,38.28642936423421,96.13397660665214,75.22903189063072,7.337269920855761,4.602785000577569,1,,737.2304571903825,0.0002557170285237772,0.9751894937669369,4761.561799174238,0.0010808075857312908,0.7326776848843857
9,28.043353399261832,66.16648406721652,44.59337554872036,11.122590221464634,3.609864853322506,1,,737.6925580516588,0.001017859602539929,0.9568940273553622,4702.00203545669,0.003494770468540587,0.7338276218644655
10,29.82477438170463,107.21758207306266,63.45177199691534,8.680545754730701,4.2142042722553015,1,,737.9410301352613,0.0002861075835632341,0.961068932288708,4725.188820185818,0.0005801310381371949,0.7327184518151573
11,32.69914537202567,77.05477628856897,56.565908677875996,9.416050303727388,5.246344555169344,1,,737.8201307290213,0.00048541906238871335,0.9641568848699664,4731.548927602008,0.0023610862174377216,0.7324465307449977
12,34.376190579496324,102.69823897629976,49.00227326899767,9.751857966184616,4.899545250926167,1,,738.6372803001923,0.0003857538492410285,0.9512587344819932,4705.768221038474,0.0008826530257145327,0.732499259252105
13,31.633200556971133,84.22972237691283,70.86892303079367,7.583003472536802,3.8673193608410656,1,,737.1166971616892,0.00031398173003591476,0.9766493462382257,4762.6140263950265,0.001254259022286446,0.732461755518099
14,25.97131268121302,88.58728901483119,52.34195701777935,11.514079492539167,3.2633235626854002,1,,737.7361743265576,0.0007290413284411505,0.9417530349386559,4667.795407765651,0.0010281760250739325,0.7327249834928425
15,36.34576939046383,70.3140841703862,67.95896604657173,6.207517862319946,4.25632991315797,1,,736.4802232529892,0.0005144791702796071,0.9856725659165175,4780.066358744521,0.0028343181655577196,0.7328397999370188
16,36.860307031311095,90.56285940110683,43.40534910559654,9.065284665673971,4.040077623911202,1,,737.8142979158351,0.00047805402066589836,0.9637099503671329,4734.000370699307,0.0014807730722068478,0.7324530298860431
17,26.603015302680433,71.50538856163621,76.53909049928188,8.281471565365791,5.35176847781986,1,,737.5201476293108,0.00030871713425129825,0.9738219597533391,4752.001877631911,0.0017898822238867917,0.7324867686188675
18,32.20633175224066,101.54956345446408,55.416903756558895,10.724961385130882,4.747614764608443,1,,738.5368232130064,0.0005324264686545151,0.9415327840714699,4676.029854307307,0.0009277788039395692,0.7327221714073556
19,35.06648709066212,82.29678086005151,64.8010103777051,6.985104706138372,3.397019083611667,1,,736.7244985663099,0.0003845392982703922,0.9810883429783935,4768.911030981372,0.0015423796219903932,0.7326795827709506
20,33.008576137945056,109.9814537819475,72.05154199153185,6.652205877006054,3.1185033819638193,1,,737.0706016149234,0.00017515996353969758,0.9776963744710757,4774.377430750534,0.00043461312674657226,0.7325606288183831
21,30.251427572220564,77.47188200242817,47.68785651773214,11.8195517398417,4.469166192691773,1,,738.43840599097,0.0008978269816939299,0.9426209527928734,4680.120702715265,0.002225106905010007,0.7324164288173447
22,28.29419049900025,95.77208826318383,69.1024111956358,7.887077573686838,5.073662334587425,1,,737.876092205271,0.0001449603649474774,0.9707262878142031,4750.407760487383,0.0006369593571201508,0.7325248566783038
23,38.65448877681047,63.45782972872257,50.98851278424263,10.197989903390408,3.7619049469940364,1,,736.682535475133,0.0016461434689797334,0.9643301076232487,4747.063023452256,0.007403426832860959,0.7334849018734433
24,39.12585327401757,99.6643633954227,66.31310310214758,11.404237870126963,5.318819991778582,1,,739.1804564683436,0.0006456405410031213,0.933355882447637,4665.85128773865,0.0013843289555732303,0.7324732686054074
25,26.883495366200805,81.3926849886775,53.19676626473665,6.11813934892416,4.163379007484764,1,,736.6946446080881,0.0001634714719452685,0.9852500953954931,4780.194389937641,0.0008300044930316848,0.7326921927104583
26,28.83840743917972,85.74796150438488,74.84817430377007,10.07268076390028,3.5178772541694343,1,,737.9194284918742,0.0006054147093965455,0.9565456666800447,4708.363092743272,0.001199032551323875,0.7326810219826375
27,33.47860268782824,67.28096985258162,45.48204444348812,7.836398039013147,4.712223102804273,1,,736.8875605032854,0.0006487655086378501,0.9777076933698312,4758.432300429166,0.003911057257777965,0.7332202310590222
28,35.53604905959219,92.91642316617072,57.58609466254711,8.989605411887169,4.365395481698215,1,,737.9720455593953,0.0003969007596130877,0.9631482646674849,4728.198116217175,0.001222738526816964,0.7327055679901023
29,30.793777094222605,62.755144191905856,61.972639709711075,9.657773282378912,3.1709825033321977,1,,736.9613136155083,0.0010295920464259024,0.9702535870109918,4746.065105835392,0.00465370398304899,0.7332263020248307
30,25.19185491837561,103.80547758191824,41.238599605858326,7.239102657884359,3.816828473471105,1,,737.3244066385176,0.00015644393792043913,0.9744131763894349,4760.694756348438,0.00040569279636606774,0.7327002205960005
31,37.3321358859539,73.83951036259532,79.3747853860259,11.044977620244026,4.972335991449654,1,,737.8607411721661,0.0010155903984693064,0.951517181555825,4696.754346937182,0.005587015941128516,0.7337887028871766
32,37.47441398445517,91.82321074418724,62.935967445373535,10.256231032311916,3.026517326477915,1,,737.6128037939458,0.0006468385530177573,0.9534078498054884,4705.147365550919,0.0014273870717435762,0.7324841741690739
33,25.341575085185468,60.876139709725976,57.31978811323643,8.016329292207956,4.493075352627784,1,,736.9779598739623,0.0005187447748011209,0.978855771278223,4758.602607652494,0.0030675935733370484,0.7332507663872047
34,30.8856987580657,105.7396044395864,75.88506441563368,11.971560034900904,5.136327645275742,1,,739.0738884116488,0.0006362878561182812,0.9227897848690263,4633.101853213384,0.0008945805242636997,0.7325272319115815
35,35.62076468952,74.98784516006708,44.01909176260233,6.687701873481274,3.6305596162565053,1,,736.562357663155,0.0004858576431185752,0.9835461803560228,4772.752228581449,0.0023763780063611544,0.7327991883328642
36,33.796833558008075,97.78360057622194,51.58212635666132,7.043301489204168,3.9773395489901304,1,,737.160838102184,0.00020335116889400132,0.9771833947259851,4770.457360699274,0.00075577547258121,0.7324556716157542
37,29.163851719349623,80.28863048180938,68.46851419657469,10.854260310530663,5.483193781226873,1,,738.85129686443,0.0004970502320640405,0.9489887539878237,4694.4141636405575,0.0017131963837617547,0.7326132203673238
38,27.26855758111924,86.89454988576472,49.5706058293581,8.433435514569283,4.83967356570065,1,,737.9171356523708,0.00021758894218449652,0.9689134561065486,4743.640865449781,0.0009389585763409854,0.7324829260677437
39,39.50348034966737,69.2042665462941,70.20663410425186,9.100827869027853,3.3730299323797226,1,,736.5876506084537,0.0011404474348245804,0.9714274394122795,4753.791046802967,0.006134069313135246,0.7330770183074767
40,39.039433393627405,107.94986140914261,47.40630071610212,10.916451171040535,4.3014354556798935,1,,738.4346214686874,0.0006133971709713904,0.9364285966738867,4669.176826013335,0.0009682846659742189,0.7325130939793054
41,28.671936010941863,76.2260816898197,73.03988460451365,7.1801219545304775,3.303627299144864,1,,736.7953242767347,0.00035041414686829884,0.9811377018828346,4768.5249278921665,0.0014290365744025072,0.7326379289790794
42,30.569540006108582,96.9631476700306,53.7537556886673,9.623013999313116,3.9101091884076595,1,,738.0664823415032,0.00046301057281981765,0.9558830712269293,4713.730541676429,0.000882969172386267,0.7324883226679754
43,33.33413801621646,65.43468119576573,65.6377051025629,8.836868986487389,4.9471273850649595,1,,737.0820069337976,0.0008032369636204108,0.9718432493194271,4746.634389969259,0.004887057733166662,0.7335118556904902
44,35.15852009411901,89.31842403486371,78.67925234138966,7.707827243953943,5.225614481139928,1,,737.4149584680717,0.00025816436085027746,0.9736130645236828,4754.791446500209,0.0012566146681697544,0.7326849667130523
45,32.2909369925037,69.48424488306046,41.815724074840546,10.01374726742506,4.188510081265122,1,,737.5170427034199,0.0008427243633734745,0.9635689703521536,4721.901088048544,0.0041950552057481326,0.7334548884315878
46,26.745403790846467,103.52779178880155,60.14422092586756,6.083335720002651,3.581762057263404,1,,736.8881301714653,9.849138783882788e-05,0.9823269275448082,4783.339822197018,0.00033885279323178766,0.7325273629983409
47,37.009915858507156,83.49830088205636,59.53048001974821,11.251548651605844,4.579655820969492,1,,738.3801297519409,0.0008447048387905106,0.9451658452768549,4686.641862503183,0.0028686192601977555,0.7324310004009262
48,36.67115251068026,100.81576121971011,74.35186307877302,8.484681643545628,3.7411705469712615,1,,737.756360797638,0.0003600685831150174,0.9654314385034597,4740.055855946931,0.0008994108256481033,0.7324714167990469
49,26.289489432238042,83.12700431793928,46.21635440737009,9.225361604243517,5.047973652370274,1,,738.2777083322845,0.0002722109388372403,0.9632036992590833,4726.566410702523,0.0011107140207679154,0.7326819613086206
50,32.010767199099064,89.73215947858989,66.98870480060577,6.781071413308382,4.441077250055969,1,,737.0072646274388,0.000193913028102065,0.9801144729647147,4773.950422140373,0.0009060167091375264,0.732478140243129
51,34.761199625208974,72.238714331761,52.602989450097084,10.565707750618458,3.095359147526324,1,,737.1933318225135,0.0009783311678548128,0.9601170768973992,4715.574071163517,0.004067944304800524,0.7333711208721516
52,32.848918763920665,95.0394303444773,40.49833841621876,11.697658371180296,3.4421298461966217,1,,738.2906693851376,0.000754071282744474,0.9345176546793872,4658.221368181986,0.0011090279058586824,0.7326969732938534
53,29.967112746089697,64.2891978751868,79.8648402094841,6.387386173009872,4.787914482410997,1,,736.5845634274062,0.0004182863437057447,0.9857526916451335,4772.726072142968,0.0025302498362017602,0.7332308915317667
54,28.128123092465103,109.15037211030722,58.17392025142908,10.31924307346344,5.394543557893485,1,,738.6799224316458,0.00035779576073723937,0.9423300657816472,4677.5296696632195,0.0006274690393015647,0.7327032374191788
55,38.37841235566884,78.20482639595866,61.29078160971403,8.152537386864424,4.087673322763294,1,,736.9746313652978,0.0006062123978767195,0.9742258459600537,4749.231188391734,0.003289167772866609,0.7328940257574406
56,39.783642906695604,86.48129127919674,56.00961208343506,6.33682107925415,4.993033306207508,1,,736.7473403056842,0.0003043940637379033,0.9824225413798562,4779.75663939182,0.0015380672498986076,0.7324771177893579
57,27.665885230526328,66.45027393475175,64.12403501570225,11.572280567139387,3.8424803311936557,1,,737.8698060951616,0.0010618013679349158,0.9523927673489064,4691.788971188542,0.00344880002112013,0.7338906216396566
58,29.50260799843818,100.49458210356534,42.66997080296278,7.618539523333311,3.1991085684858263,1,,737.3371946234586,0.00025837881958314915,0.9725434938595773,4757.802606225242,0.0005716385194957281,0.7324784164300633
59,34.252755041234195,80.6588780041784,77.03402820974588,9.903814762830734,4.388576503377408,1,,737.9705701666838,0.0006215352767679879,0.9597368843552924,4717.673067821381,0.002310117349565516,0.7326379868769237
60,36.16457042749971,104.53842616640031,69.7828957810998,9.54530917480588,4.667072833515704,1,,738.5205958981251,0.0003889267240021808,0.9530629090855631,4706.80500031084,0.0008865088702106948,0.7327208179914774
61,31.546727032400668,73.00843288190663,50.39961885660887,8.738794036209583,3.4775383649393916,1,,737.1484766891652,0.0006166699279103216,0.9724776022521782,4745.122780467073,0.002495648583074064,0.7327023730989347
62,25.826787212863564,93.7477863766253,71.560113504529,11.15808192640543,4.120643396861851,1,,737.8971772232446,0.0006332354733990819,0.9423090068695101,4671.888788102516,0.0009486877345228941,0.7326971739568128
63,38.076848313212395,62.022481337189674,48.42704921960831,7.489273924380541,5.271263501606882,1,,736.7127217749656,0.0009129735326688586,0.9791327297157886,4773.804718607496,0.005358269171763314,0.7330094591531301
64,38.00584504380822,86.99917191639543,71.20849926024675,11.591088127344847,4.510141426697373,1,,738.4001259920274,0.0008782859545605501,0.9396868975771703,4675.043408134049,0.0025971533238322003,0.7324918652874829
65,25.748602664098144,68.72751735150814,49.32554002851248,6.306450694799423,3.009165145456791,1,,736.4666286709651,0.00033928904563432086,0.9868370365574726,4777.243325145593,0.0015040018163788094,0.7327797769146756
66,31.4091331185773,98.0835389252752,67.6345007866621,9.88748323917389,3.652727698907256,1,,737.9906671124836,0.0005192615257605012,0.9531202188098735,4703.430168803268,0.0008825230780725934,0.7327022703651422
67,36.03398613166064,79.61657111532986,52.001137882471085,7.646802943199873,5.114483807235956,1,,737.10651702223,0.0004047081315876801,0.9760518486140859,4758.592748117375,0.002138593182904765,0.732652274863797
68,34.3281072890386,105.63041855581105,44.89649936556816,8.802916087210178,5.460939867887646,1,,738.5706333261471,0.0002176486379059716,0.9594507861401904,4724.195507709559,0.0007117795913489207,0.732772986533582
69,29.570950851775706,75.4691634234041,75.51062367856503,9.469621438533068,3.9992692177183926,1,,737.6852897659537,0.0005585969822418626,0.9657161114049669,4728.730087892113,0.0020200181883989767,0.7326837402451295
70,27.791805947199464,91.51870407164097,56.28307428210974,7.424506891518831,3.35604968899861,1,,737.1914491025556,0.0002406720415639118,0.9761234093205707,4762.345041139252,0.0007007189386137581,0.7324932628405536
71,39.91674467921257,61.55276069417596,63.147449381649494,11.234777994453907,4.856939916033298,1,,736.7059168883264,0.0021536341915098203,0.953165714525177,4733.836177071688,0.009311499089617755,0.7339233781351373
72,38.50810962263495,103.22804491966963,59.072382375597954,9.25343619659543,3.2862561983056366,1,,737.8117877686882,0.00047027564235928364,0.9579131291087736,4718.01665929897,0.0008846864015812394,0.7326856221199627
73,28.2647725334391,84.1705502383411,60.93919590115547,8.468161292374134,4.318482311908156,1,,737.6643280485794,0.00029377497910807273,0.9700888613754883,4744.044024546472,0.0011247253835895803,0.7326584501333614
74,30.04624154418707,89.21399199403822,42.099867053329945,10.535159982740879,4.925264329183847,1,,738.6588289591507,0.0004998649651260416,0.9490846991151471,4694.9856323460435,0.0012362231997726186,0.7324987826281221
75,32.92080928571522,69.96118555776775,77.71643575280905,6.79970159009099,3.932258351240307,1,,736.6085352404481,0.0005106676307771003,0.9834780964184708,4771.40573633919,0.0026679898606406225,0.7330019332209018
76,34.62715337984264,97.26746435277164,65.46530988067389,6.463893413543701,4.210458967834711,1,,736.9244086640597,0.0001736495411509179,0.9809037634338988,4776.900979252177,0.0007452855990495921,0.7326710746599148
77,31.88395945355296,64.75786873139441,54.82950855046511,11.632702510803938,5.203379487618804,1,,737.9491010483292,0.0011450157434983888,0.9501402647801579,4700.570656568571,0.005901897786861456,0.7340005130145921
78,26.2220338312909,108.05885581299663,73.37524875998497,8.07667226716876,4.596941091120243,1,,737.8114115768633,0.00017658177080330569,0.9661535952892506,4742.909983875821,0.0004366262612397666,0.7324848847529235
79,36.596744512207806,75.74457343667746,46.489845141768456,10.383187741041183,3.5648010317236185,1,,737.4128650491118,0.000930554024223683,0.9592887130457091,4711.460969521067,0.004537570127156466,0.7332572009740456
80,37.07830162718892,108.46879108808935,62.29270212352276,7.1506041549146175,5.069741196464747,1,,737.5685259324999,0.00014279352981755997,0.9734587764503958,4761.980675978248,0.0006065263375397906,0.7326601645466119
81,26.82079895399511,78.50132239051163,57.92887523770332,10.934463366866112,3.719078758265823,1,,737.9950201240229,0.0007582815923685757,0.9518219879995521,4693.820791677376,0.0015546112432438637,0.7326443149972526
82,32.4241102905944,94.55315353348851,79.03076190501451,8.865927770733833,3.1124824467115104,1,,737.6295554265112,0.0004385959061549363,0.9644134545072748,4732.795425874287,0.0008822585049724177,0.732498826984424
83,35.28451233636588,64.39037159085274,40.91733869165182,9.605829890817404,4.424240057822317,1,,736.9946521163344,0.0011377646123341902,0.9676348334259195,4745.459952449084,0.006401708934760181,0.7332601052573403
84,33.2559105521068,90.41222840547562,53.48034169524908,9.938729010522366,4.770724426023662,1,,738.4779225819854,0.00046196910250646085,0.9546823834812078,4710.1553325289315,0.0013167447684151988,0.7324891128951625
85,30.49849382136017,71.9437356479466,66.61424327641726,7.7713370360434055,3.459033795632422,1,,736.8520874941833,0.0005069987399879296,0.9786473349097116,4757.394991546295,0.0022077068553522892,0.7328669647177688
86,28.54128018952906,101.30052146501839,45.1797054708004,11.328856978565454,4.065972535870969,1,,738.5087836110038,0.0006317633310047399,0.9350065725598121,4655.323458607401,0.0008693868788331669,0.7327528414552595
87,38.90176795423031,83.02734046243131,74.56335626542568,6.017899207770824,5.416568589396775,1,,736.6682964605263,0.00028694599153405114,0.9842632858712924,4784.327464117763,0.0015398392538955154,0.7324527517098637
88,39.37660107854754,94.2334917280823,47.96901065856218,7.9989678002893925,3.8204074623063207,1,,737.3496525665918,0.0003864541359252827,0.9715242432390033,4754.159774970856,0.0013173561712229343,0.7324610480523485
89,27.134439810179174,61.920734671875834,72.3551058396697,10.28511243313551,5.014820068143308,1,,737.7181382117594,0.0007557514857942163,0.9629932245436085,4723.367383712959,0.004122432421814898,0.7337750207564755
90,29.089400805532932,105.21943423897028,50.6837122887373,6.705525241792202,4.371758528985083,1,,737.2854605270636,0.00010342105130335212,0.9777222847126401,4772.3064331046435,0.00040840219435974736,0.7325450161479151
91,33.729335041716695,72.71136542782187,68.82005229592323,11.941853407770395,3.216250787489116,1,,737.5478901370154,0.0011063454621385513,0.9468222572921258,4680.162699056637,0.0038188198510873995,0.7338061834537748
92,35.75748565606773,100.01039480790496,76.86157390475273,10.788646414875984,3.4944230965338647,1,,738.0026647579623,0.0006421243132238715,0.942947656262827,4681.543051580217,0.0010075128515287838,0.7325001208996333
93,31.015467550605536,80.75911331921816,43.7457063049078,7.120432432740927,4.649863857310265,1,,737.0249478153476,0.0002675406477587957,0.9795755938358559,4765.662108253143,0.0013649163944281161,0.7326727443997855
94,25.413508522324264,85.8017938118428,64.45944871753454,9.164148833602667,5.293269613292068,1,,738.4339875385493,0.0002280722650520136,0.9623300677564964,4728.2835554966705,0.0009189030308239893,0.7324998531297964
95,37.55358569789678,66.74582556821406,55.093183405697346,8.35822843015194,4.098923392128199,1,,736.715350307566,0.0009729936196506367,0.9752942974974368,4762.232744199095,0.005725576609124012,0.7330669320445513
96,37.22711505368352,98.81610613316298,41.512003019452095,6.147203855216503,4.833768784999847,1,,736.8645652404183,0.00016153832824931968,0.9821648619403035,4781.642218295334,0.0007645325149369925,0.7326735987138255
97,25.094472905620933,78.7851126305759,78.39825540781021,11.387059483677149,3.3279149252921343,1,,737.4785428500785,0.0008178945707283681,0.9489681798149702,4684.917342708402,0.0013561456285107044,0.7326493880187247
98,30.638645109720528,87.83015393652022,59.812681414186954,7.806874517351389,3.9736074320971966,1,,737.3368191678311,0.00027689520568301693,0.9741713643744614,4754.050669794691,0.0010304280091726929,0.7326884196760114
99,35.37344991695136,67.9944736789912,60.44917892664671,10.090687237679958,5.440251288935542,1,,737.4672564776748,0.0009287927270594807,0.9611566893056914,4725.875752039743,0.0056743221346612195,0.7335522589239282
100,33.57881722506136,92.2524159681052,72.69968491047621,9.73508733138442,5.162031300831586,1,,738.5606787475382,0.00038215771401658673,0.9554844420223971,4714.524445909145,0.0012255391164317773,0.7324692745772403
101,28.946089358069003,60.72244652546942,47.083659805357456,8.92417462170124,3.695473498199135,1,,736.9155626578585,0.0008810587112162618,0.9746572743824076,4751.7667303379385,0.0044860683586204365,0.7333943731838415
102,27.05075786449015,106.46101919934154,65.96158266067505,10.969953641295433,3.0495130685158074,1,,738.0431802257409,0.0005190515521713389,0.9381448856996406,4663.260984992446,0.0012961302637894737,0.732744564303208
103,39.285476729273796,74.73573800176382,54.09516014158726,7.302606727927923,4.555281470064074,1,,736.7304208743545,0.0005969761466240847,0.9792375663938465,4763.155811275321,0.003580690852123998,0.7329264907308993
104,38.817974724806845,88.48095232620835,68.12589082866907,8.299300655722618,3.5879350402392447,1,,737.2730106093472,0.0004834202210992474,0.9711321135592583,4749.858288689607,0.0017521253525780388,0.7324573074445527
105,28.450266285799444,70.79217158257961,51.26190673559904,9.035583760589361,4.625039067585021,1,,737.5259668043029,0.0004838963109163419,0.9697917005854457,4735.32924771354,0.0024105487817837673,0.7329253909949422
106,30.34786555916071,102.39658168517053,70.52805252373219,6.96773749217391,5.229078358504921,1,,737.5188686954937,9.637106406719536e-05,0.9760424665648013,4764.341947968107,0.0004774106459163069,0.73284100532974
107,33.11271038837731,84.90311269648373,49.91447180509567,10.753837063908577,4.231184371281415,1,,738.3539220197384,0.0007026913609573693,0.9497261676698203,4697.94538843215,0.0017333710534538766,0.7324381940559589
108,34.90780743770301,107.32543458230793,57.01849043369293,11.882878426462412,3.884671388193965,1,,738.7755784787785,0.0006892416201597359,0.9239694884341063,4636.428915018371,0.0009072973181881589,0.7325348058420804
109,32.03995605930686,76.57517827115953,62.652549520134926,6.577004514634609,4.8824793212115765,1,,736.7803129704872,0.0003003858894271696,0.9829872709542705,4777.798588815633,0.0016050415594434206,0.7324416726916082
110,26.494446801953018,96.43714524805546,44.30375259369612,10.13237028568983,4.278173895552754,1,,738.1362328396705,0.00047476802590950455,0.9508533352000113,4697.367534690244,0.0008203577950546593,0.7326555113934197
111,36.75914846826345,65.491575691849,76.187560595572,7.964202795177698,3.2411553263664246,1,,736.4963673824395,0.0009781273465113171,0.9791593711679311,4768.383582484437,0.005205435344307511,0.732982656794661
112,36.45337978377938,95.28467030264437,50.1154175773263,11.10625297576189,5.368977607693523,1,,739.1550991077221,0.0005829231472308239,0.9392079127139397,4675.753784183773,0.0013707236123771229,0.7326693062489881
113,26.071455692872405,63.56091442517936,69.48237907141447,7.365527618676424,4.02319274796173,1,,736.7873119501805,0.00046183314403241846,0.9821211384311239,4763.944652928141,0.002548711640048865,0.7332469840950679
114,31.792781096883118,109.29872546344995,48.728802874684334,9.434863585978746,3.41873894399032,1,,737.7828404789844,0.00043683328008946976,0.9533938046850017,4710.034497490209,0.0006955122721844058,0.7324835277753143
115,34.54341016244143,77.770282831043,71.84551924467087,8.650181092321873,4.725608806591481,1,,737.3620766257262,0.0005026266961867341,0.9702461075732154,4745.035953900767,0.0024853861118976496,0.7324804629729941
116,32.60183488484472,102.03241979703307,63.803377747535706,7.518230717629194,4.447379575110972,1,,737.5902653955155,0.00017792674261436666,0.97237896553939,4758.354254395118,0.0006402202339968046,0.7325290388724046
117,29.719825075007975,82.19826448708773,55.667428746819496,9.828548312187195,3.1405760971829295,1,,737.6988214748942,0.0006201940710227667,0.9607835233976199,4722.265315003272,0.0013147952097334334,0.7324270337434169
118,27.88079717196524,91.24101865105331,77.37741630524397,6.27164563536644,3.7447625743225217,1,,736.8236790084957,0.000142325316020368,0.9831119305240171,4781.996156388839,0.0006084413842892889,0.732473926324244
119,38.13134029507637,71.21155158616602,42.9918647184968,11.438397478312254,5.090480453334749,1,,737.5599006596548,0.0012364837777582027,0.9486169605029489,4700.921753956772,0.006596944695332357,0.7324757087500702
120,39.53265892807394,104.488395890221,79.54172141849995,10.441430300474167,4.146475202403963,1,,738.380177788348,0.0005843047111782285,0.9440269968665169,4687.358650585376,0.0010801339746532523,0.732665259022896
121,27.415147959254682,73.54130101390183,40.158614218235016,8.205925416201353,5.336009894497693,1,,737.5141755826523,0.0002986514171629067,0.9739258987827479,4752.061358548786,0.0016887651303698697,0.7324642177534768
122,29.25186511129141,93.40403260663152,61.63174841552973,11.784712236374617,4.690197917632759,1,,738.6575720964454,0.0007090212151106626,0.9334461912299941,4655.369916577414,0.0011467019752223855,0.7325254187283012
123,34.001801209524274,62.65224948525429,58.49823784083128,6.4993908405303955,3.539578185416758,1,,736.3909286893236,0.0007437781381385157,0.9859849127197788,4780.936392866043,0.0038797839974020363,0.7329432534446383
124,35.94292621128261,85.06961077451706,45.934614948928356,6.857896942645311,3.193074445705861,1,,736.7018290230426,0.0003667477345017174,0.9814153037782947,4772.732746788689,0.0013708092898640839,0.7326575791526524
125,31.3252723030746,67.57461683824658,74.04888693243265,10.664457477629185,4.343627793248743,1,,737.701769485404,0.0009424256478836021,0.9589848012615599,4712.124953589024,0.004535220715669367,0.7337781507308186
126,25.605355533771217,99.18131706304848,52.907164096832275,8.62012381106615,4.989173039328307,1,,738.1584815500125,0.0001948573599519715,0.9637066248549421,4735.0688042826405,0.0005702832880364181,0.732483900190619
127,37.85514846909791,81.49100988171995,67.27168716490269,9.288977969437838,3.7997053279541433,1,,737.4485327703507,0.00066912760048845,0.9656293813336869,4734.018102405211,0.0028918096823995617,0.7324817100250551
128,37.80503395013511,96.81172258220613,45.073666386306286,8.701728779822588,5.125082248821855,1,,738.0511652221122,0.000308060398824406,0.9637355835734268,4732.103594217297,0.0011672672996586812,0.7327003414829572
129,25.68752756342292,65.25727947242558,74.43986479192972,9.394844390451908,3.661962069571018,1,,737.3512492902511,0.000650386622491585,0.9702175297358403,4733.87455725977,0.0026768019637170484,0.7332307459313724
130,31.217465507797897,107.79767254367471,53.60896348953247,7.314530499279499,3.018861209973693,1,,737.2641622951863,0.00023073145723371923,0.9732032632801003,4762.664933565192,0.00046500415474686336,0.7324719400061556
131,35.96740596462041,76.04791767895222,66.72491706907749,11.14535253122449,4.520895753055811,1,,738.0397683274075,0.0009535210789871657,0.9503797660453225,4690.9677428398445,0.004354788451831871,0.7333152957211552
132,33.924206593073905,103.72955970466137,78.83963592350483,11.492873579263687,4.867398901376873,1,,738.7158471410461,0.0006397569697625719,0.9306604234535533,4653.855854452874,0.000986472874684011,0.7325127863396125
133,29.30655704345554,83.72301602736115,40.70322901010513,6.228700887411833,3.365430742967874,1,,736.6245312119077,0.00022089764960302804,0.9847976222478784,4780.666313031025,0.000913379543754869,0.7326746586165124
134,27.39341501146555,89.52095423825085,62.49176237732172,9.774620275944471,4.0087995254434645,1,,738.0256059840899,0.0004775261186540601,0.957322465811343,4711.851134125923,0.000995501573443134,0.732687568524313
135,39.64321252889931,69.7097238060087,58.10575317591429,7.560264050960541,5.4718527239747345,1,,736.795833562441,0.0007036576919828106,0.9773424332287195,4762.413831440349,0.004549361725625589,0.7332074337380258
136,38.239612258039415,105.91549136675894,64.6609503030777,6.541597466915846,3.9219638747163117,1,,737.003151261748,0.0001820944369764129,0.9791442841888013,4776.318243886808,0.0006635929667511721,0.7326616776739802
137,27.857683808542788,75.14078523032367,55.277385488152504,11.730962812900543,4.916333886329085,1,,738.6543518440228,0.0007755955995321302,0.9441293511309548,4681.890396895363,0.0021440647847458883,0.7324422752494549
138,29.76857320405543,91.9998612627387,76.67288940399885,8.163165360689163,4.309703022707254,1,,737.6897605703737,0.0002471678137053118,0.970079750407707,4745.540476031405,0.0008782446200545326,0.7326893865815448
139,32.519197687506676,61.029841881245375,43.53892091661692,10.49609650298953,3.276418610010296,1,,736.7824566479052,0.0013596781124043942,0.9651085611852894,4739.079647655805,0.005656789860568564,0.7335077821913635
140,34.561946112662554,86.66832013055682,50.81965837627649,9.328258998692036,3.55464843288064,1,,737.7134383476229,0.000550473528257342,0.963281118076854,4730.815804968358,0.0014969428793054752,0.7324405573735794
141,31.67993172071874,69.00401305407286,68.93316756933928,8.569302845746279,4.587866460904479,1,,737.14710994059,0.0006082209113093799,0.9734085651926094,4741.713310329003,0.003364059449670353,0.7334161705879082
142,26.151346084661782,97.55660871975124,47.87029571831226,10.624631244689226,5.194763459265232,1,,738.6791955862029,0.0004193175008888603,0.9444882425215654,4683.6697645629265,0.0008069598008946662,0.7325236670484635
143,36.40188484918326,80.08761339820921,72.23405569791794,6.909632183611393,4.2004604283720255,1,,736.7510604725504,0.00040049100220891285,0.9811368903378253,4772.542489007008,0.001956219270327669,0.7324666183801832
144,36.79921339266002,100.31716929748654,56.47028982639313,10.05140620842576,4.4139443705789745,1,,738.50101270091,0.0005096993424008419,0.9495997972085973,4700.353049338835,0.0010704630625616933,0.7324969292130468
145,26.431507747620344,80.50746381282806,63.35577942430973,7.857695482671261,3.1035508303903043,1,,737.1371425422994,0.0003441200962266536,0.9760694781208595,4755.899608212366,0.0010408757383218279,0.7326609812424488
146,32.13585409801453,86.30311488173902,44.69280403107405,11.426885716617107,3.710300642531365,1,,738.079079403605,0.0008169007088715982,0.9428681047481756,4677.284762427878,0.0015242162445930816,0.7326570437614962
147,34.90070149768144,66.2980976421386,75.32853845506907,6.0954686142504215,5.059904818888754,1,,736.5472094680825,0.00045260881601971536,0.986103843599299,4775.032016761021,0.00283124699010073,0.7332492557022288
148,33.180226855911314,93.97249025292695,67.73590479046106,7.260400101542473,5.406417201273143,1,,737.4473026358601,0.00016544892319117827,0.9755542736466787,4764.450714373206,0.0008373870745904881,0.7324800123541392
149,30.312378047965467,62.22426070831716,52.11942207068205,11.023703064769506,4.056899079121649,1,,737.4734516490215,0.0012029826917134613,0.9589983554293156,4722.577832544295,0.005537854109380775,0.7335416293593803
150,28.460119031369686,104.76389214396477,71.07596702873707,8.96693467721343,3.450416593812406,1,,737.6489422062259,0.0003818251105390168,0.9597845739166417,4724.067398441868,0.0006075059004992326,0.7324870372581226
151,38.72482349164784,73.21097584441304,49.20908659696579,9.680421128869057,4.7607246758416295,1,,737.2634304439575,0.000907277076680527,0.9637587498520507,4725.501849916629,0.005603613308176596,0.7335919116187732
152,39.187297276221216,89.8851104453206,73.24515800923109,10.699360962957144,3.2268527867272496,1,,737.5933844197043,0.0007446670000165136,0.9500919413604514,4696.389678882161,0.002027460837919686,0.7325803434960744
153,27.054652557708323,72.4145901761949,46.38071600347757,7.010682240128517,4.380996494553983,1,,736.8831673867892,0.00029003857185686075,0.981954882326368,4768.970244411695,0.001561358744640027,0.7326728981724704
154,28.90923568047583,100.96947596408427,65.56915521621704,9.089511796832085,5.024512537755072,1,,738.4035850677033,0.00025513883415362017,0.9587398911787756,4722.684964217681,0.0006717076980828496,0.7324877349845841
155,33.64403769373894,83.30364244990051,54.955116882920265,8.257267322391272,3.831158231012523,1,,737.3017928700873,0.00042527374845774353,0.9724001226860303,4749.959463783279,0.00156049859114207,0.7326361356673
156,35.364977810531855,108.95013007335365,41.903495863080025,7.912655107676983,4.10937881981954,1,,737.7654317735047,0.00023645310257007496,0.9675680498369278,4743.26766635456,0.0006281386287423507,0.732816344505895
157,30.732247149571776,77.97858537174761,77.53679186105728,10.172389481216669,5.302647072356194,1,,738.3390974603358,0.0004898156614299848,0.9572028456122403,4713.846030481651,0.0020510932743228977,0.7324265623253713
158,25.026505631394684,94.8384260199964,59.26692221313715,6.628001634031534,4.659397759940475,1,,737.2028270442767,8.359451442604e-05,0.980082852822893,4771.785504707625,0.0004311880523322298,0.7327460170484736
159,37.26122192572802,64.06219307333231,61.149967424571514,11.843778870999813,3.5053395102731884,1,,736.8522958610201,0.0017211623137645565,0.9513714790696062,4720.762769185652,0.00644758659679072,0.7325391207336087
160,37.64537791721523,107.06463017500937,77.25217029452324,9.64566184580326,5.431624531745911,1,,738.9077507239043,0.00032841819460072065,0.9502944771811234,4704.531733766989,0.000865425099231624,0.7325916531289446
161,25.403212290257215,76.87890137545764,42.88758061826229,8.81419825181365,3.9636172372847795,1,,737.6036512620014,0.00037460415511661037,0.9698488817520651,4740.7298168066945,0.0013525969547054741,0.7326242632443887
162,31.051398548297584,95.98026242107153,63.91214456409216,10.895176615566015,3.3177730552852154,1,,738.0190962018586,0.0006537808270149975,0.9435411397958189,4680.711866958494,0.0009565367731201517,0.7325434026028051
163,35.69132820237428,65.98984537646174,55.79795826226473,7.201419398188591,4.824685810133815,1,,736.6714907836389,0.0006791858211655107,0.9809883488635204,4768.415687886186,0.004146843327016141,0.7331388947046186
164,33.735053413547575,88.78753049299121,48.51782161742449,6.060664985328913,4.546512909699231,1,,736.7194659091224,0.00019254628978975205,0.9841752683928716,4786.2433479284755,0.0009346539150408464,0.7324575209145997
165,28.993030725978315,70.54032575339079,71.6512655839324,11.27419649809599,3.0396671355701983,1,,737.5166549598325,0.0009713489825289266,0.9540820525571934,4698.410985852828,0.002581733611813897,0.7331069956197803
166,27.19785090535879,102.89924423210323,50.29527120292187,7.729124687612057,3.68516829283908,1,,737.4620719106309,0.00021896980084683417,0.9709129609744377,4753.413871901693,0.0005017278474392919,0.7324861143159456
167,39.33792372234166,84.45672624744475,69.67846408486366,9.99247271195054,5.153109202627093,1,,738.1044487497855,0.0006264196187205949,0.9564245294532944,4712.3324066965,0.002997728441206942,0.7326320859592307
168,38.8681331789121,92.73242539726198,53.08945920318365,11.995787166059017,4.240727792028338,1,,738.3070823011926,0.0008878564970049263,0.931971715545633,4656.1461944013345,0.002017568120761232,0.7326619439090948
169,28.610635087825358,60.19837995059788,67.47509647160769,6.663497630506754,5.239985254127532,1,,736.8276162889138,0.0004238940073189378,0.9847371240636721,4772.973022119452,0.0028587757506616466,0.7331368410192168
170,30.403504157438874,106.7464760877192,45.726075023412704,10.230630610138178,4.635484939906746,1,,738.3506045654833,0.0004509305343607953,0.9448402352175231,4685.67964554187,0.0007297992715787844,0.7325230759466208
171,33.2639105618,74.40774388611317,73.86195741593838,8.041906826198101,3.5973220546729863,1,,736.9279329188103,0.0005555894115453213,0.976447557927054,4752.356849045281,0.00248390077751144,0.7328664492652874
172,35.21973529830575,98.29031698405743,61.747839376330376,8.409231271594763,3.250838277861476,1,,737.5600689893288,0.0003802952942611359,0.9671900076306217,4739.0909934289675,0.0008586639732264799,0.7326964573934464
173,32.46232292614877,79.25729596987367,58.631208688020706,9.125055000185966,4.2889341823756695,1,,737.633881859629,0.0005028150775068913,0.9668070168838515,4735.393365154419,0.0019655970935365595,0.7324557460108007
174,26.815545302815735,87.49892328865826,79.42379970103502,7.068879023194313,4.8930908758193254,1,,737.3030865175526,0.00013255099073321557,0.9785663390131961,4765.414087050164,0.0007116369972816737,0.7326974252727474
175,37.17603764962405,68.27059051953256,40.05677159875631,10.828659888356924,3.8938997983932495,1,,736.9076393432017,0.0013205713374040081,0.9583615200296643,4722.387477860806,0.006318038663137417,0.7335902585479904
176,36.48574742488563,85.57207364588976,66.1680057272315,7.59580010175705,4.735148669686168,1,,737.1423691438307,0.00034233192919274155,0.9755415065117395,4757.333681100502,0.0016118835338413237,0.7326827533050582
177,26.242407765239477,67.1280307136476,54.28428340703249,9.92657707259059,3.429642244707793,1,,737.4964793104249,0.0007401234402053785,0.9660764659052322,4724.144457952652,0.0024954038148235404,0.7332906373093652
178,31.830626535229385,99.48771343566477,72.51584514975548,6.358004104346037,4.033642215188593,1,,736.953450723248,0.00013791405713142678,0.9811861492890205,4780.64715231318,0.0005688160076128491,0.7324800138211915
179,34.705191482789814,81.23898225836456,46.88171945512295,11.551074653863907,5.3783681797795,1,,738.8726623994662,0.000766295319836971,0.9417044076195303,4677.407920865809,0.002612380328479516,0.7326301221869252
180,32.89585749153048,104.03170677833259,59.933941289782524,11.180844236165285,5.100166962482035,1,,738.7591879681823,0.0005576278628915919,0.9343862904016734,4660.082154438425,0.000931469900174371,0.732706477439834
181,30.152660771273077,74.0397644136101,60.5476076900959,7.466534502804279,3.755526456050575,1,,736.8677880347335,0.00041066269128732047,0.9797056021364903,4766.727473165974,0.0018724897549851946,0.7324765516249395
182,28.183988071978092,93.143415953964,41.39867801219225,9.5241032615304,3.1511840568855405,1,,737.6721377177537,0.0005028618335333497,0.958962461177246,4713.175735083454,0.0008388092493517825,0.73273399427061
183,38.55869618244469,62.956160344183445,78.26259549707174,8.75997706130147,4.4566044276580215,1,,736.710037314092,0.0012876521724610242,0.972680487966022,4763.47710535062,0.007101834271597056,0.7330824643602253
184,39.96962723787874,101.70098947361112,44.192868918180466,6.756935812532902,3.5309526389464736,1,,736.9486788301122,0.00025458178164701337,0.9787511751135715,4771.076784965477,0.0008534635464368513,0.7326925953097729
185,27.712387652136385,82.47418165206909,76.05922482907772,10.589820463210344,4.680208896286786,1,,738.4727233887754,0.000541240575316654,0.9521775024796617,4701.332754153333,0.0014312117192195987,0.7324448624167722
186,29.683328131213784,90.7150477077812,57.14219179004431,8.510373640805483,5.32586685102433,1,,738.1197017999007,0.00020180363234176642,0.9668561653203307,4740.801923643432,0.0009067614884335891,0.7324851612073368
187,34.30818371474743,71.68355313129723,62.758302576839924,9.199692495167255,4.137391016818583,1,,737.2359234712303,0.0007491703591059113,0.9689730732901107,4733.157345131631,0.004026382494883293,0.7334615878998342
188,36.11798228695989,95.57032090611756,70.35153705626726,10.343355786055326,3.790935556869954,1,,738.1494372619351,0.0006195056190829146,0.9495453738433924,4697.442733400368,0.0012064995374733108,0.7325067003777532
189,31.3608284201473,63.23311402462423,49.71497293561697,8.128401786088943,4.979325932916254,1,,736.9538463829134,0.0006932089196336644,0.9768416570570534,4754.860422519833,0.004208242187396078,0.7334700566785264
190,25.771272596903145,109.77892264723778,68.33963803946972,11.671989262104034,4.333323761355132,1,,737.6912192162022,0.0005473901518817328,0.9280982852964978,4638.917068664128,0.0008890874074078456,0.7326362407917546
191,37.896214122883976,77.24640401080251,51.45347133278847,6.413078170269728,3.1841535582207143,1,,736.4494932669727,0.0004938828870832796,0.9848198126469453,4779.58853488281,0.0022651169564510596,0.7325474811448008
192,38.05234735365957,102.22070574760437,69.23812840133905,10.513976980000734,3.946493942756206,1,,738.2374228759529,0.0006065138948071063,0.9444318313194318,4684.75254474938,0.0010829786643239453,0.7326936711779691
193,25.934587107039988,84.75016163662076,51.10185693949461,6.8209074810147285,5.448461728636175,1,,737.233033447247,0.00011477461421941034,0.9803179454459481,4773.839502050419,0.0006718612439278637,0.7324649203426745
194,31.464561903849244,88.30431428737938,71.95305593311787,9.27617559581995,4.802918270695955,1,,738.1703543297854,0.0003572248522408162,0.9616456023930992,4724.986079045053,0.0012431499639831,0.7326652758431551
195,36.214706152677536,70.63845693133771,47.56657749414444,8.44539900496602,3.3398648486472666,1,,736.7575309532173,0.000812949134600863,0.9753722429477045,4754.129664547828,0.004369341340284204,0.733127831922457
196,34.14220878854394,96.66338636539876,55.61878681182861,8.097878158092499,3.06136791780591,1,,737.3956030214115,0.0003572761166803815,0.9702079828525377,4749.041891431336,0.0008293862787151211,0.7324822472887065
197,29.524362599477172,65.69181782193482,64.9848309904337,10.362004738301039,4.524487873539329,1,,737.6356070666485,0.0008368514781243376,0.9620193881702348,4718.302943919396,0.004177269363734975,0.733752183161077
198,27.611171645112336,107.55243929103017,43.2162831351161,6.441131126135588,5.170299254357815,1,,737.3342201542616,5.781372482419522e-05,0.978797033008352,4772.671782237944,0.0003026837734870057,0.7327335630398623
199,39.86123017501086,76.77618250250816,76.33268658071756,11.655441910028458,3.668264338746667,1,,737.2746783345866,0.001199146255613794,0.9469054754739343,4687.812891815061,0.006574392161388554,0.7336368703438034
200,38.46102784387767,87.9815680347383,41.04709215462208,9.861791264265776,5.256803223863244,1,,738.2958299460818,0.0005195703499242237,0.9561422732545101,4716.852326137524,0.0021219992093048823,0.732425617810022
201,28.07936755940318,68.17188639193773,79.16105717420578,7.672472029924393,4.223585568368435,1,,736.9546157034583,0.0004467994569571709,0.9792865509645674,4762.418860672567,0.0023432819403039445,0.7327413117931413
202,29.99023351352662,98.96828251890838,57.785536386072636,11.615223705768585,3.6193949189037085,1,,738.4961294084038,0.0006924005600924716,0.9328175771747683,4655.116914596311,0.000938778968075811,0.7325137582764902
203,32.740668510086834,78.96328912116587,62.14913617819548,6.2823380045592785,4.613698173314333,1,,736.6857975498534,0.0002787793154425977,0.9843013676814418,4777.541535875061,0.001428856600790526,0.7326789780144136
204,34.81270151678473,106.2592399213463,74.74236410111189,7.450175978243351,4.266928075347096,1,,737.5575387038604,0.00019068335532576242,0.9719868645503938,4754.239368863457,0.000622710433421755,0.7327898500806168
205,31.930898069404066,74.51103421859443,45.35832408815622,11.209086019545794,3.2725582872517407,1,,737.5970167346806,0.000950868744255445,0.9525559720114044,4695.472572120331,0.0028252191616589353,0.7329005375341237
206,26.40231754630804,92.04987291246653,66.44149601459503,8.778803396970034,3.8770150714553893,1,,737.7581994754779,0.0003349912824426482,0.9652994691199768,4734.69901008663,0.0007823923522533968,0.7324995532314481
207,36.652609603479505,60.49698045477271,53.307668939232826,9.493757016956806,4.910299856681377,1,,736.9248057894737,0.001422177214357797,0.9678102756923161,4755.669259501852,0.007457696324514343,0.7332305232886087
208,37.01700059231371,93.25109262950718,77.82219476997852,6.7267998196184635,3.4074741574004292,1,,736.8120824785274,0.00028274950815372483,0.9805815291328718,4774.754877262624,0.0010181953558475272,0.7324954099463281
209,26.649498851038516,62.476362651214004,42.20525234937668,11.92055594176054,4.756992503069341,1,,738.1221384181956,0.0010439481461864588,0.9494761999206633,4694.063370955984,0.004225505692839946,0.7326593903424471
210,32.353882947936654,104.33469362556934,60.849453546106815,7.976319931447506,5.3613021010532975,1,,738.111275431794,0.00014823207318342605,0.9674317229217592,4744.852191010019,0.0006026535965816357,0.7326066119147312
211,35.11847637593746,73.3646504022181,58.98271810263395,10.30778319016099,4.050994391553104,1,,737.5809030555504,0.0009003484131061722,0.9600455222556818,4713.089769950766,0.00445441654858499,0.7333851175460021
212,33.427296597510576,99.38157046213746,46.702613048255444,9.142851367592812,3.7725067040883005,1,,737.9894832961733,0.00041869584379364283,0.9596857081743912,4721.449923430698,0.0008642334739991401,0.7327000040146625
213,30.5597089137882,81.71723954379559,73.58854297548532,8.379503007978201,5.0829006168060005,1,,737.6419951588399,0.0002927773958819498,0.9708289637412059,4747.256857916005,0.0014338744950487938,0.7324595151920043
214,28.707401868887246,85.27062795124948,54.61293041706085,10.811317171901464,4.478858345653862,1,,738.4188583980407,0.0006163508880173875,0.9486679769870829,4693.249748665822,0.001351098546522124,0.7324694521398267
215,38.971909577958286,67.80160878784955,65.24850107729435,7.09778456389904,3.129254392813891,1,,736.3852634421402,0.0008576665169406265,0.9829860439856334,4778.370902835915,0.004645910916014741,0.7328970495534906
216,39.438238171860576,109.47612727992237,52.443742491304874,8.891528215259314,4.702071956824511,1,,738.3500685384474,0.000317027088044257,0.9579373259736025,4721.756062270731,0.0008188108920214707,0.732745785456209
217,27.305403854697943,77.92170801199973,68.07686876505613,9.580252334475517,3.508803480770439,1,,737.7216680495164,0.0005642250399104335,0.9641089889137294,4727.545733612923,0.0014860652283279045,0.7325124107894695
218,29.15996443014592,95.46283422037959,48.86935956776142,7.126377001404762,4.154762122314423,1,,737.2854393282602,0.00016131301588730987,0.9768997520662701,4766.921521099755,0.0006292314222275372,0.732493089233177
219,33.89503472018987,63.71310319751501,70.75285106897354,10.958667632192373,5.30881999945268,1,,737.5329835264348,0.0012063221219671878,0.9559617164450422,4721.815864234705,0.00671096996276882,0.7323501732403128
220,35.58666477445513,91.01630341261625,63.63875865936279,11.303279422223568,4.96204065810889,1,,738.8920692817962,0.0006882114763443648,0.9397906818015086,4675.357956798115,0.0016088364165852435,0.7326630785458728
221,30.953687294386327,71.00978357717395,56.77446760237217,6.043499652296305,3.8078965777531266,1,,736.4648694919266,0.00037617314226904273,0.9869398118909855,4782.006174280096,0.0018542943157052508,0.7327480136401678
222,25.24795178323984,101.80694096721709,75.02556543797255,9.962933275848627,3.162204666994512,1,,737.2513114457751,0.0004816011535926326,0.9526018638919563,4697.229575006674,0.0008985811296016042,0.7327380142098489
223,37.48287913389504,81.99573437683284,44.41106144338846,7.74710988253355,4.355558750219643,1,,737.0168779106623,0.0004503244134189808,0.9757746202533254,4758.286786088219,0.0022079916560082073,0.7326409122095382
224,37.39827213343233,89.03659110888839,58.29039268195629,6.945089623332024,3.6402422138489783,1,,736.822454202193,0.00033068168205067965,0.9799192976699271,4769.490984088567,0.0013007548967446624,0.7326877978288407
225,25.155917019583285,69.80975944548845,61.423370987176895,10.776507820934057,5.147088211495429,1,,738.5240992198231,0.0005326209658407657,0.95491654471155,4703.94979539437,0.0022365140279736384,0.732688049470529
226,30.80408022738993,103.04988044314086,40.38003522902727,8.32057523354888,4.503686627838761,1,,737.9846285187672,0.00022856875327422697,0.9653707864704814,4736.435828050993,0.0006397200420037058,0.732717063611736
227,35.44427804648876,84.01836202479899,79.76337905973196,9.014286294579506,3.035746090579778,1,,737.3495808387144,0.0005807678795908171,0.9673927435608339,4737.875467775246,0.001686151888669799,0.7324430653143883
228,33.51728739216924,108.28357161022723,67.17077102512121,10.155041042715311,3.3825731109827757,1,,737.970417386666,0.0005174987547370842,0.9459498675585882,4688.170189802974,0.0007201196322229008,0.7327022125433106
229,28.77501799724996,75.94634088687599,52.80662763863802,7.941554926335812,4.850580777972937,1,,737.3199623774462,0.00030965893260233367,0.9755359689187545,4757.263403478806,0.001629828365169299,0.7324381329473278
230,26.979843792505562,97.49294225126505,74.14355203509331,11.861580960452557,5.493639336898923,1,,739.130624763282,0.0005680004220190279,0.9293351964333848,4646.543488997032,0.0009386732398198309,0.7325383734981212
231,39.12012755405158,64.96039977297187,46.02919600903988,6.598279092460871,3.9867268055677414,1,,736.4286067983065,0.0008459844510269951,0.9844215428051714,4782.706099738599,0.004681650654513279,0.7328979028538697
232,38.64646705798805,98.23647797107697,71.34936112910509,7.782647363841534,4.9383590668439865,1,,737.5360743205756,0.0002532013800050131,0.9712002863331419,4754.601756664541,0.001056683385345969,0.7324792762151956
233,28.38917275890708,79.79245888069272,48.2325666770339,10.11489150300622,3.900262938812375,1,,738.0207896879607,0.0006069232456456338,0.9584025650871756,4715.788845129166,0.001552773582568752,0.732424673516427
234,30.182080077938735,87.15287473984063,69.96252052485943,6.172804299741983,3.2933224104344845,1,,736.6363162082573,0.00020864771234230147,0.9845214973632728,4781.093086068086,0.0008169870311416265,0.7326822396687063
235,33.042232622392476,68.90416740439832,50.595932751894,11.361481927335262,4.292513115331531,1,,737.7936840495158,0.0011179461298868193,0.9523851819071598,4699.662036969143,0.005122313491205308,0.7337165907835457
236,34.968758025206625,91.31845011375844,42.54434332251549,10.994157906621695,4.571029417682439,1,,738.6452855603045,0.0006765036344941271,0.943495666186617,4680.367788610694,0.0014986487021976184,0.7327088881956813
237,32.21160666551441,61.326531590893865,76.93012557923794,7.278379574418068,3.5717715830542147,1,,736.520976121756,0.0008237876555220385,0.9828874651966524,4772.18356504044,0.0043608274254466305,0.7331901864786761
238,26.56478140503168,105.4294023104012,56.118760369718075,9.709509775042534,4.178368490654975,1,,737.9705321845071,0.00040369009112625374,0.9519200020933583,4703.683488821999,0.0006268209620217829,0.7325107472473777
239,36.92507711239159,75.24217054247856,64.25418306142092,8.94977506622672,5.216531152371317,1,,737.33944800111,0.000629809418495178,0.9681417411362988,4732.212681634372,0.003739847316582985,0.7331945021330383
240,36.26771008130163,105.06802107207477,49.393708892166615,11.807451635599136,3.0865896558389068,1,,738.5149429385929,0.0006349471512019095,0.9271294359024455,4645.448488662894,0.0009064959160416988,0.7324962070002742
241,26.02463869843632,72.53395178355277,70.00751670449972,6.476628553122282,4.431229789741337,1,,736.7257409165236,0.00023259549983472593,0.984697102090207,4775.525899473004,0.0012854221443437976,0.7326718870222665
242,31.612833524122834,94.08131478354335,51.79625503718853,10.420247297734022,5.0376699743792415,1,,738.7447655642317,0.0004648946839009318,0.9479216549625175,4692.801152796982,0.0010994135703143468,0.7326885506110851
243,34.487208873033524,61.7425587400794,68.65969732403755,8.227131307125092,3.7322493800893426,1,,736.6231302623049,0.0010511152367588738,0.9778119694731197,4765.658043777984,0.005665338315925983,0.7331981808696324
244,32.64856616035104,86.00357364863157,75.77440962195396,8.597361523658037,4.079048092942685,1,,737.6067670556688,0.0003912096257549709,0.9687782130840411,4742.894661744841,0.0013630711980317364,0.7324739685721483
245,29.905580496415496,66.9705287925899,43.89052711427212,9.311717368662357,5.384554294403642,1,,737.5587205924367,0.0006003855811986179,0.9680088877071621,4727.8969611956945,0.0034707334737471692,0.7336664147603356
246,27.936912518925965,100.21293693222106,63.05943991988897,6.87910283356905,4.777771681081504,1,,737.3895779171797,9.685103148066814e-05,0.9772596253853773,4770.261833675436,0.0004517816372804973,0.732565284656572
247,38.31137381028384,80.98458032123744,57.42577005177736,10.64327447488904,3.4330453439615667,1,,737.4925145180416,0.0008831746657695964,0.9548881103605207,4701.784892175702,0.003560373432836498,0.7329919252727628
248,39.71889357082546,94.7290285397321,60.26525191962719,9.458999164402485,4.398262695875019,1,,738.1087700221497,0.0005015794208572994,0.958356118601392,4722.098651263882,0.0015548076957795861,0.7325097429326356
249,27.461400013417006,64.54332358203828,59.62913766503334,8.626068402081728,3.2098726923577487,1,,736.933836822492,0.000677455243184038,0.9759643712504407,4747.189667325728,0.0029224530903865084,0.7334508111088025
250,29.432377847842872,108.64542968571186,78.56615621596575,11.080561000853777,3.8530880487523973,1,,738.5640911949474,0.0005686596187553748,0.934027020372973,4657.388042364236,0.0007613689132517537,0.7327171615392818
251,34.057437335141,78.65503648295999,41.67983528226614,7.391196705400944,5.002258475404233,1,,737.0539198638606,0.0003638951852966679,0.9778981019809159,4763.134189504338,0.001882911600630839,0.732642344764124
252,35.896531217731535,101.07427978888154,53.960560224950314,6.247532945126295,5.280803085304797,1,,737.0245605074335,0.0001274485926544543,0.9810339677598053,4780.846356479497,0.0006332498481539144,0.7325130057492515
253,31.139180599711835,82.82709889113903,65.82644689828157,11.462533056735992,4.131547051481903,1,,738.311120283304,0.0008236267873752895,0.9437886630481597,4681.571551603054,0.0017477774544460178,0.7324319377981985
254,25.549576245248318,90.18522462807596,47.22207948565483,7.543899804353714,3.487987478263676,1,,737.2611856302667,0.00022824377218887872,0.9754824956811056,4758.312149748846,0.0006649366528924732,0.7326896638959058
255,37.67477889545262,71.74273048527539,72.8383257240057,9.802856337279081,4.676463684998453,1,,737.276570868587,0.0009373546874411036,0.9635224863717337,4725.714245351743,0.005617091915987892,0.7336179226610344
256,37.7009057905525,90.16506764106452,61.519274935126305,6.587590618059039,5.480234424583614,1,,736.9746656512744,0.0002298496700803149,0.9803624051912265,4777.6851218429265,0.0011641921276782084,0.7324586645298359
257,25.58291571214795,71.89192296005785,58.38613912463188,11.872270965948701,4.012379326857626,1,,738.1273136212882,0.0009457873092797401,0.9461623766743336,4681.876621691899,0.002096627189995171,0.732551545274065
258,31.113337124697864,101.1510138772428,79.82022035866976,7.92793714441359,3.3666862240061164,1,,737.4890152571804,0.0002850016050594722,0.9699764911828052,4748.331080287169,0.0006385455030552732,0.7326907173723398
259,35.862793889828026,82.68255595117807,40.436719320714474,10.168660355731845,4.873751324601471,1,,738.2135851643386,0.0006138057375228306,0.9559453390638404,4713.838115788736,0.002425294514416699,0.7324057240594941
260,34.0251279482618,108.81371278315783,52.707071267068386,9.000804143026471,4.5171299944631755,1,,738.2715824299855,0.00031247161210828884,0.9571304803617753,4719.683143001299,0.0006796488167465298,0.7326810815784507
261,29.407051927410066,78.65087216719985,67.07135278731585,8.334055876359344,3.010131427552551,1,,737.182914105712,0.00046533072081549916,0.9736521358004172,4747.5847722201015,0.0013901277573817165,0.7326664277167408
262,27.494336143136024,94.60511551238596,45.96870198845863,10.765954976901412,3.656091261189431,1,,738.0553734204913,0.0006237700328616686,0.9455492378422506,4685.062695720404,0.00092084099486822,0.7325004890857868
263,39.74370718933642,64.63758665136993,74.08319644629955,6.955640958622098,5.12387922918424,1,,736.6131407524708,0.0008055580763970348,0.9814993729626845,4775.119589884072,0.004853196487683311,0.7331862539743178
264,38.34419102873653,100.06229382939637,48.137892968952656,8.9369813259691,4.191811596509069,1,,738.0293383697918,0.0003982502002245211,0.9612813848737636,4726.099567433732,0.001062771128241623,0.7326969286856452
265,27.961845048703253,81.00638463161886,71.25482585281134,9.722304867580533,5.190916824620217,1,,738.3877128157756,0.0003503221130930617,0.9598032204168878,4719.161748401555,0.0014321327471473605,0.7326296849475832
266,29.873152198269963,86.14665850996971,50.540321692824364,7.268515901640058,4.586878129746765,1,,737.211762037278,0.00020411239573717464,0.9777475934456606,4767.268805615133,0.0009889373516867098,0.7324603017442286
267,32.62335915118456,66.89543755725026,69.90704759955406,11.004022931680083,3.5485628615133464,1,,737.3210258401475,0.001159676369734864,0.9580572901744828,4716.815948351485,0.004979372527988143,0.7335180493915872
268,34.46147536858916,94.08401655033231,77.03091219067574,11.351571315899491,3.2799171628430486,1,,738.0413047116559,0.0007297458531749763,0.9395496362896836,4672.847733921413,0.0011952674043781376,0.732485754949311
269,31.578986225649714,61.57591104507446,42.64497272670269,6.182713581249118,4.3181658973917365,1,,736.4455187268959,0.0005483281083387062,0.9870114193686295,4781.899475198387,0.003177039362660979,0.7329826330317659
270,26.05087556410581,104.97231184504926,64.31590732187033,10.102050824090838,4.922471919097006,1,,738.2811735384761,0.00037266808224791664,0.9474675989658449,4690.057163074882,0.0006477171537339955,0.7327095901249167
271,36.30093957763165,72.65951958484948,56.180327124893665,7.7954867128282785,3.9234338207170367,1,,736.7795322078935,0.0006496566644846941,0.9777934609124675,4758.288419690464,0.003653288854426611,0.7330195390829115
272,36.89970470033586,105.3893075697124,70.1034252718091,10.653094617649913,4.764361693058163,1,,738.7414148797392,0.0005420635635954774,0.9401531529165057,4676.394798856278,0.0009629980724055947,0.7327129928919998
273,26.532432679086924,75.42330514639616,49.489450715482235,6.869284043088555,3.458702922333032,1,,736.7564579151889,0.0002803363241615611,0.9828740561541495,4770.946081563633,0.001262783557544703,0.7326641473203798
274,32.236345182172954,91.3752583693713,68.71654354035854,9.324466863647103,4.063156130257994,1,,738.045427286348,0.0004390817553354405,0.9607436679266366,4725.948550880997,0.0011307785177588456,0.7324634404240645
275,35.0016262056306,61.213942700996995,51.85293421149254,8.58461338095367,5.407729898113757,1,,736.9523860334166,0.0009866209778793095,0.9733233752572588,4758.203968994979,0.0058045552092874,0.7333590350090491
276,33.07561142835766,87.33785309828818,43.79096582531929,8.240016968920827,5.051117802038789,1,,737.6429539692738,0.00027857777953446206,0.97033555975099,4744.554492610544,0.0012837526058872585,0.7326974115730235
277,30.20825346466154,68.87092198245227,75.67499630153179,10.40736030600965,3.7066302374005318,1,,737.5909412378052,0.0008873909249773789,0.9614479772816171,4715.677192656038,0.003501088499175853,0.7334214946079568
278,28.355503380298615,98.12924828380346,57.36527141183615,6.486584862694144,3.102443164214492,1,,736.8918137145786,0.00016544015581224797,0.9809858257395779,4777.282060134477,0.00047944851169240177,0.7326711469692754
279,38.62069868482649,79.8576289229095,62.99908895045519,11.797493996098638,4.408016327768564,1,,737.9247311541889,0.0010770867213689772,0.9421255788013613,4670.49075785333,0.00523736125799046,0.7334349070281019
280,39.08634105231613,97.31320612132549,59.534459337592125,9.816429695114493,3.5014356411993504,1,,737.9071494424526,0.0005751309731168836,0.9547765008754623,4709.458446737105,0.0012810412143890602,0.7326829542678553
281,26.95419254247099,64.99888742342591,60.170721262693405,7.530327977612615,4.650844281539321,1,,736.9361887051779,0.0004328409942095337,0.9804029216834134,4760.635688523647,0.002489040287658152,0.7331806793174397
282,28.808279680088162,108.39757536537945,41.62421930581331,11.473176391795278,5.296656854450703,1,,738.9864515301394,0.0005220796895239706,0.9281093697957132,4642.830019127855,0.0007618643258594573,0.7327018342467886
283,33.543577902019024,75.88794491253793,78.51068820804358,6.236891141161323,4.108333254233003,1,,736.5719061280414,0.0003615408588554273,0.985149777588344,4780.084840421001,0.0017798810050630527,0.732666242477755
284,35.46912832185626,103.08453625999391,65.92723842710257,7.401792565360665,3.8396783214993775,1,,737.3794900214981,0.00022949523478563004,0.9735031329009043,4761.682915002668,0.0007059475767662563,0.7324782275904238
285,30.836836649104953,83.83178849704564,54.06118471175432,11.069963632151484,5.027915718499571,1,,738.7755796745961,0.0006117836572025228,0.9461854370149924,4689.63584009164,0.0016279707903847852,0.7324396285113268
286,25.130656366236508,88.97282401099801,72.90005460381508,8.639594284817576,4.382371068466455,1,,737.9004838172849,0.0002557046359364577,0.9670013226443902,4736.581615440754,0.0007889482089942654,0.732701120247056
287,37.36581164877862,69.9153894931078,47.28364162147045,9.445471772924066,3.233048035297543,1,,736.6923961045932,0.0010341290586823653,0.9694712847930492,4741.580667549291,0.005327805702006768,0.733341115246253
288,37.51558191142976,101.98046964593232,51.19654480367899,11.668236555531621,5.1544478693977,1,,738.9941318231754,0.0006745032981918258,0.9290723426328575,4652.033776769644,0.0011771253446737659,0.7325161243971816
289,25.2729987539351,81.95103778503835,69.33264952152967,6.428338011726737,3.691480520181358,1,,736.7750814677709,0.00016714312015996417,0.983890977540796,4780.456384658353,0.0007725220387323965,0.7324641428158797
290,30.9216023189947,90.89610859751701,47.62220300734043,10.371870031580329,3.047917370684445,1,,737.7178934254583,0.0006283948781889497,0.9519442061360017,4697.45558571739,0.0010119208879900195,0.7326993764960433
291,35.561114442534745,71.06198998168111,72.00851440429688,8.088014395907521,4.550104892812669,1,,736.9283686620672,0.0006556162425545213,0.9756788350260469,4754.221636477704,0.003892602133869492,0.7331350832467094
292,33.8689578929916,95.43418990448117,64.88404899835587,8.45530873350799,4.818807513918728,1,,737.9314581029633,0.00026392699479930044,0.9664093852691847,4740.8866010543425,0.0009834671694201893,0.7325587430742473
293,29.126460454426706,63.90568673610687,55.51815278828144,9.266264358535409,3.3166871215216815,1,,737.0348157172607,0.0008428105323393009,0.972168840617409,4743.5749919088175,0.003809224007426023,0.7334535301057749
294,27.3317551612854,109.54589842818677,76.27096723765135,6.833746561780572,3.9599060541950166,1,,737.2814277871244,0.00012128782825630556,0.9760250658774295,4769.279119411918,0.0003515468771266399,0.732491380248259
295,39.47135322727263,77.82208350487053,43.154711462557316,10.50113639049232,5.422806869726628,1,,737.9044221013625,0.0008369984734827959,0.9539318819025758,4699.100429378942,0.005090222792896322,0.7335207271472504
296,38.99837979581207,85.3167215269059,79.06515814363956,9.504446754232049,3.892904649954289,1,,737.6467983009333,0.000655475216415054,0.9623359398929059,4727.656907000452,0.002607322710810471,0.7324248994300752
297,28.740398013032973,67.62647450901568,40.95134079456329,8.76811501197517,4.887121868785471,1,,737.3745732214404,0.0005219686125756254,0.9722918704589832,4742.986468070413,0.002891135093061199,0.7330598536640381
298,30.53375099785626,99.33078041300178,62.09229949861765,11.222705779597163,4.2803404475562274,1,,738.4036951861297,0.0006427584304502009,0.9372423504123687,4664.046273079574,0.0009702732066571527,0.7327087468393833
299,33.393673710525036,81.8358451500535,57.72884767502546,7.43655757047236,3.2469030930660665,1,,736.8823978439832,0.00040151400042732143,0.9786203442663457,4766.614022484559,0.0014559653613153783,0.7324426592892526
300,35.086281429976225,104.14351899176836,45.457894913852215,6.295818915590644,3.6035437947139144,1,,736.8861373561394,0.00016314409631959764,0.9810680599590642,4778.935986237972,0.0005748205287878225,0.7326878793253813
301,32.32844258658588,73.39170103892684,74.8417678847909,11.601741464808583,4.636914019472897,1,,738.2988442915627,0.0009599511288055858,0.9469734533713907,4684.790574624165,0.003626538869517729,0.7331564468412327
302,26.68209165800363,93.3521215710789,53.368177115917206,7.683022918179631,5.243353012017906,1,,737.8016417394836,0.00011810226308252975,0.9727426535819679,4755.45786036009,0.0006001725295863848,0.7325061338207746
303,37.042157533578575,62.40499037317932,66.50183744728565,9.8512390460819,4.249202326871455,1,,736.7888448344587,0.0014720968674194744,0.9663288141705514,4750.54606102556,0.007362727094155081,0.7332568591213318
304,36.61916642449796,92.20671825110912,42.29993559420109,7.084213184192777,4.463012017775327,1,,737.0584119363817,0.0002566622385199181,0.9777976185556333,4767.814419277716,0.0011380312962679107,0.7324994838063538
305,26.376322973519564,60.48137689009309,77.91672050952911,10.824889903888106,3.1524654985405505,1,,737.323528106132,0.0010974145899411768,0.9628719441366335,4723.158690602018,0.003863600100938997,0.7336584597369794
306,31.9640453113243,106.12234984524548,59.03833869844675,8.368860935792327,3.7590612140484154,1,,737.77912229848,0.0002975206457494867,0.9645639822643585,4738.024896048617,0.0006130370642248501,0.7325028309938711
307,34.83910646755248,74.5923217292875,60.90491693466902,9.153494792059064,5.1085125603713095,1,,737.4701204489289,0.0006001085019310606,0.9670203605219992,4731.132741826849,0.0033025867968368046,0.7330367636512835
308,32.7656332263723,98.95956403575838,73.48776590079069,10.297185374423862,5.377186864614487,1,,738.9480825494596,0.0004008217807702873,0.9466003927005273,4690.10372696042,0.000964662977295957,0.7327145788399111
309,30.02287549432367,79.12391860969365,46.60197410732508,7.986916417255998,4.027821125462651,1,,737.2119456320357,0.0003562392320636258,0.9751645925546362,4753.701880465522,0.0015212280666265937,0.7326540683828482
310,28.053763583302498,88.07127693668008,65.1867863535881,11.907028818503022,3.420881789177656,1,,738.3000499184051,0.0008015491873346331,0.9363396837377458,4656.616646842654,0.0011755562706061973,0.7327257250895111
311,38.42891068197787,68.04031975567341,54.5513541251421,6.740325612947345,4.731342105194926,1,,736.5568364043206,0.0006624342996298167,0.9828129188773077,4772.780163286642,0.004023210007345685,0.7332492060301788
312,39.83574332203716,107.56659073755145,67.98097435384989,7.737291360273957,3.1780891697853804,1,,737.6169700118539,0.00030935059346748735,0.9701011286270668,4751.884237895201,0.0007249145694430934,0.732672915493119
313,27.578937360085547,76.62098597735167,52.34798651188612,9.972753329202533,4.332385819405317,1,,738.0584217849864,0.0005311650954199409,0.960542933854493,4719.050029092996,0.0017379270112063694,0.7324430674094006
314,29.549444438889623,96.58064226619899,70.69601930677891,6.030751062557101,4.97544795460999,1,,736.9434075574718,9.141474882863384e-05,0.9831138874751439,4785.634124951051,0.0004831367322158508,0.7324935300577283
315,34.17473364621401,65.83034926094115,48.812665939331055,11.316029543057084,3.7822464406490326,1,,737.1224613771765,0.0013461404847802188,0.9555408622180269,4714.368444193316,0.005831063857859659,0.7337142332531198
316,36.247741635888815,88.14222075976431,56.87403351068497,10.9457803722471,4.138915459159762,1,,738.2806099927554,0.0007538057469250065,0.946584826483271,4692.129681751144,0.001883749354211529,0.7324364382000362
317,31.491078613325953,70.64881230704486,63.738167360424995,7.139262752607465,5.3320313659496605,1,,736.9072075266399,0.00038981385845201274,0.9806879561404411,4768.476405205171,0.0022366405083030657,0.7326319772524622
318,25.90103216934949,102.35082771629095,44.47156500071287,9.570295142009854,4.688626206014305,1,,738.1536692821867,0.00033505594813021324,0.9540178351399801,4706.870961358256,0.0006372957135203891,0.7326732858144848
319,38.02646453958005,84.66210601851344,75.08591149002314,8.901483898982406,3.534415759611875,1,,737.3740938813324,0.0005898171638345008,0.9678212758879333,4738.2777545736335,0.0022187858828235864,0.7326259179494988
320,37.92255917098373,109.63660072535276,42.948074489831924,10.003115130588412,3.669321974273771,1,,738.0426644063317,0.0005119055179788367,0.9471353087260846,4696.397143382891,0.0007958419279010284,0.7324827347471626
321,25.80436530057341,77.32225818559527,77.3125260323286,7.718480939045548,5.176320317666978,1,,737.454571054955,0.00020106576939909733,0.9762590515311254,4761.101939208314,0.0011471177608227837,0.7324308703010471
322,31.334773944690824,95.72020106948912,55.897514782845974,11.287768984213471,4.533067428972572,1,,738.4816919285037,0.0006581691850952631,0.9382462111377767,4665.984459349982,0.0011051043400038061,0.7327217125000125
323,36.084484569728374,63.21054677478969,64.01156265288591,6.047091169282794,3.065279088448733,1,,736.2653358123346,0.0007703584736727375,0.9880219302100065,4786.203634919945,0.00370177057017457,0.7328676715069677
324,34.27612109109759,90.80999399535358,71.59442413598299,7.2149476278573275,3.3336578281596303,1,,736.9999622485686,0.0003042951043640883,0.977904774289135,4765.517148131074,0.0010084543747223128,0.7326755898599809
325,29.6577840577811,71.5572223905474,48.4611376747489,10.881649738177657,4.801512553356588,1,,738.2027741276762,0.0007371112673997028,0.9544866239629914,4703.8621746124945,0.0028890368020375113,0.73286030752055
326,27.745084171183407,101.69905064627528,69.58256028592587,8.824796414002776,5.445032172836363,1,,738.4878883576296,0.0001888620959184409,0.960578638439492,4726.195910777514,0.0005779565276265265,0.7326779195574904
327,39.994651856832206,82.64159228652716,50.199524611234665,9.635065035894513,3.9379668487235904,1,,737.5022927024182,0.0007464630652279634,0.9622453933514477,4718.854896673098,0.005004068222542044,0.732999224871937
328,38.59128094278276,93.0659189261496,67.41337236016989,10.84140739403665,4.9089753879234195,1,,738.7587609984507,0.0006472494385876299,0.9440901253727264,4686.807552515526,0.0017649180316907077,0.7324907525250797
329,28.209124449640512,63.09994034469128,53.02789229899645,7.056130008772016,3.8707268768921494,1,,736.6398001433885,0.0005413161119549955,0.9836040053122644,4768.921524051754,0.0029370453566368074,0.733118004981372
330,30.120486388914287,104.05262670479715,73.76117065548897,9.134873198345304,3.2642455836758018,1,,737.6753950268251,0.00041964849533672385,0.9584181879018211,4717.288884000489,0.0006515365430122044,0.7327042012908715
331,32.87042517680675,73.89133487828076,45.625445768237114,8.399411564692855,4.263284054584801,1,,737.1393146258179,0.0005414436049905188,0.9735925479319749,4751.195146421379,0.0026611952228209976,0.7326198917478256
332,34.67925413046032,99.61238940246403,58.68681989610195,8.051863694563508,4.61963828606531,1,,737.7809457646885,0.00023574202668522244,0.9686672552540004,4747.1878295392535,0.0008364784495462254,0.7325003315063134
333,31.79701169487089,81.14548212848604,61.80331215262413,10.220675272867084,3.620533430483192,1,,737.9134285588317,0.0006917729191144705,0.9573819908839585,4709.7856589082985,0.0017452670693731463,0.7326523999565063
334,26.268869936466217,85.40302760899067,40.15144515782595,6.6763838063925505,4.2272820505313575,1,,736.9929200114044,0.00014806770743018953,0.9816118142364586,4774.957977072217,0.0007333885603736426,0.7324868132722533
335,36.51872300542891,67.13143208995461,79.51833512634039,11.982902521267533,5.265597542282194,1,,737.6179948382518,0.0014428940622206049,0.9447861674523161,4698.12980985007,0.00714970245148478,0.7339866724220052
336,37.15042562689632,87.38568247295916,54.34478219598532,8.75011139921844,3.1353326626122,1,,737.3415780175528,0.0005348415212015575,0.9683110261340623,4741.9610037524135,0.0015971204591469154,0.732448833410531
337,26.783407577313483,68.32974943332374,66.22835654765368,9.533967414870858,4.479820599779487,1,,737.6615863252277,0.0005402882416547985,0.9669837673632218,4726.7801220488,0.002540248125882407,0.7331392917695586
338,32.48730820603669,98.46929017454386,46.98128059506416,7.453738817945123,5.086716406047344,1,,737.6238745720335,0.00015286972446097193,0.9733192163376566,4757.215165317327,0.0007026744459580378,0.7326974405060238
339,35.25238532572985,79.2180453799665,72.61525861918926,11.19363841228187,3.7811434660106897,1,,737.8480323829247,0.0009314466202194367,0.9494418465630386,4692.5755257732,0.003109477016536236,0.7326154188863753
340,33.29707836732268,106.80948024615645,60.49076162278652,11.53823453374207,4.04953144909814,1,,738.6573406029343,0.0006564649628852815,0.9288769310338838,4643.836746990402,0.0008823783392483401,0.732753004839682
341,30.429917154833674,74.3013508990407,59.877261966466904,6.370845755562186,5.355190443340689,1,,736.7518579683638,0.00025572574392816847,0.9841933593837984,4777.966438613889,0.0014772812533599582,0.7324764851573493
342,28.57718386221677,92.69853251986206,78.16668678075075,9.91666697524488,4.7485607718117535,1,,738.443535507414,0.000403121919087658,0.9539690781083281,4706.936944178036,0.0009578216081669243,0.7325095495973359
343,38.84211804252118,60.38571641780436,41.30293633788824,7.605711730197072,3.40398737648502,1,,736.3848548542617,0.001308670238891305,0.981127318663273,4777.514620622377,0.006177713014362282,0.7330825241736123
344,39.30436252616346,102.84167303703725,75.99749580025673,6.399459471926093,4.349213330540806,1,,736.9190860853637,0.00018416057826610942,0.9803549437086153,4781.3303689615,0.0007782542933292333,0.7324539759473271
345,27.171945739537477,84.5685521978885,44.13130693137646,11.685606630519032,3.1609755610115826,1,,738.0861452010905,0.0007951871008030714,0.9412794514262304,4672.051898840159,0.0011922425606519897,0.7324819122139029
346,29.026088560931385,88.82838817313313,62.657511197030544,8.117712439969182,3.80434791976586,1,,737.4902668275496,0.0002945094386215114,0.971617453588362,4751.590164492008,0.0009335482136575993,0.7324658138061105
347,33.761576381511986,70.35995408892632,57.04156715422869,10.354043802246451,4.953670729417354,1,,737.7298173698565,0.000841105617961532,0.9592560994727115,4713.489317920581,0.004665591084919509,0.7335642231831566
348,35.71643239352852,96.08825504779816,49.770588763058186,9.189141998067498,5.31001571752131,1,,738.3937254435923,0.0003108436434978458,0.9593487768734799,4721.960160322737,0.0011121268792600113,0.7326909106442918
349,31.083929664455354,65.92543827369809,70.40700521320105,8.520925490185618,4.160606853663921,1,,736.9840179034087,0.0007071065070027467,0.9749635642368671,4749.245526522478,0.003911835293467992,0.7334600675139779
350,25.377719178795815,106.8788888771087,51.548149809241295,10.576340613886714,3.5175024177879095,1,,737.4599235584001,0.0004985484643290162,0.9434449793606947,4677.560763629468,0.0011038991375209683,0.732546255754959
351,37.61312128044665,76.91138385795057,68.43416854739189,6.77041701413691,4.70582564547658,1,,736.7257855580278,0.00044697165195580965,0.9816583096900883,4770.225666925318,0.0024394004475766693,0.7327473446279779
352,37.29415000882,94.88997900858521,74.50158428400755,7.547514947131276,3.9953895467333496,1,,737.2450737029385,0.00029955612873786393,0.9744726354518536,4761.348140180794,0.0010833448270244116,0.7324739542105505
353,25.0512986863032,63.94435040652752,45.13523790985346,9.7873680498451,5.4975103116594255,1,,737.9746155854162,0.0004815206671982856,0.9649342819003743,4721.148380256963,0.0029200305492223647,0.7336842736422321
354,30.699958326295018,108.90327355824411,66.82569891214371,6.218881806358695,4.851506948005408,1,,737.1673926015347,7.204389738745864e-05,0.9801813471531223,4778.027898663915,0.0003454503102083376,0.7327725472780632
355,35.33965993672609,78.15295671112835,53.709597662091255,11.502691330388188,3.3886063559912145,1,,737.5751306232105,0.0009852579286618235,0.947874307277668,4687.163780123788,0.0032839391802274402,0.7328436510273606
356,33.618214782327414,100.86768408305943,40.64760364592075,11.135397283360362,3.032309046946466,1,,738.1614457478386,0.0006208346372960544,0.9382329995962634,4667.2002783680555,0.0008795627136818847,0.7326959575551879
357,28.875506399199367,83.37425178848207,78.78417730331421,7.3244870994240046,4.495276619680226,1,,737.1890876250061,0.0002174460108391084,0.9780177109641323,4765.039235864941,0.0010651610960458909,0.7324812034952265
358,27.080771406181157,90.07704801857471,58.011065162718296,9.381959119811654,5.140935766510665,1,,738.4931487690999,0.00027527410245572386,0.9593899429211229,4720.1125114057595,0.0008963615625242083,0.7325159061986963
359,39.2206161795184,72.3883024789393,62.39724140614271,8.71461540274322,3.638748616911471,1,,736.7321183739012,0.0009062633706698847,0.9727616252498356,4747.940797684831,0.005495190955361383,0.7333105037194397
360,38.75105409882963,104.88332401961088,55.21687716245651,6.8989878091961145,5.208211631514132,1,,737.3160589402768,0.00015839044685036181,0.9760889187531853,4767.737896720411,0.0007284311782346715,0.7327142889258937
361,28.493326175957918,73.15800650045276,64.60060901939869,10.635274110361934,4.1748410342261195,1,,738.0616738507379,0.0007310705012309534,0.9566691036822603,4707.988628112458,0.0022901020729355227,0.7325938849939949
362,30.286666895262897,93.79972451366484,43.43935023993254,8.555729119107127,3.5705022113397717,1,,737.6774968286306,0.00035994330488684965,0.9667821221500251,4737.268905015742,0.0008552292733829006,0.732692487118549
363,33.146385815925896,62.269720239564776,76.57348547130823,9.341831216588616,4.564652672968805,1,,737.0304028336338,0.0010487484508652596,0.969927393528023,4751.203574180546,0.005983948988621352,0.7332382045085145
364,34.8682955512777,86.23410667292774,68.99000409990549,10.482570251449943,4.29629330476746,1,,738.3183318012523,0.0006635831344334755,0.9518976241271887,4700.456756398827,0.0018179495743844685,0.7326554394756182
365,32.110653347335756,66.39848508872092,50.87634723633528,8.176693143323064,3.30207586241886,1,,736.7456231288184,0.0007562104364328292,0.9778827247207701,4757.603132133469,0.0038248355683095448,0.7331595823601588
366,26.464318707585335,100.34505067393184,72.32995487749577,11.720365913584828,3.9060722566209733,1,,738.1533114069516,0.000652723381639424,0.9319963357392289,4648.428696732777,0.0008546763700261401,0.7325522979987965
367,36.82412357069552,80.31411733478308,47.966046929359436,6.552195897325873,4.9395092385821044,1,,736.7667717422559,0.0003462119670251108,0.9822286072240104,4774.1948547917655,0.0018121602973556498,0.7326610877927539
368,36.368209212087095,97.64011575840414,63.417493999004364,9.694038586691022,3.4370116721838713,1,,737.9198001652123,0.0005377559225297333,0.9555518712645782,4712.567714652438,0.0010355316249785595,0.7324935981298475
369,26.125555359758437,79.94984489865601,56.531866267323494,8.953315710648894,4.786377187818289,1,,737.9801771912915,0.00028723690984590983,0.9668411732002086,4738.329747954536,0.0012514838774544577,0.7324271743543813
370,31.713332878425717,86.65340574458241,75.42931567877531,11.034390455111861,5.390530304983258,1,,738.9861916656857,0.000549984683890681,0.9444828778416705,4686.612746459714,0.00152188363176405,0.7324569475280643
371,34.58812575787306,69.15844663977623,44.7934428229928,7.249711202457547,4.080069616436958,1,,736.6689480304912,0.0006181467599125333,0.9812075457526525,4762.685182240701,0.003478225743219289,0.7333055816275054
372,32.54395855590701,91.868976354599,52.06380132585764,6.10602037422359,3.7237439998425543,1,,736.6879423969821,0.00018480198927576735,0.9840426384138241,4784.237343198522,0.0007716436342934712,0.7324880752380639
373,29.801447642967105,61.11713455989957,67.68044155091047,11.416335487738252,5.034290146548301,1,,737.7669911959994,0.0011574011217825436,0.9543604162318846,4715.5142180070225,0.005844505554065073,0.7324725177405369
374,27.832305137999356,106.07834783382714,49.11440350115299,7.87117731012404,4.429793408606201,1,,737.7644936579367,0.0001774032228520521,0.9683968583993333,4744.148390411294,0.0004782657643586636,0.7327120085471711
375,38.20724118035287,75.13119279406965,70.98144114017487,10.037925912067294,3.0803418387658894,1,,737.0149947870319,0.0009495951678720711,0.9633135343648945,4722.07286692907,0.00506202203875338,0.7333795251601131
376,39.61794382892549,89.65708137489855,46.320212595164776,11.853643650189042,4.6728408564813435,1,,738.4573625714505,0.0008991017677129479,0.9349495177728919,4661.943584997015,0.002643605244944082,0.7326345544540507
377,27.36093396320939,69.6276733558625,73.18481180816889,6.618135524913669,3.4797251732088625,1,,736.5895071974437,0.0003642658074749362,0.984974454002051,4773.408102331612,0.0017662814726970841,0.7327906026601098
378,29.331427882425487,103.5734773054719,54.855550825595856,10.185183567926288,4.12522752257064,1,,738.1191997433472,0.0004918608528378084,0.9473441447454468,4688.909279112853,0.00075667765805504,0.7327093587056671
379,33.95697106141597,83.7393825314939,65.46974666416645,7.899859691038728,5.2794383415021,1,,737.4008181173072,0.00030377817943994613,0.9734716307069966,4755.53505638812,0.0015219603517827934,0.7324605769337296
380,36.00068821106106,107.70872658118606,77.59362377226353,8.27010834775865,5.0111072808504105,1,,738.1692964137262,0.0002092259424111841,0.9641143903338673,4736.576481968782,0.0006935094868976121,0.7328051846534555
381,31.24376406427473,76.18024725466967,41.96018934249878,9.076672123745084,3.8568110037595034,1,,737.4676355128175,0.0005598653830191462,0.9685765539051605,4740.159795621307,0.0021059015065701884,0.7324591047138841
382,25.653733015060425,96.81967812590301,61.24586168676615,7.020593957975507,3.2109656296670437,1,,737.0863013406948,0.00018866353861440424,0.9776522594124243,4769.820422766409,0.0004784738965514947,0.7324806223169238
383,37.779362136498094,65.09588704444468,59.362678341567516,10.689450597390532,4.404167367145419,1,,736.9037529612127,0.0014973659692552154,0.9590808618077761,4735.196523228471,0.007374878583778737,0.7321713682009906
384,37.88854962680489,99.14044448174536,78.29746402800083,7.289721792563796,3.07512774085626,1,,737.1025953267134,0.0003046510531320218,0.9759330046543646,4761.911369131101,0.0008493275161160158,0.7326963462274358
385,25.63153517898172,81.67141432873905,41.411378383636475,10.982839928939939,4.541838112752885,1,,738.4401962602104,0.0006118092415271901,0.9489035900703329,4689.422450715373,0.0013529903735921677,0.7326670344390986
386,31.29159666597843,85.12714918702841,60.38744989782572,8.914219038560987,5.185240292456001,1,,737.9977055251607,0.0003047966841054563,0.9655080048965562,4733.420885787292,0.0013410857841116366,0.7326657218167131
387,35.917135486379266,67.46280578896403,59.751119427382946,9.745044266805053,3.679624460171908,1,,736.8741337356668,0.001097975955439734,0.9673585613025559,4738.554899208849,0.005641211416169052,0.7334241991756775
388,33.97642253898084,93.58974708244205,47.178338281810284,10.080867821350694,3.9479549201205373,1,,738.21914771498,0.0005669082807685401,0.952776534691505,4706.410399078059,0.0011689328880688057,0.7324788823551265
389,29.21949403360486,62.619787864387035,72.79421541839838,7.816692603752017,5.453656210564077,1,,737.2283977741645,0.0005356106277898987,0.9782039258147547,4756.513750098084,0.0033513461751387735,0.7334952679039267
390,27.439908827655017,104.3803824018687,54.15077596902847,11.374310715124011,4.810598247684538,1,,738.6964619645663,0.000557931416162129,0.9323571537360225,4650.766717778105,0.0007977321733879543,0.7327360134175583
391,39.56553336698562,73.60573493875563,66.01705081760883,6.159951293841004,3.3438018215820193,1,,736.3661712901313,0.0005835322538994037,0.9861400477862403,4778.1841040958025,0.002993773776891388,0.7330363469223488
392,38.156211134046316,91.0620782431215,51.36146787554026,7.95360623113811,4.252521122805774,1,,737.3331216897267,0.0003658420418200334,0.9722259542948954,4753.195379877019,0.0014247401086787447,0.7326310877584151
393,27.913561640307307,71.250787274912,68.22530429810286,10.142968380823731,3.254560583271086,1,,737.5913056677919,0.000765341184499931,0.9628246445404173,4721.030466839303,0.002186604855789941,0.7327149836255931
394,29.694556375034153,102.14567551389337,49.9749705940485,6.563477927818894,3.861500515602529,1,,737.0871295672121,0.00013000010844111437,0.9794623381303817,4772.373376983225,0.00046549166899794895,0.7327781066430354
395,32.56935383658856,82.13907279074192,70.58840334415436,11.89640654437244,4.898366478271782,1,,738.7505519039199,0.0008418694643122373,0.9382610134010568,4667.235869076989,0.002093826389262401,0.732637114176669
396,34.50961561407894,109.33263920247555,62.556640803813934,10.740263001993299,5.254692695569247,1,,738.8059965220389,0.00047282067595399394,0.9369468185568364,4669.314556488933,0.0008162132601949492,0.732519604287164
397,31.7671092832461,77.58291954174638,56.922748759388924,6.981310045346618,4.217741274740547,1,,736.8335519575194,0.0003367382618654828,0.9812245708285778,4772.105259330081,0.0016450760285563186,0.7324513768817204
398,26.104737939313054,95.22169296629727,76.13071452826262,9.02493972145021,3.6111437710933387,1,,737.6848533383578,0.00038917785359151387,0.9624229188119446,4729.079328375512,0.0007185326400354881,0.7324882161566475
399,36.479678340256214,63.66728655062616,44.2470732703805,8.309943186119199,4.609190364833921,1,,736.7890125811142,0.001004723520304323,0.9754221035423155,4761.574549509976,0.005964092524304373,0.7332745456542858
400,36.72685964498669,96.41619849950075,69.38159231096506,11.451878925785422,3.7703817076981068,1,,738.1663192185091,0.0007587478474308092,0.9367365254964998,4668.349779775685,0.0013249073978938986,0.7324857759663843
401,26.469128928147256,65.640026088804,50.01478832215071,6.258165718987584,5.077032616361976,1,,736.6332983371218,0.00026625605291688776,0.9863210837494515,4776.664685761567,0.0016993100284638232,0.7328775908671151
402,32.072884142398834,107.40291074849665,71.78379513323307,9.839100452139974,4.470593027770519,1,,738.2876792110391,0.0004210608362913851,0.9490375509672223,4697.8421409205175,0.0007303715204391233,0.7325126365871689
403,34.93260049261153,76.43142509274185,48.66723597049713,7.507680108770728,3.1247225794941187,1,,736.7191551580565,0.0005311006923860835,0.9796376487757634,4765.4750521376,0.002230973124025557,0.732618023217556
404,33.13882923685014,102.56561282090843,55.76210230588913,8.660868862643838,3.393081356305629,1,,737.7441815003166,0.00037264323730869226,0.9632704813743447,4734.80844865678,0.0007165657558027566,0.7324807390096852
405,30.381184462457895,84.89974410273135,63.89791317284107,9.42417430691421,4.739018785301596,1,,738.1375106094396,0.0003853740588367734,0.9617288569740098,4724.448787362569,0.0013617433429044265,0.7326473997711831
406,28.42444337438792,88.35624357685447,43.047475926578045,7.379144696518779,5.3458019946701825,1,,737.5180091007051,0.00014360887056658392,0.97602458827962,4760.25463373802,0.0007843621995682463,0.7326890843069332
407,38.78424544353038,70.88568661361933,77.43288908153772,11.092634389176965,4.039084701333195,1,,736.9436380001957,0.0013326850541731526,0.9545208534483202,4715.093356046389,0.006821135083861857,0.7322281200453905
408,39.259765576571226,106.31115989759564,40.25817073881626,9.298889307305217,4.963515786919743,1,,738.5660964518152,0.00035039358417029287,0.9547448432881934,4716.0889252498455,0.0009300939636869306,0.7324994611463237
409,27.016916824504733,74.75827842950821,79.6411395072937,8.61021382547915,3.8131150458939373,1,,737.3900376029046,0.0004210285228784776,0.9722282266765286,4748.583018720556,0.0016532782299910418,0.7324215616278978
410,28.97231996525079,92.39476471208036,58.55873171240091,10.677298882976174,3.169899093452841,1,,737.870001833186,0.000642706064118774,0.9478793265154292,4689.372627677349,0.0009644622682597802,0.7325038186829014
411,33.61202436964959,60.646571489050984,61.692104153335094,6.8450568895787,4.359519411344081,1,,736.51177563701,0.0007610550976160736,0.9840343360442564,4778.3137221493325,0.0042979247080810155,0.7329842098176059
412,35.40626087691635,87.83212554641068,73.95298313349485,6.5121853072196245,4.715817311778665,1,,736.8559764269106,0.00024046236211848262,0.9816597736535077,4778.213830358837,0.0011742797871283205,0.7324711680268573
413,30.663555287756026,67.82704814337194,45.838868357241154,11.771916439756751,3.526130013167858,1,,737.5634667438301,0.0011802249565280483,0.950593389026125,4691.904091736182,0.004159195707426346,0.7324974266856243
414,25.06206695921719,98.72117474675179,67.21484571695328,8.215789815410972,4.169688990339637,1,,737.6986607586589,0.0002233517000814768,0.9678629516092165,4740.640440419762,0.0005514843158108207,0.7327170073548919
415,37.20191430300474,78.9114105887711,52.850480154156685,10.431564571335912,5.320156116038561,1,,738.1374461098317,0.0007141543795119763,0.9543779458993611,4706.47133573177,0.0036637396674500874,0.7326841223669597
416,37.57857097778469,85.95784938894212,49.22597397118807,11.245376536622643,3.3792274254374206,1,,737.6657671339879,0.0008479759878611213,0.9462133173234581,4686.030604476184,0.002376655128201842,0.7325556097615524
417,25.44615854974836,66.72947992570698,71.10909070819616,7.413909701630473,4.8410506821237504,1,,736.9942684375641,0.00032871765606339634,0.9806290254517172,4765.50296427702,0.0019499511776619276,0.7326700776119465
418,30.989855527877808,99.87424680963159,51.94063447415829,9.483149288222194,5.486594736110419,1,,738.7904976853553,0.0002702604433456166,0.9547499804816594,4713.699710283899,0.0007897076309382618,0.7324858692382256
419,35.725347930565476,80.8411905914545,67.5741545855999,8.78938958980143,3.9858571155928075,1,,737.3720289332663,0.0005509990162351603,0.9693309986521987,4741.111160393798,0.002287567373964153,0.7326396917635509
420,33.69588381610811,105.2114637941122,75.60651794075966,7.660375049337745,3.629511526785791,1,,737.4987952347617,0.00024511457601093356,0.9709612094541098,4751.367770227947,0.0006197945530218534,0.7327258970629941
421,29.063385669142008,72.8727906383574,44.99225549399853,9.87390980310738,5.130335201509297,1,,738.0198759025795,0.0005008776330104564,0.9619613267612279,4721.23371635574,0.0023722444224162234,0.7327717559217093
422,27.167607615701854,94.32240490801632,63.20428129285574,6.317093493416905,4.484524416737258,1,,737.0069788181943,9.776324801805727e-05,0.9820568085440584,4778.677634114757,0.0004912450610175733,0.73268049140716
423,39.40301407594234,61.78841999731958,56.33976776152849,11.580443998798728,3.022615701891482,1,,712.2340868037705,0.0019447788379152594,0.9878919653093331,4734.052966980771,0.005973206078230916,0.7326398211714212
424,38.93482578918338,101.31545671261847,61.03997312486172,10.39607429690659,4.573725254274905,1,,738.6434899117975,0.0005575674297547365,0.9453747882983959,4689.325727310478,0.0011873734823452098,0.7326857923948483
425,28.567803157493472,82.87288005463779,59.17302116751671,8.063787242397666,3.5806521652266383,1,,737.3058417286294,0.0003379335885975807,0.9738749748453879,4751.923980030082,0.0011435186401751415,0.7326619390667511
426,30.464932625181973,90.32874818891287,77.77815032750368,11.642658999189734,4.184842218644917,1,,738.3465312053381,0.0007731814854448996,0.9374622861991506,4664.535308021376,0.0012718717406649393,0.7326851285330611
427,33.230005386285484,72.08148328587413,42.16144349426031,6.453938456252217,5.216829708777368,1,,736.7000979485274,0.00035862579431197015,0.9838951695384792,4773.166087730291,0.0020612969868165766,0.7327999214307452
428,35.25901922490448,94.39032984897494,54.73482545465231,6.809519408270717,4.948442326392978,1,,737.1043976646804,0.00018664121772109935,0.9788271226111694,4769.602647604164,0.0008947663775283233,0.7326938682073564
429,32.39185365382582,64.39994912594557,65.37078399211168,10.525340655818582,3.916368782054633,1,,737.2664027874848,0.0011507267255401693,0.9622314591303237,4727.502631030121,0.005608121884227322,0.733595391775428
430,26.84590314514935,108.59969089739025,46.434224396944046,8.480909178033471,3.3119114018045366,1,,737.453226720816,0.0003216984430408962,0.9631562948079255,4730.629917704984,0.0020411049622930805,0.732716970473532
431,37.11083274334669,78.41399692930281,73.31978552043438,9.240686802193522,4.30506994901225,1,,737.4387370912785,0.0006682835881124686,0.9662995115568354,4730.876237336087,0.0033635910333685956,0.7328707839234226
432,36.57069003675133,108.23160665109754,57.829304561018944,6.007988775148988,4.089145792648196,1,,736.8588712200644,0.00012706008286710426,0.982100732032437,4785.398416517638,0.0005088515602022786,0.7326463098835216
433,26.18853611405939,75.69914668798447,62.19329819083214,11.338768942281604,5.40068381652236,1,,738.9659642579757,0.0005560899809255537,0.9469418478159555,4689.274012643042,0.0018160504489981306,0.7324122633480042
434,31.910304501652718,97.1479996945709,40.85683036595583,7.758497251197696,4.796374814584851,1,,737.7004217085442,0.00018373579533667223,0.9715078293700278,4755.336346693158,0.000751773095143012,0.7324779398207436
435,34.6602460835129,64.81085297651589,78.9704206213355,9.951570326462388,3.4456261545419693,1,,736.7904875799807,0.0012060182869804202,0.967179666401535,4742.432995488045,0.005743166237934278,0.7332411914123914
436,32.953505804762244,89.18608379550278,66.71014245599508,9.593034541234374,3.0892713316716254,1,,737.6905340140181,0.0005649499675034148,0.9600779240967924,4719.5744129504255,0.001137043661807248,0.7326646811682406
437,30.071266163140535,70.1545528974384,53.57609290629625,8.878721611574292,4.440086376387626,1,,737.3185437152886,0.0005587110311125868,0.9712841266268986,4740.413198024906,0.002779410762673259,0.7329025869677218
438,28.232709909789264,103.29703226685524,74.6201927959919,10.924597369506955,5.044129243586212,1,,738.6652575820398,0.0004892241590415559,0.9382522571983213,4665.10003456531,0.0007862835911074132,0.7327306314357579
439,38.48256554920226,84.07018961384892,45.236394330859184,7.160468643531203,3.7325242389924824,1,,736.7791028859896,0.0004276539448770299,0.9794945028747202,4767.781248680362,0.0019083660446380585,0.7326509214046728
440,39.88457029685378,91.56559336930513,72.45588768273592,8.344748245552182,5.270058237481862,1,,737.586424910145,0.00035634475534106436,0.9682786539518606,4743.30846890589,0.001635294297768526,0.7326722194113052
441,27.766373632475734,61.378374453634024,48.06964483112097,9.177630370482802,4.114770045969635,1,,737.1326699172828,0.0007817009358522129,0.9723993508941478,4746.732243713485,0.004133095764188601,0.7333186908500298
442,29.603535612113774,105.57888046838343,68.88177178800106,7.109882270917296,3.468810808379203,1,,737.2521722829453,0.00018272116659551934,0.9751549510667896,4765.834535692082,0.0004592848197377154,0.7324926080003469
443,34.35324366670102,75.58697330765426,50.74528381228447,10.799197928979993,4.6633095988072455,1,,738.1023801627389,0.0008286444875752354,0.9535114352959572,4699.961532687643,0.003623914529347736,0.7329612969454342
444,36.06044830288738,97.89162221364677,43.65101829171181,11.93116439692676,4.394931450486183,1,,738.5687368668819,0.0007926322083504821,0.9289401814283176,4646.345003664187,0.0013038581849536682,0.732722613540543
445,31.44210869912058,79.64283199049532,76.76705293357372,6.7162129227072,3.200366275385022,1,,736.651688619768,0.00033844926078984696,0.9830364169566482,4775.584756744087,0.0013553738376229584,0.7324693521628182
446,25.72266531176865,87.10099061951041,55.037558041512966,10.271493399515748,3.846057590097189,1,,737.9353875932616,0.0005708918708304178,0.9540344403021646,4701.199780734585,0.0010353485542723812,0.7327111139826973
447,37.972230203449726,68.65688715130091,64.40399009734392,8.012585503980517,5.001412762328982,1,,736.8368758315776,0.000784565583477084,0.9755812304608329,4759.642966442662,0.004996255802348838,0.7331917141870065
448,38.10999555513263,93.63376772031188,57.2641721367836,9.113667285069823,4.862846831791103,1,,738.1003667279489,0.0004011790524900133,0.9613099889391034,4727.694485488941,0.0014057017389287418,0.7326595711920346
449,25.85319216363132,62.080910094082355,62.88049943745136,8.420594589784741,3.3571451688185334,1,,736.8971916060898,0.0006444204331332272,0.9776012750545777,4752.573573687676,0.0029806700130948272,0.7334149129758907
450,31.513283853419125,104.71812951378524,43.924413435161114,10.864169703796506,4.002989946864545,1,,738.302186138557,0.0005915317299134045,0.9389181195795477,4668.088865207756,0.0008430756695527726,0.7327233481150053
451,36.138575854711235,72.96996013261378,75.7905337586999,7.033390587195754,5.4697861494496465,1,,736.8439680769507,0.00045654728450699654,0.9802997084782695,4764.265415719666,0.002698793603499762,0.7329385992402572
452,34.22715106513351,100.55832237936556,68.53024307638407,6.697566831484437,5.1131165395490825,1,,737.2379109000155,0.000131432417519963,0.978279948511204,4771.878800509311,0.0006378392473782498,0.732697314181706
453,29.470490836538374,80.55326881818473,51.64368849247694,11.961696607992053,3.64640594413504,1,,738.0743732115428,0.0009284034391136017,0.9403987545964709,4669.075665118317,0.0017026940970449515,0.7326230360248027
454,27.690849946811795,86.44661460071802,70.30742563307285,8.029124272987247,3.000905382912606,1,,737.2662942749653,0.00034884956220252746,0.9734169039667588,4754.40542367066,0.0008791790259664834,0.732465954268595
455,39.81628488749266,66.63687428459525,49.67123031616211,10.243437582626939,4.506520842667669,1,,736.8315835887934,0.0014544317103652045,0.9614787609424748,4740.848801443935,0.007757996870015758,0.7333279719401037
456,38.403494195081294,109.093596637249,73.09673082083464,11.26209987513721,3.558550690766424,1,,738.3782561049887,0.0006322786532739395,0.9319203680390703,4657.628563296093,0.0008965446688578514,0.732495194826025
457,28.16064795013517,78.31740038469434,47.46297989040613,6.072783166542649,4.595502484124154,1,,736.6666419165017,0.00019255438747351733,0.9856173136122585,4782.142000076741,0.0010421292513957635,0.7326504936452732
458,29.941625893115997,95.07953998632729,65.73361366987228,10.027227843180299,5.200002202298492,1,,738.7452321012472,0.00036579408991783995,0.9514876005232629,4701.794628050406,0.0009413056166175241,0.7325167969751492
459,32.816684478893876,64.10803048871458,53.84949751198292,7.694345338270068,4.201955832075328,1,,736.7170667669059,0.0007473837236080181,0.9796673081443579,4764.114826880653,0.004308617613763821,0.7333120367876136
460,34.72764468751848,89.83941002748907,41.75522543489933,8.850488411262631,3.9332821192219853,1,,737.7484208145025,0.0004368339454368281,0.9656119907604754,4735.438122169615,0.0013125536736913544,0.732493014248942
461,31.98488438501954,72.17351746745408,78.61890137195587,9.609395926818252,4.931242882274091,1,,737.6454382617031,0.0006147371546944947,0.9648194441918079,4723.223842002819,0.0031560473650684416,0.7331632024040987
462,26.32252491544932,100.63080968335271,59.43091873079538,7.190812027081847,4.3270855927839875,1,,737.4432629585939,0.00012733110089636543,0.975092618816512,4764.953149477531,0.0004487601360699278,0.7324790207573413
463,36.69766922015697,83.16022887825966,60.044807605445385,10.905762450769544,3.290220002643764,1,,737.5815249608819,0.0008350652930056542,0.9512514795272037,4697.397797012516,0.002510068545341704,0.7324504480265408
464,36.97783088311553,103.38468010537326,46.16074334830046,8.139009883627295,5.41772128501907,1,,738.0583101548497,0.0001981355382297073,0.966383133758776,4743.692223167017,0.0008134463105153893,0.7325373235326473
465,26.71985345892608,83.57341297902167,74.29639015346766,10.332769246771932,4.071784079540521,1,,738.12032598626,0.0005775223171726308,0.9546101872060619,4705.141193775813,0.0012453565870274585,0.7324821978963363
466,32.323639770038426,89.46904627606273,52.50831574201584,6.376788737252355,3.467784705106169,1,,736.7186774480002,0.00022375758763264455,0.9830419140643413,4779.259135513583,0.000880125746063848,0.7326660798627654
467,35.18356706481427,69.46246739476919,66.89416952431202,11.708254477009177,4.774502370972186,1,,737.7641389381774,0.0012223697082046332,0.9479033945800968,4693.87560284094,0.006034845996074883,0.7339497481450948
468,33.360489322803915,97.05884199589491,79.92656446993351,10.555066058412194,4.417861068621278,1,,738.4989127933068,0.000572535999465366,0.945622677973902,4684.67827630103,0.0010890039188048873,0.7327290510710895
469,30.602655061520636,65.30914617702365,40.55990517139435,6.791714457795024,3.1112105324864388,1,,736.4694989941462,0.0005973321096048328,0.9850024090209853,4770.624300731881,0.0028388202572362862,0.733236546156047
470,28.645859183743596,107.94712685979903,61.39156822115183,9.211789844557643,3.715553527697921,1,,737.7652442170736,0.0003890847523522871,0.9560402462491735,4715.588924863155,0.0006067700297005111,0.7324844309150915
471,39.00592941790819,76.39274428598583,58.27454965561628,8.49825475551188,5.061424199491739,1,,737.1322606007037,0.0006389851756259421,0.9709965640330595,4744.207484169709,0.003947339639033688,0.7329401825414322
472,39.47752243373543,86.81783665902913,64.18087631464005,7.4793163519352674,4.097427550703287,1,,736.9612423937659,0.0004128263446566455,0.9766801280332014,4762.978643302057,0.0018641475765171721,0.7324733223775397
473,27.2349346941337,69.3487826641649,56.06629617512226,11.168037990108132,5.287114625796676,1,,738.513569659742,0.0006504796309985004,0.951523025849255,4694.50581536111,0.0027459927680619414,0.7332011006876037
474,29.190321937203407,97.80378438532352,77.1299321576953,8.72590715624392,4.641456075012684,1,,738.1226738874337,0.0002554383314791408,0.9633729956061716,4733.111971661134,0.0007337763557433419,0.7324949074106805
475,33.8298297021538,80.13941714540124,42.76571724563837,9.558194546028972,3.49098857678473,1,,737.5844352393602,0.0006563872292092563,0.9639223219358304,4727.582512676192,0.0020925522545241623,0.7324610235404104
476,35.653357496485114,105.86355024948716,50.33912483602762,9.891066553071141,3.2222865563817322,1,,737.7942594196296,0.0005104501428476232,0.950218615422448,4701.940214709385,0.0007707737256866372,0.7324742958314598
477,30.91085569933057,74.89356718957424,69.72254019230604,7.631289264187217,4.372686924878508,1,,737.0279902222005,0.0003925328177257892,0.9779175792195003,4758.683076724429,0.001932611441496401,0.7327046271786236
478,25.30938013922423,91.65494254790246,48.32749284803867,11.562461664900184,5.018688500393182,1,,738.4081019318235,0.0005886427956346392,0.9380334079055154,4663.235802667994,0.0010212838074545906,0.7326595662586523
479,37.44897362310439,60.880271242931485,71.46069526672363,6.3466415125876665,3.829067958984524,1,,736.3550901630202,0.0008981882134414585,0.9862173184531638,4784.223093332337,0.004582350602219766,0.733035905264273
480,37.35687440261245,103.88819485902786,65.06644245237112,8.533058384433389,4.559037701226771,1,,738.0597101078931,0.0002927634195744514,0.9633170916483337,4734.184456944056,0.0008629289926907037,0.7326858450179146
481,25.224723098799586,73.70099978521466,54.45200998336077,9.364479063078761,3.058214250020683,1,,737.4666201672105,0.0005789552830566644,0.9678069219285886,4735.62906837471,0.0014821513405564217,0.732430483207254
482,30.768404682166874,92.90225085802376,73.6013962328434,6.920285252854228,3.701315705664456,1,,737.0386282769417,0.00020302743727213286,0.9790464617227658,4767.949712318822,0.000752684808218756,0.7326985677483725
483,35.50370033364743,62.9103675391525,46.73732928931713,10.613999554887414,5.163224793039262,1,,737.2741070569721,0.0013542754255232233,0.9588202302624884,4732.412067489139,0.00729245706627909,0.7336337707834824
484,33.44493330921978,85.6178246345371,58.83222125470638,11.743013760074973,5.431879134383053,1,,739.1213360089627,0.0007074217261470269,0.9371468662786014,4669.972986379824,0.0018243612828120455,0.7324484033471993
485,28.812639066018164,67.36905825324357,60.71548864245415,6.529525162652135,3.9700562502257526,1,,736.5769115557707,0.0004090503478285708,0.9853278106364353,4777.036926115299,0.002159079532985197,0.7327319756707138
486,26.91687417216599,99.82642414048314,42.48469103127718,10.461295695975423,3.3266880637966096,1,,737.9012803167404,0.0005549534328298305,0.9468454478789761,4686.877308235859,0.0007544004257055626,0.7326008461999788
487,39.152026660740376,81.38234451413155,78.11774577945471,8.197990586981177,4.827425907831639,1,,737.1610446428613,0.0005167359678029207,0.9722911033005917,4750.270376031857,0.002821696492188047,0.7324931673066937
488,38.68775045964867,95.90899920091033,44.64899614453316,6.194677563384175,3.237666319590062,1,,736.6327489326791,0.0002571242679722182,0.9832602295400087,4781.730802530518,0.000926083232990913,0.7326797787769668
489,28.320481008850038,63.37651539593935,75.28449527919292,11.526918461546302,4.2697396404109895,1,,737.8310807196854,0.001109453860318157,0.9539373983061101,4706.068839468944,0.004639059001217054,0.7324831524684043
490,30.217641070485115,109.82463526539505,56.660591922700405,7.573092481121421,4.876369907986373,1,,737.8501652041352,0.00013390674023936667,0.9696996202458481,4752.824636859139,0.00044164225160339454,0.7326215878534343
491,32.982924887910485,77.48746470548213,63.54629773646593,9.761767627671361,3.8832109882496297,1,,737.6991966627897,0.0006727739889807336,0.9628394236528682,4726.775130868284,0.0024170596175661914,0.7324748789269753
492,35.041226437315345,101.45988733507693,70.80720830708742,9.406186250969768,4.239823675714433,1,,738.2679419413668,0.00041482380802838973,0.9560452610529311,4715.974140977726,0.0009141754557468796,0.73249872255426
493,32.17387126758695,82.42833259515464,48.940696977078915,8.6904111597687,5.23289639223367,1,,737.7539955502145,0.0003316299865764688,0.9681103115519729,4737.709913760449,0.0015886589008389997,0.7326703574974377
494,26.62786557804793,90.57159278541803,67.8581889718771,11.109796861186624,4.625998797826469,1,,738.4910546220316,0.0005949887823297628,0.9430613161004975,4675.51094958555,0.0010624558057190012,0.7327224812105962
495,36.893063453026116,71.34472629055381,52.241318076848984,7.350064633414149,3.5940110841766,1,,736.6057817598955,0.0006789692703343347,0.9807474899901067,4765.258706014271,0.0038120596919433204,0.7330506315677312
496,36.31992591544986,88.63806416280568,76.48225381970406,10.207945877686143,5.099276997614652,1,,738.5543159009,0.0005269070833779159,0.9526385374608836,4704.749830239751,0.0017551099381698204,0.7326575525337007
497,25.937575353309512,70.1955113466829,43.34866039454937,7.877120269462466,3.7484615803696215,1,,737.0366591562561,0.0003893549215877814,0.978197128963782,4759.063828411073,0.0018288054364841056,0.7325526475979534
498,31.65932745207101,102.65211261808872,64.70511134713888,11.832437736913562,3.1417123642750084,1,,738.6229483604018,0.000639191591315621,0.9278120458631501,4643.901755249009,0.0008535491681987646,0.7325184794375131
499,34.40953004639596,84.40487155690789,55.32115239650011,6.639318550005555,4.4533171453513205,1,,736.8186112158136,0.00027395787124905946,0.9817375884649405,4776.891167750361,0.0013234774057145726,0.7324612428791826
500,32.73208150174469,107.1165263094008,47.74836469441652,6.997854536399245,4.721962243318558,1,,737.4876776894388,0.00012052520753772849,0.9750525275811774,4764.4748291220185,0.0004947407381958132,0.732643936000139
501,29.84958800021559,77.12616942822933,72.11188342422247,10.712212907150388,3.410423995926976,1,,737.8388467687294,0.0008017628968231162,0.9549901044684476,4702.976021150668,0.0018955801104748341,0.7326549145952908
502,28.011044012382627,96.32513037882745,51.08808360993862,8.291291372850537,4.016907077282667,1,,737.7297079373016,0.00026384445583897784,0.9678357812831659,4739.555714990292,0.0006949290910764406,0.7327155571238406
503,38.2611034438014,66.13946025259793,69.2018149793148,9.055466210469604,5.367655364796519,1,,737.049349723647,0.0010332491973589937,0.9687015261294136,4746.911370867546,0.006389366023547126,0.733450952630591
504,39.66656340751797,98.6352478992194,53.252391777932644,11.058503167703748,3.791175691410899,1,,738.0605356537543,0.0007138581356914266,0.9405550722776087,4676.730218441304,0.0014334487233466466,0.7325099269789311
505,27.548577687703073,79.40685459412634,66.36856157332659,7.225575601682067,4.98574123904109,1,,737.1872028332729,0.00020270907164639712,0.9791568005055542,4768.119034111481,0.0011150200481801834,0.7324499935277141
506,29.385769367218018,87.55087641999125,45.5767323076725,9.66836947761476,4.342224599793553,1,,738.1762065708148,0.00044079689301456174,0.9588718830799127,4718.372836477486,0.0011812474294578786,0.7324846726567711
507,34.13523071445525,68.51779635995626,74.94269542396069,8.97900770790875,3.186869651079178,1,,736.8733846493659,0.0008734376245997856,0.9728073487042173,4744.172667559136,0.004299963900760164,0.7334081048206614
508,35.813130205497146,92.48526137322187,61.91092036664486,7.847041709348559,3.5434915819205344,1,,737.2840198567332,0.00035181519252732254,0.9731634142073434,4755.538930248871,0.0010917364102383718,0.7324917678597759
509,31.19505876675248,60.14656437560916,57.52452298998833,10.06203862465918,4.698779996950179,1,,737.2225376861903,0.0011236729074979859,0.9656905859354334,4739.756463033925,0.006097985579397144,0.7335396330833396
510,25.475559304468334,106.5969713870436,79.27400339394808,6.131712371483445,5.342028713319451,1,,737.2030434170157,4.103091895300391e-05,0.9809515393720031,4779.254820436347,0.0002411613609451939,0.7327116684087187
511,37.72493470925838,74.06296263448894,41.13796558231115,11.39066637866199,4.147530295420438,1,,737.3985464630574,0.0011792814935644887,0.9500117069359874,4696.721300048147,0.005868003140894574,0.7335366720193561
