solid OpenSCAD_Model
  facet normal 0.146736 0.989176 -0
    outer loop
      vertex 1.17054 5.88471 -6.5
      vertex 0.588102 5.97111 0
      vertex 1.17054 5.88471 0
    endloop
  endfacet
  facet normal 0.146736 0.989176 0
    outer loop
      vertex 0.588102 5.97111 0
      vertex 1.17054 5.88471 -6.5
      vertex 0.588102 5.97111 -6.5
    endloop
  endfacet
  facet normal 0.989176 0.146736 0
    outer loop
      vertex 5.97111 0.588102 -5.79999
      vertex 5.88471 1.17054 -6.5
      vertex 5.88471 1.17054 -5.79999
    endloop
  endfacet
  facet normal 0.989176 0.146736 0
    outer loop
      vertex 5.88471 1.17054 -6.5
      vertex 5.97111 0.588102 -5.79999
      vertex 5.97111 0.588102 -6.5
    endloop
  endfacet
  facet normal 0.989176 0.146736 0
    outer loop
      vertex 5.97111 0.588102 0
      vertex 5.88471 1.17054 -1.20001
      vertex 5.88471 1.17054 0
    endloop
  endfacet
  facet normal 0.989176 0.146736 0
    outer loop
      vertex 5.88471 1.17054 -1.20001
      vertex 5.97111 0.588102 0
      vertex 5.97111 0.588102 -1.20001
    endloop
  endfacet
  facet normal 0.998796 0.049065 0
    outer loop
      vertex 6 0 -5.79999
      vertex 5.97111 0.588102 -6.5
      vertex 5.97111 0.588102 -5.79999
    endloop
  endfacet
  facet normal 0.998796 0.049065 0
    outer loop
      vertex 5.97111 0.588102 -6.5
      vertex 6 0 -5.79999
      vertex 6 0 -6.5
    endloop
  endfacet
  facet normal 0.998796 0.049065 0
    outer loop
      vertex 6 0 0
      vertex 5.97111 0.588102 -1.20001
      vertex 5.97111 0.588102 0
    endloop
  endfacet
  facet normal 0.998796 0.049065 0
    outer loop
      vertex 5.97111 0.588102 -1.20001
      vertex 6 0 0
      vertex 6 0 -1.20001
    endloop
  endfacet
  facet normal 0.970032 0.242979 0
    outer loop
      vertex 5.88471 1.17054 -5.79999
      vertex 5.74164 1.74171 -6.5
      vertex 5.74164 1.74171 -5.79999
    endloop
  endfacet
  facet normal 0.970032 0.242979 0
    outer loop
      vertex 5.74164 1.74171 -6.5
      vertex 5.88471 1.17054 -5.79999
      vertex 5.88471 1.17054 -6.5
    endloop
  endfacet
  facet normal 0.970032 0.242979 0
    outer loop
      vertex 5.88471 1.17054 0
      vertex 5.74164 1.74171 -1.20001
      vertex 5.74164 1.74171 0
    endloop
  endfacet
  facet normal 0.970032 0.242979 0
    outer loop
      vertex 5.74164 1.74171 -1.20001
      vertex 5.88471 1.17054 0
      vertex 5.88471 1.17054 -1.20001
    endloop
  endfacet
  facet normal 0.336884 -0.941546 0
    outer loop
      vertex 1.74171 -5.74164 -6.5
      vertex 2.2961 -5.54328 0
      vertex 1.74171 -5.74164 0
    endloop
  endfacet
  facet normal 0.336884 -0.941546 0
    outer loop
      vertex 2.2961 -5.54328 0
      vertex 1.74171 -5.74164 -6.5
      vertex 2.2961 -5.54328 -6.5
    endloop
  endfacet
  facet normal 0.903989 -0.427556 0
    outer loop
      vertex 5.29153 -2.82838 0
      vertex 5.54328 -2.2961 -1.20001
      vertex 5.54328 -2.2961 0
    endloop
  endfacet
  facet normal 0.903989 -0.427556 0
    outer loop
      vertex 5.54328 -2.2961 -1.20001
      vertex 5.29153 -2.82838 0
      vertex 5.29153 -2.82838 -1.20001
    endloop
  endfacet
  facet normal 0.903989 -0.427556 0
    outer loop
      vertex 5.29153 -2.82838 -5.79999
      vertex 5.54328 -2.2961 -6.5
      vertex 5.54328 -2.2961 -5.79999
    endloop
  endfacet
  facet normal 0.903989 -0.427556 0
    outer loop
      vertex 5.54328 -2.2961 -6.5
      vertex 5.29153 -2.82838 -5.79999
      vertex 5.29153 -2.82838 -6.5
    endloop
  endfacet
  facet normal 0.671558 0.740952 -0
    outer loop
      vertex 4.24264 4.24264 -6.5
      vertex 3.80636 4.63806 0
      vertex 4.24264 4.24264 0
    endloop
  endfacet
  facet normal 0.671558 0.740952 0
    outer loop
      vertex 3.80636 4.63806 0
      vertex 4.24264 4.24264 -6.5
      vertex 3.80636 4.63806 -6.5
    endloop
  endfacet
  facet normal -0.740952 0.671558 0
    outer loop
      vertex -4.63806 3.80636 -6.5
      vertex -4.24264 4.24264 0
      vertex -4.24264 4.24264 -6.5
    endloop
  endfacet
  facet normal -0.740952 0.671558 0
    outer loop
      vertex -4.24264 4.24264 0
      vertex -4.63806 3.80636 -6.5
      vertex -4.63806 3.80636 0
    endloop
  endfacet
  facet normal -0.146736 -0.989176 0
    outer loop
      vertex -1.17054 -5.88471 -6.5
      vertex -0.588102 -5.97111 0
      vertex -1.17054 -5.88471 0
    endloop
  endfacet
  facet normal -0.146736 -0.989176 -0
    outer loop
      vertex -0.588102 -5.97111 0
      vertex -1.17054 -5.88471 -6.5
      vertex -0.588102 -5.97111 -6.5
    endloop
  endfacet
  facet normal 0.941546 0.336884 0
    outer loop
      vertex 5.74164 1.74171 -5.79999
      vertex 5.54328 2.2961 -6.5
      vertex 5.54328 2.2961 -5.79999
    endloop
  endfacet
  facet normal 0.941546 0.336884 0
    outer loop
      vertex 5.54328 2.2961 -6.5
      vertex 5.74164 1.74171 -5.79999
      vertex 5.74164 1.74171 -6.5
    endloop
  endfacet
  facet normal 0.941546 0.336884 0
    outer loop
      vertex 5.74164 1.74171 0
      vertex 5.54328 2.2961 -1.20001
      vertex 5.54328 2.2961 0
    endloop
  endfacet
  facet normal 0.941546 0.336884 0
    outer loop
      vertex 5.54328 2.2961 -1.20001
      vertex 5.74164 1.74171 0
      vertex 5.74164 1.74171 -1.20001
    endloop
  endfacet
  facet normal -0.049065 0.998796 0
    outer loop
      vertex 0 6 -6.5
      vertex -0.588102 5.97111 0
      vertex 0 6 0
    endloop
  endfacet
  facet normal -0.049065 0.998796 0
    outer loop
      vertex -0.588102 5.97111 0
      vertex 0 6 -6.5
      vertex -0.588102 5.97111 -6.5
    endloop
  endfacet
  facet normal 0.803169 0.595751 0
    outer loop
      vertex 4.63806 3.80636 0
      vertex 4.6947 3.73 -5.79999
      vertex 4.63806 3.80636 -6.5
    endloop
  endfacet
  facet normal 0.803204 0.595703 -0
    outer loop
      vertex 4.98882 3.33342 -3.60212
      vertex 4.63806 3.80636 0
      vertex 4.98882 3.33342 0
    endloop
  endfacet
  facet normal 0.803208 0.595698 1.07008e-06
    outer loop
      vertex 4.63806 3.80636 0
      vertex 4.98882 3.33342 -3.60212
      vertex 4.6947 3.73 -5.79999
    endloop
  endfacet
  facet normal 0.803211 0.595694 -0
    outer loop
      vertex 4.98882 3.33342 -6.5
      vertex 4.6947 3.73 -5.79999
      vertex 4.98882 3.33342 -5.79999
    endloop
  endfacet
  facet normal 0.803204 0.595703 -7.97715e-06
    outer loop
      vertex 4.6947 3.73 -5.79999
      vertex 4.98882 3.33342 -6.5
      vertex 4.63806 3.80636 -6.5
    endloop
  endfacet
  facet normal 0.049065 -0.998796 0
    outer loop
      vertex 0 -6 -6.5
      vertex 0.588102 -5.97111 0
      vertex 0 -6 0
    endloop
  endfacet
  facet normal 0.049065 -0.998796 0
    outer loop
      vertex 0.588102 -5.97111 0
      vertex 0 -6 -6.5
      vertex 0.588102 -5.97111 -6.5
    endloop
  endfacet
  facet normal 0.049065 0.998796 -0
    outer loop
      vertex 0.588102 5.97111 -6.5
      vertex 0 6 0
      vertex 0.588102 5.97111 0
    endloop
  endfacet
  facet normal 0.049065 0.998796 0
    outer loop
      vertex 0 6 0
      vertex 0.588102 5.97111 -6.5
      vertex 0 6 -6.5
    endloop
  endfacet
  facet normal 0.857683 -0.514179 0
    outer loop
      vertex 5.29153 -2.82838 0
      vertex 5.2486 -2.89999 -1.20001
      vertex 5.29153 -2.82838 -1.20001
    endloop
  endfacet
  facet normal 0.857728 -0.514104 -6.09146e-06
    outer loop
      vertex 4.98882 -3.33342 0
      vertex 5.2486 -2.89999 -1.20001
      vertex 5.29153 -2.82838 0
    endloop
  endfacet
  facet normal 0.857736 -0.514091 0
    outer loop
      vertex 5.2486 -2.89999 -1.20001
      vertex 4.98882 -3.33342 0
      vertex 4.98882 -3.33342 -3.60212
    endloop
  endfacet
  facet normal 0.857728 -0.514104 0
    outer loop
      vertex 4.98882 -3.33342 -5.79999
      vertex 5.29153 -2.82838 -6.5
      vertex 5.29153 -2.82838 -5.79999
    endloop
  endfacet
  facet normal 0.857728 -0.514104 0
    outer loop
      vertex 5.29153 -2.82838 -6.5
      vertex 4.98882 -3.33342 -5.79999
      vertex 4.98882 -3.33342 -6.5
    endloop
  endfacet
  facet normal -0.595703 -0.803204 0
    outer loop
      vertex -3.80636 -4.63806 -6.5
      vertex -3.33342 -4.98882 0
      vertex -3.80636 -4.63806 0
    endloop
  endfacet
  facet normal -0.595703 -0.803204 -0
    outer loop
      vertex -3.33342 -4.98882 0
      vertex -3.80636 -4.63806 -6.5
      vertex -3.33342 -4.98882 -6.5
    endloop
  endfacet
  facet normal -0.857728 0.514104 0
    outer loop
      vertex -5.29153 2.82838 -6.5
      vertex -4.98882 3.33342 -5.79999
      vertex -4.98882 3.33342 -6.5
    endloop
  endfacet
  facet normal -0.857728 0.514104 0
    outer loop
      vertex -4.98882 3.33342 -5.79999
      vertex -5.29153 2.82838 -6.5
      vertex -5.29153 2.82838 -5.79999
    endloop
  endfacet
  facet normal -0.857736 0.514091 0
    outer loop
      vertex -5.2486 2.89999 -1.20001
      vertex -4.98882 3.33342 0
      vertex -4.98882 3.33342 -3.60212
    endloop
  endfacet
  facet normal -0.857683 0.514179 0
    outer loop
      vertex -5.29153 2.82838 0
      vertex -5.2486 2.89999 -1.20001
      vertex -5.29153 2.82838 -1.20001
    endloop
  endfacet
  facet normal -0.857728 0.514104 -6.09146e-06
    outer loop
      vertex -5.2486 2.89999 -1.20001
      vertex -5.29153 2.82838 0
      vertex -4.98882 3.33342 0
    endloop
  endfacet
  facet normal -0.242979 -0.970032 0
    outer loop
      vertex -1.74171 -5.74164 -6.5
      vertex -1.17054 -5.88471 0
      vertex -1.74171 -5.74164 0
    endloop
  endfacet
  facet normal -0.242979 -0.970032 -0
    outer loop
      vertex -1.17054 -5.88471 0
      vertex -1.74171 -5.74164 -6.5
      vertex -1.17054 -5.88471 -6.5
    endloop
  endfacet
  facet normal 0.857736 0.514091 0
    outer loop
      vertex 4.98882 3.33342 0
      vertex 5.2486 2.89999 -1.20001
      vertex 4.98882 3.33342 -3.60212
    endloop
  endfacet
  facet normal 0.857728 0.514104 -6.09146e-06
    outer loop
      vertex 5.29153 2.82838 0
      vertex 5.2486 2.89999 -1.20001
      vertex 4.98882 3.33342 0
    endloop
  endfacet
  facet normal 0.857683 0.514179 0
    outer loop
      vertex 5.2486 2.89999 -1.20001
      vertex 5.29153 2.82838 0
      vertex 5.29153 2.82838 -1.20001
    endloop
  endfacet
  facet normal 0.857728 0.514104 0
    outer loop
      vertex 5.29153 2.82838 -5.79999
      vertex 4.98882 3.33342 -6.5
      vertex 4.98882 3.33342 -5.79999
    endloop
  endfacet
  facet normal 0.857728 0.514104 0
    outer loop
      vertex 4.98882 3.33342 -6.5
      vertex 5.29153 2.82838 -5.79999
      vertex 5.29153 2.82838 -6.5
    endloop
  endfacet
  facet normal -0.998796 -0.049065 0
    outer loop
      vertex -5.97111 -0.588102 -1.20001
      vertex -6 0 0
      vertex -6 0 -1.20001
    endloop
  endfacet
  facet normal -0.998796 -0.049065 0
    outer loop
      vertex -6 0 0
      vertex -5.97111 -0.588102 -1.20001
      vertex -5.97111 -0.588102 0
    endloop
  endfacet
  facet normal -0.998796 -0.049065 0
    outer loop
      vertex -5.97111 -0.588102 -6.5
      vertex -6 0 -5.79999
      vertex -6 0 -6.5
    endloop
  endfacet
  facet normal -0.998796 -0.049065 0
    outer loop
      vertex -6 0 -5.79999
      vertex -5.97111 -0.588102 -6.5
      vertex -5.97111 -0.588102 -5.79999
    endloop
  endfacet
  facet normal 0.903989 0.427556 0
    outer loop
      vertex 5.54328 2.2961 0
      vertex 5.29153 2.82838 -1.20001
      vertex 5.29153 2.82838 0
    endloop
  endfacet
  facet normal 0.903989 0.427556 0
    outer loop
      vertex 5.29153 2.82838 -1.20001
      vertex 5.54328 2.2961 0
      vertex 5.54328 2.2961 -1.20001
    endloop
  endfacet
  facet normal 0.903989 0.427556 0
    outer loop
      vertex 5.54328 2.2961 -5.79999
      vertex 5.29153 2.82838 -6.5
      vertex 5.29153 2.82838 -5.79999
    endloop
  endfacet
  facet normal 0.903989 0.427556 0
    outer loop
      vertex 5.29153 2.82838 -6.5
      vertex 5.54328 2.2961 -5.79999
      vertex 5.54328 2.2961 -6.5
    endloop
  endfacet
  facet normal 0.970032 -0.242979 0
    outer loop
      vertex 5.74164 -1.74171 -5.79999
      vertex 5.88471 -1.17054 -6.5
      vertex 5.88471 -1.17054 -5.79999
    endloop
  endfacet
  facet normal 0.970032 -0.242979 0
    outer loop
      vertex 5.88471 -1.17054 -6.5
      vertex 5.74164 -1.74171 -5.79999
      vertex 5.74164 -1.74171 -6.5
    endloop
  endfacet
  facet normal 0.970032 -0.242979 0
    outer loop
      vertex 5.74164 -1.74171 0
      vertex 5.88471 -1.17054 -1.20001
      vertex 5.88471 -1.17054 0
    endloop
  endfacet
  facet normal 0.970032 -0.242979 0
    outer loop
      vertex 5.88471 -1.17054 -1.20001
      vertex 5.74164 -1.74171 0
      vertex 5.74164 -1.74171 -1.20001
    endloop
  endfacet
  facet normal -0.970032 0.242979 0
    outer loop
      vertex -5.88471 1.17054 -6.5
      vertex -5.74164 1.74171 -5.79999
      vertex -5.74164 1.74171 -6.5
    endloop
  endfacet
  facet normal -0.970032 0.242979 0
    outer loop
      vertex -5.74164 1.74171 -5.79999
      vertex -5.88471 1.17054 -6.5
      vertex -5.88471 1.17054 -5.79999
    endloop
  endfacet
  facet normal -0.970032 0.242979 0
    outer loop
      vertex -5.88471 1.17054 -1.20001
      vertex -5.74164 1.74171 0
      vertex -5.74164 1.74171 -1.20001
    endloop
  endfacet
  facet normal -0.970032 0.242979 0
    outer loop
      vertex -5.74164 1.74171 0
      vertex -5.88471 1.17054 -1.20001
      vertex -5.88471 1.17054 0
    endloop
  endfacet
  facet normal -0.427556 -0.903989 0
    outer loop
      vertex -2.82838 -5.29153 -6.5
      vertex -2.2961 -5.54328 0
      vertex -2.82838 -5.29153 0
    endloop
  endfacet
  facet normal -0.427556 -0.903989 -0
    outer loop
      vertex -2.2961 -5.54328 0
      vertex -2.82838 -5.29153 -6.5
      vertex -2.2961 -5.54328 -6.5
    endloop
  endfacet
  facet normal -0.970032 -0.242979 0
    outer loop
      vertex -5.74164 -1.74171 -6.5
      vertex -5.88471 -1.17054 -5.79999
      vertex -5.88471 -1.17054 -6.5
    endloop
  endfacet
  facet normal -0.970032 -0.242979 0
    outer loop
      vertex -5.88471 -1.17054 -5.79999
      vertex -5.74164 -1.74171 -6.5
      vertex -5.74164 -1.74171 -5.79999
    endloop
  endfacet
  facet normal -0.970032 -0.242979 0
    outer loop
      vertex -5.74164 -1.74171 -1.20001
      vertex -5.88471 -1.17054 0
      vertex -5.88471 -1.17054 -1.20001
    endloop
  endfacet
  facet normal -0.970032 -0.242979 0
    outer loop
      vertex -5.88471 -1.17054 0
      vertex -5.74164 -1.74171 -1.20001
      vertex -5.74164 -1.74171 0
    endloop
  endfacet
  facet normal 0.336884 0.941546 -0
    outer loop
      vertex 2.2961 5.54328 -6.5
      vertex 1.74171 5.74164 0
      vertex 2.2961 5.54328 0
    endloop
  endfacet
  facet normal 0.336884 0.941546 0
    outer loop
      vertex 1.74171 5.74164 0
      vertex 2.2961 5.54328 -6.5
      vertex 1.74171 5.74164 -6.5
    endloop
  endfacet
  facet normal 0.989176 -0.146736 0
    outer loop
      vertex 5.88471 -1.17054 -5.79999
      vertex 5.97111 -0.588102 -6.5
      vertex 5.97111 -0.588102 -5.79999
    endloop
  endfacet
  facet normal 0.989176 -0.146736 0
    outer loop
      vertex 5.97111 -0.588102 -6.5
      vertex 5.88471 -1.17054 -5.79999
      vertex 5.88471 -1.17054 -6.5
    endloop
  endfacet
  facet normal 0.989176 -0.146736 0
    outer loop
      vertex 5.88471 -1.17054 0
      vertex 5.97111 -0.588102 -1.20001
      vertex 5.97111 -0.588102 0
    endloop
  endfacet
  facet normal 0.989176 -0.146736 0
    outer loop
      vertex 5.97111 -0.588102 -1.20001
      vertex 5.88471 -1.17054 0
      vertex 5.88471 -1.17054 -1.20001
    endloop
  endfacet
  facet normal -0.146736 0.989176 0
    outer loop
      vertex -0.588102 5.97111 -6.5
      vertex -1.17054 5.88471 0
      vertex -0.588102 5.97111 0
    endloop
  endfacet
  facet normal -0.146736 0.989176 0
    outer loop
      vertex -1.17054 5.88471 0
      vertex -0.588102 5.97111 -6.5
      vertex -1.17054 5.88471 -6.5
    endloop
  endfacet
  facet normal 0.427556 -0.903989 0
    outer loop
      vertex 2.2961 -5.54328 -6.5
      vertex 2.82838 -5.29153 0
      vertex 2.2961 -5.54328 0
    endloop
  endfacet
  facet normal 0.427556 -0.903989 0
    outer loop
      vertex 2.82838 -5.29153 0
      vertex 2.2961 -5.54328 -6.5
      vertex 2.82838 -5.29153 -6.5
    endloop
  endfacet
  facet normal -0.671558 0.740952 0
    outer loop
      vertex -3.80636 4.63806 -6.5
      vertex -4.24264 4.24264 0
      vertex -3.80636 4.63806 0
    endloop
  endfacet
  facet normal -0.671558 0.740952 0
    outer loop
      vertex -4.24264 4.24264 0
      vertex -3.80636 4.63806 -6.5
      vertex -4.24264 4.24264 -6.5
    endloop
  endfacet
  facet normal 0 0 -1
    outer loop
      vertex 3 0 -6.5
      vertex 6 0 -6.5
      vertex 5.97111 -0.588102 -6.5
    endloop
  endfacet
  facet normal 0 0 -1
    outer loop
      vertex 2.98555 -0.294051 -6.5
      vertex 5.97111 -0.588102 -6.5
      vertex 5.88471 -1.17054 -6.5
    endloop
  endfacet
  facet normal 0 0 -1
    outer loop
      vertex 6 0 -6.5
      vertex 3 0 -6.5
      vertex 5.97111 0.588102 -6.5
    endloop
  endfacet
  facet normal 0 0 -1
    outer loop
      vertex 2.94236 -0.585271 -6.5
      vertex 5.88471 -1.17054 -6.5
      vertex 5.74164 -1.74171 -6.5
    endloop
  endfacet
  facet normal 0 0 -1
    outer loop
      vertex 2.98555 0.294051 -6.5
      vertex 5.97111 0.588102 -6.5
      vertex 3 0 -6.5
    endloop
  endfacet
  facet normal 0 0 -1
    outer loop
      vertex 2.87082 -0.870853 -6.5
      vertex 5.74164 -1.74171 -6.5
      vertex 5.54328 -2.2961 -6.5
    endloop
  endfacet
  facet normal -0 0 -1
    outer loop
      vertex 5.97111 0.588102 -6.5
      vertex 2.98555 0.294051 -6.5
      vertex 5.88471 1.17054 -6.5
    endloop
  endfacet
  facet normal 0 0 -1
    outer loop
      vertex 2.77164 -1.14805 -6.5
      vertex 5.54328 -2.2961 -6.5
      vertex 5.29153 -2.82838 -6.5
    endloop
  endfacet
  facet normal 0 0 -1
    outer loop
      vertex 2.94236 0.585271 -6.5
      vertex 5.88471 1.17054 -6.5
      vertex 2.98555 0.294051 -6.5
    endloop
  endfacet
  facet normal 0 0 -1
    outer loop
      vertex 2.64576 -1.41419 -6.5
      vertex 5.29153 -2.82838 -6.5
      vertex 4.98882 -3.33342 -6.5
    endloop
  endfacet
  facet normal -0 0 -1
    outer loop
      vertex 5.88471 1.17054 -6.5
      vertex 2.94236 0.585271 -6.5
      vertex 5.74164 1.74171 -6.5
    endloop
  endfacet
  facet normal 0 0 -1
    outer loop
      vertex 2.49441 -1.66671 -6.5
      vertex 4.98882 -3.33342 -6.5
      vertex 4.63806 -3.80636 -6.5
    endloop
  endfacet
  facet normal 0 0 -1
    outer loop
      vertex 2.87082 0.870853 -6.5
      vertex 5.74164 1.74171 -6.5
      vertex 2.94236 0.585271 -6.5
    endloop
  endfacet
  facet normal 0 0 -1
    outer loop
      vertex 2.31903 -1.90318 -6.5
      vertex 4.63806 -3.80636 -6.5
      vertex 4.24264 -4.24264 -6.5
    endloop
  endfacet
  facet normal -0 0 -1
    outer loop
      vertex 5.74164 1.74171 -6.5
      vertex 2.87082 0.870853 -6.5
      vertex 5.54328 2.2961 -6.5
    endloop
  endfacet
  facet normal 0 0 -1
    outer loop
      vertex 2.12132 -2.12132 -6.5
      vertex 4.24264 -4.24264 -6.5
      vertex 3.80636 -4.63806 -6.5
    endloop
  endfacet
  facet normal 0 0 -1
    outer loop
      vertex 2.77164 1.14805 -6.5
      vertex 5.54328 2.2961 -6.5
      vertex 2.87082 0.870853 -6.5
    endloop
  endfacet
  facet normal 0 0 -1
    outer loop
      vertex 1.90318 -2.31903 -6.5
      vertex 3.80636 -4.63806 -6.5
      vertex 3.33342 -4.98882 -6.5
    endloop
  endfacet
  facet normal -0 0 -1
    outer loop
      vertex 5.54328 2.2961 -6.5
      vertex 2.77164 1.14805 -6.5
      vertex 5.29153 2.82838 -6.5
    endloop
  endfacet
  facet normal 0 0 -1
    outer loop
      vertex 2.64576 1.41419 -6.5
      vertex 5.29153 2.82838 -6.5
      vertex 2.77164 1.14805 -6.5
    endloop
  endfacet
  facet normal 0 0 -1
    outer loop
      vertex 5.97111 -0.588102 -6.5
      vertex 2.98555 -0.294051 -6.5
      vertex 3 0 -6.5
    endloop
  endfacet
  facet normal 0 0 -1
    outer loop
      vertex 5.88471 -1.17054 -6.5
      vertex 2.94236 -0.585271 -6.5
      vertex 2.98555 -0.294051 -6.5
    endloop
  endfacet
  facet normal 0 0 -1
    outer loop
      vertex 5.74164 -1.74171 -6.5
      vertex 2.87082 -0.870853 -6.5
      vertex 2.94236 -0.585271 -6.5
    endloop
  endfacet
  facet normal 0 0 -1
    outer loop
      vertex 1.66671 -2.49441 -6.5
      vertex 3.33342 -4.98882 -6.5
      vertex 2.82838 -5.29153 -6.5
    endloop
  endfacet
  facet normal 0 0 -1
    outer loop
      vertex 5.54328 -2.2961 -6.5
      vertex 2.77164 -1.14805 -6.5
      vertex 2.87082 -0.870853 -6.5
    endloop
  endfacet
  facet normal 0 0 -1
    outer loop
      vertex 5.29153 -2.82838 -6.5
      vertex 2.64576 -1.41419 -6.5
      vertex 2.77164 -1.14805 -6.5
    endloop
  endfacet
  facet normal 0 0 -1
    outer loop
      vertex 4.98882 -3.33342 -6.5
      vertex 2.49441 -1.66671 -6.5
      vertex 2.64576 -1.41419 -6.5
    endloop
  endfacet
  facet normal 0 0 -1
    outer loop
      vertex 4.63806 -3.80636 -6.5
      vertex 2.31903 -1.90318 -6.5
      vertex 2.49441 -1.66671 -6.5
    endloop
  endfacet
  facet normal 0 0 -1
    outer loop
      vertex 1.41419 -2.64576 -6.5
      vertex 2.82838 -5.29153 -6.5
      vertex 2.2961 -5.54328 -6.5
    endloop
  endfacet
  facet normal 0 0 -1
    outer loop
      vertex 4.24264 -4.24264 -6.5
      vertex 2.12132 -2.12132 -6.5
      vertex 2.31903 -1.90318 -6.5
    endloop
  endfacet
  facet normal 0 0 -1
    outer loop
      vertex 3.80636 -4.63806 -6.5
      vertex 1.90318 -2.31903 -6.5
      vertex 2.12132 -2.12132 -6.5
    endloop
  endfacet
  facet normal 0 0 -1
    outer loop
      vertex 1.14805 -2.77164 -6.5
      vertex 2.2961 -5.54328 -6.5
      vertex 1.74171 -5.74164 -6.5
    endloop
  endfacet
  facet normal 0 0 -1
    outer loop
      vertex 3.33342 -4.98882 -6.5
      vertex 1.66671 -2.49441 -6.5
      vertex 1.90318 -2.31903 -6.5
    endloop
  endfacet
  facet normal 0 0 -1
    outer loop
      vertex 2.82838 -5.29153 -6.5
      vertex 1.41419 -2.64576 -6.5
      vertex 1.66671 -2.49441 -6.5
    endloop
  endfacet
  facet normal 0 0 -1
    outer loop
      vertex 0.870853 -2.87082 -6.5
      vertex 1.74171 -5.74164 -6.5
      vertex 1.17054 -5.88471 -6.5
    endloop
  endfacet
  facet normal 0 0 -1
    outer loop
      vertex 2.2961 -5.54328 -6.5
      vertex 1.14805 -2.77164 -6.5
      vertex 1.41419 -2.64576 -6.5
    endloop
  endfacet
  facet normal 0 0 -1
    outer loop
      vertex 1.74171 -5.74164 -6.5
      vertex 0.870853 -2.87082 -6.5
      vertex 1.14805 -2.77164 -6.5
    endloop
  endfacet
  facet normal 0 0 -1
    outer loop
      vertex 0.585271 -2.94236 -6.5
      vertex 1.17054 -5.88471 -6.5
      vertex 0.588102 -5.97111 -6.5
    endloop
  endfacet
  facet normal 0 0 -1
    outer loop
      vertex 1.17054 -5.88471 -6.5
      vertex 0.585271 -2.94236 -6.5
      vertex 0.870853 -2.87082 -6.5
    endloop
  endfacet
  facet normal 0 0 -1
    outer loop
      vertex 0.588102 -5.97111 -6.5
      vertex 0.294051 -2.98555 -6.5
      vertex 0.585271 -2.94236 -6.5
    endloop
  endfacet
  facet normal 0 0 -1
    outer loop
      vertex 0 -6 -6.5
      vertex 0.294051 -2.98555 -6.5
      vertex 0.588102 -5.97111 -6.5
    endloop
  endfacet
  facet normal 0 0 -1
    outer loop
      vertex 0 -6 -6.5
      vertex 0 -3 -6.5
      vertex 0.294051 -2.98555 -6.5
    endloop
  endfacet
  facet normal 0 0 -1
    outer loop
      vertex 0 -6 -6.5
      vertex -0.294051 -2.98555 -6.5
      vertex 0 -3 -6.5
    endloop
  endfacet
  facet normal 0 0 -1
    outer loop
      vertex -0.588102 -5.97111 -6.5
      vertex -0.294051 -2.98555 -6.5
      vertex 0 -6 -6.5
    endloop
  endfacet
  facet normal -0 0 -1
    outer loop
      vertex -0.294051 -2.98555 -6.5
      vertex -0.588102 -5.97111 -6.5
      vertex -0.585271 -2.94236 -6.5
    endloop
  endfacet
  facet normal 0 0 -1
    outer loop
      vertex -1.17054 -5.88471 -6.5
      vertex -0.585271 -2.94236 -6.5
      vertex -0.588102 -5.97111 -6.5
    endloop
  endfacet
  facet normal -0 0 -1
    outer loop
      vertex -0.585271 -2.94236 -6.5
      vertex -1.17054 -5.88471 -6.5
      vertex -0.870853 -2.87082 -6.5
    endloop
  endfacet
  facet normal 0 0 -1
    outer loop
      vertex -1.74171 -5.74164 -6.5
      vertex -0.870853 -2.87082 -6.5
      vertex -1.17054 -5.88471 -6.5
    endloop
  endfacet
  facet normal -0 0 -1
    outer loop
      vertex -0.870853 -2.87082 -6.5
      vertex -1.74171 -5.74164 -6.5
      vertex -1.14805 -2.77164 -6.5
    endloop
  endfacet
  facet normal 0 0 -1
    outer loop
      vertex -2.2961 -5.54328 -6.5
      vertex -1.14805 -2.77164 -6.5
      vertex -1.74171 -5.74164 -6.5
    endloop
  endfacet
  facet normal -0 0 -1
    outer loop
      vertex -1.14805 -2.77164 -6.5
      vertex -2.2961 -5.54328 -6.5
      vertex -1.41419 -2.64576 -6.5
    endloop
  endfacet
  facet normal 0 0 -1
    outer loop
      vertex -2.82838 -5.29153 -6.5
      vertex -1.41419 -2.64576 -6.5
      vertex -2.2961 -5.54328 -6.5
    endloop
  endfacet
  facet normal -0 0 -1
    outer loop
      vertex -1.41419 -2.64576 -6.5
      vertex -2.82838 -5.29153 -6.5
      vertex -1.66671 -2.49441 -6.5
    endloop
  endfacet
  facet normal 0 0 -1
    outer loop
      vertex -3.33342 -4.98882 -6.5
      vertex -1.66671 -2.49441 -6.5
      vertex -2.82838 -5.29153 -6.5
    endloop
  endfacet
  facet normal -0 0 -1
    outer loop
      vertex -1.66671 -2.49441 -6.5
      vertex -3.33342 -4.98882 -6.5
      vertex -1.90318 -2.31903 -6.5
    endloop
  endfacet
  facet normal 0 0 -1
    outer loop
      vertex -3.80636 -4.63806 -6.5
      vertex -1.90318 -2.31903 -6.5
      vertex -3.33342 -4.98882 -6.5
    endloop
  endfacet
  facet normal -0 0 -1
    outer loop
      vertex -1.90318 -2.31903 -6.5
      vertex -3.80636 -4.63806 -6.5
      vertex -2.12132 -2.12132 -6.5
    endloop
  endfacet
  facet normal 0 0 -1
    outer loop
      vertex -4.24264 -4.24264 -6.5
      vertex -2.12132 -2.12132 -6.5
      vertex -3.80636 -4.63806 -6.5
    endloop
  endfacet
  facet normal -0 0 -1
    outer loop
      vertex -2.12132 -2.12132 -6.5
      vertex -4.24264 -4.24264 -6.5
      vertex -2.31903 -1.90318 -6.5
    endloop
  endfacet
  facet normal 0 0 -1
    outer loop
      vertex -4.63806 -3.80636 -6.5
      vertex -2.31903 -1.90318 -6.5
      vertex -4.24264 -4.24264 -6.5
    endloop
  endfacet
  facet normal -0 0 -1
    outer loop
      vertex -2.31903 -1.90318 -6.5
      vertex -4.63806 -3.80636 -6.5
      vertex -2.49441 -1.66671 -6.5
    endloop
  endfacet
  facet normal 0 0 -1
    outer loop
      vertex -4.98882 -3.33342 -6.5
      vertex -2.49441 -1.66671 -6.5
      vertex -4.63806 -3.80636 -6.5
    endloop
  endfacet
  facet normal -0 0 -1
    outer loop
      vertex -2.49441 -1.66671 -6.5
      vertex -4.98882 -3.33342 -6.5
      vertex -2.64576 -1.41419 -6.5
    endloop
  endfacet
  facet normal 0 0 -1
    outer loop
      vertex -5.29153 -2.82838 -6.5
      vertex -2.64576 -1.41419 -6.5
      vertex -4.98882 -3.33342 -6.5
    endloop
  endfacet
  facet normal -0 0 -1
    outer loop
      vertex 5.29153 2.82838 -6.5
      vertex 2.64576 1.41419 -6.5
      vertex 4.98882 3.33342 -6.5
    endloop
  endfacet
  facet normal 0 0 -1
    outer loop
      vertex 2.49441 1.66671 -6.5
      vertex 4.98882 3.33342 -6.5
      vertex 2.64576 1.41419 -6.5
    endloop
  endfacet
  facet normal -0 0 -1
    outer loop
      vertex 4.98882 3.33342 -6.5
      vertex 2.49441 1.66671 -6.5
      vertex 4.63806 3.80636 -6.5
    endloop
  endfacet
  facet normal 0 0 -1
    outer loop
      vertex 2.31903 1.90318 -6.5
      vertex 4.63806 3.80636 -6.5
      vertex 2.49441 1.66671 -6.5
    endloop
  endfacet
  facet normal -0 0 -1
    outer loop
      vertex 4.63806 3.80636 -6.5
      vertex 2.31903 1.90318 -6.5
      vertex 4.24264 4.24264 -6.5
    endloop
  endfacet
  facet normal 0 0 -1
    outer loop
      vertex 2.12132 2.12132 -6.5
      vertex 4.24264 4.24264 -6.5
      vertex 2.31903 1.90318 -6.5
    endloop
  endfacet
  facet normal -0 0 -1
    outer loop
      vertex 4.24264 4.24264 -6.5
      vertex 2.12132 2.12132 -6.5
      vertex 3.80636 4.63806 -6.5
    endloop
  endfacet
  facet normal 0 0 -1
    outer loop
      vertex 1.90318 2.31903 -6.5
      vertex 3.80636 4.63806 -6.5
      vertex 2.12132 2.12132 -6.5
    endloop
  endfacet
  facet normal -0 0 -1
    outer loop
      vertex 3.80636 4.63806 -6.5
      vertex 1.90318 2.31903 -6.5
      vertex 3.33342 4.98882 -6.5
    endloop
  endfacet
  facet normal 0 0 -1
    outer loop
      vertex 1.66671 2.49441 -6.5
      vertex 3.33342 4.98882 -6.5
      vertex 1.90318 2.31903 -6.5
    endloop
  endfacet
  facet normal -0 0 -1
    outer loop
      vertex 3.33342 4.98882 -6.5
      vertex 1.66671 2.49441 -6.5
      vertex 2.82838 5.29153 -6.5
    endloop
  endfacet
  facet normal 0 0 -1
    outer loop
      vertex 1.41419 2.64576 -6.5
      vertex 2.82838 5.29153 -6.5
      vertex 1.66671 2.49441 -6.5
    endloop
  endfacet
  facet normal -0 0 -1
    outer loop
      vertex 2.82838 5.29153 -6.5
      vertex 1.41419 2.64576 -6.5
      vertex 2.2961 5.54328 -6.5
    endloop
  endfacet
  facet normal 0 0 -1
    outer loop
      vertex 1.14805 2.77164 -6.5
      vertex 2.2961 5.54328 -6.5
      vertex 1.41419 2.64576 -6.5
    endloop
  endfacet
  facet normal -0 0 -1
    outer loop
      vertex 2.2961 5.54328 -6.5
      vertex 1.14805 2.77164 -6.5
      vertex 1.74171 5.74164 -6.5
    endloop
  endfacet
  facet normal 0 0 -1
    outer loop
      vertex 0.870853 2.87082 -6.5
      vertex 1.74171 5.74164 -6.5
      vertex 1.14805 2.77164 -6.5
    endloop
  endfacet
  facet normal -0 0 -1
    outer loop
      vertex 1.74171 5.74164 -6.5
      vertex 0.870853 2.87082 -6.5
      vertex 1.17054 5.88471 -6.5
    endloop
  endfacet
  facet normal 0 0 -1
    outer loop
      vertex 0.585271 2.94236 -6.5
      vertex 1.17054 5.88471 -6.5
      vertex 0.870853 2.87082 -6.5
    endloop
  endfacet
  facet normal -0 0 -1
    outer loop
      vertex 1.17054 5.88471 -6.5
      vertex 0.585271 2.94236 -6.5
      vertex 0.588102 5.97111 -6.5
    endloop
  endfacet
  facet normal 0 0 -1
    outer loop
      vertex 0.294051 2.98555 -6.5
      vertex 0.588102 5.97111 -6.5
      vertex 0.585271 2.94236 -6.5
    endloop
  endfacet
  facet normal 0 0 -1
    outer loop
      vertex 0 3 -6.5
      vertex 0.588102 5.97111 -6.5
      vertex 0.294051 2.98555 -6.5
    endloop
  endfacet
  facet normal 0 0 -1
    outer loop
      vertex 0 3 -6.5
      vertex 0 6 -6.5
      vertex 0.588102 5.97111 -6.5
    endloop
  endfacet
  facet normal 0 0 -1
    outer loop
      vertex -0.294051 2.98555 -6.5
      vertex 0 6 -6.5
      vertex 0 3 -6.5
    endloop
  endfacet
  facet normal 0 0 -1
    outer loop
      vertex -0.588102 5.97111 -6.5
      vertex -0.294051 2.98555 -6.5
      vertex -0.585271 2.94236 -6.5
    endloop
  endfacet
  facet normal 0 0 -1
    outer loop
      vertex -0.294051 2.98555 -6.5
      vertex -0.588102 5.97111 -6.5
      vertex 0 6 -6.5
    endloop
  endfacet
  facet normal 0 0 -1
    outer loop
      vertex -1.17054 5.88471 -6.5
      vertex -0.585271 2.94236 -6.5
      vertex -0.870853 2.87082 -6.5
    endloop
  endfacet
  facet normal 0 0 -1
    outer loop
      vertex -1.74171 5.74164 -6.5
      vertex -0.870853 2.87082 -6.5
      vertex -1.14805 2.77164 -6.5
    endloop
  endfacet
  facet normal 0 0 -1
    outer loop
      vertex -0.585271 2.94236 -6.5
      vertex -1.17054 5.88471 -6.5
      vertex -0.588102 5.97111 -6.5
    endloop
  endfacet
  facet normal 0 0 -1
    outer loop
      vertex -2.2961 5.54328 -6.5
      vertex -1.14805 2.77164 -6.5
      vertex -1.41419 2.64576 -6.5
    endloop
  endfacet
  facet normal 0 0 -1
    outer loop
      vertex -2.82838 5.29153 -6.5
      vertex -1.41419 2.64576 -6.5
      vertex -1.66671 2.49441 -6.5
    endloop
  endfacet
  facet normal 0 0 -1
    outer loop
      vertex -0.870853 2.87082 -6.5
      vertex -1.74171 5.74164 -6.5
      vertex -1.17054 5.88471 -6.5
    endloop
  endfacet
  facet normal 0 0 -1
    outer loop
      vertex -3.33342 4.98882 -6.5
      vertex -1.66671 2.49441 -6.5
      vertex -1.90318 2.31903 -6.5
    endloop
  endfacet
  facet normal 0 0 -1
    outer loop
      vertex -3.80636 4.63806 -6.5
      vertex -1.90318 2.31903 -6.5
      vertex -2.12132 2.12132 -6.5
    endloop
  endfacet
  facet normal 0 0 -1
    outer loop
      vertex -1.14805 2.77164 -6.5
      vertex -2.2961 5.54328 -6.5
      vertex -1.74171 5.74164 -6.5
    endloop
  endfacet
  facet normal 0 0 -1
    outer loop
      vertex -4.24264 4.24264 -6.5
      vertex -2.12132 2.12132 -6.5
      vertex -2.31903 1.90318 -6.5
    endloop
  endfacet
  facet normal 0 0 -1
    outer loop
      vertex -4.63806 3.80636 -6.5
      vertex -2.31903 1.90318 -6.5
      vertex -2.49441 1.66671 -6.5
    endloop
  endfacet
  facet normal 0 0 -1
    outer loop
      vertex -4.98882 3.33342 -6.5
      vertex -2.49441 1.66671 -6.5
      vertex -2.64576 1.41419 -6.5
    endloop
  endfacet
  facet normal 0 0 -1
    outer loop
      vertex -5.29153 2.82838 -6.5
      vertex -2.64576 1.41419 -6.5
      vertex -2.77164 1.14805 -6.5
    endloop
  endfacet
  facet normal 0 0 -1
    outer loop
      vertex -1.41419 2.64576 -6.5
      vertex -2.82838 5.29153 -6.5
      vertex -2.2961 5.54328 -6.5
    endloop
  endfacet
  facet normal 0 0 -1
    outer loop
      vertex -5.54328 2.2961 -6.5
      vertex -2.77164 1.14805 -6.5
      vertex -2.87082 0.870853 -6.5
    endloop
  endfacet
  facet normal 0 0 -1
    outer loop
      vertex -5.74164 1.74171 -6.5
      vertex -2.87082 0.870853 -6.5
      vertex -2.94236 0.585271 -6.5
    endloop
  endfacet
  facet normal 0 0 -1
    outer loop
      vertex -5.88471 1.17054 -6.5
      vertex -2.94236 0.585271 -6.5
      vertex -2.98555 0.294051 -6.5
    endloop
  endfacet
  facet normal 0 0 -1
    outer loop
      vertex -5.97111 0.588102 -6.5
      vertex -2.98555 0.294051 -6.5
      vertex -3 0 -6.5
    endloop
  endfacet
  facet normal -0 0 -1
    outer loop
      vertex -2.64576 -1.41419 -6.5
      vertex -5.29153 -2.82838 -6.5
      vertex -2.77164 -1.14805 -6.5
    endloop
  endfacet
  facet normal 0 0 -1
    outer loop
      vertex -1.66671 2.49441 -6.5
      vertex -3.33342 4.98882 -6.5
      vertex -2.82838 5.29153 -6.5
    endloop
  endfacet
  facet normal 0 0 -1
    outer loop
      vertex -5.54328 -2.2961 -6.5
      vertex -2.77164 -1.14805 -6.5
      vertex -5.29153 -2.82838 -6.5
    endloop
  endfacet
  facet normal 0 0 -1
    outer loop
      vertex -1.90318 2.31903 -6.5
      vertex -3.80636 4.63806 -6.5
      vertex -3.33342 4.98882 -6.5
    endloop
  endfacet
  facet normal -0 0 -1
    outer loop
      vertex -2.77164 -1.14805 -6.5
      vertex -5.54328 -2.2961 -6.5
      vertex -2.87082 -0.870853 -6.5
    endloop
  endfacet
  facet normal 0 0 -1
    outer loop
      vertex -2.12132 2.12132 -6.5
      vertex -4.24264 4.24264 -6.5
      vertex -3.80636 4.63806 -6.5
    endloop
  endfacet
  facet normal 0 0 -1
    outer loop
      vertex -5.74164 -1.74171 -6.5
      vertex -2.87082 -0.870853 -6.5
      vertex -5.54328 -2.2961 -6.5
    endloop
  endfacet
  facet normal 0 0 -1
    outer loop
      vertex -2.31903 1.90318 -6.5
      vertex -4.63806 3.80636 -6.5
      vertex -4.24264 4.24264 -6.5
    endloop
  endfacet
  facet normal -0 0 -1
    outer loop
      vertex -2.87082 -0.870853 -6.5
      vertex -5.74164 -1.74171 -6.5
      vertex -2.94236 -0.585271 -6.5
    endloop
  endfacet
  facet normal 0 0 -1
    outer loop
      vertex -2.49441 1.66671 -6.5
      vertex -4.98882 3.33342 -6.5
      vertex -4.63806 3.80636 -6.5
    endloop
  endfacet
  facet normal 0 0 -1
    outer loop
      vertex -5.88471 -1.17054 -6.5
      vertex -2.94236 -0.585271 -6.5
      vertex -5.74164 -1.74171 -6.5
    endloop
  endfacet
  facet normal 0 0 -1
    outer loop
      vertex -2.64576 1.41419 -6.5
      vertex -5.29153 2.82838 -6.5
      vertex -4.98882 3.33342 -6.5
    endloop
  endfacet
  facet normal -0 0 -1
    outer loop
      vertex -2.94236 -0.585271 -6.5
      vertex -5.88471 -1.17054 -6.5
      vertex -2.98555 -0.294051 -6.5
    endloop
  endfacet
  facet normal 0 0 -1
    outer loop
      vertex -2.77164 1.14805 -6.5
      vertex -5.54328 2.2961 -6.5
      vertex -5.29153 2.82838 -6.5
    endloop
  endfacet
  facet normal 0 0 -1
    outer loop
      vertex -5.97111 -0.588102 -6.5
      vertex -2.98555 -0.294051 -6.5
      vertex -5.88471 -1.17054 -6.5
    endloop
  endfacet
  facet normal 0 0 -1
    outer loop
      vertex -2.87082 0.870853 -6.5
      vertex -5.74164 1.74171 -6.5
      vertex -5.54328 2.2961 -6.5
    endloop
  endfacet
  facet normal -0 0 -1
    outer loop
      vertex -2.98555 -0.294051 -6.5
      vertex -5.97111 -0.588102 -6.5
      vertex -3 0 -6.5
    endloop
  endfacet
  facet normal 0 0 -1
    outer loop
      vertex -2.94236 0.585271 -6.5
      vertex -5.88471 1.17054 -6.5
      vertex -5.74164 1.74171 -6.5
    endloop
  endfacet
  facet normal 0 0 -1
    outer loop
      vertex -6 0 -6.5
      vertex -3 0 -6.5
      vertex -5.97111 -0.588102 -6.5
    endloop
  endfacet
  facet normal 0 0 -1
    outer loop
      vertex -2.98555 0.294051 -6.5
      vertex -5.97111 0.588102 -6.5
      vertex -5.88471 1.17054 -6.5
    endloop
  endfacet
  facet normal 0 0 -1
    outer loop
      vertex -3 0 -6.5
      vertex -6 0 -6.5
      vertex -5.97111 0.588102 -6.5
    endloop
  endfacet
  facet normal -0.595703 0.803204 0
    outer loop
      vertex -3.33342 4.98882 -6.5
      vertex -3.80636 4.63806 0
      vertex -3.33342 4.98882 0
    endloop
  endfacet
  facet normal -0.595703 0.803204 0
    outer loop
      vertex -3.80636 4.63806 0
      vertex -3.33342 4.98882 -6.5
      vertex -3.80636 4.63806 -6.5
    endloop
  endfacet
  facet normal 0.242979 0.970032 -0
    outer loop
      vertex 1.74171 5.74164 -6.5
      vertex 1.17054 5.88471 0
      vertex 1.74171 5.74164 0
    endloop
  endfacet
  facet normal 0.242979 0.970032 0
    outer loop
      vertex 1.17054 5.88471 0
      vertex 1.74171 5.74164 -6.5
      vertex 1.17054 5.88471 -6.5
    endloop
  endfacet
  facet normal 0.998796 -0.049065 0
    outer loop
      vertex 5.97111 -0.588102 0
      vertex 6 0 -1.20001
      vertex 6 0 0
    endloop
  endfacet
  facet normal 0.998796 -0.049065 0
    outer loop
      vertex 6 0 -1.20001
      vertex 5.97111 -0.588102 0
      vertex 5.97111 -0.588102 -1.20001
    endloop
  endfacet
  facet normal 0.998796 -0.049065 0
    outer loop
      vertex 5.97111 -0.588102 -5.79999
      vertex 6 0 -6.5
      vertex 6 0 -5.79999
    endloop
  endfacet
  facet normal 0.998796 -0.049065 0
    outer loop
      vertex 6 0 -6.5
      vertex 5.97111 -0.588102 -5.79999
      vertex 5.97111 -0.588102 -6.5
    endloop
  endfacet
  facet normal -0.427556 0.903989 0
    outer loop
      vertex -2.2961 5.54328 -6.5
      vertex -2.82838 5.29153 0
      vertex -2.2961 5.54328 0
    endloop
  endfacet
  facet normal -0.427556 0.903989 0
    outer loop
      vertex -2.82838 5.29153 0
      vertex -2.2961 5.54328 -6.5
      vertex -2.82838 5.29153 -6.5
    endloop
  endfacet
  facet normal -0.941546 -0.336884 0
    outer loop
      vertex -5.54328 -2.2961 -6.5
      vertex -5.74164 -1.74171 -5.79999
      vertex -5.74164 -1.74171 -6.5
    endloop
  endfacet
  facet normal -0.941546 -0.336884 0
    outer loop
      vertex -5.74164 -1.74171 -5.79999
      vertex -5.54328 -2.2961 -6.5
      vertex -5.54328 -2.2961 -5.79999
    endloop
  endfacet
  facet normal -0.941546 -0.336884 0
    outer loop
      vertex -5.54328 -2.2961 -1.20001
      vertex -5.74164 -1.74171 0
      vertex -5.74164 -1.74171 -1.20001
    endloop
  endfacet
  facet normal -0.941546 -0.336884 0
    outer loop
      vertex -5.74164 -1.74171 0
      vertex -5.54328 -2.2961 -1.20001
      vertex -5.54328 -2.2961 0
    endloop
  endfacet
  facet normal 0.514104 0.857728 -0
    outer loop
      vertex 3.33342 4.98882 -6.5
      vertex 2.82838 5.29153 0
      vertex 3.33342 4.98882 0
    endloop
  endfacet
  facet normal 0.514104 0.857728 0
    outer loop
      vertex 2.82838 5.29153 0
      vertex 3.33342 4.98882 -6.5
      vertex 2.82838 5.29153 -6.5
    endloop
  endfacet
  facet normal 0.595703 0.803204 -0
    outer loop
      vertex 3.80636 4.63806 -6.5
      vertex 3.33342 4.98882 0
      vertex 3.80636 4.63806 0
    endloop
  endfacet
  facet normal 0.595703 0.803204 0
    outer loop
      vertex 3.33342 4.98882 0
      vertex 3.80636 4.63806 -6.5
      vertex 3.33342 4.98882 -6.5
    endloop
  endfacet
  facet normal 0.146736 -0.989176 0
    outer loop
      vertex 0.588102 -5.97111 -6.5
      vertex 1.17054 -5.88471 0
      vertex 0.588102 -5.97111 0
    endloop
  endfacet
  facet normal 0.146736 -0.989176 0
    outer loop
      vertex 1.17054 -5.88471 0
      vertex 0.588102 -5.97111 -6.5
      vertex 1.17054 -5.88471 -6.5
    endloop
  endfacet
  facet normal 0.740952 -0.671558 0
    outer loop
      vertex 4.24264 -4.24264 0
      vertex 4.63806 -3.80636 -6.5
      vertex 4.63806 -3.80636 0
    endloop
  endfacet
  facet normal 0.740952 -0.671558 0
    outer loop
      vertex 4.63806 -3.80636 -6.5
      vertex 4.24264 -4.24264 0
      vertex 4.24264 -4.24264 -6.5
    endloop
  endfacet
  facet normal 0.803204 -0.595703 0
    outer loop
      vertex 4.63806 -3.80636 0
      vertex 4.98882 -3.33342 -3.60212
      vertex 4.98882 -3.33342 0
    endloop
  endfacet
  facet normal 0.803208 -0.595698 1.07008e-06
    outer loop
      vertex 4.98882 -3.33342 -3.60212
      vertex 4.63806 -3.80636 0
      vertex 4.6947 -3.73 -5.79999
    endloop
  endfacet
  facet normal 0.803211 -0.595694 0
    outer loop
      vertex 4.6947 -3.73 -5.79999
      vertex 4.98882 -3.33342 -6.5
      vertex 4.98882 -3.33342 -5.79999
    endloop
  endfacet
  facet normal 0.803204 -0.595703 -7.97715e-06
    outer loop
      vertex 4.6947 -3.73 -5.79999
      vertex 4.63806 -3.80636 -6.5
      vertex 4.98882 -3.33342 -6.5
    endloop
  endfacet
  facet normal 0.803169 -0.595751 0
    outer loop
      vertex 4.63806 -3.80636 -6.5
      vertex 4.6947 -3.73 -5.79999
      vertex 4.63806 -3.80636 0
    endloop
  endfacet
  facet normal 0.242979 -0.970032 0
    outer loop
      vertex 1.17054 -5.88471 -6.5
      vertex 1.74171 -5.74164 0
      vertex 1.17054 -5.88471 0
    endloop
  endfacet
  facet normal 0.242979 -0.970032 0
    outer loop
      vertex 1.74171 -5.74164 0
      vertex 1.17054 -5.88471 -6.5
      vertex 1.74171 -5.74164 -6.5
    endloop
  endfacet
  facet normal 0.941546 -0.336884 0
    outer loop
      vertex 5.54328 -2.2961 0
      vertex 5.74164 -1.74171 -1.20001
      vertex 5.74164 -1.74171 0
    endloop
  endfacet
  facet normal 0.941546 -0.336884 0
    outer loop
      vertex 5.74164 -1.74171 -1.20001
      vertex 5.54328 -2.2961 0
      vertex 5.54328 -2.2961 -1.20001
    endloop
  endfacet
  facet normal 0.941546 -0.336884 0
    outer loop
      vertex 5.54328 -2.2961 -5.79999
      vertex 5.74164 -1.74171 -6.5
      vertex 5.74164 -1.74171 -5.79999
    endloop
  endfacet
  facet normal 0.941546 -0.336884 0
    outer loop
      vertex 5.74164 -1.74171 -6.5
      vertex 5.54328 -2.2961 -5.79999
      vertex 5.54328 -2.2961 -6.5
    endloop
  endfacet
  facet normal -0.242979 0.970032 0
    outer loop
      vertex -1.17054 5.88471 -6.5
      vertex -1.74171 5.74164 0
      vertex -1.17054 5.88471 0
    endloop
  endfacet
  facet normal -0.242979 0.970032 0
    outer loop
      vertex -1.74171 5.74164 0
      vertex -1.17054 5.88471 -6.5
      vertex -1.74171 5.74164 -6.5
    endloop
  endfacet
  facet normal -0.903989 -0.427556 0
    outer loop
      vertex -5.29153 -2.82838 -6.5
      vertex -5.54328 -2.2961 -5.79999
      vertex -5.54328 -2.2961 -6.5
    endloop
  endfacet
  facet normal -0.903989 -0.427556 0
    outer loop
      vertex -5.54328 -2.2961 -5.79999
      vertex -5.29153 -2.82838 -6.5
      vertex -5.29153 -2.82838 -5.79999
    endloop
  endfacet
  facet normal -0.903989 -0.427556 0
    outer loop
      vertex -5.29153 -2.82838 -1.20001
      vertex -5.54328 -2.2961 0
      vertex -5.54328 -2.2961 -1.20001
    endloop
  endfacet
  facet normal -0.903989 -0.427556 0
    outer loop
      vertex -5.54328 -2.2961 0
      vertex -5.29153 -2.82838 -1.20001
      vertex -5.29153 -2.82838 0
    endloop
  endfacet
  facet normal -0.989176 0.146736 0
    outer loop
      vertex -5.97111 0.588102 -6.5
      vertex -5.88471 1.17054 -5.79999
      vertex -5.88471 1.17054 -6.5
    endloop
  endfacet
  facet normal -0.989176 0.146736 0
    outer loop
      vertex -5.88471 1.17054 -5.79999
      vertex -5.97111 0.588102 -6.5
      vertex -5.97111 0.588102 -5.79999
    endloop
  endfacet
  facet normal -0.989176 0.146736 0
    outer loop
      vertex -5.97111 0.588102 -1.20001
      vertex -5.88471 1.17054 0
      vertex -5.88471 1.17054 -1.20001
    endloop
  endfacet
  facet normal -0.989176 0.146736 0
    outer loop
      vertex -5.88471 1.17054 0
      vertex -5.97111 0.588102 -1.20001
      vertex -5.97111 0.588102 0
    endloop
  endfacet
  facet normal 0.427556 0.903989 -0
    outer loop
      vertex 2.82838 5.29153 -6.5
      vertex 2.2961 5.54328 0
      vertex 2.82838 5.29153 0
    endloop
  endfacet
  facet normal 0.427556 0.903989 0
    outer loop
      vertex 2.2961 5.54328 0
      vertex 2.82838 5.29153 -6.5
      vertex 2.2961 5.54328 -6.5
    endloop
  endfacet
  facet normal -0.740952 -0.671558 0
    outer loop
      vertex -4.24264 -4.24264 -6.5
      vertex -4.63806 -3.80636 0
      vertex -4.63806 -3.80636 -6.5
    endloop
  endfacet
  facet normal -0.740952 -0.671558 0
    outer loop
      vertex -4.63806 -3.80636 0
      vertex -4.24264 -4.24264 -6.5
      vertex -4.24264 -4.24264 0
    endloop
  endfacet
  facet normal -0.857683 -0.514179 0
    outer loop
      vertex -5.2486 -2.89999 -1.20001
      vertex -5.29153 -2.82838 0
      vertex -5.29153 -2.82838 -1.20001
    endloop
  endfacet
  facet normal -0.857736 -0.514091 -0
    outer loop
      vertex -4.98882 -3.33342 0
      vertex -5.2486 -2.89999 -1.20001
      vertex -4.98882 -3.33342 -3.60212
    endloop
  endfacet
  facet normal -0.857728 -0.514104 -6.09146e-06
    outer loop
      vertex -5.2486 -2.89999 -1.20001
      vertex -4.98882 -3.33342 0
      vertex -5.29153 -2.82838 0
    endloop
  endfacet
  facet normal -0.857728 -0.514104 0
    outer loop
      vertex -4.98882 -3.33342 -6.5
      vertex -5.29153 -2.82838 -5.79999
      vertex -5.29153 -2.82838 -6.5
    endloop
  endfacet
  facet normal -0.857728 -0.514104 0
    outer loop
      vertex -5.29153 -2.82838 -5.79999
      vertex -4.98882 -3.33342 -6.5
      vertex -4.98882 -3.33342 -5.79999
    endloop
  endfacet
  facet normal -0.336884 0.941546 0
    outer loop
      vertex -1.74171 5.74164 -6.5
      vertex -2.2961 5.54328 0
      vertex -1.74171 5.74164 0
    endloop
  endfacet
  facet normal -0.336884 0.941546 0
    outer loop
      vertex -2.2961 5.54328 0
      vertex -1.74171 5.74164 -6.5
      vertex -2.2961 5.54328 -6.5
    endloop
  endfacet
  facet normal -0.514104 -0.857728 0
    outer loop
      vertex -3.33342 -4.98882 -6.5
      vertex -2.82838 -5.29153 0
      vertex -3.33342 -4.98882 0
    endloop
  endfacet
  facet normal -0.514104 -0.857728 -0
    outer loop
      vertex -2.82838 -5.29153 0
      vertex -3.33342 -4.98882 -6.5
      vertex -2.82838 -5.29153 -6.5
    endloop
  endfacet
  facet normal -0.941546 0.336884 0
    outer loop
      vertex -5.74164 1.74171 -6.5
      vertex -5.54328 2.2961 -5.79999
      vertex -5.54328 2.2961 -6.5
    endloop
  endfacet
  facet normal -0.941546 0.336884 0
    outer loop
      vertex -5.54328 2.2961 -5.79999
      vertex -5.74164 1.74171 -6.5
      vertex -5.74164 1.74171 -5.79999
    endloop
  endfacet
  facet normal -0.941546 0.336884 0
    outer loop
      vertex -5.74164 1.74171 -1.20001
      vertex -5.54328 2.2961 0
      vertex -5.54328 2.2961 -1.20001
    endloop
  endfacet
  facet normal -0.941546 0.336884 0
    outer loop
      vertex -5.54328 2.2961 0
      vertex -5.74164 1.74171 -1.20001
      vertex -5.74164 1.74171 0
    endloop
  endfacet
  facet normal 0.595703 -0.803204 0
    outer loop
      vertex 3.33342 -4.98882 -6.5
      vertex 3.80636 -4.63806 0
      vertex 3.33342 -4.98882 0
    endloop
  endfacet
  facet normal 0.595703 -0.803204 0
    outer loop
      vertex 3.80636 -4.63806 0
      vertex 3.33342 -4.98882 -6.5
      vertex 3.80636 -4.63806 -6.5
    endloop
  endfacet
  facet normal 0.740952 0.671558 0
    outer loop
      vertex 4.63806 3.80636 0
      vertex 4.24264 4.24264 -6.5
      vertex 4.24264 4.24264 0
    endloop
  endfacet
  facet normal 0.740952 0.671558 0
    outer loop
      vertex 4.24264 4.24264 -6.5
      vertex 4.63806 3.80636 0
      vertex 4.63806 3.80636 -6.5
    endloop
  endfacet
  facet normal -0.803211 -0.595694 0
    outer loop
      vertex -4.98882 -3.33342 -6.5
      vertex -4.6947 -3.73 -5.79999
      vertex -4.98882 -3.33342 -5.79999
    endloop
  endfacet
  facet normal -0.803204 -0.595703 -7.97715e-06
    outer loop
      vertex -4.6947 -3.73 -5.79999
      vertex -4.98882 -3.33342 -6.5
      vertex -4.63806 -3.80636 -6.5
    endloop
  endfacet
  facet normal -0.803208 -0.595698 1.07008e-06
    outer loop
      vertex -4.63806 -3.80636 0
      vertex -4.98882 -3.33342 -3.60212
      vertex -4.6947 -3.73 -5.79999
    endloop
  endfacet
  facet normal -0.803169 -0.595751 -0
    outer loop
      vertex -4.63806 -3.80636 0
      vertex -4.6947 -3.73 -5.79999
      vertex -4.63806 -3.80636 -6.5
    endloop
  endfacet
  facet normal -0.803204 -0.595703 0
    outer loop
      vertex -4.98882 -3.33342 -3.60212
      vertex -4.63806 -3.80636 0
      vertex -4.98882 -3.33342 0
    endloop
  endfacet
  facet normal -0.514104 0.857728 0
    outer loop
      vertex -2.82838 5.29153 -6.5
      vertex -3.33342 4.98882 0
      vertex -2.82838 5.29153 0
    endloop
  endfacet
  facet normal -0.514104 0.857728 0
    outer loop
      vertex -3.33342 4.98882 0
      vertex -2.82838 5.29153 -6.5
      vertex -3.33342 4.98882 -6.5
    endloop
  endfacet
  facet normal -0.989176 -0.146736 0
    outer loop
      vertex -5.88471 -1.17054 -1.20001
      vertex -5.97111 -0.588102 0
      vertex -5.97111 -0.588102 -1.20001
    endloop
  endfacet
  facet normal -0.989176 -0.146736 0
    outer loop
      vertex -5.97111 -0.588102 0
      vertex -5.88471 -1.17054 -1.20001
      vertex -5.88471 -1.17054 0
    endloop
  endfacet
  facet normal -0.989176 -0.146736 0
    outer loop
      vertex -5.88471 -1.17054 -6.5
      vertex -5.97111 -0.588102 -5.79999
      vertex -5.97111 -0.588102 -6.5
    endloop
  endfacet
  facet normal -0.989176 -0.146736 0
    outer loop
      vertex -5.97111 -0.588102 -5.79999
      vertex -5.88471 -1.17054 -6.5
      vertex -5.88471 -1.17054 -5.79999
    endloop
  endfacet
  facet normal -0.903989 0.427556 0
    outer loop
      vertex -5.54328 2.2961 -6.5
      vertex -5.29153 2.82838 -5.79999
      vertex -5.29153 2.82838 -6.5
    endloop
  endfacet
  facet normal -0.903989 0.427556 0
    outer loop
      vertex -5.29153 2.82838 -5.79999
      vertex -5.54328 2.2961 -6.5
      vertex -5.54328 2.2961 -5.79999
    endloop
  endfacet
  facet normal -0.903989 0.427556 0
    outer loop
      vertex -5.54328 2.2961 -1.20001
      vertex -5.29153 2.82838 0
      vertex -5.29153 2.82838 -1.20001
    endloop
  endfacet
  facet normal -0.903989 0.427556 0
    outer loop
      vertex -5.29153 2.82838 0
      vertex -5.54328 2.2961 -1.20001
      vertex -5.54328 2.2961 0
    endloop
  endfacet
  facet normal 0.514104 -0.857728 0
    outer loop
      vertex 2.82838 -5.29153 -6.5
      vertex 3.33342 -4.98882 0
      vertex 2.82838 -5.29153 0
    endloop
  endfacet
  facet normal 0.514104 -0.857728 0
    outer loop
      vertex 3.33342 -4.98882 0
      vertex 2.82838 -5.29153 -6.5
      vertex 3.33342 -4.98882 -6.5
    endloop
  endfacet
  facet normal -0.671558 -0.740952 0
    outer loop
      vertex -4.24264 -4.24264 -6.5
      vertex -3.80636 -4.63806 0
      vertex -4.24264 -4.24264 0
    endloop
  endfacet
  facet normal -0.671558 -0.740952 -0
    outer loop
      vertex -3.80636 -4.63806 0
      vertex -4.24264 -4.24264 -6.5
      vertex -3.80636 -4.63806 -6.5
    endloop
  endfacet
  facet normal -0.803169 0.595751 0
    outer loop
      vertex -4.63806 3.80636 -6.5
      vertex -4.6947 3.73 -5.79999
      vertex -4.63806 3.80636 0
    endloop
  endfacet
  facet normal -0.803204 0.595703 -7.97715e-06
    outer loop
      vertex -4.98882 3.33342 -6.5
      vertex -4.6947 3.73 -5.79999
      vertex -4.63806 3.80636 -6.5
    endloop
  endfacet
  facet normal -0.803211 0.595694 0
    outer loop
      vertex -4.6947 3.73 -5.79999
      vertex -4.98882 3.33342 -6.5
      vertex -4.98882 3.33342 -5.79999
    endloop
  endfacet
  facet normal -0.803208 0.595698 1.07008e-06
    outer loop
      vertex -4.98882 3.33342 -3.60212
      vertex -4.63806 3.80636 0
      vertex -4.6947 3.73 -5.79999
    endloop
  endfacet
  facet normal -0.803204 0.595703 0
    outer loop
      vertex -4.63806 3.80636 0
      vertex -4.98882 3.33342 -3.60212
      vertex -4.98882 3.33342 0
    endloop
  endfacet
  facet normal -0.049065 -0.998796 0
    outer loop
      vertex -0.588102 -5.97111 -6.5
      vertex 0 -6 0
      vertex -0.588102 -5.97111 0
    endloop
  endfacet
  facet normal -0.049065 -0.998796 -0
    outer loop
      vertex 0 -6 0
      vertex -0.588102 -5.97111 -6.5
      vertex 0 -6 -6.5
    endloop
  endfacet
  facet normal 0 0 1
    outer loop
      vertex 5.97111 0.588102 0
      vertex 5.97111 -0.588102 0
      vertex 6 0 0
    endloop
  endfacet
  facet normal 0 0 1
    outer loop
      vertex 5.88471 1.17054 0
      vertex 5.97111 -0.588102 0
      vertex 5.97111 0.588102 0
    endloop
  endfacet
  facet normal 0 0 1
    outer loop
      vertex 5.88471 1.17054 0
      vertex 5.88471 -1.17054 0
      vertex 5.97111 -0.588102 0
    endloop
  endfacet
  facet normal 0 0 1
    outer loop
      vertex 5.74164 1.74171 0
      vertex 5.88471 -1.17054 0
      vertex 5.88471 1.17054 0
    endloop
  endfacet
  facet normal 0 0 1
    outer loop
      vertex 5.74164 1.74171 0
      vertex 5.74164 -1.74171 0
      vertex 5.88471 -1.17054 0
    endloop
  endfacet
  facet normal 0 0 1
    outer loop
      vertex 5.54328 2.2961 0
      vertex 5.74164 -1.74171 0
      vertex 5.74164 1.74171 0
    endloop
  endfacet
  facet normal 0 0 1
    outer loop
      vertex 5.54328 2.2961 0
      vertex 5.54328 -2.2961 0
      vertex 5.74164 -1.74171 0
    endloop
  endfacet
  facet normal 0 0 1
    outer loop
      vertex 5.29153 2.82838 0
      vertex 5.54328 -2.2961 0
      vertex 5.54328 2.2961 0
    endloop
  endfacet
  facet normal 0 0 1
    outer loop
      vertex 5.29153 2.82838 0
      vertex 5.29153 -2.82838 0
      vertex 5.54328 -2.2961 0
    endloop
  endfacet
  facet normal 0 0 1
    outer loop
      vertex 4.98882 3.33342 0
      vertex 5.29153 -2.82838 0
      vertex 5.29153 2.82838 0
    endloop
  endfacet
  facet normal 0 0 1
    outer loop
      vertex 4.98882 3.33342 0
      vertex 4.98882 -3.33342 0
      vertex 5.29153 -2.82838 0
    endloop
  endfacet
  facet normal 0 0 1
    outer loop
      vertex 4.63806 3.80636 0
      vertex 4.98882 -3.33342 0
      vertex 4.98882 3.33342 0
    endloop
  endfacet
  facet normal 0 0 1
    outer loop
      vertex 4.63806 3.80636 0
      vertex 4.63806 -3.80636 0
      vertex 4.98882 -3.33342 0
    endloop
  endfacet
  facet normal 0 0 1
    outer loop
      vertex 4.24264 4.24264 0
      vertex 4.63806 -3.80636 0
      vertex 4.63806 3.80636 0
    endloop
  endfacet
  facet normal 0 0 1
    outer loop
      vertex 4.24264 4.24264 0
      vertex 4.24264 -4.24264 0
      vertex 4.63806 -3.80636 0
    endloop
  endfacet
  facet normal 0 0 1
    outer loop
      vertex 3.80636 4.63806 0
      vertex 4.24264 -4.24264 0
      vertex 4.24264 4.24264 0
    endloop
  endfacet
  facet normal 0 0 1
    outer loop
      vertex 3.80636 4.63806 0
      vertex 3.80636 -4.63806 0
      vertex 4.24264 -4.24264 0
    endloop
  endfacet
  facet normal 0 0 1
    outer loop
      vertex 3.33342 4.98882 0
      vertex 3.80636 -4.63806 0
      vertex 3.80636 4.63806 0
    endloop
  endfacet
  facet normal 0 0 1
    outer loop
      vertex 3.33342 4.98882 0
      vertex 3.33342 -4.98882 0
      vertex 3.80636 -4.63806 0
    endloop
  endfacet
  facet normal 0 0 1
    outer loop
      vertex 2.82838 5.29153 0
      vertex 3.33342 -4.98882 0
      vertex 3.33342 4.98882 0
    endloop
  endfacet
  facet normal 0 0 1
    outer loop
      vertex 2.82838 5.29153 0
      vertex 2.82838 -5.29153 0
      vertex 3.33342 -4.98882 0
    endloop
  endfacet
  facet normal 0 0 1
    outer loop
      vertex 2.2961 5.54328 0
      vertex 2.82838 -5.29153 0
      vertex 2.82838 5.29153 0
    endloop
  endfacet
  facet normal 0 0 1
    outer loop
      vertex 2.2961 5.54328 0
      vertex 2.2961 -5.54328 0
      vertex 2.82838 -5.29153 0
    endloop
  endfacet
  facet normal 0 0 1
    outer loop
      vertex 1.74171 5.74164 0
      vertex 2.2961 -5.54328 0
      vertex 2.2961 5.54328 0
    endloop
  endfacet
  facet normal 0 0 1
    outer loop
      vertex 1.74171 5.74164 0
      vertex 1.74171 -5.74164 0
      vertex 2.2961 -5.54328 0
    endloop
  endfacet
  facet normal 0 0 1
    outer loop
      vertex 1.17054 5.88471 0
      vertex 1.74171 -5.74164 0
      vertex 1.74171 5.74164 0
    endloop
  endfacet
  facet normal 0 0 1
    outer loop
      vertex 1.17054 5.88471 0
      vertex 1.17054 -5.88471 0
      vertex 1.74171 -5.74164 0
    endloop
  endfacet
  facet normal 0 0 1
    outer loop
      vertex 0.588102 5.97111 0
      vertex 1.17054 -5.88471 0
      vertex 1.17054 5.88471 0
    endloop
  endfacet
  facet normal 0 0 1
    outer loop
      vertex 0.588102 5.97111 0
      vertex 0.588102 -5.97111 0
      vertex 1.17054 -5.88471 0
    endloop
  endfacet
  facet normal 0 0 1
    outer loop
      vertex 0 6 0
      vertex 0.588102 -5.97111 0
      vertex 0.588102 5.97111 0
    endloop
  endfacet
  facet normal 0 0 1
    outer loop
      vertex 0 6 0
      vertex 0 -6 0
      vertex 0.588102 -5.97111 0
    endloop
  endfacet
  facet normal -0 0 1
    outer loop
      vertex -0.588102 5.97111 0
      vertex 0 -6 0
      vertex 0 6 0
    endloop
  endfacet
  facet normal 0 0 1
    outer loop
      vertex -0.588102 5.97111 0
      vertex -0.588102 -5.97111 0
      vertex 0 -6 0
    endloop
  endfacet
  facet normal -0 0 1
    outer loop
      vertex -1.17054 5.88471 0
      vertex -0.588102 -5.97111 0
      vertex -0.588102 5.97111 0
    endloop
  endfacet
  facet normal 0 0 1
    outer loop
      vertex -1.17054 5.88471 0
      vertex -1.17054 -5.88471 0
      vertex -0.588102 -5.97111 0
    endloop
  endfacet
  facet normal -0 0 1
    outer loop
      vertex -1.74171 5.74164 0
      vertex -1.17054 -5.88471 0
      vertex -1.17054 5.88471 0
    endloop
  endfacet
  facet normal 0 0 1
    outer loop
      vertex -1.74171 5.74164 0
      vertex -1.74171 -5.74164 0
      vertex -1.17054 -5.88471 0
    endloop
  endfacet
  facet normal -0 0 1
    outer loop
      vertex -2.2961 5.54328 0
      vertex -1.74171 -5.74164 0
      vertex -1.74171 5.74164 0
    endloop
  endfacet
  facet normal 0 0 1
    outer loop
      vertex -2.2961 5.54328 0
      vertex -2.2961 -5.54328 0
      vertex -1.74171 -5.74164 0
    endloop
  endfacet
  facet normal -0 0 1
    outer loop
      vertex -2.82838 5.29153 0
      vertex -2.2961 -5.54328 0
      vertex -2.2961 5.54328 0
    endloop
  endfacet
  facet normal 0 0 1
    outer loop
      vertex -2.82838 5.29153 0
      vertex -2.82838 -5.29153 0
      vertex -2.2961 -5.54328 0
    endloop
  endfacet
  facet normal -0 0 1
    outer loop
      vertex -3.33342 4.98882 0
      vertex -2.82838 -5.29153 0
      vertex -2.82838 5.29153 0
    endloop
  endfacet
  facet normal 0 0 1
    outer loop
      vertex -3.33342 4.98882 0
      vertex -3.33342 -4.98882 0
      vertex -2.82838 -5.29153 0
    endloop
  endfacet
  facet normal -0 0 1
    outer loop
      vertex -3.80636 4.63806 0
      vertex -3.33342 -4.98882 0
      vertex -3.33342 4.98882 0
    endloop
  endfacet
  facet normal 0 0 1
    outer loop
      vertex -3.80636 4.63806 0
      vertex -3.80636 -4.63806 0
      vertex -3.33342 -4.98882 0
    endloop
  endfacet
  facet normal -0 0 1
    outer loop
      vertex -4.24264 4.24264 0
      vertex -3.80636 -4.63806 0
      vertex -3.80636 4.63806 0
    endloop
  endfacet
  facet normal 0 0 1
    outer loop
      vertex -4.24264 4.24264 0
      vertex -4.24264 -4.24264 0
      vertex -3.80636 -4.63806 0
    endloop
  endfacet
  facet normal -0 0 1
    outer loop
      vertex -4.63806 3.80636 0
      vertex -4.24264 -4.24264 0
      vertex -4.24264 4.24264 0
    endloop
  endfacet
  facet normal 0 0 1
    outer loop
      vertex -4.63806 3.80636 0
      vertex -4.63806 -3.80636 0
      vertex -4.24264 -4.24264 0
    endloop
  endfacet
  facet normal -0 0 1
    outer loop
      vertex -4.98882 3.33342 0
      vertex -4.63806 -3.80636 0
      vertex -4.63806 3.80636 0
    endloop
  endfacet
  facet normal 0 0 1
    outer loop
      vertex -4.98882 3.33342 0
      vertex -4.98882 -3.33342 0
      vertex -4.63806 -3.80636 0
    endloop
  endfacet
  facet normal -0 0 1
    outer loop
      vertex -5.29153 2.82838 0
      vertex -4.98882 -3.33342 0
      vertex -4.98882 3.33342 0
    endloop
  endfacet
  facet normal 0 0 1
    outer loop
      vertex -5.29153 2.82838 0
      vertex -5.29153 -2.82838 0
      vertex -4.98882 -3.33342 0
    endloop
  endfacet
  facet normal -0 0 1
    outer loop
      vertex -5.54328 2.2961 0
      vertex -5.29153 -2.82838 0
      vertex -5.29153 2.82838 0
    endloop
  endfacet
  facet normal 0 0 1
    outer loop
      vertex -5.54328 2.2961 0
      vertex -5.54328 -2.2961 0
      vertex -5.29153 -2.82838 0
    endloop
  endfacet
  facet normal -0 0 1
    outer loop
      vertex -5.74164 1.74171 0
      vertex -5.54328 -2.2961 0
      vertex -5.54328 2.2961 0
    endloop
  endfacet
  facet normal 0 0 1
    outer loop
      vertex -5.74164 1.74171 0
      vertex -5.74164 -1.74171 0
      vertex -5.54328 -2.2961 0
    endloop
  endfacet
  facet normal -0 0 1
    outer loop
      vertex -5.88471 1.17054 0
      vertex -5.74164 -1.74171 0
      vertex -5.74164 1.74171 0
    endloop
  endfacet
  facet normal 0 0 1
    outer loop
      vertex -5.88471 1.17054 0
      vertex -5.88471 -1.17054 0
      vertex -5.74164 -1.74171 0
    endloop
  endfacet
  facet normal -0 0 1
    outer loop
      vertex -5.97111 0.588102 0
      vertex -5.88471 -1.17054 0
      vertex -5.88471 1.17054 0
    endloop
  endfacet
  facet normal 0 0 1
    outer loop
      vertex -5.97111 0.588102 0
      vertex -5.97111 -0.588102 0
      vertex -5.88471 -1.17054 0
    endloop
  endfacet
  facet normal 0 -0 1
    outer loop
      vertex -5.97111 -0.588102 0
      vertex -5.97111 0.588102 0
      vertex -6 0 0
    endloop
  endfacet
  facet normal -0.998796 0.049065 0
    outer loop
      vertex -6 0 -6.5
      vertex -5.97111 0.588102 -5.79999
      vertex -5.97111 0.588102 -6.5
    endloop
  endfacet
  facet normal -0.998796 0.049065 0
    outer loop
      vertex -5.97111 0.588102 -5.79999
      vertex -6 0 -6.5
      vertex -6 0 -5.79999
    endloop
  endfacet
  facet normal -0.998796 0.049065 0
    outer loop
      vertex -6 0 -1.20001
      vertex -5.97111 0.588102 0
      vertex -5.97111 0.588102 -1.20001
    endloop
  endfacet
  facet normal -0.998796 0.049065 0
    outer loop
      vertex -5.97111 0.588102 0
      vertex -6 0 -1.20001
      vertex -6 0 0
    endloop
  endfacet
  facet normal -0.336884 -0.941546 0
    outer loop
      vertex -2.2961 -5.54328 -6.5
      vertex -1.74171 -5.74164 0
      vertex -2.2961 -5.54328 0
    endloop
  endfacet
  facet normal -0.336884 -0.941546 -0
    outer loop
      vertex -1.74171 -5.74164 0
      vertex -2.2961 -5.54328 -6.5
      vertex -1.74171 -5.74164 -6.5
    endloop
  endfacet
  facet normal 0.671558 -0.740952 0
    outer loop
      vertex 3.80636 -4.63806 -6.5
      vertex 4.24264 -4.24264 0
      vertex 3.80636 -4.63806 0
    endloop
  endfacet
  facet normal 0.671558 -0.740952 0
    outer loop
      vertex 4.24264 -4.24264 0
      vertex 3.80636 -4.63806 -6.5
      vertex 4.24264 -4.24264 -6.5
    endloop
  endfacet
  facet normal 0.740952 0.671558 0
    outer loop
      vertex 2.31903 1.90318 -6.5
      vertex 2.12132 2.12132 -18
      vertex 2.12132 2.12132 -6.5
    endloop
  endfacet
  facet normal 0.740952 0.671558 0
    outer loop
      vertex 2.12132 2.12132 -18
      vertex 2.31903 1.90318 -6.5
      vertex 2.31903 1.90318 -18
    endloop
  endfacet
  facet normal 0.989181 0.146703 0
    outer loop
      vertex 2.98555 0.294051 -6.5
      vertex 2.94236 0.585271 -18
      vertex 2.94236 0.585271 -6.5
    endloop
  endfacet
  facet normal 0.989181 0.146703 0
    outer loop
      vertex 2.94236 0.585271 -18
      vertex 2.98555 0.294051 -6.5
      vertex 2.98555 0.294051 -18
    endloop
  endfacet
  facet normal 0.998795 0.0490819 0
    outer loop
      vertex 3 0 -6.5
      vertex 2.98555 0.294051 -18
      vertex 2.98555 0.294051 -6.5
    endloop
  endfacet
  facet normal 0.998795 0.0490819 0
    outer loop
      vertex 2.98555 0.294051 -18
      vertex 3 0 -6.5
      vertex 3 0 -18
    endloop
  endfacet
  facet normal 0.970027 0.242998 0
    outer loop
      vertex 2.94236 0.585271 -6.5
      vertex 2.87082 0.870853 -18
      vertex 2.87082 0.870853 -6.5
    endloop
  endfacet
  facet normal 0.970027 0.242998 0
    outer loop
      vertex 2.87082 0.870853 -18
      vertex 2.94236 0.585271 -6.5
      vertex 2.94236 0.585271 -18
    endloop
  endfacet
  facet normal 0.336882 -0.941547 0
    outer loop
      vertex 0.870853 -2.87082 -18
      vertex 1.14805 -2.77164 -6.5
      vertex 0.870853 -2.87082 -6.5
    endloop
  endfacet
  facet normal 0.336882 -0.941547 0
    outer loop
      vertex 1.14805 -2.77164 -6.5
      vertex 0.870853 -2.87082 -18
      vertex 1.14805 -2.77164 -18
    endloop
  endfacet
  facet normal 0.857736 0.514091 0
    outer loop
      vertex 2.64576 1.41419 -6.5
      vertex 2.49441 1.66671 -18
      vertex 2.49441 1.66671 -6.5
    endloop
  endfacet
  facet normal 0.857736 0.514091 0
    outer loop
      vertex 2.49441 1.66671 -18
      vertex 2.64576 1.41419 -6.5
      vertex 2.64576 1.41419 -18
    endloop
  endfacet
  facet normal 0.242998 0.970027 -0
    outer loop
      vertex 0.870853 2.87082 -18
      vertex 0.585271 2.94236 -6.5
      vertex 0.870853 2.87082 -6.5
    endloop
  endfacet
  facet normal 0.242998 0.970027 0
    outer loop
      vertex 0.585271 2.94236 -6.5
      vertex 0.870853 2.87082 -18
      vertex 0.585271 2.94236 -18
    endloop
  endfacet
  facet normal -0.740952 0.671558 0
    outer loop
      vertex -2.31903 1.90318 -18
      vertex -2.12132 2.12132 -6.5
      vertex -2.12132 2.12132 -18
    endloop
  endfacet
  facet normal -0.740952 0.671558 0
    outer loop
      vertex -2.12132 2.12132 -6.5
      vertex -2.31903 1.90318 -18
      vertex -2.31903 1.90318 -6.5
    endloop
  endfacet
  facet normal 0.0490819 -0.998795 0
    outer loop
      vertex 0 -3 -18
      vertex 0.294051 -2.98555 -6.5
      vertex 0 -3 -6.5
    endloop
  endfacet
  facet normal 0.0490819 -0.998795 0
    outer loop
      vertex 0.294051 -2.98555 -6.5
      vertex 0 -3 -18
      vertex 0.294051 -2.98555 -18
    endloop
  endfacet
  facet normal 0.427569 0.903983 -0
    outer loop
      vertex 1.41419 2.64576 -18
      vertex 1.14805 2.77164 -6.5
      vertex 1.41419 2.64576 -6.5
    endloop
  endfacet
  facet normal 0.427569 0.903983 0
    outer loop
      vertex 1.14805 2.77164 -6.5
      vertex 1.41419 2.64576 -18
      vertex 1.14805 2.77164 -18
    endloop
  endfacet
  facet normal 0.671558 0.740952 -0
    outer loop
      vertex 2.12132 2.12132 -18
      vertex 1.90318 2.31903 -6.5
      vertex 2.12132 2.12132 -6.5
    endloop
  endfacet
  facet normal 0.671558 0.740952 0
    outer loop
      vertex 1.90318 2.31903 -6.5
      vertex 2.12132 2.12132 -18
      vertex 1.90318 2.31903 -18
    endloop
  endfacet
  facet normal -0.595703 -0.803204 0
    outer loop
      vertex -1.90318 -2.31903 -18
      vertex -1.66671 -2.49441 -6.5
      vertex -1.90318 -2.31903 -6.5
    endloop
  endfacet
  facet normal -0.595703 -0.803204 -0
    outer loop
      vertex -1.66671 -2.49441 -6.5
      vertex -1.90318 -2.31903 -18
      vertex -1.66671 -2.49441 -18
    endloop
  endfacet
  facet normal 0.0490819 0.998795 -0
    outer loop
      vertex 0.294051 2.98555 -18
      vertex 0 3 -6.5
      vertex 0.294051 2.98555 -6.5
    endloop
  endfacet
  facet normal 0.0490819 0.998795 0
    outer loop
      vertex 0 3 -6.5
      vertex 0.294051 2.98555 -18
      vertex 0 3 -18
    endloop
  endfacet
  facet normal 0.242998 -0.970027 0
    outer loop
      vertex 0.585271 -2.94236 -18
      vertex 0.870853 -2.87082 -6.5
      vertex 0.585271 -2.94236 -6.5
    endloop
  endfacet
  facet normal 0.242998 -0.970027 0
    outer loop
      vertex 0.870853 -2.87082 -6.5
      vertex 0.585271 -2.94236 -18
      vertex 0.870853 -2.87082 -18
    endloop
  endfacet
  facet normal 0.989181 -0.146703 0
    outer loop
      vertex 2.94236 -0.585271 -6.5
      vertex 2.98555 -0.294051 -18
      vertex 2.98555 -0.294051 -6.5
    endloop
  endfacet
  facet normal 0.989181 -0.146703 0
    outer loop
      vertex 2.98555 -0.294051 -18
      vertex 2.94236 -0.585271 -6.5
      vertex 2.94236 -0.585271 -18
    endloop
  endfacet
  facet normal -0.242998 -0.970027 0
    outer loop
      vertex -0.870853 -2.87082 -18
      vertex -0.585271 -2.94236 -6.5
      vertex -0.870853 -2.87082 -6.5
    endloop
  endfacet
  facet normal -0.242998 -0.970027 -0
    outer loop
      vertex -0.585271 -2.94236 -6.5
      vertex -0.870853 -2.87082 -18
      vertex -0.585271 -2.94236 -18
    endloop
  endfacet
  facet normal -0.595703 0.803204 0
    outer loop
      vertex -1.66671 2.49441 -18
      vertex -1.90318 2.31903 -6.5
      vertex -1.66671 2.49441 -6.5
    endloop
  endfacet
  facet normal -0.595703 0.803204 0
    outer loop
      vertex -1.90318 2.31903 -6.5
      vertex -1.66671 2.49441 -18
      vertex -1.90318 2.31903 -18
    endloop
  endfacet
  facet normal -0.998795 -0.0490819 0
    outer loop
      vertex -2.98555 -0.294051 -18
      vertex -3 0 -6.5
      vertex -3 0 -18
    endloop
  endfacet
  facet normal -0.998795 -0.0490819 0
    outer loop
      vertex -3 0 -6.5
      vertex -2.98555 -0.294051 -18
      vertex -2.98555 -0.294051 -6.5
    endloop
  endfacet
  facet normal -0.970027 -0.242998 0
    outer loop
      vertex -2.87082 -0.870853 -18
      vertex -2.94236 -0.585271 -6.5
      vertex -2.94236 -0.585271 -18
    endloop
  endfacet
  facet normal -0.970027 -0.242998 0
    outer loop
      vertex -2.94236 -0.585271 -6.5
      vertex -2.87082 -0.870853 -18
      vertex -2.87082 -0.870853 -6.5
    endloop
  endfacet
  facet normal 0.970027 -0.242998 0
    outer loop
      vertex 2.87082 -0.870853 -6.5
      vertex 2.94236 -0.585271 -18
      vertex 2.94236 -0.585271 -6.5
    endloop
  endfacet
  facet normal 0.970027 -0.242998 0
    outer loop
      vertex 2.94236 -0.585271 -18
      vertex 2.87082 -0.870853 -6.5
      vertex 2.87082 -0.870853 -18
    endloop
  endfacet
  facet normal -0.514091 0.857736 0
    outer loop
      vertex -1.41419 2.64576 -18
      vertex -1.66671 2.49441 -6.5
      vertex -1.41419 2.64576 -6.5
    endloop
  endfacet
  facet normal -0.514091 0.857736 0
    outer loop
      vertex -1.66671 2.49441 -6.5
      vertex -1.41419 2.64576 -18
      vertex -1.66671 2.49441 -18
    endloop
  endfacet
  facet normal 0.595703 0.803204 -0
    outer loop
      vertex 1.90318 2.31903 -18
      vertex 1.66671 2.49441 -6.5
      vertex 1.90318 2.31903 -6.5
    endloop
  endfacet
  facet normal 0.595703 0.803204 0
    outer loop
      vertex 1.66671 2.49441 -6.5
      vertex 1.90318 2.31903 -18
      vertex 1.66671 2.49441 -18
    endloop
  endfacet
  facet normal -0.903983 -0.427569 0
    outer loop
      vertex -2.64576 -1.41419 -18
      vertex -2.77164 -1.14805 -6.5
      vertex -2.77164 -1.14805 -18
    endloop
  endfacet
  facet normal -0.903983 -0.427569 0
    outer loop
      vertex -2.77164 -1.14805 -6.5
      vertex -2.64576 -1.41419 -18
      vertex -2.64576 -1.41419 -6.5
    endloop
  endfacet
  facet normal 0.941547 -0.336882 0
    outer loop
      vertex 2.77164 -1.14805 -6.5
      vertex 2.87082 -0.870853 -18
      vertex 2.87082 -0.870853 -6.5
    endloop
  endfacet
  facet normal 0.941547 -0.336882 0
    outer loop
      vertex 2.87082 -0.870853 -18
      vertex 2.77164 -1.14805 -6.5
      vertex 2.77164 -1.14805 -18
    endloop
  endfacet
  facet normal 0.146703 0.989181 -0
    outer loop
      vertex 0.585271 2.94236 -18
      vertex 0.294051 2.98555 -6.5
      vertex 0.585271 2.94236 -6.5
    endloop
  endfacet
  facet normal 0.146703 0.989181 0
    outer loop
      vertex 0.294051 2.98555 -6.5
      vertex 0.585271 2.94236 -18
      vertex 0.294051 2.98555 -18
    endloop
  endfacet
  facet normal -0.427569 0.903983 0
    outer loop
      vertex -1.14805 2.77164 -18
      vertex -1.41419 2.64576 -6.5
      vertex -1.14805 2.77164 -6.5
    endloop
  endfacet
  facet normal -0.427569 0.903983 0
    outer loop
      vertex -1.41419 2.64576 -6.5
      vertex -1.14805 2.77164 -18
      vertex -1.41419 2.64576 -18
    endloop
  endfacet
  facet normal 0.514091 0.857736 -0
    outer loop
      vertex 1.66671 2.49441 -18
      vertex 1.41419 2.64576 -6.5
      vertex 1.66671 2.49441 -6.5
    endloop
  endfacet
  facet normal 0.514091 0.857736 0
    outer loop
      vertex 1.41419 2.64576 -6.5
      vertex 1.66671 2.49441 -18
      vertex 1.41419 2.64576 -18
    endloop
  endfacet
  facet normal 0.427569 -0.903983 0
    outer loop
      vertex 1.14805 -2.77164 -18
      vertex 1.41419 -2.64576 -6.5
      vertex 1.14805 -2.77164 -6.5
    endloop
  endfacet
  facet normal 0.427569 -0.903983 0
    outer loop
      vertex 1.41419 -2.64576 -6.5
      vertex 1.14805 -2.77164 -18
      vertex 1.41419 -2.64576 -18
    endloop
  endfacet
  facet normal -0.941547 -0.336882 0
    outer loop
      vertex -2.77164 -1.14805 -18
      vertex -2.87082 -0.870853 -6.5
      vertex -2.87082 -0.870853 -18
    endloop
  endfacet
  facet normal -0.941547 -0.336882 0
    outer loop
      vertex -2.87082 -0.870853 -6.5
      vertex -2.77164 -1.14805 -18
      vertex -2.77164 -1.14805 -6.5
    endloop
  endfacet
  facet normal 0.857736 -0.514091 0
    outer loop
      vertex 2.49441 -1.66671 -6.5
      vertex 2.64576 -1.41419 -18
      vertex 2.64576 -1.41419 -6.5
    endloop
  endfacet
  facet normal 0.857736 -0.514091 0
    outer loop
      vertex 2.64576 -1.41419 -18
      vertex 2.49441 -1.66671 -6.5
      vertex 2.49441 -1.66671 -18
    endloop
  endfacet
  facet normal 0.903983 -0.427569 0
    outer loop
      vertex 2.64576 -1.41419 -6.5
      vertex 2.77164 -1.14805 -18
      vertex 2.77164 -1.14805 -6.5
    endloop
  endfacet
  facet normal 0.903983 -0.427569 0
    outer loop
      vertex 2.77164 -1.14805 -18
      vertex 2.64576 -1.41419 -6.5
      vertex 2.64576 -1.41419 -18
    endloop
  endfacet
  facet normal 0.998795 -0.0490819 0
    outer loop
      vertex 2.98555 -0.294051 -6.5
      vertex 3 0 -18
      vertex 3 0 -6.5
    endloop
  endfacet
  facet normal 0.998795 -0.0490819 0
    outer loop
      vertex 3 0 -18
      vertex 2.98555 -0.294051 -6.5
      vertex 2.98555 -0.294051 -18
    endloop
  endfacet
  facet normal -0.146703 0.989181 0
    outer loop
      vertex -0.294051 2.98555 -18
      vertex -0.585271 2.94236 -6.5
      vertex -0.294051 2.98555 -6.5
    endloop
  endfacet
  facet normal -0.146703 0.989181 0
    outer loop
      vertex -0.585271 2.94236 -6.5
      vertex -0.294051 2.98555 -18
      vertex -0.585271 2.94236 -18
    endloop
  endfacet
  facet normal 0.146703 -0.989181 0
    outer loop
      vertex 0.294051 -2.98555 -18
      vertex 0.585271 -2.94236 -6.5
      vertex 0.294051 -2.98555 -6.5
    endloop
  endfacet
  facet normal 0.146703 -0.989181 0
    outer loop
      vertex 0.585271 -2.94236 -6.5
      vertex 0.294051 -2.98555 -18
      vertex 0.585271 -2.94236 -18
    endloop
  endfacet
  facet normal 0.941547 0.336882 0
    outer loop
      vertex 2.87082 0.870853 -6.5
      vertex 2.77164 1.14805 -18
      vertex 2.77164 1.14805 -6.5
    endloop
  endfacet
  facet normal 0.941547 0.336882 0
    outer loop
      vertex 2.77164 1.14805 -18
      vertex 2.87082 0.870853 -6.5
      vertex 2.87082 0.870853 -18
    endloop
  endfacet
  facet normal 0.740952 -0.671558 0
    outer loop
      vertex 2.12132 -2.12132 -6.5
      vertex 2.31903 -1.90318 -18
      vertex 2.31903 -1.90318 -6.5
    endloop
  endfacet
  facet normal 0.740952 -0.671558 0
    outer loop
      vertex 2.31903 -1.90318 -18
      vertex 2.12132 -2.12132 -6.5
      vertex 2.12132 -2.12132 -18
    endloop
  endfacet
  facet normal 0.803204 -0.595703 0
    outer loop
      vertex 2.31903 -1.90318 -6.5
      vertex 2.49441 -1.66671 -18
      vertex 2.49441 -1.66671 -6.5
    endloop
  endfacet
  facet normal 0.803204 -0.595703 0
    outer loop
      vertex 2.49441 -1.66671 -18
      vertex 2.31903 -1.90318 -6.5
      vertex 2.31903 -1.90318 -18
    endloop
  endfacet
  facet normal -0.242998 0.970027 0
    outer loop
      vertex -0.585271 2.94236 -18
      vertex -0.870853 2.87082 -6.5
      vertex -0.585271 2.94236 -6.5
    endloop
  endfacet
  facet normal -0.242998 0.970027 0
    outer loop
      vertex -0.870853 2.87082 -6.5
      vertex -0.585271 2.94236 -18
      vertex -0.870853 2.87082 -18
    endloop
  endfacet
  facet normal 0.803204 0.595703 0
    outer loop
      vertex 2.49441 1.66671 -6.5
      vertex 2.31903 1.90318 -18
      vertex 2.31903 1.90318 -6.5
    endloop
  endfacet
  facet normal 0.803204 0.595703 0
    outer loop
      vertex 2.31903 1.90318 -18
      vertex 2.49441 1.66671 -6.5
      vertex 2.49441 1.66671 -18
    endloop
  endfacet
  facet normal 0.903983 0.427569 0
    outer loop
      vertex 2.77164 1.14805 -6.5
      vertex 2.64576 1.41419 -18
      vertex 2.64576 1.41419 -6.5
    endloop
  endfacet
  facet normal 0.903983 0.427569 0
    outer loop
      vertex 2.64576 1.41419 -18
      vertex 2.77164 1.14805 -6.5
      vertex 2.77164 1.14805 -18
    endloop
  endfacet
  facet normal -0.857736 0.514091 0
    outer loop
      vertex -2.64576 1.41419 -18
      vertex -2.49441 1.66671 -6.5
      vertex -2.49441 1.66671 -18
    endloop
  endfacet
  facet normal -0.857736 0.514091 0
    outer loop
      vertex -2.49441 1.66671 -6.5
      vertex -2.64576 1.41419 -18
      vertex -2.64576 1.41419 -6.5
    endloop
  endfacet
  facet normal -0.671558 0.740952 0
    outer loop
      vertex -1.90318 2.31903 -18
      vertex -2.12132 2.12132 -6.5
      vertex -1.90318 2.31903 -6.5
    endloop
  endfacet
  facet normal -0.671558 0.740952 0
    outer loop
      vertex -2.12132 2.12132 -6.5
      vertex -1.90318 2.31903 -18
      vertex -2.12132 2.12132 -18
    endloop
  endfacet
  facet normal -0.857736 -0.514091 0
    outer loop
      vertex -2.49441 -1.66671 -18
      vertex -2.64576 -1.41419 -6.5
      vertex -2.64576 -1.41419 -18
    endloop
  endfacet
  facet normal -0.857736 -0.514091 0
    outer loop
      vertex -2.64576 -1.41419 -6.5
      vertex -2.49441 -1.66671 -18
      vertex -2.49441 -1.66671 -6.5
    endloop
  endfacet
  facet normal -0.427569 -0.903983 0
    outer loop
      vertex -1.41419 -2.64576 -18
      vertex -1.14805 -2.77164 -6.5
      vertex -1.41419 -2.64576 -6.5
    endloop
  endfacet
  facet normal -0.427569 -0.903983 -0
    outer loop
      vertex -1.14805 -2.77164 -6.5
      vertex -1.41419 -2.64576 -18
      vertex -1.14805 -2.77164 -18
    endloop
  endfacet
  facet normal -0.740952 -0.671558 0
    outer loop
      vertex -2.12132 -2.12132 -18
      vertex -2.31903 -1.90318 -6.5
      vertex -2.31903 -1.90318 -18
    endloop
  endfacet
  facet normal -0.740952 -0.671558 0
    outer loop
      vertex -2.31903 -1.90318 -6.5
      vertex -2.12132 -2.12132 -18
      vertex -2.12132 -2.12132 -6.5
    endloop
  endfacet
  facet normal -0.336882 0.941547 0
    outer loop
      vertex -0.870853 2.87082 -18
      vertex -1.14805 2.77164 -6.5
      vertex -0.870853 2.87082 -6.5
    endloop
  endfacet
  facet normal -0.336882 0.941547 0
    outer loop
      vertex -1.14805 2.77164 -6.5
      vertex -0.870853 2.87082 -18
      vertex -1.14805 2.77164 -18
    endloop
  endfacet
  facet normal -0.514091 -0.857736 0
    outer loop
      vertex -1.66671 -2.49441 -18
      vertex -1.41419 -2.64576 -6.5
      vertex -1.66671 -2.49441 -6.5
    endloop
  endfacet
  facet normal -0.514091 -0.857736 -0
    outer loop
      vertex -1.41419 -2.64576 -6.5
      vertex -1.66671 -2.49441 -18
      vertex -1.41419 -2.64576 -18
    endloop
  endfacet
  facet normal 0.595703 -0.803204 0
    outer loop
      vertex 1.66671 -2.49441 -18
      vertex 1.90318 -2.31903 -6.5
      vertex 1.66671 -2.49441 -6.5
    endloop
  endfacet
  facet normal 0.595703 -0.803204 0
    outer loop
      vertex 1.90318 -2.31903 -6.5
      vertex 1.66671 -2.49441 -18
      vertex 1.90318 -2.31903 -18
    endloop
  endfacet
  facet normal -0.0490819 0.998795 0
    outer loop
      vertex 0 3 -18
      vertex -0.294051 2.98555 -6.5
      vertex 0 3 -6.5
    endloop
  endfacet
  facet normal -0.0490819 0.998795 0
    outer loop
      vertex -0.294051 2.98555 -6.5
      vertex 0 3 -18
      vertex -0.294051 2.98555 -18
    endloop
  endfacet
  facet normal -0.970027 0.242998 0
    outer loop
      vertex -2.94236 0.585271 -18
      vertex -2.87082 0.870853 -6.5
      vertex -2.87082 0.870853 -18
    endloop
  endfacet
  facet normal -0.970027 0.242998 0
    outer loop
      vertex -2.87082 0.870853 -6.5
      vertex -2.94236 0.585271 -18
      vertex -2.94236 0.585271 -6.5
    endloop
  endfacet
  facet normal -0.941547 0.336882 0
    outer loop
      vertex -2.87082 0.870853 -18
      vertex -2.77164 1.14805 -6.5
      vertex -2.77164 1.14805 -18
    endloop
  endfacet
  facet normal -0.941547 0.336882 0
    outer loop
      vertex -2.77164 1.14805 -6.5
      vertex -2.87082 0.870853 -18
      vertex -2.87082 0.870853 -6.5
    endloop
  endfacet
  facet normal 0.336882 0.941547 -0
    outer loop
      vertex 1.14805 2.77164 -18
      vertex 0.870853 2.87082 -6.5
      vertex 1.14805 2.77164 -6.5
    endloop
  endfacet
  facet normal 0.336882 0.941547 0
    outer loop
      vertex 0.870853 2.87082 -6.5
      vertex 1.14805 2.77164 -18
      vertex 0.870853 2.87082 -18
    endloop
  endfacet
  facet normal -0.803204 -0.595703 0
    outer loop
      vertex -2.31903 -1.90318 -18
      vertex -2.49441 -1.66671 -6.5
      vertex -2.49441 -1.66671 -18
    endloop
  endfacet
  facet normal -0.803204 -0.595703 0
    outer loop
      vertex -2.49441 -1.66671 -6.5
      vertex -2.31903 -1.90318 -18
      vertex -2.31903 -1.90318 -6.5
    endloop
  endfacet
  facet normal -0.989181 -0.146703 0
    outer loop
      vertex -2.94236 -0.585271 -18
      vertex -2.98555 -0.294051 -6.5
      vertex -2.98555 -0.294051 -18
    endloop
  endfacet
  facet normal -0.989181 -0.146703 0
    outer loop
      vertex -2.98555 -0.294051 -6.5
      vertex -2.94236 -0.585271 -18
      vertex -2.94236 -0.585271 -6.5
    endloop
  endfacet
  facet normal -0.903983 0.427569 0
    outer loop
      vertex -2.77164 1.14805 -18
      vertex -2.64576 1.41419 -6.5
      vertex -2.64576 1.41419 -18
    endloop
  endfacet
  facet normal -0.903983 0.427569 0
    outer loop
      vertex -2.64576 1.41419 -6.5
      vertex -2.77164 1.14805 -18
      vertex -2.77164 1.14805 -6.5
    endloop
  endfacet
  facet normal 0.514091 -0.857736 0
    outer loop
      vertex 1.41419 -2.64576 -18
      vertex 1.66671 -2.49441 -6.5
      vertex 1.41419 -2.64576 -6.5
    endloop
  endfacet
  facet normal 0.514091 -0.857736 0
    outer loop
      vertex 1.66671 -2.49441 -6.5
      vertex 1.41419 -2.64576 -18
      vertex 1.66671 -2.49441 -18
    endloop
  endfacet
  facet normal 0 0 -1
    outer loop
      vertex 2.98555 -0.294051 -18
      vertex 2.98555 0.294051 -18
      vertex 3 0 -18
    endloop
  endfacet
  facet normal 0 0 -1
    outer loop
      vertex 2.94236 -0.585271 -18
      vertex 2.98555 0.294051 -18
      vertex 2.98555 -0.294051 -18
    endloop
  endfacet
  facet normal 0 0 -1
    outer loop
      vertex 2.94236 -0.585271 -18
      vertex 2.94236 0.585271 -18
      vertex 2.98555 0.294051 -18
    endloop
  endfacet
  facet normal 0 0 -1
    outer loop
      vertex 2.87082 -0.870853 -18
      vertex 2.94236 0.585271 -18
      vertex 2.94236 -0.585271 -18
    endloop
  endfacet
  facet normal 0 0 -1
    outer loop
      vertex 2.87082 -0.870853 -18
      vertex 2.87082 0.870853 -18
      vertex 2.94236 0.585271 -18
    endloop
  endfacet
  facet normal 0 0 -1
    outer loop
      vertex 2.77164 -1.14805 -18
      vertex 2.87082 0.870853 -18
      vertex 2.87082 -0.870853 -18
    endloop
  endfacet
  facet normal 0 0 -1
    outer loop
      vertex 2.77164 -1.14805 -18
      vertex 2.77164 1.14805 -18
      vertex 2.87082 0.870853 -18
    endloop
  endfacet
  facet normal 0 0 -1
    outer loop
      vertex 2.64576 -1.41419 -18
      vertex 2.77164 1.14805 -18
      vertex 2.77164 -1.14805 -18
    endloop
  endfacet
  facet normal 0 0 -1
    outer loop
      vertex 2.64576 -1.41419 -18
      vertex 2.64576 1.41419 -18
      vertex 2.77164 1.14805 -18
    endloop
  endfacet
  facet normal 0 0 -1
    outer loop
      vertex 2.49441 -1.66671 -18
      vertex 2.64576 1.41419 -18
      vertex 2.64576 -1.41419 -18
    endloop
  endfacet
  facet normal 0 0 -1
    outer loop
      vertex 2.49441 -1.66671 -18
      vertex 2.49441 1.66671 -18
      vertex 2.64576 1.41419 -18
    endloop
  endfacet
  facet normal 0 0 -1
    outer loop
      vertex 2.31903 -1.90318 -18
      vertex 2.49441 1.66671 -18
      vertex 2.49441 -1.66671 -18
    endloop
  endfacet
  facet normal 0 0 -1
    outer loop
      vertex 2.31903 -1.90318 -18
      vertex 2.31903 1.90318 -18
      vertex 2.49441 1.66671 -18
    endloop
  endfacet
  facet normal 0 0 -1
    outer loop
      vertex 2.12132 -2.12132 -18
      vertex 2.31903 1.90318 -18
      vertex 2.31903 -1.90318 -18
    endloop
  endfacet
  facet normal 0 0 -1
    outer loop
      vertex 2.12132 -2.12132 -18
      vertex 2.12132 2.12132 -18
      vertex 2.31903 1.90318 -18
    endloop
  endfacet
  facet normal 0 0 -1
    outer loop
      vertex 1.90318 -2.31903 -18
      vertex 2.12132 2.12132 -18
      vertex 2.12132 -2.12132 -18
    endloop
  endfacet
  facet normal 0 0 -1
    outer loop
      vertex 1.90318 -2.31903 -18
      vertex 1.90318 2.31903 -18
      vertex 2.12132 2.12132 -18
    endloop
  endfacet
  facet normal 0 0 -1
    outer loop
      vertex 1.66671 -2.49441 -18
      vertex 1.90318 2.31903 -18
      vertex 1.90318 -2.31903 -18
    endloop
  endfacet
  facet normal 0 0 -1
    outer loop
      vertex 1.66671 -2.49441 -18
      vertex 1.66671 2.49441 -18
      vertex 1.90318 2.31903 -18
    endloop
  endfacet
  facet normal 0 0 -1
    outer loop
      vertex 1.41419 -2.64576 -18
      vertex 1.66671 2.49441 -18
      vertex 1.66671 -2.49441 -18
    endloop
  endfacet
  facet normal 0 0 -1
    outer loop
      vertex 1.41419 -2.64576 -18
      vertex 1.41419 2.64576 -18
      vertex 1.66671 2.49441 -18
    endloop
  endfacet
  facet normal 0 0 -1
    outer loop
      vertex 1.14805 -2.77164 -18
      vertex 1.41419 2.64576 -18
      vertex 1.41419 -2.64576 -18
    endloop
  endfacet
  facet normal 0 0 -1
    outer loop
      vertex 1.14805 -2.77164 -18
      vertex 1.14805 2.77164 -18
      vertex 1.41419 2.64576 -18
    endloop
  endfacet
  facet normal 0 0 -1
    outer loop
      vertex 0.870853 -2.87082 -18
      vertex 1.14805 2.77164 -18
      vertex 1.14805 -2.77164 -18
    endloop
  endfacet
  facet normal 0 0 -1
    outer loop
      vertex 0.870853 -2.87082 -18
      vertex 0.870853 2.87082 -18
      vertex 1.14805 2.77164 -18
    endloop
  endfacet
  facet normal 0 0 -1
    outer loop
      vertex 0.585271 -2.94236 -18
      vertex 0.870853 2.87082 -18
      vertex 0.870853 -2.87082 -18
    endloop
  endfacet
  facet normal 0 0 -1
    outer loop
      vertex 0.585271 -2.94236 -18
      vertex 0.585271 2.94236 -18
      vertex 0.870853 2.87082 -18
    endloop
  endfacet
  facet normal 0 0 -1
    outer loop
      vertex 0.294051 -2.98555 -18
      vertex 0.585271 2.94236 -18
      vertex 0.585271 -2.94236 -18
    endloop
  endfacet
  facet normal 0 0 -1
    outer loop
      vertex 0.294051 -2.98555 -18
      vertex 0.294051 2.98555 -18
      vertex 0.585271 2.94236 -18
    endloop
  endfacet
  facet normal 0 0 -1
    outer loop
      vertex 0 -3 -18
      vertex 0.294051 2.98555 -18
      vertex 0.294051 -2.98555 -18
    endloop
  endfacet
  facet normal 0 0 -1
    outer loop
      vertex 0 -3 -18
      vertex 0 3 -18
      vertex 0.294051 2.98555 -18
    endloop
  endfacet
  facet normal 0 0 -1
    outer loop
      vertex -0.294051 -2.98555 -18
      vertex 0 3 -18
      vertex 0 -3 -18
    endloop
  endfacet
  facet normal 0 0 -1
    outer loop
      vertex -0.294051 -2.98555 -18
      vertex -0.294051 2.98555 -18
      vertex 0 3 -18
    endloop
  endfacet
  facet normal 0 0 -1
    outer loop
      vertex -0.585271 -2.94236 -18
      vertex -0.294051 2.98555 -18
      vertex -0.294051 -2.98555 -18
    endloop
  endfacet
  facet normal 0 0 -1
    outer loop
      vertex -0.585271 -2.94236 -18
      vertex -0.585271 2.94236 -18
      vertex -0.294051 2.98555 -18
    endloop
  endfacet
  facet normal 0 0 -1
    outer loop
      vertex -0.870853 -2.87082 -18
      vertex -0.585271 2.94236 -18
      vertex -0.585271 -2.94236 -18
    endloop
  endfacet
  facet normal 0 0 -1
    outer loop
      vertex -0.870853 -2.87082 -18
      vertex -0.870853 2.87082 -18
      vertex -0.585271 2.94236 -18
    endloop
  endfacet
  facet normal 0 0 -1
    outer loop
      vertex -1.14805 -2.77164 -18
      vertex -0.870853 2.87082 -18
      vertex -0.870853 -2.87082 -18
    endloop
  endfacet
  facet normal 0 0 -1
    outer loop
      vertex -1.14805 -2.77164 -18
      vertex -1.14805 2.77164 -18
      vertex -0.870853 2.87082 -18
    endloop
  endfacet
  facet normal 0 0 -1
    outer loop
      vertex -1.41419 -2.64576 -18
      vertex -1.14805 2.77164 -18
      vertex -1.14805 -2.77164 -18
    endloop
  endfacet
  facet normal 0 0 -1
    outer loop
      vertex -1.41419 -2.64576 -18
      vertex -1.41419 2.64576 -18
      vertex -1.14805 2.77164 -18
    endloop
  endfacet
  facet normal 0 0 -1
    outer loop
      vertex -1.66671 -2.49441 -18
      vertex -1.41419 2.64576 -18
      vertex -1.41419 -2.64576 -18
    endloop
  endfacet
  facet normal 0 0 -1
    outer loop
      vertex -1.66671 -2.49441 -18
      vertex -1.66671 2.49441 -18
      vertex -1.41419 2.64576 -18
    endloop
  endfacet
  facet normal 0 0 -1
    outer loop
      vertex -1.90318 -2.31903 -18
      vertex -1.66671 2.49441 -18
      vertex -1.66671 -2.49441 -18
    endloop
  endfacet
  facet normal 0 0 -1
    outer loop
      vertex -1.90318 -2.31903 -18
      vertex -1.90318 2.31903 -18
      vertex -1.66671 2.49441 -18
    endloop
  endfacet
  facet normal 0 0 -1
    outer loop
      vertex -2.12132 -2.12132 -18
      vertex -1.90318 2.31903 -18
      vertex -1.90318 -2.31903 -18
    endloop
  endfacet
  facet normal 0 0 -1
    outer loop
      vertex -2.12132 -2.12132 -18
      vertex -2.12132 2.12132 -18
      vertex -1.90318 2.31903 -18
    endloop
  endfacet
  facet normal 0 0 -1
    outer loop
      vertex -2.31903 -1.90318 -18
      vertex -2.12132 2.12132 -18
      vertex -2.12132 -2.12132 -18
    endloop
  endfacet
  facet normal 0 0 -1
    outer loop
      vertex -2.31903 -1.90318 -18
      vertex -2.31903 1.90318 -18
      vertex -2.12132 2.12132 -18
    endloop
  endfacet
  facet normal 0 0 -1
    outer loop
      vertex -2.49441 -1.66671 -18
      vertex -2.31903 1.90318 -18
      vertex -2.31903 -1.90318 -18
    endloop
  endfacet
  facet normal 0 0 -1
    outer loop
      vertex -2.49441 -1.66671 -18
      vertex -2.49441 1.66671 -18
      vertex -2.31903 1.90318 -18
    endloop
  endfacet
  facet normal 0 0 -1
    outer loop
      vertex -2.64576 -1.41419 -18
      vertex -2.49441 1.66671 -18
      vertex -2.49441 -1.66671 -18
    endloop
  endfacet
  facet normal 0 0 -1
    outer loop
      vertex -2.64576 -1.41419 -18
      vertex -2.64576 1.41419 -18
      vertex -2.49441 1.66671 -18
    endloop
  endfacet
  facet normal 0 0 -1
    outer loop
      vertex -2.77164 -1.14805 -18
      vertex -2.64576 1.41419 -18
      vertex -2.64576 -1.41419 -18
    endloop
  endfacet
  facet normal 0 0 -1
    outer loop
      vertex -2.77164 -1.14805 -18
      vertex -2.77164 1.14805 -18
      vertex -2.64576 1.41419 -18
    endloop
  endfacet
  facet normal 0 0 -1
    outer loop
      vertex -2.87082 -0.870853 -18
      vertex -2.77164 1.14805 -18
      vertex -2.77164 -1.14805 -18
    endloop
  endfacet
  facet normal 0 0 -1
    outer loop
      vertex -2.87082 -0.870853 -18
      vertex -2.87082 0.870853 -18
      vertex -2.77164 1.14805 -18
    endloop
  endfacet
  facet normal 0 0 -1
    outer loop
      vertex -2.94236 -0.585271 -18
      vertex -2.87082 0.870853 -18
      vertex -2.87082 -0.870853 -18
    endloop
  endfacet
  facet normal 0 0 -1
    outer loop
      vertex -2.94236 -0.585271 -18
      vertex -2.94236 0.585271 -18
      vertex -2.87082 0.870853 -18
    endloop
  endfacet
  facet normal 0 0 -1
    outer loop
      vertex -2.98555 -0.294051 -18
      vertex -2.94236 0.585271 -18
      vertex -2.94236 -0.585271 -18
    endloop
  endfacet
  facet normal 0 0 -1
    outer loop
      vertex -2.98555 -0.294051 -18
      vertex -2.98555 0.294051 -18
      vertex -2.94236 0.585271 -18
    endloop
  endfacet
  facet normal 0 -0 -1
    outer loop
      vertex -2.98555 0.294051 -18
      vertex -2.98555 -0.294051 -18
      vertex -3 0 -18
    endloop
  endfacet
  facet normal -0.671558 -0.740952 0
    outer loop
      vertex -2.12132 -2.12132 -18
      vertex -1.90318 -2.31903 -6.5
      vertex -2.12132 -2.12132 -6.5
    endloop
  endfacet
  facet normal -0.671558 -0.740952 -0
    outer loop
      vertex -1.90318 -2.31903 -6.5
      vertex -2.12132 -2.12132 -18
      vertex -1.90318 -2.31903 -18
    endloop
  endfacet
  facet normal -0.803204 0.595703 0
    outer loop
      vertex -2.49441 1.66671 -18
      vertex -2.31903 1.90318 -6.5
      vertex -2.31903 1.90318 -18
    endloop
  endfacet
  facet normal -0.803204 0.595703 0
    outer loop
      vertex -2.31903 1.90318 -6.5
      vertex -2.49441 1.66671 -18
      vertex -2.49441 1.66671 -6.5
    endloop
  endfacet
  facet normal -0.0490819 -0.998795 0
    outer loop
      vertex -0.294051 -2.98555 -18
      vertex 0 -3 -6.5
      vertex -0.294051 -2.98555 -6.5
    endloop
  endfacet
  facet normal -0.0490819 -0.998795 -0
    outer loop
      vertex 0 -3 -6.5
      vertex -0.294051 -2.98555 -18
      vertex 0 -3 -18
    endloop
  endfacet
  facet normal -0.146703 -0.989181 0
    outer loop
      vertex -0.585271 -2.94236 -18
      vertex -0.294051 -2.98555 -6.5
      vertex -0.585271 -2.94236 -6.5
    endloop
  endfacet
  facet normal -0.146703 -0.989181 -0
    outer loop
      vertex -0.294051 -2.98555 -6.5
      vertex -0.585271 -2.94236 -18
      vertex -0.294051 -2.98555 -18
    endloop
  endfacet
  facet normal -0.989181 0.146703 0
    outer loop
      vertex -2.98555 0.294051 -18
      vertex -2.94236 0.585271 -6.5
      vertex -2.94236 0.585271 -18
    endloop
  endfacet
  facet normal -0.989181 0.146703 0
    outer loop
      vertex -2.94236 0.585271 -6.5
      vertex -2.98555 0.294051 -18
      vertex -2.98555 0.294051 -6.5
    endloop
  endfacet
  facet normal -0.998795 0.0490819 0
    outer loop
      vertex -3 0 -18
      vertex -2.98555 0.294051 -6.5
      vertex -2.98555 0.294051 -18
    endloop
  endfacet
  facet normal -0.998795 0.0490819 0
    outer loop
      vertex -2.98555 0.294051 -6.5
      vertex -3 0 -18
      vertex -3 0 -6.5
    endloop
  endfacet
  facet normal -0.336882 -0.941547 0
    outer loop
      vertex -1.14805 -2.77164 -18
      vertex -0.870853 -2.87082 -6.5
      vertex -1.14805 -2.77164 -6.5
    endloop
  endfacet
  facet normal -0.336882 -0.941547 -0
    outer loop
      vertex -0.870853 -2.87082 -6.5
      vertex -1.14805 -2.77164 -18
      vertex -0.870853 -2.87082 -18
    endloop
  endfacet
  facet normal 0.671558 -0.740952 0
    outer loop
      vertex 1.90318 -2.31903 -18
      vertex 2.12132 -2.12132 -6.5
      vertex 1.90318 -2.31903 -6.5
    endloop
  endfacet
  facet normal 0.671558 -0.740952 0
    outer loop
      vertex 2.12132 -2.12132 -6.5
      vertex 1.90318 -2.31903 -18
      vertex 2.12132 -2.12132 -18
    endloop
  endfacet
  facet normal 0 -0.984108 -0.17757
    outer loop
      vertex -4.98882 3.33342 -3.60212
      vertex 5.2486 2.89999 -1.20001
      vertex -5.2486 2.89999 -1.20001
    endloop
  endfacet
  facet normal 0 -0.984108 -0.17757
    outer loop
      vertex -4.98882 3.33342 -3.60212
      vertex 4.98882 3.33342 -3.60212
      vertex 5.2486 2.89999 -1.20001
    endloop
  endfacet
  facet normal 0 -0.984108 -0.177571
    outer loop
      vertex -4.6947 3.73 -5.79999
      vertex 4.98882 3.33342 -3.60212
      vertex -4.98882 3.33342 -3.60212
    endloop
  endfacet
  facet normal 0 -0.984108 -0.177571
    outer loop
      vertex 4.98882 3.33342 -3.60212
      vertex -4.6947 3.73 -5.79999
      vertex 4.6947 3.73 -5.79999
    endloop
  endfacet
  facet normal 0 0.984108 -0.17757
    outer loop
      vertex 4.98882 -3.33342 -3.60212
      vertex -5.2486 -2.89999 -1.20001
      vertex 5.2486 -2.89999 -1.20001
    endloop
  endfacet
  facet normal 0 0.984108 -0.17757
    outer loop
      vertex 4.98882 -3.33342 -3.60212
      vertex -4.98882 -3.33342 -3.60212
      vertex -5.2486 -2.89999 -1.20001
    endloop
  endfacet
  facet normal 0 0.984108 -0.177571
    outer loop
      vertex 4.6947 -3.73 -5.79999
      vertex -4.98882 -3.33342 -3.60212
      vertex 4.98882 -3.33342 -3.60212
    endloop
  endfacet
  facet normal 0 0.984108 -0.177571
    outer loop
      vertex -4.98882 -3.33342 -3.60212
      vertex 4.6947 -3.73 -5.79999
      vertex -4.6947 -3.73 -5.79999
    endloop
  endfacet
  facet normal 0 0 -1
    outer loop
      vertex 5.97111 -0.588102 -1.20001
      vertex 5.97111 0.588102 -1.20001
      vertex 6 0 -1.20001
    endloop
  endfacet
  facet normal 0 0 -1
    outer loop
      vertex 5.88471 -1.17054 -1.20001
      vertex 5.97111 0.588102 -1.20001
      vertex 5.97111 -0.588102 -1.20001
    endloop
  endfacet
  facet normal 0 0 -1
    outer loop
      vertex 5.88471 -1.17054 -1.20001
      vertex 5.88471 1.17054 -1.20001
      vertex 5.97111 0.588102 -1.20001
    endloop
  endfacet
  facet normal 0 0 -1
    outer loop
      vertex 5.74164 -1.74171 -1.20001
      vertex 5.88471 1.17054 -1.20001
      vertex 5.88471 -1.17054 -1.20001
    endloop
  endfacet
  facet normal 0 0 -1
    outer loop
      vertex 5.74164 -1.74171 -1.20001
      vertex 5.74164 1.74171 -1.20001
      vertex 5.88471 1.17054 -1.20001
    endloop
  endfacet
  facet normal 0 0 -1
    outer loop
      vertex 5.54328 -2.2961 -1.20001
      vertex 5.74164 1.74171 -1.20001
      vertex 5.74164 -1.74171 -1.20001
    endloop
  endfacet
  facet normal 0 0 -1
    outer loop
      vertex 5.54328 -2.2961 -1.20001
      vertex 5.54328 2.2961 -1.20001
      vertex 5.74164 1.74171 -1.20001
    endloop
  endfacet
  facet normal 0 0 -1
    outer loop
      vertex 5.2486 -2.89999 -1.20001
      vertex 5.54328 -2.2961 -1.20001
      vertex 5.29153 -2.82838 -1.20001
    endloop
  endfacet
  facet normal -0 0 -1
    outer loop
      vertex 5.54328 -2.2961 -1.20001
      vertex 5.2486 -2.89999 -1.20001
      vertex 5.54328 2.2961 -1.20001
    endloop
  endfacet
  facet normal 0 0 -1
    outer loop
      vertex 5.2486 2.89999 -1.20001
      vertex 5.54328 2.2961 -1.20001
      vertex 5.2486 -2.89999 -1.20001
    endloop
  endfacet
  facet normal 0 0 -1
    outer loop
      vertex 5.54328 2.2961 -1.20001
      vertex 5.2486 2.89999 -1.20001
      vertex 5.29153 2.82838 -1.20001
    endloop
  endfacet
  facet normal 0 0 -1
    outer loop
      vertex -5.2486 -2.89999 -1.20001
      vertex 5.2486 2.89999 -1.20001
      vertex 5.2486 -2.89999 -1.20001
    endloop
  endfacet
  facet normal 0 0 -1
    outer loop
      vertex -5.2486 -2.89999 -1.20001
      vertex -5.2486 2.89999 -1.20001
      vertex 5.2486 2.89999 -1.20001
    endloop
  endfacet
  facet normal 0 0 -1
    outer loop
      vertex -5.54328 -2.2961 -1.20001
      vertex -5.2486 -2.89999 -1.20001
      vertex -5.29153 -2.82838 -1.20001
    endloop
  endfacet
  facet normal 0 0 -1
    outer loop
      vertex -5.2486 -2.89999 -1.20001
      vertex -5.54328 -2.2961 -1.20001
      vertex -5.2486 2.89999 -1.20001
    endloop
  endfacet
  facet normal 0 0 -1
    outer loop
      vertex -5.54328 2.2961 -1.20001
      vertex -5.2486 2.89999 -1.20001
      vertex -5.54328 -2.2961 -1.20001
    endloop
  endfacet
  facet normal 0 0 -1
    outer loop
      vertex -5.2486 2.89999 -1.20001
      vertex -5.54328 2.2961 -1.20001
      vertex -5.29153 2.82838 -1.20001
    endloop
  endfacet
  facet normal 0 0 -1
    outer loop
      vertex -5.74164 -1.74171 -1.20001
      vertex -5.54328 2.2961 -1.20001
      vertex -5.54328 -2.2961 -1.20001
    endloop
  endfacet
  facet normal 0 0 -1
    outer loop
      vertex -5.74164 -1.74171 -1.20001
      vertex -5.74164 1.74171 -1.20001
      vertex -5.54328 2.2961 -1.20001
    endloop
  endfacet
  facet normal 0 0 -1
    outer loop
      vertex -5.88471 -1.17054 -1.20001
      vertex -5.74164 1.74171 -1.20001
      vertex -5.74164 -1.74171 -1.20001
    endloop
  endfacet
  facet normal 0 0 -1
    outer loop
      vertex -5.88471 -1.17054 -1.20001
      vertex -5.88471 1.17054 -1.20001
      vertex -5.74164 1.74171 -1.20001
    endloop
  endfacet
  facet normal 0 0 -1
    outer loop
      vertex -5.97111 -0.588102 -1.20001
      vertex -5.88471 1.17054 -1.20001
      vertex -5.88471 -1.17054 -1.20001
    endloop
  endfacet
  facet normal 0 0 -1
    outer loop
      vertex -5.97111 -0.588102 -1.20001
      vertex -5.97111 0.588102 -1.20001
      vertex -5.88471 1.17054 -1.20001
    endloop
  endfacet
  facet normal 0 -0 -1
    outer loop
      vertex -5.97111 0.588102 -1.20001
      vertex -5.97111 -0.588102 -1.20001
      vertex -6 0 -1.20001
    endloop
  endfacet
  facet normal 0 0 1
    outer loop
      vertex 5.97111 0.588102 -5.79999
      vertex 5.97111 -0.588102 -5.79999
      vertex 6 0 -5.79999
    endloop
  endfacet
  facet normal 0 0 1
    outer loop
      vertex 5.88471 1.17054 -5.79999
      vertex 5.97111 -0.588102 -5.79999
      vertex 5.97111 0.588102 -5.79999
    endloop
  endfacet
  facet normal 0 0 1
    outer loop
      vertex 5.88471 1.17054 -5.79999
      vertex 5.88471 -1.17054 -5.79999
      vertex 5.97111 -0.588102 -5.79999
    endloop
  endfacet
  facet normal 0 0 1
    outer loop
      vertex 5.74164 1.74171 -5.79999
      vertex 5.88471 -1.17054 -5.79999
      vertex 5.88471 1.17054 -5.79999
    endloop
  endfacet
  facet normal 0 0 1
    outer loop
      vertex 5.74164 1.74171 -5.79999
      vertex 5.74164 -1.74171 -5.79999
      vertex 5.88471 -1.17054 -5.79999
    endloop
  endfacet
  facet normal 0 0 1
    outer loop
      vertex 5.54328 2.2961 -5.79999
      vertex 5.74164 -1.74171 -5.79999
      vertex 5.74164 1.74171 -5.79999
    endloop
  endfacet
  facet normal 0 0 1
    outer loop
      vertex 5.54328 2.2961 -5.79999
      vertex 5.54328 -2.2961 -5.79999
      vertex 5.74164 -1.74171 -5.79999
    endloop
  endfacet
  facet normal 0 0 1
    outer loop
      vertex 5.29153 2.82838 -5.79999
      vertex 5.54328 -2.2961 -5.79999
      vertex 5.54328 2.2961 -5.79999
    endloop
  endfacet
  facet normal 0 0 1
    outer loop
      vertex 5.29153 2.82838 -5.79999
      vertex 5.29153 -2.82838 -5.79999
      vertex 5.54328 -2.2961 -5.79999
    endloop
  endfacet
  facet normal 0 0 1
    outer loop
      vertex 4.98882 3.33342 -5.79999
      vertex 5.29153 -2.82838 -5.79999
      vertex 5.29153 2.82838 -5.79999
    endloop
  endfacet
  facet normal 0 0 1
    outer loop
      vertex 4.98882 3.33342 -5.79999
      vertex 4.98882 -3.33342 -5.79999
      vertex 5.29153 -2.82838 -5.79999
    endloop
  endfacet
  facet normal 0 0 1
    outer loop
      vertex 4.6947 3.73 -5.79999
      vertex 4.98882 -3.33342 -5.79999
      vertex 4.98882 3.33342 -5.79999
    endloop
  endfacet
  facet normal 0 0 1
    outer loop
      vertex 4.6947 3.73 -5.79999
      vertex 4.6947 -3.73 -5.79999
      vertex 4.98882 -3.33342 -5.79999
    endloop
  endfacet
  facet normal -0 0 1
    outer loop
      vertex -4.6947 3.73 -5.79999
      vertex 4.6947 -3.73 -5.79999
      vertex 4.6947 3.73 -5.79999
    endloop
  endfacet
  facet normal 0 0 1
    outer loop
      vertex -4.6947 3.73 -5.79999
      vertex -4.6947 -3.73 -5.79999
      vertex 4.6947 -3.73 -5.79999
    endloop
  endfacet
  facet normal -0 0 1
    outer loop
      vertex -4.98882 3.33342 -5.79999
      vertex -4.6947 -3.73 -5.79999
      vertex -4.6947 3.73 -5.79999
    endloop
  endfacet
  facet normal 0 0 1
    outer loop
      vertex -4.98882 3.33342 -5.79999
      vertex -4.98882 -3.33342 -5.79999
      vertex -4.6947 -3.73 -5.79999
    endloop
  endfacet
  facet normal -0 0 1
    outer loop
      vertex -5.29153 2.82838 -5.79999
      vertex -4.98882 -3.33342 -5.79999
      vertex -4.98882 3.33342 -5.79999
    endloop
  endfacet
  facet normal 0 0 1
    outer loop
      vertex -5.29153 2.82838 -5.79999
      vertex -5.29153 -2.82838 -5.79999
      vertex -4.98882 -3.33342 -5.79999
    endloop
  endfacet
  facet normal -0 0 1
    outer loop
      vertex -5.54328 2.2961 -5.79999
      vertex -5.29153 -2.82838 -5.79999
      vertex -5.29153 2.82838 -5.79999
    endloop
  endfacet
  facet normal 0 0 1
    outer loop
      vertex -5.54328 2.2961 -5.79999
      vertex -5.54328 -2.2961 -5.79999
      vertex -5.29153 -2.82838 -5.79999
    endloop
  endfacet
  facet normal -0 0 1
    outer loop
      vertex -5.74164 1.74171 -5.79999
      vertex -5.54328 -2.2961 -5.79999
      vertex -5.54328 2.2961 -5.79999
    endloop
  endfacet
  facet normal 0 0 1
    outer loop
      vertex -5.74164 1.74171 -5.79999
      vertex -5.74164 -1.74171 -5.79999
      vertex -5.54328 -2.2961 -5.79999
    endloop
  endfacet
  facet normal -0 0 1
    outer loop
      vertex -5.88471 1.17054 -5.79999
      vertex -5.74164 -1.74171 -5.79999
      vertex -5.74164 1.74171 -5.79999
    endloop
  endfacet
  facet normal 0 0 1
    outer loop
      vertex -5.88471 1.17054 -5.79999
      vertex -5.88471 -1.17054 -5.79999
      vertex -5.74164 -1.74171 -5.79999
    endloop
  endfacet
  facet normal -0 0 1
    outer loop
      vertex -5.97111 0.588102 -5.79999
      vertex -5.88471 -1.17054 -5.79999
      vertex -5.88471 1.17054 -5.79999
    endloop
  endfacet
  facet normal 0 0 1
    outer loop
      vertex -5.97111 0.588102 -5.79999
      vertex -5.97111 -0.588102 -5.79999
      vertex -5.88471 -1.17054 -5.79999
    endloop
  endfacet
  facet normal 0 -0 1
    outer loop
      vertex -5.97111 -0.588102 -5.79999
      vertex -5.97111 0.588102 -5.79999
      vertex -6 0 -5.79999
    endloop
  endfacet
  facet normal 0 -0.979143 0.203172
    outer loop
      vertex -6 -3.53 -5.5
      vertex 0 -2.7 -1.5
      vertex -6 -2.7 -1.5
    endloop
  endfacet
  facet normal 0 -0.979143 0.203172
    outer loop
      vertex 0 -2.7 -1.5
      vertex -6 -3.53 -5.5
      vertex 0 -3.53 -5.5
    endloop
  endfacet
  facet normal 0 0 -1
    outer loop
      vertex -6 -3.53 -5.5
      vertex 0 3.53 -5.5
      vertex 0 -3.53 -5.5
    endloop
  endfacet
  facet normal -0 0 -1
    outer loop
      vertex 0 3.53 -5.5
      vertex -6 -3.53 -5.5
      vertex -6 3.53 -5.5
    endloop
  endfacet
  facet normal 1 0 0
    outer loop
      vertex 0 2.7 -1.5
      vertex 0 1.19422 -3.38238
      vertex 0 1.2 -3.5
    endloop
  endfacet
  facet normal 1 0 0
    outer loop
      vertex 0 2.7 -1.5
      vertex 0 1.17694 -3.26589
      vertex 0 1.19422 -3.38238
    endloop
  endfacet
  facet normal 1 0 0
    outer loop
      vertex 0 2.7 -1.5
      vertex 0 1.14833 -3.15166
      vertex 0 1.17694 -3.26589
    endloop
  endfacet
  facet normal 1 0 0
    outer loop
      vertex 0 2.7 -1.5
      vertex 0 1.10865 -3.04078
      vertex 0 1.14833 -3.15166
    endloop
  endfacet
  facet normal 1 0 0
    outer loop
      vertex 0 2.7 -1.5
      vertex 0 1.0583 -2.93432
      vertex 0 1.10865 -3.04078
    endloop
  endfacet
  facet normal 1 0 0
    outer loop
      vertex 0 2.7 -1.5
      vertex 0 0.997763 -2.83331
      vertex 0 1.0583 -2.93432
    endloop
  endfacet
  facet normal 1 0 0
    outer loop
      vertex 0 2.7 -1.5
      vertex 0 0.927612 -2.73873
      vertex 0 0.997763 -2.83331
    endloop
  endfacet
  facet normal 1 0 0
    outer loop
      vertex 0 2.7 -1.5
      vertex 0 0.848528 -2.65147
      vertex 0 0.927612 -2.73873
    endloop
  endfacet
  facet normal 1 0 0
    outer loop
      vertex 0 2.7 -1.5
      vertex 0 0.761271 -2.57239
      vertex 0 0.848528 -2.65147
    endloop
  endfacet
  facet normal 1 0 0
    outer loop
      vertex 0 2.7 -1.5
      vertex 0 0.666684 -2.50224
      vertex 0 0.761271 -2.57239
    endloop
  endfacet
  facet normal 1 0 0
    outer loop
      vertex 0 2.7 -1.5
      vertex 0 0.565676 -2.44169
      vertex 0 0.666684 -2.50224
    endloop
  endfacet
  facet normal 1 0 0
    outer loop
      vertex 0 2.7 -1.5
      vertex 0 0.45922 -2.39134
      vertex 0 0.565676 -2.44169
    endloop
  endfacet
  facet normal 1 0 0
    outer loop
      vertex 0 2.7 -1.5
      vertex 0 0.348341 -2.35167
      vertex 0 0.45922 -2.39134
    endloop
  endfacet
  facet normal 1 0 0
    outer loop
      vertex 0 2.7 -1.5
      vertex 0 0.234108 -2.32306
      vertex 0 0.348341 -2.35167
    endloop
  endfacet
  facet normal 1 0 0
    outer loop
      vertex 0 2.7 -1.5
      vertex 0 0.11762 -2.30578
      vertex 0 0.234108 -2.32306
    endloop
  endfacet
  facet normal 1 0 0
    outer loop
      vertex 0 2.7 -1.5
      vertex 0 0 -2.3
      vertex 0 0.11762 -2.30578
    endloop
  endfacet
  facet normal 1 -0 0
    outer loop
      vertex 0 -2.7 -1.5
      vertex 0 0 -2.3
      vertex 0 2.7 -1.5
    endloop
  endfacet
  facet normal 1 0 0
    outer loop
      vertex 0 0 -2.3
      vertex 0 -2.7 -1.5
      vertex 0 -0.11762 -2.30578
    endloop
  endfacet
  facet normal 1 0 0
    outer loop
      vertex 0 -0.11762 -2.30578
      vertex 0 -2.7 -1.5
      vertex 0 -0.234108 -2.32306
    endloop
  endfacet
  facet normal 1 0 0
    outer loop
      vertex 0 -1.19422 -3.38238
      vertex 0 -2.7 -1.5
      vertex 0 -1.2 -3.5
    endloop
  endfacet
  facet normal 1 0 0
    outer loop
      vertex 0 -1.17694 -3.26589
      vertex 0 -2.7 -1.5
      vertex 0 -1.19422 -3.38238
    endloop
  endfacet
  facet normal 1 0 0
    outer loop
      vertex 0 -1.14833 -3.15166
      vertex 0 -2.7 -1.5
      vertex 0 -1.17694 -3.26589
    endloop
  endfacet
  facet normal 1 0 0
    outer loop
      vertex 0 -1.10865 -3.04078
      vertex 0 -2.7 -1.5
      vertex 0 -1.14833 -3.15166
    endloop
  endfacet
  facet normal 1 0 0
    outer loop
      vertex 0 -1.0583 -2.93432
      vertex 0 -2.7 -1.5
      vertex 0 -1.10865 -3.04078
    endloop
  endfacet
  facet normal 1 0 0
    outer loop
      vertex 0 -0.997763 -2.83331
      vertex 0 -2.7 -1.5
      vertex 0 -1.0583 -2.93432
    endloop
  endfacet
  facet normal 1 0 0
    outer loop
      vertex 0 -0.927612 -2.73873
      vertex 0 -2.7 -1.5
      vertex 0 -0.997763 -2.83331
    endloop
  endfacet
  facet normal 1 0 0
    outer loop
      vertex 0 -0.848528 -2.65147
      vertex 0 -2.7 -1.5
      vertex 0 -0.927612 -2.73873
    endloop
  endfacet
  facet normal 1 0 0
    outer loop
      vertex 0 -0.761271 -2.57239
      vertex 0 -2.7 -1.5
      vertex 0 -0.848528 -2.65147
    endloop
  endfacet
  facet normal 1 0 0
    outer loop
      vertex 0 -0.666684 -2.50224
      vertex 0 -2.7 -1.5
      vertex 0 -0.761271 -2.57239
    endloop
  endfacet
  facet normal 1 0 0
    outer loop
      vertex 0 -0.565676 -2.44169
      vertex 0 -2.7 -1.5
      vertex 0 -0.666684 -2.50224
    endloop
  endfacet
  facet normal 1 0 0
    outer loop
      vertex 0 -0.45922 -2.39134
      vertex 0 -2.7 -1.5
      vertex 0 -0.565676 -2.44169
    endloop
  endfacet
  facet normal 1 0 0
    outer loop
      vertex 0 -0.348341 -2.35167
      vertex 0 -2.7 -1.5
      vertex 0 -0.45922 -2.39134
    endloop
  endfacet
  facet normal 1 0 0
    outer loop
      vertex 0 -0.234108 -2.32306
      vertex 0 -2.7 -1.5
      vertex 0 -0.348341 -2.35167
    endloop
  endfacet
  facet normal 1 -0 0
    outer loop
      vertex 0 1.2 -3.5
      vertex 0 3.53 -5.5
      vertex 0 2.7 -1.5
    endloop
  endfacet
  facet normal 1 -0 0
    outer loop
      vertex 0 1.19422 -3.61762
      vertex 0 3.53 -5.5
      vertex 0 1.2 -3.5
    endloop
  endfacet
  facet normal 1 -0 0
    outer loop
      vertex 0 1.17694 -3.73411
      vertex 0 3.53 -5.5
      vertex 0 1.19422 -3.61762
    endloop
  endfacet
  facet normal 1 -0 0
    outer loop
      vertex 0 1.14833 -3.84834
      vertex 0 3.53 -5.5
      vertex 0 1.17694 -3.73411
    endloop
  endfacet
  facet normal 1 -0 0
    outer loop
      vertex 0 1.10865 -3.95922
      vertex 0 3.53 -5.5
      vertex 0 1.14833 -3.84834
    endloop
  endfacet
  facet normal 1 -0 0
    outer loop
      vertex 0 1.0583 -4.06568
      vertex 0 3.53 -5.5
      vertex 0 1.10865 -3.95922
    endloop
  endfacet
  facet normal 1 -0 0
    outer loop
      vertex 0 0.997763 -4.16668
      vertex 0 3.53 -5.5
      vertex 0 1.0583 -4.06568
    endloop
  endfacet
  facet normal 1 -0 0
    outer loop
      vertex 0 0.927612 -4.26127
      vertex 0 3.53 -5.5
      vertex 0 0.997763 -4.16668
    endloop
  endfacet
  facet normal 1 -0 0
    outer loop
      vertex 0 0.848528 -4.34853
      vertex 0 3.53 -5.5
      vertex 0 0.927612 -4.26127
    endloop
  endfacet
  facet normal 1 -0 0
    outer loop
      vertex 0 0.761271 -4.42761
      vertex 0 3.53 -5.5
      vertex 0 0.848528 -4.34853
    endloop
  endfacet
  facet normal 1 -0 0
    outer loop
      vertex 0 0.666684 -4.49776
      vertex 0 3.53 -5.5
      vertex 0 0.761271 -4.42761
    endloop
  endfacet
  facet normal 1 -0 0
    outer loop
      vertex 0 0.565676 -4.5583
      vertex 0 3.53 -5.5
      vertex 0 0.666684 -4.49776
    endloop
  endfacet
  facet normal 1 -0 0
    outer loop
      vertex 0 0.45922 -4.60865
      vertex 0 3.53 -5.5
      vertex 0 0.565676 -4.5583
    endloop
  endfacet
  facet normal 1 -0 0
    outer loop
      vertex 0 0.348341 -4.64833
      vertex 0 3.53 -5.5
      vertex 0 0.45922 -4.60865
    endloop
  endfacet
  facet normal 1 -0 0
    outer loop
      vertex 0 0.234108 -4.67694
      vertex 0 3.53 -5.5
      vertex 0 0.348341 -4.64833
    endloop
  endfacet
  facet normal 1 -0 0
    outer loop
      vertex 0 0.11762 -4.69422
      vertex 0 3.53 -5.5
      vertex 0 0.234108 -4.67694
    endloop
  endfacet
  facet normal 1 -0 0
    outer loop
      vertex 0 0 -4.7
      vertex 0 3.53 -5.5
      vertex 0 0.11762 -4.69422
    endloop
  endfacet
  facet normal 1 0 0
    outer loop
      vertex 0 -3.53 -5.5
      vertex 0 0 -4.7
      vertex 0 -0.11762 -4.69422
    endloop
  endfacet
  facet normal 1 0 0
    outer loop
      vertex 0 -3.53 -5.5
      vertex 0 -0.11762 -4.69422
      vertex 0 -0.234108 -4.67694
    endloop
  endfacet
  facet normal 1 0 0
    outer loop
      vertex 0 -3.53 -5.5
      vertex 0 -1.2 -3.5
      vertex 0 -2.7 -1.5
    endloop
  endfacet
  facet normal 1 0 0
    outer loop
      vertex 0 -1.2 -3.5
      vertex 0 -3.53 -5.5
      vertex 0 -1.19422 -3.61762
    endloop
  endfacet
  facet normal 1 0 0
    outer loop
      vertex 0 -1.19422 -3.61762
      vertex 0 -3.53 -5.5
      vertex 0 -1.17694 -3.73411
    endloop
  endfacet
  facet normal 1 0 0
    outer loop
      vertex 0 -1.17694 -3.73411
      vertex 0 -3.53 -5.5
      vertex 0 -1.14833 -3.84834
    endloop
  endfacet
  facet normal 1 0 0
    outer loop
      vertex 0 -1.14833 -3.84834
      vertex 0 -3.53 -5.5
      vertex 0 -1.10865 -3.95922
    endloop
  endfacet
  facet normal 1 0 0
    outer loop
      vertex 0 -1.10865 -3.95922
      vertex 0 -3.53 -5.5
      vertex 0 -1.0583 -4.06568
    endloop
  endfacet
  facet normal 1 0 0
    outer loop
      vertex 0 0 -4.7
      vertex 0 -3.53 -5.5
      vertex 0 3.53 -5.5
    endloop
  endfacet
  facet normal 1 0 0
    outer loop
      vertex 0 -0.348341 -4.64833
      vertex 0 -3.53 -5.5
      vertex 0 -0.234108 -4.67694
    endloop
  endfacet
  facet normal 1 0 0
    outer loop
      vertex 0 -0.45922 -4.60865
      vertex 0 -3.53 -5.5
      vertex 0 -0.348341 -4.64833
    endloop
  endfacet
  facet normal 1 0 0
    outer loop
      vertex 0 -0.565676 -4.5583
      vertex 0 -3.53 -5.5
      vertex 0 -0.45922 -4.60865
    endloop
  endfacet
  facet normal 1 0 0
    outer loop
      vertex 0 -0.666684 -4.49776
      vertex 0 -3.53 -5.5
      vertex 0 -0.565676 -4.5583
    endloop
  endfacet
  facet normal 1 0 0
    outer loop
      vertex 0 -0.761271 -4.42761
      vertex 0 -3.53 -5.5
      vertex 0 -0.666684 -4.49776
    endloop
  endfacet
  facet normal 1 0 0
    outer loop
      vertex 0 -0.848528 -4.34853
      vertex 0 -3.53 -5.5
      vertex 0 -0.761271 -4.42761
    endloop
  endfacet
  facet normal 1 0 0
    outer loop
      vertex 0 -0.927612 -4.26127
      vertex 0 -3.53 -5.5
      vertex 0 -0.848528 -4.34853
    endloop
  endfacet
  facet normal 1 0 0
    outer loop
      vertex 0 -0.997763 -4.16668
      vertex 0 -3.53 -5.5
      vertex 0 -0.927612 -4.26127
    endloop
  endfacet
  facet normal 1 0 0
    outer loop
      vertex 0 -1.0583 -4.06568
      vertex 0 -3.53 -5.5
      vertex 0 -0.997763 -4.16668
    endloop
  endfacet
  facet normal -0 0 1
    outer loop
      vertex -6 2.7 -1.5
      vertex 0 -2.7 -1.5
      vertex 0 2.7 -1.5
    endloop
  endfacet
  facet normal 0 0 1
    outer loop
      vertex 0 -2.7 -1.5
      vertex -6 2.7 -1.5
      vertex -6 -2.7 -1.5
    endloop
  endfacet
  facet normal -1 0 0
    outer loop
      vertex -6 3.53 -5.5
      vertex -6 -2.7 -1.5
      vertex -6 2.7 -1.5
    endloop
  endfacet
  facet normal -1 0 -0
    outer loop
      vertex -6 -2.7 -1.5
      vertex -6 3.53 -5.5
      vertex -6 -3.53 -5.5
    endloop
  endfacet
  facet normal 0 0.979143 0.203172
    outer loop
      vertex 0 3.53 -5.5
      vertex -6 2.7 -1.5
      vertex 0 2.7 -1.5
    endloop
  endfacet
  facet normal 0 0.979143 0.203172
    outer loop
      vertex -6 2.7 -1.5
      vertex 0 3.53 -5.5
      vertex -6 3.53 -5.5
    endloop
  endfacet
  facet normal 0 0.998795 0.0490821
    outer loop
      vertex 30 1.2 -3.5
      vertex 0 1.19422 -3.38238
      vertex 30 1.19422 -3.38238
    endloop
  endfacet
  facet normal 0 0.998795 0.0490821
    outer loop
      vertex 0 1.19422 -3.38238
      vertex 30 1.2 -3.5
      vertex 0 1.2 -3.5
    endloop
  endfacet
  facet normal 0 0.242949 -0.970039
    outer loop
      vertex 0 0.234108 -4.67694
      vertex 30 0.348341 -4.64833
      vertex 30 0.234108 -4.67694
    endloop
  endfacet
  facet normal 0 0.242949 -0.970039
    outer loop
      vertex 30 0.348341 -4.64833
      vertex 0 0.234108 -4.67694
      vertex 0 0.348341 -4.64833
    endloop
  endfacet
  facet normal 0 0.941527 -0.336939
    outer loop
      vertex 30 1.10865 -3.95922
      vertex 0 1.14833 -3.84834
      vertex 30 1.14833 -3.84834
    endloop
  endfacet
  facet normal 0 0.941527 -0.336939
    outer loop
      vertex 0 1.14833 -3.84834
      vertex 30 1.10865 -3.95922
      vertex 0 1.10865 -3.95922
    endloop
  endfacet
  facet normal 0 0.989176 -0.146733
    outer loop
      vertex 30 1.17694 -3.73411
      vertex 0 1.19422 -3.61762
      vertex 30 1.19422 -3.61762
    endloop
  endfacet
  facet normal 0 0.989176 -0.146733
    outer loop
      vertex 0 1.19422 -3.61762
      vertex 30 1.17694 -3.73411
      vertex 0 1.17694 -3.73411
    endloop
  endfacet
  facet normal 0 0.803215 -0.59569
    outer loop
      vertex 30 0.927612 -4.26127
      vertex 0 0.997763 -4.16668
      vertex 30 0.997763 -4.16668
    endloop
  endfacet
  facet normal 0 0.803215 -0.59569
    outer loop
      vertex 0 0.997763 -4.16668
      vertex 30 0.927612 -4.26127
      vertex 0 0.927612 -4.26127
    endloop
  endfacet
  facet normal -0 0.336866 0.941553
    outer loop
      vertex 0 0.45922 -2.39134
      vertex 30 0.348341 -2.35167
      vertex 30 0.45922 -2.39134
    endloop
  endfacet
  facet normal 0 0.336866 0.941553
    outer loop
      vertex 30 0.348341 -2.35167
      vertex 0 0.45922 -2.39134
      vertex 0 0.348341 -2.35167
    endloop
  endfacet
  facet normal 0 -0.0490821 -0.998795
    outer loop
      vertex 0 -0.11762 -4.69422
      vertex 30 0 -4.7
      vertex 30 -0.11762 -4.69422
    endloop
  endfacet
  facet normal -0 -0.0490821 -0.998795
    outer loop
      vertex 30 0 -4.7
      vertex 0 -0.11762 -4.69422
      vertex 0 0 -4.7
    endloop
  endfacet
  facet normal 0 0.903995 0.427542
    outer loop
      vertex 30 1.10865 -3.04078
      vertex 0 1.0583 -2.93432
      vertex 30 1.0583 -2.93432
    endloop
  endfacet
  facet normal 0 0.903995 0.427542
    outer loop
      vertex 0 1.0583 -2.93432
      vertex 30 1.10865 -3.04078
      vertex 0 1.10865 -3.04078
    endloop
  endfacet
  facet normal 0 0.989176 0.146733
    outer loop
      vertex 30 1.19422 -3.38238
      vertex 0 1.17694 -3.26589
      vertex 30 1.17694 -3.26589
    endloop
  endfacet
  facet normal 0 0.989176 0.146733
    outer loop
      vertex 0 1.17694 -3.26589
      vertex 30 1.19422 -3.38238
      vertex 0 1.19422 -3.38238
    endloop
  endfacet
  facet normal 0 0.0490821 -0.998795
    outer loop
      vertex 0 0 -4.7
      vertex 30 0.11762 -4.69422
      vertex 30 0 -4.7
    endloop
  endfacet
  facet normal 0 0.0490821 -0.998795
    outer loop
      vertex 30 0.11762 -4.69422
      vertex 0 0 -4.7
      vertex 0 0.11762 -4.69422
    endloop
  endfacet
  facet normal -0 0.671535 0.740973
    outer loop
      vertex 0 0.848528 -2.65147
      vertex 30 0.761271 -2.57239
      vertex 30 0.848528 -2.65147
    endloop
  endfacet
  facet normal 0 0.671535 0.740973
    outer loop
      vertex 30 0.761271 -2.57239
      vertex 0 0.848528 -2.65147
      vertex 0 0.761271 -2.57239
    endloop
  endfacet
  facet normal 0 0.903995 -0.427542
    outer loop
      vertex 30 1.0583 -4.06568
      vertex 0 1.10865 -3.95922
      vertex 30 1.10865 -3.95922
    endloop
  endfacet
  facet normal 0 0.903995 -0.427542
    outer loop
      vertex 0 1.10865 -3.95922
      vertex 30 1.0583 -4.06568
      vertex 0 1.0583 -4.06568
    endloop
  endfacet
  facet normal -0 0.514154 0.857698
    outer loop
      vertex 0 0.666684 -2.50224
      vertex 30 0.565676 -2.44169
      vertex 30 0.666684 -2.50224
    endloop
  endfacet
  facet normal 0 0.514154 0.857698
    outer loop
      vertex 30 0.565676 -2.44169
      vertex 0 0.666684 -2.50224
      vertex 0 0.565676 -2.44169
    endloop
  endfacet
  facet normal 0 -0.941527 -0.336939
    outer loop
      vertex 0 -1.10865 -3.95922
      vertex 30 -1.14833 -3.84834
      vertex 0 -1.14833 -3.84834
    endloop
  endfacet
  facet normal 0 -0.941527 -0.336939
    outer loop
      vertex 30 -1.14833 -3.84834
      vertex 0 -1.10865 -3.95922
      vertex 30 -1.10865 -3.95922
    endloop
  endfacet
  facet normal 0 0.941527 0.336939
    outer loop
      vertex 30 1.14833 -3.15166
      vertex 0 1.10865 -3.04078
      vertex 30 1.10865 -3.04078
    endloop
  endfacet
  facet normal 0 0.941527 0.336939
    outer loop
      vertex 0 1.10865 -3.04078
      vertex 30 1.14833 -3.15166
      vertex 0 1.14833 -3.15166
    endloop
  endfacet
  facet normal 0 0.803184 0.59573
    outer loop
      vertex 30 0.997763 -2.83331
      vertex 0 0.927612 -2.73873
      vertex 30 0.927612 -2.73873
    endloop
  endfacet
  facet normal 0 0.803184 0.59573
    outer loop
      vertex 0 0.927612 -2.73873
      vertex 30 0.997763 -2.83331
      vertex 0 0.997763 -2.83331
    endloop
  endfacet
  facet normal 0 -0.0490821 0.998795
    outer loop
      vertex 0 0 -2.3
      vertex 30 -0.11762 -2.30578
      vertex 30 0 -2.3
    endloop
  endfacet
  facet normal 0 -0.0490821 0.998795
    outer loop
      vertex 30 -0.11762 -2.30578
      vertex 0 0 -2.3
      vertex 0 -0.11762 -2.30578
    endloop
  endfacet
  facet normal 0 0.998795 -0.0490821
    outer loop
      vertex 30 1.19422 -3.61762
      vertex 0 1.2 -3.5
      vertex 30 1.2 -3.5
    endloop
  endfacet
  facet normal 0 0.998795 -0.0490821
    outer loop
      vertex 0 1.2 -3.5
      vertex 30 1.19422 -3.61762
      vertex 0 1.19422 -3.61762
    endloop
  endfacet
  facet normal 0 -0.595697 0.80321
    outer loop
      vertex 0 -0.666684 -2.50224
      vertex 30 -0.761271 -2.57239
      vertex 30 -0.666684 -2.50224
    endloop
  endfacet
  facet normal 0 -0.595697 0.80321
    outer loop
      vertex 30 -0.761271 -2.57239
      vertex 0 -0.666684 -2.50224
      vertex 0 -0.761271 -2.57239
    endloop
  endfacet
  facet normal 0 -0.146736 -0.989176
    outer loop
      vertex 0 -0.234108 -4.67694
      vertex 30 -0.11762 -4.69422
      vertex 30 -0.234108 -4.67694
    endloop
  endfacet
  facet normal -0 -0.146736 -0.989176
    outer loop
      vertex 30 -0.11762 -4.69422
      vertex 0 -0.234108 -4.67694
      vertex 0 -0.11762 -4.69422
    endloop
  endfacet
  facet normal 0 0.336941 -0.941526
    outer loop
      vertex 0 0.348341 -4.64833
      vertex 30 0.45922 -4.60865
      vertex 30 0.348341 -4.64833
    endloop
  endfacet
  facet normal 0 0.336941 -0.941526
    outer loop
      vertex 30 0.45922 -4.60865
      vertex 0 0.348341 -4.64833
      vertex 0 0.45922 -4.60865
    endloop
  endfacet
  facet normal 0 -0.514154 0.857698
    outer loop
      vertex 0 -0.565676 -2.44169
      vertex 30 -0.666684 -2.50224
      vertex 30 -0.565676 -2.44169
    endloop
  endfacet
  facet normal 0 -0.514154 0.857698
    outer loop
      vertex 30 -0.666684 -2.50224
      vertex 0 -0.565676 -2.44169
      vertex 0 -0.666684 -2.50224
    endloop
  endfacet
  facet normal 0 -0.595697 -0.80321
    outer loop
      vertex 0 -0.761271 -4.42761
      vertex 30 -0.666684 -4.49776
      vertex 30 -0.761271 -4.42761
    endloop
  endfacet
  facet normal -0 -0.595697 -0.80321
    outer loop
      vertex 30 -0.666684 -4.49776
      vertex 0 -0.761271 -4.42761
      vertex 0 -0.666684 -4.49776
    endloop
  endfacet
  facet normal 0 0.595697 -0.80321
    outer loop
      vertex 0 0.666684 -4.49776
      vertex 30 0.761271 -4.42761
      vertex 30 0.666684 -4.49776
    endloop
  endfacet
  facet normal 0 0.595697 -0.80321
    outer loop
      vertex 30 0.761271 -4.42761
      vertex 0 0.666684 -4.49776
      vertex 0 0.761271 -4.42761
    endloop
  endfacet
  facet normal 1 0 0
    outer loop
      vertex 30 1.19422 -3.38238
      vertex 30 1.19422 -3.61762
      vertex 30 1.2 -3.5
    endloop
  endfacet
  facet normal 1 0 0
    outer loop
      vertex 30 1.17694 -3.26589
      vertex 30 1.19422 -3.61762
      vertex 30 1.19422 -3.38238
    endloop
  endfacet
  facet normal 1 0 0
    outer loop
      vertex 30 1.17694 -3.26589
      vertex 30 1.17694 -3.73411
      vertex 30 1.19422 -3.61762
    endloop
  endfacet
  facet normal 1 0 0
    outer loop
      vertex 30 1.14833 -3.15166
      vertex 30 1.17694 -3.73411
      vertex 30 1.17694 -3.26589
    endloop
  endfacet
  facet normal 1 0 0
    outer loop
      vertex 30 1.14833 -3.15166
      vertex 30 1.14833 -3.84834
      vertex 30 1.17694 -3.73411
    endloop
  endfacet
  facet normal 1 0 0
    outer loop
      vertex 30 1.10865 -3.04078
      vertex 30 1.14833 -3.84834
      vertex 30 1.14833 -3.15166
    endloop
  endfacet
  facet normal 1 0 0
    outer loop
      vertex 30 1.10865 -3.04078
      vertex 30 1.10865 -3.95922
      vertex 30 1.14833 -3.84834
    endloop
  endfacet
  facet normal 1 0 0
    outer loop
      vertex 30 1.0583 -2.93432
      vertex 30 1.10865 -3.95922
      vertex 30 1.10865 -3.04078
    endloop
  endfacet
  facet normal 1 0 0
    outer loop
      vertex 30 1.0583 -2.93432
      vertex 30 1.0583 -4.06568
      vertex 30 1.10865 -3.95922
    endloop
  endfacet
  facet normal 1 0 0
    outer loop
      vertex 30 0.997763 -2.83331
      vertex 30 1.0583 -4.06568
      vertex 30 1.0583 -2.93432
    endloop
  endfacet
  facet normal 1 0 0
    outer loop
      vertex 30 0.997763 -2.83331
      vertex 30 0.997763 -4.16668
      vertex 30 1.0583 -4.06568
    endloop
  endfacet
  facet normal 1 0 0
    outer loop
      vertex 30 0.927612 -2.73873
      vertex 30 0.997763 -4.16668
      vertex 30 0.997763 -2.83331
    endloop
  endfacet
  facet normal 1 0 0
    outer loop
      vertex 30 0.927612 -2.73873
      vertex 30 0.927612 -4.26127
      vertex 30 0.997763 -4.16668
    endloop
  endfacet
  facet normal 1 0 0
    outer loop
      vertex 30 0.848528 -2.65147
      vertex 30 0.927612 -4.26127
      vertex 30 0.927612 -2.73873
    endloop
  endfacet
  facet normal 1 0 0
    outer loop
      vertex 30 0.848528 -2.65147
      vertex 30 0.848528 -4.34853
      vertex 30 0.927612 -4.26127
    endloop
  endfacet
  facet normal 1 0 0
    outer loop
      vertex 30 0.761271 -2.57239
      vertex 30 0.848528 -4.34853
      vertex 30 0.848528 -2.65147
    endloop
  endfacet
  facet normal 1 0 0
    outer loop
      vertex 30 0.761271 -2.57239
      vertex 30 0.761271 -4.42761
      vertex 30 0.848528 -4.34853
    endloop
  endfacet
  facet normal 1 0 0
    outer loop
      vertex 30 0.666684 -2.50224
      vertex 30 0.761271 -4.42761
      vertex 30 0.761271 -2.57239
    endloop
  endfacet
  facet normal 1 0 0
    outer loop
      vertex 30 0.666684 -2.50224
      vertex 30 0.666684 -4.49776
      vertex 30 0.761271 -4.42761
    endloop
  endfacet
  facet normal 1 0 0
    outer loop
      vertex 30 0.565676 -2.44169
      vertex 30 0.666684 -4.49776
      vertex 30 0.666684 -2.50224
    endloop
  endfacet
  facet normal 1 0 0
    outer loop
      vertex 30 0.565676 -2.44169
      vertex 30 0.565676 -4.5583
      vertex 30 0.666684 -4.49776
    endloop
  endfacet
  facet normal 1 0 0
    outer loop
      vertex 30 0.45922 -2.39134
      vertex 30 0.565676 -4.5583
      vertex 30 0.565676 -2.44169
    endloop
  endfacet
  facet normal 1 0 0
    outer loop
      vertex 30 0.45922 -2.39134
      vertex 30 0.45922 -4.60865
      vertex 30 0.565676 -4.5583
    endloop
  endfacet
  facet normal 1 0 0
    outer loop
      vertex 30 0.348341 -2.35167
      vertex 30 0.45922 -4.60865
      vertex 30 0.45922 -2.39134
    endloop
  endfacet
  facet normal 1 0 0
    outer loop
      vertex 30 0.348341 -2.35167
      vertex 30 0.348341 -4.64833
      vertex 30 0.45922 -4.60865
    endloop
  endfacet
  facet normal 1 0 0
    outer loop
      vertex 30 0.234108 -2.32306
      vertex 30 0.348341 -4.64833
      vertex 30 0.348341 -2.35167
    endloop
  endfacet
  facet normal 1 0 0
    outer loop
      vertex 30 0.234108 -2.32306
      vertex 30 0.234108 -4.67694
      vertex 30 0.348341 -4.64833
    endloop
  endfacet
  facet normal 1 0 0
    outer loop
      vertex 30 0.11762 -2.30578
      vertex 30 0.234108 -4.67694
      vertex 30 0.234108 -2.32306
    endloop
  endfacet
  facet normal 1 0 0
    outer loop
      vertex 30 0.11762 -2.30578
      vertex 30 0.11762 -4.69422
      vertex 30 0.234108 -4.67694
    endloop
  endfacet
  facet normal 1 0 0
    outer loop
      vertex 30 0 -2.3
      vertex 30 0.11762 -4.69422
      vertex 30 0.11762 -2.30578
    endloop
  endfacet
  facet normal 1 0 0
    outer loop
      vertex 30 0 -2.3
      vertex 30 0 -4.7
      vertex 30 0.11762 -4.69422
    endloop
  endfacet
  facet normal 1 -0 0
    outer loop
      vertex 30 -0.11762 -2.30578
      vertex 30 0 -4.7
      vertex 30 0 -2.3
    endloop
  endfacet
  facet normal 1 0 0
    outer loop
      vertex 30 -0.11762 -2.30578
      vertex 30 -0.11762 -4.69422
      vertex 30 0 -4.7
    endloop
  endfacet
  facet normal 1 -0 0
    outer loop
      vertex 30 -0.234108 -2.32306
      vertex 30 -0.11762 -4.69422
      vertex 30 -0.11762 -2.30578
    endloop
  endfacet
  facet normal 1 0 0
    outer loop
      vertex 30 -0.234108 -2.32306
      vertex 30 -0.234108 -4.67694
      vertex 30 -0.11762 -4.69422
    endloop
  endfacet
  facet normal 1 -0 0
    outer loop
      vertex 30 -0.348341 -2.35167
      vertex 30 -0.234108 -4.67694
      vertex 30 -0.234108 -2.32306
    endloop
  endfacet
  facet normal 1 0 0
    outer loop
      vertex 30 -0.348341 -2.35167
      vertex 30 -0.348341 -4.64833
      vertex 30 -0.234108 -4.67694
    endloop
  endfacet
  facet normal 1 -0 0
    outer loop
      vertex 30 -0.45922 -2.39134
      vertex 30 -0.348341 -4.64833
      vertex 30 -0.348341 -2.35167
    endloop
  endfacet
  facet normal 1 0 0
    outer loop
      vertex 30 -0.45922 -2.39134
      vertex 30 -0.45922 -4.60865
      vertex 30 -0.348341 -4.64833
    endloop
  endfacet
  facet normal 1 -0 0
    outer loop
      vertex 30 -0.565676 -2.44169
      vertex 30 -0.45922 -4.60865
      vertex 30 -0.45922 -2.39134
    endloop
  endfacet
  facet normal 1 0 0
    outer loop
      vertex 30 -0.565676 -2.44169
      vertex 30 -0.565676 -4.5583
      vertex 30 -0.45922 -4.60865
    endloop
  endfacet
  facet normal 1 -0 0
    outer loop
      vertex 30 -0.666684 -2.50224
      vertex 30 -0.565676 -4.5583
      vertex 30 -0.565676 -2.44169
    endloop
  endfacet
  facet normal 1 0 0
    outer loop
      vertex 30 -0.666684 -2.50224
      vertex 30 -0.666684 -4.49776
      vertex 30 -0.565676 -4.5583
    endloop
  endfacet
  facet normal 1 -0 0
    outer loop
      vertex 30 -0.761271 -2.57239
      vertex 30 -0.666684 -4.49776
      vertex 30 -0.666684 -2.50224
    endloop
  endfacet
  facet normal 1 0 0
    outer loop
      vertex 30 -0.761271 -2.57239
      vertex 30 -0.761271 -4.42761
      vertex 30 -0.666684 -4.49776
    endloop
  endfacet
  facet normal 1 -0 0
    outer loop
      vertex 30 -0.848528 -2.65147
      vertex 30 -0.761271 -4.42761
      vertex 30 -0.761271 -2.57239
    endloop
  endfacet
  facet normal 1 0 0
    outer loop
      vertex 30 -0.848528 -2.65147
      vertex 30 -0.848528 -4.34853
      vertex 30 -0.761271 -4.42761
    endloop
  endfacet
  facet normal 1 -0 0
    outer loop
      vertex 30 -0.927612 -2.73873
      vertex 30 -0.848528 -4.34853
      vertex 30 -0.848528 -2.65147
    endloop
  endfacet
  facet normal 1 0 0
    outer loop
      vertex 30 -0.927612 -2.73873
      vertex 30 -0.927612 -4.26127
      vertex 30 -0.848528 -4.34853
    endloop
  endfacet
  facet normal 1 -0 0
    outer loop
      vertex 30 -0.997763 -2.83331
      vertex 30 -0.927612 -4.26127
      vertex 30 -0.927612 -2.73873
    endloop
  endfacet
  facet normal 1 0 0
    outer loop
      vertex 30 -0.997763 -2.83331
      vertex 30 -0.997763 -4.16668
      vertex 30 -0.927612 -4.26127
    endloop
  endfacet
  facet normal 1 -0 0
    outer loop
      vertex 30 -1.0583 -2.93432
      vertex 30 -0.997763 -4.16668
      vertex 30 -0.997763 -2.83331
    endloop
  endfacet
  facet normal 1 0 0
    outer loop
      vertex 30 -1.0583 -2.93432
      vertex 30 -1.0583 -4.06568
      vertex 30 -0.997763 -4.16668
    endloop
  endfacet
  facet normal 1 -0 0
    outer loop
      vertex 30 -1.10865 -3.04078
      vertex 30 -1.0583 -4.06568
      vertex 30 -1.0583 -2.93432
    endloop
  endfacet
  facet normal 1 0 0
    outer loop
      vertex 30 -1.10865 -3.04078
      vertex 30 -1.10865 -3.95922
      vertex 30 -1.0583 -4.06568
    endloop
  endfacet
  facet normal 1 -0 0
    outer loop
      vertex 30 -1.14833 -3.15166
      vertex 30 -1.10865 -3.95922
      vertex 30 -1.10865 -3.04078
    endloop
  endfacet
  facet normal 1 0 0
    outer loop
      vertex 30 -1.14833 -3.15166
      vertex 30 -1.14833 -3.84834
      vertex 30 -1.10865 -3.95922
    endloop
  endfacet
  facet normal 1 -0 0
    outer loop
      vertex 30 -1.17694 -3.26589
      vertex 30 -1.14833 -3.84834
      vertex 30 -1.14833 -3.15166
    endloop
  endfacet
  facet normal 1 0 0
    outer loop
      vertex 30 -1.17694 -3.26589
      vertex 30 -1.17694 -3.73411
      vertex 30 -1.14833 -3.84834
    endloop
  endfacet
  facet normal 1 -0 0
    outer loop
      vertex 30 -1.19422 -3.38238
      vertex 30 -1.17694 -3.73411
      vertex 30 -1.17694 -3.26589
    endloop
  endfacet
  facet normal 1 0 0
    outer loop
      vertex 30 -1.19422 -3.38238
      vertex 30 -1.19422 -3.61762
      vertex 30 -1.17694 -3.73411
    endloop
  endfacet
  facet normal 1 0 -0
    outer loop
      vertex 30 -1.19422 -3.61762
      vertex 30 -1.19422 -3.38238
      vertex 30 -1.2 -3.5
    endloop
  endfacet
  facet normal 0 -0.427556 0.903989
    outer loop
      vertex 0 -0.45922 -2.39134
      vertex 30 -0.565676 -2.44169
      vertex 30 -0.45922 -2.39134
    endloop
  endfacet
  facet normal 0 -0.427556 0.903989
    outer loop
      vertex 30 -0.565676 -2.44169
      vertex 0 -0.45922 -2.39134
      vertex 0 -0.565676 -2.44169
    endloop
  endfacet
  facet normal -0 0.427556 0.903989
    outer loop
      vertex 0 0.565676 -2.44169
      vertex 30 0.45922 -2.39134
      vertex 30 0.565676 -2.44169
    endloop
  endfacet
  facet normal 0 0.427556 0.903989
    outer loop
      vertex 30 0.45922 -2.39134
      vertex 0 0.565676 -2.44169
      vertex 0 0.45922 -2.39134
    endloop
  endfacet
  facet normal 0 -0.857729 -0.514102
    outer loop
      vertex 0 -0.997763 -4.16668
      vertex 30 -1.0583 -4.06568
      vertex 0 -1.0583 -4.06568
    endloop
  endfacet
  facet normal 0 -0.857729 -0.514102
    outer loop
      vertex 30 -1.0583 -4.06568
      vertex 0 -0.997763 -4.16668
      vertex 30 -0.997763 -4.16668
    endloop
  endfacet
  facet normal 0 0.970038 0.242955
    outer loop
      vertex 30 1.17694 -3.26589
      vertex 0 1.14833 -3.15166
      vertex 30 1.14833 -3.15166
    endloop
  endfacet
  facet normal 0 0.970038 0.242955
    outer loop
      vertex 0 1.14833 -3.15166
      vertex 30 1.17694 -3.26589
      vertex 0 1.17694 -3.26589
    endloop
  endfacet
  facet normal 0 -0.242949 0.970039
    outer loop
      vertex 0 -0.234108 -2.32306
      vertex 30 -0.348341 -2.35167
      vertex 30 -0.234108 -2.32306
    endloop
  endfacet
  facet normal 0 -0.242949 0.970039
    outer loop
      vertex 30 -0.348341 -2.35167
      vertex 0 -0.234108 -2.32306
      vertex 0 -0.348341 -2.35167
    endloop
  endfacet
  facet normal 0 -0.989176 0.146733
    outer loop
      vertex 0 -1.19422 -3.38238
      vertex 30 -1.17694 -3.26589
      vertex 0 -1.17694 -3.26589
    endloop
  endfacet
  facet normal 0 -0.989176 0.146733
    outer loop
      vertex 30 -1.17694 -3.26589
      vertex 0 -1.19422 -3.38238
      vertex 30 -1.19422 -3.38238
    endloop
  endfacet
  facet normal 0 0.146736 -0.989176
    outer loop
      vertex 0 0.11762 -4.69422
      vertex 30 0.234108 -4.67694
      vertex 30 0.11762 -4.69422
    endloop
  endfacet
  facet normal 0 0.146736 -0.989176
    outer loop
      vertex 30 0.234108 -4.67694
      vertex 0 0.11762 -4.69422
      vertex 0 0.234108 -4.67694
    endloop
  endfacet
  facet normal 0 -0.146736 0.989176
    outer loop
      vertex 0 -0.11762 -2.30578
      vertex 30 -0.234108 -2.32306
      vertex 30 -0.11762 -2.30578
    endloop
  endfacet
  facet normal 0 -0.146736 0.989176
    outer loop
      vertex 30 -0.234108 -2.32306
      vertex 0 -0.11762 -2.30578
      vertex 0 -0.234108 -2.32306
    endloop
  endfacet
  facet normal 0 -0.740967 -0.671541
    outer loop
      vertex 0 -0.848528 -4.34853
      vertex 30 -0.927612 -4.26127
      vertex 0 -0.927612 -4.26127
    endloop
  endfacet
  facet normal 0 -0.740967 -0.671541
    outer loop
      vertex 30 -0.927612 -4.26127
      vertex 0 -0.848528 -4.34853
      vertex 30 -0.848528 -4.34853
    endloop
  endfacet
  facet normal 0 0.427556 -0.903989
    outer loop
      vertex 0 0.45922 -4.60865
      vertex 30 0.565676 -4.5583
      vertex 30 0.45922 -4.60865
    endloop
  endfacet
  facet normal 0 0.427556 -0.903989
    outer loop
      vertex 30 0.565676 -4.5583
      vertex 0 0.45922 -4.60865
      vertex 0 0.565676 -4.5583
    endloop
  endfacet
  facet normal -0 0.0490821 0.998795
    outer loop
      vertex 0 0.11762 -2.30578
      vertex 30 0 -2.3
      vertex 30 0.11762 -2.30578
    endloop
  endfacet
  facet normal 0 0.0490821 0.998795
    outer loop
      vertex 30 0 -2.3
      vertex 0 0.11762 -2.30578
      vertex 0 0 -2.3
    endloop
  endfacet
  facet normal 0 -0.989176 -0.146733
    outer loop
      vertex 0 -1.17694 -3.73411
      vertex 30 -1.19422 -3.61762
      vertex 0 -1.19422 -3.61762
    endloop
  endfacet
  facet normal 0 -0.989176 -0.146733
    outer loop
      vertex 30 -1.19422 -3.61762
      vertex 0 -1.17694 -3.73411
      vertex 30 -1.17694 -3.73411
    endloop
  endfacet
  facet normal 0 -0.803215 -0.59569
    outer loop
      vertex 0 -0.927612 -4.26127
      vertex 30 -0.997763 -4.16668
      vertex 0 -0.997763 -4.16668
    endloop
  endfacet
  facet normal 0 -0.803215 -0.59569
    outer loop
      vertex 30 -0.997763 -4.16668
      vertex 0 -0.927612 -4.26127
      vertex 30 -0.927612 -4.26127
    endloop
  endfacet
  facet normal 0 -0.903995 -0.427542
    outer loop
      vertex 0 -1.0583 -4.06568
      vertex 30 -1.10865 -3.95922
      vertex 0 -1.10865 -3.95922
    endloop
  endfacet
  facet normal 0 -0.903995 -0.427542
    outer loop
      vertex 30 -1.10865 -3.95922
      vertex 0 -1.0583 -4.06568
      vertex 30 -1.0583 -4.06568
    endloop
  endfacet
  facet normal 0 -0.740967 0.671541
    outer loop
      vertex 0 -0.927612 -2.73873
      vertex 30 -0.848528 -2.65147
      vertex 0 -0.848528 -2.65147
    endloop
  endfacet
  facet normal 0 -0.740967 0.671541
    outer loop
      vertex 30 -0.848528 -2.65147
      vertex 0 -0.927612 -2.73873
      vertex 30 -0.927612 -2.73873
    endloop
  endfacet
  facet normal 0 -0.427556 -0.903989
    outer loop
      vertex 0 -0.565676 -4.5583
      vertex 30 -0.45922 -4.60865
      vertex 30 -0.565676 -4.5583
    endloop
  endfacet
  facet normal -0 -0.427556 -0.903989
    outer loop
      vertex 30 -0.45922 -4.60865
      vertex 0 -0.565676 -4.5583
      vertex 0 -0.45922 -4.60865
    endloop
  endfacet
  facet normal 0 0.857751 0.514065
    outer loop
      vertex 30 1.0583 -2.93432
      vertex 0 0.997763 -2.83331
      vertex 30 0.997763 -2.83331
    endloop
  endfacet
  facet normal 0 0.857751 0.514065
    outer loop
      vertex 0 0.997763 -2.83331
      vertex 30 1.0583 -2.93432
      vertex 0 1.0583 -2.93432
    endloop
  endfacet
  facet normal 0 0.740967 -0.671541
    outer loop
      vertex 30 0.848528 -4.34853
      vertex 0 0.927612 -4.26127
      vertex 30 0.927612 -4.26127
    endloop
  endfacet
  facet normal 0 0.740967 -0.671541
    outer loop
      vertex 0 0.927612 -4.26127
      vertex 30 0.848528 -4.34853
      vertex 0 0.848528 -4.34853
    endloop
  endfacet
  facet normal 0 0.671535 -0.740973
    outer loop
      vertex 0 0.761271 -4.42761
      vertex 30 0.848528 -4.34853
      vertex 30 0.761271 -4.42761
    endloop
  endfacet
  facet normal 0 0.671535 -0.740973
    outer loop
      vertex 30 0.848528 -4.34853
      vertex 0 0.761271 -4.42761
      vertex 0 0.848528 -4.34853
    endloop
  endfacet
  facet normal -0 0.242949 0.970039
    outer loop
      vertex 0 0.348341 -2.35167
      vertex 30 0.234108 -2.32306
      vertex 30 0.348341 -2.35167
    endloop
  endfacet
  facet normal 0 0.242949 0.970039
    outer loop
      vertex 30 0.234108 -2.32306
      vertex 0 0.348341 -2.35167
      vertex 0 0.234108 -2.32306
    endloop
  endfacet
  facet normal 0 0.857729 -0.514102
    outer loop
      vertex 30 0.997763 -4.16668
      vertex 0 1.0583 -4.06568
      vertex 30 1.0583 -4.06568
    endloop
  endfacet
  facet normal 0 0.857729 -0.514102
    outer loop
      vertex 0 1.0583 -4.06568
      vertex 30 0.997763 -4.16668
      vertex 0 0.997763 -4.16668
    endloop
  endfacet
  facet normal 0 -0.336866 0.941553
    outer loop
      vertex 0 -0.348341 -2.35167
      vertex 30 -0.45922 -2.39134
      vertex 30 -0.348341 -2.35167
    endloop
  endfacet
  facet normal 0 -0.336866 0.941553
    outer loop
      vertex 30 -0.45922 -2.39134
      vertex 0 -0.348341 -2.35167
      vertex 0 -0.45922 -2.39134
    endloop
  endfacet
  facet normal 0 -0.242949 -0.970039
    outer loop
      vertex 0 -0.348341 -4.64833
      vertex 30 -0.234108 -4.67694
      vertex 30 -0.348341 -4.64833
    endloop
  endfacet
  facet normal -0 -0.242949 -0.970039
    outer loop
      vertex 30 -0.234108 -4.67694
      vertex 0 -0.348341 -4.64833
      vertex 0 -0.234108 -4.67694
    endloop
  endfacet
  facet normal 0 -0.970038 0.242955
    outer loop
      vertex 0 -1.17694 -3.26589
      vertex 30 -1.14833 -3.15166
      vertex 0 -1.14833 -3.15166
    endloop
  endfacet
  facet normal 0 -0.970038 0.242955
    outer loop
      vertex 30 -1.14833 -3.15166
      vertex 0 -1.17694 -3.26589
      vertex 30 -1.17694 -3.26589
    endloop
  endfacet
  facet normal 0 -0.803184 0.59573
    outer loop
      vertex 0 -0.997763 -2.83331
      vertex 30 -0.927612 -2.73873
      vertex 0 -0.927612 -2.73873
    endloop
  endfacet
  facet normal 0 -0.803184 0.59573
    outer loop
      vertex 30 -0.927612 -2.73873
      vertex 0 -0.997763 -2.83331
      vertex 30 -0.997763 -2.83331
    endloop
  endfacet
  facet normal 0 -0.970038 -0.242955
    outer loop
      vertex 0 -1.14833 -3.84834
      vertex 30 -1.17694 -3.73411
      vertex 0 -1.17694 -3.73411
    endloop
  endfacet
  facet normal 0 -0.970038 -0.242955
    outer loop
      vertex 30 -1.17694 -3.73411
      vertex 0 -1.14833 -3.84834
      vertex 30 -1.14833 -3.84834
    endloop
  endfacet
  facet normal 0 -0.857751 0.514065
    outer loop
      vertex 0 -1.0583 -2.93432
      vertex 30 -0.997763 -2.83331
      vertex 0 -0.997763 -2.83331
    endloop
  endfacet
  facet normal 0 -0.857751 0.514065
    outer loop
      vertex 30 -0.997763 -2.83331
      vertex 0 -1.0583 -2.93432
      vertex 30 -1.0583 -2.93432
    endloop
  endfacet
  facet normal 0 -0.671535 -0.740973
    outer loop
      vertex 0 -0.848528 -4.34853
      vertex 30 -0.761271 -4.42761
      vertex 30 -0.848528 -4.34853
    endloop
  endfacet
  facet normal -0 -0.671535 -0.740973
    outer loop
      vertex 30 -0.761271 -4.42761
      vertex 0 -0.848528 -4.34853
      vertex 0 -0.761271 -4.42761
    endloop
  endfacet
  facet normal 0 0.514091 -0.857736
    outer loop
      vertex 0 0.565676 -4.5583
      vertex 30 0.666684 -4.49776
      vertex 30 0.565676 -4.5583
    endloop
  endfacet
  facet normal 0 0.514091 -0.857736
    outer loop
      vertex 30 0.666684 -4.49776
      vertex 0 0.565676 -4.5583
      vertex 0 0.666684 -4.49776
    endloop
  endfacet
  facet normal 0 -0.998795 -0.0490821
    outer loop
      vertex 0 -1.19422 -3.61762
      vertex 30 -1.2 -3.5
      vertex 0 -1.2 -3.5
    endloop
  endfacet
  facet normal 0 -0.998795 -0.0490821
    outer loop
      vertex 30 -1.2 -3.5
      vertex 0 -1.19422 -3.61762
      vertex 30 -1.19422 -3.61762
    endloop
  endfacet
  facet normal 0 0.740967 0.671541
    outer loop
      vertex 30 0.927612 -2.73873
      vertex 0 0.848528 -2.65147
      vertex 30 0.848528 -2.65147
    endloop
  endfacet
  facet normal 0 0.740967 0.671541
    outer loop
      vertex 0 0.848528 -2.65147
      vertex 30 0.927612 -2.73873
      vertex 0 0.927612 -2.73873
    endloop
  endfacet
  facet normal 0 -0.941527 0.336939
    outer loop
      vertex 0 -1.14833 -3.15166
      vertex 30 -1.10865 -3.04078
      vertex 0 -1.10865 -3.04078
    endloop
  endfacet
  facet normal 0 -0.941527 0.336939
    outer loop
      vertex 30 -1.10865 -3.04078
      vertex 0 -1.14833 -3.15166
      vertex 30 -1.14833 -3.15166
    endloop
  endfacet
  facet normal 0 -0.671535 0.740973
    outer loop
      vertex 0 -0.761271 -2.57239
      vertex 30 -0.848528 -2.65147
      vertex 30 -0.761271 -2.57239
    endloop
  endfacet
  facet normal 0 -0.671535 0.740973
    outer loop
      vertex 30 -0.848528 -2.65147
      vertex 0 -0.761271 -2.57239
      vertex 0 -0.848528 -2.65147
    endloop
  endfacet
  facet normal 0 -0.514091 -0.857736
    outer loop
      vertex 0 -0.666684 -4.49776
      vertex 30 -0.565676 -4.5583
      vertex 30 -0.666684 -4.49776
    endloop
  endfacet
  facet normal -0 -0.514091 -0.857736
    outer loop
      vertex 30 -0.565676 -4.5583
      vertex 0 -0.666684 -4.49776
      vertex 0 -0.565676 -4.5583
    endloop
  endfacet
  facet normal 0 -0.336941 -0.941526
    outer loop
      vertex 0 -0.45922 -4.60865
      vertex 30 -0.348341 -4.64833
      vertex 30 -0.45922 -4.60865
    endloop
  endfacet
  facet normal -0 -0.336941 -0.941526
    outer loop
      vertex 30 -0.348341 -4.64833
      vertex 0 -0.45922 -4.60865
      vertex 0 -0.348341 -4.64833
    endloop
  endfacet
  facet normal 0 -0.998795 0.0490821
    outer loop
      vertex 0 -1.2 -3.5
      vertex 30 -1.19422 -3.38238
      vertex 0 -1.19422 -3.38238
    endloop
  endfacet
  facet normal 0 -0.998795 0.0490821
    outer loop
      vertex 30 -1.19422 -3.38238
      vertex 0 -1.2 -3.5
      vertex 30 -1.2 -3.5
    endloop
  endfacet
  facet normal 0 -0.903995 0.427542
    outer loop
      vertex 0 -1.10865 -3.04078
      vertex 30 -1.0583 -2.93432
      vertex 0 -1.0583 -2.93432
    endloop
  endfacet
  facet normal 0 -0.903995 0.427542
    outer loop
      vertex 30 -1.0583 -2.93432
      vertex 0 -1.10865 -3.04078
      vertex 30 -1.10865 -3.04078
    endloop
  endfacet
  facet normal -0 0.146736 0.989176
    outer loop
      vertex 0 0.234108 -2.32306
      vertex 30 0.11762 -2.30578
      vertex 30 0.234108 -2.32306
    endloop
  endfacet
  facet normal 0 0.146736 0.989176
    outer loop
      vertex 30 0.11762 -2.30578
      vertex 0 0.234108 -2.32306
      vertex 0 0.11762 -2.30578
    endloop
  endfacet
  facet normal 0 0.970038 -0.242955
    outer loop
      vertex 30 1.14833 -3.84834
      vertex 0 1.17694 -3.73411
      vertex 30 1.17694 -3.73411
    endloop
  endfacet
  facet normal 0 0.970038 -0.242955
    outer loop
      vertex 0 1.17694 -3.73411
      vertex 30 1.14833 -3.84834
      vertex 0 1.14833 -3.84834
    endloop
  endfacet
  facet normal -0 0.595697 0.80321
    outer loop
      vertex 0 0.761271 -2.57239
      vertex 30 0.666684 -2.50224
      vertex 30 0.761271 -2.57239
    endloop
  endfacet
  facet normal 0 0.595697 0.80321
    outer loop
      vertex 30 0.666684 -2.50224
      vertex 0 0.761271 -2.57239
      vertex 0 0.666684 -2.50224
    endloop
  endfacet
endsolid OpenSCAD_Model
