solid OpenSCAD_Model
  facet normal 0.740952 0.671558 0
    outer loop
      vertex 2.31903 1.90318 0
      vertex 2.12132 2.12132 -18
      vertex 2.12132 2.12132 0
    endloop
  endfacet
  facet normal 0.740952 0.671558 0
    outer loop
      vertex 2.12132 2.12132 -18
      vertex 2.31903 1.90318 0
      vertex 2.31903 1.90318 -18
    endloop
  endfacet
  facet normal 0.989181 0.146703 0
    outer loop
      vertex 2.98555 0.294051 0
      vertex 2.94236 0.585271 -18
      vertex 2.94236 0.585271 0
    endloop
  endfacet
  facet normal 0.989181 0.146703 0
    outer loop
      vertex 2.94236 0.585271 -18
      vertex 2.98555 0.294051 0
      vertex 2.98555 0.294051 -18
    endloop
  endfacet
  facet normal 0.998795 0.0490819 0
    outer loop
      vertex 3 0 0
      vertex 2.98555 0.294051 -18
      vertex 2.98555 0.294051 0
    endloop
  endfacet
  facet normal 0.998795 0.0490819 0
    outer loop
      vertex 2.98555 0.294051 -18
      vertex 3 0 0
      vertex 3 0 -18
    endloop
  endfacet
  facet normal 0.970027 0.242998 0
    outer loop
      vertex 2.94236 0.585271 0
      vertex 2.87082 0.870853 -18
      vertex 2.87082 0.870853 0
    endloop
  endfacet
  facet normal 0.970027 0.242998 0
    outer loop
      vertex 2.87082 0.870853 -18
      vertex 2.94236 0.585271 0
      vertex 2.94236 0.585271 -18
    endloop
  endfacet
  facet normal 0.336882 -0.941547 0
    outer loop
      vertex 0.870853 -2.87082 -18
      vertex 1.14805 -2.77164 0
      vertex 0.870853 -2.87082 0
    endloop
  endfacet
  facet normal 0.336882 -0.941547 0
    outer loop
      vertex 1.14805 -2.77164 0
      vertex 0.870853 -2.87082 -18
      vertex 1.14805 -2.77164 -18
    endloop
  endfacet
  facet normal 0.857736 0.514091 0
    outer loop
      vertex 2.64576 1.41419 0
      vertex 2.49441 1.66671 -18
      vertex 2.49441 1.66671 0
    endloop
  endfacet
  facet normal 0.857736 0.514091 0
    outer loop
      vertex 2.49441 1.66671 -18
      vertex 2.64576 1.41419 0
      vertex 2.64576 1.41419 -18
    endloop
  endfacet
  facet normal 0.941547 0.336882 0
    outer loop
      vertex 2.87082 0.870853 0
      vertex 2.77164 1.14805 -18
      vertex 2.77164 1.14805 0
    endloop
  endfacet
  facet normal 0.941547 0.336882 0
    outer loop
      vertex 2.77164 1.14805 -18
      vertex 2.87082 0.870853 0
      vertex 2.87082 0.870853 -18
    endloop
  endfacet
  facet normal 0.242998 0.970027 -0
    outer loop
      vertex 0.870853 2.87082 -18
      vertex 0.585271 2.94236 0
      vertex 0.870853 2.87082 0
    endloop
  endfacet
  facet normal 0.242998 0.970027 0
    outer loop
      vertex 0.585271 2.94236 0
      vertex 0.870853 2.87082 -18
      vertex 0.585271 2.94236 -18
    endloop
  endfacet
  facet normal -0.740952 0.671558 0
    outer loop
      vertex -2.31903 1.90318 -18
      vertex -2.12132 2.12132 0
      vertex -2.12132 2.12132 -18
    endloop
  endfacet
  facet normal -0.740952 0.671558 0
    outer loop
      vertex -2.12132 2.12132 0
      vertex -2.31903 1.90318 -18
      vertex -2.31903 1.90318 0
    endloop
  endfacet
  facet normal 0.0490819 -0.998795 0
    outer loop
      vertex 0 -3 -18
      vertex 0.294051 -2.98555 0
      vertex 0 -3 0
    endloop
  endfacet
  facet normal 0.0490819 -0.998795 0
    outer loop
      vertex 0.294051 -2.98555 0
      vertex 0 -3 -18
      vertex 0.294051 -2.98555 -18
    endloop
  endfacet
  facet normal 0.427569 0.903983 -0
    outer loop
      vertex 1.41419 2.64576 -18
      vertex 1.14805 2.77164 0
      vertex 1.41419 2.64576 0
    endloop
  endfacet
  facet normal 0.427569 0.903983 0
    outer loop
      vertex 1.14805 2.77164 0
      vertex 1.41419 2.64576 -18
      vertex 1.14805 2.77164 -18
    endloop
  endfacet
  facet normal 0.671558 0.740952 -0
    outer loop
      vertex 2.12132 2.12132 -18
      vertex 1.90318 2.31903 0
      vertex 2.12132 2.12132 0
    endloop
  endfacet
  facet normal 0.671558 0.740952 0
    outer loop
      vertex 1.90318 2.31903 0
      vertex 2.12132 2.12132 -18
      vertex 1.90318 2.31903 -18
    endloop
  endfacet
  facet normal -0.595703 -0.803204 0
    outer loop
      vertex -1.90318 -2.31903 -18
      vertex -1.66671 -2.49441 0
      vertex -1.90318 -2.31903 0
    endloop
  endfacet
  facet normal -0.595703 -0.803204 -0
    outer loop
      vertex -1.66671 -2.49441 0
      vertex -1.90318 -2.31903 -18
      vertex -1.66671 -2.49441 -18
    endloop
  endfacet
  facet normal 0.242998 -0.970027 0
    outer loop
      vertex 0.585271 -2.94236 -18
      vertex 0.870853 -2.87082 0
      vertex 0.585271 -2.94236 0
    endloop
  endfacet
  facet normal 0.242998 -0.970027 0
    outer loop
      vertex 0.870853 -2.87082 0
      vertex 0.585271 -2.94236 -18
      vertex 0.870853 -2.87082 -18
    endloop
  endfacet
  facet normal 0.989181 -0.146703 0
    outer loop
      vertex 2.94236 -0.585271 0
      vertex 2.98555 -0.294051 -18
      vertex 2.98555 -0.294051 0
    endloop
  endfacet
  facet normal 0.989181 -0.146703 0
    outer loop
      vertex 2.98555 -0.294051 -18
      vertex 2.94236 -0.585271 0
      vertex 2.94236 -0.585271 -18
    endloop
  endfacet
  facet normal 0.514091 -0.857736 0
    outer loop
      vertex 1.41419 -2.64576 -18
      vertex 1.66671 -2.49441 0
      vertex 1.41419 -2.64576 0
    endloop
  endfacet
  facet normal 0.514091 -0.857736 0
    outer loop
      vertex 1.66671 -2.49441 0
      vertex 1.41419 -2.64576 -18
      vertex 1.66671 -2.49441 -18
    endloop
  endfacet
  facet normal -0.242998 -0.970027 0
    outer loop
      vertex -0.870853 -2.87082 -18
      vertex -0.585271 -2.94236 0
      vertex -0.870853 -2.87082 0
    endloop
  endfacet
  facet normal -0.242998 -0.970027 -0
    outer loop
      vertex -0.585271 -2.94236 0
      vertex -0.870853 -2.87082 -18
      vertex -0.585271 -2.94236 -18
    endloop
  endfacet
  facet normal -0.595703 0.803204 0
    outer loop
      vertex -1.66671 2.49441 -18
      vertex -1.90318 2.31903 0
      vertex -1.66671 2.49441 0
    endloop
  endfacet
  facet normal -0.595703 0.803204 0
    outer loop
      vertex -1.90318 2.31903 0
      vertex -1.66671 2.49441 -18
      vertex -1.90318 2.31903 -18
    endloop
  endfacet
  facet normal -0.998795 -0.0490819 0
    outer loop
      vertex -2.98555 -0.294051 -18
      vertex -3 0 0
      vertex -3 0 -18
    endloop
  endfacet
  facet normal -0.998795 -0.0490819 0
    outer loop
      vertex -3 0 0
      vertex -2.98555 -0.294051 -18
      vertex -2.98555 -0.294051 0
    endloop
  endfacet
  facet normal -0.970027 -0.242998 0
    outer loop
      vertex -2.87082 -0.870853 -18
      vertex -2.94236 -0.585271 0
      vertex -2.94236 -0.585271 -18
    endloop
  endfacet
  facet normal -0.970027 -0.242998 0
    outer loop
      vertex -2.94236 -0.585271 0
      vertex -2.87082 -0.870853 -18
      vertex -2.87082 -0.870853 0
    endloop
  endfacet
  facet normal 0.970027 -0.242998 0
    outer loop
      vertex 2.87082 -0.870853 0
      vertex 2.94236 -0.585271 -18
      vertex 2.94236 -0.585271 0
    endloop
  endfacet
  facet normal 0.970027 -0.242998 0
    outer loop
      vertex 2.94236 -0.585271 -18
      vertex 2.87082 -0.870853 0
      vertex 2.87082 -0.870853 -18
    endloop
  endfacet
  facet normal -0.514091 0.857736 0
    outer loop
      vertex -1.41419 2.64576 -18
      vertex -1.66671 2.49441 0
      vertex -1.41419 2.64576 0
    endloop
  endfacet
  facet normal -0.514091 0.857736 0
    outer loop
      vertex -1.66671 2.49441 0
      vertex -1.41419 2.64576 -18
      vertex -1.66671 2.49441 -18
    endloop
  endfacet
  facet normal 0.595703 0.803204 -0
    outer loop
      vertex 1.90318 2.31903 -18
      vertex 1.66671 2.49441 0
      vertex 1.90318 2.31903 0
    endloop
  endfacet
  facet normal 0.595703 0.803204 0
    outer loop
      vertex 1.66671 2.49441 0
      vertex 1.90318 2.31903 -18
      vertex 1.66671 2.49441 -18
    endloop
  endfacet
  facet normal -0.903983 -0.427569 0
    outer loop
      vertex -2.64576 -1.41419 -18
      vertex -2.77164 -1.14805 0
      vertex -2.77164 -1.14805 -18
    endloop
  endfacet
  facet normal -0.903983 -0.427569 0
    outer loop
      vertex -2.77164 -1.14805 0
      vertex -2.64576 -1.41419 -18
      vertex -2.64576 -1.41419 0
    endloop
  endfacet
  facet normal 0.941547 -0.336882 0
    outer loop
      vertex 2.77164 -1.14805 0
      vertex 2.87082 -0.870853 -18
      vertex 2.87082 -0.870853 0
    endloop
  endfacet
  facet normal 0.941547 -0.336882 0
    outer loop
      vertex 2.87082 -0.870853 -18
      vertex 2.77164 -1.14805 0
      vertex 2.77164 -1.14805 -18
    endloop
  endfacet
  facet normal 0.146703 0.989181 -0
    outer loop
      vertex 0.585271 2.94236 -18
      vertex 0.294051 2.98555 0
      vertex 0.585271 2.94236 0
    endloop
  endfacet
  facet normal 0.146703 0.989181 0
    outer loop
      vertex 0.294051 2.98555 0
      vertex 0.585271 2.94236 -18
      vertex 0.294051 2.98555 -18
    endloop
  endfacet
  facet normal -0.427569 0.903983 0
    outer loop
      vertex -1.14805 2.77164 -18
      vertex -1.41419 2.64576 0
      vertex -1.14805 2.77164 0
    endloop
  endfacet
  facet normal -0.427569 0.903983 0
    outer loop
      vertex -1.41419 2.64576 0
      vertex -1.14805 2.77164 -18
      vertex -1.41419 2.64576 -18
    endloop
  endfacet
  facet normal 0.514091 0.857736 -0
    outer loop
      vertex 1.66671 2.49441 -18
      vertex 1.41419 2.64576 0
      vertex 1.66671 2.49441 0
    endloop
  endfacet
  facet normal 0.514091 0.857736 0
    outer loop
      vertex 1.41419 2.64576 0
      vertex 1.66671 2.49441 -18
      vertex 1.41419 2.64576 -18
    endloop
  endfacet
  facet normal 0.427569 -0.903983 0
    outer loop
      vertex 1.14805 -2.77164 -18
      vertex 1.41419 -2.64576 0
      vertex 1.14805 -2.77164 0
    endloop
  endfacet
  facet normal 0.427569 -0.903983 0
    outer loop
      vertex 1.41419 -2.64576 0
      vertex 1.14805 -2.77164 -18
      vertex 1.41419 -2.64576 -18
    endloop
  endfacet
  facet normal -0.941547 -0.336882 0
    outer loop
      vertex -2.77164 -1.14805 -18
      vertex -2.87082 -0.870853 0
      vertex -2.87082 -0.870853 -18
    endloop
  endfacet
  facet normal -0.941547 -0.336882 0
    outer loop
      vertex -2.87082 -0.870853 0
      vertex -2.77164 -1.14805 -18
      vertex -2.77164 -1.14805 0
    endloop
  endfacet
  facet normal 0.857736 -0.514091 0
    outer loop
      vertex 2.49441 -1.66671 0
      vertex 2.64576 -1.41419 -18
      vertex 2.64576 -1.41419 0
    endloop
  endfacet
  facet normal 0.857736 -0.514091 0
    outer loop
      vertex 2.64576 -1.41419 -18
      vertex 2.49441 -1.66671 0
      vertex 2.49441 -1.66671 -18
    endloop
  endfacet
  facet normal 0.903983 -0.427569 0
    outer loop
      vertex 2.64576 -1.41419 0
      vertex 2.77164 -1.14805 -18
      vertex 2.77164 -1.14805 0
    endloop
  endfacet
  facet normal 0.903983 -0.427569 0
    outer loop
      vertex 2.77164 -1.14805 -18
      vertex 2.64576 -1.41419 0
      vertex 2.64576 -1.41419 -18
    endloop
  endfacet
  facet normal 0.998795 -0.0490819 0
    outer loop
      vertex 2.98555 -0.294051 0
      vertex 3 0 -18
      vertex 3 0 0
    endloop
  endfacet
  facet normal 0.998795 -0.0490819 0
    outer loop
      vertex 3 0 -18
      vertex 2.98555 -0.294051 0
      vertex 2.98555 -0.294051 -18
    endloop
  endfacet
  facet normal -0.146703 0.989181 0
    outer loop
      vertex -0.294051 2.98555 -18
      vertex -0.585271 2.94236 0
      vertex -0.294051 2.98555 0
    endloop
  endfacet
  facet normal -0.146703 0.989181 0
    outer loop
      vertex -0.585271 2.94236 0
      vertex -0.294051 2.98555 -18
      vertex -0.585271 2.94236 -18
    endloop
  endfacet
  facet normal 0.146703 -0.989181 0
    outer loop
      vertex 0.294051 -2.98555 -18
      vertex 0.585271 -2.94236 0
      vertex 0.294051 -2.98555 0
    endloop
  endfacet
  facet normal 0.146703 -0.989181 0
    outer loop
      vertex 0.585271 -2.94236 0
      vertex 0.294051 -2.98555 -18
      vertex 0.585271 -2.94236 -18
    endloop
  endfacet
  facet normal 0.740952 -0.671558 0
    outer loop
      vertex 2.12132 -2.12132 0
      vertex 2.31903 -1.90318 -18
      vertex 2.31903 -1.90318 0
    endloop
  endfacet
  facet normal 0.740952 -0.671558 0
    outer loop
      vertex 2.31903 -1.90318 -18
      vertex 2.12132 -2.12132 0
      vertex 2.12132 -2.12132 -18
    endloop
  endfacet
  facet normal 0.803204 -0.595703 0
    outer loop
      vertex 2.31903 -1.90318 0
      vertex 2.49441 -1.66671 -18
      vertex 2.49441 -1.66671 0
    endloop
  endfacet
  facet normal 0.803204 -0.595703 0
    outer loop
      vertex 2.49441 -1.66671 -18
      vertex 2.31903 -1.90318 0
      vertex 2.31903 -1.90318 -18
    endloop
  endfacet
  facet normal -0.242998 0.970027 0
    outer loop
      vertex -0.585271 2.94236 -18
      vertex -0.870853 2.87082 0
      vertex -0.585271 2.94236 0
    endloop
  endfacet
  facet normal -0.242998 0.970027 0
    outer loop
      vertex -0.870853 2.87082 0
      vertex -0.585271 2.94236 -18
      vertex -0.870853 2.87082 -18
    endloop
  endfacet
  facet normal 0.803204 0.595703 0
    outer loop
      vertex 2.49441 1.66671 0
      vertex 2.31903 1.90318 -18
      vertex 2.31903 1.90318 0
    endloop
  endfacet
  facet normal 0.803204 0.595703 0
    outer loop
      vertex 2.31903 1.90318 -18
      vertex 2.49441 1.66671 0
      vertex 2.49441 1.66671 -18
    endloop
  endfacet
  facet normal 0.0490819 0.998795 -0
    outer loop
      vertex 0.294051 2.98555 -18
      vertex 0 3 0
      vertex 0.294051 2.98555 0
    endloop
  endfacet
  facet normal 0.0490819 0.998795 0
    outer loop
      vertex 0 3 0
      vertex 0.294051 2.98555 -18
      vertex 0 3 -18
    endloop
  endfacet
  facet normal 0.903983 0.427569 0
    outer loop
      vertex 2.77164 1.14805 0
      vertex 2.64576 1.41419 -18
      vertex 2.64576 1.41419 0
    endloop
  endfacet
  facet normal 0.903983 0.427569 0
    outer loop
      vertex 2.64576 1.41419 -18
      vertex 2.77164 1.14805 0
      vertex 2.77164 1.14805 -18
    endloop
  endfacet
  facet normal -0.857736 0.514091 0
    outer loop
      vertex -2.64576 1.41419 -18
      vertex -2.49441 1.66671 0
      vertex -2.49441 1.66671 -18
    endloop
  endfacet
  facet normal -0.857736 0.514091 0
    outer loop
      vertex -2.49441 1.66671 0
      vertex -2.64576 1.41419 -18
      vertex -2.64576 1.41419 0
    endloop
  endfacet
  facet normal -0.671558 0.740952 0
    outer loop
      vertex -1.90318 2.31903 -18
      vertex -2.12132 2.12132 0
      vertex -1.90318 2.31903 0
    endloop
  endfacet
  facet normal -0.671558 0.740952 0
    outer loop
      vertex -2.12132 2.12132 0
      vertex -1.90318 2.31903 -18
      vertex -2.12132 2.12132 -18
    endloop
  endfacet
  facet normal -0.857736 -0.514091 0
    outer loop
      vertex -2.49441 -1.66671 -18
      vertex -2.64576 -1.41419 0
      vertex -2.64576 -1.41419 -18
    endloop
  endfacet
  facet normal -0.857736 -0.514091 0
    outer loop
      vertex -2.64576 -1.41419 0
      vertex -2.49441 -1.66671 -18
      vertex -2.49441 -1.66671 0
    endloop
  endfacet
  facet normal -0.427569 -0.903983 0
    outer loop
      vertex -1.41419 -2.64576 -18
      vertex -1.14805 -2.77164 0
      vertex -1.41419 -2.64576 0
    endloop
  endfacet
  facet normal -0.427569 -0.903983 -0
    outer loop
      vertex -1.14805 -2.77164 0
      vertex -1.41419 -2.64576 -18
      vertex -1.14805 -2.77164 -18
    endloop
  endfacet
  facet normal -0.740952 -0.671558 0
    outer loop
      vertex -2.12132 -2.12132 -18
      vertex -2.31903 -1.90318 0
      vertex -2.31903 -1.90318 -18
    endloop
  endfacet
  facet normal -0.740952 -0.671558 0
    outer loop
      vertex -2.31903 -1.90318 0
      vertex -2.12132 -2.12132 -18
      vertex -2.12132 -2.12132 0
    endloop
  endfacet
  facet normal -0.336882 0.941547 0
    outer loop
      vertex -0.870853 2.87082 -18
      vertex -1.14805 2.77164 0
      vertex -0.870853 2.87082 0
    endloop
  endfacet
  facet normal -0.336882 0.941547 0
    outer loop
      vertex -1.14805 2.77164 0
      vertex -0.870853 2.87082 -18
      vertex -1.14805 2.77164 -18
    endloop
  endfacet
  facet normal -0.514091 -0.857736 0
    outer loop
      vertex -1.66671 -2.49441 -18
      vertex -1.41419 -2.64576 0
      vertex -1.66671 -2.49441 0
    endloop
  endfacet
  facet normal -0.514091 -0.857736 -0
    outer loop
      vertex -1.41419 -2.64576 0
      vertex -1.66671 -2.49441 -18
      vertex -1.41419 -2.64576 -18
    endloop
  endfacet
  facet normal 0.595703 -0.803204 0
    outer loop
      vertex 1.66671 -2.49441 -18
      vertex 1.90318 -2.31903 0
      vertex 1.66671 -2.49441 0
    endloop
  endfacet
  facet normal 0.595703 -0.803204 0
    outer loop
      vertex 1.90318 -2.31903 0
      vertex 1.66671 -2.49441 -18
      vertex 1.90318 -2.31903 -18
    endloop
  endfacet
  facet normal -0.0490819 0.998795 0
    outer loop
      vertex 0 3 -18
      vertex -0.294051 2.98555 0
      vertex 0 3 0
    endloop
  endfacet
  facet normal -0.0490819 0.998795 0
    outer loop
      vertex -0.294051 2.98555 0
      vertex 0 3 -18
      vertex -0.294051 2.98555 -18
    endloop
  endfacet
  facet normal -0.970027 0.242998 0
    outer loop
      vertex -2.94236 0.585271 -18
      vertex -2.87082 0.870853 0
      vertex -2.87082 0.870853 -18
    endloop
  endfacet
  facet normal -0.970027 0.242998 0
    outer loop
      vertex -2.87082 0.870853 0
      vertex -2.94236 0.585271 -18
      vertex -2.94236 0.585271 0
    endloop
  endfacet
  facet normal -0.941547 0.336882 0
    outer loop
      vertex -2.87082 0.870853 -18
      vertex -2.77164 1.14805 0
      vertex -2.77164 1.14805 -18
    endloop
  endfacet
  facet normal -0.941547 0.336882 0
    outer loop
      vertex -2.77164 1.14805 0
      vertex -2.87082 0.870853 -18
      vertex -2.87082 0.870853 0
    endloop
  endfacet
  facet normal 0.336882 0.941547 -0
    outer loop
      vertex 1.14805 2.77164 -18
      vertex 0.870853 2.87082 0
      vertex 1.14805 2.77164 0
    endloop
  endfacet
  facet normal 0.336882 0.941547 0
    outer loop
      vertex 0.870853 2.87082 0
      vertex 1.14805 2.77164 -18
      vertex 0.870853 2.87082 -18
    endloop
  endfacet
  facet normal -0.803204 -0.595703 0
    outer loop
      vertex -2.31903 -1.90318 -18
      vertex -2.49441 -1.66671 0
      vertex -2.49441 -1.66671 -18
    endloop
  endfacet
  facet normal -0.803204 -0.595703 0
    outer loop
      vertex -2.49441 -1.66671 0
      vertex -2.31903 -1.90318 -18
      vertex -2.31903 -1.90318 0
    endloop
  endfacet
  facet normal -0.989181 -0.146703 0
    outer loop
      vertex -2.94236 -0.585271 -18
      vertex -2.98555 -0.294051 0
      vertex -2.98555 -0.294051 -18
    endloop
  endfacet
  facet normal -0.989181 -0.146703 0
    outer loop
      vertex -2.98555 -0.294051 0
      vertex -2.94236 -0.585271 -18
      vertex -2.94236 -0.585271 0
    endloop
  endfacet
  facet normal -0.903983 0.427569 0
    outer loop
      vertex -2.77164 1.14805 -18
      vertex -2.64576 1.41419 0
      vertex -2.64576 1.41419 -18
    endloop
  endfacet
  facet normal -0.903983 0.427569 0
    outer loop
      vertex -2.64576 1.41419 0
      vertex -2.77164 1.14805 -18
      vertex -2.77164 1.14805 0
    endloop
  endfacet
  facet normal 0 0 -1
    outer loop
      vertex 2.98555 -0.294051 -18
      vertex 2.98555 0.294051 -18
      vertex 3 0 -18
    endloop
  endfacet
  facet normal 0 0 -1
    outer loop
      vertex 2.94236 -0.585271 -18
      vertex 2.98555 0.294051 -18
      vertex 2.98555 -0.294051 -18
    endloop
  endfacet
  facet normal 0 0 -1
    outer loop
      vertex 2.94236 -0.585271 -18
      vertex 2.94236 0.585271 -18
      vertex 2.98555 0.294051 -18
    endloop
  endfacet
  facet normal 0 0 -1
    outer loop
      vertex 2.87082 -0.870853 -18
      vertex 2.94236 0.585271 -18
      vertex 2.94236 -0.585271 -18
    endloop
  endfacet
  facet normal 0 0 -1
    outer loop
      vertex 2.87082 -0.870853 -18
      vertex 2.87082 0.870853 -18
      vertex 2.94236 0.585271 -18
    endloop
  endfacet
  facet normal 0 0 -1
    outer loop
      vertex 2.77164 -1.14805 -18
      vertex 2.87082 0.870853 -18
      vertex 2.87082 -0.870853 -18
    endloop
  endfacet
  facet normal 0 0 -1
    outer loop
      vertex 2.77164 -1.14805 -18
      vertex 2.77164 1.14805 -18
      vertex 2.87082 0.870853 -18
    endloop
  endfacet
  facet normal 0 0 -1
    outer loop
      vertex 2.64576 -1.41419 -18
      vertex 2.77164 1.14805 -18
      vertex 2.77164 -1.14805 -18
    endloop
  endfacet
  facet normal 0 0 -1
    outer loop
      vertex 2.64576 -1.41419 -18
      vertex 2.64576 1.41419 -18
      vertex 2.77164 1.14805 -18
    endloop
  endfacet
  facet normal 0 0 -1
    outer loop
      vertex 2.49441 -1.66671 -18
      vertex 2.64576 1.41419 -18
      vertex 2.64576 -1.41419 -18
    endloop
  endfacet
  facet normal 0 0 -1
    outer loop
      vertex 2.49441 -1.66671 -18
      vertex 2.49441 1.66671 -18
      vertex 2.64576 1.41419 -18
    endloop
  endfacet
  facet normal 0 0 -1
    outer loop
      vertex 2.31903 -1.90318 -18
      vertex 2.49441 1.66671 -18
      vertex 2.49441 -1.66671 -18
    endloop
  endfacet
  facet normal 0 0 -1
    outer loop
      vertex 2.31903 -1.90318 -18
      vertex 2.31903 1.90318 -18
      vertex 2.49441 1.66671 -18
    endloop
  endfacet
  facet normal 0 0 -1
    outer loop
      vertex 2.12132 -2.12132 -18
      vertex 2.31903 1.90318 -18
      vertex 2.31903 -1.90318 -18
    endloop
  endfacet
  facet normal 0 0 -1
    outer loop
      vertex 2.12132 -2.12132 -18
      vertex 2.12132 2.12132 -18
      vertex 2.31903 1.90318 -18
    endloop
  endfacet
  facet normal 0 0 -1
    outer loop
      vertex 1.90318 -2.31903 -18
      vertex 2.12132 2.12132 -18
      vertex 2.12132 -2.12132 -18
    endloop
  endfacet
  facet normal 0 0 -1
    outer loop
      vertex 1.90318 -2.31903 -18
      vertex 1.90318 2.31903 -18
      vertex 2.12132 2.12132 -18
    endloop
  endfacet
  facet normal 0 0 -1
    outer loop
      vertex 1.66671 -2.49441 -18
      vertex 1.90318 2.31903 -18
      vertex 1.90318 -2.31903 -18
    endloop
  endfacet
  facet normal 0 0 -1
    outer loop
      vertex 1.66671 -2.49441 -18
      vertex 1.66671 2.49441 -18
      vertex 1.90318 2.31903 -18
    endloop
  endfacet
  facet normal 0 0 -1
    outer loop
      vertex 1.41419 -2.64576 -18
      vertex 1.66671 2.49441 -18
      vertex 1.66671 -2.49441 -18
    endloop
  endfacet
  facet normal 0 0 -1
    outer loop
      vertex 1.41419 -2.64576 -18
      vertex 1.41419 2.64576 -18
      vertex 1.66671 2.49441 -18
    endloop
  endfacet
  facet normal 0 0 -1
    outer loop
      vertex 1.14805 -2.77164 -18
      vertex 1.41419 2.64576 -18
      vertex 1.41419 -2.64576 -18
    endloop
  endfacet
  facet normal 0 0 -1
    outer loop
      vertex 1.14805 -2.77164 -18
      vertex 1.14805 2.77164 -18
      vertex 1.41419 2.64576 -18
    endloop
  endfacet
  facet normal 0 0 -1
    outer loop
      vertex 0.870853 -2.87082 -18
      vertex 1.14805 2.77164 -18
      vertex 1.14805 -2.77164 -18
    endloop
  endfacet
  facet normal 0 0 -1
    outer loop
      vertex 0.870853 -2.87082 -18
      vertex 0.870853 2.87082 -18
      vertex 1.14805 2.77164 -18
    endloop
  endfacet
  facet normal 0 0 -1
    outer loop
      vertex 0.585271 -2.94236 -18
      vertex 0.870853 2.87082 -18
      vertex 0.870853 -2.87082 -18
    endloop
  endfacet
  facet normal 0 0 -1
    outer loop
      vertex 0.585271 -2.94236 -18
      vertex 0.585271 2.94236 -18
      vertex 0.870853 2.87082 -18
    endloop
  endfacet
  facet normal 0 0 -1
    outer loop
      vertex 0.294051 -2.98555 -18
      vertex 0.585271 2.94236 -18
      vertex 0.585271 -2.94236 -18
    endloop
  endfacet
  facet normal 0 0 -1
    outer loop
      vertex 0.294051 -2.98555 -18
      vertex 0.294051 2.98555 -18
      vertex 0.585271 2.94236 -18
    endloop
  endfacet
  facet normal 0 0 -1
    outer loop
      vertex 0 -3 -18
      vertex 0.294051 2.98555 -18
      vertex 0.294051 -2.98555 -18
    endloop
  endfacet
  facet normal 0 0 -1
    outer loop
      vertex 0 -3 -18
      vertex 0 3 -18
      vertex 0.294051 2.98555 -18
    endloop
  endfacet
  facet normal 0 0 -1
    outer loop
      vertex -0.294051 -2.98555 -18
      vertex 0 3 -18
      vertex 0 -3 -18
    endloop
  endfacet
  facet normal 0 0 -1
    outer loop
      vertex -0.294051 -2.98555 -18
      vertex -0.294051 2.98555 -18
      vertex 0 3 -18
    endloop
  endfacet
  facet normal 0 0 -1
    outer loop
      vertex -0.585271 -2.94236 -18
      vertex -0.294051 2.98555 -18
      vertex -0.294051 -2.98555 -18
    endloop
  endfacet
  facet normal 0 0 -1
    outer loop
      vertex -0.585271 -2.94236 -18
      vertex -0.585271 2.94236 -18
      vertex -0.294051 2.98555 -18
    endloop
  endfacet
  facet normal 0 0 -1
    outer loop
      vertex -0.870853 -2.87082 -18
      vertex -0.585271 2.94236 -18
      vertex -0.585271 -2.94236 -18
    endloop
  endfacet
  facet normal 0 0 -1
    outer loop
      vertex -0.870853 -2.87082 -18
      vertex -0.870853 2.87082 -18
      vertex -0.585271 2.94236 -18
    endloop
  endfacet
  facet normal 0 0 -1
    outer loop
      vertex -1.14805 -2.77164 -18
      vertex -0.870853 2.87082 -18
      vertex -0.870853 -2.87082 -18
    endloop
  endfacet
  facet normal 0 0 -1
    outer loop
      vertex -1.14805 -2.77164 -18
      vertex -1.14805 2.77164 -18
      vertex -0.870853 2.87082 -18
    endloop
  endfacet
  facet normal 0 0 -1
    outer loop
      vertex -1.41419 -2.64576 -18
      vertex -1.14805 2.77164 -18
      vertex -1.14805 -2.77164 -18
    endloop
  endfacet
  facet normal 0 0 -1
    outer loop
      vertex -1.41419 -2.64576 -18
      vertex -1.41419 2.64576 -18
      vertex -1.14805 2.77164 -18
    endloop
  endfacet
  facet normal 0 0 -1
    outer loop
      vertex -1.66671 -2.49441 -18
      vertex -1.41419 2.64576 -18
      vertex -1.41419 -2.64576 -18
    endloop
  endfacet
  facet normal 0 0 -1
    outer loop
      vertex -1.66671 -2.49441 -18
      vertex -1.66671 2.49441 -18
      vertex -1.41419 2.64576 -18
    endloop
  endfacet
  facet normal 0 0 -1
    outer loop
      vertex -1.90318 -2.31903 -18
      vertex -1.66671 2.49441 -18
      vertex -1.66671 -2.49441 -18
    endloop
  endfacet
  facet normal 0 0 -1
    outer loop
      vertex -1.90318 -2.31903 -18
      vertex -1.90318 2.31903 -18
      vertex -1.66671 2.49441 -18
    endloop
  endfacet
  facet normal 0 0 -1
    outer loop
      vertex -2.12132 -2.12132 -18
      vertex -1.90318 2.31903 -18
      vertex -1.90318 -2.31903 -18
    endloop
  endfacet
  facet normal 0 0 -1
    outer loop
      vertex -2.12132 -2.12132 -18
      vertex -2.12132 2.12132 -18
      vertex -1.90318 2.31903 -18
    endloop
  endfacet
  facet normal 0 0 -1
    outer loop
      vertex -2.31903 -1.90318 -18
      vertex -2.12132 2.12132 -18
      vertex -2.12132 -2.12132 -18
    endloop
  endfacet
  facet normal 0 0 -1
    outer loop
      vertex -2.31903 -1.90318 -18
      vertex -2.31903 1.90318 -18
      vertex -2.12132 2.12132 -18
    endloop
  endfacet
  facet normal 0 0 -1
    outer loop
      vertex -2.49441 -1.66671 -18
      vertex -2.31903 1.90318 -18
      vertex -2.31903 -1.90318 -18
    endloop
  endfacet
  facet normal 0 0 -1
    outer loop
      vertex -2.49441 -1.66671 -18
      vertex -2.49441 1.66671 -18
      vertex -2.31903 1.90318 -18
    endloop
  endfacet
  facet normal 0 0 -1
    outer loop
      vertex -2.64576 -1.41419 -18
      vertex -2.49441 1.66671 -18
      vertex -2.49441 -1.66671 -18
    endloop
  endfacet
  facet normal 0 0 -1
    outer loop
      vertex -2.64576 -1.41419 -18
      vertex -2.64576 1.41419 -18
      vertex -2.49441 1.66671 -18
    endloop
  endfacet
  facet normal 0 0 -1
    outer loop
      vertex -2.77164 -1.14805 -18
      vertex -2.64576 1.41419 -18
      vertex -2.64576 -1.41419 -18
    endloop
  endfacet
  facet normal 0 0 -1
    outer loop
      vertex -2.77164 -1.14805 -18
      vertex -2.77164 1.14805 -18
      vertex -2.64576 1.41419 -18
    endloop
  endfacet
  facet normal 0 0 -1
    outer loop
      vertex -2.87082 -0.870853 -18
      vertex -2.77164 1.14805 -18
      vertex -2.77164 -1.14805 -18
    endloop
  endfacet
  facet normal 0 0 -1
    outer loop
      vertex -2.87082 -0.870853 -18
      vertex -2.87082 0.870853 -18
      vertex -2.77164 1.14805 -18
    endloop
  endfacet
  facet normal 0 0 -1
    outer loop
      vertex -2.94236 -0.585271 -18
      vertex -2.87082 0.870853 -18
      vertex -2.87082 -0.870853 -18
    endloop
  endfacet
  facet normal 0 0 -1
    outer loop
      vertex -2.94236 -0.585271 -18
      vertex -2.94236 0.585271 -18
      vertex -2.87082 0.870853 -18
    endloop
  endfacet
  facet normal 0 0 -1
    outer loop
      vertex -2.98555 -0.294051 -18
      vertex -2.94236 0.585271 -18
      vertex -2.94236 -0.585271 -18
    endloop
  endfacet
  facet normal 0 0 -1
    outer loop
      vertex -2.98555 -0.294051 -18
      vertex -2.98555 0.294051 -18
      vertex -2.94236 0.585271 -18
    endloop
  endfacet
  facet normal 0 -0 -1
    outer loop
      vertex -2.98555 0.294051 -18
      vertex -2.98555 -0.294051 -18
      vertex -3 0 -18
    endloop
  endfacet
  facet normal -0.671558 -0.740952 0
    outer loop
      vertex -2.12132 -2.12132 -18
      vertex -1.90318 -2.31903 0
      vertex -2.12132 -2.12132 0
    endloop
  endfacet
  facet normal -0.671558 -0.740952 -0
    outer loop
      vertex -1.90318 -2.31903 0
      vertex -2.12132 -2.12132 -18
      vertex -1.90318 -2.31903 -18
    endloop
  endfacet
  facet normal -0.803204 0.595703 0
    outer loop
      vertex -2.49441 1.66671 -18
      vertex -2.31903 1.90318 0
      vertex -2.31903 1.90318 -18
    endloop
  endfacet
  facet normal -0.803204 0.595703 0
    outer loop
      vertex -2.31903 1.90318 0
      vertex -2.49441 1.66671 -18
      vertex -2.49441 1.66671 0
    endloop
  endfacet
  facet normal -0.0490819 -0.998795 0
    outer loop
      vertex -0.294051 -2.98555 -18
      vertex 0 -3 0
      vertex -0.294051 -2.98555 0
    endloop
  endfacet
  facet normal -0.0490819 -0.998795 -0
    outer loop
      vertex 0 -3 0
      vertex -0.294051 -2.98555 -18
      vertex 0 -3 -18
    endloop
  endfacet
  facet normal -0.146703 -0.989181 0
    outer loop
      vertex -0.585271 -2.94236 -18
      vertex -0.294051 -2.98555 0
      vertex -0.585271 -2.94236 0
    endloop
  endfacet
  facet normal -0.146703 -0.989181 -0
    outer loop
      vertex -0.294051 -2.98555 0
      vertex -0.585271 -2.94236 -18
      vertex -0.294051 -2.98555 -18
    endloop
  endfacet
  facet normal -0.989181 0.146703 0
    outer loop
      vertex -2.98555 0.294051 -18
      vertex -2.94236 0.585271 0
      vertex -2.94236 0.585271 -18
    endloop
  endfacet
  facet normal -0.989181 0.146703 0
    outer loop
      vertex -2.94236 0.585271 0
      vertex -2.98555 0.294051 -18
      vertex -2.98555 0.294051 0
    endloop
  endfacet
  facet normal -0.998795 0.0490819 0
    outer loop
      vertex -3 0 -18
      vertex -2.98555 0.294051 0
      vertex -2.98555 0.294051 -18
    endloop
  endfacet
  facet normal -0.998795 0.0490819 0
    outer loop
      vertex -2.98555 0.294051 0
      vertex -3 0 -18
      vertex -3 0 0
    endloop
  endfacet
  facet normal -0.336882 -0.941547 0
    outer loop
      vertex -1.14805 -2.77164 -18
      vertex -0.870853 -2.87082 0
      vertex -1.14805 -2.77164 0
    endloop
  endfacet
  facet normal -0.336882 -0.941547 -0
    outer loop
      vertex -0.870853 -2.87082 0
      vertex -1.14805 -2.77164 -18
      vertex -0.870853 -2.87082 -18
    endloop
  endfacet
  facet normal 0.671558 -0.740952 0
    outer loop
      vertex 1.90318 -2.31903 -18
      vertex 2.12132 -2.12132 0
      vertex 1.90318 -2.31903 0
    endloop
  endfacet
  facet normal 0.671558 -0.740952 0
    outer loop
      vertex 2.12132 -2.12132 0
      vertex 1.90318 -2.31903 -18
      vertex 2.12132 -2.12132 -18
    endloop
  endfacet
  facet normal 0 0 1
    outer loop
      vertex 2.98555 0.294051 0
      vertex 2.99639 0 0
      vertex 3 0 0
    endloop
  endfacet
  facet normal 0 0 1
    outer loop
      vertex 2.98555 0.294051 0
      vertex 2.98196 0.293696 0
      vertex 2.99639 0 0
    endloop
  endfacet
  facet normal 0 0 1
    outer loop
      vertex 2.94236 0.585271 0
      vertex 2.98196 0.293696 0
      vertex 2.98555 0.294051 0
    endloop
  endfacet
  facet normal 0 0 1
    outer loop
      vertex 2.94236 0.585271 0
      vertex 2.93881 0.584565 0
      vertex 2.98196 0.293696 0
    endloop
  endfacet
  facet normal 0 0 1
    outer loop
      vertex 2.87082 0.870853 0
      vertex 2.93881 0.584565 0
      vertex 2.94236 0.585271 0
    endloop
  endfacet
  facet normal 0 0 1
    outer loop
      vertex 2.87082 0.870853 0
      vertex 2.86736 0.869804 0
      vertex 2.93881 0.584565 0
    endloop
  endfacet
  facet normal 0 0 1
    outer loop
      vertex 2.77164 1.14805 0
      vertex 2.86736 0.869804 0
      vertex 2.87082 0.870853 0
    endloop
  endfacet
  facet normal 0 0 1
    outer loop
      vertex 2.77164 1.14805 0
      vertex 2.7683 1.14667 0
      vertex 2.86736 0.869804 0
    endloop
  endfacet
  facet normal 0 0 1
    outer loop
      vertex 2.64576 1.41419 0
      vertex 2.7683 1.14667 0
      vertex 2.77164 1.14805 0
    endloop
  endfacet
  facet normal 0 0 1
    outer loop
      vertex 2.64576 1.41419 0
      vertex 2.64258 1.41249 0
      vertex 2.7683 1.14667 0
    endloop
  endfacet
  facet normal 0 0 1
    outer loop
      vertex 2.49441 1.66671 0
      vertex 2.64258 1.41249 0
      vertex 2.64576 1.41419 0
    endloop
  endfacet
  facet normal 0 0 1
    outer loop
      vertex 2.49441 1.66671 0
      vertex 2.4914 1.6647 0
      vertex 2.64258 1.41249 0
    endloop
  endfacet
  facet normal 0 0 1
    outer loop
      vertex 2.31903 1.90318 0
      vertex 2.4914 1.6647 0
      vertex 2.49441 1.66671 0
    endloop
  endfacet
  facet normal 0 0 1
    outer loop
      vertex 2.31903 1.90318 0
      vertex 2.31624 1.90089 0
      vertex 2.4914 1.6647 0
    endloop
  endfacet
  facet normal 0 0 1
    outer loop
      vertex 2.12132 2.12132 0
      vertex 2.31624 1.90089 0
      vertex 2.31903 1.90318 0
    endloop
  endfacet
  facet normal 0 0 1
    outer loop
      vertex 2.12132 2.12132 0
      vertex 2.11876 2.11876 0
      vertex 2.31624 1.90089 0
    endloop
  endfacet
  facet normal 0 0 1
    outer loop
      vertex 1.90318 2.31903 0
      vertex 2.11876 2.11876 0
      vertex 2.12132 2.12132 0
    endloop
  endfacet
  facet normal 0 0 1
    outer loop
      vertex 1.90318 2.31903 0
      vertex 1.90089 2.31624 0
      vertex 2.11876 2.11876 0
    endloop
  endfacet
  facet normal 0 0 1
    outer loop
      vertex 1.66671 2.49441 0
      vertex 1.90089 2.31624 0
      vertex 1.90318 2.31903 0
    endloop
  endfacet
  facet normal 0 0 1
    outer loop
      vertex 1.66671 2.49441 0
      vertex 1.6647 2.4914 0
      vertex 1.90089 2.31624 0
    endloop
  endfacet
  facet normal 0 0 1
    outer loop
      vertex 1.41419 2.64576 0
      vertex 1.6647 2.4914 0
      vertex 1.66671 2.49441 0
    endloop
  endfacet
  facet normal 0 0 1
    outer loop
      vertex 1.41419 2.64576 0
      vertex 1.41249 2.64258 0
      vertex 1.6647 2.4914 0
    endloop
  endfacet
  facet normal 0 0 1
    outer loop
      vertex 1.14805 2.77164 0
      vertex 1.41249 2.64258 0
      vertex 1.41419 2.64576 0
    endloop
  endfacet
  facet normal 0 0 1
    outer loop
      vertex 1.14805 2.77164 0
      vertex 1.14667 2.7683 0
      vertex 1.41249 2.64258 0
    endloop
  endfacet
  facet normal 0 0 1
    outer loop
      vertex 0.870853 2.87082 0
      vertex 1.14667 2.7683 0
      vertex 1.14805 2.77164 0
    endloop
  endfacet
  facet normal 0 0 1
    outer loop
      vertex 0.870853 2.87082 0
      vertex 0.869804 2.86736 0
      vertex 1.14667 2.7683 0
    endloop
  endfacet
  facet normal 0 0 1
    outer loop
      vertex 0.585271 2.94236 0
      vertex 0.869804 2.86736 0
      vertex 0.870853 2.87082 0
    endloop
  endfacet
  facet normal 0 0 1
    outer loop
      vertex 0.585271 2.94236 0
      vertex 0.584565 2.93881 0
      vertex 0.869804 2.86736 0
    endloop
  endfacet
  facet normal 0 0 1
    outer loop
      vertex 0.294051 2.98555 0
      vertex 0.584565 2.93881 0
      vertex 0.585271 2.94236 0
    endloop
  endfacet
  facet normal 0 0 1
    outer loop
      vertex 0.294051 2.98555 0
      vertex 0.293696 2.98196 0
      vertex 0.584565 2.93881 0
    endloop
  endfacet
  facet normal 0 0 1
    outer loop
      vertex 0 3 0
      vertex 0.293696 2.98196 0
      vertex 0.294051 2.98555 0
    endloop
  endfacet
  facet normal 0 0 1
    outer loop
      vertex 0 3 0
      vertex 0 2.99639 0
      vertex 0.293696 2.98196 0
    endloop
  endfacet
  facet normal 0 0 1
    outer loop
      vertex 0 3 0
      vertex -0.293696 2.98196 0
      vertex 0 2.99639 0
    endloop
  endfacet
  facet normal -0 0 1
    outer loop
      vertex -0.294051 2.98555 0
      vertex -0.293696 2.98196 0
      vertex 0 3 0
    endloop
  endfacet
  facet normal 0 0 1
    outer loop
      vertex -0.294051 2.98555 0
      vertex -0.584565 2.93881 0
      vertex -0.293696 2.98196 0
    endloop
  endfacet
  facet normal -0 0 1
    outer loop
      vertex -0.585271 2.94236 0
      vertex -0.584565 2.93881 0
      vertex -0.294051 2.98555 0
    endloop
  endfacet
  facet normal 0 0 1
    outer loop
      vertex -0.585271 2.94236 0
      vertex -0.869804 2.86736 0
      vertex -0.584565 2.93881 0
    endloop
  endfacet
  facet normal -0 0 1
    outer loop
      vertex -0.870853 2.87082 0
      vertex -0.869804 2.86736 0
      vertex -0.585271 2.94236 0
    endloop
  endfacet
  facet normal 0 0 1
    outer loop
      vertex -0.870853 2.87082 0
      vertex -1.14667 2.7683 0
      vertex -0.869804 2.86736 0
    endloop
  endfacet
  facet normal -0 0 1
    outer loop
      vertex -1.14805 2.77164 0
      vertex -1.14667 2.7683 0
      vertex -0.870853 2.87082 0
    endloop
  endfacet
  facet normal 0 0 1
    outer loop
      vertex -1.14805 2.77164 0
      vertex -1.41249 2.64258 0
      vertex -1.14667 2.7683 0
    endloop
  endfacet
  facet normal -0 0 1
    outer loop
      vertex -1.41419 2.64576 0
      vertex -1.41249 2.64258 0
      vertex -1.14805 2.77164 0
    endloop
  endfacet
  facet normal 0 0 1
    outer loop
      vertex -1.41419 2.64576 0
      vertex -1.6647 2.4914 0
      vertex -1.41249 2.64258 0
    endloop
  endfacet
  facet normal -0 0 1
    outer loop
      vertex -1.66671 2.49441 0
      vertex -1.6647 2.4914 0
      vertex -1.41419 2.64576 0
    endloop
  endfacet
  facet normal 0 0 1
    outer loop
      vertex -1.66671 2.49441 0
      vertex -1.90089 2.31624 0
      vertex -1.6647 2.4914 0
    endloop
  endfacet
  facet normal -0 0 1
    outer loop
      vertex -1.90318 2.31903 0
      vertex -1.90089 2.31624 0
      vertex -1.66671 2.49441 0
    endloop
  endfacet
  facet normal 0 0 1
    outer loop
      vertex -1.90318 2.31903 0
      vertex -2.11876 2.11876 0
      vertex -1.90089 2.31624 0
    endloop
  endfacet
  facet normal -0 0 1
    outer loop
      vertex -2.12132 2.12132 0
      vertex -2.11876 2.11876 0
      vertex -1.90318 2.31903 0
    endloop
  endfacet
  facet normal 0 0 1
    outer loop
      vertex -2.12132 2.12132 0
      vertex -2.31624 1.90089 0
      vertex -2.11876 2.11876 0
    endloop
  endfacet
  facet normal -0 0 1
    outer loop
      vertex -2.31903 1.90318 0
      vertex -2.31624 1.90089 0
      vertex -2.12132 2.12132 0
    endloop
  endfacet
  facet normal 0 0 1
    outer loop
      vertex -2.31903 1.90318 0
      vertex -2.4914 1.6647 0
      vertex -2.31624 1.90089 0
    endloop
  endfacet
  facet normal -0 0 1
    outer loop
      vertex -2.49441 1.66671 0
      vertex -2.4914 1.6647 0
      vertex -2.31903 1.90318 0
    endloop
  endfacet
  facet normal 0 0 1
    outer loop
      vertex -2.49441 1.66671 0
      vertex -2.64258 1.41249 0
      vertex -2.4914 1.6647 0
    endloop
  endfacet
  facet normal -0 0 1
    outer loop
      vertex -2.64576 1.41419 0
      vertex -2.64258 1.41249 0
      vertex -2.49441 1.66671 0
    endloop
  endfacet
  facet normal 0 0 1
    outer loop
      vertex -2.64576 1.41419 0
      vertex -2.7683 1.14667 0
      vertex -2.64258 1.41249 0
    endloop
  endfacet
  facet normal -0 0 1
    outer loop
      vertex -2.77164 1.14805 0
      vertex -2.7683 1.14667 0
      vertex -2.64576 1.41419 0
    endloop
  endfacet
  facet normal 0 0 1
    outer loop
      vertex -2.77164 1.14805 0
      vertex -2.86736 0.869804 0
      vertex -2.7683 1.14667 0
    endloop
  endfacet
  facet normal -0 0 1
    outer loop
      vertex -2.87082 0.870853 0
      vertex -2.86736 0.869804 0
      vertex -2.77164 1.14805 0
    endloop
  endfacet
  facet normal 0 0 1
    outer loop
      vertex -2.87082 0.870853 0
      vertex -2.93881 0.584565 0
      vertex -2.86736 0.869804 0
    endloop
  endfacet
  facet normal -0 0 1
    outer loop
      vertex -2.94236 0.585271 0
      vertex -2.93881 0.584565 0
      vertex -2.87082 0.870853 0
    endloop
  endfacet
  facet normal 0 0 1
    outer loop
      vertex -2.94236 0.585271 0
      vertex -2.98196 0.293696 0
      vertex -2.93881 0.584565 0
    endloop
  endfacet
  facet normal -0 0 1
    outer loop
      vertex -2.98555 0.294051 0
      vertex -2.98196 0.293696 0
      vertex -2.94236 0.585271 0
    endloop
  endfacet
  facet normal 0 0 1
    outer loop
      vertex -2.98555 0.294051 0
      vertex -2.99639 0 0
      vertex -2.98196 0.293696 0
    endloop
  endfacet
  facet normal 0 -0 1
    outer loop
      vertex -2.99639 0 0
      vertex -2.98555 0.294051 0
      vertex -3 0 0
    endloop
  endfacet
  facet normal -0 0 1
    outer loop
      vertex 2.99639 0 0
      vertex 2.98555 -0.294051 0
      vertex 3 0 0
    endloop
  endfacet
  facet normal -0 0 1
    outer loop
      vertex 2.98196 -0.293696 0
      vertex 2.98555 -0.294051 0
      vertex 2.99639 0 0
    endloop
  endfacet
  facet normal 0 0 1
    outer loop
      vertex 2.98196 -0.293696 0
      vertex 2.94236 -0.585271 0
      vertex 2.98555 -0.294051 0
    endloop
  endfacet
  facet normal -0 0 1
    outer loop
      vertex 2.93881 -0.584565 0
      vertex 2.94236 -0.585271 0
      vertex 2.98196 -0.293696 0
    endloop
  endfacet
  facet normal 0 0 1
    outer loop
      vertex 2.93881 -0.584565 0
      vertex 2.87082 -0.870853 0
      vertex 2.94236 -0.585271 0
    endloop
  endfacet
  facet normal -0 0 1
    outer loop
      vertex 2.86736 -0.869804 0
      vertex 2.87082 -0.870853 0
      vertex 2.93881 -0.584565 0
    endloop
  endfacet
  facet normal 0 0 1
    outer loop
      vertex 2.86736 -0.869804 0
      vertex 2.77164 -1.14805 0
      vertex 2.87082 -0.870853 0
    endloop
  endfacet
  facet normal -0 0 1
    outer loop
      vertex 2.7683 -1.14667 0
      vertex 2.77164 -1.14805 0
      vertex 2.86736 -0.869804 0
    endloop
  endfacet
  facet normal 0 0 1
    outer loop
      vertex 2.7683 -1.14667 0
      vertex 2.64576 -1.41419 0
      vertex 2.77164 -1.14805 0
    endloop
  endfacet
  facet normal -0 0 1
    outer loop
      vertex 2.64258 -1.41249 0
      vertex 2.64576 -1.41419 0
      vertex 2.7683 -1.14667 0
    endloop
  endfacet
  facet normal 0 0 1
    outer loop
      vertex 2.64258 -1.41249 0
      vertex 2.49441 -1.66671 0
      vertex 2.64576 -1.41419 0
    endloop
  endfacet
  facet normal -0 0 1
    outer loop
      vertex 2.4914 -1.6647 0
      vertex 2.49441 -1.66671 0
      vertex 2.64258 -1.41249 0
    endloop
  endfacet
  facet normal 0 0 1
    outer loop
      vertex 2.4914 -1.6647 0
      vertex 2.31903 -1.90318 0
      vertex 2.49441 -1.66671 0
    endloop
  endfacet
  facet normal -0 0 1
    outer loop
      vertex 2.31624 -1.90089 0
      vertex 2.31903 -1.90318 0
      vertex 2.4914 -1.6647 0
    endloop
  endfacet
  facet normal 0 0 1
    outer loop
      vertex 2.31624 -1.90089 0
      vertex 2.12132 -2.12132 0
      vertex 2.31903 -1.90318 0
    endloop
  endfacet
  facet normal -0 0 1
    outer loop
      vertex 2.11876 -2.11876 0
      vertex 2.12132 -2.12132 0
      vertex 2.31624 -1.90089 0
    endloop
  endfacet
  facet normal 0 0 1
    outer loop
      vertex 2.11876 -2.11876 0
      vertex 1.90318 -2.31903 0
      vertex 2.12132 -2.12132 0
    endloop
  endfacet
  facet normal -0 0 1
    outer loop
      vertex 1.90089 -2.31624 0
      vertex 1.90318 -2.31903 0
      vertex 2.11876 -2.11876 0
    endloop
  endfacet
  facet normal 0 0 1
    outer loop
      vertex 1.90089 -2.31624 0
      vertex 1.66671 -2.49441 0
      vertex 1.90318 -2.31903 0
    endloop
  endfacet
  facet normal -0 0 1
    outer loop
      vertex 1.6647 -2.4914 0
      vertex 1.66671 -2.49441 0
      vertex 1.90089 -2.31624 0
    endloop
  endfacet
  facet normal 0 0 1
    outer loop
      vertex 1.6647 -2.4914 0
      vertex 1.41419 -2.64576 0
      vertex 1.66671 -2.49441 0
    endloop
  endfacet
  facet normal -0 0 1
    outer loop
      vertex 1.41249 -2.64258 0
      vertex 1.41419 -2.64576 0
      vertex 1.6647 -2.4914 0
    endloop
  endfacet
  facet normal 0 0 1
    outer loop
      vertex 1.41249 -2.64258 0
      vertex 1.14805 -2.77164 0
      vertex 1.41419 -2.64576 0
    endloop
  endfacet
  facet normal -0 0 1
    outer loop
      vertex 1.14667 -2.7683 0
      vertex 1.14805 -2.77164 0
      vertex 1.41249 -2.64258 0
    endloop
  endfacet
  facet normal 0 0 1
    outer loop
      vertex 1.14667 -2.7683 0
      vertex 0.870853 -2.87082 0
      vertex 1.14805 -2.77164 0
    endloop
  endfacet
  facet normal -0 0 1
    outer loop
      vertex 0.869804 -2.86736 0
      vertex 0.870853 -2.87082 0
      vertex 1.14667 -2.7683 0
    endloop
  endfacet
  facet normal 0 0 1
    outer loop
      vertex 0.869804 -2.86736 0
      vertex 0.585271 -2.94236 0
      vertex 0.870853 -2.87082 0
    endloop
  endfacet
  facet normal -0 0 1
    outer loop
      vertex 0.584565 -2.93881 0
      vertex 0.585271 -2.94236 0
      vertex 0.869804 -2.86736 0
    endloop
  endfacet
  facet normal 0 0 1
    outer loop
      vertex 0.584565 -2.93881 0
      vertex 0.294051 -2.98555 0
      vertex 0.585271 -2.94236 0
    endloop
  endfacet
  facet normal -0 0 1
    outer loop
      vertex 0.293696 -2.98196 0
      vertex 0.294051 -2.98555 0
      vertex 0.584565 -2.93881 0
    endloop
  endfacet
  facet normal 0 0 1
    outer loop
      vertex 0 -2.99639 0
      vertex 0.294051 -2.98555 0
      vertex 0.293696 -2.98196 0
    endloop
  endfacet
  facet normal -0 0 1
    outer loop
      vertex 0 -2.99639 0
      vertex 0 -3 0
      vertex 0.294051 -2.98555 0
    endloop
  endfacet
  facet normal 0 0 1
    outer loop
      vertex -0.293696 -2.98196 0
      vertex 0 -3 0
      vertex 0 -2.99639 0
    endloop
  endfacet
  facet normal 0 0 1
    outer loop
      vertex -0.293696 -2.98196 0
      vertex -0.294051 -2.98555 0
      vertex 0 -3 0
    endloop
  endfacet
  facet normal 0 0 1
    outer loop
      vertex -0.584565 -2.93881 0
      vertex -0.294051 -2.98555 0
      vertex -0.293696 -2.98196 0
    endloop
  endfacet
  facet normal 0 0 1
    outer loop
      vertex -0.584565 -2.93881 0
      vertex -0.585271 -2.94236 0
      vertex -0.294051 -2.98555 0
    endloop
  endfacet
  facet normal 0 0 1
    outer loop
      vertex -0.869804 -2.86736 0
      vertex -0.585271 -2.94236 0
      vertex -0.584565 -2.93881 0
    endloop
  endfacet
  facet normal 0 0 1
    outer loop
      vertex -0.869804 -2.86736 0
      vertex -0.870853 -2.87082 0
      vertex -0.585271 -2.94236 0
    endloop
  endfacet
  facet normal 0 0 1
    outer loop
      vertex -1.14667 -2.7683 0
      vertex -0.870853 -2.87082 0
      vertex -0.869804 -2.86736 0
    endloop
  endfacet
  facet normal 0 0 1
    outer loop
      vertex -1.14667 -2.7683 0
      vertex -1.14805 -2.77164 0
      vertex -0.870853 -2.87082 0
    endloop
  endfacet
  facet normal 0 0 1
    outer loop
      vertex -1.41249 -2.64258 0
      vertex -1.14805 -2.77164 0
      vertex -1.14667 -2.7683 0
    endloop
  endfacet
  facet normal 0 0 1
    outer loop
      vertex -1.41249 -2.64258 0
      vertex -1.41419 -2.64576 0
      vertex -1.14805 -2.77164 0
    endloop
  endfacet
  facet normal 0 0 1
    outer loop
      vertex -1.6647 -2.4914 0
      vertex -1.41419 -2.64576 0
      vertex -1.41249 -2.64258 0
    endloop
  endfacet
  facet normal 0 0 1
    outer loop
      vertex -1.6647 -2.4914 0
      vertex -1.66671 -2.49441 0
      vertex -1.41419 -2.64576 0
    endloop
  endfacet
  facet normal 0 0 1
    outer loop
      vertex -1.90089 -2.31624 0
      vertex -1.66671 -2.49441 0
      vertex -1.6647 -2.4914 0
    endloop
  endfacet
  facet normal 0 0 1
    outer loop
      vertex -1.90089 -2.31624 0
      vertex -1.90318 -2.31903 0
      vertex -1.66671 -2.49441 0
    endloop
  endfacet
  facet normal 0 0 1
    outer loop
      vertex -2.11876 -2.11876 0
      vertex -1.90318 -2.31903 0
      vertex -1.90089 -2.31624 0
    endloop
  endfacet
  facet normal 0 0 1
    outer loop
      vertex -2.11876 -2.11876 0
      vertex -2.12132 -2.12132 0
      vertex -1.90318 -2.31903 0
    endloop
  endfacet
  facet normal 0 0 1
    outer loop
      vertex -2.31624 -1.90089 0
      vertex -2.12132 -2.12132 0
      vertex -2.11876 -2.11876 0
    endloop
  endfacet
  facet normal 0 0 1
    outer loop
      vertex -2.31624 -1.90089 0
      vertex -2.31903 -1.90318 0
      vertex -2.12132 -2.12132 0
    endloop
  endfacet
  facet normal 0 0 1
    outer loop
      vertex -2.4914 -1.6647 0
      vertex -2.31903 -1.90318 0
      vertex -2.31624 -1.90089 0
    endloop
  endfacet
  facet normal 0 0 1
    outer loop
      vertex -2.4914 -1.6647 0
      vertex -2.49441 -1.66671 0
      vertex -2.31903 -1.90318 0
    endloop
  endfacet
  facet normal 0 0 1
    outer loop
      vertex -2.64258 -1.41249 0
      vertex -2.49441 -1.66671 0
      vertex -2.4914 -1.6647 0
    endloop
  endfacet
  facet normal 0 0 1
    outer loop
      vertex -2.64258 -1.41249 0
      vertex -2.64576 -1.41419 0
      vertex -2.49441 -1.66671 0
    endloop
  endfacet
  facet normal 0 0 1
    outer loop
      vertex -2.7683 -1.14667 0
      vertex -2.64576 -1.41419 0
      vertex -2.64258 -1.41249 0
    endloop
  endfacet
  facet normal 0 0 1
    outer loop
      vertex -2.7683 -1.14667 0
      vertex -2.77164 -1.14805 0
      vertex -2.64576 -1.41419 0
    endloop
  endfacet
  facet normal 0 0 1
    outer loop
      vertex -2.86736 -0.869804 0
      vertex -2.77164 -1.14805 0
      vertex -2.7683 -1.14667 0
    endloop
  endfacet
  facet normal 0 0 1
    outer loop
      vertex -2.86736 -0.869804 0
      vertex -2.87082 -0.870853 0
      vertex -2.77164 -1.14805 0
    endloop
  endfacet
  facet normal 0 0 1
    outer loop
      vertex -2.93881 -0.584565 0
      vertex -2.87082 -0.870853 0
      vertex -2.86736 -0.869804 0
    endloop
  endfacet
  facet normal 0 0 1
    outer loop
      vertex -2.93881 -0.584565 0
      vertex -2.94236 -0.585271 0
      vertex -2.87082 -0.870853 0
    endloop
  endfacet
  facet normal 0 0 1
    outer loop
      vertex -2.98196 -0.293696 0
      vertex -2.94236 -0.585271 0
      vertex -2.93881 -0.584565 0
    endloop
  endfacet
  facet normal 0 0 1
    outer loop
      vertex -2.98196 -0.293696 0
      vertex -2.98555 -0.294051 0
      vertex -2.94236 -0.585271 0
    endloop
  endfacet
  facet normal 0 0 1
    outer loop
      vertex -2.99639 0 0
      vertex -2.98555 -0.294051 0
      vertex -2.98196 -0.293696 0
    endloop
  endfacet
  facet normal 0 0 1
    outer loop
      vertex -2.98555 -0.294051 0
      vertex -2.99639 0 0
      vertex -3 0 0
    endloop
  endfacet
  facet normal 0.196926 0.328564 0.923724
    outer loop
      vertex 0.604644 1.13121 2.71197
      vertex 0.640829 1.01326 2.74621
      vertex 0.71261 1.0665 2.71197
    endloop
  endfacet
  facet normal 0.19691 0.32856 0.923729
    outer loop
      vertex 0.604644 1.13121 2.71197
      vertex 0.565676 1.0583 2.74621
      vertex 0.640829 1.01326 2.74621
    endloop
  endfacet
  facet normal 0.17188 -0.68632 0.706698
    outer loop
      vertex 0.584829 -1.92793 2.22285
      vertex 0.393044 -1.97596 2.22285
      vertex 0.433657 -2.18014 2.01468
    endloop
  endfacet
  facet normal -0.639585 -0.302519 0.706691
    outer loop
      vertex -1.86132 -0.770983 2.22285
      vertex -2.05365 -0.850649 2.01468
      vertex -1.96038 -1.04784 2.01468
    endloop
  endfacet
  facet normal 0.835328 -0.395079 0.382282
    outer loop
      vertex 2.50553 -1.03782 1.28267
      vertex 2.39174 -1.27841 1.28267
      vertex 2.4911 -1.33152 1.01067
    endloop
  endfacet
  facet normal 0.379001 -0.281098 0.88167
    outer loop
      vertex 1.0665 -0.71261 2.71197
      vertex 0.991513 -0.813714 2.71197
      vertex 1.28238 -0.85686 2.57318
    endloop
  endfacet
  facet normal 0.377153 -0.797467 0.470959
    outer loop
      vertex 1.21299 -2.26935 1.54231
      vertex 0.984715 -2.37731 1.54231
      vertex 1.03782 -2.50553 1.28267
    endloop
  endfacet
  facet normal -0.768705 -0.570111 0.289942
    outer loop
      vertex -2.3486 -1.56928 1.01067
      vertex -2.41965 -1.61676 0.72894
      vertex -2.24953 -1.84614 0.72894
    endloop
  endfacet
  facet normal 0.806858 -0.202083 0.555106
    outer loop
      vertex 2.52374 -0.502003 1.54231
      vertex 2.36332 -0.470094 1.7871
      vertex 2.46239 -0.746956 1.54231
    endloop
  endfacet
  facet normal -0.444274 0.158941 0.881679
    outer loop
      vertex -1.18503 0.490854 2.71197
      vertex -1.4759 0.447708 2.57318
      vertex -1.22743 0.372337 2.71197
    endloop
  endfacet
  facet normal 0.872601 -0.129436 0.470971
    outer loop
      vertex 2.69891 -0.265819 1.28267
      vertex 2.52374 -0.502003 1.54231
      vertex 2.65986 -0.529078 1.28267
    endloop
  endfacet
  facet normal -0.955885 0.0469501 0.289963
    outer loop
      vertex -2.89608 0.285238 0.72894
      vertex -2.91009 0 0.72894
      vertex -2.81103 0.276862 1.01067
    endloop
  endfacet
  facet normal -0.993996 -0.0488375 0.0979106
    outer loop
      vertex -2.96753 0 0.440191
      vertex -2.99639 0 0.147202
      vertex -2.98196 -0.293696 0.147202
    endloop
  endfacet
  facet normal 0.855718 0.21432 0.470971
    outer loop
      vertex 2.65986 0.529078 1.28267
      vertex 2.46239 0.746956 1.54231
      vertex 2.52374 0.502003 1.54231
    endloop
  endfacet
  facet normal -0.379005 -0.281081 0.881674
    outer loop
      vertex -0.991513 -0.813714 2.71197
      vertex -1.28238 -0.85686 2.57318
      vertex -1.19222 -0.97843 2.57318
    endloop
  endfacet
  facet normal 0.857712 0.514131 0
    outer loop
      vertex 2.64258 1.41249 0.147202
      vertex 2.4914 1.6647 0
      vertex 2.4914 1.6647 0.147202
    endloop
  endfacet
  facet normal 0.857712 0.514131 0
    outer loop
      vertex 2.4914 1.6647 0
      vertex 2.64258 1.41249 0.147202
      vertex 2.64258 1.41249 0
    endloop
  endfacet
  facet normal -0.853593 -0.511662 0.0978864
    outer loop
      vertex -2.46741 -1.64867 0.440191
      vertex -2.64258 -1.41249 0.147202
      vertex -2.4914 -1.6647 0.147202
    endloop
  endfacet
  facet normal 0.584279 0.787808 0.194875
    outer loop
      vertex 1.88258 2.29393 0.440191
      vertex 1.61676 2.41965 0.72894
      vertex 1.84614 2.24953 0.72894
    endloop
  endfacet
  facet normal 0.937025 0.335259 0.0979071
    outer loop
      vertex 2.7683 1.14667 0.147202
      vertex 2.74164 1.13562 0.440191
      vertex 2.86736 0.869804 0.147202
    endloop
  endfacet
  facet normal 0.797466 0.377171 0.470946
    outer loop
      vertex 2.39174 1.27841 1.28267
      vertex 2.26935 1.21299 1.54231
      vertex 2.50553 1.03782 1.28267
    endloop
  endfacet
  facet normal -0.187339 0.523515 0.831165
    outer loop
      vertex -0.518766 1.71015 2.40962
      vertex -0.683892 1.65106 2.40962
      vertex -0.447708 1.4759 2.57318
    endloop
  endfacet
  facet normal -0.404736 -0.242582 0.88167
    outer loop
      vertex -1.0665 -0.71261 2.71197
      vertex -1.36019 -0.727038 2.57318
      vertex -1.28238 -0.85686 2.57318
    endloop
  endfacet
  facet normal -0.523515 -0.187339 0.831165
    outer loop
      vertex -1.4759 -0.447708 2.57318
      vertex -1.71015 -0.518766 2.40962
      vertex -1.65106 -0.683892 2.40962
    endloop
  endfacet
  facet normal -0.539361 0.13508 0.83117
    outer loop
      vertex -1.4759 0.447708 2.57318
      vertex -1.75276 0.348645 2.40962
      vertex -1.51267 0.300889 2.57318
    endloop
  endfacet
  facet normal -0.597725 0.213895 0.77264
    outer loop
      vertex -1.65106 0.683892 2.40962
      vertex -1.86132 0.770983 2.22285
      vertex -1.71015 0.518766 2.40962
    endloop
  endfacet
  facet normal -0.87003 0.311308 0.382277
    outer loop
      vertex -2.50553 1.03782 1.28267
      vertex -2.703 0.819947 1.01067
      vertex -2.59519 0.787242 1.28267
    endloop
  endfacet
  facet normal -0.965371 0.241817 0.0978917
    outer loop
      vertex -2.86736 0.869804 0.147202
      vertex -2.93881 0.584565 0.147202
      vertex -2.91051 0.578936 0.440191
    endloop
  endfacet
  facet normal 0.653642 -0.592421 0.470945
    outer loop
      vertex 2.09638 -1.72045 1.28267
      vertex 1.81952 -1.81952 1.54231
      vertex 1.91765 -1.91765 1.28267
    endloop
  endfacet
  facet normal -0.335259 -0.937025 0.0979071
    outer loop
      vertex -1.13562 -2.74164 0.440191
      vertex -1.14667 -2.7683 0.147202
      vertex -0.869804 -2.86736 0.147202
    endloop
  endfacet
  facet normal 0.94668 0.140416 0.289965
    outer loop
      vertex 2.85418 0.567731 0.72894
      vertex 2.77036 0.551058 1.01067
      vertex 2.81103 0.276862 1.01067
    endloop
  endfacet
  facet normal 0.684669 -0.620542 0.382302
    outer loop
      vertex 2.09638 -1.72045 1.28267
      vertex 1.91765 -1.91765 1.28267
      vertex 1.99732 -1.99732 1.01067
    endloop
  endfacet
  facet normal 0.419352 0.886665 0.194854
    outer loop
      vertex 1.13562 2.74164 0.440191
      vertex 1.11364 2.68858 0.72894
      vertex 1.39888 2.61713 0.440191
    endloop
  endfacet
  facet normal -0.412005 0.373394 0.831161
    outer loop
      vertex -1.09058 1.09058 2.57318
      vertex -1.26367 1.26367 2.40962
      vertex -1.19222 0.97843 2.57318
    endloop
  endfacet
  facet normal -0.0231668 0.471294 0.881672
    outer loop
      vertex 0 1.28267 2.71197
      vertex -0.151173 1.53488 2.57318
      vertex -0.125723 1.27649 2.71197
    endloop
  endfacet
  facet normal 0.555355 0.0272951 0.831165
    outer loop
      vertex 1.7871 0 2.40962
      vertex 1.53488 0.151173 2.57318
      vertex 1.54231 0 2.57318
    endloop
  endfacet
  facet normal -0.232537 0.92835 0.289989
    outer loop
      vertex -0.567731 2.85418 0.72894
      vertex -0.844755 2.78479 0.72894
      vertex -0.819947 2.703 1.01067
    endloop
  endfacet
  facet normal 0.283836 0.257253 0.92372
    outer loop
      vertex 0.906981 0.906981 2.71197
      vertex 0.907369 0.783607 2.74621
      vertex 0.991513 0.813714 2.71197
    endloop
  endfacet
  facet normal 0.283835 0.257253 0.92372
    outer loop
      vertex 0.907369 0.783607 2.74621
      vertex 0.906981 0.906981 2.71197
      vertex 0.848528 0.848528 2.74621
    endloop
  endfacet
  facet normal 0.37821 0.50991 0.772625
    outer loop
      vertex 1.11929 1.67514 2.22285
      vertex 0.992858 1.48592 2.40962
      vertex 1.13372 1.38144 2.40962
    endloop
  endfacet
  facet normal 0.55001 0.0815762 0.831164
    outer loop
      vertex 1.75276 0.348645 2.40962
      vertex 1.53488 0.151173 2.57318
      vertex 1.77849 0.175166 2.40962
    endloop
  endfacet
  facet normal 0.570111 0.768705 0.289942
    outer loop
      vertex 1.61676 2.41965 0.72894
      vertex 1.56928 2.3486 1.01067
      vertex 1.84614 2.24953 0.72894
    endloop
  endfacet
  facet normal 0.550454 0.742194 0.382294
    outer loop
      vertex 1.79193 2.18347 1.01067
      vertex 1.56928 2.3486 1.01067
      vertex 1.72045 2.09638 1.28267
    endloop
  endfacet
  facet normal 0.0490732 0.998795 -0
    outer loop
      vertex 0.293696 2.98196 0
      vertex 0 2.99639 0.147202
      vertex 0.293696 2.98196 0.147202
    endloop
  endfacet
  facet normal 0.0490732 0.998795 0
    outer loop
      vertex 0 2.99639 0.147202
      vertex 0.293696 2.98196 0
      vertex 0 2.99639 0
    endloop
  endfacet
  facet normal 0.0481288 0.979646 0.194878
    outer loop
      vertex 0 2.96753 0.440191
      vertex 0 2.91009 0.72894
      vertex 0.290868 2.95324 0.440191
    endloop
  endfacet
  facet normal 0.84128 -0.504253 0.194876
    outer loop
      vertex 2.56647 -1.37181 0.72894
      vertex 2.41965 -1.61676 0.72894
      vertex 2.46741 -1.64867 0.440191
    endloop
  endfacet
  facet normal -0.224546 0.896346 0.382286
    outer loop
      vertex -0.551058 2.77036 1.01067
      vertex -0.819947 2.703 1.01067
      vertex -0.529078 2.65986 1.28267
    endloop
  endfacet
  facet normal -0.914046 0.135583 0.38228
    outer loop
      vertex -2.65986 0.529078 1.28267
      vertex -2.81103 0.276862 1.01067
      vertex -2.69891 0.265819 1.28267
    endloop
  endfacet
  facet normal -0.965373 0.241812 0.0978855
    outer loop
      vertex -2.86736 0.869804 0.147202
      vertex -2.91051 0.578936 0.440191
      vertex -2.83975 0.861428 0.440191
    endloop
  endfacet
  facet normal -0.444275 0.158964 0.881675
    outer loop
      vertex -1.42491 0.590216 2.57318
      vertex -1.4759 0.447708 2.57318
      vertex -1.18503 0.490854 2.71197
    endloop
  endfacet
  facet normal -0.951438 -0.238321 0.194857
    outer loop
      vertex -2.85418 -0.567731 0.72894
      vertex -2.91051 -0.578936 0.440191
      vertex -2.83975 -0.861428 0.440191
    endloop
  endfacet
  facet normal -0.922934 0.0453363 0.382279
    outer loop
      vertex -2.81103 0.276862 1.01067
      vertex -2.82463 0 1.01067
      vertex -2.69891 0.265819 1.28267
    endloop
  endfacet
  facet normal -0.187929 -0.750218 0.633921
    outer loop
      vertex -0.64526 -2.12714 2.01468
      vertex -0.699476 -2.30586 1.7871
      vertex -0.470094 -2.36332 1.7871
    endloop
  endfacet
  facet normal -0.382594 -0.018799 0.923725
    outer loop
      vertex -1.19852 -0.0301073 2.74621
      vertex -1.27649 -0.125723 2.71197
      vertex -1.19422 -0.11762 2.74621
    endloop
  endfacet
  facet normal -0.382587 -0.0188063 0.923728
    outer loop
      vertex -1.27649 -0.125723 2.71197
      vertex -1.19852 -0.0301073 2.74621
      vertex -1.28267 0 2.71197
    endloop
  endfacet
  facet normal -0.806858 0.202083 0.555106
    outer loop
      vertex -2.46239 0.746956 1.54231
      vertex -2.52374 0.502003 1.54231
      vertex -2.36332 0.470094 1.7871
    endloop
  endfacet
  facet normal -0.237725 -0.502654 0.831159
    outer loop
      vertex -0.590216 -1.42491 2.57318
      vertex -0.842432 -1.57608 2.40962
      vertex -0.683892 -1.65106 2.40962
    endloop
  endfacet
  facet normal -0.941549 -0.336877 0
    outer loop
      vertex -2.7683 -1.14667 0
      vertex -2.86736 -0.869804 0.147202
      vertex -2.86736 -0.869804 0
    endloop
  endfacet
  facet normal -0.941549 -0.336877 0
    outer loop
      vertex -2.86736 -0.869804 0.147202
      vertex -2.7683 -1.14667 0
      vertex -2.7683 -1.14667 0.147202
    endloop
  endfacet
  facet normal 0.69987 -0.103823 0.706684
    outer loop
      vertex 2.21215 -0.217877 2.01468
      vertex 2.00498 -0.197473 2.22285
      vertex 2.18014 -0.433657 2.01468
    endloop
  endfacet
  facet normal 0.427545 -0.903994 0
    outer loop
      vertex 1.14667 -2.7683 0
      vertex 1.41249 -2.64258 0.147202
      vertex 1.14667 -2.7683 0.147202
    endloop
  endfacet
  facet normal 0.427545 -0.903994 0
    outer loop
      vertex 1.41249 -2.64258 0.147202
      vertex 1.14667 -2.7683 0
      vertex 1.41249 -2.64258 0
    endloop
  endfacet
  facet normal 0.750213 -0.187905 0.633934
    outer loop
      vertex 2.18014 -0.433657 2.01468
      vertex 2.12714 -0.64526 2.01468
      vertex 2.36332 -0.470094 1.7871
    endloop
  endfacet
  facet normal 0.196931 -0.328558 0.923725
    outer loop
      vertex 0.666684 -0.997763 2.74621
      vertex 0.640829 -1.01326 2.74621
      vertex 0.71261 -1.0665 2.71197
    endloop
  endfacet
  facet normal 0.550463 -0.742191 0.382287
    outer loop
      vertex 1.72045 -2.09638 1.28267
      vertex 1.50669 -2.25492 1.28267
      vertex 1.56928 -2.3486 1.01067
    endloop
  endfacet
  facet normal 0.751929 -0.355616 0.555103
    outer loop
      vertex 2.37731 -0.984715 1.54231
      vertex 2.1251 -1.13589 1.7871
      vertex 2.26935 -1.21299 1.54231
    endloop
  endfacet
  facet normal 0.699115 -0.330676 0.633949
    outer loop
      vertex 2.05365 -0.850649 2.01468
      vertex 1.96038 -1.04784 2.01468
      vertex 2.1251 -1.13589 1.7871
    endloop
  endfacet
  facet normal -0.620542 0.684669 0.382302
    outer loop
      vertex -1.72045 2.09638 1.28267
      vertex -1.99732 1.99732 1.01067
      vertex -1.91765 1.91765 1.28267
    endloop
  endfacet
  facet normal 0.822784 0.122058 0.555093
    outer loop
      vertex 2.56079 0.252215 1.54231
      vertex 2.36332 0.470094 1.7871
      vertex 2.39802 0.236184 1.7871
    endloop
  endfacet
  facet normal 0.726752 0.658684 0.194849
    outer loop
      vertex 2.09836 2.09836 0.440191
      vertex 2.05775 2.05775 0.72894
      vertex 2.29393 1.88258 0.440191
    endloop
  endfacet
  facet normal 0.539364 0.135094 0.831166
    outer loop
      vertex 1.71015 0.518766 2.40962
      vertex 1.4759 0.447708 2.57318
      vertex 1.75276 0.348645 2.40962
    endloop
  endfacet
  facet normal 0.872601 0.129436 0.470971
    outer loop
      vertex 2.65986 0.529078 1.28267
      vertex 2.52374 0.502003 1.54231
      vertex 2.69891 0.265819 1.28267
    endloop
  endfacet
  facet normal 0.502654 0.237725 0.831159
    outer loop
      vertex 1.57608 0.842432 2.40962
      vertex 1.42491 0.590216 2.57318
      vertex 1.65106 0.683892 2.40962
    endloop
  endfacet
  facet normal 0.806835 0.202111 0.555129
    outer loop
      vertex 2.46239 0.746956 1.54231
      vertex 2.30586 0.699476 1.7871
      vertex 2.36332 0.470094 1.7871
    endloop
  endfacet
  facet normal 0.509922 0.378147 0.772648
    outer loop
      vertex 1.55737 1.2781 2.22285
      vertex 1.38144 1.13372 2.40962
      vertex 1.67514 1.11929 2.22285
    endloop
  endfacet
  facet normal 0.684669 0.620542 0.382302
    outer loop
      vertex 1.99732 1.99732 1.01067
      vertex 1.91765 1.91765 1.28267
      vertex 2.09638 1.72045 1.28267
    endloop
  endfacet
  facet normal 0.965373 0.241812 0.0978855
    outer loop
      vertex 2.86736 0.869804 0.147202
      vertex 2.83975 0.861428 0.440191
      vertex 2.91051 0.578936 0.440191
    endloop
  endfacet
  facet normal 0.886665 0.419352 0.194854
    outer loop
      vertex 2.74164 1.13562 0.440191
      vertex 2.61713 1.39888 0.440191
      vertex 2.68858 1.11364 0.72894
    endloop
  endfacet
  facet normal 0.993996 0.0488375 0.0979106
    outer loop
      vertex 2.98196 0.293696 0.147202
      vertex 2.96753 0 0.440191
      vertex 2.99639 0 0.147202
    endloop
  endfacet
  facet normal 0.820897 0.491999 0.28994
    outer loop
      vertex 2.41965 1.61676 0.72894
      vertex 2.3486 1.56928 1.01067
      vertex 2.4911 1.33152 1.01067
    endloop
  endfacet
  facet normal 0.504253 0.84128 0.194876
    outer loop
      vertex 1.64867 2.46741 0.440191
      vertex 1.37181 2.56647 0.72894
      vertex 1.61676 2.41965 0.72894
    endloop
  endfacet
  facet normal -0.466757 0.0692423 0.881671
    outer loop
      vertex -1.51267 0.300889 2.57318
      vertex -1.53488 0.151173 2.57318
      vertex -1.25802 0.250236 2.71197
    endloop
  endfacet
  facet normal -0.923494 -0.33044 0.194853
    outer loop
      vertex -2.68858 -1.11364 0.72894
      vertex -2.83975 -0.861428 0.440191
      vertex -2.74164 -1.13562 0.440191
    endloop
  endfacet
  facet normal -0.94668 -0.140416 0.289965
    outer loop
      vertex -2.81103 -0.276862 1.01067
      vertex -2.85418 -0.567731 0.72894
      vertex -2.77036 -0.551058 1.01067
    endloop
  endfacet
  facet normal -0.903994 0.427545 0
    outer loop
      vertex -2.7683 1.14667 0
      vertex -2.64258 1.41249 0.147202
      vertex -2.64258 1.41249 0
    endloop
  endfacet
  facet normal -0.903994 0.427545 0
    outer loop
      vertex -2.64258 1.41249 0.147202
      vertex -2.7683 1.14667 0
      vertex -2.7683 1.14667 0.147202
    endloop
  endfacet
  facet normal -0.634074 -0.0311669 0.772644
    outer loop
      vertex -1.7871 0 2.40962
      vertex -2.00498 -0.197473 2.22285
      vertex -1.77849 -0.175166 2.40962
    endloop
  endfacet
  facet normal -0.84128 0.504253 0.194876
    outer loop
      vertex -2.46741 1.64867 0.440191
      vertex -2.56647 1.37181 0.72894
      vertex -2.41965 1.61676 0.72894
    endloop
  endfacet
  facet normal -0.302519 0.639585 0.706691
    outer loop
      vertex -0.850649 2.05365 2.01468
      vertex -1.04784 1.96038 2.01468
      vertex -0.770983 1.86132 2.22285
    endloop
  endfacet
  facet normal -0.923495 -0.330437 0.194857
    outer loop
      vertex -2.78479 -0.844755 0.72894
      vertex -2.83975 -0.861428 0.440191
      vertex -2.68858 -1.11364 0.72894
    endloop
  endfacet
  facet normal -0.822784 -0.122058 0.555093
    outer loop
      vertex -2.39802 -0.236184 1.7871
      vertex -2.56079 -0.252215 1.54231
      vertex -2.36332 -0.470094 1.7871
    endloop
  endfacet
  facet normal -0.955887 0.046955 0.289959
    outer loop
      vertex -2.81103 0.276862 1.01067
      vertex -2.91009 0 0.72894
      vertex -2.82463 0 1.01067
    endloop
  endfacet
  facet normal -0.970218 0.143905 0.194857
    outer loop
      vertex -2.85418 0.567731 0.72894
      vertex -2.91051 0.578936 0.440191
      vertex -2.89608 0.285238 0.72894
    endloop
  endfacet
  facet normal -0.881083 -0.0432887 0.470976
    outer loop
      vertex -2.56079 -0.252215 1.54231
      vertex -2.71197 0 1.28267
      vertex -2.69891 -0.265819 1.28267
    endloop
  endfacet
  facet normal -0.835317 0.39509 0.382296
    outer loop
      vertex -2.4911 1.33152 1.01067
      vertex -2.60962 1.08094 1.01067
      vertex -2.50553 1.03782 1.28267
    endloop
  endfacet
  facet normal -0.970214 -0.143915 0.194867
    outer loop
      vertex -2.89608 -0.285238 0.72894
      vertex -2.95324 -0.290868 0.440191
      vertex -2.91051 -0.578936 0.440191
    endloop
  endfacet
  facet normal -0.726752 -0.658684 0.194849
    outer loop
      vertex -2.05775 -2.05775 0.72894
      vertex -2.29393 -1.88258 0.440191
      vertex -2.09836 -2.09836 0.440191
    endloop
  endfacet
  facet normal -0.470383 -0.42636 0.772629
    outer loop
      vertex -1.26367 -1.26367 2.40962
      vertex -1.55737 -1.2781 2.22285
      vertex -1.42459 -1.42459 2.22285
    endloop
  endfacet
  facet normal 0.668088 -0.495491 0.555109
    outer loop
      vertex 2.13953 -1.42958 1.54231
      vertex 1.86266 -1.52865 1.7871
      vertex 1.9891 -1.63241 1.54231
    endloop
  endfacet
  facet normal 0.50991 -0.37821 0.772625
    outer loop
      vertex 1.48592 -0.992858 2.40962
      vertex 1.38144 -1.13372 2.40962
      vertex 1.67514 -1.11929 2.22285
    endloop
  endfacet
  facet normal -0.519389 -0.57303 0.633934
    outer loop
      vertex -1.41016 -1.71829 2.01468
      vertex -1.57179 -1.57179 2.01468
      vertex -1.52865 -1.86266 1.7871
    endloop
  endfacet
  facet normal -0.573898 0.27142 0.77264
    outer loop
      vertex -1.57608 0.842432 2.40962
      vertex -1.86132 0.770983 2.22285
      vertex -1.65106 0.683892 2.40962
    endloop
  endfacet
  facet normal 0.475034 -0.79259 0.382288
    outer loop
      vertex 1.50669 -2.25492 1.28267
      vertex 1.33152 -2.4911 1.01067
      vertex 1.56928 -2.3486 1.01067
    endloop
  endfacet
  facet normal 0.0432887 -0.881083 0.470976
    outer loop
      vertex 0.252215 -2.56079 1.54231
      vertex 0 -2.71197 1.28267
      vertex 0.265819 -2.69891 1.28267
    endloop
  endfacet
  facet normal 0.979646 -0.0481288 0.194878
    outer loop
      vertex 2.96753 0 0.440191
      vertex 2.91009 0 0.72894
      vertex 2.95324 -0.290868 0.440191
    endloop
  endfacet
  facet normal 0.668088 -0.495491 0.55511
    outer loop
      vertex 2.00353 -1.33871 1.7871
      vertex 1.86266 -1.52865 1.7871
      vertex 2.13953 -1.42958 1.54231
    endloop
  endfacet
  facet normal 0.984425 0.146023 0.0979068
    outer loop
      vertex 2.98196 0.293696 0.147202
      vertex 2.91051 0.578936 0.440191
      vertex 2.95324 0.290868 0.440191
    endloop
  endfacet
  facet normal 0.853605 0.511637 0.0979136
    outer loop
      vertex 2.64258 1.41249 0.147202
      vertex 2.46741 1.64867 0.440191
      vertex 2.61713 1.39888 0.440191
    endloop
  endfacet
  facet normal 0.756647 -0.45352 0.470961
    outer loop
      vertex 2.26935 -1.21299 1.54231
      vertex 2.13953 -1.42958 1.54231
      vertex 2.25492 -1.50669 1.28267
    endloop
  endfacet
  facet normal 0.87003 0.311308 0.382277
    outer loop
      vertex 2.703 0.819947 1.01067
      vertex 2.50553 1.03782 1.28267
      vertex 2.59519 0.787242 1.28267
    endloop
  endfacet
  facet normal 0.33044 -0.923494 0.194853
    outer loop
      vertex 1.11364 -2.68858 0.72894
      vertex 0.861428 -2.83975 0.440191
      vertex 1.13562 -2.74164 0.440191
    endloop
  endfacet
  facet normal 0.330437 -0.923495 0.194857
    outer loop
      vertex 1.11364 -2.68858 0.72894
      vertex 0.844755 -2.78479 0.72894
      vertex 0.861428 -2.83975 0.440191
    endloop
  endfacet
  facet normal 0.346261 0.163791 0.923729
    outer loop
      vertex 1.13121 0.604644 2.71197
      vertex 1.0583 0.565676 2.74621
      vertex 1.07119 0.538426 2.74621
    endloop
  endfacet
  facet normal 0.201753 -0.42656 0.88167
    outer loop
      vertex 0.604644 -1.13121 2.71197
      vertex 0.490854 -1.18503 2.71197
      vertex 0.727038 -1.36019 2.57318
    endloop
  endfacet
  facet normal 0.639607 -0.302502 0.706679
    outer loop
      vertex 1.86132 -0.770983 2.22285
      vertex 1.77679 -0.949712 2.22285
      vertex 1.96038 -1.04784 2.01468
    endloop
  endfacet
  facet normal 0.728186 -0.260536 0.63393
    outer loop
      vertex 2.30586 -0.699476 1.7871
      vertex 2.05365 -0.850649 2.01468
      vertex 2.2262 -0.922122 1.7871
    endloop
  endfacet
  facet normal 0.666162 -0.238359 0.706692
    outer loop
      vertex 2.12714 -0.64526 2.01468
      vertex 1.86132 -0.770983 2.22285
      vertex 2.05365 -0.850649 2.01468
    endloop
  endfacet
  facet normal -0.427545 0.903994 0
    outer loop
      vertex -1.14667 2.7683 0
      vertex -1.41249 2.64258 0.147202
      vertex -1.14667 2.7683 0.147202
    endloop
  endfacet
  facet normal -0.427545 0.903994 0
    outer loop
      vertex -1.41249 2.64258 0.147202
      vertex -1.14667 2.7683 0
      vertex -1.41249 2.64258 0
    endloop
  endfacet
  facet normal 0.475039 0.792589 0.382283
    outer loop
      vertex 1.33152 2.4911 1.01067
      vertex 1.27841 2.39174 1.28267
      vertex 1.50669 2.25492 1.28267
    endloop
  endfacet
  facet normal 0.0347053 0.706681 0.706681
    outer loop
      vertex 0 2.22285 2.01468
      vertex 0 2.01468 2.22285
      vertex 0.217877 2.21215 2.01468
    endloop
  endfacet
  facet normal 0.750218 -0.187929 0.633921
    outer loop
      vertex 2.36332 -0.470094 1.7871
      vertex 2.12714 -0.64526 2.01468
      vertex 2.30586 -0.699476 1.7871
    endloop
  endfacet
  facet normal 0.706681 -0.0347053 0.706681
    outer loop
      vertex 2.22285 0 2.01468
      vertex 2.01468 0 2.22285
      vertex 2.21215 -0.217877 2.01468
    endloop
  endfacet
  facet normal 0.238321 0.951438 0.194857
    outer loop
      vertex 0.578936 2.91051 0.440191
      vertex 0.567731 2.85418 0.72894
      vertex 0.861428 2.83975 0.440191
    endloop
  endfacet
  facet normal 0.620542 0.684669 0.382302
    outer loop
      vertex 1.99732 1.99732 1.01067
      vertex 1.72045 2.09638 1.28267
      vertex 1.91765 1.91765 1.28267
    endloop
  endfacet
  facet normal 0.627985 0.0931841 0.772627
    outer loop
      vertex 1.97596 0.393044 2.22285
      vertex 1.75276 0.348645 2.40962
      vertex 2.00498 0.197473 2.22285
    endloop
  endfacet
  facet normal 0.772456 -0.0379386 0.633935
    outer loop
      vertex 2.40962 0 1.7871
      vertex 2.21215 -0.217877 2.01468
      vertex 2.39802 -0.236184 1.7871
    endloop
  endfacet
  facet normal 0.830594 0.297197 0.470943
    outer loop
      vertex 2.50553 1.03782 1.28267
      vertex 2.46239 0.746956 1.54231
      vertex 2.59519 0.787242 1.28267
    endloop
  endfacet
  facet normal 0.872599 0.129429 0.470976
    outer loop
      vertex 2.69891 0.265819 1.28267
      vertex 2.52374 0.502003 1.54231
      vertex 2.56079 0.252215 1.54231
    endloop
  endfacet
  facet normal 0.634085 -0.0311467 0.772636
    outer loop
      vertex 2.01468 0 2.22285
      vertex 1.7871 0 2.40962
      vertex 2.00498 -0.197473 2.22285
    endloop
  endfacet
  facet normal 0.615828 -0.154246 0.772635
    outer loop
      vertex 1.75276 -0.348645 2.40962
      vertex 1.71015 -0.518766 2.40962
      vertex 1.92793 -0.584829 2.22285
    endloop
  endfacet
  facet normal 0.046955 0.955887 0.289959
    outer loop
      vertex 0 2.91009 0.72894
      vertex 0 2.82463 1.01067
      vertex 0.276862 2.81103 1.01067
    endloop
  endfacet
  facet normal 0.684676 0.620539 0.382296
    outer loop
      vertex 2.18347 1.79193 1.01067
      vertex 1.99732 1.99732 1.01067
      vertex 2.09638 1.72045 1.28267
    endloop
  endfacet
  facet normal -0.709139 0.642685 0.289961
    outer loop
      vertex -2.05775 2.05775 0.72894
      vertex -2.24953 1.84614 0.72894
      vertex -1.99732 1.99732 1.01067
    endloop
  endfacet
  facet normal -0.0408035 0.830787 0.555093
    outer loop
      vertex 0 2.40962 1.7871
      vertex -0.252215 2.56079 1.54231
      vertex -0.236184 2.39802 1.7871
    endloop
  endfacet
  facet normal 0.471294 -0.0231668 0.881672
    outer loop
      vertex 1.28267 0 2.71197
      vertex 1.27649 -0.125723 2.71197
      vertex 1.53488 -0.151173 2.57318
    endloop
  endfacet
  facet normal 0.114635 0.457728 0.881671
    outer loop
      vertex 0.300889 1.51267 2.57318
      vertex 0.250236 1.25802 2.71197
      vertex 0.447708 1.4759 2.57318
    endloop
  endfacet
  facet normal 0.475165 0.524228 0.706685
    outer loop
      vertex 1.57179 1.57179 2.01468
      vertex 1.2781 1.55737 2.22285
      vertex 1.42459 1.42459 2.22285
    endloop
  endfacet
  facet normal 0.373394 0.412005 0.831161
    outer loop
      vertex 1.26367 1.26367 2.40962
      vertex 0.97843 1.19222 2.57318
      vertex 1.09058 1.09058 2.57318
    endloop
  endfacet
  facet normal 0.923494 0.33044 0.194853
    outer loop
      vertex 2.74164 1.13562 0.440191
      vertex 2.68858 1.11364 0.72894
      vertex 2.83975 0.861428 0.440191
    endloop
  endfacet
  facet normal 0.896346 0.224546 0.382286
    outer loop
      vertex 2.703 0.819947 1.01067
      vertex 2.65986 0.529078 1.28267
      vertex 2.77036 0.551058 1.01067
    endloop
  endfacet
  facet normal 0.951438 0.238321 0.194857
    outer loop
      vertex 2.91051 0.578936 0.440191
      vertex 2.83975 0.861428 0.440191
      vertex 2.85418 0.567731 0.72894
    endloop
  endfacet
  facet normal 0.713432 0.42763 0.55511
    outer loop
      vertex 2.13953 1.42958 1.54231
      vertex 2.00353 1.33871 1.7871
      vertex 2.1251 1.13589 1.7871
    endloop
  endfacet
  facet normal 0.570113 0.768702 0.289945
    outer loop
      vertex 1.84614 2.24953 0.72894
      vertex 1.56928 2.3486 1.01067
      vertex 1.79193 2.18347 1.01067
    endloop
  endfacet
  facet normal 0.768702 0.570113 0.289945
    outer loop
      vertex 2.24953 1.84614 0.72894
      vertex 2.18347 1.79193 1.01067
      vertex 2.3486 1.56928 1.01067
    endloop
  endfacet
  facet normal 0.787808 0.58428 0.194875
    outer loop
      vertex 2.46741 1.64867 0.440191
      vertex 2.29393 1.88258 0.440191
      vertex 2.41965 1.61676 0.72894
    endloop
  endfacet
  facet normal 0.737367 0.668358 0.0979159
    outer loop
      vertex 2.31624 1.90089 0.147202
      vertex 2.11876 2.11876 0.147202
      vertex 2.29393 1.88258 0.440191
    endloop
  endfacet
  facet normal 0.740927 0.671585 0
    outer loop
      vertex 2.31624 1.90089 0.147202
      vertex 2.11876 2.11876 0
      vertex 2.11876 2.11876 0.147202
    endloop
  endfacet
  facet normal 0.740927 0.671585 0
    outer loop
      vertex 2.11876 2.11876 0
      vertex 2.31624 1.90089 0.147202
      vertex 2.31624 1.90089 0
    endloop
  endfacet
  facet normal 0.336877 0.941549 -0
    outer loop
      vertex 1.14667 2.7683 0
      vertex 0.869804 2.86736 0.147202
      vertex 1.14667 2.7683 0.147202
    endloop
  endfacet
  facet normal 0.336877 0.941549 0
    outer loop
      vertex 0.869804 2.86736 0.147202
      vertex 1.14667 2.7683 0
      vertex 0.869804 2.86736 0
    endloop
  endfacet
  facet normal -0.360678 0.129034 0.923722
    outer loop
      vertex -1.22743 0.372337 2.71197
      vertex -1.11881 0.430838 2.74621
      vertex -1.18503 0.490854 2.71197
    endloop
  endfacet
  facet normal -0.360693 0.129067 0.923711
    outer loop
      vertex -1.11881 0.430838 2.74621
      vertex -1.22743 0.372337 2.71197
      vertex -1.14833 0.348341 2.74621
    endloop
  endfacet
  facet normal -0.797466 0.377171 0.470946
    outer loop
      vertex -2.39174 1.27841 1.28267
      vertex -2.50553 1.03782 1.28267
      vertex -2.26935 1.21299 1.54231
    endloop
  endfacet
  facet normal 0.103848 0.699852 0.706698
    outer loop
      vertex 0.433657 2.18014 2.01468
      vertex 0.197473 2.00498 2.22285
      vertex 0.393044 1.97596 2.22285
    endloop
  endfacet
  facet normal 0.122058 0.822784 0.555093
    outer loop
      vertex 0.252215 2.56079 1.54231
      vertex 0.236184 2.39802 1.7871
      vertex 0.470094 2.36332 1.7871
    endloop
  endfacet
  facet normal -0.154229 0.615842 0.772627
    outer loop
      vertex -0.393044 1.97596 2.22285
      vertex -0.584829 1.92793 2.22285
      vertex -0.348645 1.75276 2.40962
    endloop
  endfacet
  facet normal 0.224536 0.896353 0.382277
    outer loop
      vertex 0.819947 2.703 1.01067
      vertex 0.529078 2.65986 1.28267
      vertex 0.787242 2.59519 1.28267
    endloop
  endfacet
  facet normal -0.684676 0.620539 0.382296
    outer loop
      vertex -1.99732 1.99732 1.01067
      vertex -2.18347 1.79193 1.01067
      vertex -2.09638 1.72045 1.28267
    endloop
  endfacet
  facet normal -0.671585 0.740927 0
    outer loop
      vertex -1.90089 2.31624 0
      vertex -2.11876 2.11876 0.147202
      vertex -1.90089 2.31624 0.147202
    endloop
  endfacet
  facet normal -0.671585 0.740927 0
    outer loop
      vertex -2.11876 2.11876 0.147202
      vertex -1.90089 2.31624 0
      vertex -2.11876 2.11876 0
    endloop
  endfacet
  facet normal -0.914046 -0.135583 0.38228
    outer loop
      vertex -2.69891 -0.265819 1.28267
      vertex -2.81103 -0.276862 1.01067
      vertex -2.65986 -0.529078 1.28267
    endloop
  endfacet
  facet normal -0.998795 -0.0490732 0
    outer loop
      vertex -2.98196 -0.293696 0
      vertex -2.99639 0 0.147202
      vertex -2.99639 0 0
    endloop
  endfacet
  facet normal -0.998795 -0.0490732 0
    outer loop
      vertex -2.99639 0 0.147202
      vertex -2.98196 -0.293696 0
      vertex -2.98196 -0.293696 0.147202
    endloop
  endfacet
  facet normal -0.984425 -0.146023 0.0979068
    outer loop
      vertex -2.95324 -0.290868 0.440191
      vertex -2.98196 -0.293696 0.147202
      vertex -2.91051 -0.578936 0.440191
    endloop
  endfacet
  facet normal -0.951438 -0.23832 0.194856
    outer loop
      vertex -2.78479 -0.844755 0.72894
      vertex -2.85418 -0.567731 0.72894
      vertex -2.83975 -0.861428 0.440191
    endloop
  endfacet
  facet normal -0.855724 0.214358 0.470943
    outer loop
      vertex -2.59519 0.787242 1.28267
      vertex -2.65986 0.529078 1.28267
      vertex -2.46239 0.746956 1.54231
    endloop
  endfacet
  facet normal -0.872599 0.129429 0.470976
    outer loop
      vertex -2.52374 0.502003 1.54231
      vertex -2.69891 0.265819 1.28267
      vertex -2.56079 0.252215 1.54231
    endloop
  endfacet
  facet normal -0.914044 0.135575 0.382286
    outer loop
      vertex -2.77036 0.551058 1.01067
      vertex -2.81103 0.276862 1.01067
      vertex -2.65986 0.529078 1.28267
    endloop
  endfacet
  facet normal -0.881081 -0.0432829 0.47098
    outer loop
      vertex -2.57318 0 1.54231
      vertex -2.71197 0 1.28267
      vertex -2.56079 -0.252215 1.54231
    endloop
  endfacet
  facet normal -0.806835 0.202111 0.555129
    outer loop
      vertex -2.30586 0.699476 1.7871
      vertex -2.46239 0.746956 1.54231
      vertex -2.36332 0.470094 1.7871
    endloop
  endfacet
  facet normal -0.896353 0.224536 0.382277
    outer loop
      vertex -2.59519 0.787242 1.28267
      vertex -2.703 0.819947 1.01067
      vertex -2.65986 0.529078 1.28267
    endloop
  endfacet
  facet normal -0.979646 0.0481288 0.194878
    outer loop
      vertex -2.95324 0.290868 0.440191
      vertex -2.96753 0 0.440191
      vertex -2.91009 0 0.72894
    endloop
  endfacet
  facet normal -0.993996 0.0488375 0.0979106
    outer loop
      vertex -2.98196 0.293696 0.147202
      vertex -2.99639 0 0.147202
      vertex -2.96753 0 0.440191
    endloop
  endfacet
  facet normal -0.937025 0.335259 0.0979071
    outer loop
      vertex -2.7683 1.14667 0.147202
      vertex -2.86736 0.869804 0.147202
      vertex -2.74164 1.13562 0.440191
    endloop
  endfacet
  facet normal -0.993997 0.0488339 0.097907
    outer loop
      vertex -2.95324 0.290868 0.440191
      vertex -2.98196 0.293696 0.147202
      vertex -2.96753 0 0.440191
    endloop
  endfacet
  facet normal -0.260552 -0.728187 0.633921
    outer loop
      vertex -0.64526 -2.12714 2.01468
      vertex -0.850649 -2.05365 2.01468
      vertex -0.699476 -2.30586 1.7871
    endloop
  endfacet
  facet normal 0.146038 -0.984424 0.0978919
    outer loop
      vertex 0.578936 -2.91051 0.440191
      vertex 0.293696 -2.98196 0.147202
      vertex 0.584565 -2.93881 0.147202
    endloop
  endfacet
  facet normal 0.0931841 -0.627985 0.772627
    outer loop
      vertex 0.348645 -1.75276 2.40962
      vertex 0.197473 -2.00498 2.22285
      vertex 0.393044 -1.97596 2.22285
    endloop
  endfacet
  facet normal -0.427545 -0.903994 0
    outer loop
      vertex -1.41249 -2.64258 0
      vertex -1.14667 -2.7683 0.147202
      vertex -1.41249 -2.64258 0.147202
    endloop
  endfacet
  facet normal -0.427545 -0.903994 -0
    outer loop
      vertex -1.14667 -2.7683 0.147202
      vertex -1.41249 -2.64258 0
      vertex -1.14667 -2.7683 0
    endloop
  endfacet
  facet normal -0.146743 -0.989175 0
    outer loop
      vertex -0.584565 -2.93881 0
      vertex -0.293696 -2.98196 0.147202
      vertex -0.584565 -2.93881 0.147202
    endloop
  endfacet
  facet normal -0.146743 -0.989175 -0
    outer loop
      vertex -0.293696 -2.98196 0.147202
      vertex -0.584565 -2.93881 0
      vertex -0.293696 -2.98196 0
    endloop
  endfacet
  facet normal -0.998795 0.0490732 0
    outer loop
      vertex -2.99639 0 0
      vertex -2.98196 0.293696 0.147202
      vertex -2.98196 0.293696 0
    endloop
  endfacet
  facet normal -0.998795 0.0490732 0
    outer loop
      vertex -2.98196 0.293696 0.147202
      vertex -2.99639 0 0
      vertex -2.99639 0 0.147202
    endloop
  endfacet
  facet normal -0.989175 -0.146743 0
    outer loop
      vertex -2.93881 -0.584565 0
      vertex -2.98196 -0.293696 0.147202
      vertex -2.98196 -0.293696 0
    endloop
  endfacet
  facet normal -0.989175 -0.146743 0
    outer loop
      vertex -2.98196 -0.293696 0.147202
      vertex -2.93881 -0.584565 0
      vertex -2.93881 -0.584565 0.147202
    endloop
  endfacet
  facet normal -0.699142 -0.330654 0.63393
    outer loop
      vertex -2.05365 -0.850649 2.01468
      vertex -2.2262 -0.922122 1.7871
      vertex -2.1251 -1.13589 1.7871
    endloop
  endfacet
  facet normal -0.699115 -0.330676 0.633949
    outer loop
      vertex -2.05365 -0.850649 2.01468
      vertex -2.1251 -1.13589 1.7871
      vertex -1.96038 -1.04784 2.01468
    endloop
  endfacet
  facet normal -0.835328 -0.395079 0.382282
    outer loop
      vertex -2.39174 -1.27841 1.28267
      vertex -2.50553 -1.03782 1.28267
      vertex -2.4911 -1.33152 1.01067
    endloop
  endfacet
  facet normal -0.914044 -0.135575 0.382286
    outer loop
      vertex -2.65986 -0.529078 1.28267
      vertex -2.81103 -0.276862 1.01067
      vertex -2.77036 -0.551058 1.01067
    endloop
  endfacet
  facet normal 0.615842 -0.154229 0.772627
    outer loop
      vertex 1.97596 -0.393044 2.22285
      vertex 1.75276 -0.348645 2.40962
      vertex 1.92793 -0.584829 2.22285
    endloop
  endfacet
  facet normal -0.457728 -0.114635 0.881671
    outer loop
      vertex -1.25802 -0.250236 2.71197
      vertex -1.51267 -0.300889 2.57318
      vertex -1.4759 -0.447708 2.57318
    endloop
  endfacet
  facet normal 0.122039 -0.822778 0.555105
    outer loop
      vertex 0.470094 -2.36332 1.7871
      vertex 0.252215 -2.56079 1.54231
      vertex 0.502003 -2.52374 1.54231
    endloop
  endfacet
  facet normal -0.597725 -0.213895 0.77264
    outer loop
      vertex -1.71015 -0.518766 2.40962
      vertex -1.86132 -0.770983 2.22285
      vertex -1.65106 -0.683892 2.40962
    endloop
  endfacet
  facet normal -0.639607 -0.302502 0.706679
    outer loop
      vertex -1.86132 -0.770983 2.22285
      vertex -1.96038 -1.04784 2.01468
      vertex -1.77679 -0.949712 2.22285
    endloop
  endfacet
  facet normal 0.899651 -0.425491 0.0979093
    outer loop
      vertex 2.74164 -1.13562 0.440191
      vertex 2.64258 -1.41249 0.147202
      vertex 2.7683 -1.14667 0.147202
    endloop
  endfacet
  facet normal -0.113488 -0.765014 0.633935
    outer loop
      vertex -0.217877 -2.21215 2.01468
      vertex -0.470094 -2.36332 1.7871
      vertex -0.236184 -2.39802 1.7871
    endloop
  endfacet
  facet normal 0.955887 0.046955 0.289959
    outer loop
      vertex 2.91009 0 0.72894
      vertex 2.81103 0.276862 1.01067
      vertex 2.82463 0 1.01067
    endloop
  endfacet
  facet normal 0.937025 -0.335259 0.0979071
    outer loop
      vertex 2.86736 -0.869804 0.147202
      vertex 2.74164 -1.13562 0.440191
      vertex 2.7683 -1.14667 0.147202
    endloop
  endfacet
  facet normal 0.865145 -0.409198 0.289968
    outer loop
      vertex 2.60962 -1.08094 1.01067
      vertex 2.4911 -1.33152 1.01067
      vertex 2.68858 -1.11364 0.72894
    endloop
  endfacet
  facet normal 0.742194 -0.550454 0.382294
    outer loop
      vertex 2.3486 -1.56928 1.01067
      vertex 2.09638 -1.72045 1.28267
      vertex 2.18347 -1.79193 1.01067
    endloop
  endfacet
  facet normal 0.241817 -0.965371 0.0978917
    outer loop
      vertex 0.869804 -2.86736 0.147202
      vertex 0.578936 -2.91051 0.440191
      vertex 0.584565 -2.93881 0.147202
    endloop
  endfacet
  facet normal 0.941549 -0.336877 0
    outer loop
      vertex 2.7683 -1.14667 0.147202
      vertex 2.86736 -0.869804 0
      vertex 2.86736 -0.869804 0.147202
    endloop
  endfacet
  facet normal 0.941549 -0.336877 0
    outer loop
      vertex 2.86736 -0.869804 0
      vertex 2.7683 -1.14667 0.147202
      vertex 2.7683 -1.14667 0
    endloop
  endfacet
  facet normal 0.841282 -0.504251 0.194873
    outer loop
      vertex 2.56647 -1.37181 0.72894
      vertex 2.46741 -1.64867 0.440191
      vertex 2.61713 -1.39888 0.440191
    endloop
  endfacet
  facet normal 0.872599 -0.129429 0.470976
    outer loop
      vertex 2.56079 -0.252215 1.54231
      vertex 2.52374 -0.502003 1.54231
      vertex 2.69891 -0.265819 1.28267
    endloop
  endfacet
  facet normal 0.765016 -0.113487 0.633934
    outer loop
      vertex 2.21215 -0.217877 2.01468
      vertex 2.18014 -0.433657 2.01468
      vertex 2.36332 -0.470094 1.7871
    endloop
  endfacet
  facet normal 0.881083 -0.0432887 0.470976
    outer loop
      vertex 2.71197 0 1.28267
      vertex 2.56079 -0.252215 1.54231
      vertex 2.69891 -0.265819 1.28267
    endloop
  endfacet
  facet normal 0.946681 -0.140414 0.289963
    outer loop
      vertex 2.89608 -0.285238 0.72894
      vertex 2.81103 -0.276862 1.01067
      vertex 2.85418 -0.567731 0.72894
    endloop
  endfacet
  facet normal 0.616318 -0.558576 0.555109
    outer loop
      vertex 1.86266 -1.52865 1.7871
      vertex 1.81952 -1.81952 1.54231
      vertex 1.9891 -1.63241 1.54231
    endloop
  endfacet
  facet normal 0.425493 -0.899649 0.0979117
    outer loop
      vertex 1.39888 -2.61713 0.440191
      vertex 1.13562 -2.74164 0.440191
      vertex 1.41249 -2.64258 0.147202
    endloop
  endfacet
  facet normal 0.597725 -0.213895 0.77264
    outer loop
      vertex 1.71015 -0.518766 2.40962
      vertex 1.65106 -0.683892 2.40962
      vertex 1.86132 -0.770983 2.22285
    endloop
  endfacet
  facet normal 0.382587 0.018807 0.923728
    outer loop
      vertex 1.28267 0 2.71197
      vertex 1.19852 0.0301073 2.74621
      vertex 1.2 0 2.74621
    endloop
  endfacet
  facet normal 0.830594 -0.297197 0.470943
    outer loop
      vertex 2.59519 -0.787242 1.28267
      vertex 2.46239 -0.746956 1.54231
      vertex 2.50553 -1.03782 1.28267
    endloop
  endfacet
  facet normal 0.783135 -0.280238 0.555128
    outer loop
      vertex 2.46239 -0.746956 1.54231
      vertex 2.30586 -0.699476 1.7871
      vertex 2.37731 -0.984715 1.54231
    endloop
  endfacet
  facet normal 0.783165 -0.280207 0.555101
    outer loop
      vertex 2.30586 -0.699476 1.7871
      vertex 2.2262 -0.922122 1.7871
      vertex 2.37731 -0.984715 1.54231
    endloop
  endfacet
  facet normal 0.68632 -0.17188 0.706698
    outer loop
      vertex 1.97596 -0.393044 2.22285
      vertex 1.92793 -0.584829 2.22285
      vertex 2.18014 -0.433657 2.01468
    endloop
  endfacet
  facet normal -0.584279 0.787808 0.194875
    outer loop
      vertex -1.61676 2.41965 0.72894
      vertex -1.88258 2.29393 0.440191
      vertex -1.84614 2.24953 0.72894
    endloop
  endfacet
  facet normal 0.39509 0.835317 0.382296
    outer loop
      vertex 1.08094 2.60962 1.01067
      vertex 1.03782 2.50553 1.28267
      vertex 1.33152 2.4911 1.01067
    endloop
  endfacet
  facet normal -0.58428 0.787808 0.194875
    outer loop
      vertex -1.64867 2.46741 0.440191
      vertex -1.88258 2.29393 0.440191
      vertex -1.61676 2.41965 0.72894
    endloop
  endfacet
  facet normal 0.154246 0.615828 0.772635
    outer loop
      vertex 0.584829 1.92793 2.22285
      vertex 0.348645 1.75276 2.40962
      vertex 0.518766 1.71015 2.40962
    endloop
  endfacet
  facet normal 0.425491 0.899651 0.0979093
    outer loop
      vertex 1.14667 2.7683 0.147202
      vertex 1.13562 2.74164 0.440191
      vertex 1.41249 2.64258 0.147202
    endloop
  endfacet
  facet normal 0.146743 0.989175 -0
    outer loop
      vertex 0.584565 2.93881 0
      vertex 0.293696 2.98196 0.147202
      vertex 0.584565 2.93881 0.147202
    endloop
  endfacet
  facet normal 0.146743 0.989175 0
    outer loop
      vertex 0.293696 2.98196 0.147202
      vertex 0.584565 2.93881 0
      vertex 0.293696 2.98196 0
    endloop
  endfacet
  facet normal 0.830782 0.040812 0.555099
    outer loop
      vertex 2.56079 0.252215 1.54231
      vertex 2.40962 0 1.7871
      vertex 2.57318 0 1.54231
    endloop
  endfacet
  facet normal 0.955885 0.0469501 0.289963
    outer loop
      vertex 2.89608 0.285238 0.72894
      vertex 2.81103 0.276862 1.01067
      vertex 2.91009 0 0.72894
    endloop
  endfacet
  facet normal 0.728186 0.260536 0.63393
    outer loop
      vertex 2.2262 0.922122 1.7871
      vertex 2.05365 0.850649 2.01468
      vertex 2.30586 0.699476 1.7871
    endloop
  endfacet
  facet normal 0.404736 0.242582 0.88167
    outer loop
      vertex 1.28238 0.85686 2.57318
      vertex 1.0665 0.71261 2.71197
      vertex 1.36019 0.727038 2.57318
    endloop
  endfacet
  facet normal 0.713441 0.427623 0.555103
    outer loop
      vertex 2.13953 1.42958 1.54231
      vertex 2.1251 1.13589 1.7871
      vertex 2.26935 1.21299 1.54231
    endloop
  endfacet
  facet normal 0.756647 0.45352 0.470961
    outer loop
      vertex 2.25492 1.50669 1.28267
      vertex 2.13953 1.42958 1.54231
      vertex 2.26935 1.21299 1.54231
    endloop
  endfacet
  facet normal 0.699852 -0.103848 0.706698
    outer loop
      vertex 2.00498 -0.197473 2.22285
      vertex 1.97596 -0.393044 2.22285
      vertex 2.18014 -0.433657 2.01468
    endloop
  endfacet
  facet normal 0.706677 -0.0347124 0.706684
    outer loop
      vertex 2.01468 0 2.22285
      vertex 2.00498 -0.197473 2.22285
      vertex 2.21215 -0.217877 2.01468
    endloop
  endfacet
  facet normal 0.377153 0.797467 0.470959
    outer loop
      vertex 1.03782 2.50553 1.28267
      vertex 0.984715 2.37731 1.54231
      vertex 1.21299 2.26935 1.54231
    endloop
  endfacet
  facet normal 0.42146 0.568294 0.706692
    outer loop
      vertex 1.23495 1.84823 2.01468
      vertex 1.11929 1.67514 2.22285
      vertex 1.41016 1.71829 2.01468
    endloop
  endfacet
  facet normal 0.668358 0.737367 0.0979159
    outer loop
      vertex 1.90089 2.31624 0.147202
      vertex 1.88258 2.29393 0.440191
      vertex 2.11876 2.11876 0.147202
    endloop
  endfacet
  facet normal 0.33044 0.923494 0.194853
    outer loop
      vertex 1.13562 2.74164 0.440191
      vertex 0.861428 2.83975 0.440191
      vertex 1.11364 2.68858 0.72894
    endloop
  endfacet
  facet normal -0.238359 0.666162 0.706692
    outer loop
      vertex -0.64526 2.12714 2.01468
      vertex -0.850649 2.05365 2.01468
      vertex -0.770983 1.86132 2.22285
    endloop
  endfacet
  facet normal 0.42636 0.470383 0.772629
    outer loop
      vertex 1.2781 1.55737 2.22285
      vertex 1.26367 1.26367 2.40962
      vertex 1.42459 1.42459 2.22285
    endloop
  endfacet
  facet normal 0.283836 0.257251 0.92372
    outer loop
      vertex 0.991513 0.813714 2.71197
      vertex 0.907369 0.783607 2.74621
      vertex 0.927612 0.761272 2.74621
    endloop
  endfacet
  facet normal 0.242582 0.404736 0.88167
    outer loop
      vertex 0.727038 1.36019 2.57318
      vertex 0.71261 1.0665 2.71197
      vertex 0.85686 1.28238 2.57318
    endloop
  endfacet
  facet normal 0.444274 0.158941 0.881679
    outer loop
      vertex 1.4759 0.447708 2.57318
      vertex 1.18503 0.490854 2.71197
      vertex 1.22743 0.372337 2.71197
    endloop
  endfacet
  facet normal 0.444275 0.158964 0.881675
    outer loop
      vertex 1.42491 0.590216 2.57318
      vertex 1.18503 0.490854 2.71197
      vertex 1.4759 0.447708 2.57318
    endloop
  endfacet
  facet normal 0.519366 0.573036 0.633947
    outer loop
      vertex 1.70386 1.70386 1.7871
      vertex 1.52865 1.86266 1.7871
      vertex 1.57179 1.57179 2.01468
    endloop
  endfacet
  facet normal 0.373392 0.412009 0.83116
    outer loop
      vertex 1.13372 1.38144 2.40962
      vertex 0.97843 1.19222 2.57318
      vertex 1.26367 1.26367 2.40962
    endloop
  endfacet
  facet normal 0.634074 0.0311669 0.772644
    outer loop
      vertex 2.00498 0.197473 2.22285
      vertex 1.77849 0.175166 2.40962
      vertex 1.7871 0 2.40962
    endloop
  endfacet
  facet normal 0.544514 0.326398 0.772637
    outer loop
      vertex 1.67514 1.11929 2.22285
      vertex 1.57608 0.842432 2.40962
      vertex 1.77679 0.949712 2.22285
    endloop
  endfacet
  facet normal 0.634085 0.0311467 0.772636
    outer loop
      vertex 2.00498 0.197473 2.22285
      vertex 1.7871 0 2.40962
      vertex 2.01468 0 2.22285
    endloop
  endfacet
  facet normal 0.699142 0.330654 0.63393
    outer loop
      vertex 2.1251 1.13589 1.7871
      vertex 2.05365 0.850649 2.01468
      vertex 2.2262 0.922122 1.7871
    endloop
  endfacet
  facet normal 0.606861 0.363741 0.706691
    outer loop
      vertex 1.84823 1.23495 2.01468
      vertex 1.67514 1.11929 2.22285
      vertex 1.96038 1.04784 2.01468
    endloop
  endfacet
  facet normal 0.68632 0.17188 0.706698
    outer loop
      vertex 2.18014 0.433657 2.01468
      vertex 1.92793 0.584829 2.22285
      vertex 1.97596 0.393044 2.22285
    endloop
  endfacet
  facet normal 0.989175 0.146743 0
    outer loop
      vertex 2.98196 0.293696 0.147202
      vertex 2.93881 0.584565 0
      vertex 2.93881 0.584565 0.147202
    endloop
  endfacet
  facet normal 0.989175 0.146743 0
    outer loop
      vertex 2.93881 0.584565 0
      vertex 2.98196 0.293696 0.147202
      vertex 2.98196 0.293696 0
    endloop
  endfacet
  facet normal 0.914046 -0.135583 0.38228
    outer loop
      vertex 2.69891 -0.265819 1.28267
      vertex 2.65986 -0.529078 1.28267
      vertex 2.81103 -0.276862 1.01067
    endloop
  endfacet
  facet normal 0.93702 0.33528 0.0978856
    outer loop
      vertex 2.86736 0.869804 0.147202
      vertex 2.74164 1.13562 0.440191
      vertex 2.83975 0.861428 0.440191
    endloop
  endfacet
  facet normal 0.92835 0.232537 0.289989
    outer loop
      vertex 2.78479 0.844755 0.72894
      vertex 2.703 0.819947 1.01067
      vertex 2.85418 0.567731 0.72894
    endloop
  endfacet
  facet normal 0.951438 0.23832 0.194856
    outer loop
      vertex 2.83975 0.861428 0.440191
      vertex 2.78479 0.844755 0.72894
      vertex 2.85418 0.567731 0.72894
    endloop
  endfacet
  facet normal 0.592421 0.653642 0.470945
    outer loop
      vertex 1.91765 1.91765 1.28267
      vertex 1.72045 2.09638 1.28267
      vertex 1.81952 1.81952 1.54231
    endloop
  endfacet
  facet normal 0.620539 0.684676 0.382296
    outer loop
      vertex 1.79193 2.18347 1.01067
      vertex 1.72045 2.09638 1.28267
      vertex 1.99732 1.99732 1.01067
    endloop
  endfacet
  facet normal 0.709139 0.642685 0.289961
    outer loop
      vertex 2.05775 2.05775 0.72894
      vertex 1.99732 1.99732 1.01067
      vertex 2.24953 1.84614 0.72894
    endloop
  endfacet
  facet normal 0.70913 0.642702 0.289944
    outer loop
      vertex 2.24953 1.84614 0.72894
      vertex 1.99732 1.99732 1.01067
      vertex 2.18347 1.79193 1.01067
    endloop
  endfacet
  facet normal 0.901097 0.322401 0.28997
    outer loop
      vertex 2.68858 1.11364 0.72894
      vertex 2.60962 1.08094 1.01067
      vertex 2.703 0.819947 1.01067
    endloop
  endfacet
  facet normal 0.886652 0.419371 0.194876
    outer loop
      vertex 2.61713 1.39888 0.440191
      vertex 2.56647 1.37181 0.72894
      vertex 2.68858 1.11364 0.72894
    endloop
  endfacet
  facet normal 0.658684 0.726752 0.194849
    outer loop
      vertex 2.09836 2.09836 0.440191
      vertex 1.88258 2.29393 0.440191
      vertex 2.05775 2.05775 0.72894
    endloop
  endfacet
  facet normal 0.737396 0.668331 0.0978769
    outer loop
      vertex 2.11876 2.11876 0.147202
      vertex 2.09836 2.09836 0.440191
      vertex 2.29393 1.88258 0.440191
    endloop
  endfacet
  facet normal 0.799349 0.59284 0.0978863
    outer loop
      vertex 2.4914 1.6647 0.147202
      vertex 2.29393 1.88258 0.440191
      vertex 2.46741 1.64867 0.440191
    endloop
  endfacet
  facet normal 0.799365 0.592814 0.0979158
    outer loop
      vertex 2.31624 1.90089 0.147202
      vertex 2.29393 1.88258 0.440191
      vertex 2.4914 1.6647 0.147202
    endloop
  endfacet
  facet normal -0.409198 0.865145 0.289968
    outer loop
      vertex -1.11364 2.68858 0.72894
      vertex -1.33152 2.4911 1.01067
      vertex -1.08094 2.60962 1.01067
    endloop
  endfacet
  facet normal -0.899651 -0.425491 0.0979093
    outer loop
      vertex -2.74164 -1.13562 0.440191
      vertex -2.7683 -1.14667 0.147202
      vertex -2.64258 -1.41249 0.147202
    endloop
  endfacet
  facet normal -0.768702 -0.570113 0.289945
    outer loop
      vertex -2.18347 -1.79193 1.01067
      vertex -2.3486 -1.56928 1.01067
      vertex -2.24953 -1.84614 0.72894
    endloop
  endfacet
  facet normal -0.466756 -0.0692376 0.881672
    outer loop
      vertex -1.27649 -0.125723 2.71197
      vertex -1.53488 -0.151173 2.57318
      vertex -1.25802 -0.250236 2.71197
    endloop
  endfacet
  facet normal -0.706681 -0.0347053 0.706681
    outer loop
      vertex -2.01468 0 2.22285
      vertex -2.22285 0 2.01468
      vertex -2.21215 -0.217877 2.01468
    endloop
  endfacet
  facet normal -0.382594 0.018799 0.923725
    outer loop
      vertex -1.27649 0.125723 2.71197
      vertex -1.19852 0.0301073 2.74621
      vertex -1.19422 0.11762 2.74621
    endloop
  endfacet
  facet normal -0.382587 0.0188063 0.923728
    outer loop
      vertex -1.19852 0.0301073 2.74621
      vertex -1.27649 0.125723 2.71197
      vertex -1.28267 0 2.71197
    endloop
  endfacet
  facet normal -0.666163 -0.238368 0.706688
    outer loop
      vertex -1.92793 -0.584829 2.22285
      vertex -2.12714 -0.64526 2.01468
      vertex -1.86132 -0.770983 2.22285
    endloop
  endfacet
  facet normal -0.772454 -0.0379354 0.633936
    outer loop
      vertex -2.22285 0 2.01468
      vertex -2.40962 0 1.7871
      vertex -2.21215 -0.217877 2.01468
    endloop
  endfacet
  facet normal -0.830787 -0.0408035 0.555093
    outer loop
      vertex -2.40962 0 1.7871
      vertex -2.56079 -0.252215 1.54231
      vertex -2.39802 -0.236184 1.7871
    endloop
  endfacet
  facet normal -0.0481288 0.979646 0.194878
    outer loop
      vertex 0 2.96753 0.440191
      vertex -0.290868 2.95324 0.440191
      vertex 0 2.91009 0.72894
    endloop
  endfacet
  facet normal -0.128997 0.360708 0.923715
    outer loop
      vertex -0.430838 1.11881 2.74621
      vertex -0.490854 1.18503 2.71197
      vertex -0.45922 1.10866 2.74621
    endloop
  endfacet
  facet normal -0.713441 0.427623 0.555103
    outer loop
      vertex -2.13953 1.42958 1.54231
      vertex -2.26935 1.21299 1.54231
      vertex -2.1251 1.13589 1.7871
    endloop
  endfacet
  facet normal -0.79259 0.475034 0.382288
    outer loop
      vertex -2.3486 1.56928 1.01067
      vertex -2.4911 1.33152 1.01067
      vertex -2.25492 1.50669 1.28267
    endloop
  endfacet
  facet normal -0.642702 0.70913 0.289944
    outer loop
      vertex -1.84614 2.24953 0.72894
      vertex -1.99732 1.99732 1.01067
      vertex -1.79193 2.18347 1.01067
    endloop
  endfacet
  facet normal -0.841282 0.504251 0.194873
    outer loop
      vertex -2.46741 1.64867 0.440191
      vertex -2.61713 1.39888 0.440191
      vertex -2.56647 1.37181 0.72894
    endloop
  endfacet
  facet normal -0.799349 0.59284 0.0978863
    outer loop
      vertex -2.29393 1.88258 0.440191
      vertex -2.4914 1.6647 0.147202
      vertex -2.46741 1.64867 0.440191
    endloop
  endfacet
  facet normal -0.901085 -0.322418 0.289988
    outer loop
      vertex -2.703 -0.819947 1.01067
      vertex -2.78479 -0.844755 0.72894
      vertex -2.68858 -1.11364 0.72894
    endloop
  endfacet
  facet normal -0.92835 -0.232537 0.289989
    outer loop
      vertex -2.703 -0.819947 1.01067
      vertex -2.85418 -0.567731 0.72894
      vertex -2.78479 -0.844755 0.72894
    endloop
  endfacet
  facet normal -0.970218 -0.143905 0.194857
    outer loop
      vertex -2.89608 -0.285238 0.72894
      vertex -2.91051 -0.578936 0.440191
      vertex -2.85418 -0.567731 0.72894
    endloop
  endfacet
  facet normal -0.979649 -0.0481173 0.194867
    outer loop
      vertex -2.91009 0 0.72894
      vertex -2.95324 -0.290868 0.440191
      vertex -2.89608 -0.285238 0.72894
    endloop
  endfacet
  facet normal -0.946681 -0.140414 0.289963
    outer loop
      vertex -2.81103 -0.276862 1.01067
      vertex -2.89608 -0.285238 0.72894
      vertex -2.85418 -0.567731 0.72894
    endloop
  endfacet
  facet normal -0.955885 -0.0469501 0.289963
    outer loop
      vertex -2.81103 -0.276862 1.01067
      vertex -2.91009 0 0.72894
      vertex -2.89608 -0.285238 0.72894
    endloop
  endfacet
  facet normal -0.92835 0.232537 0.289989
    outer loop
      vertex -2.78479 0.844755 0.72894
      vertex -2.85418 0.567731 0.72894
      vertex -2.703 0.819947 1.01067
    endloop
  endfacet
  facet normal -0.94668 0.140416 0.289965
    outer loop
      vertex -2.77036 0.551058 1.01067
      vertex -2.85418 0.567731 0.72894
      vertex -2.81103 0.276862 1.01067
    endloop
  endfacet
  facet normal -0.955887 -0.046955 0.289959
    outer loop
      vertex -2.82463 0 1.01067
      vertex -2.91009 0 0.72894
      vertex -2.81103 -0.276862 1.01067
    endloop
  endfacet
  facet normal -0.922934 -0.0453363 0.382279
    outer loop
      vertex -2.69891 -0.265819 1.28267
      vertex -2.82463 0 1.01067
      vertex -2.81103 -0.276862 1.01067
    endloop
  endfacet
  facet normal -0.822778 0.122039 0.555105
    outer loop
      vertex -2.52374 0.502003 1.54231
      vertex -2.56079 0.252215 1.54231
      vertex -2.36332 0.470094 1.7871
    endloop
  endfacet
  facet normal -0.470383 0.42636 0.772629
    outer loop
      vertex -1.42459 1.42459 2.22285
      vertex -1.55737 1.2781 2.22285
      vertex -1.26367 1.26367 2.40962
    endloop
  endfacet
  facet normal -0.946681 0.140414 0.289963
    outer loop
      vertex -2.85418 0.567731 0.72894
      vertex -2.89608 0.285238 0.72894
      vertex -2.81103 0.276862 1.01067
    endloop
  endfacet
  facet normal -0.886665 0.419352 0.194854
    outer loop
      vertex -2.61713 1.39888 0.440191
      vertex -2.74164 1.13562 0.440191
      vertex -2.68858 1.11364 0.72894
    endloop
  endfacet
  facet normal -0.787808 0.58428 0.194875
    outer loop
      vertex -2.29393 1.88258 0.440191
      vertex -2.46741 1.64867 0.440191
      vertex -2.41965 1.61676 0.72894
    endloop
  endfacet
  facet normal -0.923495 0.330437 0.194857
    outer loop
      vertex -2.68858 1.11364 0.72894
      vertex -2.83975 0.861428 0.440191
      vertex -2.78479 0.844755 0.72894
    endloop
  endfacet
  facet normal -0.0481288 -0.979646 0.194878
    outer loop
      vertex 0 -2.91009 0.72894
      vertex -0.290868 -2.95324 0.440191
      vertex 0 -2.96753 0.440191
    endloop
  endfacet
  facet normal -0.241817 -0.965371 0.0978917
    outer loop
      vertex -0.578936 -2.91051 0.440191
      vertex -0.869804 -2.86736 0.147202
      vertex -0.584565 -2.93881 0.147202
    endloop
  endfacet
  facet normal 0.544543 -0.32638 0.772625
    outer loop
      vertex 1.57608 -0.842432 2.40962
      vertex 1.48592 -0.992858 2.40962
      vertex 1.67514 -1.11929 2.22285
    endloop
  endfacet
  facet normal 0.046955 -0.955887 0.289959
    outer loop
      vertex 0 -2.82463 1.01067
      vertex 0 -2.91009 0.72894
      vertex 0.276862 -2.81103 1.01067
    endloop
  endfacet
  facet normal -0.33044 -0.923494 0.194853
    outer loop
      vertex -1.11364 -2.68858 0.72894
      vertex -1.13562 -2.74164 0.440191
      vertex -0.861428 -2.83975 0.440191
    endloop
  endfacet
  facet normal -0.70913 -0.642702 0.289944
    outer loop
      vertex -2.18347 -1.79193 1.01067
      vertex -2.24953 -1.84614 0.72894
      vertex -1.99732 -1.99732 1.01067
    endloop
  endfacet
  facet normal 0.146023 -0.984425 0.0979068
    outer loop
      vertex 0.578936 -2.91051 0.440191
      vertex 0.290868 -2.95324 0.440191
      vertex 0.293696 -2.98196 0.147202
    endloop
  endfacet
  facet normal -0.322418 -0.901085 0.289988
    outer loop
      vertex -0.819947 -2.703 1.01067
      vertex -1.11364 -2.68858 0.72894
      vertex -0.844755 -2.78479 0.72894
    endloop
  endfacet
  facet normal -0.33528 -0.93702 0.0978856
    outer loop
      vertex -0.861428 -2.83975 0.440191
      vertex -1.13562 -2.74164 0.440191
      vertex -0.869804 -2.86736 0.147202
    endloop
  endfacet
  facet normal -0.504251 -0.841282 0.194873
    outer loop
      vertex -1.37181 -2.56647 0.72894
      vertex -1.64867 -2.46741 0.440191
      vertex -1.39888 -2.61713 0.440191
    endloop
  endfacet
  facet normal -0.937025 -0.335259 0.0979071
    outer loop
      vertex -2.74164 -1.13562 0.440191
      vertex -2.86736 -0.869804 0.147202
      vertex -2.7683 -1.14667 0.147202
    endloop
  endfacet
  facet normal -0.93702 -0.33528 0.0978856
    outer loop
      vertex -2.83975 -0.861428 0.440191
      vertex -2.86736 -0.869804 0.147202
      vertex -2.74164 -1.13562 0.440191
    endloop
  endfacet
  facet normal -0.803225 -0.595676 0
    outer loop
      vertex -2.31624 -1.90089 0
      vertex -2.4914 -1.6647 0.147202
      vertex -2.4914 -1.6647 0
    endloop
  endfacet
  facet normal -0.803225 -0.595676 0
    outer loop
      vertex -2.4914 -1.6647 0.147202
      vertex -2.31624 -1.90089 0
      vertex -2.31624 -1.90089 0.147202
    endloop
  endfacet
  facet normal -0.69987 -0.103823 0.706684
    outer loop
      vertex -2.00498 -0.197473 2.22285
      vertex -2.21215 -0.217877 2.01468
      vertex -2.18014 -0.433657 2.01468
    endloop
  endfacet
  facet normal -0.765016 -0.113487 0.633934
    outer loop
      vertex -2.21215 -0.217877 2.01468
      vertex -2.36332 -0.470094 1.7871
      vertex -2.18014 -0.433657 2.01468
    endloop
  endfacet
  facet normal -0.830782 -0.040812 0.555099
    outer loop
      vertex -2.40962 0 1.7871
      vertex -2.57318 0 1.54231
      vertex -2.56079 -0.252215 1.54231
    endloop
  endfacet
  facet normal -0.881083 0.0432887 0.470976
    outer loop
      vertex -2.69891 0.265819 1.28267
      vertex -2.71197 0 1.28267
      vertex -2.56079 0.252215 1.54231
    endloop
  endfacet
  facet normal -0.509922 -0.378147 0.772648
    outer loop
      vertex -1.38144 -1.13372 2.40962
      vertex -1.67514 -1.11929 2.22285
      vertex -1.55737 -1.2781 2.22285
    endloop
  endfacet
  facet normal -0.737367 -0.668358 0.0979159
    outer loop
      vertex -2.29393 -1.88258 0.440191
      vertex -2.31624 -1.90089 0.147202
      vertex -2.11876 -2.11876 0.147202
    endloop
  endfacet
  facet normal -0.419371 -0.886652 0.194876
    outer loop
      vertex -1.37181 -2.56647 0.72894
      vertex -1.39888 -2.61713 0.440191
      vertex -1.11364 -2.68858 0.72894
    endloop
  endfacet
  facet normal -0.409198 -0.865145 0.289968
    outer loop
      vertex -1.08094 -2.60962 1.01067
      vertex -1.33152 -2.4911 1.01067
      vertex -1.11364 -2.68858 0.72894
    endloop
  endfacet
  facet normal -0.899649 -0.425493 0.0979117
    outer loop
      vertex -2.61713 -1.39888 0.440191
      vertex -2.74164 -1.13562 0.440191
      vertex -2.64258 -1.41249 0.147202
    endloop
  endfacet
  facet normal -0.886665 -0.419352 0.194854
    outer loop
      vertex -2.68858 -1.11364 0.72894
      vertex -2.74164 -1.13562 0.440191
      vertex -2.61713 -1.39888 0.440191
    endloop
  endfacet
  facet normal 0.187322 -0.523532 0.831159
    outer loop
      vertex 0.590216 -1.42491 2.57318
      vertex 0.447708 -1.4759 2.57318
      vertex 0.683892 -1.65106 2.40962
    endloop
  endfacet
  facet normal 0.201766 -0.426545 0.881674
    outer loop
      vertex 0.727038 -1.36019 2.57318
      vertex 0.490854 -1.18503 2.71197
      vertex 0.590216 -1.42491 2.57318
    endloop
  endfacet
  facet normal -0.281098 -0.379001 0.88167
    outer loop
      vertex -0.813714 -0.991513 2.71197
      vertex -0.85686 -1.28238 2.57318
      vertex -0.71261 -1.0665 2.71197
    endloop
  endfacet
  facet normal 0.018807 -0.382587 0.923728
    outer loop
      vertex 0 -1.2 2.74621
      vertex 0 -1.28267 2.71197
      vertex 0.0301073 -1.19852 2.74621
    endloop
  endfacet
  facet normal 0.0231637 -0.471295 0.881671
    outer loop
      vertex 0 -1.28267 2.71197
      vertex 0 -1.54231 2.57318
      vertex 0.151173 -1.53488 2.57318
    endloop
  endfacet
  facet normal 0.129436 -0.872601 0.470971
    outer loop
      vertex 0.502003 -2.52374 1.54231
      vertex 0.265819 -2.69891 1.28267
      vertex 0.529078 -2.65986 1.28267
    endloop
  endfacet
  facet normal 0.330654 -0.699142 0.63393
    outer loop
      vertex 1.13589 -2.1251 1.7871
      vertex 0.850649 -2.05365 2.01468
      vertex 0.922122 -2.2262 1.7871
    endloop
  endfacet
  facet normal -0.70855 -0.5255 0.470963
    outer loop
      vertex -2.13953 -1.42958 1.54231
      vertex -2.25492 -1.50669 1.28267
      vertex -1.9891 -1.63241 1.54231
    endloop
  endfacet
  facet normal -0.573898 -0.271425 0.772638
    outer loop
      vertex -1.57608 -0.842432 2.40962
      vertex -1.86132 -0.770983 2.22285
      vertex -1.77679 -0.949712 2.22285
    endloop
  endfacet
  facet normal -0.446585 -0.331241 0.831169
    outer loop
      vertex -1.28238 -0.85686 2.57318
      vertex -1.48592 -0.992858 2.40962
      vertex -1.38144 -1.13372 2.40962
    endloop
  endfacet
  facet normal -0.349635 -0.316869 0.881674
    outer loop
      vertex -0.991513 -0.813714 2.71197
      vertex -1.19222 -0.97843 2.57318
      vertex -1.09058 -1.09058 2.57318
    endloop
  endfacet
  facet normal 0.511637 -0.853605 0.0979136
    outer loop
      vertex 1.64867 -2.46741 0.440191
      vertex 1.39888 -2.61713 0.440191
      vertex 1.41249 -2.64258 0.147202
    endloop
  endfacet
  facet normal 0.989175 -0.146743 0
    outer loop
      vertex 2.93881 -0.584565 0.147202
      vertex 2.98196 -0.293696 0
      vertex 2.98196 -0.293696 0.147202
    endloop
  endfacet
  facet normal 0.989175 -0.146743 0
    outer loop
      vertex 2.98196 -0.293696 0
      vertex 2.93881 -0.584565 0.147202
      vertex 2.93881 -0.584565 0
    endloop
  endfacet
  facet normal 0.92835 -0.232537 0.289989
    outer loop
      vertex 2.85418 -0.567731 0.72894
      vertex 2.703 -0.819947 1.01067
      vertex 2.78479 -0.844755 0.72894
    endloop
  endfacet
  facet normal 0.726752 -0.658684 0.194849
    outer loop
      vertex 2.29393 -1.88258 0.440191
      vertex 2.05775 -2.05775 0.72894
      vertex 2.09836 -2.09836 0.440191
    endloop
  endfacet
  facet normal 0.97003 -0.242984 0
    outer loop
      vertex 2.86736 -0.869804 0.147202
      vertex 2.93881 -0.584565 0
      vertex 2.93881 -0.584565 0.147202
    endloop
  endfacet
  facet normal 0.97003 -0.242984 0
    outer loop
      vertex 2.93881 -0.584565 0
      vertex 2.86736 -0.869804 0.147202
      vertex 2.86736 -0.869804 0
    endloop
  endfacet
  facet normal 0.853605 -0.511637 0.0979136
    outer loop
      vertex 2.61713 -1.39888 0.440191
      vertex 2.46741 -1.64867 0.440191
      vertex 2.64258 -1.41249 0.147202
    endloop
  endfacet
  facet normal 0.901097 -0.322401 0.28997
    outer loop
      vertex 2.703 -0.819947 1.01067
      vertex 2.60962 -1.08094 1.01067
      vertex 2.68858 -1.11364 0.72894
    endloop
  endfacet
  facet normal 0.93702 -0.33528 0.0978856
    outer loop
      vertex 2.83975 -0.861428 0.440191
      vertex 2.74164 -1.13562 0.440191
      vertex 2.86736 -0.869804 0.147202
    endloop
  endfacet
  facet normal 0.550454 -0.742194 0.382294
    outer loop
      vertex 1.72045 -2.09638 1.28267
      vertex 1.56928 -2.3486 1.01067
      vertex 1.79193 -2.18347 1.01067
    endloop
  endfacet
  facet normal 0.59284 -0.799349 0.0978863
    outer loop
      vertex 1.88258 -2.29393 0.440191
      vertex 1.64867 -2.46741 0.440191
      vertex 1.6647 -2.4914 0.147202
    endloop
  endfacet
  facet normal 0.23832 -0.951438 0.194856
    outer loop
      vertex 0.844755 -2.78479 0.72894
      vertex 0.567731 -2.85418 0.72894
      vertex 0.861428 -2.83975 0.440191
    endloop
  endfacet
  facet normal 0.979649 0.0481173 0.194867
    outer loop
      vertex 2.95324 0.290868 0.440191
      vertex 2.89608 0.285238 0.72894
      vertex 2.91009 0 0.72894
    endloop
  endfacet
  facet normal 0.772454 -0.0379354 0.633936
    outer loop
      vertex 2.22285 0 2.01468
      vertex 2.21215 -0.217877 2.01468
      vertex 2.40962 0 1.7871
    endloop
  endfacet
  facet normal 0.970218 -0.143905 0.194857
    outer loop
      vertex 2.89608 -0.285238 0.72894
      vertex 2.85418 -0.567731 0.72894
      vertex 2.91051 -0.578936 0.440191
    endloop
  endfacet
  facet normal 0.951438 -0.23832 0.194856
    outer loop
      vertex 2.85418 -0.567731 0.72894
      vertex 2.78479 -0.844755 0.72894
      vertex 2.83975 -0.861428 0.440191
    endloop
  endfacet
  facet normal 0.830787 0.0408035 0.555093
    outer loop
      vertex 2.56079 0.252215 1.54231
      vertex 2.39802 0.236184 1.7871
      vertex 2.40962 0 1.7871
    endloop
  endfacet
  facet normal 0.922937 -0.045345 0.382272
    outer loop
      vertex 2.71197 0 1.28267
      vertex 2.69891 -0.265819 1.28267
      vertex 2.82463 0 1.01067
    endloop
  endfacet
  facet normal 0.592408 -0.653647 0.470955
    outer loop
      vertex 1.81952 -1.81952 1.54231
      vertex 1.63241 -1.9891 1.54231
      vertex 1.72045 -2.09638 1.28267
    endloop
  endfacet
  facet normal 0.475162 -0.524235 0.706681
    outer loop
      vertex 1.57179 -1.57179 2.01468
      vertex 1.2781 -1.55737 2.22285
      vertex 1.41016 -1.71829 2.01468
    endloop
  endfacet
  facet normal 0.363741 -0.606861 0.706691
    outer loop
      vertex 1.11929 -1.67514 2.22285
      vertex 1.04784 -1.96038 2.01468
      vertex 1.23495 -1.84823 2.01468
    endloop
  endfacet
  facet normal 0.699142 -0.330654 0.63393
    outer loop
      vertex 2.2262 -0.922122 1.7871
      vertex 2.05365 -0.850649 2.01468
      vertex 2.1251 -1.13589 1.7871
    endloop
  endfacet
  facet normal 0.523515 -0.187339 0.831165
    outer loop
      vertex 1.71015 -0.518766 2.40962
      vertex 1.4759 -0.447708 2.57318
      vertex 1.65106 -0.683892 2.40962
    endloop
  endfacet
  facet normal 0.444274 -0.158941 0.881679
    outer loop
      vertex 1.22743 -0.372337 2.71197
      vertex 1.18503 -0.490854 2.71197
      vertex 1.4759 -0.447708 2.57318
    endloop
  endfacet
  facet normal 0.457728 -0.114635 0.881671
    outer loop
      vertex 1.51267 -0.300889 2.57318
      vertex 1.25802 -0.250236 2.71197
      vertex 1.4759 -0.447708 2.57318
    endloop
  endfacet
  facet normal 0.806835 -0.202111 0.555129
    outer loop
      vertex 2.36332 -0.470094 1.7871
      vertex 2.30586 -0.699476 1.7871
      vertex 2.46239 -0.746956 1.54231
    endloop
  endfacet
  facet normal 0.728187 -0.260552 0.633921
    outer loop
      vertex 2.12714 -0.64526 2.01468
      vertex 2.05365 -0.850649 2.01468
      vertex 2.30586 -0.699476 1.7871
    endloop
  endfacet
  facet normal 0.797467 -0.377153 0.470959
    outer loop
      vertex 2.37731 -0.984715 1.54231
      vertex 2.26935 -1.21299 1.54231
      vertex 2.50553 -1.03782 1.28267
    endloop
  endfacet
  facet normal 0.830578 -0.297215 0.470961
    outer loop
      vertex 2.46239 -0.746956 1.54231
      vertex 2.37731 -0.984715 1.54231
      vertex 2.50553 -1.03782 1.28267
    endloop
  endfacet
  facet normal 0.663344 -0.397595 0.63395
    outer loop
      vertex 1.96038 -1.04784 2.01468
      vertex 1.84823 -1.23495 2.01468
      vertex 2.1251 -1.13589 1.7871
    endloop
  endfacet
  facet normal 0.639585 -0.302519 0.706691
    outer loop
      vertex 2.05365 -0.850649 2.01468
      vertex 1.86132 -0.770983 2.22285
      vertex 1.96038 -1.04784 2.01468
    endloop
  endfacet
  facet normal -0.21432 0.855718 0.470971
    outer loop
      vertex -0.529078 2.65986 1.28267
      vertex -0.746956 2.46239 1.54231
      vertex -0.502003 2.52374 1.54231
    endloop
  endfacet
  facet normal -0.143915 0.970214 0.194867
    outer loop
      vertex -0.290868 2.95324 0.440191
      vertex -0.578936 2.91051 0.440191
      vertex -0.285238 2.89608 0.72894
    endloop
  endfacet
  facet normal 0.146023 0.984425 0.0979068
    outer loop
      vertex 0.293696 2.98196 0.147202
      vertex 0.290868 2.95324 0.440191
      vertex 0.578936 2.91051 0.440191
    endloop
  endfacet
  facet normal 0.135583 0.914046 0.38228
    outer loop
      vertex 0.276862 2.81103 1.01067
      vertex 0.265819 2.69891 1.28267
      vertex 0.529078 2.65986 1.28267
    endloop
  endfacet
  facet normal 0.241817 0.965371 0.0978917
    outer loop
      vertex 0.584565 2.93881 0.147202
      vertex 0.578936 2.91051 0.440191
      vertex 0.869804 2.86736 0.147202
    endloop
  endfacet
  facet normal -0.242984 0.97003 0
    outer loop
      vertex -0.584565 2.93881 0
      vertex -0.869804 2.86736 0.147202
      vertex -0.584565 2.93881 0.147202
    endloop
  endfacet
  facet normal -0.242984 0.97003 0
    outer loop
      vertex -0.869804 2.86736 0.147202
      vertex -0.584565 2.93881 0
      vertex -0.869804 2.86736 0
    endloop
  endfacet
  facet normal -0.336877 0.941549 0
    outer loop
      vertex -0.869804 2.86736 0
      vertex -1.14667 2.7683 0.147202
      vertex -0.869804 2.86736 0.147202
    endloop
  endfacet
  facet normal -0.336877 0.941549 0
    outer loop
      vertex -1.14667 2.7683 0.147202
      vertex -0.869804 2.86736 0
      vertex -1.14667 2.7683 0
    endloop
  endfacet
  facet normal -0.146038 0.984424 0.0978919
    outer loop
      vertex -0.293696 2.98196 0.147202
      vertex -0.584565 2.93881 0.147202
      vertex -0.578936 2.91051 0.440191
    endloop
  endfacet
  facet normal -0.425491 0.899651 0.0979093
    outer loop
      vertex -1.14667 2.7683 0.147202
      vertex -1.41249 2.64258 0.147202
      vertex -1.13562 2.74164 0.440191
    endloop
  endfacet
  facet normal -0.419371 0.886652 0.194876
    outer loop
      vertex -1.11364 2.68858 0.72894
      vertex -1.39888 2.61713 0.440191
      vertex -1.37181 2.56647 0.72894
    endloop
  endfacet
  facet normal -0.285844 0.476916 0.83117
    outer loop
      vertex -0.842432 1.57608 2.40962
      vertex -0.85686 1.28238 2.57318
      vertex -0.727038 1.36019 2.57318
    endloop
  endfacet
  facet normal -0.616318 0.558576 0.555109
    outer loop
      vertex -1.81952 1.81952 1.54231
      vertex -1.9891 1.63241 1.54231
      vertex -1.86266 1.52865 1.7871
    endloop
  endfacet
  facet normal -0.621199 0.460696 0.633933
    outer loop
      vertex -1.71829 1.41016 2.01468
      vertex -1.86266 1.52865 1.7871
      vertex -1.84823 1.23495 2.01468
    endloop
  endfacet
  facet normal 0.23832 0.951438 0.194856
    outer loop
      vertex 0.861428 2.83975 0.440191
      vertex 0.567731 2.85418 0.72894
      vertex 0.844755 2.78479 0.72894
    endloop
  endfacet
  facet normal 0.322418 0.901085 0.289988
    outer loop
      vertex 0.844755 2.78479 0.72894
      vertex 0.819947 2.703 1.01067
      vertex 1.11364 2.68858 0.72894
    endloop
  endfacet
  facet normal 0.242984 0.97003 -0
    outer loop
      vertex 0.869804 2.86736 0
      vertex 0.584565 2.93881 0.147202
      vertex 0.869804 2.86736 0.147202
    endloop
  endfacet
  facet normal 0.242984 0.97003 0
    outer loop
      vertex 0.584565 2.93881 0.147202
      vertex 0.869804 2.86736 0
      vertex 0.584565 2.93881 0
    endloop
  endfacet
  facet normal 0.855724 0.214358 0.470943
    outer loop
      vertex 2.59519 0.787242 1.28267
      vertex 2.46239 0.746956 1.54231
      vertex 2.65986 0.529078 1.28267
    endloop
  endfacet
  facet normal 0.896353 0.224536 0.382277
    outer loop
      vertex 2.703 0.819947 1.01067
      vertex 2.59519 0.787242 1.28267
      vertex 2.65986 0.529078 1.28267
    endloop
  endfacet
  facet normal 0.706677 0.0347124 0.706684
    outer loop
      vertex 2.21215 0.217877 2.01468
      vertex 2.00498 0.197473 2.22285
      vertex 2.01468 0 2.22285
    endloop
  endfacet
  facet normal 0.706681 0.0347053 0.706681
    outer loop
      vertex 2.21215 0.217877 2.01468
      vertex 2.01468 0 2.22285
      vertex 2.22285 0 2.01468
    endloop
  endfacet
  facet normal 0.751929 0.355616 0.555103
    outer loop
      vertex 2.26935 1.21299 1.54231
      vertex 2.1251 1.13589 1.7871
      vertex 2.37731 0.984715 1.54231
    endloop
  endfacet
  facet normal 0.783135 0.280238 0.555128
    outer loop
      vertex 2.37731 0.984715 1.54231
      vertex 2.30586 0.699476 1.7871
      vertex 2.46239 0.746956 1.54231
    endloop
  endfacet
  facet normal 0.865145 0.409199 0.289968
    outer loop
      vertex 2.56647 1.37181 0.72894
      vertex 2.4911 1.33152 1.01067
      vertex 2.68858 1.11364 0.72894
    endloop
  endfacet
  facet normal 0.756664 0.453508 0.470947
    outer loop
      vertex 2.39174 1.27841 1.28267
      vertex 2.25492 1.50669 1.28267
      vertex 2.26935 1.21299 1.54231
    endloop
  endfacet
  facet normal 0.765014 -0.113488 0.633935
    outer loop
      vertex 2.39802 -0.236184 1.7871
      vertex 2.21215 -0.217877 2.01468
      vertex 2.36332 -0.470094 1.7871
    endloop
  endfacet
  facet normal 0.830782 -0.040812 0.555099
    outer loop
      vertex 2.57318 0 1.54231
      vertex 2.40962 0 1.7871
      vertex 2.56079 -0.252215 1.54231
    endloop
  endfacet
  facet normal 0.330437 0.923495 0.194857
    outer loop
      vertex 0.861428 2.83975 0.440191
      vertex 0.844755 2.78479 0.72894
      vertex 1.11364 2.68858 0.72894
    endloop
  endfacet
  facet normal 0.419371 0.886652 0.194876
    outer loop
      vertex 1.39888 2.61713 0.440191
      vertex 1.11364 2.68858 0.72894
      vertex 1.37181 2.56647 0.72894
    endloop
  endfacet
  facet normal 0.330676 0.699115 0.633949
    outer loop
      vertex 1.13589 2.1251 1.7871
      vertex 0.850649 2.05365 2.01468
      vertex 1.04784 1.96038 2.01468
    endloop
  endfacet
  facet normal 0.238368 0.666163 0.706688
    outer loop
      vertex 0.64526 2.12714 2.01468
      vertex 0.584829 1.92793 2.22285
      vertex 0.770983 1.86132 2.22285
    endloop
  endfacet
  facet normal 0.42763 0.713432 0.55511
    outer loop
      vertex 1.42958 2.13953 1.54231
      vertex 1.13589 2.1251 1.7871
      vertex 1.33871 2.00353 1.7871
    endloop
  endfacet
  facet normal 0.363741 0.606861 0.706691
    outer loop
      vertex 1.23495 1.84823 2.01468
      vertex 1.04784 1.96038 2.01468
      vertex 1.11929 1.67514 2.22285
    endloop
  endfacet
  facet normal 0.491999 0.820897 0.28994
    outer loop
      vertex 1.61676 2.41965 0.72894
      vertex 1.33152 2.4911 1.01067
      vertex 1.56928 2.3486 1.01067
    endloop
  endfacet
  facet normal 0.377171 0.797466 0.470946
    outer loop
      vertex 1.27841 2.39174 1.28267
      vertex 1.03782 2.50553 1.28267
      vertex 1.21299 2.26935 1.54231
    endloop
  endfacet
  facet normal 0.475162 0.524235 0.706681
    outer loop
      vertex 1.41016 1.71829 2.01468
      vertex 1.2781 1.55737 2.22285
      vertex 1.57179 1.57179 2.01468
    endloop
  endfacet
  facet normal 0.524235 0.475162 0.706681
    outer loop
      vertex 1.57179 1.57179 2.01468
      vertex 1.55737 1.2781 2.22285
      vertex 1.71829 1.41016 2.01468
    endloop
  endfacet
  facet normal 0.242581 0.404737 0.88167
    outer loop
      vertex 0.727038 1.36019 2.57318
      vertex 0.604644 1.13121 2.71197
      vertex 0.71261 1.0665 2.71197
    endloop
  endfacet
  facet normal 0.378147 0.509922 0.772648
    outer loop
      vertex 1.2781 1.55737 2.22285
      vertex 1.11929 1.67514 2.22285
      vertex 1.13372 1.38144 2.40962
    endloop
  endfacet
  facet normal -0.113487 0.765016 0.633934
    outer loop
      vertex -0.217877 2.21215 2.01468
      vertex -0.470094 2.36332 1.7871
      vertex -0.433657 2.18014 2.01468
    endloop
  endfacet
  facet normal 0.50991 0.37821 0.772625
    outer loop
      vertex 1.67514 1.11929 2.22285
      vertex 1.38144 1.13372 2.40962
      vertex 1.48592 0.992858 2.40962
    endloop
  endfacet
  facet normal 0.158964 0.444275 0.881675
    outer loop
      vertex 0.590216 1.42491 2.57318
      vertex 0.447708 1.4759 2.57318
      vertex 0.490854 1.18503 2.71197
    endloop
  endfacet
  facet normal 0.257253 0.283836 0.92372
    outer loop
      vertex 0.783607 0.907369 2.74621
      vertex 0.906981 0.906981 2.71197
      vertex 0.813714 0.991513 2.71197
    endloop
  endfacet
  facet normal 0.257253 0.283835 0.92372
    outer loop
      vertex 0.906981 0.906981 2.71197
      vertex 0.783607 0.907369 2.74621
      vertex 0.848528 0.848528 2.74621
    endloop
  endfacet
  facet normal 0.360678 0.129034 0.923722
    outer loop
      vertex 1.11881 0.430838 2.74621
      vertex 1.22743 0.372337 2.71197
      vertex 1.18503 0.490854 2.71197
    endloop
  endfacet
  facet normal 0.360693 0.129067 0.923711
    outer loop
      vertex 1.22743 0.372337 2.71197
      vertex 1.11881 0.430838 2.74621
      vertex 1.14833 0.348341 2.74621
    endloop
  endfacet
  facet normal 0.360708 0.128997 0.923715
    outer loop
      vertex 1.18503 0.490854 2.71197
      vertex 1.10866 0.45922 2.74621
      vertex 1.11881 0.430838 2.74621
    endloop
  endfacet
  facet normal 0.699115 0.330676 0.633949
    outer loop
      vertex 2.1251 1.13589 1.7871
      vertex 1.96038 1.04784 2.01468
      vertex 2.05365 0.850649 2.01468
    endloop
  endfacet
  facet normal 0.426545 0.201766 0.881674
    outer loop
      vertex 1.36019 0.727038 2.57318
      vertex 1.18503 0.490854 2.71197
      vertex 1.42491 0.590216 2.57318
    endloop
  endfacet
  facet normal 0.412005 0.373394 0.831161
    outer loop
      vertex 1.26367 1.26367 2.40962
      vertex 1.09058 1.09058 2.57318
      vertex 1.19222 0.97843 2.57318
    endloop
  endfacet
  facet normal 0.331241 0.446585 0.831169
    outer loop
      vertex 0.992858 1.48592 2.40962
      vertex 0.85686 1.28238 2.57318
      vertex 1.13372 1.38144 2.40962
    endloop
  endfacet
  facet normal 0.502622 0.237752 0.831171
    outer loop
      vertex 1.57608 0.842432 2.40962
      vertex 1.36019 0.727038 2.57318
      vertex 1.42491 0.590216 2.57318
    endloop
  endfacet
  facet normal 0.460704 0.621184 0.633942
    outer loop
      vertex 1.33871 2.00353 1.7871
      vertex 1.23495 1.84823 2.01468
      vertex 1.52865 1.86266 1.7871
    endloop
  endfacet
  facet normal 0.32638 0.544543 0.772625
    outer loop
      vertex 1.11929 1.67514 2.22285
      vertex 0.842432 1.57608 2.40962
      vertex 0.992858 1.48592 2.40962
    endloop
  endfacet
  facet normal 0.558582 0.616304 0.555118
    outer loop
      vertex 1.81952 1.81952 1.54231
      vertex 1.52865 1.86266 1.7871
      vertex 1.70386 1.70386 1.7871
    endloop
  endfacet
  facet normal 0.539361 0.13508 0.83117
    outer loop
      vertex 1.75276 0.348645 2.40962
      vertex 1.4759 0.447708 2.57318
      vertex 1.51267 0.300889 2.57318
    endloop
  endfacet
  facet normal 0.555356 0.0272976 0.831164
    outer loop
      vertex 1.77849 0.175166 2.40962
      vertex 1.53488 0.151173 2.57318
      vertex 1.7871 0 2.40962
    endloop
  endfacet
  facet normal 0.544543 0.32638 0.772625
    outer loop
      vertex 1.67514 1.11929 2.22285
      vertex 1.48592 0.992858 2.40962
      vertex 1.57608 0.842432 2.40962
    endloop
  endfacet
  facet normal 0.639585 0.302519 0.706691
    outer loop
      vertex 1.96038 1.04784 2.01468
      vertex 1.86132 0.770983 2.22285
      vertex 2.05365 0.850649 2.01468
    endloop
  endfacet
  facet normal 0.830578 0.297215 0.470961
    outer loop
      vertex 2.50553 1.03782 1.28267
      vertex 2.37731 0.984715 1.54231
      vertex 2.46239 0.746956 1.54231
    endloop
  endfacet
  facet normal 0.615828 0.154246 0.772635
    outer loop
      vertex 1.92793 0.584829 2.22285
      vertex 1.71015 0.518766 2.40962
      vertex 1.75276 0.348645 2.40962
    endloop
  endfacet
  facet normal 0.899651 0.425491 0.0979093
    outer loop
      vertex 2.7683 1.14667 0.147202
      vertex 2.64258 1.41249 0.147202
      vertex 2.74164 1.13562 0.440191
    endloop
  endfacet
  facet normal 0.899649 0.425493 0.0979117
    outer loop
      vertex 2.64258 1.41249 0.147202
      vertex 2.61713 1.39888 0.440191
      vertex 2.74164 1.13562 0.440191
    endloop
  endfacet
  facet normal 0.914044 0.135575 0.382286
    outer loop
      vertex 2.77036 0.551058 1.01067
      vertex 2.65986 0.529078 1.28267
      vertex 2.81103 0.276862 1.01067
    endloop
  endfacet
  facet normal 0.92835 0.232563 0.289965
    outer loop
      vertex 2.85418 0.567731 0.72894
      vertex 2.703 0.819947 1.01067
      vertex 2.77036 0.551058 1.01067
    endloop
  endfacet
  facet normal 0.922934 -0.0453363 0.382279
    outer loop
      vertex 2.82463 0 1.01067
      vertex 2.69891 -0.265819 1.28267
      vertex 2.81103 -0.276862 1.01067
    endloop
  endfacet
  facet normal 0.946681 0.140414 0.289963
    outer loop
      vertex 2.85418 0.567731 0.72894
      vertex 2.81103 0.276862 1.01067
      vertex 2.89608 0.285238 0.72894
    endloop
  endfacet
  facet normal 0.923495 0.330437 0.194857
    outer loop
      vertex 2.83975 0.861428 0.440191
      vertex 2.68858 1.11364 0.72894
      vertex 2.78479 0.844755 0.72894
    endloop
  endfacet
  facet normal 0.901085 0.322418 0.289988
    outer loop
      vertex 2.78479 0.844755 0.72894
      vertex 2.68858 1.11364 0.72894
      vertex 2.703 0.819947 1.01067
    endloop
  endfacet
  facet normal 0.5255 0.70855 0.470963
    outer loop
      vertex 1.50669 2.25492 1.28267
      vertex 1.42958 2.13953 1.54231
      vertex 1.63241 1.9891 1.54231
    endloop
  endfacet
  facet normal 0.52551 0.708547 0.470956
    outer loop
      vertex 1.72045 2.09638 1.28267
      vertex 1.50669 2.25492 1.28267
      vertex 1.63241 1.9891 1.54231
    endloop
  endfacet
  facet normal 0.742194 0.550454 0.382294
    outer loop
      vertex 2.18347 1.79193 1.01067
      vertex 2.09638 1.72045 1.28267
      vertex 2.3486 1.56928 1.01067
    endloop
  endfacet
  facet normal 0.84128 0.504253 0.194876
    outer loop
      vertex 2.46741 1.64867 0.440191
      vertex 2.41965 1.61676 0.72894
      vertex 2.56647 1.37181 0.72894
    endloop
  endfacet
  facet normal 0.853593 0.511662 0.0978864
    outer loop
      vertex 2.4914 1.6647 0.147202
      vertex 2.46741 1.64867 0.440191
      vertex 2.64258 1.41249 0.147202
    endloop
  endfacet
  facet normal 0.726766 0.658661 0.194875
    outer loop
      vertex 2.29393 1.88258 0.440191
      vertex 2.05775 2.05775 0.72894
      vertex 2.24953 1.84614 0.72894
    endloop
  endfacet
  facet normal 0.820873 0.492021 0.289968
    outer loop
      vertex 2.56647 1.37181 0.72894
      vertex 2.41965 1.61676 0.72894
      vertex 2.4911 1.33152 1.01067
    endloop
  endfacet
  facet normal 0.841282 0.504251 0.194873
    outer loop
      vertex 2.61713 1.39888 0.440191
      vertex 2.46741 1.64867 0.440191
      vertex 2.56647 1.37181 0.72894
    endloop
  endfacet
  facet normal 0.671585 0.740927 -0
    outer loop
      vertex 2.11876 2.11876 0
      vertex 1.90089 2.31624 0.147202
      vertex 2.11876 2.11876 0.147202
    endloop
  endfacet
  facet normal 0.671585 0.740927 0
    outer loop
      vertex 1.90089 2.31624 0.147202
      vertex 2.11876 2.11876 0
      vertex 1.90089 2.31624 0
    endloop
  endfacet
  facet normal 0.595676 0.803225 -0
    outer loop
      vertex 1.90089 2.31624 0
      vertex 1.6647 2.4914 0.147202
      vertex 1.90089 2.31624 0.147202
    endloop
  endfacet
  facet normal 0.595676 0.803225 0
    outer loop
      vertex 1.6647 2.4914 0.147202
      vertex 1.90089 2.31624 0
      vertex 1.6647 2.4914 0
    endloop
  endfacet
  facet normal 0.668331 0.737396 0.0978769
    outer loop
      vertex 2.11876 2.11876 0.147202
      vertex 1.88258 2.29393 0.440191
      vertex 2.09836 2.09836 0.440191
    endloop
  endfacet
  facet normal 0.511662 0.853593 0.0978864
    outer loop
      vertex 1.6647 2.4914 0.147202
      vertex 1.41249 2.64258 0.147202
      vertex 1.64867 2.46741 0.440191
    endloop
  endfacet
  facet normal 0.803225 0.595676 0
    outer loop
      vertex 2.4914 1.6647 0.147202
      vertex 2.31624 1.90089 0
      vertex 2.31624 1.90089 0.147202
    endloop
  endfacet
  facet normal 0.803225 0.595676 0
    outer loop
      vertex 2.31624 1.90089 0
      vertex 2.4914 1.6647 0.147202
      vertex 2.4914 1.6647 0
    endloop
  endfacet
  facet normal 0.903994 0.427545 0
    outer loop
      vertex 2.7683 1.14667 0.147202
      vertex 2.64258 1.41249 0
      vertex 2.64258 1.41249 0.147202
    endloop
  endfacet
  facet normal 0.903994 0.427545 0
    outer loop
      vertex 2.64258 1.41249 0
      vertex 2.7683 1.14667 0.147202
      vertex 2.7683 1.14667 0
    endloop
  endfacet
  facet normal -0.555356 0.0272976 0.831164
    outer loop
      vertex -1.77849 0.175166 2.40962
      vertex -1.7871 0 2.40962
      vertex -1.53488 0.151173 2.57318
    endloop
  endfacet
  facet normal -0.62797 -0.0931391 0.772644
    outer loop
      vertex -1.77849 -0.175166 2.40962
      vertex -2.00498 -0.197473 2.22285
      vertex -1.75276 -0.348645 2.40962
    endloop
  endfacet
  facet normal -0.62797 0.0931391 0.772644
    outer loop
      vertex -1.75276 0.348645 2.40962
      vertex -2.00498 0.197473 2.22285
      vertex -1.77849 0.175166 2.40962
    endloop
  endfacet
  facet normal -0.555355 -0.0272951 0.831165
    outer loop
      vertex -1.54231 0 2.57318
      vertex -1.7871 0 2.40962
      vertex -1.53488 -0.151173 2.57318
    endloop
  endfacet
  facet normal -0.471295 -0.0231637 0.881671
    outer loop
      vertex -1.28267 0 2.71197
      vertex -1.54231 0 2.57318
      vertex -1.53488 -0.151173 2.57318
    endloop
  endfacet
  facet normal -0.772454 0.0379354 0.633936
    outer loop
      vertex -2.21215 0.217877 2.01468
      vertex -2.40962 0 1.7871
      vertex -2.22285 0 2.01468
    endloop
  endfacet
  facet normal -0.597737 0.213883 0.772635
    outer loop
      vertex -1.86132 0.770983 2.22285
      vertex -1.92793 0.584829 2.22285
      vertex -1.71015 0.518766 2.40962
    endloop
  endfacet
  facet normal -0.555356 -0.0272976 0.831164
    outer loop
      vertex -1.53488 -0.151173 2.57318
      vertex -1.7871 0 2.40962
      vertex -1.77849 -0.175166 2.40962
    endloop
  endfacet
  facet normal -0.592408 0.653647 0.470955
    outer loop
      vertex -1.72045 2.09638 1.28267
      vertex -1.81952 1.81952 1.54231
      vertex -1.63241 1.9891 1.54231
    endloop
  endfacet
  facet normal -0.544543 0.32638 0.772625
    outer loop
      vertex -1.48592 0.992858 2.40962
      vertex -1.67514 1.11929 2.22285
      vertex -1.57608 0.842432 2.40962
    endloop
  endfacet
  facet normal 0.0453363 0.922934 0.382279
    outer loop
      vertex 0.276862 2.81103 1.01067
      vertex 0 2.82463 1.01067
      vertex 0.265819 2.69891 1.28267
    endloop
  endfacet
  facet normal -0.0453363 0.922934 0.382279
    outer loop
      vertex 0 2.82463 1.01067
      vertex -0.276862 2.81103 1.01067
      vertex -0.265819 2.69891 1.28267
    endloop
  endfacet
  facet normal -0.42145 0.568315 0.706681
    outer loop
      vertex -1.11929 1.67514 2.22285
      vertex -1.41016 1.71829 2.01468
      vertex -1.2781 1.55737 2.22285
    endloop
  endfacet
  facet normal -0.728186 0.260536 0.63393
    outer loop
      vertex -2.2262 0.922122 1.7871
      vertex -2.30586 0.699476 1.7871
      vertex -2.05365 0.850649 2.01468
    endloop
  endfacet
  facet normal -0.87003 0.311286 0.382294
    outer loop
      vertex -2.60962 1.08094 1.01067
      vertex -2.703 0.819947 1.01067
      vertex -2.50553 1.03782 1.28267
    endloop
  endfacet
  facet normal -0.830594 0.297197 0.470943
    outer loop
      vertex -2.50553 1.03782 1.28267
      vertex -2.59519 0.787242 1.28267
      vertex -2.46239 0.746956 1.54231
    endloop
  endfacet
  facet normal -0.820897 0.491999 0.28994
    outer loop
      vertex -2.41965 1.61676 0.72894
      vertex -2.4911 1.33152 1.01067
      vertex -2.3486 1.56928 1.01067
    endloop
  endfacet
  facet normal -0.708547 0.52551 0.470956
    outer loop
      vertex -2.09638 1.72045 1.28267
      vertex -2.25492 1.50669 1.28267
      vertex -1.9891 1.63241 1.54231
    endloop
  endfacet
  facet normal -0.820873 0.492021 0.289968
    outer loop
      vertex -2.41965 1.61676 0.72894
      vertex -2.56647 1.37181 0.72894
      vertex -2.4911 1.33152 1.01067
    endloop
  endfacet
  facet normal -0.42636 0.470383 0.772629
    outer loop
      vertex -1.2781 1.55737 2.22285
      vertex -1.42459 1.42459 2.22285
      vertex -1.26367 1.26367 2.40962
    endloop
  endfacet
  facet normal -0.896346 -0.224546 0.382286
    outer loop
      vertex -2.65986 -0.529078 1.28267
      vertex -2.77036 -0.551058 1.01067
      vertex -2.703 -0.819947 1.01067
    endloop
  endfacet
  facet normal -0.901097 -0.322401 0.28997
    outer loop
      vertex -2.60962 -1.08094 1.01067
      vertex -2.703 -0.819947 1.01067
      vertex -2.68858 -1.11364 0.72894
    endloop
  endfacet
  facet normal -0.979646 -0.0481288 0.194878
    outer loop
      vertex -2.91009 0 0.72894
      vertex -2.96753 0 0.440191
      vertex -2.95324 -0.290868 0.440191
    endloop
  endfacet
  facet normal -0.993997 -0.0488339 0.097907
    outer loop
      vertex -2.96753 0 0.440191
      vertex -2.98196 -0.293696 0.147202
      vertex -2.95324 -0.290868 0.440191
    endloop
  endfacet
  facet normal -0.896346 0.224546 0.382286
    outer loop
      vertex -2.703 0.819947 1.01067
      vertex -2.77036 0.551058 1.01067
      vertex -2.65986 0.529078 1.28267
    endloop
  endfacet
  facet normal -0.92835 0.232563 0.289965
    outer loop
      vertex -2.703 0.819947 1.01067
      vertex -2.85418 0.567731 0.72894
      vertex -2.77036 0.551058 1.01067
    endloop
  endfacet
  facet normal -0.922937 0.045345 0.382272
    outer loop
      vertex -2.69891 0.265819 1.28267
      vertex -2.82463 0 1.01067
      vertex -2.71197 0 1.28267
    endloop
  endfacet
  facet normal -0.922937 -0.045345 0.382272
    outer loop
      vertex -2.71197 0 1.28267
      vertex -2.82463 0 1.01067
      vertex -2.69891 -0.265819 1.28267
    endloop
  endfacet
  facet normal -0.881081 0.0432829 0.47098
    outer loop
      vertex -2.56079 0.252215 1.54231
      vertex -2.71197 0 1.28267
      vertex -2.57318 0 1.54231
    endloop
  endfacet
  facet normal -0.830782 0.040812 0.555099
    outer loop
      vertex -2.56079 0.252215 1.54231
      vertex -2.57318 0 1.54231
      vertex -2.40962 0 1.7871
    endloop
  endfacet
  facet normal -0.970214 0.143915 0.194867
    outer loop
      vertex -2.91051 0.578936 0.440191
      vertex -2.95324 0.290868 0.440191
      vertex -2.89608 0.285238 0.72894
    endloop
  endfacet
  facet normal -0.979649 0.0481173 0.194867
    outer loop
      vertex -2.89608 0.285238 0.72894
      vertex -2.95324 0.290868 0.440191
      vertex -2.91009 0 0.72894
    endloop
  endfacet
  facet normal -0.923494 0.33044 0.194853
    outer loop
      vertex -2.74164 1.13562 0.440191
      vertex -2.83975 0.861428 0.440191
      vertex -2.68858 1.11364 0.72894
    endloop
  endfacet
  facet normal -0.93702 0.33528 0.0978856
    outer loop
      vertex -2.74164 1.13562 0.440191
      vertex -2.86736 0.869804 0.147202
      vertex -2.83975 0.861428 0.440191
    endloop
  endfacet
  facet normal -0.504253 0.84128 0.194876
    outer loop
      vertex -1.37181 2.56647 0.72894
      vertex -1.64867 2.46741 0.440191
      vertex -1.61676 2.41965 0.72894
    endloop
  endfacet
  facet normal -0.951438 0.238321 0.194857
    outer loop
      vertex -2.83975 0.861428 0.440191
      vertex -2.91051 0.578936 0.440191
      vertex -2.85418 0.567731 0.72894
    endloop
  endfacet
  facet normal -0.951438 0.23832 0.194856
    outer loop
      vertex -2.83975 0.861428 0.440191
      vertex -2.85418 0.567731 0.72894
      vertex -2.78479 0.844755 0.72894
    endloop
  endfacet
  facet normal -0.941549 0.336877 0
    outer loop
      vertex -2.86736 0.869804 0
      vertex -2.7683 1.14667 0.147202
      vertex -2.7683 1.14667 0
    endloop
  endfacet
  facet normal -0.941549 0.336877 0
    outer loop
      vertex -2.7683 1.14667 0.147202
      vertex -2.86736 0.869804 0
      vertex -2.86736 0.869804 0.147202
    endloop
  endfacet
  facet normal -0.97003 0.242984 0
    outer loop
      vertex -2.93881 0.584565 0
      vertex -2.86736 0.869804 0.147202
      vertex -2.86736 0.869804 0
    endloop
  endfacet
  facet normal -0.97003 0.242984 0
    outer loop
      vertex -2.86736 0.869804 0.147202
      vertex -2.93881 0.584565 0
      vertex -2.93881 0.584565 0.147202
    endloop
  endfacet
  facet normal -0.853605 0.511637 0.0979136
    outer loop
      vertex -2.46741 1.64867 0.440191
      vertex -2.64258 1.41249 0.147202
      vertex -2.61713 1.39888 0.440191
    endloop
  endfacet
  facet normal 0.242984 -0.97003 0
    outer loop
      vertex 0.584565 -2.93881 0
      vertex 0.869804 -2.86736 0.147202
      vertex 0.584565 -2.93881 0.147202
    endloop
  endfacet
  facet normal 0.242984 -0.97003 0
    outer loop
      vertex 0.869804 -2.86736 0.147202
      vertex 0.584565 -2.93881 0
      vertex 0.869804 -2.86736 0
    endloop
  endfacet
  facet normal 0.238321 -0.951438 0.194857
    outer loop
      vertex 0.861428 -2.83975 0.440191
      vertex 0.567731 -2.85418 0.72894
      vertex 0.578936 -2.91051 0.440191
    endloop
  endfacet
  facet normal 0.322418 -0.901085 0.289988
    outer loop
      vertex 1.11364 -2.68858 0.72894
      vertex 0.819947 -2.703 1.01067
      vertex 0.844755 -2.78479 0.72894
    endloop
  endfacet
  facet normal 0.238368 -0.666163 0.706688
    outer loop
      vertex 0.770983 -1.86132 2.22285
      vertex 0.584829 -1.92793 2.22285
      vertex 0.64526 -2.12714 2.01468
    endloop
  endfacet
  facet normal 0.045345 -0.922937 0.382272
    outer loop
      vertex 0 -2.71197 1.28267
      vertex 0 -2.82463 1.01067
      vertex 0.265819 -2.69891 1.28267
    endloop
  endfacet
  facet normal 0.129429 -0.872599 0.470976
    outer loop
      vertex 0.502003 -2.52374 1.54231
      vertex 0.252215 -2.56079 1.54231
      vertex 0.265819 -2.69891 1.28267
    endloop
  endfacet
  facet normal -0.799349 -0.59284 0.0978863
    outer loop
      vertex -2.46741 -1.64867 0.440191
      vertex -2.4914 -1.6647 0.147202
      vertex -2.29393 -1.88258 0.440191
    endloop
  endfacet
  facet normal -0.419352 -0.886665 0.194854
    outer loop
      vertex -1.11364 -2.68858 0.72894
      vertex -1.39888 -2.61713 0.440191
      vertex -1.13562 -2.74164 0.440191
    endloop
  endfacet
  facet normal 0.0453363 -0.922934 0.382279
    outer loop
      vertex 0.265819 -2.69891 1.28267
      vertex 0 -2.82463 1.01067
      vertex 0.276862 -2.81103 1.01067
    endloop
  endfacet
  facet normal -0.592421 -0.653642 0.470945
    outer loop
      vertex -1.81952 -1.81952 1.54231
      vertex -1.91765 -1.91765 1.28267
      vertex -1.72045 -2.09638 1.28267
    endloop
  endfacet
  facet normal -0.241812 -0.965373 0.0978855
    outer loop
      vertex -0.861428 -2.83975 0.440191
      vertex -0.869804 -2.86736 0.147202
      vertex -0.578936 -2.91051 0.440191
    endloop
  endfacet
  facet normal 0.0490732 -0.998795 0
    outer loop
      vertex 0 -2.99639 0
      vertex 0.293696 -2.98196 0.147202
      vertex 0 -2.99639 0.147202
    endloop
  endfacet
  facet normal 0.0490732 -0.998795 0
    outer loop
      vertex 0.293696 -2.98196 0.147202
      vertex 0 -2.99639 0
      vertex 0.293696 -2.98196 0
    endloop
  endfacet
  facet normal 0.0488375 -0.993996 0.0979106
    outer loop
      vertex 0 -2.96753 0.440191
      vertex 0 -2.99639 0.147202
      vertex 0.293696 -2.98196 0.147202
    endloop
  endfacet
  facet normal -0.592814 -0.799365 0.0979158
    outer loop
      vertex -1.88258 -2.29393 0.440191
      vertex -1.90089 -2.31624 0.147202
      vertex -1.6647 -2.4914 0.147202
    endloop
  endfacet
  facet normal -0.336877 -0.941549 0
    outer loop
      vertex -1.14667 -2.7683 0
      vertex -0.869804 -2.86736 0.147202
      vertex -1.14667 -2.7683 0.147202
    endloop
  endfacet
  facet normal -0.336877 -0.941549 -0
    outer loop
      vertex -0.869804 -2.86736 0.147202
      vertex -1.14667 -2.7683 0
      vertex -0.869804 -2.86736 0
    endloop
  endfacet
  facet normal -0.425491 -0.899651 0.0979093
    outer loop
      vertex -1.13562 -2.74164 0.440191
      vertex -1.41249 -2.64258 0.147202
      vertex -1.14667 -2.7683 0.147202
    endloop
  endfacet
  facet normal -0.425493 -0.899649 0.0979117
    outer loop
      vertex -1.39888 -2.61713 0.440191
      vertex -1.41249 -2.64258 0.147202
      vertex -1.13562 -2.74164 0.440191
    endloop
  endfacet
  facet normal -0.984425 0.146023 0.0979068
    outer loop
      vertex -2.91051 0.578936 0.440191
      vertex -2.98196 0.293696 0.147202
      vertex -2.95324 0.290868 0.440191
    endloop
  endfacet
  facet normal -0.857712 -0.514131 0
    outer loop
      vertex -2.4914 -1.6647 0
      vertex -2.64258 -1.41249 0.147202
      vertex -2.64258 -1.41249 0
    endloop
  endfacet
  facet normal -0.857712 -0.514131 0
    outer loop
      vertex -2.64258 -1.41249 0.147202
      vertex -2.4914 -1.6647 0
      vertex -2.4914 -1.6647 0.147202
    endloop
  endfacet
  facet normal -0.765014 -0.113488 0.633935
    outer loop
      vertex -2.21215 -0.217877 2.01468
      vertex -2.39802 -0.236184 1.7871
      vertex -2.36332 -0.470094 1.7871
    endloop
  endfacet
  facet normal -0.772456 -0.0379386 0.633935
    outer loop
      vertex -2.21215 -0.217877 2.01468
      vertex -2.40962 0 1.7871
      vertex -2.39802 -0.236184 1.7871
    endloop
  endfacet
  facet normal -0.666162 -0.238359 0.706692
    outer loop
      vertex -1.86132 -0.770983 2.22285
      vertex -2.12714 -0.64526 2.01468
      vertex -2.05365 -0.850649 2.01468
    endloop
  endfacet
  facet normal -0.750213 -0.187905 0.633934
    outer loop
      vertex -2.18014 -0.433657 2.01468
      vertex -2.36332 -0.470094 1.7871
      vertex -2.12714 -0.64526 2.01468
    endloop
  endfacet
  facet normal -0.658684 -0.726752 0.194849
    outer loop
      vertex -2.05775 -2.05775 0.72894
      vertex -2.09836 -2.09836 0.440191
      vertex -1.88258 -2.29393 0.440191
    endloop
  endfacet
  facet normal -0.492021 -0.820873 0.289968
    outer loop
      vertex -1.33152 -2.4911 1.01067
      vertex -1.61676 -2.41965 0.72894
      vertex -1.37181 -2.56647 0.72894
    endloop
  endfacet
  facet normal -0.322401 -0.901097 0.28997
    outer loop
      vertex -1.08094 -2.60962 1.01067
      vertex -1.11364 -2.68858 0.72894
      vertex -0.819947 -2.703 1.01067
    endloop
  endfacet
  facet normal -0.787808 -0.584279 0.194875
    outer loop
      vertex -2.24953 -1.84614 0.72894
      vertex -2.41965 -1.61676 0.72894
      vertex -2.29393 -1.88258 0.440191
    endloop
  endfacet
  facet normal -0.799365 -0.592814 0.0979158
    outer loop
      vertex -2.29393 -1.88258 0.440191
      vertex -2.4914 -1.6647 0.147202
      vertex -2.31624 -1.90089 0.147202
    endloop
  endfacet
  facet normal -0.113487 -0.765016 0.633934
    outer loop
      vertex -0.433657 -2.18014 2.01468
      vertex -0.470094 -2.36332 1.7871
      vertex -0.217877 -2.21215 2.01468
    endloop
  endfacet
  facet normal -0.0347124 -0.706677 0.706684
    outer loop
      vertex -0.197473 -2.00498 2.22285
      vertex -0.217877 -2.21215 2.01468
      vertex 0 -2.01468 2.22285
    endloop
  endfacet
  facet normal -0.504253 -0.84128 0.194876
    outer loop
      vertex -1.61676 -2.41965 0.72894
      vertex -1.64867 -2.46741 0.440191
      vertex -1.37181 -2.56647 0.72894
    endloop
  endfacet
  facet normal -0.363741 -0.606861 0.706691
    outer loop
      vertex -1.11929 -1.67514 2.22285
      vertex -1.23495 -1.84823 2.01468
      vertex -1.04784 -1.96038 2.01468
    endloop
  endfacet
  facet normal -0.37821 -0.50991 0.772625
    outer loop
      vertex -0.992858 -1.48592 2.40962
      vertex -1.13372 -1.38144 2.40962
      vertex -1.11929 -1.67514 2.22285
    endloop
  endfacet
  facet normal 0.379005 -0.281081 0.881674
    outer loop
      vertex 1.28238 -0.85686 2.57318
      vertex 0.991513 -0.813714 2.71197
      vertex 1.19222 -0.97843 2.57318
    endloop
  endfacet
  facet normal 0.228198 -0.307677 0.923721
    outer loop
      vertex 0.73706 -0.945569 2.74621
      vertex 0.71261 -1.0665 2.71197
      vertex 0.813714 -0.991513 2.71197
    endloop
  endfacet
  facet normal 0.228186 -0.307675 0.923725
    outer loop
      vertex 0.666684 -0.997763 2.74621
      vertex 0.71261 -1.0665 2.71197
      vertex 0.73706 -0.945569 2.74621
    endloop
  endfacet
  facet normal 0.0930856 -0.371608 0.923711
    outer loop
      vertex 0.263349 -1.16962 2.74621
      vertex 0.372337 -1.22743 2.71197
      vertex 0.348341 -1.14833 2.74621
    endloop
  endfacet
  facet normal 0.0930953 -0.371593 0.923716
    outer loop
      vertex 0.372337 -1.22743 2.71197
      vertex 0.263349 -1.16962 2.74621
      vertex 0.250236 -1.25802 2.71197
    endloop
  endfacet
  facet normal -0.378147 -0.509922 0.772648
    outer loop
      vertex -1.13372 -1.38144 2.40962
      vertex -1.2781 -1.55737 2.22285
      vertex -1.11929 -1.67514 2.22285
    endloop
  endfacet
  facet normal -0.17188 -0.68632 0.706698
    outer loop
      vertex -0.393044 -1.97596 2.22285
      vertex -0.584829 -1.92793 2.22285
      vertex -0.433657 -2.18014 2.01468
    endloop
  endfacet
  facet normal -0.378915 -0.0561695 0.923725
    outer loop
      vertex -1.25802 -0.250236 2.71197
      vertex -1.17694 -0.234108 2.74621
      vertex -1.18136 -0.204291 2.74621
    endloop
  endfacet
  facet normal -0.360693 -0.129067 0.923711
    outer loop
      vertex -1.22743 -0.372337 2.71197
      vertex -1.11881 -0.430838 2.74621
      vertex -1.14833 -0.348341 2.74621
    endloop
  endfacet
  facet normal -0.360678 -0.129034 0.923722
    outer loop
      vertex -1.11881 -0.430838 2.74621
      vertex -1.22743 -0.372337 2.71197
      vertex -1.18503 -0.490854 2.71197
    endloop
  endfacet
  facet normal 0.377171 -0.797466 0.470946
    outer loop
      vertex 1.21299 -2.26935 1.54231
      vertex 1.03782 -2.50553 1.28267
      vertex 1.27841 -2.39174 1.28267
    endloop
  endfacet
  facet normal 0.0311669 -0.634074 0.772644
    outer loop
      vertex 0.175166 -1.77849 2.40962
      vertex 0 -1.7871 2.40962
      vertex 0.197473 -2.00498 2.22285
    endloop
  endfacet
  facet normal 0.281098 -0.379001 0.88167
    outer loop
      vertex 0.813714 -0.991513 2.71197
      vertex 0.71261 -1.0665 2.71197
      vertex 0.85686 -1.28238 2.57318
    endloop
  endfacet
  facet normal 0.187339 -0.523515 0.831165
    outer loop
      vertex 0.683892 -1.65106 2.40962
      vertex 0.447708 -1.4759 2.57318
      vertex 0.518766 -1.71015 2.40962
    endloop
  endfacet
  facet normal -0.606859 -0.363769 0.706678
    outer loop
      vertex -1.77679 -0.949712 2.22285
      vertex -1.96038 -1.04784 2.01468
      vertex -1.67514 -1.11929 2.22285
    endloop
  endfacet
  facet normal -0.476916 -0.285844 0.83117
    outer loop
      vertex -1.36019 -0.727038 2.57318
      vertex -1.57608 -0.842432 2.40962
      vertex -1.28238 -0.85686 2.57318
    endloop
  endfacet
  facet normal -0.523532 -0.187322 0.831159
    outer loop
      vertex -1.4759 -0.447708 2.57318
      vertex -1.65106 -0.683892 2.40962
      vertex -1.42491 -0.590216 2.57318
    endloop
  endfacet
  facet normal -0.476916 -0.285847 0.831169
    outer loop
      vertex -1.28238 -0.85686 2.57318
      vertex -1.57608 -0.842432 2.40962
      vertex -1.48592 -0.992858 2.40962
    endloop
  endfacet
  facet normal -0.568294 -0.42146 0.706692
    outer loop
      vertex -1.67514 -1.11929 2.22285
      vertex -1.84823 -1.23495 2.01468
      vertex -1.71829 -1.41016 2.01468
    endloop
  endfacet
  facet normal -0.806835 -0.202111 0.555129
    outer loop
      vertex -2.36332 -0.470094 1.7871
      vertex -2.46239 -0.746956 1.54231
      vertex -2.30586 -0.699476 1.7871
    endloop
  endfacet
  facet normal 0.584279 -0.787808 0.194875
    outer loop
      vertex 1.84614 -2.24953 0.72894
      vertex 1.61676 -2.41965 0.72894
      vertex 1.88258 -2.29393 0.440191
    endloop
  endfacet
  facet normal 0.668331 -0.737396 0.0978769
    outer loop
      vertex 2.09836 -2.09836 0.440191
      vertex 1.88258 -2.29393 0.440191
      vertex 2.11876 -2.11876 0.147202
    endloop
  endfacet
  facet normal 0.425491 -0.899651 0.0979093
    outer loop
      vertex 1.41249 -2.64258 0.147202
      vertex 1.13562 -2.74164 0.440191
      vertex 1.14667 -2.7683 0.147202
    endloop
  endfacet
  facet normal 0.768702 -0.570113 0.289945
    outer loop
      vertex 2.3486 -1.56928 1.01067
      vertex 2.18347 -1.79193 1.01067
      vertex 2.24953 -1.84614 0.72894
    endloop
  endfacet
  facet normal 0.787808 -0.584279 0.194875
    outer loop
      vertex 2.41965 -1.61676 0.72894
      vertex 2.24953 -1.84614 0.72894
      vertex 2.29393 -1.88258 0.440191
    endloop
  endfacet
  facet normal 0.787808 -0.58428 0.194875
    outer loop
      vertex 2.41965 -1.61676 0.72894
      vertex 2.29393 -1.88258 0.440191
      vertex 2.46741 -1.64867 0.440191
    endloop
  endfacet
  facet normal 0.799349 -0.59284 0.0978863
    outer loop
      vertex 2.46741 -1.64867 0.440191
      vertex 2.29393 -1.88258 0.440191
      vertex 2.4914 -1.6647 0.147202
    endloop
  endfacet
  facet normal 0.899649 -0.425493 0.0979117
    outer loop
      vertex 2.74164 -1.13562 0.440191
      vertex 2.61713 -1.39888 0.440191
      vertex 2.64258 -1.41249 0.147202
    endloop
  endfacet
  facet normal 0.923494 -0.33044 0.194853
    outer loop
      vertex 2.83975 -0.861428 0.440191
      vertex 2.68858 -1.11364 0.72894
      vertex 2.74164 -1.13562 0.440191
    endloop
  endfacet
  facet normal 0.984425 -0.146023 0.0979068
    outer loop
      vertex 2.95324 -0.290868 0.440191
      vertex 2.91051 -0.578936 0.440191
      vertex 2.98196 -0.293696 0.147202
    endloop
  endfacet
  facet normal 0.984424 -0.146038 0.0978919
    outer loop
      vertex 2.98196 -0.293696 0.147202
      vertex 2.91051 -0.578936 0.440191
      vertex 2.93881 -0.584565 0.147202
    endloop
  endfacet
  facet normal 0.740927 -0.671585 0
    outer loop
      vertex 2.11876 -2.11876 0.147202
      vertex 2.31624 -1.90089 0
      vertex 2.31624 -1.90089 0.147202
    endloop
  endfacet
  facet normal 0.740927 -0.671585 0
    outer loop
      vertex 2.31624 -1.90089 0
      vertex 2.11876 -2.11876 0.147202
      vertex 2.11876 -2.11876 0
    endloop
  endfacet
  facet normal 0.409198 -0.865145 0.289968
    outer loop
      vertex 1.33152 -2.4911 1.01067
      vertex 1.08094 -2.60962 1.01067
      vertex 1.11364 -2.68858 0.72894
    endloop
  endfacet
  facet normal 0.620539 -0.684676 0.382296
    outer loop
      vertex 1.99732 -1.99732 1.01067
      vertex 1.72045 -2.09638 1.28267
      vertex 1.79193 -2.18347 1.01067
    endloop
  endfacet
  facet normal 0.58428 -0.787808 0.194875
    outer loop
      vertex 1.88258 -2.29393 0.440191
      vertex 1.61676 -2.41965 0.72894
      vertex 1.64867 -2.46741 0.440191
    endloop
  endfacet
  facet normal 0.642702 -0.70913 0.289944
    outer loop
      vertex 1.99732 -1.99732 1.01067
      vertex 1.79193 -2.18347 1.01067
      vertex 1.84614 -2.24953 0.72894
    endloop
  endfacet
  facet normal 0.668358 -0.737367 0.0979159
    outer loop
      vertex 2.11876 -2.11876 0.147202
      vertex 1.88258 -2.29393 0.440191
      vertex 1.90089 -2.31624 0.147202
    endloop
  endfacet
  facet normal 0.857712 -0.514131 0
    outer loop
      vertex 2.4914 -1.6647 0.147202
      vertex 2.64258 -1.41249 0
      vertex 2.64258 -1.41249 0.147202
    endloop
  endfacet
  facet normal 0.857712 -0.514131 0
    outer loop
      vertex 2.64258 -1.41249 0
      vertex 2.4914 -1.6647 0.147202
      vertex 2.4914 -1.6647 0
    endloop
  endfacet
  facet normal 0.822784 -0.122058 0.555093
    outer loop
      vertex 2.39802 -0.236184 1.7871
      vertex 2.36332 -0.470094 1.7871
      vertex 2.56079 -0.252215 1.54231
    endloop
  endfacet
  facet normal 0.822778 -0.122039 0.555105
    outer loop
      vertex 2.56079 -0.252215 1.54231
      vertex 2.36332 -0.470094 1.7871
      vertex 2.52374 -0.502003 1.54231
    endloop
  endfacet
  facet normal 0.765014 0.113488 0.633935
    outer loop
      vertex 2.36332 0.470094 1.7871
      vertex 2.21215 0.217877 2.01468
      vertex 2.39802 0.236184 1.7871
    endloop
  endfacet
  facet normal 0.830787 -0.0408035 0.555093
    outer loop
      vertex 2.40962 0 1.7871
      vertex 2.39802 -0.236184 1.7871
      vertex 2.56079 -0.252215 1.54231
    endloop
  endfacet
  facet normal 0.896353 -0.224536 0.382277
    outer loop
      vertex 2.65986 -0.529078 1.28267
      vertex 2.59519 -0.787242 1.28267
      vertex 2.703 -0.819947 1.01067
    endloop
  endfacet
  facet normal 0.92835 -0.232563 0.289965
    outer loop
      vertex 2.77036 -0.551058 1.01067
      vertex 2.703 -0.819947 1.01067
      vertex 2.85418 -0.567731 0.72894
    endloop
  endfacet
  facet normal 0.970214 -0.143915 0.194867
    outer loop
      vertex 2.95324 -0.290868 0.440191
      vertex 2.89608 -0.285238 0.72894
      vertex 2.91051 -0.578936 0.440191
    endloop
  endfacet
  facet normal 0.951438 -0.238321 0.194857
    outer loop
      vertex 2.85418 -0.567731 0.72894
      vertex 2.83975 -0.861428 0.440191
      vertex 2.91051 -0.578936 0.440191
    endloop
  endfacet
  facet normal 0.881083 0.0432887 0.470976
    outer loop
      vertex 2.69891 0.265819 1.28267
      vertex 2.56079 0.252215 1.54231
      vertex 2.71197 0 1.28267
    endloop
  endfacet
  facet normal 0.922937 0.045345 0.382272
    outer loop
      vertex 2.82463 0 1.01067
      vertex 2.69891 0.265819 1.28267
      vertex 2.71197 0 1.28267
    endloop
  endfacet
  facet normal 0.330676 -0.699115 0.633949
    outer loop
      vertex 1.04784 -1.96038 2.01468
      vertex 0.850649 -2.05365 2.01468
      vertex 1.13589 -2.1251 1.7871
    endloop
  endfacet
  facet normal 0.37821 -0.50991 0.772625
    outer loop
      vertex 1.13372 -1.38144 2.40962
      vertex 0.992858 -1.48592 2.40962
      vertex 1.11929 -1.67514 2.22285
    endloop
  endfacet
  facet normal 0.653647 -0.592408 0.470955
    outer loop
      vertex 1.9891 -1.63241 1.54231
      vertex 1.81952 -1.81952 1.54231
      vertex 2.09638 -1.72045 1.28267
    endloop
  endfacet
  facet normal 0.751929 -0.355619 0.555101
    outer loop
      vertex 2.2262 -0.922122 1.7871
      vertex 2.1251 -1.13589 1.7871
      vertex 2.37731 -0.984715 1.54231
    endloop
  endfacet
  facet normal 0.539364 -0.135094 0.831166
    outer loop
      vertex 1.75276 -0.348645 2.40962
      vertex 1.4759 -0.447708 2.57318
      vertex 1.71015 -0.518766 2.40962
    endloop
  endfacet
  facet normal 0.597737 -0.213883 0.772635
    outer loop
      vertex 1.92793 -0.584829 2.22285
      vertex 1.71015 -0.518766 2.40962
      vertex 1.86132 -0.770983 2.22285
    endloop
  endfacet
  facet normal 0.627985 -0.0931841 0.772627
    outer loop
      vertex 2.00498 -0.197473 2.22285
      vertex 1.75276 -0.348645 2.40962
      vertex 1.97596 -0.393044 2.22285
    endloop
  endfacet
  facet normal 0.55001 -0.0815762 0.831164
    outer loop
      vertex 1.77849 -0.175166 2.40962
      vertex 1.53488 -0.151173 2.57318
      vertex 1.75276 -0.348645 2.40962
    endloop
  endfacet
  facet normal 0.606859 -0.363769 0.706678
    outer loop
      vertex 1.77679 -0.949712 2.22285
      vertex 1.67514 -1.11929 2.22285
      vertex 1.96038 -1.04784 2.01468
    endloop
  endfacet
  facet normal 0.573898 -0.271425 0.772638
    outer loop
      vertex 1.86132 -0.770983 2.22285
      vertex 1.57608 -0.842432 2.40962
      vertex 1.77679 -0.949712 2.22285
    endloop
  endfacet
  facet normal 0.539361 -0.13508 0.83117
    outer loop
      vertex 1.51267 -0.300889 2.57318
      vertex 1.4759 -0.447708 2.57318
      vertex 1.75276 -0.348645 2.40962
    endloop
  endfacet
  facet normal 0.382587 0.0188063 0.923728
    outer loop
      vertex 1.27649 0.125723 2.71197
      vertex 1.19852 0.0301073 2.74621
      vertex 1.28267 0 2.71197
    endloop
  endfacet
  facet normal 0.382594 0.018799 0.923725
    outer loop
      vertex 1.19852 0.0301073 2.74621
      vertex 1.27649 0.125723 2.71197
      vertex 1.19422 0.11762 2.74621
    endloop
  endfacet
  facet normal 0.686325 -0.171903 0.706687
    outer loop
      vertex 2.18014 -0.433657 2.01468
      vertex 1.92793 -0.584829 2.22285
      vertex 2.12714 -0.64526 2.01468
    endloop
  endfacet
  facet normal 0.666163 -0.238368 0.706688
    outer loop
      vertex 1.92793 -0.584829 2.22285
      vertex 1.86132 -0.770983 2.22285
      vertex 2.12714 -0.64526 2.01468
    endloop
  endfacet
  facet normal 0.87003 -0.311286 0.382294
    outer loop
      vertex 2.703 -0.819947 1.01067
      vertex 2.50553 -1.03782 1.28267
      vertex 2.60962 -1.08094 1.01067
    endloop
  endfacet
  facet normal 0.87003 -0.311308 0.382277
    outer loop
      vertex 2.59519 -0.787242 1.28267
      vertex 2.50553 -1.03782 1.28267
      vertex 2.703 -0.819947 1.01067
    endloop
  endfacet
  facet normal 0.606861 -0.363741 0.706691
    outer loop
      vertex 1.96038 -1.04784 2.01468
      vertex 1.67514 -1.11929 2.22285
      vertex 1.84823 -1.23495 2.01468
    endloop
  endfacet
  facet normal 0.616304 -0.558582 0.555118
    outer loop
      vertex 1.86266 -1.52865 1.7871
      vertex 1.70386 -1.70386 1.7871
      vertex 1.81952 -1.81952 1.54231
    endloop
  endfacet
  facet normal 0.143915 0.970214 0.194867
    outer loop
      vertex 0.290868 2.95324 0.440191
      vertex 0.285238 2.89608 0.72894
      vertex 0.578936 2.91051 0.440191
    endloop
  endfacet
  facet normal 0.0469501 0.955885 0.289963
    outer loop
      vertex 0.285238 2.89608 0.72894
      vertex 0 2.91009 0.72894
      vertex 0.276862 2.81103 1.01067
    endloop
  endfacet
  facet normal 0.0488339 0.993997 0.097907
    outer loop
      vertex 0.293696 2.98196 0.147202
      vertex 0 2.96753 0.440191
      vertex 0.290868 2.95324 0.440191
    endloop
  endfacet
  facet normal 0.146038 0.984424 0.0978919
    outer loop
      vertex 0.584565 2.93881 0.147202
      vertex 0.293696 2.98196 0.147202
      vertex 0.578936 2.91051 0.440191
    endloop
  endfacet
  facet normal -0.511662 0.853593 0.0978864
    outer loop
      vertex -1.41249 2.64258 0.147202
      vertex -1.6647 2.4914 0.147202
      vertex -1.64867 2.46741 0.440191
    endloop
  endfacet
  facet normal -0.23832 0.951438 0.194856
    outer loop
      vertex -0.567731 2.85418 0.72894
      vertex -0.861428 2.83975 0.440191
      vertex -0.844755 2.78479 0.72894
    endloop
  endfacet
  facet normal -0.146023 0.984425 0.0979068
    outer loop
      vertex -0.293696 2.98196 0.147202
      vertex -0.578936 2.91051 0.440191
      vertex -0.290868 2.95324 0.440191
    endloop
  endfacet
  facet normal -0.33044 0.923494 0.194853
    outer loop
      vertex -0.861428 2.83975 0.440191
      vertex -1.13562 2.74164 0.440191
      vertex -1.11364 2.68858 0.72894
    endloop
  endfacet
  facet normal -0.335259 0.937025 0.0979071
    outer loop
      vertex -0.869804 2.86736 0.147202
      vertex -1.14667 2.7683 0.147202
      vertex -1.13562 2.74164 0.440191
    endloop
  endfacet
  facet normal -0.146743 0.989175 0
    outer loop
      vertex -0.293696 2.98196 0
      vertex -0.584565 2.93881 0.147202
      vertex -0.293696 2.98196 0.147202
    endloop
  endfacet
  facet normal -0.146743 0.989175 0
    outer loop
      vertex -0.584565 2.93881 0.147202
      vertex -0.293696 2.98196 0
      vertex -0.584565 2.93881 0
    endloop
  endfacet
  facet normal -0.241812 0.965373 0.0978855
    outer loop
      vertex -0.578936 2.91051 0.440191
      vertex -0.869804 2.86736 0.147202
      vertex -0.861428 2.83975 0.440191
    endloop
  endfacet
  facet normal -0.740927 0.671585 0
    outer loop
      vertex -2.31624 1.90089 0
      vertex -2.11876 2.11876 0.147202
      vertex -2.11876 2.11876 0
    endloop
  endfacet
  facet normal -0.740927 0.671585 0
    outer loop
      vertex -2.11876 2.11876 0.147202
      vertex -2.31624 1.90089 0
      vertex -2.31624 1.90089 0.147202
    endloop
  endfacet
  facet normal -0.201753 0.42656 0.88167
    outer loop
      vertex -0.490854 1.18503 2.71197
      vertex -0.727038 1.36019 2.57318
      vertex -0.604644 1.13121 2.71197
    endloop
  endfacet
  facet normal -0.379005 0.281081 0.881674
    outer loop
      vertex -1.19222 0.97843 2.57318
      vertex -1.28238 0.85686 2.57318
      vertex -0.991513 0.813714 2.71197
    endloop
  endfacet
  facet normal 0.241812 0.965373 0.0978855
    outer loop
      vertex 0.869804 2.86736 0.147202
      vertex 0.578936 2.91051 0.440191
      vertex 0.861428 2.83975 0.440191
    endloop
  endfacet
  facet normal 0.33528 0.93702 0.0978856
    outer loop
      vertex 0.869804 2.86736 0.147202
      vertex 0.861428 2.83975 0.440191
      vertex 1.13562 2.74164 0.440191
    endloop
  endfacet
  facet normal 0.514131 0.857712 -0
    outer loop
      vertex 1.6647 2.4914 0
      vertex 1.41249 2.64258 0.147202
      vertex 1.6647 2.4914 0.147202
    endloop
  endfacet
  facet normal 0.514131 0.857712 0
    outer loop
      vertex 1.41249 2.64258 0.147202
      vertex 1.6647 2.4914 0
      vertex 1.41249 2.64258 0
    endloop
  endfacet
  facet normal 0.504251 0.841282 0.194873
    outer loop
      vertex 1.39888 2.61713 0.440191
      vertex 1.37181 2.56647 0.72894
      vertex 1.64867 2.46741 0.440191
    endloop
  endfacet
  facet normal 0.425493 0.899649 0.0979117
    outer loop
      vertex 1.41249 2.64258 0.147202
      vertex 1.13562 2.74164 0.440191
      vertex 1.39888 2.61713 0.440191
    endloop
  endfacet
  facet normal 0.427545 0.903994 -0
    outer loop
      vertex 1.41249 2.64258 0
      vertex 1.14667 2.7683 0.147202
      vertex 1.41249 2.64258 0.147202
    endloop
  endfacet
  facet normal 0.427545 0.903994 0
    outer loop
      vertex 1.14667 2.7683 0.147202
      vertex 1.41249 2.64258 0
      vertex 1.14667 2.7683 0
    endloop
  endfacet
  facet normal 0.699852 0.103848 0.706698
    outer loop
      vertex 2.18014 0.433657 2.01468
      vertex 1.97596 0.393044 2.22285
      vertex 2.00498 0.197473 2.22285
    endloop
  endfacet
  facet normal 0.750218 0.187929 0.633921
    outer loop
      vertex 2.30586 0.699476 1.7871
      vertex 2.12714 0.64526 2.01468
      vertex 2.36332 0.470094 1.7871
    endloop
  endfacet
  facet normal 0.806858 0.202083 0.555106
    outer loop
      vertex 2.46239 0.746956 1.54231
      vertex 2.36332 0.470094 1.7871
      vertex 2.52374 0.502003 1.54231
    endloop
  endfacet
  facet normal 0.822778 0.122039 0.555105
    outer loop
      vertex 2.52374 0.502003 1.54231
      vertex 2.36332 0.470094 1.7871
      vertex 2.56079 0.252215 1.54231
    endloop
  endfacet
  facet normal 0.653642 0.592421 0.470945
    outer loop
      vertex 1.91765 1.91765 1.28267
      vertex 1.81952 1.81952 1.54231
      vertex 2.09638 1.72045 1.28267
    endloop
  endfacet
  facet normal 0.742191 0.550463 0.382287
    outer loop
      vertex 2.3486 1.56928 1.01067
      vertex 2.09638 1.72045 1.28267
      vertex 2.25492 1.50669 1.28267
    endloop
  endfacet
  facet normal 0.835328 0.395079 0.382282
    outer loop
      vertex 2.4911 1.33152 1.01067
      vertex 2.39174 1.27841 1.28267
      vertex 2.50553 1.03782 1.28267
    endloop
  endfacet
  facet normal 0.865145 0.409198 0.289968
    outer loop
      vertex 2.68858 1.11364 0.72894
      vertex 2.4911 1.33152 1.01067
      vertex 2.60962 1.08094 1.01067
    endloop
  endfacet
  facet normal -0.378147 0.509922 0.772648
    outer loop
      vertex -1.11929 1.67514 2.22285
      vertex -1.2781 1.55737 2.22285
      vertex -1.13372 1.38144 2.40962
    endloop
  endfacet
  facet normal -0.355619 0.751929 0.555101
    outer loop
      vertex -0.984715 2.37731 1.54231
      vertex -1.13589 2.1251 1.7871
      vertex -0.922122 2.2262 1.7871
    endloop
  endfacet
  facet normal 0.355616 0.751929 0.555103
    outer loop
      vertex 1.21299 2.26935 1.54231
      vertex 0.984715 2.37731 1.54231
      vertex 1.13589 2.1251 1.7871
    endloop
  endfacet
  facet normal 0.427623 0.713441 0.555103
    outer loop
      vertex 1.21299 2.26935 1.54231
      vertex 1.13589 2.1251 1.7871
      vertex 1.42958 2.13953 1.54231
    endloop
  endfacet
  facet normal 0.653647 0.592408 0.470955
    outer loop
      vertex 2.09638 1.72045 1.28267
      vertex 1.81952 1.81952 1.54231
      vertex 1.9891 1.63241 1.54231
    endloop
  endfacet
  facet normal 0.495491 0.668088 0.55511
    outer loop
      vertex 1.42958 2.13953 1.54231
      vertex 1.33871 2.00353 1.7871
      vertex 1.52865 1.86266 1.7871
    endloop
  endfacet
  facet normal 0.322401 0.901097 0.28997
    outer loop
      vertex 1.11364 2.68858 0.72894
      vertex 0.819947 2.703 1.01067
      vertex 1.08094 2.60962 1.01067
    endloop
  endfacet
  facet normal 0.21432 0.855718 0.470971
    outer loop
      vertex 0.529078 2.65986 1.28267
      vertex 0.502003 2.52374 1.54231
      vertex 0.746956 2.46239 1.54231
    endloop
  endfacet
  facet normal 0.395079 0.835328 0.382282
    outer loop
      vertex 1.33152 2.4911 1.01067
      vertex 1.03782 2.50553 1.28267
      vertex 1.27841 2.39174 1.28267
    endloop
  endfacet
  facet normal 0.550463 0.742191 0.382287
    outer loop
      vertex 1.56928 2.3486 1.01067
      vertex 1.50669 2.25492 1.28267
      vertex 1.72045 2.09638 1.28267
    endloop
  endfacet
  facet normal 0.302502 0.639607 0.706679
    outer loop
      vertex 1.04784 1.96038 2.01468
      vertex 0.770983 1.86132 2.22285
      vertex 0.949712 1.77679 2.22285
    endloop
  endfacet
  facet normal 0.280207 0.783165 0.555101
    outer loop
      vertex 0.984715 2.37731 1.54231
      vertex 0.699476 2.30586 1.7871
      vertex 0.922122 2.2262 1.7871
    endloop
  endfacet
  facet normal 0.260536 0.728186 0.63393
    outer loop
      vertex 0.922122 2.2262 1.7871
      vertex 0.699476 2.30586 1.7871
      vertex 0.850649 2.05365 2.01468
    endloop
  endfacet
  facet normal 0.297215 0.830578 0.470961
    outer loop
      vertex 1.03782 2.50553 1.28267
      vertex 0.746956 2.46239 1.54231
      vertex 0.984715 2.37731 1.54231
    endloop
  endfacet
  facet normal 0.0347124 0.706677 0.706684
    outer loop
      vertex 0.217877 2.21215 2.01468
      vertex 0 2.01468 2.22285
      vertex 0.197473 2.00498 2.22285
    endloop
  endfacet
  facet normal 0.0379354 0.772454 0.633936
    outer loop
      vertex 0 2.40962 1.7871
      vertex 0 2.22285 2.01468
      vertex 0.217877 2.21215 2.01468
    endloop
  endfacet
  facet normal 0.163791 0.346261 0.923729
    outer loop
      vertex 0.604644 1.13121 2.71197
      vertex 0.538426 1.07119 2.74621
      vertex 0.565676 1.0583 2.74621
    endloop
  endfacet
  facet normal -0.734506 0 0.678603
    outer loop
      vertex -0.490854 1.18503 2.71197
      vertex -0.45922 1.10865 2.74621
      vertex -0.45922 1.10866 2.74621
    endloop
  endfacet
  facet normal -0.163766 0.346269 0.923731
    outer loop
      vertex -0.490854 1.18503 2.71197
      vertex -0.538426 1.07119 2.74621
      vertex -0.45922 1.10865 2.74621
    endloop
  endfacet
  facet normal -0.163779 0.346273 0.923727
    outer loop
      vertex -0.538426 1.07119 2.74621
      vertex -0.490854 1.18503 2.71197
      vertex -0.604644 1.13121 2.71197
    endloop
  endfacet
  facet normal 0.0561695 0.378915 0.923725
    outer loop
      vertex 0.234108 1.17694 2.74621
      vertex 0.250236 1.25802 2.71197
      vertex 0.204291 1.18136 2.74621
    endloop
  endfacet
  facet normal 0.307677 0.228198 0.923721
    outer loop
      vertex 0.945569 0.73706 2.74621
      vertex 1.0665 0.71261 2.71197
      vertex 0.991513 0.813714 2.71197
    endloop
  endfacet
  facet normal 0.307675 0.228186 0.923725
    outer loop
      vertex 1.0665 0.71261 2.71197
      vertex 0.945569 0.73706 2.74621
      vertex 0.997763 0.666684 2.74621
    endloop
  endfacet
  facet normal 0.281098 0.379001 0.88167
    outer loop
      vertex 0.85686 1.28238 2.57318
      vertex 0.71261 1.0665 2.71197
      vertex 0.813714 0.991513 2.71197
    endloop
  endfacet
  facet normal 0.257251 0.283836 0.92372
    outer loop
      vertex 0.813714 0.991513 2.71197
      vertex 0.761272 0.927612 2.74621
      vertex 0.783607 0.907369 2.74621
    endloop
  endfacet
  facet normal 0.471294 0.0231668 0.881672
    outer loop
      vertex 1.53488 0.151173 2.57318
      vertex 1.27649 0.125723 2.71197
      vertex 1.28267 0 2.71197
    endloop
  endfacet
  facet normal 0.371593 0.0930953 0.923716
    outer loop
      vertex 1.22743 0.372337 2.71197
      vertex 1.16962 0.263349 2.74621
      vertex 1.25802 0.250236 2.71197
    endloop
  endfacet
  facet normal 0.371608 0.0930856 0.923711
    outer loop
      vertex 1.22743 0.372337 2.71197
      vertex 1.14833 0.348341 2.74621
      vertex 1.16962 0.263349 2.74621
    endloop
  endfacet
  facet normal 0.615842 0.154229 0.772627
    outer loop
      vertex 1.92793 0.584829 2.22285
      vertex 1.75276 0.348645 2.40962
      vertex 1.97596 0.393044 2.22285
    endloop
  endfacet
  facet normal 0.404737 0.242581 0.88167
    outer loop
      vertex 1.36019 0.727038 2.57318
      vertex 1.0665 0.71261 2.71197
      vertex 1.13121 0.604644 2.71197
    endloop
  endfacet
  facet normal 0.328564 0.196926 0.923724
    outer loop
      vertex 1.01326 0.640829 2.74621
      vertex 1.13121 0.604644 2.71197
      vertex 1.0665 0.71261 2.71197
    endloop
  endfacet
  facet normal 0.32856 0.19691 0.923729
    outer loop
      vertex 1.13121 0.604644 2.71197
      vertex 1.01326 0.640829 2.74621
      vertex 1.0583 0.565676 2.74621
    endloop
  endfacet
  facet normal 0.328558 0.196931 0.923725
    outer loop
      vertex 1.0665 0.71261 2.71197
      vertex 0.997763 0.666684 2.74621
      vertex 1.01326 0.640829 2.74621
    endloop
  endfacet
  facet normal 0.281081 0.379005 0.881674
    outer loop
      vertex 0.85686 1.28238 2.57318
      vertex 0.813714 0.991513 2.71197
      vertex 0.97843 1.19222 2.57318
    endloop
  endfacet
  facet normal 0.331224 0.446616 0.831159
    outer loop
      vertex 1.13372 1.38144 2.40962
      vertex 0.85686 1.28238 2.57318
      vertex 0.97843 1.19222 2.57318
    endloop
  endfacet
  facet normal 0.446585 0.331241 0.831169
    outer loop
      vertex 1.38144 1.13372 2.40962
      vertex 1.28238 0.85686 2.57318
      vertex 1.48592 0.992858 2.40962
    endloop
  endfacet
  facet normal 0.446616 0.331224 0.831159
    outer loop
      vertex 1.38144 1.13372 2.40962
      vertex 1.19222 0.97843 2.57318
      vertex 1.28238 0.85686 2.57318
    endloop
  endfacet
  facet normal 0.426309 0.470398 0.772649
    outer loop
      vertex 1.2781 1.55737 2.22285
      vertex 1.13372 1.38144 2.40962
      vertex 1.26367 1.26367 2.40962
    endloop
  endfacet
  facet normal 0.42145 0.568315 0.706681
    outer loop
      vertex 1.41016 1.71829 2.01468
      vertex 1.11929 1.67514 2.22285
      vertex 1.2781 1.55737 2.22285
    endloop
  endfacet
  facet normal 0.57303 0.519389 0.633934
    outer loop
      vertex 1.86266 1.52865 1.7871
      vertex 1.57179 1.57179 2.01468
      vertex 1.71829 1.41016 2.01468
    endloop
  endfacet
  facet normal 0.568294 0.42146 0.706692
    outer loop
      vertex 1.71829 1.41016 2.01468
      vertex 1.67514 1.11929 2.22285
      vertex 1.84823 1.23495 2.01468
    endloop
  endfacet
  facet normal 0.470383 0.42636 0.772629
    outer loop
      vertex 1.42459 1.42459 2.22285
      vertex 1.26367 1.26367 2.40962
      vertex 1.55737 1.2781 2.22285
    endloop
  endfacet
  facet normal 0.524228 0.475165 0.706685
    outer loop
      vertex 1.57179 1.57179 2.01468
      vertex 1.42459 1.42459 2.22285
      vertex 1.55737 1.2781 2.22285
    endloop
  endfacet
  facet normal 0.62797 0.0931391 0.772644
    outer loop
      vertex 2.00498 0.197473 2.22285
      vertex 1.75276 0.348645 2.40962
      vertex 1.77849 0.175166 2.40962
    endloop
  endfacet
  facet normal 0.686325 0.171903 0.706687
    outer loop
      vertex 2.12714 0.64526 2.01468
      vertex 1.92793 0.584829 2.22285
      vertex 2.18014 0.433657 2.01468
    endloop
  endfacet
  facet normal 0.523532 0.187322 0.831159
    outer loop
      vertex 1.65106 0.683892 2.40962
      vertex 1.42491 0.590216 2.57318
      vertex 1.4759 0.447708 2.57318
    endloop
  endfacet
  facet normal 0.523515 0.187339 0.831165
    outer loop
      vertex 1.65106 0.683892 2.40962
      vertex 1.4759 0.447708 2.57318
      vertex 1.71015 0.518766 2.40962
    endloop
  endfacet
  facet normal 0.568315 0.42145 0.706681
    outer loop
      vertex 1.71829 1.41016 2.01468
      vertex 1.55737 1.2781 2.22285
      vertex 1.67514 1.11929 2.22285
    endloop
  endfacet
  facet normal 0.470398 0.426309 0.772649
    outer loop
      vertex 1.55737 1.2781 2.22285
      vertex 1.26367 1.26367 2.40962
      vertex 1.38144 1.13372 2.40962
    endloop
  endfacet
  facet normal 0.797467 0.377153 0.470959
    outer loop
      vertex 2.50553 1.03782 1.28267
      vertex 2.26935 1.21299 1.54231
      vertex 2.37731 0.984715 1.54231
    endloop
  endfacet
  facet normal 0.708547 0.52551 0.470956
    outer loop
      vertex 2.09638 1.72045 1.28267
      vertex 1.9891 1.63241 1.54231
      vertex 2.25492 1.50669 1.28267
    endloop
  endfacet
  facet normal 0.751929 0.355619 0.555101
    outer loop
      vertex 2.37731 0.984715 1.54231
      vertex 2.1251 1.13589 1.7871
      vertex 2.2262 0.922122 1.7871
    endloop
  endfacet
  facet normal 0.783165 0.280207 0.555101
    outer loop
      vertex 2.37731 0.984715 1.54231
      vertex 2.2262 0.922122 1.7871
      vertex 2.30586 0.699476 1.7871
    endloop
  endfacet
  facet normal 0.984424 0.146038 0.0978919
    outer loop
      vertex 2.93881 0.584565 0.147202
      vertex 2.91051 0.578936 0.440191
      vertex 2.98196 0.293696 0.147202
    endloop
  endfacet
  facet normal 0.965371 0.241817 0.0978917
    outer loop
      vertex 2.93881 0.584565 0.147202
      vertex 2.86736 0.869804 0.147202
      vertex 2.91051 0.578936 0.440191
    endloop
  endfacet
  facet normal 0.97003 0.242984 0
    outer loop
      vertex 2.93881 0.584565 0.147202
      vertex 2.86736 0.869804 0
      vertex 2.86736 0.869804 0.147202
    endloop
  endfacet
  facet normal 0.97003 0.242984 0
    outer loop
      vertex 2.86736 0.869804 0
      vertex 2.93881 0.584565 0.147202
      vertex 2.93881 0.584565 0
    endloop
  endfacet
  facet normal 0.993997 -0.0488339 0.097907
    outer loop
      vertex 2.96753 0 0.440191
      vertex 2.95324 -0.290868 0.440191
      vertex 2.98196 -0.293696 0.147202
    endloop
  endfacet
  facet normal 0.993996 -0.0488375 0.0979106
    outer loop
      vertex 2.99639 0 0.147202
      vertex 2.96753 0 0.440191
      vertex 2.98196 -0.293696 0.147202
    endloop
  endfacet
  facet normal 0.979649 -0.0481173 0.194867
    outer loop
      vertex 2.91009 0 0.72894
      vertex 2.89608 -0.285238 0.72894
      vertex 2.95324 -0.290868 0.440191
    endloop
  endfacet
  facet normal 0.94668 -0.140416 0.289965
    outer loop
      vertex 2.81103 -0.276862 1.01067
      vertex 2.77036 -0.551058 1.01067
      vertex 2.85418 -0.567731 0.72894
    endloop
  endfacet
  facet normal 0.592408 0.653647 0.470955
    outer loop
      vertex 1.72045 2.09638 1.28267
      vertex 1.63241 1.9891 1.54231
      vertex 1.81952 1.81952 1.54231
    endloop
  endfacet
  facet normal 0.475034 0.79259 0.382288
    outer loop
      vertex 1.56928 2.3486 1.01067
      vertex 1.33152 2.4911 1.01067
      vertex 1.50669 2.25492 1.28267
    endloop
  endfacet
  facet normal 0.453508 0.756664 0.470947
    outer loop
      vertex 1.27841 2.39174 1.28267
      vertex 1.21299 2.26935 1.54231
      vertex 1.50669 2.25492 1.28267
    endloop
  endfacet
  facet normal 0.45352 0.756647 0.470961
    outer loop
      vertex 1.50669 2.25492 1.28267
      vertex 1.21299 2.26935 1.54231
      vertex 1.42958 2.13953 1.54231
    endloop
  endfacet
  facet normal 0.787808 0.584279 0.194875
    outer loop
      vertex 2.29393 1.88258 0.440191
      vertex 2.24953 1.84614 0.72894
      vertex 2.41965 1.61676 0.72894
    endloop
  endfacet
  facet normal 0.768705 0.570111 0.289942
    outer loop
      vertex 2.41965 1.61676 0.72894
      vertex 2.24953 1.84614 0.72894
      vertex 2.3486 1.56928 1.01067
    endloop
  endfacet
  facet normal 0.592814 0.799365 0.0979158
    outer loop
      vertex 1.90089 2.31624 0.147202
      vertex 1.6647 2.4914 0.147202
      vertex 1.88258 2.29393 0.440191
    endloop
  endfacet
  facet normal -0.0490732 0.998795 0
    outer loop
      vertex 0 2.99639 0
      vertex -0.293696 2.98196 0.147202
      vertex 0 2.99639 0.147202
    endloop
  endfacet
  facet normal -0.0490732 0.998795 0
    outer loop
      vertex -0.293696 2.98196 0.147202
      vertex 0 2.99639 0
      vertex -0.293696 2.98196 0
    endloop
  endfacet
  facet normal -0.634074 0.0311669 0.772644
    outer loop
      vertex -1.77849 0.175166 2.40962
      vertex -2.00498 0.197473 2.22285
      vertex -1.7871 0 2.40962
    endloop
  endfacet
  facet normal 0 0.4723 0.881438
    outer loop
      vertex -0.761271 0.927612 2.74621
      vertex -0.813714 0.991513 2.71197
      vertex -0.761272 0.927612 2.74621
    endloop
  endfacet
  facet normal -0.228199 0.307675 0.923721
    outer loop
      vertex -0.813714 0.991513 2.71197
      vertex -0.761271 0.927612 2.74621
      vertex -0.73706 0.945569 2.74621
    endloop
  endfacet
  facet normal -0.476916 0.285847 0.831169
    outer loop
      vertex -1.48592 0.992858 2.40962
      vertex -1.57608 0.842432 2.40962
      vertex -1.28238 0.85686 2.57318
    endloop
  endfacet
  facet normal -0.706681 0.0347053 0.706681
    outer loop
      vertex -2.21215 0.217877 2.01468
      vertex -2.22285 0 2.01468
      vertex -2.01468 0 2.22285
    endloop
  endfacet
  facet normal -0.706677 -0.0347124 0.706684
    outer loop
      vertex -2.01468 0 2.22285
      vertex -2.21215 -0.217877 2.01468
      vertex -2.00498 -0.197473 2.22285
    endloop
  endfacet
  facet normal -0.555355 0.0272951 0.831165
    outer loop
      vertex -1.53488 0.151173 2.57318
      vertex -1.7871 0 2.40962
      vertex -1.54231 0 2.57318
    endloop
  endfacet
  facet normal -0.471295 0.0231637 0.881671
    outer loop
      vertex -1.53488 0.151173 2.57318
      vertex -1.54231 0 2.57318
      vertex -1.28267 0 2.71197
    endloop
  endfacet
  facet normal -0.666163 0.238368 0.706688
    outer loop
      vertex -1.86132 0.770983 2.22285
      vertex -2.12714 0.64526 2.01468
      vertex -1.92793 0.584829 2.22285
    endloop
  endfacet
  facet normal -0.765016 0.113487 0.633934
    outer loop
      vertex -2.18014 0.433657 2.01468
      vertex -2.36332 0.470094 1.7871
      vertex -2.21215 0.217877 2.01468
    endloop
  endfacet
  facet normal -0.68632 0.17188 0.706698
    outer loop
      vertex -1.92793 0.584829 2.22285
      vertex -2.18014 0.433657 2.01468
      vertex -1.97596 0.393044 2.22285
    endloop
  endfacet
  facet normal -0.751929 0.355619 0.555101
    outer loop
      vertex -2.1251 1.13589 1.7871
      vertex -2.37731 0.984715 1.54231
      vertex -2.2262 0.922122 1.7871
    endloop
  endfacet
  facet normal -0.187905 0.750213 0.633934
    outer loop
      vertex -0.470094 2.36332 1.7871
      vertex -0.64526 2.12714 2.01468
      vertex -0.433657 2.18014 2.01468
    endloop
  endfacet
  facet normal -0.322401 0.901097 0.28997
    outer loop
      vertex -0.819947 2.703 1.01067
      vertex -1.11364 2.68858 0.72894
      vertex -1.08094 2.60962 1.01067
    endloop
  endfacet
  facet normal -0.39509 0.835317 0.382296
    outer loop
      vertex -1.08094 2.60962 1.01067
      vertex -1.33152 2.4911 1.01067
      vertex -1.03782 2.50553 1.28267
    endloop
  endfacet
  facet normal -0.377171 0.797466 0.470946
    outer loop
      vertex -1.03782 2.50553 1.28267
      vertex -1.27841 2.39174 1.28267
      vertex -1.21299 2.26935 1.54231
    endloop
  endfacet
  facet normal -0.046955 0.955887 0.289959
    outer loop
      vertex 0 2.91009 0.72894
      vertex -0.276862 2.81103 1.01067
      vertex 0 2.82463 1.01067
    endloop
  endfacet
  facet normal -0.280238 0.783135 0.555128
    outer loop
      vertex -0.746956 2.46239 1.54231
      vertex -0.984715 2.37731 1.54231
      vertex -0.699476 2.30586 1.7871
    endloop
  endfacet
  facet normal -0.0379386 0.772456 0.633935
    outer loop
      vertex 0 2.40962 1.7871
      vertex -0.236184 2.39802 1.7871
      vertex -0.217877 2.21215 2.01468
    endloop
  endfacet
  facet normal 0.238359 0.666162 0.706692
    outer loop
      vertex 0.850649 2.05365 2.01468
      vertex 0.64526 2.12714 2.01468
      vertex 0.770983 1.86132 2.22285
    endloop
  endfacet
  facet normal -0.797467 0.377153 0.470959
    outer loop
      vertex -2.26935 1.21299 1.54231
      vertex -2.50553 1.03782 1.28267
      vertex -2.37731 0.984715 1.54231
    endloop
  endfacet
  facet normal -0.830578 0.297215 0.470961
    outer loop
      vertex -2.37731 0.984715 1.54231
      vertex -2.50553 1.03782 1.28267
      vertex -2.46239 0.746956 1.54231
    endloop
  endfacet
  facet normal -0.742191 0.550463 0.382287
    outer loop
      vertex -2.09638 1.72045 1.28267
      vertex -2.3486 1.56928 1.01067
      vertex -2.25492 1.50669 1.28267
    endloop
  endfacet
  facet normal -0.792589 0.475039 0.382283
    outer loop
      vertex -2.25492 1.50669 1.28267
      vertex -2.4911 1.33152 1.01067
      vertex -2.39174 1.27841 1.28267
    endloop
  endfacet
  facet normal -0.726752 0.658684 0.194849
    outer loop
      vertex -2.09836 2.09836 0.440191
      vertex -2.29393 1.88258 0.440191
      vertex -2.05775 2.05775 0.72894
    endloop
  endfacet
  facet normal -0.742194 0.550454 0.382294
    outer loop
      vertex -2.18347 1.79193 1.01067
      vertex -2.3486 1.56928 1.01067
      vertex -2.09638 1.72045 1.28267
    endloop
  endfacet
  facet normal -0.642685 0.709139 0.289961
    outer loop
      vertex -1.84614 2.24953 0.72894
      vertex -2.05775 2.05775 0.72894
      vertex -1.99732 1.99732 1.01067
    endloop
  endfacet
  facet normal -0.726766 0.658661 0.194875
    outer loop
      vertex -2.05775 2.05775 0.72894
      vertex -2.29393 1.88258 0.440191
      vertex -2.24953 1.84614 0.72894
    endloop
  endfacet
  facet normal -0.620539 0.684676 0.382296
    outer loop
      vertex -1.79193 2.18347 1.01067
      vertex -1.99732 1.99732 1.01067
      vertex -1.72045 2.09638 1.28267
    endloop
  endfacet
  facet normal -0.684669 0.620542 0.382302
    outer loop
      vertex -1.99732 1.99732 1.01067
      vertex -2.09638 1.72045 1.28267
      vertex -1.91765 1.91765 1.28267
    endloop
  endfacet
  facet normal -0.92835 -0.232563 0.289965
    outer loop
      vertex -2.77036 -0.551058 1.01067
      vertex -2.85418 -0.567731 0.72894
      vertex -2.703 -0.819947 1.01067
    endloop
  endfacet
  facet normal -0.684676 -0.620539 0.382296
    outer loop
      vertex -2.09638 -1.72045 1.28267
      vertex -2.18347 -1.79193 1.01067
      vertex -1.99732 -1.99732 1.01067
    endloop
  endfacet
  facet normal -0.728186 -0.260536 0.63393
    outer loop
      vertex -2.05365 -0.850649 2.01468
      vertex -2.30586 -0.699476 1.7871
      vertex -2.2262 -0.922122 1.7871
    endloop
  endfacet
  facet normal -0.865145 -0.409198 0.289968
    outer loop
      vertex -2.60962 -1.08094 1.01067
      vertex -2.68858 -1.11364 0.72894
      vertex -2.4911 -1.33152 1.01067
    endloop
  endfacet
  facet normal -0.822778 -0.122039 0.555105
    outer loop
      vertex -2.36332 -0.470094 1.7871
      vertex -2.56079 -0.252215 1.54231
      vertex -2.52374 -0.502003 1.54231
    endloop
  endfacet
  facet normal -0.872599 -0.129429 0.470976
    outer loop
      vertex -2.56079 -0.252215 1.54231
      vertex -2.69891 -0.265819 1.28267
      vertex -2.52374 -0.502003 1.54231
    endloop
  endfacet
  facet normal -0.901097 0.322401 0.28997
    outer loop
      vertex -2.68858 1.11364 0.72894
      vertex -2.703 0.819947 1.01067
      vertex -2.60962 1.08094 1.01067
    endloop
  endfacet
  facet normal -0.901085 0.322418 0.289988
    outer loop
      vertex -2.68858 1.11364 0.72894
      vertex -2.78479 0.844755 0.72894
      vertex -2.703 0.819947 1.01067
    endloop
  endfacet
  facet normal -0.872601 0.129436 0.470971
    outer loop
      vertex -2.65986 0.529078 1.28267
      vertex -2.69891 0.265819 1.28267
      vertex -2.52374 0.502003 1.54231
    endloop
  endfacet
  facet normal -0.855718 0.21432 0.470971
    outer loop
      vertex -2.46239 0.746956 1.54231
      vertex -2.65986 0.529078 1.28267
      vertex -2.52374 0.502003 1.54231
    endloop
  endfacet
  facet normal -0.886652 0.419371 0.194876
    outer loop
      vertex -2.61713 1.39888 0.440191
      vertex -2.68858 1.11364 0.72894
      vertex -2.56647 1.37181 0.72894
    endloop
  endfacet
  facet normal -0.835328 0.395079 0.382282
    outer loop
      vertex -2.4911 1.33152 1.01067
      vertex -2.50553 1.03782 1.28267
      vertex -2.39174 1.27841 1.28267
    endloop
  endfacet
  facet normal -0.799365 0.592814 0.0979158
    outer loop
      vertex -2.31624 1.90089 0.147202
      vertex -2.4914 1.6647 0.147202
      vertex -2.29393 1.88258 0.440191
    endloop
  endfacet
  facet normal -0.853593 0.511662 0.0978864
    outer loop
      vertex -2.4914 1.6647 0.147202
      vertex -2.64258 1.41249 0.147202
      vertex -2.46741 1.64867 0.440191
    endloop
  endfacet
  facet normal -0.899649 0.425493 0.0979117
    outer loop
      vertex -2.64258 1.41249 0.147202
      vertex -2.74164 1.13562 0.440191
      vertex -2.61713 1.39888 0.440191
    endloop
  endfacet
  facet normal -0.899651 0.425491 0.0979093
    outer loop
      vertex -2.64258 1.41249 0.147202
      vertex -2.7683 1.14667 0.147202
      vertex -2.74164 1.13562 0.440191
    endloop
  endfacet
  facet normal -0.297215 -0.830578 0.470961
    outer loop
      vertex -0.984715 -2.37731 1.54231
      vertex -1.03782 -2.50553 1.28267
      vertex -0.746956 -2.46239 1.54231
    endloop
  endfacet
  facet normal 0.214358 -0.855724 0.470943
    outer loop
      vertex 0.746956 -2.46239 1.54231
      vertex 0.529078 -2.65986 1.28267
      vertex 0.787242 -2.59519 1.28267
    endloop
  endfacet
  facet normal -0.0488339 -0.993997 0.097907
    outer loop
      vertex -0.290868 -2.95324 0.440191
      vertex -0.293696 -2.98196 0.147202
      vertex 0 -2.96753 0.440191
    endloop
  endfacet
  facet normal 0.135583 -0.914046 0.38228
    outer loop
      vertex 0.529078 -2.65986 1.28267
      vertex 0.265819 -2.69891 1.28267
      vertex 0.276862 -2.81103 1.01067
    endloop
  endfacet
  facet normal -0.740927 -0.671585 0
    outer loop
      vertex -2.11876 -2.11876 0
      vertex -2.31624 -1.90089 0.147202
      vertex -2.31624 -1.90089 0
    endloop
  endfacet
  facet normal -0.740927 -0.671585 0
    outer loop
      vertex -2.31624 -1.90089 0.147202
      vertex -2.11876 -2.11876 0
      vertex -2.11876 -2.11876 0.147202
    endloop
  endfacet
  facet normal -0.224546 -0.896346 0.382286
    outer loop
      vertex -0.529078 -2.65986 1.28267
      vertex -0.819947 -2.703 1.01067
      vertex -0.551058 -2.77036 1.01067
    endloop
  endfacet
  facet normal -0.129429 -0.872599 0.470976
    outer loop
      vertex -0.252215 -2.56079 1.54231
      vertex -0.502003 -2.52374 1.54231
      vertex -0.265819 -2.69891 1.28267
    endloop
  endfacet
  facet normal -0.140416 -0.94668 0.289965
    outer loop
      vertex -0.551058 -2.77036 1.01067
      vertex -0.567731 -2.85418 0.72894
      vertex -0.276862 -2.81103 1.01067
    endloop
  endfacet
  facet normal -0.330437 -0.923495 0.194857
    outer loop
      vertex -0.844755 -2.78479 0.72894
      vertex -1.11364 -2.68858 0.72894
      vertex -0.861428 -2.83975 0.440191
    endloop
  endfacet
  facet normal -0.143905 -0.970218 0.194857
    outer loop
      vertex -0.567731 -2.85418 0.72894
      vertex -0.578936 -2.91051 0.440191
      vertex -0.285238 -2.89608 0.72894
    endloop
  endfacet
  facet normal -0.0469501 -0.955885 0.289963
    outer loop
      vertex -0.276862 -2.81103 1.01067
      vertex -0.285238 -2.89608 0.72894
      vertex 0 -2.91009 0.72894
    endloop
  endfacet
  facet normal -0.0488375 -0.993996 0.0979106
    outer loop
      vertex 0 -2.96753 0.440191
      vertex -0.293696 -2.98196 0.147202
      vertex 0 -2.99639 0.147202
    endloop
  endfacet
  facet normal -0.0490732 -0.998795 0
    outer loop
      vertex -0.293696 -2.98196 0
      vertex 0 -2.99639 0.147202
      vertex -0.293696 -2.98196 0.147202
    endloop
  endfacet
  facet normal -0.0490732 -0.998795 -0
    outer loop
      vertex 0 -2.99639 0.147202
      vertex -0.293696 -2.98196 0
      vertex 0 -2.99639 0
    endloop
  endfacet
  facet normal -0.238321 -0.951438 0.194857
    outer loop
      vertex -0.567731 -2.85418 0.72894
      vertex -0.861428 -2.83975 0.440191
      vertex -0.578936 -2.91051 0.440191
    endloop
  endfacet
  facet normal -0.146038 -0.984424 0.0978919
    outer loop
      vertex -0.578936 -2.91051 0.440191
      vertex -0.584565 -2.93881 0.147202
      vertex -0.293696 -2.98196 0.147202
    endloop
  endfacet
  facet normal -0.146023 -0.984425 0.0979068
    outer loop
      vertex -0.290868 -2.95324 0.440191
      vertex -0.578936 -2.91051 0.440191
      vertex -0.293696 -2.98196 0.147202
    endloop
  endfacet
  facet normal -0.242984 -0.97003 0
    outer loop
      vertex -0.869804 -2.86736 0
      vertex -0.584565 -2.93881 0.147202
      vertex -0.869804 -2.86736 0.147202
    endloop
  endfacet
  facet normal -0.242984 -0.97003 -0
    outer loop
      vertex -0.584565 -2.93881 0.147202
      vertex -0.869804 -2.86736 0
      vertex -0.584565 -2.93881 0
    endloop
  endfacet
  facet normal -0.620542 -0.684669 0.382302
    outer loop
      vertex -1.91765 -1.91765 1.28267
      vertex -1.99732 -1.99732 1.01067
      vertex -1.72045 -2.09638 1.28267
    endloop
  endfacet
  facet normal -0.984424 0.146038 0.0978919
    outer loop
      vertex -2.93881 0.584565 0.147202
      vertex -2.98196 0.293696 0.147202
      vertex -2.91051 0.578936 0.440191
    endloop
  endfacet
  facet normal -0.965373 -0.241812 0.0978855
    outer loop
      vertex -2.83975 -0.861428 0.440191
      vertex -2.91051 -0.578936 0.440191
      vertex -2.86736 -0.869804 0.147202
    endloop
  endfacet
  facet normal -0.97003 -0.242984 0
    outer loop
      vertex -2.86736 -0.869804 0
      vertex -2.93881 -0.584565 0.147202
      vertex -2.93881 -0.584565 0
    endloop
  endfacet
  facet normal -0.97003 -0.242984 0
    outer loop
      vertex -2.93881 -0.584565 0.147202
      vertex -2.86736 -0.869804 0
      vertex -2.86736 -0.869804 0.147202
    endloop
  endfacet
  facet normal -0.903994 -0.427545 0
    outer loop
      vertex -2.64258 -1.41249 0
      vertex -2.7683 -1.14667 0.147202
      vertex -2.7683 -1.14667 0
    endloop
  endfacet
  facet normal -0.903994 -0.427545 0
    outer loop
      vertex -2.7683 -1.14667 0.147202
      vertex -2.64258 -1.41249 0
      vertex -2.64258 -1.41249 0.147202
    endloop
  endfacet
  facet normal -0.699852 -0.103848 0.706698
    outer loop
      vertex -2.00498 -0.197473 2.22285
      vertex -2.18014 -0.433657 2.01468
      vertex -1.97596 -0.393044 2.22285
    endloop
  endfacet
  facet normal -0.686325 -0.171903 0.706687
    outer loop
      vertex -1.92793 -0.584829 2.22285
      vertex -2.18014 -0.433657 2.01468
      vertex -2.12714 -0.64526 2.01468
    endloop
  endfacet
  facet normal -0.87003 -0.311308 0.382277
    outer loop
      vertex -2.59519 -0.787242 1.28267
      vertex -2.703 -0.819947 1.01067
      vertex -2.50553 -1.03782 1.28267
    endloop
  endfacet
  facet normal -0.728187 -0.260552 0.633921
    outer loop
      vertex -2.12714 -0.64526 2.01468
      vertex -2.30586 -0.699476 1.7871
      vertex -2.05365 -0.850649 2.01468
    endloop
  endfacet
  facet normal -0.58428 -0.787808 0.194875
    outer loop
      vertex -1.61676 -2.41965 0.72894
      vertex -1.88258 -2.29393 0.440191
      vertex -1.64867 -2.46741 0.440191
    endloop
  endfacet
  facet normal -0.558576 -0.616318 0.555109
    outer loop
      vertex -1.52865 -1.86266 1.7871
      vertex -1.81952 -1.81952 1.54231
      vertex -1.63241 -1.9891 1.54231
    endloop
  endfacet
  facet normal -0.59284 -0.799349 0.0978863
    outer loop
      vertex -1.64867 -2.46741 0.440191
      vertex -1.88258 -2.29393 0.440191
      vertex -1.6647 -2.4914 0.147202
    endloop
  endfacet
  facet normal -0.409199 -0.865145 0.289968
    outer loop
      vertex -1.33152 -2.4911 1.01067
      vertex -1.37181 -2.56647 0.72894
      vertex -1.11364 -2.68858 0.72894
    endloop
  endfacet
  facet normal -0.737396 -0.668331 0.0978769
    outer loop
      vertex -2.09836 -2.09836 0.440191
      vertex -2.29393 -1.88258 0.440191
      vertex -2.11876 -2.11876 0.147202
    endloop
  endfacet
  facet normal -0.668331 -0.737396 0.0978769
    outer loop
      vertex -2.09836 -2.09836 0.440191
      vertex -2.11876 -2.11876 0.147202
      vertex -1.88258 -2.29393 0.440191
    endloop
  endfacet
  facet normal -0.820897 -0.491999 0.28994
    outer loop
      vertex -2.3486 -1.56928 1.01067
      vertex -2.4911 -1.33152 1.01067
      vertex -2.41965 -1.61676 0.72894
    endloop
  endfacet
  facet normal -0.84128 -0.504253 0.194876
    outer loop
      vertex -2.41965 -1.61676 0.72894
      vertex -2.56647 -1.37181 0.72894
      vertex -2.46741 -1.64867 0.440191
    endloop
  endfacet
  facet normal -0.237752 -0.502622 0.831171
    outer loop
      vertex -0.727038 -1.36019 2.57318
      vertex -0.842432 -1.57608 2.40962
      vertex -0.590216 -1.42491 2.57318
    endloop
  endfacet
  facet normal -0.260536 -0.728186 0.63393
    outer loop
      vertex -0.850649 -2.05365 2.01468
      vertex -0.922122 -2.2262 1.7871
      vertex -0.699476 -2.30586 1.7871
    endloop
  endfacet
  facet normal -0.42146 -0.568294 0.706692
    outer loop
      vertex -1.11929 -1.67514 2.22285
      vertex -1.41016 -1.71829 2.01468
      vertex -1.23495 -1.84823 2.01468
    endloop
  endfacet
  facet normal -0.331224 -0.446616 0.831159
    outer loop
      vertex -0.97843 -1.19222 2.57318
      vertex -1.13372 -1.38144 2.40962
      vertex -0.85686 -1.28238 2.57318
    endloop
  endfacet
  facet normal -0.460696 -0.621199 0.633933
    outer loop
      vertex -1.41016 -1.71829 2.01468
      vertex -1.52865 -1.86266 1.7871
      vertex -1.23495 -1.84823 2.01468
    endloop
  endfacet
  facet normal -0.616304 -0.558582 0.555118
    outer loop
      vertex -1.70386 -1.70386 1.7871
      vertex -1.86266 -1.52865 1.7871
      vertex -1.81952 -1.81952 1.54231
    endloop
  endfacet
  facet normal -0.524228 -0.475165 0.706685
    outer loop
      vertex -1.55737 -1.2781 2.22285
      vertex -1.57179 -1.57179 2.01468
      vertex -1.42459 -1.42459 2.22285
    endloop
  endfacet
  facet normal -0.621199 -0.460696 0.633933
    outer loop
      vertex -1.84823 -1.23495 2.01468
      vertex -1.86266 -1.52865 1.7871
      vertex -1.71829 -1.41016 2.01468
    endloop
  endfacet
  facet normal -0.616318 -0.558576 0.555109
    outer loop
      vertex -1.86266 -1.52865 1.7871
      vertex -1.9891 -1.63241 1.54231
      vertex -1.81952 -1.81952 1.54231
    endloop
  endfacet
  facet normal -0.713432 -0.42763 0.55511
    outer loop
      vertex -2.1251 -1.13589 1.7871
      vertex -2.13953 -1.42958 1.54231
      vertex -2.00353 -1.33871 1.7871
    endloop
  endfacet
  facet normal -0.346261 -0.163791 0.923729
    outer loop
      vertex -1.07119 -0.538426 2.74621
      vertex -1.13121 -0.604644 2.71197
      vertex -1.0583 -0.565676 2.74621
    endloop
  endfacet
  facet normal 0.378908 -0.0562213 0.923725
    outer loop
      vertex 1.18136 -0.204291 2.74621
      vertex 1.27649 -0.125723 2.71197
      vertex 1.19422 -0.11762 2.74621
    endloop
  endfacet
  facet normal 0.378897 -0.0562047 0.923731
    outer loop
      vertex 1.27649 -0.125723 2.71197
      vertex 1.18136 -0.204291 2.74621
      vertex 1.25802 -0.250236 2.71197
    endloop
  endfacet
  facet normal 0.114669 -0.457704 0.881679
    outer loop
      vertex 0.372337 -1.22743 2.71197
      vertex 0.250236 -1.25802 2.71197
      vertex 0.447708 -1.4759 2.57318
    endloop
  endfacet
  facet normal 0.213895 -0.597725 0.77264
    outer loop
      vertex 0.683892 -1.65106 2.40962
      vertex 0.518766 -1.71015 2.40962
      vertex 0.770983 -1.86132 2.22285
    endloop
  endfacet
  facet normal -0.213883 -0.597737 0.772635
    outer loop
      vertex -0.518766 -1.71015 2.40962
      vertex -0.770983 -1.86132 2.22285
      vertex -0.584829 -1.92793 2.22285
    endloop
  endfacet
  facet normal -0.471294 -0.0231668 0.881672
    outer loop
      vertex -1.28267 0 2.71197
      vertex -1.53488 -0.151173 2.57318
      vertex -1.27649 -0.125723 2.71197
    endloop
  endfacet
  facet normal -0.37891 -0.0562067 0.923725
    outer loop
      vertex -1.19422 -0.11762 2.74621
      vertex -1.27649 -0.125723 2.71197
      vertex -1.25802 -0.250236 2.71197
    endloop
  endfacet
  facet normal -0.378889 -0.0562185 0.923733
    outer loop
      vertex -1.18136 -0.204291 2.74621
      vertex -1.19422 -0.11762 2.74621
      vertex -1.25802 -0.250236 2.71197
    endloop
  endfacet
  facet normal -0.444274 -0.158941 0.881679
    outer loop
      vertex -1.22743 -0.372337 2.71197
      vertex -1.4759 -0.447708 2.57318
      vertex -1.18503 -0.490854 2.71197
    endloop
  endfacet
  facet normal 0.302519 -0.639585 0.706691
    outer loop
      vertex 1.04784 -1.96038 2.01468
      vertex 0.770983 -1.86132 2.22285
      vertex 0.850649 -2.05365 2.01468
    endloop
  endfacet
  facet normal 0.395079 -0.835328 0.382282
    outer loop
      vertex 1.27841 -2.39174 1.28267
      vertex 1.03782 -2.50553 1.28267
      vertex 1.33152 -2.4911 1.01067
    endloop
  endfacet
  facet normal 0.281081 -0.379005 0.881674
    outer loop
      vertex 0.97843 -1.19222 2.57318
      vertex 0.813714 -0.991513 2.71197
      vertex 0.85686 -1.28238 2.57318
    endloop
  endfacet
  facet normal 0.331224 -0.446616 0.831159
    outer loop
      vertex 0.97843 -1.19222 2.57318
      vertex 0.85686 -1.28238 2.57318
      vertex 1.13372 -1.38144 2.40962
    endloop
  endfacet
  facet normal 0.285847 -0.476916 0.831169
    outer loop
      vertex 0.85686 -1.28238 2.57318
      vertex 0.842432 -1.57608 2.40962
      vertex 0.992858 -1.48592 2.40962
    endloop
  endfacet
  facet normal 0.237752 -0.502622 0.831171
    outer loop
      vertex 0.727038 -1.36019 2.57318
      vertex 0.590216 -1.42491 2.57318
      vertex 0.842432 -1.57608 2.40962
    endloop
  endfacet
  facet normal -0.285847 -0.476916 0.831169
    outer loop
      vertex -0.85686 -1.28238 2.57318
      vertex -0.992858 -1.48592 2.40962
      vertex -0.842432 -1.57608 2.40962
    endloop
  endfacet
  facet normal -0.42145 -0.568315 0.706681
    outer loop
      vertex -1.2781 -1.55737 2.22285
      vertex -1.41016 -1.71829 2.01468
      vertex -1.11929 -1.67514 2.22285
    endloop
  endfacet
  facet normal -0.50991 -0.37821 0.772625
    outer loop
      vertex -1.48592 -0.992858 2.40962
      vertex -1.67514 -1.11929 2.22285
      vertex -1.38144 -1.13372 2.40962
    endloop
  endfacet
  facet normal -0.470398 -0.426309 0.772649
    outer loop
      vertex -1.38144 -1.13372 2.40962
      vertex -1.55737 -1.2781 2.22285
      vertex -1.26367 -1.26367 2.40962
    endloop
  endfacet
  facet normal -0.404737 -0.242581 0.88167
    outer loop
      vertex -1.13121 -0.604644 2.71197
      vertex -1.36019 -0.727038 2.57318
      vertex -1.0665 -0.71261 2.71197
    endloop
  endfacet
  facet normal -0.446616 -0.331224 0.831159
    outer loop
      vertex -1.28238 -0.85686 2.57318
      vertex -1.38144 -1.13372 2.40962
      vertex -1.19222 -0.97843 2.57318
    endloop
  endfacet
  facet normal -0.539364 -0.135094 0.831166
    outer loop
      vertex -1.4759 -0.447708 2.57318
      vertex -1.75276 -0.348645 2.40962
      vertex -1.71015 -0.518766 2.40962
    endloop
  endfacet
  facet normal -0.597737 -0.213883 0.772635
    outer loop
      vertex -1.71015 -0.518766 2.40962
      vertex -1.92793 -0.584829 2.22285
      vertex -1.86132 -0.770983 2.22285
    endloop
  endfacet
  facet normal -0.42656 -0.201753 0.88167
    outer loop
      vertex -1.18503 -0.490854 2.71197
      vertex -1.36019 -0.727038 2.57318
      vertex -1.13121 -0.604644 2.71197
    endloop
  endfacet
  facet normal -0.502622 -0.237752 0.831171
    outer loop
      vertex -1.42491 -0.590216 2.57318
      vertex -1.57608 -0.842432 2.40962
      vertex -1.36019 -0.727038 2.57318
    endloop
  endfacet
  facet normal -0.544514 -0.326398 0.772637
    outer loop
      vertex -1.57608 -0.842432 2.40962
      vertex -1.77679 -0.949712 2.22285
      vertex -1.67514 -1.11929 2.22285
    endloop
  endfacet
  facet normal -0.544543 -0.32638 0.772625
    outer loop
      vertex -1.57608 -0.842432 2.40962
      vertex -1.67514 -1.11929 2.22285
      vertex -1.48592 -0.992858 2.40962
    endloop
  endfacet
  facet normal 0.146743 -0.989175 0
    outer loop
      vertex 0.293696 -2.98196 0
      vertex 0.584565 -2.93881 0.147202
      vertex 0.293696 -2.98196 0.147202
    endloop
  endfacet
  facet normal 0.146743 -0.989175 0
    outer loop
      vertex 0.584565 -2.93881 0.147202
      vertex 0.293696 -2.98196 0
      vertex 0.584565 -2.93881 0
    endloop
  endfacet
  facet normal 0.592814 -0.799365 0.0979158
    outer loop
      vertex 1.88258 -2.29393 0.440191
      vertex 1.6647 -2.4914 0.147202
      vertex 1.90089 -2.31624 0.147202
    endloop
  endfacet
  facet normal 0.737396 -0.668331 0.0978769
    outer loop
      vertex 2.29393 -1.88258 0.440191
      vertex 2.09836 -2.09836 0.440191
      vertex 2.11876 -2.11876 0.147202
    endloop
  endfacet
  facet normal 0.642685 -0.709139 0.289961
    outer loop
      vertex 1.99732 -1.99732 1.01067
      vertex 1.84614 -2.24953 0.72894
      vertex 2.05775 -2.05775 0.72894
    endloop
  endfacet
  facet normal 0.335259 -0.937025 0.0979071
    outer loop
      vertex 1.13562 -2.74164 0.440191
      vertex 0.869804 -2.86736 0.147202
      vertex 1.14667 -2.7683 0.147202
    endloop
  endfacet
  facet normal 0.336877 -0.941549 0
    outer loop
      vertex 0.869804 -2.86736 0
      vertex 1.14667 -2.7683 0.147202
      vertex 0.869804 -2.86736 0.147202
    endloop
  endfacet
  facet normal 0.336877 -0.941549 0
    outer loop
      vertex 1.14667 -2.7683 0.147202
      vertex 0.869804 -2.86736 0
      vertex 1.14667 -2.7683 0
    endloop
  endfacet
  facet normal 0.70855 -0.5255 0.470963
    outer loop
      vertex 2.13953 -1.42958 1.54231
      vertex 1.9891 -1.63241 1.54231
      vertex 2.25492 -1.50669 1.28267
    endloop
  endfacet
  facet normal 0.684676 -0.620539 0.382296
    outer loop
      vertex 2.09638 -1.72045 1.28267
      vertex 1.99732 -1.99732 1.01067
      vertex 2.18347 -1.79193 1.01067
    endloop
  endfacet
  facet normal 0.998795 -0.0490732 0
    outer loop
      vertex 2.98196 -0.293696 0.147202
      vertex 2.99639 0 0
      vertex 2.99639 0 0.147202
    endloop
  endfacet
  facet normal 0.998795 -0.0490732 0
    outer loop
      vertex 2.99639 0 0
      vertex 2.98196 -0.293696 0.147202
      vertex 2.98196 -0.293696 0
    endloop
  endfacet
  facet normal 0.965371 -0.241817 0.0978917
    outer loop
      vertex 2.91051 -0.578936 0.440191
      vertex 2.86736 -0.869804 0.147202
      vertex 2.93881 -0.584565 0.147202
    endloop
  endfacet
  facet normal 0.965373 -0.241812 0.0978855
    outer loop
      vertex 2.91051 -0.578936 0.440191
      vertex 2.83975 -0.861428 0.440191
      vertex 2.86736 -0.869804 0.147202
    endloop
  endfacet
  facet normal 0.592421 -0.653642 0.470945
    outer loop
      vertex 1.81952 -1.81952 1.54231
      vertex 1.72045 -2.09638 1.28267
      vertex 1.91765 -1.91765 1.28267
    endloop
  endfacet
  facet normal 0.620542 -0.684669 0.382302
    outer loop
      vertex 1.91765 -1.91765 1.28267
      vertex 1.72045 -2.09638 1.28267
      vertex 1.99732 -1.99732 1.01067
    endloop
  endfacet
  facet normal 0.570113 -0.768702 0.289945
    outer loop
      vertex 1.79193 -2.18347 1.01067
      vertex 1.56928 -2.3486 1.01067
      vertex 1.84614 -2.24953 0.72894
    endloop
  endfacet
  facet normal 0.570111 -0.768705 0.289942
    outer loop
      vertex 1.84614 -2.24953 0.72894
      vertex 1.56928 -2.3486 1.01067
      vertex 1.61676 -2.41965 0.72894
    endloop
  endfacet
  facet normal 0.475039 -0.792589 0.382283
    outer loop
      vertex 1.50669 -2.25492 1.28267
      vertex 1.27841 -2.39174 1.28267
      vertex 1.33152 -2.4911 1.01067
    endloop
  endfacet
  facet normal 0.322401 -0.901097 0.28997
    outer loop
      vertex 1.08094 -2.60962 1.01067
      vertex 0.819947 -2.703 1.01067
      vertex 1.11364 -2.68858 0.72894
    endloop
  endfacet
  facet normal 0.853593 -0.511662 0.0978864
    outer loop
      vertex 2.64258 -1.41249 0.147202
      vertex 2.46741 -1.64867 0.440191
      vertex 2.4914 -1.6647 0.147202
    endloop
  endfacet
  facet normal 0.803225 -0.595676 0
    outer loop
      vertex 2.31624 -1.90089 0.147202
      vertex 2.4914 -1.6647 0
      vertex 2.4914 -1.6647 0.147202
    endloop
  endfacet
  facet normal 0.803225 -0.595676 0
    outer loop
      vertex 2.4914 -1.6647 0
      vertex 2.31624 -1.90089 0.147202
      vertex 2.31624 -1.90089 0
    endloop
  endfacet
  facet normal 0.799365 -0.592814 0.0979158
    outer loop
      vertex 2.4914 -1.6647 0.147202
      vertex 2.29393 -1.88258 0.440191
      vertex 2.31624 -1.90089 0.147202
    endloop
  endfacet
  facet normal 0.737367 -0.668358 0.0979159
    outer loop
      vertex 2.29393 -1.88258 0.440191
      vertex 2.11876 -2.11876 0.147202
      vertex 2.31624 -1.90089 0.147202
    endloop
  endfacet
  facet normal 0.881081 -0.0432829 0.47098
    outer loop
      vertex 2.57318 0 1.54231
      vertex 2.56079 -0.252215 1.54231
      vertex 2.71197 0 1.28267
    endloop
  endfacet
  facet normal 0.881081 0.0432829 0.47098
    outer loop
      vertex 2.71197 0 1.28267
      vertex 2.56079 0.252215 1.54231
      vertex 2.57318 0 1.54231
    endloop
  endfacet
  facet normal 0.772456 0.0379386 0.633935
    outer loop
      vertex 2.39802 0.236184 1.7871
      vertex 2.21215 0.217877 2.01468
      vertex 2.40962 0 1.7871
    endloop
  endfacet
  facet normal 0.772454 0.0379354 0.633936
    outer loop
      vertex 2.40962 0 1.7871
      vertex 2.21215 0.217877 2.01468
      vertex 2.22285 0 2.01468
    endloop
  endfacet
  facet normal 0.901085 -0.322418 0.289988
    outer loop
      vertex 2.703 -0.819947 1.01067
      vertex 2.68858 -1.11364 0.72894
      vertex 2.78479 -0.844755 0.72894
    endloop
  endfacet
  facet normal 0.923495 -0.330437 0.194857
    outer loop
      vertex 2.78479 -0.844755 0.72894
      vertex 2.68858 -1.11364 0.72894
      vertex 2.83975 -0.861428 0.440191
    endloop
  endfacet
  facet normal 0.914044 -0.135575 0.382286
    outer loop
      vertex 2.81103 -0.276862 1.01067
      vertex 2.65986 -0.529078 1.28267
      vertex 2.77036 -0.551058 1.01067
    endloop
  endfacet
  facet normal 0.896346 -0.224546 0.382286
    outer loop
      vertex 2.77036 -0.551058 1.01067
      vertex 2.65986 -0.529078 1.28267
      vertex 2.703 -0.819947 1.01067
    endloop
  endfacet
  facet normal 0.914046 0.135583 0.38228
    outer loop
      vertex 2.81103 0.276862 1.01067
      vertex 2.65986 0.529078 1.28267
      vertex 2.69891 0.265819 1.28267
    endloop
  endfacet
  facet normal 0.922934 0.0453363 0.382279
    outer loop
      vertex 2.81103 0.276862 1.01067
      vertex 2.69891 0.265819 1.28267
      vertex 2.82463 0 1.01067
    endloop
  endfacet
  facet normal 0.865145 -0.409199 0.289968
    outer loop
      vertex 2.68858 -1.11364 0.72894
      vertex 2.4911 -1.33152 1.01067
      vertex 2.56647 -1.37181 0.72894
    endloop
  endfacet
  facet normal 0.708547 -0.52551 0.470956
    outer loop
      vertex 2.25492 -1.50669 1.28267
      vertex 1.9891 -1.63241 1.54231
      vertex 2.09638 -1.72045 1.28267
    endloop
  endfacet
  facet normal 0.55 -0.0815912 0.831169
    outer loop
      vertex 1.53488 -0.151173 2.57318
      vertex 1.51267 -0.300889 2.57318
      vertex 1.75276 -0.348645 2.40962
    endloop
  endfacet
  facet normal 0.555356 -0.0272976 0.831164
    outer loop
      vertex 1.7871 0 2.40962
      vertex 1.53488 -0.151173 2.57318
      vertex 1.77849 -0.175166 2.40962
    endloop
  endfacet
  facet normal 0.42656 -0.201753 0.88167
    outer loop
      vertex 1.18503 -0.490854 2.71197
      vertex 1.13121 -0.604644 2.71197
      vertex 1.36019 -0.727038 2.57318
    endloop
  endfacet
  facet normal 0.573898 -0.27142 0.77264
    outer loop
      vertex 1.65106 -0.683892 2.40962
      vertex 1.57608 -0.842432 2.40962
      vertex 1.86132 -0.770983 2.22285
    endloop
  endfacet
  facet normal 0.426545 -0.201766 0.881674
    outer loop
      vertex 1.42491 -0.590216 2.57318
      vertex 1.18503 -0.490854 2.71197
      vertex 1.36019 -0.727038 2.57318
    endloop
  endfacet
  facet normal 0.79259 -0.475034 0.382288
    outer loop
      vertex 2.4911 -1.33152 1.01067
      vertex 2.25492 -1.50669 1.28267
      vertex 2.3486 -1.56928 1.01067
    endloop
  endfacet
  facet normal 0.797466 -0.377171 0.470946
    outer loop
      vertex 2.50553 -1.03782 1.28267
      vertex 2.26935 -1.21299 1.54231
      vertex 2.39174 -1.27841 1.28267
    endloop
  endfacet
  facet normal 0.544514 -0.326398 0.772637
    outer loop
      vertex 1.77679 -0.949712 2.22285
      vertex 1.57608 -0.842432 2.40962
      vertex 1.67514 -1.11929 2.22285
    endloop
  endfacet
  facet normal 0.446585 -0.331241 0.831169
    outer loop
      vertex 1.48592 -0.992858 2.40962
      vertex 1.28238 -0.85686 2.57318
      vertex 1.38144 -1.13372 2.40962
    endloop
  endfacet
  facet normal 0.0481173 0.979649 0.194867
    outer loop
      vertex 0.290868 2.95324 0.440191
      vertex 0 2.91009 0.72894
      vertex 0.285238 2.89608 0.72894
    endloop
  endfacet
  facet normal 0.0488375 0.993996 0.0979106
    outer loop
      vertex 0 2.99639 0.147202
      vertex 0 2.96753 0.440191
      vertex 0.293696 2.98196 0.147202
    endloop
  endfacet
  facet normal -0.0488375 0.993996 0.0979106
    outer loop
      vertex 0 2.99639 0.147202
      vertex -0.293696 2.98196 0.147202
      vertex 0 2.96753 0.440191
    endloop
  endfacet
  facet normal -0.0488339 0.993997 0.097907
    outer loop
      vertex 0 2.96753 0.440191
      vertex -0.293696 2.98196 0.147202
      vertex -0.290868 2.95324 0.440191
    endloop
  endfacet
  facet normal -0.668358 0.737367 0.0979159
    outer loop
      vertex -1.90089 2.31624 0.147202
      vertex -2.11876 2.11876 0.147202
      vertex -1.88258 2.29393 0.440191
    endloop
  endfacet
  facet normal -0.550454 0.742194 0.382294
    outer loop
      vertex -1.56928 2.3486 1.01067
      vertex -1.79193 2.18347 1.01067
      vertex -1.72045 2.09638 1.28267
    endloop
  endfacet
  facet normal -0.419352 0.886665 0.194854
    outer loop
      vertex -1.13562 2.74164 0.440191
      vertex -1.39888 2.61713 0.440191
      vertex -1.11364 2.68858 0.72894
    endloop
  endfacet
  facet normal -0.425493 0.899649 0.0979117
    outer loop
      vertex -1.13562 2.74164 0.440191
      vertex -1.41249 2.64258 0.147202
      vertex -1.39888 2.61713 0.440191
    endloop
  endfacet
  facet normal -0.238321 0.951438 0.194857
    outer loop
      vertex -0.578936 2.91051 0.440191
      vertex -0.861428 2.83975 0.440191
      vertex -0.567731 2.85418 0.72894
    endloop
  endfacet
  facet normal -0.140414 0.946681 0.289963
    outer loop
      vertex -0.285238 2.89608 0.72894
      vertex -0.567731 2.85418 0.72894
      vertex -0.276862 2.81103 1.01067
    endloop
  endfacet
  facet normal -0.0815912 0.55 0.831169
    outer loop
      vertex -0.151173 1.53488 2.57318
      vertex -0.348645 1.75276 2.40962
      vertex -0.300889 1.51267 2.57318
    endloop
  endfacet
  facet normal -0.201766 0.426545 0.881674
    outer loop
      vertex -0.590216 1.42491 2.57318
      vertex -0.727038 1.36019 2.57318
      vertex -0.490854 1.18503 2.71197
    endloop
  endfacet
  facet normal -0.331224 0.446616 0.831159
    outer loop
      vertex -0.85686 1.28238 2.57318
      vertex -1.13372 1.38144 2.40962
      vertex -0.97843 1.19222 2.57318
    endloop
  endfacet
  facet normal -0.328558 0.196931 0.923725
    outer loop
      vertex -0.997763 0.666684 2.74621
      vertex -1.0665 0.71261 2.71197
      vertex -1.01326 0.640829 2.74621
    endloop
  endfacet
  facet normal -0.573036 0.519366 0.633947
    outer loop
      vertex -1.70386 1.70386 1.7871
      vertex -1.86266 1.52865 1.7871
      vertex -1.57179 1.57179 2.01468
    endloop
  endfacet
  facet normal -0.283835 0.257253 0.92372
    outer loop
      vertex -0.906981 0.906981 2.71197
      vertex -0.907369 0.783607 2.74621
      vertex -0.848528 0.848528 2.74621
    endloop
  endfacet
  facet normal -0.283836 0.257253 0.92372
    outer loop
      vertex -0.907369 0.783607 2.74621
      vertex -0.906981 0.906981 2.71197
      vertex -0.991513 0.813714 2.71197
    endloop
  endfacet
  facet normal -0.70855 0.5255 0.470963
    outer loop
      vertex -1.9891 1.63241 1.54231
      vertex -2.25492 1.50669 1.28267
      vertex -2.13953 1.42958 1.54231
    endloop
  endfacet
  facet normal -0.316869 0.349635 0.881674
    outer loop
      vertex -0.97843 1.19222 2.57318
      vertex -1.09058 1.09058 2.57318
      vertex -0.813714 0.991513 2.71197
    endloop
  endfacet
  facet normal 0.335259 0.937025 0.0979071
    outer loop
      vertex 1.14667 2.7683 0.147202
      vertex 0.869804 2.86736 0.147202
      vertex 1.13562 2.74164 0.440191
    endloop
  endfacet
  facet normal 0.409199 0.865145 0.289968
    outer loop
      vertex 1.37181 2.56647 0.72894
      vertex 1.11364 2.68858 0.72894
      vertex 1.33152 2.4911 1.01067
    endloop
  endfacet
  facet normal 0.492021 0.820873 0.289968
    outer loop
      vertex 1.37181 2.56647 0.72894
      vertex 1.33152 2.4911 1.01067
      vertex 1.61676 2.41965 0.72894
    endloop
  endfacet
  facet normal 0.750213 0.187905 0.633934
    outer loop
      vertex 2.36332 0.470094 1.7871
      vertex 2.12714 0.64526 2.01468
      vertex 2.18014 0.433657 2.01468
    endloop
  endfacet
  facet normal 0.728187 0.260552 0.633921
    outer loop
      vertex 2.30586 0.699476 1.7871
      vertex 2.05365 0.850649 2.01468
      vertex 2.12714 0.64526 2.01468
    endloop
  endfacet
  facet normal 0.666162 0.238359 0.706692
    outer loop
      vertex 2.05365 0.850649 2.01468
      vertex 1.86132 0.770983 2.22285
      vertex 2.12714 0.64526 2.01468
    endloop
  endfacet
  facet normal 0.606859 0.363769 0.706678
    outer loop
      vertex 1.96038 1.04784 2.01468
      vertex 1.67514 1.11929 2.22285
      vertex 1.77679 0.949712 2.22285
    endloop
  endfacet
  facet normal 0.668088 0.495491 0.55511
    outer loop
      vertex 2.13953 1.42958 1.54231
      vertex 1.86266 1.52865 1.7871
      vertex 2.00353 1.33871 1.7871
    endloop
  endfacet
  facet normal 0.70855 0.5255 0.470963
    outer loop
      vertex 2.25492 1.50669 1.28267
      vertex 1.9891 1.63241 1.54231
      vertex 2.13953 1.42958 1.54231
    endloop
  endfacet
  facet normal 0.835317 0.39509 0.382296
    outer loop
      vertex 2.60962 1.08094 1.01067
      vertex 2.4911 1.33152 1.01067
      vertex 2.50553 1.03782 1.28267
    endloop
  endfacet
  facet normal 0.87003 0.311286 0.382294
    outer loop
      vertex 2.60962 1.08094 1.01067
      vertex 2.50553 1.03782 1.28267
      vertex 2.703 0.819947 1.01067
    endloop
  endfacet
  facet normal -0.122039 0.822778 0.555105
    outer loop
      vertex -0.252215 2.56079 1.54231
      vertex -0.502003 2.52374 1.54231
      vertex -0.470094 2.36332 1.7871
    endloop
  endfacet
  facet normal -0.122058 0.822784 0.555093
    outer loop
      vertex -0.252215 2.56079 1.54231
      vertex -0.470094 2.36332 1.7871
      vertex -0.236184 2.39802 1.7871
    endloop
  endfacet
  facet normal 0.460696 0.621199 0.633933
    outer loop
      vertex 1.52865 1.86266 1.7871
      vertex 1.23495 1.84823 2.01468
      vertex 1.41016 1.71829 2.01468
    endloop
  endfacet
  facet normal 0.519389 0.57303 0.633934
    outer loop
      vertex 1.52865 1.86266 1.7871
      vertex 1.41016 1.71829 2.01468
      vertex 1.57179 1.57179 2.01468
    endloop
  endfacet
  facet normal 0.573036 0.519366 0.633947
    outer loop
      vertex 1.70386 1.70386 1.7871
      vertex 1.57179 1.57179 2.01468
      vertex 1.86266 1.52865 1.7871
    endloop
  endfacet
  facet normal 0.616304 0.558582 0.555118
    outer loop
      vertex 1.81952 1.81952 1.54231
      vertex 1.70386 1.70386 1.7871
      vertex 1.86266 1.52865 1.7871
    endloop
  endfacet
  facet normal 0.311286 0.87003 0.382294
    outer loop
      vertex 1.08094 2.60962 1.01067
      vertex 0.819947 2.703 1.01067
      vertex 1.03782 2.50553 1.28267
    endloop
  endfacet
  facet normal 0.311308 0.87003 0.382277
    outer loop
      vertex 0.819947 2.703 1.01067
      vertex 0.787242 2.59519 1.28267
      vertex 1.03782 2.50553 1.28267
    endloop
  endfacet
  facet normal 0.409198 0.865145 0.289968
    outer loop
      vertex 1.11364 2.68858 0.72894
      vertex 1.08094 2.60962 1.01067
      vertex 1.33152 2.4911 1.01067
    endloop
  endfacet
  facet normal 0.232537 0.92835 0.289989
    outer loop
      vertex 0.844755 2.78479 0.72894
      vertex 0.567731 2.85418 0.72894
      vertex 0.819947 2.703 1.01067
    endloop
  endfacet
  facet normal 0.363769 0.606859 0.706678
    outer loop
      vertex 1.04784 1.96038 2.01468
      vertex 0.949712 1.77679 2.22285
      vertex 1.11929 1.67514 2.22285
    endloop
  endfacet
  facet normal 0.271425 0.573898 0.772638
    outer loop
      vertex 0.949712 1.77679 2.22285
      vertex 0.770983 1.86132 2.22285
      vertex 0.842432 1.57608 2.40962
    endloop
  endfacet
  facet normal 0.17188 0.68632 0.706698
    outer loop
      vertex 0.433657 2.18014 2.01468
      vertex 0.393044 1.97596 2.22285
      vertex 0.584829 1.92793 2.22285
    endloop
  endfacet
  facet normal 0.326398 0.544514 0.772637
    outer loop
      vertex 0.949712 1.77679 2.22285
      vertex 0.842432 1.57608 2.40962
      vertex 1.11929 1.67514 2.22285
    endloop
  endfacet
  facet normal 0.260552 0.728187 0.633921
    outer loop
      vertex 0.699476 2.30586 1.7871
      vertex 0.64526 2.12714 2.01468
      vertex 0.850649 2.05365 2.01468
    endloop
  endfacet
  facet normal 0.280238 0.783135 0.555128
    outer loop
      vertex 0.746956 2.46239 1.54231
      vertex 0.699476 2.30586 1.7871
      vertex 0.984715 2.37731 1.54231
    endloop
  endfacet
  facet normal 0.0272976 0.555356 0.831164
    outer loop
      vertex 0.175166 1.77849 2.40962
      vertex 0 1.7871 2.40962
      vertex 0.151173 1.53488 2.57318
    endloop
  endfacet
  facet normal -0.0931841 0.627985 0.772627
    outer loop
      vertex -0.197473 2.00498 2.22285
      vertex -0.393044 1.97596 2.22285
      vertex -0.348645 1.75276 2.40962
    endloop
  endfacet
  facet normal 0.0379386 0.772456 0.633935
    outer loop
      vertex 0.236184 2.39802 1.7871
      vertex 0 2.40962 1.7871
      vertex 0.217877 2.21215 2.01468
    endloop
  endfacet
  facet normal -0.0347124 0.706677 0.706684
    outer loop
      vertex 0 2.01468 2.22285
      vertex -0.217877 2.21215 2.01468
      vertex -0.197473 2.00498 2.22285
    endloop
  endfacet
  facet normal -0.395079 0.835328 0.382282
    outer loop
      vertex -1.03782 2.50553 1.28267
      vertex -1.33152 2.4911 1.01067
      vertex -1.27841 2.39174 1.28267
    endloop
  endfacet
  facet normal 0.103823 0.69987 0.706684
    outer loop
      vertex 0.217877 2.21215 2.01468
      vertex 0.197473 2.00498 2.22285
      vertex 0.433657 2.18014 2.01468
    endloop
  endfacet
  facet normal 0.187339 0.523515 0.831165
    outer loop
      vertex 0.518766 1.71015 2.40962
      vertex 0.447708 1.4759 2.57318
      vertex 0.683892 1.65106 2.40962
    endloop
  endfacet
  facet normal 0.129034 0.360678 0.923722
    outer loop
      vertex 0.372337 1.22743 2.71197
      vertex 0.430838 1.11881 2.74621
      vertex 0.490854 1.18503 2.71197
    endloop
  endfacet
  facet normal 0.129067 0.360693 0.923711
    outer loop
      vertex 0.430838 1.11881 2.74621
      vertex 0.372337 1.22743 2.71197
      vertex 0.348341 1.14833 2.74621
    endloop
  endfacet
  facet normal 0.135094 0.539364 0.831166
    outer loop
      vertex 0.518766 1.71015 2.40962
      vertex 0.348645 1.75276 2.40962
      vertex 0.447708 1.4759 2.57318
    endloop
  endfacet
  facet normal 0.13508 0.539361 0.83117
    outer loop
      vertex 0.348645 1.75276 2.40962
      vertex 0.300889 1.51267 2.57318
      vertex 0.447708 1.4759 2.57318
    endloop
  endfacet
  facet normal -0.0931391 0.62797 0.772644
    outer loop
      vertex -0.197473 2.00498 2.22285
      vertex -0.348645 1.75276 2.40962
      vertex -0.175166 1.77849 2.40962
    endloop
  endfacet
  facet normal 0.163779 0.346273 0.923727
    outer loop
      vertex 0.490854 1.18503 2.71197
      vertex 0.538426 1.07119 2.74621
      vertex 0.604644 1.13121 2.71197
    endloop
  endfacet
  facet normal 0.163766 0.346269 0.923731
    outer loop
      vertex 0.490854 1.18503 2.71197
      vertex 0.45922 1.10865 2.74621
      vertex 0.538426 1.07119 2.74621
    endloop
  endfacet
  facet normal 0.734506 -0 0.678603
    outer loop
      vertex 0.45922 1.10865 2.74621
      vertex 0.490854 1.18503 2.71197
      vertex 0.45922 1.10866 2.74621
    endloop
  endfacet
  facet normal -0.285847 0.476916 0.831169
    outer loop
      vertex -0.842432 1.57608 2.40962
      vertex -0.992858 1.48592 2.40962
      vertex -0.85686 1.28238 2.57318
    endloop
  endfacet
  facet normal -0.171903 0.686325 0.706687
    outer loop
      vertex -0.433657 2.18014 2.01468
      vertex -0.64526 2.12714 2.01468
      vertex -0.584829 1.92793 2.22285
    endloop
  endfacet
  facet normal 0.379005 0.281081 0.881674
    outer loop
      vertex 1.19222 0.97843 2.57318
      vertex 0.991513 0.813714 2.71197
      vertex 1.28238 0.85686 2.57318
    endloop
  endfacet
  facet normal 0.307675 0.228199 0.923721
    outer loop
      vertex 0.991513 0.813714 2.71197
      vertex 0.927612 0.761271 2.74621
      vertex 0.945569 0.73706 2.74621
    endloop
  endfacet
  facet normal 0.4723 -0 0.881438
    outer loop
      vertex 0.927612 0.761271 2.74621
      vertex 0.991513 0.813714 2.71197
      vertex 0.927612 0.761272 2.74621
    endloop
  endfacet
  facet normal 0 0.4723 0.881438
    outer loop
      vertex 0.813714 0.991513 2.71197
      vertex 0.761271 0.927612 2.74621
      vertex 0.761272 0.927612 2.74621
    endloop
  endfacet
  facet normal 0.228199 0.307675 0.923721
    outer loop
      vertex 0.761271 0.927612 2.74621
      vertex 0.813714 0.991513 2.71197
      vertex 0.73706 0.945569 2.74621
    endloop
  endfacet
  facet normal 0.371586 0.0930203 0.923727
    outer loop
      vertex 1.25802 0.250236 2.71197
      vertex 1.16962 0.263349 2.74621
      vertex 1.17694 0.234108 2.74621
    endloop
  endfacet
  facet normal 0.382587 -0.018807 0.923728
    outer loop
      vertex 1.2 0 2.74621
      vertex 1.19852 -0.0301073 2.74621
      vertex 1.28267 0 2.71197
    endloop
  endfacet
  facet normal 0.466756 0.0692376 0.881672
    outer loop
      vertex 1.53488 0.151173 2.57318
      vertex 1.25802 0.250236 2.71197
      vertex 1.27649 0.125723 2.71197
    endloop
  endfacet
  facet normal 0.378915 0.0561695 0.923725
    outer loop
      vertex 1.25802 0.250236 2.71197
      vertex 1.17694 0.234108 2.74621
      vertex 1.18136 0.204291 2.74621
    endloop
  endfacet
  facet normal 0.346273 0.163779 0.923727
    outer loop
      vertex 1.07119 0.538426 2.74621
      vertex 1.18503 0.490854 2.71197
      vertex 1.13121 0.604644 2.71197
    endloop
  endfacet
  facet normal 0 0.734506 0.678603
    outer loop
      vertex 1.18503 0.490854 2.71197
      vertex 1.10865 0.45922 2.74621
      vertex 1.10866 0.45922 2.74621
    endloop
  endfacet
  facet normal 0.346269 0.163766 0.923731
    outer loop
      vertex 1.18503 0.490854 2.71197
      vertex 1.07119 0.538426 2.74621
      vertex 1.10865 0.45922 2.74621
    endloop
  endfacet
  facet normal 0.42656 0.201753 0.88167
    outer loop
      vertex 1.36019 0.727038 2.57318
      vertex 1.13121 0.604644 2.71197
      vertex 1.18503 0.490854 2.71197
    endloop
  endfacet
  facet normal 0.412009 0.373392 0.83116
    outer loop
      vertex 1.26367 1.26367 2.40962
      vertex 1.19222 0.97843 2.57318
      vertex 1.38144 1.13372 2.40962
    endloop
  endfacet
  facet normal 0.379001 0.281098 0.88167
    outer loop
      vertex 1.28238 0.85686 2.57318
      vertex 0.991513 0.813714 2.71197
      vertex 1.0665 0.71261 2.71197
    endloop
  endfacet
  facet normal 0.316869 0.349635 0.881674
    outer loop
      vertex 0.97843 1.19222 2.57318
      vertex 0.813714 0.991513 2.71197
      vertex 1.09058 1.09058 2.57318
    endloop
  endfacet
  facet normal 0.316876 0.34962 0.881678
    outer loop
      vertex 1.09058 1.09058 2.57318
      vertex 0.813714 0.991513 2.71197
      vertex 0.906981 0.906981 2.71197
    endloop
  endfacet
  facet normal 0.349635 0.316869 0.881674
    outer loop
      vertex 1.09058 1.09058 2.57318
      vertex 0.991513 0.813714 2.71197
      vertex 1.19222 0.97843 2.57318
    endloop
  endfacet
  facet normal 0.34962 0.316876 0.881678
    outer loop
      vertex 1.09058 1.09058 2.57318
      vertex 0.906981 0.906981 2.71197
      vertex 0.991513 0.813714 2.71197
    endloop
  endfacet
  facet normal 0.476916 0.285844 0.83117
    outer loop
      vertex 1.57608 0.842432 2.40962
      vertex 1.28238 0.85686 2.57318
      vertex 1.36019 0.727038 2.57318
    endloop
  endfacet
  facet normal 0.476916 0.285847 0.831169
    outer loop
      vertex 1.48592 0.992858 2.40962
      vertex 1.28238 0.85686 2.57318
      vertex 1.57608 0.842432 2.40962
    endloop
  endfacet
  facet normal 0.663344 0.397595 0.63395
    outer loop
      vertex 2.1251 1.13589 1.7871
      vertex 1.84823 1.23495 2.01468
      vertex 1.96038 1.04784 2.01468
    endloop
  endfacet
  facet normal 0.663343 0.397607 0.633944
    outer loop
      vertex 2.00353 1.33871 1.7871
      vertex 1.84823 1.23495 2.01468
      vertex 2.1251 1.13589 1.7871
    endloop
  endfacet
  facet normal 0.979646 0.0481288 0.194878
    outer loop
      vertex 2.95324 0.290868 0.440191
      vertex 2.91009 0 0.72894
      vertex 2.96753 0 0.440191
    endloop
  endfacet
  facet normal 0.993997 0.0488339 0.097907
    outer loop
      vertex 2.98196 0.293696 0.147202
      vertex 2.95324 0.290868 0.440191
      vertex 2.96753 0 0.440191
    endloop
  endfacet
  facet normal 0.511637 0.853605 0.0979136
    outer loop
      vertex 1.41249 2.64258 0.147202
      vertex 1.39888 2.61713 0.440191
      vertex 1.64867 2.46741 0.440191
    endloop
  endfacet
  facet normal 0.658661 0.726766 0.194875
    outer loop
      vertex 1.88258 2.29393 0.440191
      vertex 1.84614 2.24953 0.72894
      vertex 2.05775 2.05775 0.72894
    endloop
  endfacet
  facet normal 0.941549 0.336877 0
    outer loop
      vertex 2.86736 0.869804 0.147202
      vertex 2.7683 1.14667 0
      vertex 2.7683 1.14667 0.147202
    endloop
  endfacet
  facet normal 0.941549 0.336877 0
    outer loop
      vertex 2.7683 1.14667 0
      vertex 2.86736 0.869804 0.147202
      vertex 2.86736 0.869804 0
    endloop
  endfacet
  facet normal -0.382587 0.018807 0.923728
    outer loop
      vertex -1.19852 0.0301073 2.74621
      vertex -1.28267 0 2.71197
      vertex -1.2 0 2.74621
    endloop
  endfacet
  facet normal -0.382587 -0.018807 0.923728
    outer loop
      vertex -1.2 0 2.74621
      vertex -1.28267 0 2.71197
      vertex -1.19852 -0.0301073 2.74621
    endloop
  endfacet
  facet normal -0.360708 0.128997 0.923715
    outer loop
      vertex -1.10866 0.45922 2.74621
      vertex -1.18503 0.490854 2.71197
      vertex -1.11881 0.430838 2.74621
    endloop
  endfacet
  facet normal -0.281098 0.379001 0.88167
    outer loop
      vertex -0.71261 1.0665 2.71197
      vertex -0.85686 1.28238 2.57318
      vertex -0.813714 0.991513 2.71197
    endloop
  endfacet
  facet normal -0.471294 0.0231668 0.881672
    outer loop
      vertex -1.27649 0.125723 2.71197
      vertex -1.53488 0.151173 2.57318
      vertex -1.28267 0 2.71197
    endloop
  endfacet
  facet normal -0.457728 0.114635 0.881671
    outer loop
      vertex -1.4759 0.447708 2.57318
      vertex -1.51267 0.300889 2.57318
      vertex -1.25802 0.250236 2.71197
    endloop
  endfacet
  facet normal -0.634085 0.0311467 0.772636
    outer loop
      vertex -2.00498 0.197473 2.22285
      vertex -2.01468 0 2.22285
      vertex -1.7871 0 2.40962
    endloop
  endfacet
  facet normal -0.634085 -0.0311467 0.772636
    outer loop
      vertex -1.7871 0 2.40962
      vertex -2.01468 0 2.22285
      vertex -2.00498 -0.197473 2.22285
    endloop
  endfacet
  facet normal -0.699852 0.103848 0.706698
    outer loop
      vertex -1.97596 0.393044 2.22285
      vertex -2.18014 0.433657 2.01468
      vertex -2.00498 0.197473 2.22285
    endloop
  endfacet
  facet normal -0.615842 0.154229 0.772627
    outer loop
      vertex -1.92793 0.584829 2.22285
      vertex -1.97596 0.393044 2.22285
      vertex -1.75276 0.348645 2.40962
    endloop
  endfacet
  facet normal -0.750218 0.187929 0.633921
    outer loop
      vertex -2.30586 0.699476 1.7871
      vertex -2.36332 0.470094 1.7871
      vertex -2.12714 0.64526 2.01468
    endloop
  endfacet
  facet normal -0.728187 0.260552 0.633921
    outer loop
      vertex -2.05365 0.850649 2.01468
      vertex -2.30586 0.699476 1.7871
      vertex -2.12714 0.64526 2.01468
    endloop
  endfacet
  facet normal -0.69987 0.103823 0.706684
    outer loop
      vertex -2.18014 0.433657 2.01468
      vertex -2.21215 0.217877 2.01468
      vertex -2.00498 0.197473 2.22285
    endloop
  endfacet
  facet normal -0.706677 0.0347124 0.706684
    outer loop
      vertex -2.00498 0.197473 2.22285
      vertex -2.21215 0.217877 2.01468
      vertex -2.01468 0 2.22285
    endloop
  endfacet
  facet normal -0.750213 0.187905 0.633934
    outer loop
      vertex -2.12714 0.64526 2.01468
      vertex -2.36332 0.470094 1.7871
      vertex -2.18014 0.433657 2.01468
    endloop
  endfacet
  facet normal -0.686325 0.171903 0.706687
    outer loop
      vertex -2.12714 0.64526 2.01468
      vertex -2.18014 0.433657 2.01468
      vertex -1.92793 0.584829 2.22285
    endloop
  endfacet
  facet normal -0.666162 0.238359 0.706692
    outer loop
      vertex -2.05365 0.850649 2.01468
      vertex -2.12714 0.64526 2.01468
      vertex -1.86132 0.770983 2.22285
    endloop
  endfacet
  facet normal -0.426309 0.470398 0.772649
    outer loop
      vertex -1.13372 1.38144 2.40962
      vertex -1.2781 1.55737 2.22285
      vertex -1.26367 1.26367 2.40962
    endloop
  endfacet
  facet normal -0.426545 0.201766 0.881674
    outer loop
      vertex -1.36019 0.727038 2.57318
      vertex -1.42491 0.590216 2.57318
      vertex -1.18503 0.490854 2.71197
    endloop
  endfacet
  facet normal -0.404736 0.242582 0.88167
    outer loop
      vertex -1.28238 0.85686 2.57318
      vertex -1.36019 0.727038 2.57318
      vertex -1.0665 0.71261 2.71197
    endloop
  endfacet
  facet normal -0.475039 0.792589 0.382283
    outer loop
      vertex -1.33152 2.4911 1.01067
      vertex -1.50669 2.25492 1.28267
      vertex -1.27841 2.39174 1.28267
    endloop
  endfacet
  facet normal -0.658684 0.726752 0.194849
    outer loop
      vertex -1.88258 2.29393 0.440191
      vertex -2.09836 2.09836 0.440191
      vertex -2.05775 2.05775 0.72894
    endloop
  endfacet
  facet normal -0.135575 0.914044 0.382286
    outer loop
      vertex -0.276862 2.81103 1.01067
      vertex -0.551058 2.77036 1.01067
      vertex -0.529078 2.65986 1.28267
    endloop
  endfacet
  facet normal -0.135583 0.914046 0.38228
    outer loop
      vertex -0.276862 2.81103 1.01067
      vertex -0.529078 2.65986 1.28267
      vertex -0.265819 2.69891 1.28267
    endloop
  endfacet
  facet normal 0.140416 0.94668 0.289965
    outer loop
      vertex 0.567731 2.85418 0.72894
      vertex 0.276862 2.81103 1.01067
      vertex 0.551058 2.77036 1.01067
    endloop
  endfacet
  facet normal 0.135575 0.914044 0.382286
    outer loop
      vertex 0.551058 2.77036 1.01067
      vertex 0.276862 2.81103 1.01067
      vertex 0.529078 2.65986 1.28267
    endloop
  endfacet
  facet normal 0.0432829 0.881081 0.47098
    outer loop
      vertex 0 2.71197 1.28267
      vertex 0 2.57318 1.54231
      vertex 0.252215 2.56079 1.54231
    endloop
  endfacet
  facet normal 0.129436 0.872601 0.470971
    outer loop
      vertex 0.529078 2.65986 1.28267
      vertex 0.265819 2.69891 1.28267
      vertex 0.502003 2.52374 1.54231
    endloop
  endfacet
  facet normal -0.143905 0.970218 0.194857
    outer loop
      vertex -0.285238 2.89608 0.72894
      vertex -0.578936 2.91051 0.440191
      vertex -0.567731 2.85418 0.72894
    endloop
  endfacet
  facet normal -0.129436 0.872601 0.470971
    outer loop
      vertex -0.265819 2.69891 1.28267
      vertex -0.529078 2.65986 1.28267
      vertex -0.502003 2.52374 1.54231
    endloop
  endfacet
  facet normal -0.756664 0.453508 0.470947
    outer loop
      vertex -2.25492 1.50669 1.28267
      vertex -2.39174 1.27841 1.28267
      vertex -2.26935 1.21299 1.54231
    endloop
  endfacet
  facet normal -0.756647 0.45352 0.470961
    outer loop
      vertex -2.25492 1.50669 1.28267
      vertex -2.26935 1.21299 1.54231
      vertex -2.13953 1.42958 1.54231
    endloop
  endfacet
  facet normal -0.668331 0.737396 0.0978769
    outer loop
      vertex -1.88258 2.29393 0.440191
      vertex -2.11876 2.11876 0.147202
      vertex -2.09836 2.09836 0.440191
    endloop
  endfacet
  facet normal -0.491999 0.820897 0.28994
    outer loop
      vertex -1.33152 2.4911 1.01067
      vertex -1.61676 2.41965 0.72894
      vertex -1.56928 2.3486 1.01067
    endloop
  endfacet
  facet normal -0.737396 0.668331 0.0978769
    outer loop
      vertex -2.11876 2.11876 0.147202
      vertex -2.29393 1.88258 0.440191
      vertex -2.09836 2.09836 0.440191
    endloop
  endfacet
  facet normal -0.658661 0.726766 0.194875
    outer loop
      vertex -1.88258 2.29393 0.440191
      vertex -2.05775 2.05775 0.72894
      vertex -1.84614 2.24953 0.72894
    endloop
  endfacet
  facet normal -0.70913 0.642702 0.289944
    outer loop
      vertex -1.99732 1.99732 1.01067
      vertex -2.24953 1.84614 0.72894
      vertex -2.18347 1.79193 1.01067
    endloop
  endfacet
  facet normal -0.768702 0.570113 0.289945
    outer loop
      vertex -2.24953 1.84614 0.72894
      vertex -2.3486 1.56928 1.01067
      vertex -2.18347 1.79193 1.01067
    endloop
  endfacet
  facet normal -0.558582 0.616304 0.555118
    outer loop
      vertex -1.52865 1.86266 1.7871
      vertex -1.81952 1.81952 1.54231
      vertex -1.70386 1.70386 1.7871
    endloop
  endfacet
  facet normal -0.427623 0.713441 0.555103
    outer loop
      vertex -1.21299 2.26935 1.54231
      vertex -1.42958 2.13953 1.54231
      vertex -1.13589 2.1251 1.7871
    endloop
  endfacet
  facet normal -0.684669 -0.620542 0.382302
    outer loop
      vertex -1.91765 -1.91765 1.28267
      vertex -2.09638 -1.72045 1.28267
      vertex -1.99732 -1.99732 1.01067
    endloop
  endfacet
  facet normal -0.872601 -0.129436 0.470971
    outer loop
      vertex -2.52374 -0.502003 1.54231
      vertex -2.69891 -0.265819 1.28267
      vertex -2.65986 -0.529078 1.28267
    endloop
  endfacet
  facet normal -0.797467 -0.377153 0.470959
    outer loop
      vertex -2.37731 -0.984715 1.54231
      vertex -2.50553 -1.03782 1.28267
      vertex -2.26935 -1.21299 1.54231
    endloop
  endfacet
  facet normal -0.713441 -0.427623 0.555103
    outer loop
      vertex -2.1251 -1.13589 1.7871
      vertex -2.26935 -1.21299 1.54231
      vertex -2.13953 -1.42958 1.54231
    endloop
  endfacet
  facet normal -0.865145 0.409199 0.289968
    outer loop
      vertex -2.56647 1.37181 0.72894
      vertex -2.68858 1.11364 0.72894
      vertex -2.4911 1.33152 1.01067
    endloop
  endfacet
  facet normal -0.865145 0.409198 0.289968
    outer loop
      vertex -2.4911 1.33152 1.01067
      vertex -2.68858 1.11364 0.72894
      vertex -2.60962 1.08094 1.01067
    endloop
  endfacet
  facet normal -0.768705 0.570111 0.289942
    outer loop
      vertex -2.24953 1.84614 0.72894
      vertex -2.41965 1.61676 0.72894
      vertex -2.3486 1.56928 1.01067
    endloop
  endfacet
  facet normal -0.787808 0.584279 0.194875
    outer loop
      vertex -2.29393 1.88258 0.440191
      vertex -2.41965 1.61676 0.72894
      vertex -2.24953 1.84614 0.72894
    endloop
  endfacet
  facet normal -0.803225 0.595676 0
    outer loop
      vertex -2.4914 1.6647 0
      vertex -2.31624 1.90089 0.147202
      vertex -2.31624 1.90089 0
    endloop
  endfacet
  facet normal -0.803225 0.595676 0
    outer loop
      vertex -2.31624 1.90089 0.147202
      vertex -2.4914 1.6647 0
      vertex -2.4914 1.6647 0.147202
    endloop
  endfacet
  facet normal -0.857712 0.514131 0
    outer loop
      vertex -2.64258 1.41249 0
      vertex -2.4914 1.6647 0.147202
      vertex -2.4914 1.6647 0
    endloop
  endfacet
  facet normal -0.857712 0.514131 0
    outer loop
      vertex -2.4914 1.6647 0.147202
      vertex -2.64258 1.41249 0
      vertex -2.64258 1.41249 0.147202
    endloop
  endfacet
  facet normal 0.187929 -0.750218 0.633921
    outer loop
      vertex 0.64526 -2.12714 2.01468
      vertex 0.470094 -2.36332 1.7871
      vertex 0.699476 -2.30586 1.7871
    endloop
  endfacet
  facet normal 0.21432 -0.855718 0.470971
    outer loop
      vertex 0.746956 -2.46239 1.54231
      vertex 0.502003 -2.52374 1.54231
      vertex 0.529078 -2.65986 1.28267
    endloop
  endfacet
  facet normal 0.202111 -0.806835 0.555129
    outer loop
      vertex 0.699476 -2.30586 1.7871
      vertex 0.470094 -2.36332 1.7871
      vertex 0.746956 -2.46239 1.54231
    endloop
  endfacet
  facet normal 0.238359 -0.666162 0.706692
    outer loop
      vertex 0.770983 -1.86132 2.22285
      vertex 0.64526 -2.12714 2.01468
      vertex 0.850649 -2.05365 2.01468
    endloop
  endfacet
  facet normal 0.224536 -0.896353 0.382277
    outer loop
      vertex 0.787242 -2.59519 1.28267
      vertex 0.529078 -2.65986 1.28267
      vertex 0.819947 -2.703 1.01067
    endloop
  endfacet
  facet normal 0.135575 -0.914044 0.382286
    outer loop
      vertex 0.529078 -2.65986 1.28267
      vertex 0.276862 -2.81103 1.01067
      vertex 0.551058 -2.77036 1.01067
    endloop
  endfacet
  facet normal 0.140416 -0.94668 0.289965
    outer loop
      vertex 0.551058 -2.77036 1.01067
      vertex 0.276862 -2.81103 1.01067
      vertex 0.567731 -2.85418 0.72894
    endloop
  endfacet
  facet normal 0.0469501 -0.955885 0.289963
    outer loop
      vertex 0.276862 -2.81103 1.01067
      vertex 0 -2.91009 0.72894
      vertex 0.285238 -2.89608 0.72894
    endloop
  endfacet
  facet normal -0.135575 -0.914044 0.382286
    outer loop
      vertex -0.529078 -2.65986 1.28267
      vertex -0.551058 -2.77036 1.01067
      vertex -0.276862 -2.81103 1.01067
    endloop
  endfacet
  facet normal -0.475039 -0.792589 0.382283
    outer loop
      vertex -1.27841 -2.39174 1.28267
      vertex -1.50669 -2.25492 1.28267
      vertex -1.33152 -2.4911 1.01067
    endloop
  endfacet
  facet normal -0.224536 -0.896353 0.382277
    outer loop
      vertex -0.787242 -2.59519 1.28267
      vertex -0.819947 -2.703 1.01067
      vertex -0.529078 -2.65986 1.28267
    endloop
  endfacet
  facet normal -0.046955 -0.955887 0.289959
    outer loop
      vertex 0 -2.82463 1.01067
      vertex -0.276862 -2.81103 1.01067
      vertex 0 -2.91009 0.72894
    endloop
  endfacet
  facet normal -0.0453363 -0.922934 0.382279
    outer loop
      vertex -0.265819 -2.69891 1.28267
      vertex -0.276862 -2.81103 1.01067
      vertex 0 -2.82463 1.01067
    endloop
  endfacet
  facet normal -0.045345 -0.922937 0.382272
    outer loop
      vertex 0 -2.71197 1.28267
      vertex -0.265819 -2.69891 1.28267
      vertex 0 -2.82463 1.01067
    endloop
  endfacet
  facet normal -0.140414 -0.946681 0.289963
    outer loop
      vertex -0.276862 -2.81103 1.01067
      vertex -0.567731 -2.85418 0.72894
      vertex -0.285238 -2.89608 0.72894
    endloop
  endfacet
  facet normal -0.232563 -0.92835 0.289965
    outer loop
      vertex -0.551058 -2.77036 1.01067
      vertex -0.819947 -2.703 1.01067
      vertex -0.567731 -2.85418 0.72894
    endloop
  endfacet
  facet normal -0.143915 -0.970214 0.194867
    outer loop
      vertex -0.285238 -2.89608 0.72894
      vertex -0.578936 -2.91051 0.440191
      vertex -0.290868 -2.95324 0.440191
    endloop
  endfacet
  facet normal -0.0481173 -0.979649 0.194867
    outer loop
      vertex -0.285238 -2.89608 0.72894
      vertex -0.290868 -2.95324 0.440191
      vertex 0 -2.91009 0.72894
    endloop
  endfacet
  facet normal -0.511662 -0.853593 0.0978864
    outer loop
      vertex -1.64867 -2.46741 0.440191
      vertex -1.6647 -2.4914 0.147202
      vertex -1.41249 -2.64258 0.147202
    endloop
  endfacet
  facet normal -0.511637 -0.853605 0.0979136
    outer loop
      vertex -1.39888 -2.61713 0.440191
      vertex -1.64867 -2.46741 0.440191
      vertex -1.41249 -2.64258 0.147202
    endloop
  endfacet
  facet normal -0.668358 -0.737367 0.0979159
    outer loop
      vertex -1.88258 -2.29393 0.440191
      vertex -2.11876 -2.11876 0.147202
      vertex -1.90089 -2.31624 0.147202
    endloop
  endfacet
  facet normal -0.989175 0.146743 0
    outer loop
      vertex -2.98196 0.293696 0
      vertex -2.93881 0.584565 0.147202
      vertex -2.93881 0.584565 0
    endloop
  endfacet
  facet normal -0.989175 0.146743 0
    outer loop
      vertex -2.93881 0.584565 0.147202
      vertex -2.98196 0.293696 0
      vertex -2.98196 0.293696 0.147202
    endloop
  endfacet
  facet normal -0.965371 -0.241817 0.0978917
    outer loop
      vertex -2.91051 -0.578936 0.440191
      vertex -2.93881 -0.584565 0.147202
      vertex -2.86736 -0.869804 0.147202
    endloop
  endfacet
  facet normal -0.984424 -0.146038 0.0978919
    outer loop
      vertex -2.91051 -0.578936 0.440191
      vertex -2.98196 -0.293696 0.147202
      vertex -2.93881 -0.584565 0.147202
    endloop
  endfacet
  facet normal -0.615828 -0.154246 0.772635
    outer loop
      vertex -1.75276 -0.348645 2.40962
      vertex -1.92793 -0.584829 2.22285
      vertex -1.71015 -0.518766 2.40962
    endloop
  endfacet
  facet normal -0.68632 -0.17188 0.706698
    outer loop
      vertex -1.97596 -0.393044 2.22285
      vertex -2.18014 -0.433657 2.01468
      vertex -1.92793 -0.584829 2.22285
    endloop
  endfacet
  facet normal -0.709139 -0.642685 0.289961
    outer loop
      vertex -1.99732 -1.99732 1.01067
      vertex -2.24953 -1.84614 0.72894
      vertex -2.05775 -2.05775 0.72894
    endloop
  endfacet
  facet normal -0.658661 -0.726766 0.194875
    outer loop
      vertex -1.84614 -2.24953 0.72894
      vertex -2.05775 -2.05775 0.72894
      vertex -1.88258 -2.29393 0.440191
    endloop
  endfacet
  facet normal -0.787808 -0.58428 0.194875
    outer loop
      vertex -2.41965 -1.61676 0.72894
      vertex -2.46741 -1.64867 0.440191
      vertex -2.29393 -1.88258 0.440191
    endloop
  endfacet
  facet normal -0.886652 -0.419371 0.194876
    outer loop
      vertex -2.56647 -1.37181 0.72894
      vertex -2.68858 -1.11364 0.72894
      vertex -2.61713 -1.39888 0.440191
    endloop
  endfacet
  facet normal -0.726766 -0.658661 0.194875
    outer loop
      vertex -2.24953 -1.84614 0.72894
      vertex -2.29393 -1.88258 0.440191
      vertex -2.05775 -2.05775 0.72894
    endloop
  endfacet
  facet normal -0.642685 -0.709139 0.289961
    outer loop
      vertex -1.99732 -1.99732 1.01067
      vertex -2.05775 -2.05775 0.72894
      vertex -1.84614 -2.24953 0.72894
    endloop
  endfacet
  facet normal -0.27142 -0.573898 0.77264
    outer loop
      vertex -0.683892 -1.65106 2.40962
      vertex -0.842432 -1.57608 2.40962
      vertex -0.770983 -1.86132 2.22285
    endloop
  endfacet
  facet normal -0.271425 -0.573898 0.772638
    outer loop
      vertex -0.842432 -1.57608 2.40962
      vertex -0.949712 -1.77679 2.22285
      vertex -0.770983 -1.86132 2.22285
    endloop
  endfacet
  facet normal 0.202083 -0.806858 0.555106
    outer loop
      vertex 0.746956 -2.46239 1.54231
      vertex 0.470094 -2.36332 1.7871
      vertex 0.502003 -2.52374 1.54231
    endloop
  endfacet
  facet normal -0.103823 -0.69987 0.706684
    outer loop
      vertex -0.197473 -2.00498 2.22285
      vertex -0.433657 -2.18014 2.01468
      vertex -0.217877 -2.21215 2.01468
    endloop
  endfacet
  facet normal 0.154229 -0.615842 0.772627
    outer loop
      vertex 0.584829 -1.92793 2.22285
      vertex 0.348645 -1.75276 2.40962
      vertex 0.393044 -1.97596 2.22285
    endloop
  endfacet
  facet normal -0.154246 -0.615828 0.772635
    outer loop
      vertex -0.518766 -1.71015 2.40962
      vertex -0.584829 -1.92793 2.22285
      vertex -0.348645 -1.75276 2.40962
    endloop
  endfacet
  facet normal -0.330676 -0.699115 0.633949
    outer loop
      vertex -1.04784 -1.96038 2.01468
      vertex -1.13589 -2.1251 1.7871
      vertex -0.850649 -2.05365 2.01468
    endloop
  endfacet
  facet normal -0.491999 -0.820897 0.28994
    outer loop
      vertex -1.56928 -2.3486 1.01067
      vertex -1.61676 -2.41965 0.72894
      vertex -1.33152 -2.4911 1.01067
    endloop
  endfacet
  facet normal -0.524235 -0.475162 0.706681
    outer loop
      vertex -1.55737 -1.2781 2.22285
      vertex -1.71829 -1.41016 2.01468
      vertex -1.57179 -1.57179 2.01468
    endloop
  endfacet
  facet normal -0.573036 -0.519366 0.633947
    outer loop
      vertex -1.57179 -1.57179 2.01468
      vertex -1.86266 -1.52865 1.7871
      vertex -1.70386 -1.70386 1.7871
    endloop
  endfacet
  facet normal -0.592408 -0.653647 0.470955
    outer loop
      vertex -1.63241 -1.9891 1.54231
      vertex -1.81952 -1.81952 1.54231
      vertex -1.72045 -2.09638 1.28267
    endloop
  endfacet
  facet normal -0.653647 -0.592408 0.470955
    outer loop
      vertex -1.9891 -1.63241 1.54231
      vertex -2.09638 -1.72045 1.28267
      vertex -1.81952 -1.81952 1.54231
    endloop
  endfacet
  facet normal -0.114669 -0.457704 0.881679
    outer loop
      vertex -0.372337 -1.22743 2.71197
      vertex -0.447708 -1.4759 2.57318
      vertex -0.250236 -1.25802 2.71197
    endloop
  endfacet
  facet normal -0.379001 -0.281098 0.88167
    outer loop
      vertex -1.0665 -0.71261 2.71197
      vertex -1.28238 -0.85686 2.57318
      vertex -0.991513 -0.813714 2.71197
    endloop
  endfacet
  facet normal -0.228186 -0.307675 0.923725
    outer loop
      vertex -0.73706 -0.945569 2.74621
      vertex -0.71261 -1.0665 2.71197
      vertex -0.666684 -0.997763 2.74621
    endloop
  endfacet
  facet normal -0.228198 -0.307677 0.923721
    outer loop
      vertex -0.71261 -1.0665 2.71197
      vertex -0.73706 -0.945569 2.74621
      vertex -0.813714 -0.991513 2.71197
    endloop
  endfacet
  facet normal 0.404736 -0.242582 0.88167
    outer loop
      vertex 1.36019 -0.727038 2.57318
      vertex 1.0665 -0.71261 2.71197
      vertex 1.28238 -0.85686 2.57318
    endloop
  endfacet
  facet normal 0.502622 -0.237752 0.831171
    outer loop
      vertex 1.42491 -0.590216 2.57318
      vertex 1.36019 -0.727038 2.57318
      vertex 1.57608 -0.842432 2.40962
    endloop
  endfacet
  facet normal -0.018799 -0.382594 0.923725
    outer loop
      vertex -0.125723 -1.27649 2.71197
      vertex -0.0301073 -1.19852 2.74621
      vertex -0.11762 -1.19422 2.74621
    endloop
  endfacet
  facet normal -0.0188063 -0.382587 0.923728
    outer loop
      vertex -0.0301073 -1.19852 2.74621
      vertex -0.125723 -1.27649 2.71197
      vertex 0 -1.28267 2.71197
    endloop
  endfacet
  facet normal 0.0692423 -0.466757 0.881671
    outer loop
      vertex 0.250236 -1.25802 2.71197
      vertex 0.151173 -1.53488 2.57318
      vertex 0.300889 -1.51267 2.57318
    endloop
  endfacet
  facet normal 0.154246 -0.615828 0.772635
    outer loop
      vertex 0.518766 -1.71015 2.40962
      vertex 0.348645 -1.75276 2.40962
      vertex 0.584829 -1.92793 2.22285
    endloop
  endfacet
  facet normal 0.135094 -0.539364 0.831166
    outer loop
      vertex 0.447708 -1.4759 2.57318
      vertex 0.348645 -1.75276 2.40962
      vertex 0.518766 -1.71015 2.40962
    endloop
  endfacet
  facet normal -0.55001 -0.0815762 0.831164
    outer loop
      vertex -1.53488 -0.151173 2.57318
      vertex -1.77849 -0.175166 2.40962
      vertex -1.75276 -0.348645 2.40962
    endloop
  endfacet
  facet normal -0.466757 -0.0692423 0.881671
    outer loop
      vertex -1.25802 -0.250236 2.71197
      vertex -1.53488 -0.151173 2.57318
      vertex -1.51267 -0.300889 2.57318
    endloop
  endfacet
  facet normal -0.371586 -0.0930203 0.923727
    outer loop
      vertex -1.17694 -0.234108 2.74621
      vertex -1.25802 -0.250236 2.71197
      vertex -1.16962 -0.263349 2.74621
    endloop
  endfacet
  facet normal 0.52551 -0.708547 0.470956
    outer loop
      vertex 1.63241 -1.9891 1.54231
      vertex 1.50669 -2.25492 1.28267
      vertex 1.72045 -2.09638 1.28267
    endloop
  endfacet
  facet normal 0.5255 -0.70855 0.470963
    outer loop
      vertex 1.63241 -1.9891 1.54231
      vertex 1.42958 -2.13953 1.54231
      vertex 1.50669 -2.25492 1.28267
    endloop
  endfacet
  facet normal 0.453508 -0.756664 0.470947
    outer loop
      vertex 1.50669 -2.25492 1.28267
      vertex 1.21299 -2.26935 1.54231
      vertex 1.27841 -2.39174 1.28267
    endloop
  endfacet
  facet normal 0.45352 -0.756647 0.470961
    outer loop
      vertex 1.42958 -2.13953 1.54231
      vertex 1.21299 -2.26935 1.54231
      vertex 1.50669 -2.25492 1.28267
    endloop
  endfacet
  facet normal 0.237725 -0.502654 0.831159
    outer loop
      vertex 0.842432 -1.57608 2.40962
      vertex 0.590216 -1.42491 2.57318
      vertex 0.683892 -1.65106 2.40962
    endloop
  endfacet
  facet normal 0.27142 -0.573898 0.77264
    outer loop
      vertex 0.842432 -1.57608 2.40962
      vertex 0.683892 -1.65106 2.40962
      vertex 0.770983 -1.86132 2.22285
    endloop
  endfacet
  facet normal 0.283836 -0.257251 0.92372
    outer loop
      vertex 0.927612 -0.761272 2.74621
      vertex 0.907369 -0.783607 2.74621
      vertex 0.991513 -0.813714 2.71197
    endloop
  endfacet
  facet normal 0.42763 -0.713432 0.55511
    outer loop
      vertex 1.33871 -2.00353 1.7871
      vertex 1.13589 -2.1251 1.7871
      vertex 1.42958 -2.13953 1.54231
    endloop
  endfacet
  facet normal 0.524235 -0.475162 0.706681
    outer loop
      vertex 1.71829 -1.41016 2.01468
      vertex 1.55737 -1.2781 2.22285
      vertex 1.57179 -1.57179 2.01468
    endloop
  endfacet
  facet normal 0.355619 -0.751929 0.555101
    outer loop
      vertex 1.13589 -2.1251 1.7871
      vertex 0.922122 -2.2262 1.7871
      vertex 0.984715 -2.37731 1.54231
    endloop
  endfacet
  facet normal 0.397607 -0.663343 0.633944
    outer loop
      vertex 1.23495 -1.84823 2.01468
      vertex 1.13589 -2.1251 1.7871
      vertex 1.33871 -2.00353 1.7871
    endloop
  endfacet
  facet normal -0.32638 -0.544543 0.772625
    outer loop
      vertex -0.992858 -1.48592 2.40962
      vertex -1.11929 -1.67514 2.22285
      vertex -0.842432 -1.57608 2.40962
    endloop
  endfacet
  facet normal -0.42636 -0.470383 0.772629
    outer loop
      vertex -1.26367 -1.26367 2.40962
      vertex -1.42459 -1.42459 2.22285
      vertex -1.2781 -1.55737 2.22285
    endloop
  endfacet
  facet normal -0.326398 -0.544514 0.772637
    outer loop
      vertex -0.842432 -1.57608 2.40962
      vertex -1.11929 -1.67514 2.22285
      vertex -0.949712 -1.77679 2.22285
    endloop
  endfacet
  facet normal -0.238359 -0.666162 0.706692
    outer loop
      vertex -0.770983 -1.86132 2.22285
      vertex -0.850649 -2.05365 2.01468
      vertex -0.64526 -2.12714 2.01468
    endloop
  endfacet
  facet normal -0.568315 -0.42145 0.706681
    outer loop
      vertex -1.67514 -1.11929 2.22285
      vertex -1.71829 -1.41016 2.01468
      vertex -1.55737 -1.2781 2.22285
    endloop
  endfacet
  facet normal -0.519366 -0.573036 0.633947
    outer loop
      vertex -1.57179 -1.57179 2.01468
      vertex -1.70386 -1.70386 1.7871
      vertex -1.52865 -1.86266 1.7871
    endloop
  endfacet
  facet normal -0.412009 -0.373392 0.83116
    outer loop
      vertex -1.19222 -0.97843 2.57318
      vertex -1.38144 -1.13372 2.40962
      vertex -1.26367 -1.26367 2.40962
    endloop
  endfacet
  facet normal -0.412005 -0.373394 0.831161
    outer loop
      vertex -1.19222 -0.97843 2.57318
      vertex -1.26367 -1.26367 2.40962
      vertex -1.09058 -1.09058 2.57318
    endloop
  endfacet
  facet normal -0.426545 -0.201766 0.881674
    outer loop
      vertex -1.18503 -0.490854 2.71197
      vertex -1.42491 -0.590216 2.57318
      vertex -1.36019 -0.727038 2.57318
    endloop
  endfacet
  facet normal -0.444275 -0.158964 0.881675
    outer loop
      vertex -1.18503 -0.490854 2.71197
      vertex -1.4759 -0.447708 2.57318
      vertex -1.42491 -0.590216 2.57318
    endloop
  endfacet
  facet normal -0.502654 -0.237725 0.831159
    outer loop
      vertex -1.42491 -0.590216 2.57318
      vertex -1.65106 -0.683892 2.40962
      vertex -1.57608 -0.842432 2.40962
    endloop
  endfacet
  facet normal -0.573898 -0.27142 0.77264
    outer loop
      vertex -1.65106 -0.683892 2.40962
      vertex -1.86132 -0.770983 2.22285
      vertex -1.57608 -0.842432 2.40962
    endloop
  endfacet
  facet normal 0.514131 -0.857712 0
    outer loop
      vertex 1.41249 -2.64258 0
      vertex 1.6647 -2.4914 0.147202
      vertex 1.41249 -2.64258 0.147202
    endloop
  endfacet
  facet normal 0.514131 -0.857712 0
    outer loop
      vertex 1.6647 -2.4914 0.147202
      vertex 1.41249 -2.64258 0
      vertex 1.6647 -2.4914 0
    endloop
  endfacet
  facet normal 0.511662 -0.853593 0.0978864
    outer loop
      vertex 1.64867 -2.46741 0.440191
      vertex 1.41249 -2.64258 0.147202
      vertex 1.6647 -2.4914 0.147202
    endloop
  endfacet
  facet normal 0.504253 -0.84128 0.194876
    outer loop
      vertex 1.61676 -2.41965 0.72894
      vertex 1.37181 -2.56647 0.72894
      vertex 1.64867 -2.46741 0.440191
    endloop
  endfacet
  facet normal 0.742191 -0.550463 0.382287
    outer loop
      vertex 2.25492 -1.50669 1.28267
      vertex 2.09638 -1.72045 1.28267
      vertex 2.3486 -1.56928 1.01067
    endloop
  endfacet
  facet normal 0.70913 -0.642702 0.289944
    outer loop
      vertex 2.18347 -1.79193 1.01067
      vertex 1.99732 -1.99732 1.01067
      vertex 2.24953 -1.84614 0.72894
    endloop
  endfacet
  facet normal 0.241812 -0.965373 0.0978855
    outer loop
      vertex 0.861428 -2.83975 0.440191
      vertex 0.578936 -2.91051 0.440191
      vertex 0.869804 -2.86736 0.147202
    endloop
  endfacet
  facet normal 0.33528 -0.93702 0.0978856
    outer loop
      vertex 1.13562 -2.74164 0.440191
      vertex 0.861428 -2.83975 0.440191
      vertex 0.869804 -2.86736 0.147202
    endloop
  endfacet
  facet normal 0.998795 0.0490732 0
    outer loop
      vertex 2.99639 0 0.147202
      vertex 2.98196 0.293696 0
      vertex 2.98196 0.293696 0.147202
    endloop
  endfacet
  facet normal 0.998795 0.0490732 0
    outer loop
      vertex 2.98196 0.293696 0
      vertex 2.99639 0 0.147202
      vertex 2.99639 0 0
    endloop
  endfacet
  facet normal 0.903994 -0.427545 0
    outer loop
      vertex 2.64258 -1.41249 0.147202
      vertex 2.7683 -1.14667 0
      vertex 2.7683 -1.14667 0.147202
    endloop
  endfacet
  facet normal 0.903994 -0.427545 0
    outer loop
      vertex 2.7683 -1.14667 0
      vertex 2.64258 -1.41249 0.147202
      vertex 2.64258 -1.41249 0
    endloop
  endfacet
  facet normal 0.658661 -0.726766 0.194875
    outer loop
      vertex 2.05775 -2.05775 0.72894
      vertex 1.84614 -2.24953 0.72894
      vertex 1.88258 -2.29393 0.440191
    endloop
  endfacet
  facet normal 0.658684 -0.726752 0.194849
    outer loop
      vertex 2.05775 -2.05775 0.72894
      vertex 1.88258 -2.29393 0.440191
      vertex 2.09836 -2.09836 0.440191
    endloop
  endfacet
  facet normal 0.39509 -0.835317 0.382296
    outer loop
      vertex 1.33152 -2.4911 1.01067
      vertex 1.03782 -2.50553 1.28267
      vertex 1.08094 -2.60962 1.01067
    endloop
  endfacet
  facet normal 0.232537 -0.92835 0.289989
    outer loop
      vertex 0.819947 -2.703 1.01067
      vertex 0.567731 -2.85418 0.72894
      vertex 0.844755 -2.78479 0.72894
    endloop
  endfacet
  facet normal 0.492021 -0.820873 0.289968
    outer loop
      vertex 1.61676 -2.41965 0.72894
      vertex 1.33152 -2.4911 1.01067
      vertex 1.37181 -2.56647 0.72894
    endloop
  endfacet
  facet normal 0.419352 -0.886665 0.194854
    outer loop
      vertex 1.39888 -2.61713 0.440191
      vertex 1.11364 -2.68858 0.72894
      vertex 1.13562 -2.74164 0.440191
    endloop
  endfacet
  facet normal 0.409199 -0.865145 0.289968
    outer loop
      vertex 1.33152 -2.4911 1.01067
      vertex 1.11364 -2.68858 0.72894
      vertex 1.37181 -2.56647 0.72894
    endloop
  endfacet
  facet normal 0.491999 -0.820897 0.28994
    outer loop
      vertex 1.56928 -2.3486 1.01067
      vertex 1.33152 -2.4911 1.01067
      vertex 1.61676 -2.41965 0.72894
    endloop
  endfacet
  facet normal 0.886665 -0.419352 0.194854
    outer loop
      vertex 2.68858 -1.11364 0.72894
      vertex 2.61713 -1.39888 0.440191
      vertex 2.74164 -1.13562 0.440191
    endloop
  endfacet
  facet normal 0.886652 -0.419371 0.194876
    outer loop
      vertex 2.68858 -1.11364 0.72894
      vertex 2.56647 -1.37181 0.72894
      vertex 2.61713 -1.39888 0.440191
    endloop
  endfacet
  facet normal 0.855718 -0.21432 0.470971
    outer loop
      vertex 2.52374 -0.502003 1.54231
      vertex 2.46239 -0.746956 1.54231
      vertex 2.65986 -0.529078 1.28267
    endloop
  endfacet
  facet normal 0.855724 -0.214358 0.470943
    outer loop
      vertex 2.65986 -0.529078 1.28267
      vertex 2.46239 -0.746956 1.54231
      vertex 2.59519 -0.787242 1.28267
    endloop
  endfacet
  facet normal 0.955885 -0.0469501 0.289963
    outer loop
      vertex 2.91009 0 0.72894
      vertex 2.81103 -0.276862 1.01067
      vertex 2.89608 -0.285238 0.72894
    endloop
  endfacet
  facet normal 0.955887 -0.046955 0.289959
    outer loop
      vertex 2.82463 0 1.01067
      vertex 2.81103 -0.276862 1.01067
      vertex 2.91009 0 0.72894
    endloop
  endfacet
  facet normal 0.713432 -0.42763 0.55511
    outer loop
      vertex 2.1251 -1.13589 1.7871
      vertex 2.00353 -1.33871 1.7871
      vertex 2.13953 -1.42958 1.54231
    endloop
  endfacet
  facet normal 0.713441 -0.427623 0.555103
    outer loop
      vertex 2.26935 -1.21299 1.54231
      vertex 2.1251 -1.13589 1.7871
      vertex 2.13953 -1.42958 1.54231
    endloop
  endfacet
  facet normal 0.382587 -0.0188063 0.923728
    outer loop
      vertex 1.19852 -0.0301073 2.74621
      vertex 1.27649 -0.125723 2.71197
      vertex 1.28267 0 2.71197
    endloop
  endfacet
  facet normal 0.382594 -0.018799 0.923725
    outer loop
      vertex 1.27649 -0.125723 2.71197
      vertex 1.19852 -0.0301073 2.74621
      vertex 1.19422 -0.11762 2.74621
    endloop
  endfacet
  facet normal 0.555355 -0.0272951 0.831165
    outer loop
      vertex 1.54231 0 2.57318
      vertex 1.53488 -0.151173 2.57318
      vertex 1.7871 0 2.40962
    endloop
  endfacet
  facet normal 0.466757 -0.0692423 0.881671
    outer loop
      vertex 1.53488 -0.151173 2.57318
      vertex 1.25802 -0.250236 2.71197
      vertex 1.51267 -0.300889 2.57318
    endloop
  endfacet
  facet normal 0.466756 -0.0692376 0.881672
    outer loop
      vertex 1.27649 -0.125723 2.71197
      vertex 1.25802 -0.250236 2.71197
      vertex 1.53488 -0.151173 2.57318
    endloop
  endfacet
  facet normal 0.62797 -0.0931391 0.772644
    outer loop
      vertex 1.77849 -0.175166 2.40962
      vertex 1.75276 -0.348645 2.40962
      vertex 2.00498 -0.197473 2.22285
    endloop
  endfacet
  facet normal 0.634074 -0.0311669 0.772644
    outer loop
      vertex 1.7871 0 2.40962
      vertex 1.77849 -0.175166 2.40962
      vertex 2.00498 -0.197473 2.22285
    endloop
  endfacet
  facet normal 0.476916 -0.285847 0.831169
    outer loop
      vertex 1.57608 -0.842432 2.40962
      vertex 1.28238 -0.85686 2.57318
      vertex 1.48592 -0.992858 2.40962
    endloop
  endfacet
  facet normal 0.476916 -0.285844 0.83117
    outer loop
      vertex 1.36019 -0.727038 2.57318
      vertex 1.28238 -0.85686 2.57318
      vertex 1.57608 -0.842432 2.40962
    endloop
  endfacet
  facet normal 0.502654 -0.237725 0.831159
    outer loop
      vertex 1.65106 -0.683892 2.40962
      vertex 1.42491 -0.590216 2.57318
      vertex 1.57608 -0.842432 2.40962
    endloop
  endfacet
  facet normal 0.523532 -0.187322 0.831159
    outer loop
      vertex 1.4759 -0.447708 2.57318
      vertex 1.42491 -0.590216 2.57318
      vertex 1.65106 -0.683892 2.40962
    endloop
  endfacet
  facet normal 0.792589 -0.475039 0.382283
    outer loop
      vertex 2.39174 -1.27841 1.28267
      vertex 2.25492 -1.50669 1.28267
      vertex 2.4911 -1.33152 1.01067
    endloop
  endfacet
  facet normal 0.756664 -0.453508 0.470947
    outer loop
      vertex 2.26935 -1.21299 1.54231
      vertex 2.25492 -1.50669 1.28267
      vertex 2.39174 -1.27841 1.28267
    endloop
  endfacet
  facet normal -0.0469501 0.955885 0.289963
    outer loop
      vertex 0 2.91009 0.72894
      vertex -0.285238 2.89608 0.72894
      vertex -0.276862 2.81103 1.01067
    endloop
  endfacet
  facet normal -0.0481173 0.979649 0.194867
    outer loop
      vertex 0 2.91009 0.72894
      vertex -0.290868 2.95324 0.440191
      vertex -0.285238 2.89608 0.72894
    endloop
  endfacet
  facet normal 0.140414 0.946681 0.289963
    outer loop
      vertex 0.285238 2.89608 0.72894
      vertex 0.276862 2.81103 1.01067
      vertex 0.567731 2.85418 0.72894
    endloop
  endfacet
  facet normal 0.143905 0.970218 0.194857
    outer loop
      vertex 0.578936 2.91051 0.440191
      vertex 0.285238 2.89608 0.72894
      vertex 0.567731 2.85418 0.72894
    endloop
  endfacet
  facet normal -0.330437 0.923495 0.194857
    outer loop
      vertex -0.861428 2.83975 0.440191
      vertex -1.11364 2.68858 0.72894
      vertex -0.844755 2.78479 0.72894
    endloop
  endfacet
  facet normal -0.322418 0.901085 0.289988
    outer loop
      vertex -0.844755 2.78479 0.72894
      vertex -1.11364 2.68858 0.72894
      vertex -0.819947 2.703 1.01067
    endloop
  endfacet
  facet normal -0.504251 0.841282 0.194873
    outer loop
      vertex -1.39888 2.61713 0.440191
      vertex -1.64867 2.46741 0.440191
      vertex -1.37181 2.56647 0.72894
    endloop
  endfacet
  facet normal -0.511637 0.853605 0.0979136
    outer loop
      vertex -1.41249 2.64258 0.147202
      vertex -1.64867 2.46741 0.440191
      vertex -1.39888 2.61713 0.440191
    endloop
  endfacet
  facet normal -0.33528 0.93702 0.0978856
    outer loop
      vertex -0.869804 2.86736 0.147202
      vertex -1.13562 2.74164 0.440191
      vertex -0.861428 2.83975 0.440191
    endloop
  endfacet
  facet normal -0.595676 0.803225 0
    outer loop
      vertex -1.6647 2.4914 0
      vertex -1.90089 2.31624 0.147202
      vertex -1.6647 2.4914 0.147202
    endloop
  endfacet
  facet normal -0.595676 0.803225 0
    outer loop
      vertex -1.90089 2.31624 0.147202
      vertex -1.6647 2.4914 0
      vertex -1.90089 2.31624 0
    endloop
  endfacet
  facet normal -0.514131 0.857712 0
    outer loop
      vertex -1.41249 2.64258 0
      vertex -1.6647 2.4914 0.147202
      vertex -1.41249 2.64258 0.147202
    endloop
  endfacet
  facet normal -0.514131 0.857712 0
    outer loop
      vertex -1.6647 2.4914 0.147202
      vertex -1.41249 2.64258 0
      vertex -1.6647 2.4914 0
    endloop
  endfacet
  facet normal -0.34962 0.316876 0.881678
    outer loop
      vertex -0.906981 0.906981 2.71197
      vertex -1.09058 1.09058 2.57318
      vertex -0.991513 0.813714 2.71197
    endloop
  endfacet
  facet normal -0.523532 0.187322 0.831159
    outer loop
      vertex -1.42491 0.590216 2.57318
      vertex -1.65106 0.683892 2.40962
      vertex -1.4759 0.447708 2.57318
    endloop
  endfacet
  facet normal -0.237725 0.502654 0.831159
    outer loop
      vertex -0.683892 1.65106 2.40962
      vertex -0.842432 1.57608 2.40962
      vertex -0.590216 1.42491 2.57318
    endloop
  endfacet
  facet normal -0.237752 0.502622 0.831171
    outer loop
      vertex -0.590216 1.42491 2.57318
      vertex -0.842432 1.57608 2.40962
      vertex -0.727038 1.36019 2.57318
    endloop
  endfacet
  facet normal -0.568315 0.42145 0.706681
    outer loop
      vertex -1.55737 1.2781 2.22285
      vertex -1.71829 1.41016 2.01468
      vertex -1.67514 1.11929 2.22285
    endloop
  endfacet
  facet normal -0.470398 0.426309 0.772649
    outer loop
      vertex -1.26367 1.26367 2.40962
      vertex -1.55737 1.2781 2.22285
      vertex -1.38144 1.13372 2.40962
    endloop
  endfacet
  facet normal -0.281081 0.379005 0.881674
    outer loop
      vertex -0.85686 1.28238 2.57318
      vertex -0.97843 1.19222 2.57318
      vertex -0.813714 0.991513 2.71197
    endloop
  endfacet
  facet normal -0.331241 0.446585 0.831169
    outer loop
      vertex -0.992858 1.48592 2.40962
      vertex -1.13372 1.38144 2.40962
      vertex -0.85686 1.28238 2.57318
    endloop
  endfacet
  facet normal 0.573898 0.27142 0.77264
    outer loop
      vertex 1.86132 0.770983 2.22285
      vertex 1.57608 0.842432 2.40962
      vertex 1.65106 0.683892 2.40962
    endloop
  endfacet
  facet normal 0.597725 0.213895 0.77264
    outer loop
      vertex 1.86132 0.770983 2.22285
      vertex 1.65106 0.683892 2.40962
      vertex 1.71015 0.518766 2.40962
    endloop
  endfacet
  facet normal 0.69987 0.103823 0.706684
    outer loop
      vertex 2.18014 0.433657 2.01468
      vertex 2.00498 0.197473 2.22285
      vertex 2.21215 0.217877 2.01468
    endloop
  endfacet
  facet normal 0.765016 0.113487 0.633934
    outer loop
      vertex 2.36332 0.470094 1.7871
      vertex 2.18014 0.433657 2.01468
      vertex 2.21215 0.217877 2.01468
    endloop
  endfacet
  facet normal 0.792589 0.475039 0.382283
    outer loop
      vertex 2.4911 1.33152 1.01067
      vertex 2.25492 1.50669 1.28267
      vertex 2.39174 1.27841 1.28267
    endloop
  endfacet
  facet normal 0.79259 0.475034 0.382288
    outer loop
      vertex 2.3486 1.56928 1.01067
      vertex 2.25492 1.50669 1.28267
      vertex 2.4911 1.33152 1.01067
    endloop
  endfacet
  facet normal 0.616318 0.558576 0.555109
    outer loop
      vertex 1.9891 1.63241 1.54231
      vertex 1.81952 1.81952 1.54231
      vertex 1.86266 1.52865 1.7871
    endloop
  endfacet
  facet normal 0.668088 0.495491 0.555109
    outer loop
      vertex 1.9891 1.63241 1.54231
      vertex 1.86266 1.52865 1.7871
      vertex 2.13953 1.42958 1.54231
    endloop
  endfacet
  facet normal -0.113488 0.765014 0.633935
    outer loop
      vertex -0.236184 2.39802 1.7871
      vertex -0.470094 2.36332 1.7871
      vertex -0.217877 2.21215 2.01468
    endloop
  endfacet
  facet normal -0.045345 0.922937 0.382272
    outer loop
      vertex 0 2.82463 1.01067
      vertex -0.265819 2.69891 1.28267
      vertex 0 2.71197 1.28267
    endloop
  endfacet
  facet normal 0.045345 0.922937 0.382272
    outer loop
      vertex 0 2.82463 1.01067
      vertex 0 2.71197 1.28267
      vertex 0.265819 2.69891 1.28267
    endloop
  endfacet
  facet normal -0.129429 0.872599 0.470976
    outer loop
      vertex -0.265819 2.69891 1.28267
      vertex -0.502003 2.52374 1.54231
      vertex -0.252215 2.56079 1.54231
    endloop
  endfacet
  facet normal 0.397607 0.663343 0.633944
    outer loop
      vertex 1.33871 2.00353 1.7871
      vertex 1.13589 2.1251 1.7871
      vertex 1.23495 1.84823 2.01468
    endloop
  endfacet
  facet normal 0.397595 0.663344 0.63395
    outer loop
      vertex 1.13589 2.1251 1.7871
      vertex 1.04784 1.96038 2.01468
      vertex 1.23495 1.84823 2.01468
    endloop
  endfacet
  facet normal 0.558576 0.616318 0.555109
    outer loop
      vertex 1.63241 1.9891 1.54231
      vertex 1.52865 1.86266 1.7871
      vertex 1.81952 1.81952 1.54231
    endloop
  endfacet
  facet normal 0.495491 0.668088 0.555109
    outer loop
      vertex 1.63241 1.9891 1.54231
      vertex 1.42958 2.13953 1.54231
      vertex 1.52865 1.86266 1.7871
    endloop
  endfacet
  facet normal 0.285844 0.476916 0.83117
    outer loop
      vertex 0.842432 1.57608 2.40962
      vertex 0.727038 1.36019 2.57318
      vertex 0.85686 1.28238 2.57318
    endloop
  endfacet
  facet normal 0.285847 0.476916 0.831169
    outer loop
      vertex 0.992858 1.48592 2.40962
      vertex 0.842432 1.57608 2.40962
      vertex 0.85686 1.28238 2.57318
    endloop
  endfacet
  facet normal 0.187929 0.750218 0.633921
    outer loop
      vertex 0.699476 2.30586 1.7871
      vertex 0.470094 2.36332 1.7871
      vertex 0.64526 2.12714 2.01468
    endloop
  endfacet
  facet normal 0.302519 0.639585 0.706691
    outer loop
      vertex 0.850649 2.05365 2.01468
      vertex 0.770983 1.86132 2.22285
      vertex 1.04784 1.96038 2.01468
    endloop
  endfacet
  facet normal 0.297197 0.830594 0.470943
    outer loop
      vertex 0.787242 2.59519 1.28267
      vertex 0.746956 2.46239 1.54231
      vertex 1.03782 2.50553 1.28267
    endloop
  endfacet
  facet normal 0.214358 0.855724 0.470943
    outer loop
      vertex 0.787242 2.59519 1.28267
      vertex 0.529078 2.65986 1.28267
      vertex 0.746956 2.46239 1.54231
    endloop
  endfacet
  facet normal -0.13508 0.539361 0.83117
    outer loop
      vertex -0.348645 1.75276 2.40962
      vertex -0.447708 1.4759 2.57318
      vertex -0.300889 1.51267 2.57318
    endloop
  endfacet
  facet normal 0.018799 0.382594 0.923725
    outer loop
      vertex 0.125723 1.27649 2.71197
      vertex 0.0301073 1.19852 2.74621
      vertex 0.11762 1.19422 2.74621
    endloop
  endfacet
  facet normal 0.0188063 0.382587 0.923728
    outer loop
      vertex 0.0301073 1.19852 2.74621
      vertex 0.125723 1.27649 2.71197
      vertex 0 1.28267 2.71197
    endloop
  endfacet
  facet normal -0.103823 0.69987 0.706684
    outer loop
      vertex -0.217877 2.21215 2.01468
      vertex -0.433657 2.18014 2.01468
      vertex -0.197473 2.00498 2.22285
    endloop
  endfacet
  facet normal -0.103848 0.699852 0.706698
    outer loop
      vertex -0.197473 2.00498 2.22285
      vertex -0.433657 2.18014 2.01468
      vertex -0.393044 1.97596 2.22285
    endloop
  endfacet
  facet normal 0.113487 0.765016 0.633934
    outer loop
      vertex 0.470094 2.36332 1.7871
      vertex 0.217877 2.21215 2.01468
      vertex 0.433657 2.18014 2.01468
    endloop
  endfacet
  facet normal 0.202111 0.806835 0.555129
    outer loop
      vertex 0.746956 2.46239 1.54231
      vertex 0.470094 2.36332 1.7871
      vertex 0.699476 2.30586 1.7871
    endloop
  endfacet
  facet normal 0.202083 0.806858 0.555106
    outer loop
      vertex 0.502003 2.52374 1.54231
      vertex 0.470094 2.36332 1.7871
      vertex 0.746956 2.46239 1.54231
    endloop
  endfacet
  facet normal 0.113488 0.765014 0.633935
    outer loop
      vertex 0.236184 2.39802 1.7871
      vertex 0.217877 2.21215 2.01468
      vertex 0.470094 2.36332 1.7871
    endloop
  endfacet
  facet normal 0.201753 0.42656 0.88167
    outer loop
      vertex 0.727038 1.36019 2.57318
      vertex 0.490854 1.18503 2.71197
      vertex 0.604644 1.13121 2.71197
    endloop
  endfacet
  facet normal 0.128997 0.360708 0.923715
    outer loop
      vertex 0.490854 1.18503 2.71197
      vertex 0.430838 1.11881 2.74621
      vertex 0.45922 1.10866 2.74621
    endloop
  endfacet
  facet normal 0.0930856 0.371608 0.923711
    outer loop
      vertex 0.372337 1.22743 2.71197
      vertex 0.263349 1.16962 2.74621
      vertex 0.348341 1.14833 2.74621
    endloop
  endfacet
  facet normal 0.0930953 0.371593 0.923716
    outer loop
      vertex 0.263349 1.16962 2.74621
      vertex 0.372337 1.22743 2.71197
      vertex 0.250236 1.25802 2.71197
    endloop
  endfacet
  facet normal 0.201766 0.426545 0.881674
    outer loop
      vertex 0.590216 1.42491 2.57318
      vertex 0.490854 1.18503 2.71197
      vertex 0.727038 1.36019 2.57318
    endloop
  endfacet
  facet normal 0.0931841 0.627985 0.772627
    outer loop
      vertex 0.393044 1.97596 2.22285
      vertex 0.197473 2.00498 2.22285
      vertex 0.348645 1.75276 2.40962
    endloop
  endfacet
  facet normal 0.154229 0.615842 0.772627
    outer loop
      vertex 0.393044 1.97596 2.22285
      vertex 0.348645 1.75276 2.40962
      vertex 0.584829 1.92793 2.22285
    endloop
  endfacet
  facet normal -0.158964 0.444275 0.881675
    outer loop
      vertex -0.447708 1.4759 2.57318
      vertex -0.590216 1.42491 2.57318
      vertex -0.490854 1.18503 2.71197
    endloop
  endfacet
  facet normal -0.0311467 0.634085 0.772636
    outer loop
      vertex 0 2.01468 2.22285
      vertex -0.197473 2.00498 2.22285
      vertex 0 1.7871 2.40962
    endloop
  endfacet
  facet normal -0.0692376 0.466756 0.881672
    outer loop
      vertex -0.151173 1.53488 2.57318
      vertex -0.250236 1.25802 2.71197
      vertex -0.125723 1.27649 2.71197
    endloop
  endfacet
  facet normal -0.0188063 0.382587 0.923728
    outer loop
      vertex -0.125723 1.27649 2.71197
      vertex -0.0301073 1.19852 2.74621
      vertex 0 1.28267 2.71197
    endloop
  endfacet
  facet normal -0.018799 0.382594 0.923725
    outer loop
      vertex -0.0301073 1.19852 2.74621
      vertex -0.125723 1.27649 2.71197
      vertex -0.11762 1.19422 2.74621
    endloop
  endfacet
  facet normal -0.0561695 0.378915 0.923725
    outer loop
      vertex -0.250236 1.25802 2.71197
      vertex -0.234108 1.17694 2.74621
      vertex -0.204291 1.18136 2.74621
    endloop
  endfacet
  facet normal -0.280207 0.783165 0.555101
    outer loop
      vertex -0.699476 2.30586 1.7871
      vertex -0.984715 2.37731 1.54231
      vertex -0.922122 2.2262 1.7871
    endloop
  endfacet
  facet normal -0.17188 0.68632 0.706698
    outer loop
      vertex -0.433657 2.18014 2.01468
      vertex -0.584829 1.92793 2.22285
      vertex -0.393044 1.97596 2.22285
    endloop
  endfacet
  facet normal -0.238368 0.666163 0.706688
    outer loop
      vertex -0.64526 2.12714 2.01468
      vertex -0.770983 1.86132 2.22285
      vertex -0.584829 1.92793 2.22285
    endloop
  endfacet
  facet normal -0.355616 0.751929 0.555103
    outer loop
      vertex -0.984715 2.37731 1.54231
      vertex -1.21299 2.26935 1.54231
      vertex -1.13589 2.1251 1.7871
    endloop
  endfacet
  facet normal 0.228198 0.307677 0.923721
    outer loop
      vertex 0.71261 1.0665 2.71197
      vertex 0.73706 0.945569 2.74621
      vertex 0.813714 0.991513 2.71197
    endloop
  endfacet
  facet normal 0.228186 0.307675 0.923725
    outer loop
      vertex 0.71261 1.0665 2.71197
      vertex 0.666684 0.997763 2.74621
      vertex 0.73706 0.945569 2.74621
    endloop
  endfacet
  facet normal 0.196931 0.328558 0.923725
    outer loop
      vertex 0.71261 1.0665 2.71197
      vertex 0.640829 1.01326 2.74621
      vertex 0.666684 0.997763 2.74621
    endloop
  endfacet
  facet normal 0.378908 0.0562213 0.923725
    outer loop
      vertex 1.27649 0.125723 2.71197
      vertex 1.18136 0.204291 2.74621
      vertex 1.19422 0.11762 2.74621
    endloop
  endfacet
  facet normal 0.378897 0.0562047 0.923731
    outer loop
      vertex 1.18136 0.204291 2.74621
      vertex 1.27649 0.125723 2.71197
      vertex 1.25802 0.250236 2.71197
    endloop
  endfacet
  facet normal 0.471295 -0.0231637 0.881671
    outer loop
      vertex 1.54231 0 2.57318
      vertex 1.28267 0 2.71197
      vertex 1.53488 -0.151173 2.57318
    endloop
  endfacet
  facet normal 0.471295 0.0231637 0.881671
    outer loop
      vertex 1.53488 0.151173 2.57318
      vertex 1.28267 0 2.71197
      vertex 1.54231 0 2.57318
    endloop
  endfacet
  facet normal 0.55 0.0815912 0.831169
    outer loop
      vertex 1.75276 0.348645 2.40962
      vertex 1.51267 0.300889 2.57318
      vertex 1.53488 0.151173 2.57318
    endloop
  endfacet
  facet normal 0.457704 0.114669 0.881679
    outer loop
      vertex 1.4759 0.447708 2.57318
      vertex 1.22743 0.372337 2.71197
      vertex 1.25802 0.250236 2.71197
    endloop
  endfacet
  facet normal 0.970214 0.143915 0.194867
    outer loop
      vertex 2.91051 0.578936 0.440191
      vertex 2.89608 0.285238 0.72894
      vertex 2.95324 0.290868 0.440191
    endloop
  endfacet
  facet normal 0.970218 0.143905 0.194857
    outer loop
      vertex 2.91051 0.578936 0.440191
      vertex 2.85418 0.567731 0.72894
      vertex 2.89608 0.285238 0.72894
    endloop
  endfacet
  facet normal 0.58428 0.787808 0.194875
    outer loop
      vertex 1.64867 2.46741 0.440191
      vertex 1.61676 2.41965 0.72894
      vertex 1.88258 2.29393 0.440191
    endloop
  endfacet
  facet normal 0.59284 0.799349 0.0978863
    outer loop
      vertex 1.6647 2.4914 0.147202
      vertex 1.64867 2.46741 0.440191
      vertex 1.88258 2.29393 0.440191
    endloop
  endfacet
  facet normal 0.642702 0.70913 0.289944
    outer loop
      vertex 1.84614 2.24953 0.72894
      vertex 1.79193 2.18347 1.01067
      vertex 1.99732 1.99732 1.01067
    endloop
  endfacet
  facet normal 0.642685 0.709139 0.289961
    outer loop
      vertex 2.05775 2.05775 0.72894
      vertex 1.84614 2.24953 0.72894
      vertex 1.99732 1.99732 1.01067
    endloop
  endfacet
  facet normal -0.378897 0.0562047 0.923731
    outer loop
      vertex -1.27649 0.125723 2.71197
      vertex -1.18136 0.204291 2.74621
      vertex -1.25802 0.250236 2.71197
    endloop
  endfacet
  facet normal -0.378908 0.0562213 0.923725
    outer loop
      vertex -1.18136 0.204291 2.74621
      vertex -1.27649 0.125723 2.71197
      vertex -1.19422 0.11762 2.74621
    endloop
  endfacet
  facet normal -0.466756 0.0692376 0.881672
    outer loop
      vertex -1.25802 0.250236 2.71197
      vertex -1.53488 0.151173 2.57318
      vertex -1.27649 0.125723 2.71197
    endloop
  endfacet
  facet normal -0.307677 0.228198 0.923721
    outer loop
      vertex -1.0665 0.71261 2.71197
      vertex -0.945569 0.73706 2.74621
      vertex -0.991513 0.813714 2.71197
    endloop
  endfacet
  facet normal -0.307675 0.228186 0.923725
    outer loop
      vertex -0.945569 0.73706 2.74621
      vertex -1.0665 0.71261 2.71197
      vertex -0.997763 0.666684 2.74621
    endloop
  endfacet
  facet normal -0.228186 0.307675 0.923725
    outer loop
      vertex -0.71261 1.0665 2.71197
      vertex -0.73706 0.945569 2.74621
      vertex -0.666684 0.997763 2.74621
    endloop
  endfacet
  facet normal -0.228198 0.307677 0.923721
    outer loop
      vertex -0.73706 0.945569 2.74621
      vertex -0.71261 1.0665 2.71197
      vertex -0.813714 0.991513 2.71197
    endloop
  endfacet
  facet normal -0.19691 0.32856 0.923729
    outer loop
      vertex -0.604644 1.13121 2.71197
      vertex -0.640829 1.01326 2.74621
      vertex -0.565676 1.0583 2.74621
    endloop
  endfacet
  facet normal -0.196926 0.328564 0.923724
    outer loop
      vertex -0.640829 1.01326 2.74621
      vertex -0.604644 1.13121 2.71197
      vertex -0.71261 1.0665 2.71197
    endloop
  endfacet
  facet normal -0.476916 0.285844 0.83117
    outer loop
      vertex -1.28238 0.85686 2.57318
      vertex -1.57608 0.842432 2.40962
      vertex -1.36019 0.727038 2.57318
    endloop
  endfacet
  facet normal -0.257251 0.283836 0.92372
    outer loop
      vertex -0.761272 0.927612 2.74621
      vertex -0.813714 0.991513 2.71197
      vertex -0.783607 0.907369 2.74621
    endloop
  endfacet
  facet normal -0.523515 0.187339 0.831165
    outer loop
      vertex -1.65106 0.683892 2.40962
      vertex -1.71015 0.518766 2.40962
      vertex -1.4759 0.447708 2.57318
    endloop
  endfacet
  facet normal -0.627985 0.0931841 0.772627
    outer loop
      vertex -1.97596 0.393044 2.22285
      vertex -2.00498 0.197473 2.22285
      vertex -1.75276 0.348645 2.40962
    endloop
  endfacet
  facet normal -0.539364 0.135094 0.831166
    outer loop
      vertex -1.71015 0.518766 2.40962
      vertex -1.75276 0.348645 2.40962
      vertex -1.4759 0.447708 2.57318
    endloop
  endfacet
  facet normal -0.615828 0.154246 0.772635
    outer loop
      vertex -1.71015 0.518766 2.40962
      vertex -1.92793 0.584829 2.22285
      vertex -1.75276 0.348645 2.40962
    endloop
  endfacet
  facet normal -0.822784 0.122058 0.555093
    outer loop
      vertex -2.36332 0.470094 1.7871
      vertex -2.56079 0.252215 1.54231
      vertex -2.39802 0.236184 1.7871
    endloop
  endfacet
  facet normal -0.830787 0.0408035 0.555093
    outer loop
      vertex -2.39802 0.236184 1.7871
      vertex -2.56079 0.252215 1.54231
      vertex -2.40962 0 1.7871
    endloop
  endfacet
  facet normal -0.765014 0.113488 0.633935
    outer loop
      vertex -2.36332 0.470094 1.7871
      vertex -2.39802 0.236184 1.7871
      vertex -2.21215 0.217877 2.01468
    endloop
  endfacet
  facet normal -0.772456 0.0379386 0.633935
    outer loop
      vertex -2.39802 0.236184 1.7871
      vertex -2.40962 0 1.7871
      vertex -2.21215 0.217877 2.01468
    endloop
  endfacet
  facet normal -0.568294 0.42146 0.706692
    outer loop
      vertex -1.71829 1.41016 2.01468
      vertex -1.84823 1.23495 2.01468
      vertex -1.67514 1.11929 2.22285
    endloop
  endfacet
  facet normal -0.751929 0.355616 0.555103
    outer loop
      vertex -2.26935 1.21299 1.54231
      vertex -2.37731 0.984715 1.54231
      vertex -2.1251 1.13589 1.7871
    endloop
  endfacet
  facet normal -0.783165 0.280207 0.555101
    outer loop
      vertex -2.2262 0.922122 1.7871
      vertex -2.37731 0.984715 1.54231
      vertex -2.30586 0.699476 1.7871
    endloop
  endfacet
  facet normal -0.783135 0.280238 0.555128
    outer loop
      vertex -2.37731 0.984715 1.54231
      vertex -2.46239 0.746956 1.54231
      vertex -2.30586 0.699476 1.7871
    endloop
  endfacet
  facet normal -0.558576 0.616318 0.555109
    outer loop
      vertex -1.63241 1.9891 1.54231
      vertex -1.81952 1.81952 1.54231
      vertex -1.52865 1.86266 1.7871
    endloop
  endfacet
  facet normal -0.592421 0.653642 0.470945
    outer loop
      vertex -1.72045 2.09638 1.28267
      vertex -1.91765 1.91765 1.28267
      vertex -1.81952 1.81952 1.54231
    endloop
  endfacet
  facet normal -0.297197 0.830594 0.470943
    outer loop
      vertex -0.787242 2.59519 1.28267
      vertex -1.03782 2.50553 1.28267
      vertex -0.746956 2.46239 1.54231
    endloop
  endfacet
  facet normal -0.409199 0.865145 0.289968
    outer loop
      vertex -1.11364 2.68858 0.72894
      vertex -1.37181 2.56647 0.72894
      vertex -1.33152 2.4911 1.01067
    endloop
  endfacet
  facet normal -0.492021 0.820873 0.289968
    outer loop
      vertex -1.37181 2.56647 0.72894
      vertex -1.61676 2.41965 0.72894
      vertex -1.33152 2.4911 1.01067
    endloop
  endfacet
  facet normal -0.550463 0.742191 0.382287
    outer loop
      vertex -1.56928 2.3486 1.01067
      vertex -1.72045 2.09638 1.28267
      vertex -1.50669 2.25492 1.28267
    endloop
  endfacet
  facet normal 0.232563 0.92835 0.289965
    outer loop
      vertex 0.567731 2.85418 0.72894
      vertex 0.551058 2.77036 1.01067
      vertex 0.819947 2.703 1.01067
    endloop
  endfacet
  facet normal 0.224546 0.896346 0.382286
    outer loop
      vertex 0.551058 2.77036 1.01067
      vertex 0.529078 2.65986 1.28267
      vertex 0.819947 2.703 1.01067
    endloop
  endfacet
  facet normal -0.0432887 0.881083 0.470976
    outer loop
      vertex 0 2.71197 1.28267
      vertex -0.265819 2.69891 1.28267
      vertex -0.252215 2.56079 1.54231
    endloop
  endfacet
  facet normal 0.122039 0.822778 0.555105
    outer loop
      vertex 0.502003 2.52374 1.54231
      vertex 0.252215 2.56079 1.54231
      vertex 0.470094 2.36332 1.7871
    endloop
  endfacet
  facet normal -0.140416 0.94668 0.289965
    outer loop
      vertex -0.276862 2.81103 1.01067
      vertex -0.567731 2.85418 0.72894
      vertex -0.551058 2.77036 1.01067
    endloop
  endfacet
  facet normal -0.232563 0.92835 0.289965
    outer loop
      vertex -0.567731 2.85418 0.72894
      vertex -0.819947 2.703 1.01067
      vertex -0.551058 2.77036 1.01067
    endloop
  endfacet
  facet normal -0.737367 0.668358 0.0979159
    outer loop
      vertex -2.11876 2.11876 0.147202
      vertex -2.31624 1.90089 0.147202
      vertex -2.29393 1.88258 0.440191
    endloop
  endfacet
  facet normal -0.52551 0.708547 0.470956
    outer loop
      vertex -1.50669 2.25492 1.28267
      vertex -1.72045 2.09638 1.28267
      vertex -1.63241 1.9891 1.54231
    endloop
  endfacet
  facet normal -0.475034 0.79259 0.382288
    outer loop
      vertex -1.33152 2.4911 1.01067
      vertex -1.56928 2.3486 1.01067
      vertex -1.50669 2.25492 1.28267
    endloop
  endfacet
  facet normal -0.653642 0.592421 0.470945
    outer loop
      vertex -1.91765 1.91765 1.28267
      vertex -2.09638 1.72045 1.28267
      vertex -1.81952 1.81952 1.54231
    endloop
  endfacet
  facet normal -0.653647 0.592408 0.470955
    outer loop
      vertex -1.81952 1.81952 1.54231
      vertex -2.09638 1.72045 1.28267
      vertex -1.9891 1.63241 1.54231
    endloop
  endfacet
  facet normal -0.792589 -0.475039 0.382283
    outer loop
      vertex -2.39174 -1.27841 1.28267
      vertex -2.4911 -1.33152 1.01067
      vertex -2.25492 -1.50669 1.28267
    endloop
  endfacet
  facet normal -0.751929 -0.355616 0.555103
    outer loop
      vertex -2.1251 -1.13589 1.7871
      vertex -2.37731 -0.984715 1.54231
      vertex -2.26935 -1.21299 1.54231
    endloop
  endfacet
  facet normal -0.79259 -0.475034 0.382288
    outer loop
      vertex -2.25492 -1.50669 1.28267
      vertex -2.4911 -1.33152 1.01067
      vertex -2.3486 -1.56928 1.01067
    endloop
  endfacet
  facet normal -0.653642 -0.592421 0.470945
    outer loop
      vertex -1.81952 -1.81952 1.54231
      vertex -2.09638 -1.72045 1.28267
      vertex -1.91765 -1.91765 1.28267
    endloop
  endfacet
  facet normal 0.280238 -0.783135 0.555128
    outer loop
      vertex 0.984715 -2.37731 1.54231
      vertex 0.699476 -2.30586 1.7871
      vertex 0.746956 -2.46239 1.54231
    endloop
  endfacet
  facet normal 0.280207 -0.783165 0.555101
    outer loop
      vertex 0.922122 -2.2262 1.7871
      vertex 0.699476 -2.30586 1.7871
      vertex 0.984715 -2.37731 1.54231
    endloop
  endfacet
  facet normal 0.232563 -0.92835 0.289965
    outer loop
      vertex 0.819947 -2.703 1.01067
      vertex 0.551058 -2.77036 1.01067
      vertex 0.567731 -2.85418 0.72894
    endloop
  endfacet
  facet normal 0.224546 -0.896346 0.382286
    outer loop
      vertex 0.819947 -2.703 1.01067
      vertex 0.529078 -2.65986 1.28267
      vertex 0.551058 -2.77036 1.01067
    endloop
  endfacet
  facet normal 0.143915 -0.970214 0.194867
    outer loop
      vertex 0.578936 -2.91051 0.440191
      vertex 0.285238 -2.89608 0.72894
      vertex 0.290868 -2.95324 0.440191
    endloop
  endfacet
  facet normal 0.0481173 -0.979649 0.194867
    outer loop
      vertex 0.285238 -2.89608 0.72894
      vertex 0 -2.91009 0.72894
      vertex 0.290868 -2.95324 0.440191
    endloop
  endfacet
  facet normal 0.140414 -0.946681 0.289963
    outer loop
      vertex 0.567731 -2.85418 0.72894
      vertex 0.276862 -2.81103 1.01067
      vertex 0.285238 -2.89608 0.72894
    endloop
  endfacet
  facet normal 0.143905 -0.970218 0.194857
    outer loop
      vertex 0.567731 -2.85418 0.72894
      vertex 0.285238 -2.89608 0.72894
      vertex 0.578936 -2.91051 0.440191
    endloop
  endfacet
  facet normal -0.671585 -0.740927 0
    outer loop
      vertex -2.11876 -2.11876 0
      vertex -1.90089 -2.31624 0.147202
      vertex -2.11876 -2.11876 0.147202
    endloop
  endfacet
  facet normal -0.671585 -0.740927 -0
    outer loop
      vertex -1.90089 -2.31624 0.147202
      vertex -2.11876 -2.11876 0
      vertex -1.90089 -2.31624 0
    endloop
  endfacet
  facet normal -0.550463 -0.742191 0.382287
    outer loop
      vertex -1.50669 -2.25492 1.28267
      vertex -1.72045 -2.09638 1.28267
      vertex -1.56928 -2.3486 1.01067
    endloop
  endfacet
  facet normal -0.0432887 -0.881083 0.470976
    outer loop
      vertex -0.252215 -2.56079 1.54231
      vertex -0.265819 -2.69891 1.28267
      vertex 0 -2.71197 1.28267
    endloop
  endfacet
  facet normal -0.232537 -0.92835 0.289989
    outer loop
      vertex -0.819947 -2.703 1.01067
      vertex -0.844755 -2.78479 0.72894
      vertex -0.567731 -2.85418 0.72894
    endloop
  endfacet
  facet normal -0.23832 -0.951438 0.194856
    outer loop
      vertex -0.844755 -2.78479 0.72894
      vertex -0.861428 -2.83975 0.440191
      vertex -0.567731 -2.85418 0.72894
    endloop
  endfacet
  facet normal -0.615842 -0.154229 0.772627
    outer loop
      vertex -1.75276 -0.348645 2.40962
      vertex -1.97596 -0.393044 2.22285
      vertex -1.92793 -0.584829 2.22285
    endloop
  endfacet
  facet normal -0.627985 -0.0931841 0.772627
    outer loop
      vertex -1.75276 -0.348645 2.40962
      vertex -2.00498 -0.197473 2.22285
      vertex -1.97596 -0.393044 2.22285
    endloop
  endfacet
  facet normal -0.570111 -0.768705 0.289942
    outer loop
      vertex -1.56928 -2.3486 1.01067
      vertex -1.84614 -2.24953 0.72894
      vertex -1.61676 -2.41965 0.72894
    endloop
  endfacet
  facet normal -0.584279 -0.787808 0.194875
    outer loop
      vertex -1.84614 -2.24953 0.72894
      vertex -1.88258 -2.29393 0.440191
      vertex -1.61676 -2.41965 0.72894
    endloop
  endfacet
  facet normal -0.841282 -0.504251 0.194873
    outer loop
      vertex -2.56647 -1.37181 0.72894
      vertex -2.61713 -1.39888 0.440191
      vertex -2.46741 -1.64867 0.440191
    endloop
  endfacet
  facet normal -0.853605 -0.511637 0.0979136
    outer loop
      vertex -2.61713 -1.39888 0.440191
      vertex -2.64258 -1.41249 0.147202
      vertex -2.46741 -1.64867 0.440191
    endloop
  endfacet
  facet normal -0.820873 -0.492021 0.289968
    outer loop
      vertex -2.4911 -1.33152 1.01067
      vertex -2.56647 -1.37181 0.72894
      vertex -2.41965 -1.61676 0.72894
    endloop
  endfacet
  facet normal -0.865145 -0.409199 0.289968
    outer loop
      vertex -2.4911 -1.33152 1.01067
      vertex -2.68858 -1.11364 0.72894
      vertex -2.56647 -1.37181 0.72894
    endloop
  endfacet
  facet normal -0.330654 -0.699142 0.63393
    outer loop
      vertex -0.850649 -2.05365 2.01468
      vertex -1.13589 -2.1251 1.7871
      vertex -0.922122 -2.2262 1.7871
    endloop
  endfacet
  facet normal -0.475034 -0.79259 0.382288
    outer loop
      vertex -1.50669 -2.25492 1.28267
      vertex -1.56928 -2.3486 1.01067
      vertex -1.33152 -2.4911 1.01067
    endloop
  endfacet
  facet normal 0.122058 -0.822784 0.555093
    outer loop
      vertex 0.470094 -2.36332 1.7871
      vertex 0.236184 -2.39802 1.7871
      vertex 0.252215 -2.56079 1.54231
    endloop
  endfacet
  facet normal 0.0931391 -0.62797 0.772644
    outer loop
      vertex 0.348645 -1.75276 2.40962
      vertex 0.175166 -1.77849 2.40962
      vertex 0.197473 -2.00498 2.22285
    endloop
  endfacet
  facet normal -0.171903 -0.686325 0.706687
    outer loop
      vertex -0.584829 -1.92793 2.22285
      vertex -0.64526 -2.12714 2.01468
      vertex -0.433657 -2.18014 2.01468
    endloop
  endfacet
  facet normal -0.187905 -0.750213 0.633934
    outer loop
      vertex -0.433657 -2.18014 2.01468
      vertex -0.64526 -2.12714 2.01468
      vertex -0.470094 -2.36332 1.7871
    endloop
  endfacet
  facet normal -0.495491 -0.668088 0.55511
    outer loop
      vertex -1.33871 -2.00353 1.7871
      vertex -1.52865 -1.86266 1.7871
      vertex -1.42958 -2.13953 1.54231
    endloop
  endfacet
  facet normal -0.460704 -0.621184 0.633942
    outer loop
      vertex -1.23495 -1.84823 2.01468
      vertex -1.52865 -1.86266 1.7871
      vertex -1.33871 -2.00353 1.7871
    endloop
  endfacet
  facet normal -0.606861 -0.363741 0.706691
    outer loop
      vertex -1.67514 -1.11929 2.22285
      vertex -1.96038 -1.04784 2.01468
      vertex -1.84823 -1.23495 2.01468
    endloop
  endfacet
  facet normal -0.663344 -0.397595 0.63395
    outer loop
      vertex -1.96038 -1.04784 2.01468
      vertex -2.1251 -1.13589 1.7871
      vertex -1.84823 -1.23495 2.01468
    endloop
  endfacet
  facet normal -0.558582 -0.616304 0.555118
    outer loop
      vertex -1.70386 -1.70386 1.7871
      vertex -1.81952 -1.81952 1.54231
      vertex -1.52865 -1.86266 1.7871
    endloop
  endfacet
  facet normal -0.57303 -0.519389 0.633934
    outer loop
      vertex -1.71829 -1.41016 2.01468
      vertex -1.86266 -1.52865 1.7871
      vertex -1.57179 -1.57179 2.01468
    endloop
  endfacet
  facet normal -0.642702 -0.70913 0.289944
    outer loop
      vertex -1.79193 -2.18347 1.01067
      vertex -1.99732 -1.99732 1.01067
      vertex -1.84614 -2.24953 0.72894
    endloop
  endfacet
  facet normal -0.570113 -0.768702 0.289945
    outer loop
      vertex -1.79193 -2.18347 1.01067
      vertex -1.84614 -2.24953 0.72894
      vertex -1.56928 -2.3486 1.01067
    endloop
  endfacet
  facet normal -0.0561695 -0.378915 0.923725
    outer loop
      vertex -0.234108 -1.17694 2.74621
      vertex -0.250236 -1.25802 2.71197
      vertex -0.204291 -1.18136 2.74621
    endloop
  endfacet
  facet normal -0.158941 -0.444274 0.881679
    outer loop
      vertex -0.372337 -1.22743 2.71197
      vertex -0.490854 -1.18503 2.71197
      vertex -0.447708 -1.4759 2.57318
    endloop
  endfacet
  facet normal -0.32856 -0.19691 0.923729
    outer loop
      vertex -1.0583 -0.565676 2.74621
      vertex -1.13121 -0.604644 2.71197
      vertex -1.01326 -0.640829 2.74621
    endloop
  endfacet
  facet normal -0.328564 -0.196926 0.923724
    outer loop
      vertex -1.01326 -0.640829 2.74621
      vertex -1.13121 -0.604644 2.71197
      vertex -1.0665 -0.71261 2.71197
    endloop
  endfacet
  facet normal 0.307675 -0.228199 0.923721
    outer loop
      vertex 0.927612 -0.761271 2.74621
      vertex 0.991513 -0.813714 2.71197
      vertex 0.945569 -0.73706 2.74621
    endloop
  endfacet
  facet normal 0.4723 0 0.881438
    outer loop
      vertex 0.991513 -0.813714 2.71197
      vertex 0.927612 -0.761271 2.74621
      vertex 0.927612 -0.761272 2.74621
    endloop
  endfacet
  facet normal 0.316876 -0.34962 0.881678
    outer loop
      vertex 0.906981 -0.906981 2.71197
      vertex 0.813714 -0.991513 2.71197
      vertex 1.09058 -1.09058 2.57318
    endloop
  endfacet
  facet normal 0.371593 -0.0930953 0.923716
    outer loop
      vertex 1.16962 -0.263349 2.74621
      vertex 1.22743 -0.372337 2.71197
      vertex 1.25802 -0.250236 2.71197
    endloop
  endfacet
  facet normal 0.371608 -0.0930856 0.923711
    outer loop
      vertex 1.14833 -0.348341 2.74621
      vertex 1.22743 -0.372337 2.71197
      vertex 1.16962 -0.263349 2.74621
    endloop
  endfacet
  facet normal 0.0231668 -0.471294 0.881672
    outer loop
      vertex 0.125723 -1.27649 2.71197
      vertex 0 -1.28267 2.71197
      vertex 0.151173 -1.53488 2.57318
    endloop
  endfacet
  facet normal -0.0311669 -0.634074 0.772644
    outer loop
      vertex -0.175166 -1.77849 2.40962
      vertex -0.197473 -2.00498 2.22285
      vertex 0 -1.7871 2.40962
    endloop
  endfacet
  facet normal 0.0561695 -0.378915 0.923725
    outer loop
      vertex 0.250236 -1.25802 2.71197
      vertex 0.234108 -1.17694 2.74621
      vertex 0.204291 -1.18136 2.74621
    endloop
  endfacet
  facet normal -0.0231668 -0.471294 0.881672
    outer loop
      vertex -0.125723 -1.27649 2.71197
      vertex -0.151173 -1.53488 2.57318
      vertex 0 -1.28267 2.71197
    endloop
  endfacet
  facet normal 0.0930203 -0.371586 0.923727
    outer loop
      vertex 0.263349 -1.16962 2.74621
      vertex 0.234108 -1.17694 2.74621
      vertex 0.250236 -1.25802 2.71197
    endloop
  endfacet
  facet normal 0.128997 -0.360708 0.923715
    outer loop
      vertex 0.45922 -1.10866 2.74621
      vertex 0.430838 -1.11881 2.74621
      vertex 0.490854 -1.18503 2.71197
    endloop
  endfacet
  facet normal 0.129034 -0.360678 0.923722
    outer loop
      vertex 0.430838 -1.11881 2.74621
      vertex 0.372337 -1.22743 2.71197
      vertex 0.490854 -1.18503 2.71197
    endloop
  endfacet
  facet normal 0.129067 -0.360693 0.923711
    outer loop
      vertex 0.372337 -1.22743 2.71197
      vertex 0.430838 -1.11881 2.74621
      vertex 0.348341 -1.14833 2.74621
    endloop
  endfacet
  facet normal 0.213883 -0.597737 0.772635
    outer loop
      vertex 0.770983 -1.86132 2.22285
      vertex 0.518766 -1.71015 2.40962
      vertex 0.584829 -1.92793 2.22285
    endloop
  endfacet
  facet normal 0.114635 -0.457728 0.881671
    outer loop
      vertex 0.447708 -1.4759 2.57318
      vertex 0.250236 -1.25802 2.71197
      vertex 0.300889 -1.51267 2.57318
    endloop
  endfacet
  facet normal 0.0815762 -0.55001 0.831164
    outer loop
      vertex 0.348645 -1.75276 2.40962
      vertex 0.151173 -1.53488 2.57318
      vertex 0.175166 -1.77849 2.40962
    endloop
  endfacet
  facet normal 0.0272951 -0.555355 0.831165
    outer loop
      vertex 0 -1.54231 2.57318
      vertex 0 -1.7871 2.40962
      vertex 0.151173 -1.53488 2.57318
    endloop
  endfacet
  facet normal -0.55 -0.0815912 0.831169
    outer loop
      vertex -1.53488 -0.151173 2.57318
      vertex -1.75276 -0.348645 2.40962
      vertex -1.51267 -0.300889 2.57318
    endloop
  endfacet
  facet normal -0.539361 -0.13508 0.83117
    outer loop
      vertex -1.51267 -0.300889 2.57318
      vertex -1.75276 -0.348645 2.40962
      vertex -1.4759 -0.447708 2.57318
    endloop
  endfacet
  facet normal -0.371608 -0.0930856 0.923711
    outer loop
      vertex -1.22743 -0.372337 2.71197
      vertex -1.14833 -0.348341 2.74621
      vertex -1.16962 -0.263349 2.74621
    endloop
  endfacet
  facet normal -0.371593 -0.0930953 0.923716
    outer loop
      vertex -1.22743 -0.372337 2.71197
      vertex -1.16962 -0.263349 2.74621
      vertex -1.25802 -0.250236 2.71197
    endloop
  endfacet
  facet normal -0.457704 -0.114669 0.881679
    outer loop
      vertex -1.25802 -0.250236 2.71197
      vertex -1.4759 -0.447708 2.57318
      vertex -1.22743 -0.372337 2.71197
    endloop
  endfacet
  facet normal -0.360708 -0.128997 0.923715
    outer loop
      vertex -1.11881 -0.430838 2.74621
      vertex -1.18503 -0.490854 2.71197
      vertex -1.10866 -0.45922 2.74621
    endloop
  endfacet
  facet normal -0.346269 -0.163766 0.923731
    outer loop
      vertex -1.18503 -0.490854 2.71197
      vertex -1.07119 -0.538426 2.74621
      vertex -1.10865 -0.45922 2.74621
    endloop
  endfacet
  facet normal 0 -0.734506 0.678603
    outer loop
      vertex -1.18503 -0.490854 2.71197
      vertex -1.10865 -0.45922 2.74621
      vertex -1.10866 -0.45922 2.74621
    endloop
  endfacet
  facet normal -0.346273 -0.163779 0.923727
    outer loop
      vertex -1.07119 -0.538426 2.74621
      vertex -1.18503 -0.490854 2.71197
      vertex -1.13121 -0.604644 2.71197
    endloop
  endfacet
  facet normal 0.158941 -0.444274 0.881679
    outer loop
      vertex 0.490854 -1.18503 2.71197
      vertex 0.372337 -1.22743 2.71197
      vertex 0.447708 -1.4759 2.57318
    endloop
  endfacet
  facet normal 0.158964 -0.444275 0.881675
    outer loop
      vertex 0.490854 -1.18503 2.71197
      vertex 0.447708 -1.4759 2.57318
      vertex 0.590216 -1.42491 2.57318
    endloop
  endfacet
  facet normal 0.373392 -0.412009 0.83116
    outer loop
      vertex 1.26367 -1.26367 2.40962
      vertex 0.97843 -1.19222 2.57318
      vertex 1.13372 -1.38144 2.40962
    endloop
  endfacet
  facet normal 0.373394 -0.412005 0.831161
    outer loop
      vertex 1.09058 -1.09058 2.57318
      vertex 0.97843 -1.19222 2.57318
      vertex 1.26367 -1.26367 2.40962
    endloop
  endfacet
  facet normal 0.57303 -0.519389 0.633934
    outer loop
      vertex 1.71829 -1.41016 2.01468
      vertex 1.57179 -1.57179 2.01468
      vertex 1.86266 -1.52865 1.7871
    endloop
  endfacet
  facet normal 0.426309 -0.470398 0.772649
    outer loop
      vertex 1.26367 -1.26367 2.40962
      vertex 1.13372 -1.38144 2.40962
      vertex 1.2781 -1.55737 2.22285
    endloop
  endfacet
  facet normal 0.355616 -0.751929 0.555103
    outer loop
      vertex 1.13589 -2.1251 1.7871
      vertex 0.984715 -2.37731 1.54231
      vertex 1.21299 -2.26935 1.54231
    endloop
  endfacet
  facet normal 0.427623 -0.713441 0.555103
    outer loop
      vertex 1.42958 -2.13953 1.54231
      vertex 1.13589 -2.1251 1.7871
      vertex 1.21299 -2.26935 1.54231
    endloop
  endfacet
  facet normal -0.285844 -0.476916 0.83117
    outer loop
      vertex -0.727038 -1.36019 2.57318
      vertex -0.85686 -1.28238 2.57318
      vertex -0.842432 -1.57608 2.40962
    endloop
  endfacet
  facet normal -0.426309 -0.470398 0.772649
    outer loop
      vertex -1.26367 -1.26367 2.40962
      vertex -1.2781 -1.55737 2.22285
      vertex -1.13372 -1.38144 2.40962
    endloop
  endfacet
  facet normal -0.201766 -0.426545 0.881674
    outer loop
      vertex -0.490854 -1.18503 2.71197
      vertex -0.727038 -1.36019 2.57318
      vertex -0.590216 -1.42491 2.57318
    endloop
  endfacet
  facet normal -0.316869 -0.349635 0.881674
    outer loop
      vertex -0.813714 -0.991513 2.71197
      vertex -1.09058 -1.09058 2.57318
      vertex -0.97843 -1.19222 2.57318
    endloop
  endfacet
  facet normal 0.595676 -0.803225 0
    outer loop
      vertex 1.6647 -2.4914 0
      vertex 1.90089 -2.31624 0.147202
      vertex 1.6647 -2.4914 0.147202
    endloop
  endfacet
  facet normal 0.595676 -0.803225 0
    outer loop
      vertex 1.90089 -2.31624 0.147202
      vertex 1.6647 -2.4914 0
      vertex 1.90089 -2.31624 0
    endloop
  endfacet
  facet normal 0.726766 -0.658661 0.194875
    outer loop
      vertex 2.24953 -1.84614 0.72894
      vertex 2.05775 -2.05775 0.72894
      vertex 2.29393 -1.88258 0.440191
    endloop
  endfacet
  facet normal 0.709139 -0.642685 0.289961
    outer loop
      vertex 2.24953 -1.84614 0.72894
      vertex 1.99732 -1.99732 1.01067
      vertex 2.05775 -2.05775 0.72894
    endloop
  endfacet
  facet normal 0.297215 -0.830578 0.470961
    outer loop
      vertex 0.984715 -2.37731 1.54231
      vertex 0.746956 -2.46239 1.54231
      vertex 1.03782 -2.50553 1.28267
    endloop
  endfacet
  facet normal 0.297197 -0.830594 0.470943
    outer loop
      vertex 1.03782 -2.50553 1.28267
      vertex 0.746956 -2.46239 1.54231
      vertex 0.787242 -2.59519 1.28267
    endloop
  endfacet
  facet normal 0.419371 -0.886652 0.194876
    outer loop
      vertex 1.37181 -2.56647 0.72894
      vertex 1.11364 -2.68858 0.72894
      vertex 1.39888 -2.61713 0.440191
    endloop
  endfacet
  facet normal 0.504251 -0.841282 0.194873
    outer loop
      vertex 1.64867 -2.46741 0.440191
      vertex 1.37181 -2.56647 0.72894
      vertex 1.39888 -2.61713 0.440191
    endloop
  endfacet
  facet normal 0.663343 -0.397607 0.633944
    outer loop
      vertex 2.1251 -1.13589 1.7871
      vertex 1.84823 -1.23495 2.01468
      vertex 2.00353 -1.33871 1.7871
    endloop
  endfacet
  facet normal 0.621184 -0.460704 0.633942
    outer loop
      vertex 2.00353 -1.33871 1.7871
      vertex 1.84823 -1.23495 2.01468
      vertex 1.86266 -1.52865 1.7871
    endloop
  endfacet
  facet normal 0.378915 -0.0561695 0.923725
    outer loop
      vertex 1.17694 -0.234108 2.74621
      vertex 1.25802 -0.250236 2.71197
      vertex 1.18136 -0.204291 2.74621
    endloop
  endfacet
  facet normal 0.457704 -0.114669 0.881679
    outer loop
      vertex 1.25802 -0.250236 2.71197
      vertex 1.22743 -0.372337 2.71197
      vertex 1.4759 -0.447708 2.57318
    endloop
  endfacet
  facet normal 0.412009 -0.373392 0.83116
    outer loop
      vertex 1.38144 -1.13372 2.40962
      vertex 1.19222 -0.97843 2.57318
      vertex 1.26367 -1.26367 2.40962
    endloop
  endfacet
  facet normal 0.446616 -0.331224 0.831159
    outer loop
      vertex 1.28238 -0.85686 2.57318
      vertex 1.19222 -0.97843 2.57318
      vertex 1.38144 -1.13372 2.40962
    endloop
  endfacet
  facet normal 0.768705 -0.570111 0.289942
    outer loop
      vertex 2.3486 -1.56928 1.01067
      vertex 2.24953 -1.84614 0.72894
      vertex 2.41965 -1.61676 0.72894
    endloop
  endfacet
  facet normal 0.835317 -0.39509 0.382296
    outer loop
      vertex 2.50553 -1.03782 1.28267
      vertex 2.4911 -1.33152 1.01067
      vertex 2.60962 -1.08094 1.01067
    endloop
  endfacet
  facet normal -0.59284 0.799349 0.0978863
    outer loop
      vertex -1.6647 2.4914 0.147202
      vertex -1.88258 2.29393 0.440191
      vertex -1.64867 2.46741 0.440191
    endloop
  endfacet
  facet normal -0.592814 0.799365 0.0979158
    outer loop
      vertex -1.6647 2.4914 0.147202
      vertex -1.90089 2.31624 0.147202
      vertex -1.88258 2.29393 0.440191
    endloop
  endfacet
  facet normal -0.241817 0.965371 0.0978917
    outer loop
      vertex -0.584565 2.93881 0.147202
      vertex -0.869804 2.86736 0.147202
      vertex -0.578936 2.91051 0.440191
    endloop
  endfacet
  facet normal -0.018807 0.382587 0.923728
    outer loop
      vertex 0 1.28267 2.71197
      vertex -0.0301073 1.19852 2.74621
      vertex 0 1.2 2.74621
    endloop
  endfacet
  facet normal -0.187322 0.523532 0.831159
    outer loop
      vertex -0.447708 1.4759 2.57318
      vertex -0.683892 1.65106 2.40962
      vertex -0.590216 1.42491 2.57318
    endloop
  endfacet
  facet normal -0.114669 0.457704 0.881679
    outer loop
      vertex -0.250236 1.25802 2.71197
      vertex -0.447708 1.4759 2.57318
      vertex -0.372337 1.22743 2.71197
    endloop
  endfacet
  facet normal -0.699115 0.330676 0.633949
    outer loop
      vertex -1.96038 1.04784 2.01468
      vertex -2.1251 1.13589 1.7871
      vertex -2.05365 0.850649 2.01468
    endloop
  endfacet
  facet normal -0.573898 0.271425 0.772638
    outer loop
      vertex -1.77679 0.949712 2.22285
      vertex -1.86132 0.770983 2.22285
      vertex -1.57608 0.842432 2.40962
    endloop
  endfacet
  facet normal -0.616304 0.558582 0.555118
    outer loop
      vertex -1.81952 1.81952 1.54231
      vertex -1.86266 1.52865 1.7871
      vertex -1.70386 1.70386 1.7871
    endloop
  endfacet
  facet normal -0.27142 0.573898 0.77264
    outer loop
      vertex -0.770983 1.86132 2.22285
      vertex -0.842432 1.57608 2.40962
      vertex -0.683892 1.65106 2.40962
    endloop
  endfacet
  facet normal -0.373392 0.412009 0.83116
    outer loop
      vertex -1.13372 1.38144 2.40962
      vertex -1.26367 1.26367 2.40962
      vertex -0.97843 1.19222 2.57318
    endloop
  endfacet
  facet normal -0.373394 0.412005 0.831161
    outer loop
      vertex -0.97843 1.19222 2.57318
      vertex -1.26367 1.26367 2.40962
      vertex -1.09058 1.09058 2.57318
    endloop
  endfacet
  facet normal 0.666163 0.238368 0.706688
    outer loop
      vertex 2.12714 0.64526 2.01468
      vertex 1.86132 0.770983 2.22285
      vertex 1.92793 0.584829 2.22285
    endloop
  endfacet
  facet normal 0.597737 0.213883 0.772635
    outer loop
      vertex 1.86132 0.770983 2.22285
      vertex 1.71015 0.518766 2.40962
      vertex 1.92793 0.584829 2.22285
    endloop
  endfacet
  facet normal 0.573898 0.271425 0.772638
    outer loop
      vertex 1.77679 0.949712 2.22285
      vertex 1.57608 0.842432 2.40962
      vertex 1.86132 0.770983 2.22285
    endloop
  endfacet
  facet normal 0.639607 0.302502 0.706679
    outer loop
      vertex 1.96038 1.04784 2.01468
      vertex 1.77679 0.949712 2.22285
      vertex 1.86132 0.770983 2.22285
    endloop
  endfacet
  facet normal 0.621199 0.460696 0.633933
    outer loop
      vertex 1.86266 1.52865 1.7871
      vertex 1.71829 1.41016 2.01468
      vertex 1.84823 1.23495 2.01468
    endloop
  endfacet
  facet normal 0.621184 0.460704 0.633942
    outer loop
      vertex 1.86266 1.52865 1.7871
      vertex 1.84823 1.23495 2.01468
      vertex 2.00353 1.33871 1.7871
    endloop
  endfacet
  facet normal -0.260552 0.728187 0.633921
    outer loop
      vertex -0.699476 2.30586 1.7871
      vertex -0.850649 2.05365 2.01468
      vertex -0.64526 2.12714 2.01468
    endloop
  endfacet
  facet normal -0.202083 0.806858 0.555106
    outer loop
      vertex -0.502003 2.52374 1.54231
      vertex -0.746956 2.46239 1.54231
      vertex -0.470094 2.36332 1.7871
    endloop
  endfacet
  facet normal 0.237725 0.502654 0.831159
    outer loop
      vertex 0.683892 1.65106 2.40962
      vertex 0.590216 1.42491 2.57318
      vertex 0.842432 1.57608 2.40962
    endloop
  endfacet
  facet normal 0.213883 0.597737 0.772635
    outer loop
      vertex 0.584829 1.92793 2.22285
      vertex 0.518766 1.71015 2.40962
      vertex 0.770983 1.86132 2.22285
    endloop
  endfacet
  facet normal 0.330654 0.699142 0.63393
    outer loop
      vertex 0.922122 2.2262 1.7871
      vertex 0.850649 2.05365 2.01468
      vertex 1.13589 2.1251 1.7871
    endloop
  endfacet
  facet normal 0.355619 0.751929 0.555101
    outer loop
      vertex 0.984715 2.37731 1.54231
      vertex 0.922122 2.2262 1.7871
      vertex 1.13589 2.1251 1.7871
    endloop
  endfacet
  facet normal 0.187905 0.750213 0.633934
    outer loop
      vertex 0.470094 2.36332 1.7871
      vertex 0.433657 2.18014 2.01468
      vertex 0.64526 2.12714 2.01468
    endloop
  endfacet
  facet normal 0.171903 0.686325 0.706687
    outer loop
      vertex 0.64526 2.12714 2.01468
      vertex 0.433657 2.18014 2.01468
      vertex 0.584829 1.92793 2.22285
    endloop
  endfacet
  facet normal -0.302502 0.639607 0.706679
    outer loop
      vertex -0.770983 1.86132 2.22285
      vertex -1.04784 1.96038 2.01468
      vertex -0.949712 1.77679 2.22285
    endloop
  endfacet
  facet normal -0.135094 0.539364 0.831166
    outer loop
      vertex -0.348645 1.75276 2.40962
      vertex -0.518766 1.71015 2.40962
      vertex -0.447708 1.4759 2.57318
    endloop
  endfacet
  facet normal 0.0231637 0.471295 0.881671
    outer loop
      vertex 0 1.54231 2.57318
      vertex 0 1.28267 2.71197
      vertex 0.151173 1.53488 2.57318
    endloop
  endfacet
  facet normal 0.0815762 0.55001 0.831164
    outer loop
      vertex 0.175166 1.77849 2.40962
      vertex 0.151173 1.53488 2.57318
      vertex 0.348645 1.75276 2.40962
    endloop
  endfacet
  facet normal -0.0379354 0.772454 0.633936
    outer loop
      vertex 0 2.40962 1.7871
      vertex -0.217877 2.21215 2.01468
      vertex 0 2.22285 2.01468
    endloop
  endfacet
  facet normal -0.0347053 0.706681 0.706681
    outer loop
      vertex 0 2.22285 2.01468
      vertex -0.217877 2.21215 2.01468
      vertex 0 2.01468 2.22285
    endloop
  endfacet
  facet normal 0.0432887 0.881083 0.470976
    outer loop
      vertex 0.265819 2.69891 1.28267
      vertex 0 2.71197 1.28267
      vertex 0.252215 2.56079 1.54231
    endloop
  endfacet
  facet normal 0.129429 0.872599 0.470976
    outer loop
      vertex 0.265819 2.69891 1.28267
      vertex 0.252215 2.56079 1.54231
      vertex 0.502003 2.52374 1.54231
    endloop
  endfacet
  facet normal 0.237752 0.502622 0.831171
    outer loop
      vertex 0.842432 1.57608 2.40962
      vertex 0.590216 1.42491 2.57318
      vertex 0.727038 1.36019 2.57318
    endloop
  endfacet
  facet normal 0.187322 0.523532 0.831159
    outer loop
      vertex 0.683892 1.65106 2.40962
      vertex 0.447708 1.4759 2.57318
      vertex 0.590216 1.42491 2.57318
    endloop
  endfacet
  facet normal 0.158941 0.444274 0.881679
    outer loop
      vertex 0.447708 1.4759 2.57318
      vertex 0.372337 1.22743 2.71197
      vertex 0.490854 1.18503 2.71197
    endloop
  endfacet
  facet normal 0.114669 0.457704 0.881679
    outer loop
      vertex 0.447708 1.4759 2.57318
      vertex 0.250236 1.25802 2.71197
      vertex 0.372337 1.22743 2.71197
    endloop
  endfacet
  facet normal -0.163791 0.346261 0.923729
    outer loop
      vertex -0.538426 1.07119 2.74621
      vertex -0.604644 1.13121 2.71197
      vertex -0.565676 1.0583 2.74621
    endloop
  endfacet
  facet normal -0.0930953 0.371593 0.923716
    outer loop
      vertex -0.372337 1.22743 2.71197
      vertex -0.263349 1.16962 2.74621
      vertex -0.250236 1.25802 2.71197
    endloop
  endfacet
  facet normal -0.0930856 0.371608 0.923711
    outer loop
      vertex -0.263349 1.16962 2.74621
      vertex -0.372337 1.22743 2.71197
      vertex -0.348341 1.14833 2.74621
    endloop
  endfacet
  facet normal -0.0562213 0.378908 0.923725
    outer loop
      vertex -0.125723 1.27649 2.71197
      vertex -0.204291 1.18136 2.74621
      vertex -0.11762 1.19422 2.74621
    endloop
  endfacet
  facet normal -0.0562047 0.378897 0.923731
    outer loop
      vertex -0.204291 1.18136 2.74621
      vertex -0.125723 1.27649 2.71197
      vertex -0.250236 1.25802 2.71197
    endloop
  endfacet
  facet normal -0.0311669 0.634074 0.772644
    outer loop
      vertex 0 1.7871 2.40962
      vertex -0.197473 2.00498 2.22285
      vertex -0.175166 1.77849 2.40962
    endloop
  endfacet
  facet normal -0.0815762 0.55001 0.831164
    outer loop
      vertex -0.175166 1.77849 2.40962
      vertex -0.348645 1.75276 2.40962
      vertex -0.151173 1.53488 2.57318
    endloop
  endfacet
  facet normal 0.0815912 0.55 0.831169
    outer loop
      vertex 0.348645 1.75276 2.40962
      vertex 0.151173 1.53488 2.57318
      vertex 0.300889 1.51267 2.57318
    endloop
  endfacet
  facet normal 0.0692423 0.466757 0.881671
    outer loop
      vertex 0.300889 1.51267 2.57318
      vertex 0.151173 1.53488 2.57318
      vertex 0.250236 1.25802 2.71197
    endloop
  endfacet
  facet normal 0.0931391 0.62797 0.772644
    outer loop
      vertex 0.197473 2.00498 2.22285
      vertex 0.175166 1.77849 2.40962
      vertex 0.348645 1.75276 2.40962
    endloop
  endfacet
  facet normal -0.0272976 0.555356 0.831164
    outer loop
      vertex 0 1.7871 2.40962
      vertex -0.175166 1.77849 2.40962
      vertex -0.151173 1.53488 2.57318
    endloop
  endfacet
  facet normal 0.0562047 0.378897 0.923731
    outer loop
      vertex 0.125723 1.27649 2.71197
      vertex 0.204291 1.18136 2.74621
      vertex 0.250236 1.25802 2.71197
    endloop
  endfacet
  facet normal 0.0562213 0.378908 0.923725
    outer loop
      vertex 0.125723 1.27649 2.71197
      vertex 0.11762 1.19422 2.74621
      vertex 0.204291 1.18136 2.74621
    endloop
  endfacet
  facet normal -0.0231637 0.471295 0.881671
    outer loop
      vertex 0 1.54231 2.57318
      vertex -0.151173 1.53488 2.57318
      vertex 0 1.28267 2.71197
    endloop
  endfacet
  facet normal 0.0930203 0.371586 0.923727
    outer loop
      vertex 0.250236 1.25802 2.71197
      vertex 0.234108 1.17694 2.74621
      vertex 0.263349 1.16962 2.74621
    endloop
  endfacet
  facet normal -0.37821 0.50991 0.772625
    outer loop
      vertex -1.11929 1.67514 2.22285
      vertex -1.13372 1.38144 2.40962
      vertex -0.992858 1.48592 2.40962
    endloop
  endfacet
  facet normal -0.154246 0.615828 0.772635
    outer loop
      vertex -0.348645 1.75276 2.40962
      vertex -0.584829 1.92793 2.22285
      vertex -0.518766 1.71015 2.40962
    endloop
  endfacet
  facet normal -0.242582 0.404736 0.88167
    outer loop
      vertex -0.727038 1.36019 2.57318
      vertex -0.85686 1.28238 2.57318
      vertex -0.71261 1.0665 2.71197
    endloop
  endfacet
  facet normal -0.242581 0.404737 0.88167
    outer loop
      vertex -0.604644 1.13121 2.71197
      vertex -0.727038 1.36019 2.57318
      vertex -0.71261 1.0665 2.71197
    endloop
  endfacet
  facet normal 0.457728 0.114635 0.881671
    outer loop
      vertex 1.4759 0.447708 2.57318
      vertex 1.25802 0.250236 2.71197
      vertex 1.51267 0.300889 2.57318
    endloop
  endfacet
  facet normal 0.466757 0.0692423 0.881671
    outer loop
      vertex 1.51267 0.300889 2.57318
      vertex 1.25802 0.250236 2.71197
      vertex 1.53488 0.151173 2.57318
    endloop
  endfacet
  facet normal -0.379001 0.281098 0.88167
    outer loop
      vertex -0.991513 0.813714 2.71197
      vertex -1.28238 0.85686 2.57318
      vertex -1.0665 0.71261 2.71197
    endloop
  endfacet
  facet normal -0.346261 0.163791 0.923729
    outer loop
      vertex -1.0583 0.565676 2.74621
      vertex -1.13121 0.604644 2.71197
      vertex -1.07119 0.538426 2.74621
    endloop
  endfacet
  facet normal -0.257253 0.283836 0.92372
    outer loop
      vertex -0.906981 0.906981 2.71197
      vertex -0.783607 0.907369 2.74621
      vertex -0.813714 0.991513 2.71197
    endloop
  endfacet
  facet normal -0.257253 0.283835 0.92372
    outer loop
      vertex -0.783607 0.907369 2.74621
      vertex -0.906981 0.906981 2.71197
      vertex -0.848528 0.848528 2.74621
    endloop
  endfacet
  facet normal -0.316876 0.34962 0.881678
    outer loop
      vertex -0.813714 0.991513 2.71197
      vertex -1.09058 1.09058 2.57318
      vertex -0.906981 0.906981 2.71197
    endloop
  endfacet
  facet normal -0.349635 0.316869 0.881674
    outer loop
      vertex -1.09058 1.09058 2.57318
      vertex -1.19222 0.97843 2.57318
      vertex -0.991513 0.813714 2.71197
    endloop
  endfacet
  facet normal -0.446585 0.331241 0.831169
    outer loop
      vertex -1.38144 1.13372 2.40962
      vertex -1.48592 0.992858 2.40962
      vertex -1.28238 0.85686 2.57318
    endloop
  endfacet
  facet normal -0.378915 0.0561695 0.923725
    outer loop
      vertex -1.17694 0.234108 2.74621
      vertex -1.25802 0.250236 2.71197
      vertex -1.18136 0.204291 2.74621
    endloop
  endfacet
  facet normal -0.371586 0.0930203 0.923727
    outer loop
      vertex -1.16962 0.263349 2.74621
      vertex -1.25802 0.250236 2.71197
      vertex -1.17694 0.234108 2.74621
    endloop
  endfacet
  facet normal -0.502622 0.237752 0.831171
    outer loop
      vertex -1.36019 0.727038 2.57318
      vertex -1.57608 0.842432 2.40962
      vertex -1.42491 0.590216 2.57318
    endloop
  endfacet
  facet normal -0.502654 0.237725 0.831159
    outer loop
      vertex -1.57608 0.842432 2.40962
      vertex -1.65106 0.683892 2.40962
      vertex -1.42491 0.590216 2.57318
    endloop
  endfacet
  facet normal -0.55001 0.0815762 0.831164
    outer loop
      vertex -1.75276 0.348645 2.40962
      vertex -1.77849 0.175166 2.40962
      vertex -1.53488 0.151173 2.57318
    endloop
  endfacet
  facet normal -0.55 0.0815912 0.831169
    outer loop
      vertex -1.51267 0.300889 2.57318
      vertex -1.75276 0.348645 2.40962
      vertex -1.53488 0.151173 2.57318
    endloop
  endfacet
  facet normal -0.544514 0.326398 0.772637
    outer loop
      vertex -1.67514 1.11929 2.22285
      vertex -1.77679 0.949712 2.22285
      vertex -1.57608 0.842432 2.40962
    endloop
  endfacet
  facet normal -0.606859 0.363769 0.706678
    outer loop
      vertex -1.67514 1.11929 2.22285
      vertex -1.96038 1.04784 2.01468
      vertex -1.77679 0.949712 2.22285
    endloop
  endfacet
  facet normal -0.663343 0.397607 0.633944
    outer loop
      vertex -2.00353 1.33871 1.7871
      vertex -2.1251 1.13589 1.7871
      vertex -1.84823 1.23495 2.01468
    endloop
  endfacet
  facet normal -0.668088 0.495491 0.555109
    outer loop
      vertex -1.9891 1.63241 1.54231
      vertex -2.13953 1.42958 1.54231
      vertex -1.86266 1.52865 1.7871
    endloop
  endfacet
  facet normal -0.699142 0.330654 0.63393
    outer loop
      vertex -2.1251 1.13589 1.7871
      vertex -2.2262 0.922122 1.7871
      vertex -2.05365 0.850649 2.01468
    endloop
  endfacet
  facet normal -0.713432 0.42763 0.55511
    outer loop
      vertex -2.00353 1.33871 1.7871
      vertex -2.13953 1.42958 1.54231
      vertex -2.1251 1.13589 1.7871
    endloop
  endfacet
  facet normal -0.5255 0.70855 0.470963
    outer loop
      vertex -1.50669 2.25492 1.28267
      vertex -1.63241 1.9891 1.54231
      vertex -1.42958 2.13953 1.54231
    endloop
  endfacet
  facet normal -0.460696 0.621199 0.633933
    outer loop
      vertex -1.23495 1.84823 2.01468
      vertex -1.52865 1.86266 1.7871
      vertex -1.41016 1.71829 2.01468
    endloop
  endfacet
  facet normal -0.570111 0.768705 0.289942
    outer loop
      vertex -1.61676 2.41965 0.72894
      vertex -1.84614 2.24953 0.72894
      vertex -1.56928 2.3486 1.01067
    endloop
  endfacet
  facet normal -0.570113 0.768702 0.289945
    outer loop
      vertex -1.56928 2.3486 1.01067
      vertex -1.84614 2.24953 0.72894
      vertex -1.79193 2.18347 1.01067
    endloop
  endfacet
  facet normal -0.311308 0.87003 0.382277
    outer loop
      vertex -0.819947 2.703 1.01067
      vertex -1.03782 2.50553 1.28267
      vertex -0.787242 2.59519 1.28267
    endloop
  endfacet
  facet normal -0.311286 0.87003 0.382294
    outer loop
      vertex -0.819947 2.703 1.01067
      vertex -1.08094 2.60962 1.01067
      vertex -1.03782 2.50553 1.28267
    endloop
  endfacet
  facet normal -0.0432829 0.881081 0.47098
    outer loop
      vertex 0 2.71197 1.28267
      vertex -0.252215 2.56079 1.54231
      vertex 0 2.57318 1.54231
    endloop
  endfacet
  facet normal 0.0408035 0.830787 0.555093
    outer loop
      vertex 0.252215 2.56079 1.54231
      vertex 0 2.40962 1.7871
      vertex 0.236184 2.39802 1.7871
    endloop
  endfacet
  facet normal -0.224536 0.896353 0.382277
    outer loop
      vertex -0.529078 2.65986 1.28267
      vertex -0.819947 2.703 1.01067
      vertex -0.787242 2.59519 1.28267
    endloop
  endfacet
  facet normal -0.214358 0.855724 0.470943
    outer loop
      vertex -0.529078 2.65986 1.28267
      vertex -0.787242 2.59519 1.28267
      vertex -0.746956 2.46239 1.54231
    endloop
  endfacet
  facet normal -0.750218 -0.187929 0.633921
    outer loop
      vertex -2.12714 -0.64526 2.01468
      vertex -2.36332 -0.470094 1.7871
      vertex -2.30586 -0.699476 1.7871
    endloop
  endfacet
  facet normal -0.751929 -0.355619 0.555101
    outer loop
      vertex -2.2262 -0.922122 1.7871
      vertex -2.37731 -0.984715 1.54231
      vertex -2.1251 -1.13589 1.7871
    endloop
  endfacet
  facet normal -0.806858 -0.202083 0.555106
    outer loop
      vertex -2.36332 -0.470094 1.7871
      vertex -2.52374 -0.502003 1.54231
      vertex -2.46239 -0.746956 1.54231
    endloop
  endfacet
  facet normal -0.896353 -0.224536 0.382277
    outer loop
      vertex -2.65986 -0.529078 1.28267
      vertex -2.703 -0.819947 1.01067
      vertex -2.59519 -0.787242 1.28267
    endloop
  endfacet
  facet normal -0.742191 -0.550463 0.382287
    outer loop
      vertex -2.25492 -1.50669 1.28267
      vertex -2.3486 -1.56928 1.01067
      vertex -2.09638 -1.72045 1.28267
    endloop
  endfacet
  facet normal -0.742194 -0.550454 0.382294
    outer loop
      vertex -2.09638 -1.72045 1.28267
      vertex -2.3486 -1.56928 1.01067
      vertex -2.18347 -1.79193 1.01067
    endloop
  endfacet
  facet normal 0.171903 -0.686325 0.706687
    outer loop
      vertex 0.584829 -1.92793 2.22285
      vertex 0.433657 -2.18014 2.01468
      vertex 0.64526 -2.12714 2.01468
    endloop
  endfacet
  facet normal 0.260536 -0.728186 0.63393
    outer loop
      vertex 0.850649 -2.05365 2.01468
      vertex 0.699476 -2.30586 1.7871
      vertex 0.922122 -2.2262 1.7871
    endloop
  endfacet
  facet normal 0.311286 -0.87003 0.382294
    outer loop
      vertex 1.03782 -2.50553 1.28267
      vertex 0.819947 -2.703 1.01067
      vertex 1.08094 -2.60962 1.01067
    endloop
  endfacet
  facet normal 0.311308 -0.87003 0.382277
    outer loop
      vertex 1.03782 -2.50553 1.28267
      vertex 0.787242 -2.59519 1.28267
      vertex 0.819947 -2.703 1.01067
    endloop
  endfacet
  facet normal 0.0488339 -0.993997 0.097907
    outer loop
      vertex 0.290868 -2.95324 0.440191
      vertex 0 -2.96753 0.440191
      vertex 0.293696 -2.98196 0.147202
    endloop
  endfacet
  facet normal 0.0481288 -0.979646 0.194878
    outer loop
      vertex 0 -2.91009 0.72894
      vertex 0 -2.96753 0.440191
      vertex 0.290868 -2.95324 0.440191
    endloop
  endfacet
  facet normal 0.0408035 -0.830787 0.555093
    outer loop
      vertex 0.236184 -2.39802 1.7871
      vertex 0 -2.40962 1.7871
      vertex 0.252215 -2.56079 1.54231
    endloop
  endfacet
  facet normal 0.0347124 -0.706677 0.706684
    outer loop
      vertex 0.197473 -2.00498 2.22285
      vertex 0 -2.01468 2.22285
      vertex 0.217877 -2.21215 2.01468
    endloop
  endfacet
  facet normal -0.122039 -0.822778 0.555105
    outer loop
      vertex -0.470094 -2.36332 1.7871
      vertex -0.502003 -2.52374 1.54231
      vertex -0.252215 -2.56079 1.54231
    endloop
  endfacet
  facet normal -0.39509 -0.835317 0.382296
    outer loop
      vertex -1.03782 -2.50553 1.28267
      vertex -1.33152 -2.4911 1.01067
      vertex -1.08094 -2.60962 1.01067
    endloop
  endfacet
  facet normal -0.595676 -0.803225 0
    outer loop
      vertex -1.90089 -2.31624 0
      vertex -1.6647 -2.4914 0.147202
      vertex -1.90089 -2.31624 0.147202
    endloop
  endfacet
  facet normal -0.595676 -0.803225 -0
    outer loop
      vertex -1.6647 -2.4914 0.147202
      vertex -1.90089 -2.31624 0
      vertex -1.6647 -2.4914 0
    endloop
  endfacet
  facet normal -0.202083 -0.806858 0.555106
    outer loop
      vertex -0.470094 -2.36332 1.7871
      vertex -0.746956 -2.46239 1.54231
      vertex -0.502003 -2.52374 1.54231
    endloop
  endfacet
  facet normal -0.202111 -0.806835 0.555129
    outer loop
      vertex -0.699476 -2.30586 1.7871
      vertex -0.746956 -2.46239 1.54231
      vertex -0.470094 -2.36332 1.7871
    endloop
  endfacet
  facet normal -0.238368 -0.666163 0.706688
    outer loop
      vertex -0.584829 -1.92793 2.22285
      vertex -0.770983 -1.86132 2.22285
      vertex -0.64526 -2.12714 2.01468
    endloop
  endfacet
  facet normal -0.187339 -0.523515 0.831165
    outer loop
      vertex -0.447708 -1.4759 2.57318
      vertex -0.683892 -1.65106 2.40962
      vertex -0.518766 -1.71015 2.40962
    endloop
  endfacet
  facet normal -0.495491 -0.668088 0.555109
    outer loop
      vertex -1.52865 -1.86266 1.7871
      vertex -1.63241 -1.9891 1.54231
      vertex -1.42958 -2.13953 1.54231
    endloop
  endfacet
  facet normal -0.397595 -0.663344 0.63395
    outer loop
      vertex -1.04784 -1.96038 2.01468
      vertex -1.23495 -1.84823 2.01468
      vertex -1.13589 -2.1251 1.7871
    endloop
  endfacet
  facet normal 0.113487 -0.765016 0.633934
    outer loop
      vertex 0.433657 -2.18014 2.01468
      vertex 0.217877 -2.21215 2.01468
      vertex 0.470094 -2.36332 1.7871
    endloop
  endfacet
  facet normal 0.103848 -0.699852 0.706698
    outer loop
      vertex 0.393044 -1.97596 2.22285
      vertex 0.197473 -2.00498 2.22285
      vertex 0.433657 -2.18014 2.01468
    endloop
  endfacet
  facet normal -0.620539 -0.684676 0.382296
    outer loop
      vertex -1.72045 -2.09638 1.28267
      vertex -1.99732 -1.99732 1.01067
      vertex -1.79193 -2.18347 1.01067
    endloop
  endfacet
  facet normal -0.550454 -0.742194 0.382294
    outer loop
      vertex -1.72045 -2.09638 1.28267
      vertex -1.79193 -2.18347 1.01067
      vertex -1.56928 -2.3486 1.01067
    endloop
  endfacet
  facet normal -0.621184 -0.460704 0.633942
    outer loop
      vertex -1.84823 -1.23495 2.01468
      vertex -2.00353 -1.33871 1.7871
      vertex -1.86266 -1.52865 1.7871
    endloop
  endfacet
  facet normal -0.663343 -0.397607 0.633944
    outer loop
      vertex -1.84823 -1.23495 2.01468
      vertex -2.1251 -1.13589 1.7871
      vertex -2.00353 -1.33871 1.7871
    endloop
  endfacet
  facet normal -0.475162 -0.524235 0.706681
    outer loop
      vertex -1.2781 -1.55737 2.22285
      vertex -1.57179 -1.57179 2.01468
      vertex -1.41016 -1.71829 2.01468
    endloop
  endfacet
  facet normal -0.475165 -0.524228 0.706685
    outer loop
      vertex -1.42459 -1.42459 2.22285
      vertex -1.57179 -1.57179 2.01468
      vertex -1.2781 -1.55737 2.22285
    endloop
  endfacet
  facet normal -0.158964 -0.444275 0.881675
    outer loop
      vertex -0.490854 -1.18503 2.71197
      vertex -0.590216 -1.42491 2.57318
      vertex -0.447708 -1.4759 2.57318
    endloop
  endfacet
  facet normal -0.187322 -0.523532 0.831159
    outer loop
      vertex -0.590216 -1.42491 2.57318
      vertex -0.683892 -1.65106 2.40962
      vertex -0.447708 -1.4759 2.57318
    endloop
  endfacet
  facet normal 0.257253 -0.283835 0.92372
    outer loop
      vertex 0.783607 -0.907369 2.74621
      vertex 0.906981 -0.906981 2.71197
      vertex 0.848528 -0.848528 2.74621
    endloop
  endfacet
  facet normal 0.257253 -0.283836 0.92372
    outer loop
      vertex 0.906981 -0.906981 2.71197
      vertex 0.783607 -0.907369 2.74621
      vertex 0.813714 -0.991513 2.71197
    endloop
  endfacet
  facet normal 0.316869 -0.349635 0.881674
    outer loop
      vertex 1.09058 -1.09058 2.57318
      vertex 0.813714 -0.991513 2.71197
      vertex 0.97843 -1.19222 2.57318
    endloop
  endfacet
  facet normal 0.360693 -0.129067 0.923711
    outer loop
      vertex 1.11881 -0.430838 2.74621
      vertex 1.22743 -0.372337 2.71197
      vertex 1.14833 -0.348341 2.74621
    endloop
  endfacet
  facet normal 0.360678 -0.129034 0.923722
    outer loop
      vertex 1.22743 -0.372337 2.71197
      vertex 1.11881 -0.430838 2.74621
      vertex 1.18503 -0.490854 2.71197
    endloop
  endfacet
  facet normal -0.0272976 -0.555356 0.831164
    outer loop
      vertex -0.151173 -1.53488 2.57318
      vertex -0.175166 -1.77849 2.40962
      vertex 0 -1.7871 2.40962
    endloop
  endfacet
  facet normal -0.213895 -0.597725 0.77264
    outer loop
      vertex -0.683892 -1.65106 2.40962
      vertex -0.770983 -1.86132 2.22285
      vertex -0.518766 -1.71015 2.40962
    endloop
  endfacet
  facet normal -0.0931841 -0.627985 0.772627
    outer loop
      vertex -0.348645 -1.75276 2.40962
      vertex -0.393044 -1.97596 2.22285
      vertex -0.197473 -2.00498 2.22285
    endloop
  endfacet
  facet normal -0.0231637 -0.471295 0.881671
    outer loop
      vertex 0 -1.28267 2.71197
      vertex -0.151173 -1.53488 2.57318
      vertex 0 -1.54231 2.57318
    endloop
  endfacet
  facet normal 0.0692376 -0.466756 0.881672
    outer loop
      vertex 0.250236 -1.25802 2.71197
      vertex 0.125723 -1.27649 2.71197
      vertex 0.151173 -1.53488 2.57318
    endloop
  endfacet
  facet normal -0.018807 -0.382587 0.923728
    outer loop
      vertex 0 -1.2 2.74621
      vertex -0.0301073 -1.19852 2.74621
      vertex 0 -1.28267 2.71197
    endloop
  endfacet
  facet normal 0.285844 -0.476916 0.83117
    outer loop
      vertex 0.85686 -1.28238 2.57318
      vertex 0.727038 -1.36019 2.57318
      vertex 0.842432 -1.57608 2.40962
    endloop
  endfacet
  facet normal 0.242581 -0.404737 0.88167
    outer loop
      vertex 0.71261 -1.0665 2.71197
      vertex 0.604644 -1.13121 2.71197
      vertex 0.727038 -1.36019 2.57318
    endloop
  endfacet
  facet normal 0.0815912 -0.55 0.831169
    outer loop
      vertex 0.300889 -1.51267 2.57318
      vertex 0.151173 -1.53488 2.57318
      vertex 0.348645 -1.75276 2.40962
    endloop
  endfacet
  facet normal 0.13508 -0.539361 0.83117
    outer loop
      vertex 0.447708 -1.4759 2.57318
      vertex 0.300889 -1.51267 2.57318
      vertex 0.348645 -1.75276 2.40962
    endloop
  endfacet
  facet normal -0.4723 0 0.881438
    outer loop
      vertex -0.927612 -0.761271 2.74621
      vertex -0.991513 -0.813714 2.71197
      vertex -0.927612 -0.761272 2.74621
    endloop
  endfacet
  facet normal -0.307675 -0.228199 0.923721
    outer loop
      vertex -0.991513 -0.813714 2.71197
      vertex -0.927612 -0.761271 2.74621
      vertex -0.945569 -0.73706 2.74621
    endloop
  endfacet
  facet normal 0.242582 -0.404736 0.88167
    outer loop
      vertex 0.85686 -1.28238 2.57318
      vertex 0.71261 -1.0665 2.71197
      vertex 0.727038 -1.36019 2.57318
    endloop
  endfacet
  facet normal 0.196926 -0.328564 0.923724
    outer loop
      vertex 0.640829 -1.01326 2.74621
      vertex 0.604644 -1.13121 2.71197
      vertex 0.71261 -1.0665 2.71197
    endloop
  endfacet
  facet normal 0.19691 -0.32856 0.923729
    outer loop
      vertex 0.565676 -1.0583 2.74621
      vertex 0.604644 -1.13121 2.71197
      vertex 0.640829 -1.01326 2.74621
    endloop
  endfacet
  facet normal 0.621199 -0.460696 0.633933
    outer loop
      vertex 1.84823 -1.23495 2.01468
      vertex 1.71829 -1.41016 2.01468
      vertex 1.86266 -1.52865 1.7871
    endloop
  endfacet
  facet normal 0.568315 -0.42145 0.706681
    outer loop
      vertex 1.67514 -1.11929 2.22285
      vertex 1.55737 -1.2781 2.22285
      vertex 1.71829 -1.41016 2.01468
    endloop
  endfacet
  facet normal 0.257251 -0.283836 0.92372
    outer loop
      vertex 0.783607 -0.907369 2.74621
      vertex 0.761272 -0.927612 2.74621
      vertex 0.813714 -0.991513 2.71197
    endloop
  endfacet
  facet normal 0 -0.4723 0.881438
    outer loop
      vertex 0.761271 -0.927612 2.74621
      vertex 0.813714 -0.991513 2.71197
      vertex 0.761272 -0.927612 2.74621
    endloop
  endfacet
  facet normal 0.228199 -0.307675 0.923721
    outer loop
      vertex 0.813714 -0.991513 2.71197
      vertex 0.761271 -0.927612 2.74621
      vertex 0.73706 -0.945569 2.74621
    endloop
  endfacet
  facet normal 0.397595 -0.663344 0.63395
    outer loop
      vertex 1.23495 -1.84823 2.01468
      vertex 1.04784 -1.96038 2.01468
      vertex 1.13589 -2.1251 1.7871
    endloop
  endfacet
  facet normal 0.495491 -0.668088 0.555109
    outer loop
      vertex 1.52865 -1.86266 1.7871
      vertex 1.42958 -2.13953 1.54231
      vertex 1.63241 -1.9891 1.54231
    endloop
  endfacet
  facet normal 0.558576 -0.616318 0.555109
    outer loop
      vertex 1.81952 -1.81952 1.54231
      vertex 1.52865 -1.86266 1.7871
      vertex 1.63241 -1.9891 1.54231
    endloop
  endfacet
  facet normal 0.558582 -0.616304 0.555118
    outer loop
      vertex 1.70386 -1.70386 1.7871
      vertex 1.52865 -1.86266 1.7871
      vertex 1.81952 -1.81952 1.54231
    endloop
  endfacet
  facet normal 0.568294 -0.42146 0.706692
    outer loop
      vertex 1.84823 -1.23495 2.01468
      vertex 1.67514 -1.11929 2.22285
      vertex 1.71829 -1.41016 2.01468
    endloop
  endfacet
  facet normal 0.326398 -0.544514 0.772637
    outer loop
      vertex 1.11929 -1.67514 2.22285
      vertex 0.842432 -1.57608 2.40962
      vertex 0.949712 -1.77679 2.22285
    endloop
  endfacet
  facet normal -0.331241 -0.446585 0.831169
    outer loop
      vertex -0.85686 -1.28238 2.57318
      vertex -1.13372 -1.38144 2.40962
      vertex -0.992858 -1.48592 2.40962
    endloop
  endfacet
  facet normal -0.281081 -0.379005 0.881674
    outer loop
      vertex -0.813714 -0.991513 2.71197
      vertex -0.97843 -1.19222 2.57318
      vertex -0.85686 -1.28238 2.57318
    endloop
  endfacet
  facet normal 0.671585 -0.740927 0
    outer loop
      vertex 1.90089 -2.31624 0
      vertex 2.11876 -2.11876 0.147202
      vertex 1.90089 -2.31624 0.147202
    endloop
  endfacet
  facet normal 0.671585 -0.740927 0
    outer loop
      vertex 2.11876 -2.11876 0.147202
      vertex 1.90089 -2.31624 0
      vertex 2.11876 -2.11876 0
    endloop
  endfacet
  facet normal 0.349635 -0.316869 0.881674
    outer loop
      vertex 1.19222 -0.97843 2.57318
      vertex 0.991513 -0.813714 2.71197
      vertex 1.09058 -1.09058 2.57318
    endloop
  endfacet
  facet normal 0.412005 -0.373394 0.831161
    outer loop
      vertex 1.19222 -0.97843 2.57318
      vertex 1.09058 -1.09058 2.57318
      vertex 1.26367 -1.26367 2.40962
    endloop
  endfacet
  facet normal 0.820897 -0.491999 0.28994
    outer loop
      vertex 2.4911 -1.33152 1.01067
      vertex 2.3486 -1.56928 1.01067
      vertex 2.41965 -1.61676 0.72894
    endloop
  endfacet
  facet normal 0.820873 -0.492021 0.289968
    outer loop
      vertex 2.4911 -1.33152 1.01067
      vertex 2.41965 -1.61676 0.72894
      vertex 2.56647 -1.37181 0.72894
    endloop
  endfacet
  facet normal -0.0930203 0.371586 0.923727
    outer loop
      vertex -0.250236 1.25802 2.71197
      vertex -0.263349 1.16962 2.74621
      vertex -0.234108 1.17694 2.74621
    endloop
  endfacet
  facet normal -0.50991 0.37821 0.772625
    outer loop
      vertex -1.38144 1.13372 2.40962
      vertex -1.67514 1.11929 2.22285
      vertex -1.48592 0.992858 2.40962
    endloop
  endfacet
  facet normal -0.509922 0.378147 0.772648
    outer loop
      vertex -1.55737 1.2781 2.22285
      vertex -1.67514 1.11929 2.22285
      vertex -1.38144 1.13372 2.40962
    endloop
  endfacet
  facet normal -0.475162 0.524235 0.706681
    outer loop
      vertex -1.41016 1.71829 2.01468
      vertex -1.57179 1.57179 2.01468
      vertex -1.2781 1.55737 2.22285
    endloop
  endfacet
  facet normal -0.495491 0.668088 0.555109
    outer loop
      vertex -1.42958 2.13953 1.54231
      vertex -1.63241 1.9891 1.54231
      vertex -1.52865 1.86266 1.7871
    endloop
  endfacet
  facet normal -0.397607 0.663343 0.633944
    outer loop
      vertex -1.13589 2.1251 1.7871
      vertex -1.33871 2.00353 1.7871
      vertex -1.23495 1.84823 2.01468
    endloop
  endfacet
  facet normal -0.42763 0.713432 0.55511
    outer loop
      vertex -1.13589 2.1251 1.7871
      vertex -1.42958 2.13953 1.54231
      vertex -1.33871 2.00353 1.7871
    endloop
  endfacet
  facet normal -0.524228 0.475165 0.706685
    outer loop
      vertex -1.42459 1.42459 2.22285
      vertex -1.57179 1.57179 2.01468
      vertex -1.55737 1.2781 2.22285
    endloop
  endfacet
  facet normal -0.475165 0.524228 0.706685
    outer loop
      vertex -1.2781 1.55737 2.22285
      vertex -1.57179 1.57179 2.01468
      vertex -1.42459 1.42459 2.22285
    endloop
  endfacet
  facet normal -0.187929 0.750218 0.633921
    outer loop
      vertex -0.470094 2.36332 1.7871
      vertex -0.699476 2.30586 1.7871
      vertex -0.64526 2.12714 2.01468
    endloop
  endfacet
  facet normal -0.202111 0.806835 0.555129
    outer loop
      vertex -0.470094 2.36332 1.7871
      vertex -0.746956 2.46239 1.54231
      vertex -0.699476 2.30586 1.7871
    endloop
  endfacet
  facet normal 0.27142 0.573898 0.77264
    outer loop
      vertex 0.770983 1.86132 2.22285
      vertex 0.683892 1.65106 2.40962
      vertex 0.842432 1.57608 2.40962
    endloop
  endfacet
  facet normal 0.213895 0.597725 0.77264
    outer loop
      vertex 0.770983 1.86132 2.22285
      vertex 0.518766 1.71015 2.40962
      vertex 0.683892 1.65106 2.40962
    endloop
  endfacet
  facet normal -0.196931 0.328558 0.923725
    outer loop
      vertex -0.640829 1.01326 2.74621
      vertex -0.71261 1.0665 2.71197
      vertex -0.666684 0.997763 2.74621
    endloop
  endfacet
  facet normal -0.129067 0.360693 0.923711
    outer loop
      vertex -0.372337 1.22743 2.71197
      vertex -0.430838 1.11881 2.74621
      vertex -0.348341 1.14833 2.74621
    endloop
  endfacet
  facet normal -0.129034 0.360678 0.923722
    outer loop
      vertex -0.430838 1.11881 2.74621
      vertex -0.372337 1.22743 2.71197
      vertex -0.490854 1.18503 2.71197
    endloop
  endfacet
  facet normal -0.158941 0.444274 0.881679
    outer loop
      vertex -0.447708 1.4759 2.57318
      vertex -0.490854 1.18503 2.71197
      vertex -0.372337 1.22743 2.71197
    endloop
  endfacet
  facet normal -0.0692423 0.466757 0.881671
    outer loop
      vertex -0.151173 1.53488 2.57318
      vertex -0.300889 1.51267 2.57318
      vertex -0.250236 1.25802 2.71197
    endloop
  endfacet
  facet normal -0.114635 0.457728 0.881671
    outer loop
      vertex -0.300889 1.51267 2.57318
      vertex -0.447708 1.4759 2.57318
      vertex -0.250236 1.25802 2.71197
    endloop
  endfacet
  facet normal 0.0311669 0.634074 0.772644
    outer loop
      vertex 0.197473 2.00498 2.22285
      vertex 0 1.7871 2.40962
      vertex 0.175166 1.77849 2.40962
    endloop
  endfacet
  facet normal 0.0311467 0.634085 0.772636
    outer loop
      vertex 0 2.01468 2.22285
      vertex 0 1.7871 2.40962
      vertex 0.197473 2.00498 2.22285
    endloop
  endfacet
  facet normal 0.0692376 0.466756 0.881672
    outer loop
      vertex 0.151173 1.53488 2.57318
      vertex 0.125723 1.27649 2.71197
      vertex 0.250236 1.25802 2.71197
    endloop
  endfacet
  facet normal 0.0231668 0.471294 0.881672
    outer loop
      vertex 0.151173 1.53488 2.57318
      vertex 0 1.28267 2.71197
      vertex 0.125723 1.27649 2.71197
    endloop
  endfacet
  facet normal 0.0272951 0.555355 0.831165
    outer loop
      vertex 0 1.7871 2.40962
      vertex 0 1.54231 2.57318
      vertex 0.151173 1.53488 2.57318
    endloop
  endfacet
  facet normal -0.0272951 0.555355 0.831165
    outer loop
      vertex 0 1.7871 2.40962
      vertex -0.151173 1.53488 2.57318
      vertex 0 1.54231 2.57318
    endloop
  endfacet
  facet normal 0.018807 0.382587 0.923728
    outer loop
      vertex 0 1.28267 2.71197
      vertex 0 1.2 2.74621
      vertex 0.0301073 1.19852 2.74621
    endloop
  endfacet
  facet normal -0.213895 0.597725 0.77264
    outer loop
      vertex -0.518766 1.71015 2.40962
      vertex -0.770983 1.86132 2.22285
      vertex -0.683892 1.65106 2.40962
    endloop
  endfacet
  facet normal -0.213883 0.597737 0.772635
    outer loop
      vertex -0.584829 1.92793 2.22285
      vertex -0.770983 1.86132 2.22285
      vertex -0.518766 1.71015 2.40962
    endloop
  endfacet
  facet normal -0.283836 0.257251 0.92372
    outer loop
      vertex -0.907369 0.783607 2.74621
      vertex -0.991513 0.813714 2.71197
      vertex -0.927612 0.761272 2.74621
    endloop
  endfacet
  facet normal -0.307675 0.228199 0.923721
    outer loop
      vertex -0.927612 0.761271 2.74621
      vertex -0.991513 0.813714 2.71197
      vertex -0.945569 0.73706 2.74621
    endloop
  endfacet
  facet normal -0.4723 0 0.881438
    outer loop
      vertex -0.991513 0.813714 2.71197
      vertex -0.927612 0.761271 2.74621
      vertex -0.927612 0.761272 2.74621
    endloop
  endfacet
  facet normal -0.404737 0.242581 0.88167
    outer loop
      vertex -1.0665 0.71261 2.71197
      vertex -1.36019 0.727038 2.57318
      vertex -1.13121 0.604644 2.71197
    endloop
  endfacet
  facet normal -0.42656 0.201753 0.88167
    outer loop
      vertex -1.13121 0.604644 2.71197
      vertex -1.36019 0.727038 2.57318
      vertex -1.18503 0.490854 2.71197
    endloop
  endfacet
  facet normal -0.412009 0.373392 0.83116
    outer loop
      vertex -1.26367 1.26367 2.40962
      vertex -1.38144 1.13372 2.40962
      vertex -1.19222 0.97843 2.57318
    endloop
  endfacet
  facet normal -0.446616 0.331224 0.831159
    outer loop
      vertex -1.19222 0.97843 2.57318
      vertex -1.38144 1.13372 2.40962
      vertex -1.28238 0.85686 2.57318
    endloop
  endfacet
  facet normal -0.457704 0.114669 0.881679
    outer loop
      vertex -1.22743 0.372337 2.71197
      vertex -1.4759 0.447708 2.57318
      vertex -1.25802 0.250236 2.71197
    endloop
  endfacet
  facet normal -0.371608 0.0930856 0.923711
    outer loop
      vertex -1.14833 0.348341 2.74621
      vertex -1.22743 0.372337 2.71197
      vertex -1.16962 0.263349 2.74621
    endloop
  endfacet
  facet normal -0.371593 0.0930953 0.923716
    outer loop
      vertex -1.16962 0.263349 2.74621
      vertex -1.22743 0.372337 2.71197
      vertex -1.25802 0.250236 2.71197
    endloop
  endfacet
  facet normal -0.453508 0.756664 0.470947
    outer loop
      vertex -1.27841 2.39174 1.28267
      vertex -1.50669 2.25492 1.28267
      vertex -1.21299 2.26935 1.54231
    endloop
  endfacet
  facet normal -0.45352 0.756647 0.470961
    outer loop
      vertex -1.21299 2.26935 1.54231
      vertex -1.50669 2.25492 1.28267
      vertex -1.42958 2.13953 1.54231
    endloop
  endfacet
  facet normal -0.377153 0.797467 0.470959
    outer loop
      vertex -1.03782 2.50553 1.28267
      vertex -1.21299 2.26935 1.54231
      vertex -0.984715 2.37731 1.54231
    endloop
  endfacet
  facet normal -0.297215 0.830578 0.470961
    outer loop
      vertex -0.746956 2.46239 1.54231
      vertex -1.03782 2.50553 1.28267
      vertex -0.984715 2.37731 1.54231
    endloop
  endfacet
  facet normal -0.040812 0.830782 0.555099
    outer loop
      vertex 0 2.57318 1.54231
      vertex -0.252215 2.56079 1.54231
      vertex 0 2.40962 1.7871
    endloop
  endfacet
  facet normal 0.040812 0.830782 0.555099
    outer loop
      vertex 0 2.57318 1.54231
      vertex 0 2.40962 1.7871
      vertex 0.252215 2.56079 1.54231
    endloop
  endfacet
  facet normal -0.783135 -0.280238 0.555128
    outer loop
      vertex -2.30586 -0.699476 1.7871
      vertex -2.46239 -0.746956 1.54231
      vertex -2.37731 -0.984715 1.54231
    endloop
  endfacet
  facet normal -0.783165 -0.280207 0.555101
    outer loop
      vertex -2.30586 -0.699476 1.7871
      vertex -2.37731 -0.984715 1.54231
      vertex -2.2262 -0.922122 1.7871
    endloop
  endfacet
  facet normal -0.835317 -0.39509 0.382296
    outer loop
      vertex -2.50553 -1.03782 1.28267
      vertex -2.60962 -1.08094 1.01067
      vertex -2.4911 -1.33152 1.01067
    endloop
  endfacet
  facet normal -0.87003 -0.311286 0.382294
    outer loop
      vertex -2.50553 -1.03782 1.28267
      vertex -2.703 -0.819947 1.01067
      vertex -2.60962 -1.08094 1.01067
    endloop
  endfacet
  facet normal -0.756647 -0.45352 0.470961
    outer loop
      vertex -2.13953 -1.42958 1.54231
      vertex -2.26935 -1.21299 1.54231
      vertex -2.25492 -1.50669 1.28267
    endloop
  endfacet
  facet normal -0.708547 -0.52551 0.470956
    outer loop
      vertex -1.9891 -1.63241 1.54231
      vertex -2.25492 -1.50669 1.28267
      vertex -2.09638 -1.72045 1.28267
    endloop
  endfacet
  facet normal 0.187905 -0.750213 0.633934
    outer loop
      vertex 0.64526 -2.12714 2.01468
      vertex 0.433657 -2.18014 2.01468
      vertex 0.470094 -2.36332 1.7871
    endloop
  endfacet
  facet normal 0.260552 -0.728187 0.633921
    outer loop
      vertex 0.850649 -2.05365 2.01468
      vertex 0.64526 -2.12714 2.01468
      vertex 0.699476 -2.30586 1.7871
    endloop
  endfacet
  facet normal 0.103823 -0.69987 0.706684
    outer loop
      vertex 0.433657 -2.18014 2.01468
      vertex 0.197473 -2.00498 2.22285
      vertex 0.217877 -2.21215 2.01468
    endloop
  endfacet
  facet normal -0.0379386 -0.772456 0.633935
    outer loop
      vertex -0.217877 -2.21215 2.01468
      vertex -0.236184 -2.39802 1.7871
      vertex 0 -2.40962 1.7871
    endloop
  endfacet
  facet normal -0.0432829 -0.881081 0.47098
    outer loop
      vertex 0 -2.57318 1.54231
      vertex -0.252215 -2.56079 1.54231
      vertex 0 -2.71197 1.28267
    endloop
  endfacet
  facet normal 0.0432829 -0.881081 0.47098
    outer loop
      vertex 0 -2.57318 1.54231
      vertex 0 -2.71197 1.28267
      vertex 0.252215 -2.56079 1.54231
    endloop
  endfacet
  facet normal -0.135583 -0.914046 0.38228
    outer loop
      vertex -0.265819 -2.69891 1.28267
      vertex -0.529078 -2.65986 1.28267
      vertex -0.276862 -2.81103 1.01067
    endloop
  endfacet
  facet normal -0.129436 -0.872601 0.470971
    outer loop
      vertex -0.502003 -2.52374 1.54231
      vertex -0.529078 -2.65986 1.28267
      vertex -0.265819 -2.69891 1.28267
    endloop
  endfacet
  facet normal -0.514131 -0.857712 0
    outer loop
      vertex -1.6647 -2.4914 0
      vertex -1.41249 -2.64258 0.147202
      vertex -1.6647 -2.4914 0.147202
    endloop
  endfacet
  facet normal -0.514131 -0.857712 -0
    outer loop
      vertex -1.41249 -2.64258 0.147202
      vertex -1.6647 -2.4914 0
      vertex -1.41249 -2.64258 0
    endloop
  endfacet
  facet normal -0.302519 -0.639585 0.706691
    outer loop
      vertex -0.770983 -1.86132 2.22285
      vertex -1.04784 -1.96038 2.01468
      vertex -0.850649 -2.05365 2.01468
    endloop
  endfacet
  facet normal -0.397607 -0.663343 0.633944
    outer loop
      vertex -1.23495 -1.84823 2.01468
      vertex -1.33871 -2.00353 1.7871
      vertex -1.13589 -2.1251 1.7871
    endloop
  endfacet
  facet normal -0.214358 -0.855724 0.470943
    outer loop
      vertex -0.746956 -2.46239 1.54231
      vertex -0.787242 -2.59519 1.28267
      vertex -0.529078 -2.65986 1.28267
    endloop
  endfacet
  facet normal -0.21432 -0.855718 0.470971
    outer loop
      vertex -0.502003 -2.52374 1.54231
      vertex -0.746956 -2.46239 1.54231
      vertex -0.529078 -2.65986 1.28267
    endloop
  endfacet
  facet normal -0.363769 -0.606859 0.706678
    outer loop
      vertex -0.949712 -1.77679 2.22285
      vertex -1.11929 -1.67514 2.22285
      vertex -1.04784 -1.96038 2.01468
    endloop
  endfacet
  facet normal -0.302502 -0.639607 0.706679
    outer loop
      vertex -0.949712 -1.77679 2.22285
      vertex -1.04784 -1.96038 2.01468
      vertex -0.770983 -1.86132 2.22285
    endloop
  endfacet
  facet normal -0.395079 -0.835328 0.382282
    outer loop
      vertex -1.27841 -2.39174 1.28267
      vertex -1.33152 -2.4911 1.01067
      vertex -1.03782 -2.50553 1.28267
    endloop
  endfacet
  facet normal -0.311308 -0.87003 0.382277
    outer loop
      vertex -0.787242 -2.59519 1.28267
      vertex -1.03782 -2.50553 1.28267
      vertex -0.819947 -2.703 1.01067
    endloop
  endfacet
  facet normal -0.311286 -0.87003 0.382294
    outer loop
      vertex -1.03782 -2.50553 1.28267
      vertex -1.08094 -2.60962 1.01067
      vertex -0.819947 -2.703 1.01067
    endloop
  endfacet
  facet normal -0.42763 -0.713432 0.55511
    outer loop
      vertex -1.33871 -2.00353 1.7871
      vertex -1.42958 -2.13953 1.54231
      vertex -1.13589 -2.1251 1.7871
    endloop
  endfacet
  facet normal 0.0379386 -0.772456 0.633935
    outer loop
      vertex 0.217877 -2.21215 2.01468
      vertex 0 -2.40962 1.7871
      vertex 0.236184 -2.39802 1.7871
    endloop
  endfacet
  facet normal 0.113488 -0.765014 0.633935
    outer loop
      vertex 0.470094 -2.36332 1.7871
      vertex 0.217877 -2.21215 2.01468
      vertex 0.236184 -2.39802 1.7871
    endloop
  endfacet
  facet normal -0.0692376 -0.466756 0.881672
    outer loop
      vertex -0.125723 -1.27649 2.71197
      vertex -0.250236 -1.25802 2.71197
      vertex -0.151173 -1.53488 2.57318
    endloop
  endfacet
  facet normal -0.0562213 -0.378908 0.923725
    outer loop
      vertex -0.204291 -1.18136 2.74621
      vertex -0.125723 -1.27649 2.71197
      vertex -0.11762 -1.19422 2.74621
    endloop
  endfacet
  facet normal -0.0562047 -0.378897 0.923731
    outer loop
      vertex -0.125723 -1.27649 2.71197
      vertex -0.204291 -1.18136 2.74621
      vertex -0.250236 -1.25802 2.71197
    endloop
  endfacet
  facet normal -0.307675 -0.228186 0.923725
    outer loop
      vertex -1.0665 -0.71261 2.71197
      vertex -0.945569 -0.73706 2.74621
      vertex -0.997763 -0.666684 2.74621
    endloop
  endfacet
  facet normal -0.307677 -0.228198 0.923721
    outer loop
      vertex -0.945569 -0.73706 2.74621
      vertex -1.0665 -0.71261 2.71197
      vertex -0.991513 -0.813714 2.71197
    endloop
  endfacet
  facet normal -0.734506 0 0.678603
    outer loop
      vertex -0.45922 -1.10865 2.74621
      vertex -0.490854 -1.18503 2.71197
      vertex -0.45922 -1.10866 2.74621
    endloop
  endfacet
  facet normal -0.163766 -0.346269 0.923731
    outer loop
      vertex -0.538426 -1.07119 2.74621
      vertex -0.490854 -1.18503 2.71197
      vertex -0.45922 -1.10865 2.74621
    endloop
  endfacet
  facet normal -0.163779 -0.346273 0.923727
    outer loop
      vertex -0.490854 -1.18503 2.71197
      vertex -0.538426 -1.07119 2.74621
      vertex -0.604644 -1.13121 2.71197
    endloop
  endfacet
  facet normal -0.328558 -0.196931 0.923725
    outer loop
      vertex -1.01326 -0.640829 2.74621
      vertex -1.0665 -0.71261 2.71197
      vertex -0.997763 -0.666684 2.74621
    endloop
  endfacet
  facet normal 0.444275 -0.158964 0.881675
    outer loop
      vertex 1.4759 -0.447708 2.57318
      vertex 1.18503 -0.490854 2.71197
      vertex 1.42491 -0.590216 2.57318
    endloop
  endfacet
  facet normal 0.346261 -0.163791 0.923729
    outer loop
      vertex 1.07119 -0.538426 2.74621
      vertex 1.0583 -0.565676 2.74621
      vertex 1.13121 -0.604644 2.71197
    endloop
  endfacet
  facet normal 0.328558 -0.196931 0.923725
    outer loop
      vertex 1.01326 -0.640829 2.74621
      vertex 0.997763 -0.666684 2.74621
      vertex 1.0665 -0.71261 2.71197
    endloop
  endfacet
  facet normal 0.307675 -0.228186 0.923725
    outer loop
      vertex 0.945569 -0.73706 2.74621
      vertex 1.0665 -0.71261 2.71197
      vertex 0.997763 -0.666684 2.74621
    endloop
  endfacet
  facet normal 0.307677 -0.228198 0.923721
    outer loop
      vertex 1.0665 -0.71261 2.71197
      vertex 0.945569 -0.73706 2.74621
      vertex 0.991513 -0.813714 2.71197
    endloop
  endfacet
  facet normal 0.0272976 -0.555356 0.831164
    outer loop
      vertex 0.151173 -1.53488 2.57318
      vertex 0 -1.7871 2.40962
      vertex 0.175166 -1.77849 2.40962
    endloop
  endfacet
  facet normal -0.0272951 -0.555355 0.831165
    outer loop
      vertex 0 -1.54231 2.57318
      vertex -0.151173 -1.53488 2.57318
      vertex 0 -1.7871 2.40962
    endloop
  endfacet
  facet normal 0.0562047 -0.378897 0.923731
    outer loop
      vertex 0.204291 -1.18136 2.74621
      vertex 0.125723 -1.27649 2.71197
      vertex 0.250236 -1.25802 2.71197
    endloop
  endfacet
  facet normal 0.0562213 -0.378908 0.923725
    outer loop
      vertex 0.11762 -1.19422 2.74621
      vertex 0.125723 -1.27649 2.71197
      vertex 0.204291 -1.18136 2.74621
    endloop
  endfacet
  facet normal 0.018799 -0.382594 0.923725
    outer loop
      vertex 0.0301073 -1.19852 2.74621
      vertex 0.125723 -1.27649 2.71197
      vertex 0.11762 -1.19422 2.74621
    endloop
  endfacet
  facet normal 0.0188063 -0.382587 0.923728
    outer loop
      vertex 0.125723 -1.27649 2.71197
      vertex 0.0301073 -1.19852 2.74621
      vertex 0 -1.28267 2.71197
    endloop
  endfacet
  facet normal 0.163791 -0.346261 0.923729
    outer loop
      vertex 0.565676 -1.0583 2.74621
      vertex 0.538426 -1.07119 2.74621
      vertex 0.604644 -1.13121 2.71197
    endloop
  endfacet
  facet normal 0.163779 -0.346273 0.923727
    outer loop
      vertex 0.538426 -1.07119 2.74621
      vertex 0.490854 -1.18503 2.71197
      vertex 0.604644 -1.13121 2.71197
    endloop
  endfacet
  facet normal 0.163766 -0.346269 0.923731
    outer loop
      vertex 0.45922 -1.10865 2.74621
      vertex 0.490854 -1.18503 2.71197
      vertex 0.538426 -1.07119 2.74621
    endloop
  endfacet
  facet normal 0.734506 0 0.678603
    outer loop
      vertex 0.490854 -1.18503 2.71197
      vertex 0.45922 -1.10865 2.74621
      vertex 0.45922 -1.10866 2.74621
    endloop
  endfacet
  facet normal -0.228199 -0.307675 0.923721
    outer loop
      vertex -0.761271 -0.927612 2.74621
      vertex -0.813714 -0.991513 2.71197
      vertex -0.73706 -0.945569 2.74621
    endloop
  endfacet
  facet normal 0 -0.4723 0.881438
    outer loop
      vertex -0.813714 -0.991513 2.71197
      vertex -0.761271 -0.927612 2.74621
      vertex -0.761272 -0.927612 2.74621
    endloop
  endfacet
  facet normal 0.331241 -0.446585 0.831169
    outer loop
      vertex 1.13372 -1.38144 2.40962
      vertex 0.85686 -1.28238 2.57318
      vertex 0.992858 -1.48592 2.40962
    endloop
  endfacet
  facet normal 0.573036 -0.519366 0.633947
    outer loop
      vertex 1.86266 -1.52865 1.7871
      vertex 1.57179 -1.57179 2.01468
      vertex 1.70386 -1.70386 1.7871
    endloop
  endfacet
  facet normal 0.34962 -0.316876 0.881678
    outer loop
      vertex 0.991513 -0.813714 2.71197
      vertex 0.906981 -0.906981 2.71197
      vertex 1.09058 -1.09058 2.57318
    endloop
  endfacet
  facet normal 0.283836 -0.257253 0.92372
    outer loop
      vertex 0.907369 -0.783607 2.74621
      vertex 0.906981 -0.906981 2.71197
      vertex 0.991513 -0.813714 2.71197
    endloop
  endfacet
  facet normal 0.283835 -0.257253 0.92372
    outer loop
      vertex 0.906981 -0.906981 2.71197
      vertex 0.907369 -0.783607 2.74621
      vertex 0.848528 -0.848528 2.74621
    endloop
  endfacet
  facet normal 0.42146 -0.568294 0.706692
    outer loop
      vertex 1.41016 -1.71829 2.01468
      vertex 1.11929 -1.67514 2.22285
      vertex 1.23495 -1.84823 2.01468
    endloop
  endfacet
  facet normal 0.460696 -0.621199 0.633933
    outer loop
      vertex 1.41016 -1.71829 2.01468
      vertex 1.23495 -1.84823 2.01468
      vertex 1.52865 -1.86266 1.7871
    endloop
  endfacet
  facet normal 0.509922 -0.378147 0.772648
    outer loop
      vertex 1.67514 -1.11929 2.22285
      vertex 1.38144 -1.13372 2.40962
      vertex 1.55737 -1.2781 2.22285
    endloop
  endfacet
  facet normal 0.470398 -0.426309 0.772649
    outer loop
      vertex 1.38144 -1.13372 2.40962
      vertex 1.26367 -1.26367 2.40962
      vertex 1.55737 -1.2781 2.22285
    endloop
  endfacet
  facet normal -0.373394 -0.412005 0.831161
    outer loop
      vertex -1.09058 -1.09058 2.57318
      vertex -1.26367 -1.26367 2.40962
      vertex -0.97843 -1.19222 2.57318
    endloop
  endfacet
  facet normal -0.373392 -0.412009 0.83116
    outer loop
      vertex -0.97843 -1.19222 2.57318
      vertex -1.26367 -1.26367 2.40962
      vertex -1.13372 -1.38144 2.40962
    endloop
  endfacet
  facet normal -0.663344 0.397595 0.63395
    outer loop
      vertex -1.84823 1.23495 2.01468
      vertex -2.1251 1.13589 1.7871
      vertex -1.96038 1.04784 2.01468
    endloop
  endfacet
  facet normal -0.606861 0.363741 0.706691
    outer loop
      vertex -1.84823 1.23495 2.01468
      vertex -1.96038 1.04784 2.01468
      vertex -1.67514 1.11929 2.22285
    endloop
  endfacet
  facet normal -0.32638 0.544543 0.772625
    outer loop
      vertex -0.842432 1.57608 2.40962
      vertex -1.11929 1.67514 2.22285
      vertex -0.992858 1.48592 2.40962
    endloop
  endfacet
  facet normal -0.363769 0.606859 0.706678
    outer loop
      vertex -1.04784 1.96038 2.01468
      vertex -1.11929 1.67514 2.22285
      vertex -0.949712 1.77679 2.22285
    endloop
  endfacet
  facet normal -0.495491 0.668088 0.55511
    outer loop
      vertex -1.42958 2.13953 1.54231
      vertex -1.52865 1.86266 1.7871
      vertex -1.33871 2.00353 1.7871
    endloop
  endfacet
  facet normal -0.460704 0.621184 0.633942
    outer loop
      vertex -1.33871 2.00353 1.7871
      vertex -1.52865 1.86266 1.7871
      vertex -1.23495 1.84823 2.01468
    endloop
  endfacet
  facet normal -0.57303 0.519389 0.633934
    outer loop
      vertex -1.57179 1.57179 2.01468
      vertex -1.86266 1.52865 1.7871
      vertex -1.71829 1.41016 2.01468
    endloop
  endfacet
  facet normal -0.524235 0.475162 0.706681
    outer loop
      vertex -1.57179 1.57179 2.01468
      vertex -1.71829 1.41016 2.01468
      vertex -1.55737 1.2781 2.22285
    endloop
  endfacet
  facet normal -0.330654 0.699142 0.63393
    outer loop
      vertex -0.922122 2.2262 1.7871
      vertex -1.13589 2.1251 1.7871
      vertex -0.850649 2.05365 2.01468
    endloop
  endfacet
  facet normal -0.260536 0.728186 0.63393
    outer loop
      vertex -0.699476 2.30586 1.7871
      vertex -0.922122 2.2262 1.7871
      vertex -0.850649 2.05365 2.01468
    endloop
  endfacet
  facet normal -0.330676 0.699115 0.633949
    outer loop
      vertex -0.850649 2.05365 2.01468
      vertex -1.13589 2.1251 1.7871
      vertex -1.04784 1.96038 2.01468
    endloop
  endfacet
  facet normal -0.397595 0.663344 0.63395
    outer loop
      vertex -1.13589 2.1251 1.7871
      vertex -1.23495 1.84823 2.01468
      vertex -1.04784 1.96038 2.01468
    endloop
  endfacet
  facet normal -0.346273 0.163779 0.923727
    outer loop
      vertex -1.18503 0.490854 2.71197
      vertex -1.07119 0.538426 2.74621
      vertex -1.13121 0.604644 2.71197
    endloop
  endfacet
  facet normal -0.346269 0.163766 0.923731
    outer loop
      vertex -1.07119 0.538426 2.74621
      vertex -1.18503 0.490854 2.71197
      vertex -1.10865 0.45922 2.74621
    endloop
  endfacet
  facet normal 0 0.734506 0.678603
    outer loop
      vertex -1.10865 0.45922 2.74621
      vertex -1.18503 0.490854 2.71197
      vertex -1.10866 0.45922 2.74621
    endloop
  endfacet
  facet normal -0.32856 0.19691 0.923729
    outer loop
      vertex -1.13121 0.604644 2.71197
      vertex -1.0583 0.565676 2.74621
      vertex -1.01326 0.640829 2.74621
    endloop
  endfacet
  facet normal -0.328564 0.196926 0.923724
    outer loop
      vertex -1.13121 0.604644 2.71197
      vertex -1.01326 0.640829 2.74621
      vertex -1.0665 0.71261 2.71197
    endloop
  endfacet
  facet normal -0.855718 -0.21432 0.470971
    outer loop
      vertex -2.52374 -0.502003 1.54231
      vertex -2.65986 -0.529078 1.28267
      vertex -2.46239 -0.746956 1.54231
    endloop
  endfacet
  facet normal -0.855724 -0.214358 0.470943
    outer loop
      vertex -2.46239 -0.746956 1.54231
      vertex -2.65986 -0.529078 1.28267
      vertex -2.59519 -0.787242 1.28267
    endloop
  endfacet
  facet normal -0.830578 -0.297215 0.470961
    outer loop
      vertex -2.46239 -0.746956 1.54231
      vertex -2.50553 -1.03782 1.28267
      vertex -2.37731 -0.984715 1.54231
    endloop
  endfacet
  facet normal -0.830594 -0.297197 0.470943
    outer loop
      vertex -2.46239 -0.746956 1.54231
      vertex -2.59519 -0.787242 1.28267
      vertex -2.50553 -1.03782 1.28267
    endloop
  endfacet
  facet normal -0.668088 -0.495491 0.555109
    outer loop
      vertex -1.86266 -1.52865 1.7871
      vertex -2.13953 -1.42958 1.54231
      vertex -1.9891 -1.63241 1.54231
    endloop
  endfacet
  facet normal -0.668088 -0.495491 0.55511
    outer loop
      vertex -2.00353 -1.33871 1.7871
      vertex -2.13953 -1.42958 1.54231
      vertex -1.86266 -1.52865 1.7871
    endloop
  endfacet
  facet normal -0.5255 -0.70855 0.470963
    outer loop
      vertex -1.42958 -2.13953 1.54231
      vertex -1.63241 -1.9891 1.54231
      vertex -1.50669 -2.25492 1.28267
    endloop
  endfacet
  facet normal -0.52551 -0.708547 0.470956
    outer loop
      vertex -1.63241 -1.9891 1.54231
      vertex -1.72045 -2.09638 1.28267
      vertex -1.50669 -2.25492 1.28267
    endloop
  endfacet
  facet normal 0.0347053 -0.706681 0.706681
    outer loop
      vertex 0 -2.01468 2.22285
      vertex 0 -2.22285 2.01468
      vertex 0.217877 -2.21215 2.01468
    endloop
  endfacet
  facet normal -0.0379354 -0.772454 0.633936
    outer loop
      vertex 0 -2.22285 2.01468
      vertex -0.217877 -2.21215 2.01468
      vertex 0 -2.40962 1.7871
    endloop
  endfacet
  facet normal -0.0347053 -0.706681 0.706681
    outer loop
      vertex 0 -2.01468 2.22285
      vertex -0.217877 -2.21215 2.01468
      vertex 0 -2.22285 2.01468
    endloop
  endfacet
  facet normal 0.0379354 -0.772454 0.633936
    outer loop
      vertex 0 -2.22285 2.01468
      vertex 0 -2.40962 1.7871
      vertex 0.217877 -2.21215 2.01468
    endloop
  endfacet
  facet normal -0.0692423 -0.466757 0.881671
    outer loop
      vertex -0.250236 -1.25802 2.71197
      vertex -0.300889 -1.51267 2.57318
      vertex -0.151173 -1.53488 2.57318
    endloop
  endfacet
  facet normal -0.129067 -0.360693 0.923711
    outer loop
      vertex -0.430838 -1.11881 2.74621
      vertex -0.372337 -1.22743 2.71197
      vertex -0.348341 -1.14833 2.74621
    endloop
  endfacet
  facet normal -0.129034 -0.360678 0.923722
    outer loop
      vertex -0.372337 -1.22743 2.71197
      vertex -0.430838 -1.11881 2.74621
      vertex -0.490854 -1.18503 2.71197
    endloop
  endfacet
  facet normal -0.0930856 -0.371608 0.923711
    outer loop
      vertex -0.372337 -1.22743 2.71197
      vertex -0.263349 -1.16962 2.74621
      vertex -0.348341 -1.14833 2.74621
    endloop
  endfacet
  facet normal -0.0930953 -0.371593 0.923716
    outer loop
      vertex -0.263349 -1.16962 2.74621
      vertex -0.372337 -1.22743 2.71197
      vertex -0.250236 -1.25802 2.71197
    endloop
  endfacet
  facet normal -0.0930203 -0.371586 0.923727
    outer loop
      vertex -0.234108 -1.17694 2.74621
      vertex -0.263349 -1.16962 2.74621
      vertex -0.250236 -1.25802 2.71197
    endloop
  endfacet
  facet normal -0.242582 -0.404736 0.88167
    outer loop
      vertex -0.71261 -1.0665 2.71197
      vertex -0.85686 -1.28238 2.57318
      vertex -0.727038 -1.36019 2.57318
    endloop
  endfacet
  facet normal 0.371586 -0.0930203 0.923727
    outer loop
      vertex 1.17694 -0.234108 2.74621
      vertex 1.16962 -0.263349 2.74621
      vertex 1.25802 -0.250236 2.71197
    endloop
  endfacet
  facet normal 0.360708 -0.128997 0.923715
    outer loop
      vertex 1.11881 -0.430838 2.74621
      vertex 1.10866 -0.45922 2.74621
      vertex 1.18503 -0.490854 2.71197
    endloop
  endfacet
  facet normal 0 -0.734506 0.678603
    outer loop
      vertex 1.10865 -0.45922 2.74621
      vertex 1.18503 -0.490854 2.71197
      vertex 1.10866 -0.45922 2.74621
    endloop
  endfacet
  facet normal 0.346269 -0.163766 0.923731
    outer loop
      vertex 1.07119 -0.538426 2.74621
      vertex 1.18503 -0.490854 2.71197
      vertex 1.10865 -0.45922 2.74621
    endloop
  endfacet
  facet normal 0.346273 -0.163779 0.923727
    outer loop
      vertex 1.18503 -0.490854 2.71197
      vertex 1.07119 -0.538426 2.74621
      vertex 1.13121 -0.604644 2.71197
    endloop
  endfacet
  facet normal 0.404737 -0.242581 0.88167
    outer loop
      vertex 1.13121 -0.604644 2.71197
      vertex 1.0665 -0.71261 2.71197
      vertex 1.36019 -0.727038 2.57318
    endloop
  endfacet
  facet normal 0.32856 -0.19691 0.923729
    outer loop
      vertex 1.01326 -0.640829 2.74621
      vertex 1.13121 -0.604644 2.71197
      vertex 1.0583 -0.565676 2.74621
    endloop
  endfacet
  facet normal 0.328564 -0.196926 0.923724
    outer loop
      vertex 1.13121 -0.604644 2.71197
      vertex 1.01326 -0.640829 2.74621
      vertex 1.0665 -0.71261 2.71197
    endloop
  endfacet
  facet normal -0.103848 -0.699852 0.706698
    outer loop
      vertex -0.393044 -1.97596 2.22285
      vertex -0.433657 -2.18014 2.01468
      vertex -0.197473 -2.00498 2.22285
    endloop
  endfacet
  facet normal -0.154229 -0.615842 0.772627
    outer loop
      vertex -0.348645 -1.75276 2.40962
      vertex -0.584829 -1.92793 2.22285
      vertex -0.393044 -1.97596 2.22285
    endloop
  endfacet
  facet normal -0.0311467 -0.634085 0.772636
    outer loop
      vertex 0 -1.7871 2.40962
      vertex -0.197473 -2.00498 2.22285
      vertex 0 -2.01468 2.22285
    endloop
  endfacet
  facet normal 0.0311467 -0.634085 0.772636
    outer loop
      vertex 0 -1.7871 2.40962
      vertex 0 -2.01468 2.22285
      vertex 0.197473 -2.00498 2.22285
    endloop
  endfacet
  facet normal -0.257251 -0.283836 0.92372
    outer loop
      vertex -0.783607 -0.907369 2.74621
      vertex -0.813714 -0.991513 2.71197
      vertex -0.761272 -0.927612 2.74621
    endloop
  endfacet
  facet normal 0.271425 -0.573898 0.772638
    outer loop
      vertex 0.842432 -1.57608 2.40962
      vertex 0.770983 -1.86132 2.22285
      vertex 0.949712 -1.77679 2.22285
    endloop
  endfacet
  facet normal 0.32638 -0.544543 0.772625
    outer loop
      vertex 0.992858 -1.48592 2.40962
      vertex 0.842432 -1.57608 2.40962
      vertex 1.11929 -1.67514 2.22285
    endloop
  endfacet
  facet normal 0.495491 -0.668088 0.55511
    outer loop
      vertex 1.52865 -1.86266 1.7871
      vertex 1.33871 -2.00353 1.7871
      vertex 1.42958 -2.13953 1.54231
    endloop
  endfacet
  facet normal 0.460704 -0.621184 0.633942
    outer loop
      vertex 1.52865 -1.86266 1.7871
      vertex 1.23495 -1.84823 2.01468
      vertex 1.33871 -2.00353 1.7871
    endloop
  endfacet
  facet normal 0.519389 -0.57303 0.633934
    outer loop
      vertex 1.57179 -1.57179 2.01468
      vertex 1.41016 -1.71829 2.01468
      vertex 1.52865 -1.86266 1.7871
    endloop
  endfacet
  facet normal 0.519366 -0.573036 0.633947
    outer loop
      vertex 1.57179 -1.57179 2.01468
      vertex 1.52865 -1.86266 1.7871
      vertex 1.70386 -1.70386 1.7871
    endloop
  endfacet
  facet normal -0.639585 0.302519 0.706691
    outer loop
      vertex -1.96038 1.04784 2.01468
      vertex -2.05365 0.850649 2.01468
      vertex -1.86132 0.770983 2.22285
    endloop
  endfacet
  facet normal -0.639607 0.302502 0.706679
    outer loop
      vertex -1.77679 0.949712 2.22285
      vertex -1.96038 1.04784 2.01468
      vertex -1.86132 0.770983 2.22285
    endloop
  endfacet
  facet normal -0.621184 0.460704 0.633942
    outer loop
      vertex -1.86266 1.52865 1.7871
      vertex -2.00353 1.33871 1.7871
      vertex -1.84823 1.23495 2.01468
    endloop
  endfacet
  facet normal -0.668088 0.495491 0.55511
    outer loop
      vertex -1.86266 1.52865 1.7871
      vertex -2.13953 1.42958 1.54231
      vertex -2.00353 1.33871 1.7871
    endloop
  endfacet
  facet normal -0.363741 0.606861 0.706691
    outer loop
      vertex -1.04784 1.96038 2.01468
      vertex -1.23495 1.84823 2.01468
      vertex -1.11929 1.67514 2.22285
    endloop
  endfacet
  facet normal -0.42146 0.568294 0.706692
    outer loop
      vertex -1.23495 1.84823 2.01468
      vertex -1.41016 1.71829 2.01468
      vertex -1.11929 1.67514 2.22285
    endloop
  endfacet
  facet normal -0.519366 0.573036 0.633947
    outer loop
      vertex -1.52865 1.86266 1.7871
      vertex -1.70386 1.70386 1.7871
      vertex -1.57179 1.57179 2.01468
    endloop
  endfacet
  facet normal -0.519389 0.57303 0.633934
    outer loop
      vertex -1.52865 1.86266 1.7871
      vertex -1.57179 1.57179 2.01468
      vertex -1.41016 1.71829 2.01468
    endloop
  endfacet
  facet normal -0.756664 -0.453508 0.470947
    outer loop
      vertex -2.26935 -1.21299 1.54231
      vertex -2.39174 -1.27841 1.28267
      vertex -2.25492 -1.50669 1.28267
    endloop
  endfacet
  facet normal -0.797466 -0.377171 0.470946
    outer loop
      vertex -2.26935 -1.21299 1.54231
      vertex -2.50553 -1.03782 1.28267
      vertex -2.39174 -1.27841 1.28267
    endloop
  endfacet
  facet normal -0.355619 -0.751929 0.555101
    outer loop
      vertex -0.922122 -2.2262 1.7871
      vertex -1.13589 -2.1251 1.7871
      vertex -0.984715 -2.37731 1.54231
    endloop
  endfacet
  facet normal -0.427623 -0.713441 0.555103
    outer loop
      vertex -1.13589 -2.1251 1.7871
      vertex -1.42958 -2.13953 1.54231
      vertex -1.21299 -2.26935 1.54231
    endloop
  endfacet
  facet normal -0.040812 -0.830782 0.555099
    outer loop
      vertex 0 -2.40962 1.7871
      vertex -0.252215 -2.56079 1.54231
      vertex 0 -2.57318 1.54231
    endloop
  endfacet
  facet normal 0.040812 -0.830782 0.555099
    outer loop
      vertex 0 -2.40962 1.7871
      vertex 0 -2.57318 1.54231
      vertex 0.252215 -2.56079 1.54231
    endloop
  endfacet
  facet normal -0.114635 -0.457728 0.881671
    outer loop
      vertex -0.250236 -1.25802 2.71197
      vertex -0.447708 -1.4759 2.57318
      vertex -0.300889 -1.51267 2.57318
    endloop
  endfacet
  facet normal -0.0815912 -0.55 0.831169
    outer loop
      vertex -0.300889 -1.51267 2.57318
      vertex -0.348645 -1.75276 2.40962
      vertex -0.151173 -1.53488 2.57318
    endloop
  endfacet
  facet normal -0.128997 -0.360708 0.923715
    outer loop
      vertex -0.45922 -1.10866 2.74621
      vertex -0.490854 -1.18503 2.71197
      vertex -0.430838 -1.11881 2.74621
    endloop
  endfacet
  facet normal -0.242581 -0.404737 0.88167
    outer loop
      vertex -0.71261 -1.0665 2.71197
      vertex -0.727038 -1.36019 2.57318
      vertex -0.604644 -1.13121 2.71197
    endloop
  endfacet
  facet normal -0.201753 -0.42656 0.88167
    outer loop
      vertex -0.604644 -1.13121 2.71197
      vertex -0.727038 -1.36019 2.57318
      vertex -0.490854 -1.18503 2.71197
    endloop
  endfacet
  facet normal -0.196931 -0.328558 0.923725
    outer loop
      vertex -0.666684 -0.997763 2.74621
      vertex -0.71261 -1.0665 2.71197
      vertex -0.640829 -1.01326 2.74621
    endloop
  endfacet
  facet normal -0.13508 -0.539361 0.83117
    outer loop
      vertex -0.300889 -1.51267 2.57318
      vertex -0.447708 -1.4759 2.57318
      vertex -0.348645 -1.75276 2.40962
    endloop
  endfacet
  facet normal -0.135094 -0.539364 0.831166
    outer loop
      vertex -0.447708 -1.4759 2.57318
      vertex -0.518766 -1.71015 2.40962
      vertex -0.348645 -1.75276 2.40962
    endloop
  endfacet
  facet normal -0.316876 -0.34962 0.881678
    outer loop
      vertex -0.906981 -0.906981 2.71197
      vertex -1.09058 -1.09058 2.57318
      vertex -0.813714 -0.991513 2.71197
    endloop
  endfacet
  facet normal -0.257253 -0.283835 0.92372
    outer loop
      vertex -0.906981 -0.906981 2.71197
      vertex -0.783607 -0.907369 2.74621
      vertex -0.848528 -0.848528 2.74621
    endloop
  endfacet
  facet normal -0.257253 -0.283836 0.92372
    outer loop
      vertex -0.783607 -0.907369 2.74621
      vertex -0.906981 -0.906981 2.71197
      vertex -0.813714 -0.991513 2.71197
    endloop
  endfacet
  facet normal 0.42145 -0.568315 0.706681
    outer loop
      vertex 1.2781 -1.55737 2.22285
      vertex 1.11929 -1.67514 2.22285
      vertex 1.41016 -1.71829 2.01468
    endloop
  endfacet
  facet normal 0.378147 -0.509922 0.772648
    outer loop
      vertex 1.13372 -1.38144 2.40962
      vertex 1.11929 -1.67514 2.22285
      vertex 1.2781 -1.55737 2.22285
    endloop
  endfacet
  facet normal -0.326398 0.544514 0.772637
    outer loop
      vertex -0.949712 1.77679 2.22285
      vertex -1.11929 1.67514 2.22285
      vertex -0.842432 1.57608 2.40962
    endloop
  endfacet
  facet normal -0.271425 0.573898 0.772638
    outer loop
      vertex -0.770983 1.86132 2.22285
      vertex -0.949712 1.77679 2.22285
      vertex -0.842432 1.57608 2.40962
    endloop
  endfacet
  facet normal -0.297197 -0.830594 0.470943
    outer loop
      vertex -0.746956 -2.46239 1.54231
      vertex -1.03782 -2.50553 1.28267
      vertex -0.787242 -2.59519 1.28267
    endloop
  endfacet
  facet normal -0.45352 -0.756647 0.470961
    outer loop
      vertex -1.42958 -2.13953 1.54231
      vertex -1.50669 -2.25492 1.28267
      vertex -1.21299 -2.26935 1.54231
    endloop
  endfacet
  facet normal -0.122058 -0.822784 0.555093
    outer loop
      vertex -0.236184 -2.39802 1.7871
      vertex -0.470094 -2.36332 1.7871
      vertex -0.252215 -2.56079 1.54231
    endloop
  endfacet
  facet normal -0.0408035 -0.830787 0.555093
    outer loop
      vertex -0.236184 -2.39802 1.7871
      vertex -0.252215 -2.56079 1.54231
      vertex 0 -2.40962 1.7871
    endloop
  endfacet
  facet normal -0.19691 -0.32856 0.923729
    outer loop
      vertex -0.640829 -1.01326 2.74621
      vertex -0.604644 -1.13121 2.71197
      vertex -0.565676 -1.0583 2.74621
    endloop
  endfacet
  facet normal -0.196926 -0.328564 0.923724
    outer loop
      vertex -0.604644 -1.13121 2.71197
      vertex -0.640829 -1.01326 2.74621
      vertex -0.71261 -1.0665 2.71197
    endloop
  endfacet
  facet normal -0.163791 -0.346261 0.923729
    outer loop
      vertex -0.565676 -1.0583 2.74621
      vertex -0.604644 -1.13121 2.71197
      vertex -0.538426 -1.07119 2.74621
    endloop
  endfacet
  facet normal -0.34962 -0.316876 0.881678
    outer loop
      vertex -0.991513 -0.813714 2.71197
      vertex -1.09058 -1.09058 2.57318
      vertex -0.906981 -0.906981 2.71197
    endloop
  endfacet
  facet normal -0.283835 -0.257253 0.92372
    outer loop
      vertex -0.907369 -0.783607 2.74621
      vertex -0.906981 -0.906981 2.71197
      vertex -0.848528 -0.848528 2.74621
    endloop
  endfacet
  facet normal -0.283836 -0.257253 0.92372
    outer loop
      vertex -0.906981 -0.906981 2.71197
      vertex -0.907369 -0.783607 2.74621
      vertex -0.991513 -0.813714 2.71197
    endloop
  endfacet
  facet normal -0.0815762 -0.55001 0.831164
    outer loop
      vertex -0.151173 -1.53488 2.57318
      vertex -0.348645 -1.75276 2.40962
      vertex -0.175166 -1.77849 2.40962
    endloop
  endfacet
  facet normal -0.0931391 -0.62797 0.772644
    outer loop
      vertex -0.175166 -1.77849 2.40962
      vertex -0.348645 -1.75276 2.40962
      vertex -0.197473 -2.00498 2.22285
    endloop
  endfacet
  facet normal 0.42636 -0.470383 0.772629
    outer loop
      vertex 1.42459 -1.42459 2.22285
      vertex 1.26367 -1.26367 2.40962
      vertex 1.2781 -1.55737 2.22285
    endloop
  endfacet
  facet normal 0.475165 -0.524228 0.706685
    outer loop
      vertex 1.42459 -1.42459 2.22285
      vertex 1.2781 -1.55737 2.22285
      vertex 1.57179 -1.57179 2.01468
    endloop
  endfacet
  facet normal 0.302502 -0.639607 0.706679
    outer loop
      vertex 0.949712 -1.77679 2.22285
      vertex 0.770983 -1.86132 2.22285
      vertex 1.04784 -1.96038 2.01468
    endloop
  endfacet
  facet normal 0.363769 -0.606859 0.706678
    outer loop
      vertex 1.11929 -1.67514 2.22285
      vertex 0.949712 -1.77679 2.22285
      vertex 1.04784 -1.96038 2.01468
    endloop
  endfacet
  facet normal -0.280238 -0.783135 0.555128
    outer loop
      vertex -0.699476 -2.30586 1.7871
      vertex -0.984715 -2.37731 1.54231
      vertex -0.746956 -2.46239 1.54231
    endloop
  endfacet
  facet normal -0.280207 -0.783165 0.555101
    outer loop
      vertex -0.922122 -2.2262 1.7871
      vertex -0.984715 -2.37731 1.54231
      vertex -0.699476 -2.30586 1.7871
    endloop
  endfacet
  facet normal -0.283836 -0.257251 0.92372
    outer loop
      vertex -0.927612 -0.761272 2.74621
      vertex -0.991513 -0.813714 2.71197
      vertex -0.907369 -0.783607 2.74621
    endloop
  endfacet
  facet normal 0.524228 -0.475165 0.706685
    outer loop
      vertex 1.55737 -1.2781 2.22285
      vertex 1.42459 -1.42459 2.22285
      vertex 1.57179 -1.57179 2.01468
    endloop
  endfacet
  facet normal 0.470383 -0.42636 0.772629
    outer loop
      vertex 1.55737 -1.2781 2.22285
      vertex 1.26367 -1.26367 2.40962
      vertex 1.42459 -1.42459 2.22285
    endloop
  endfacet
  facet normal -0.377153 -0.797467 0.470959
    outer loop
      vertex -0.984715 -2.37731 1.54231
      vertex -1.21299 -2.26935 1.54231
      vertex -1.03782 -2.50553 1.28267
    endloop
  endfacet
  facet normal -0.355616 -0.751929 0.555103
    outer loop
      vertex -1.13589 -2.1251 1.7871
      vertex -1.21299 -2.26935 1.54231
      vertex -0.984715 -2.37731 1.54231
    endloop
  endfacet
  facet normal -0.377171 -0.797466 0.470946
    outer loop
      vertex -1.21299 -2.26935 1.54231
      vertex -1.27841 -2.39174 1.28267
      vertex -1.03782 -2.50553 1.28267
    endloop
  endfacet
  facet normal -0.453508 -0.756664 0.470947
    outer loop
      vertex -1.21299 -2.26935 1.54231
      vertex -1.50669 -2.25492 1.28267
      vertex -1.27841 -2.39174 1.28267
    endloop
  endfacet
  facet normal -0.0490821 0.998795 0
    outer loop
      vertex 0 1.2 2.74621
      vertex -0.11762 1.19422 30
      vertex 0 1.2 30
    endloop
  endfacet
  facet normal -0.0490982 0.998794 -6.9877e-08
    outer loop
      vertex -0.0301073 1.19852 2.74621
      vertex -0.11762 1.19422 30
      vertex 0 1.2 2.74621
    endloop
  endfacet
  facet normal -0.0490765 0.998795 0
    outer loop
      vertex -0.11762 1.19422 2.74621
      vertex -0.11762 1.19422 30
      vertex -0.0301073 1.19852 2.74621
    endloop
  endfacet
  facet normal 0.989191 0.146635 0
    outer loop
      vertex 1.17694 0.234108 30
      vertex 1.18136 0.204291 2.74621
      vertex 1.17694 0.234108 2.74621
    endloop
  endfacet
  facet normal 0.989176 0.146736 -1.12417e-07
    outer loop
      vertex 1.19422 0.11762 30
      vertex 1.18136 0.204291 2.74621
      vertex 1.17694 0.234108 30
    endloop
  endfacet
  facet normal 0.989171 0.14677 0
    outer loop
      vertex 1.18136 0.204291 2.74621
      vertex 1.19422 0.11762 30
      vertex 1.19422 0.11762 2.74621
    endloop
  endfacet
  facet normal 0.998795 0.0490765 0
    outer loop
      vertex 1.19422 0.11762 30
      vertex 1.19852 0.0301073 2.74621
      vertex 1.19422 0.11762 2.74621
    endloop
  endfacet
  facet normal 0.998795 0.0490821 -1.78865e-08
    outer loop
      vertex 1.2 0 30
      vertex 1.19852 0.0301073 2.74621
      vertex 1.19422 0.11762 30
    endloop
  endfacet
  facet normal 0.998794 0.0490982 0
    outer loop
      vertex 1.19852 0.0301073 2.74621
      vertex 1.2 0 30
      vertex 1.2 0 2.74621
    endloop
  endfacet
  facet normal 0.97003 0.242987 0
    outer loop
      vertex 1.14833 0.348341 30
      vertex 1.16962 0.263349 2.74621
      vertex 1.14833 0.348341 2.74621
    endloop
  endfacet
  facet normal 0.970066 0.24284 4.86233e-07
    outer loop
      vertex 1.14833 0.348341 30
      vertex 1.17694 0.234108 2.74621
      vertex 1.16962 0.263349 2.74621
    endloop
  endfacet
  facet normal 0.970039 0.242949 0
    outer loop
      vertex 1.17694 0.234108 30
      vertex 1.17694 0.234108 2.74621
      vertex 1.14833 0.348341 30
    endloop
  endfacet
  facet normal -0.0490821 -0.998795 0
    outer loop
      vertex -0.11762 -1.19422 2.74621
      vertex 0 -1.2 30
      vertex -0.11762 -1.19422 30
    endloop
  endfacet
  facet normal -0.0490765 -0.998795 -2.40401e-08
    outer loop
      vertex -0.0301073 -1.19852 2.74621
      vertex 0 -1.2 30
      vertex -0.11762 -1.19422 2.74621
    endloop
  endfacet
  facet normal -0.0490982 -0.998794 -0
    outer loop
      vertex 0 -1.2 30
      vertex -0.0301073 -1.19852 2.74621
      vertex 0 -1.2 2.74621
    endloop
  endfacet
  facet normal 0.803193 0.595719 0
    outer loop
      vertex 0.927612 0.761271 30
      vertex 0.945569 0.73706 2.74621
      vertex 0.927612 0.761271 2.74621
    endloop
  endfacet
  facet normal 0.803206 0.595702 2.27135e-08
    outer loop
      vertex 0.997763 0.666684 30
      vertex 0.945569 0.73706 2.74621
      vertex 0.927612 0.761271 30
    endloop
  endfacet
  facet normal 0.80321 0.595696 0
    outer loop
      vertex 0.945569 0.73706 2.74621
      vertex 0.997763 0.666684 30
      vertex 0.997763 0.666684 2.74621
    endloop
  endfacet
  facet normal 0.595702 0.803206 2.27135e-08
    outer loop
      vertex 0.761271 0.927612 30
      vertex 0.73706 0.945569 2.74621
      vertex 0.666684 0.997763 30
    endloop
  endfacet
  facet normal 0.595719 0.803193 0
    outer loop
      vertex 0.73706 0.945569 2.74621
      vertex 0.761271 0.927612 30
      vertex 0.761271 0.927612 2.74621
    endloop
  endfacet
  facet normal 0.595696 0.80321 0
    outer loop
      vertex 0.666684 0.997763 30
      vertex 0.73706 0.945569 2.74621
      vertex 0.666684 0.997763 2.74621
    endloop
  endfacet
  facet normal 0 1 0
    outer loop
      vertex -1.10866 0.45922 2.74621
      vertex -1.10865 0.45922 30
      vertex -1.10865 0.45922 2.74621
    endloop
  endfacet
  facet normal -0.941599 0.336736 3.45493e-07
    outer loop
      vertex -1.11881 0.430838 2.74621
      vertex -1.10865 0.45922 30
      vertex -1.10866 0.45922 2.74621
    endloop
  endfacet
  facet normal -0.941536 0.336911 1.39399e-07
    outer loop
      vertex -1.14833 0.348341 2.74621
      vertex -1.10865 0.45922 30
      vertex -1.11881 0.430838 2.74621
    endloop
  endfacet
  facet normal -0.941526 0.336941 0
    outer loop
      vertex -1.10865 0.45922 30
      vertex -1.14833 0.348341 2.74621
      vertex -1.14833 0.348341 30
    endloop
  endfacet
  facet normal 0.998794 -0.0490982 0
    outer loop
      vertex 1.2 0 30
      vertex 1.19852 -0.0301073 2.74621
      vertex 1.2 0 2.74621
    endloop
  endfacet
  facet normal 0.998795 -0.0490765 -2.40401e-08
    outer loop
      vertex 1.2 0 30
      vertex 1.19422 -0.11762 2.74621
      vertex 1.19852 -0.0301073 2.74621
    endloop
  endfacet
  facet normal 0.998795 -0.0490821 0
    outer loop
      vertex 1.19422 -0.11762 30
      vertex 1.19422 -0.11762 2.74621
      vertex 1.2 0 30
    endloop
  endfacet
  facet normal -0.427556 0.903989 0
    outer loop
      vertex -0.45922 1.10865 2.74621
      vertex -0.565676 1.0583 30
      vertex -0.45922 1.10865 30
    endloop
  endfacet
  facet normal -0.42754 0.903997 7.55221e-08
    outer loop
      vertex -0.538426 1.07119 2.74621
      vertex -0.565676 1.0583 30
      vertex -0.45922 1.10865 2.74621
    endloop
  endfacet
  facet normal -0.427601 0.903967 0
    outer loop
      vertex -0.565676 1.0583 2.74621
      vertex -0.565676 1.0583 30
      vertex -0.538426 1.07119 2.74621
    endloop
  endfacet
  facet normal -0.146736 0.989176 0
    outer loop
      vertex -0.11762 1.19422 2.74621
      vertex -0.234108 1.17694 30
      vertex -0.11762 1.19422 30
    endloop
  endfacet
  facet normal -0.14677 0.989171 -1.5109e-07
    outer loop
      vertex -0.204291 1.18136 2.74621
      vertex -0.234108 1.17694 30
      vertex -0.11762 1.19422 2.74621
    endloop
  endfacet
  facet normal -0.146635 0.989191 0
    outer loop
      vertex -0.234108 1.17694 30
      vertex -0.204291 1.18136 2.74621
      vertex -0.234108 1.17694 2.74621
    endloop
  endfacet
  facet normal -0.740951 0.671559 0
    outer loop
      vertex -0.907369 0.783607 2.74621
      vertex -0.848528 0.848528 30
      vertex -0.848528 0.848528 2.74621
    endloop
  endfacet
  facet normal -0.740955 0.671554 2.18277e-08
    outer loop
      vertex -0.927612 0.761272 2.74621
      vertex -0.848528 0.848528 30
      vertex -0.907369 0.783607 2.74621
    endloop
  endfacet
  facet normal -0.999996 0 0.00290175
    outer loop
      vertex -0.927612 0.761271 2.74621
      vertex -0.848528 0.848528 30
      vertex -0.927612 0.761272 2.74621
    endloop
  endfacet
  facet normal -0.740956 0.671554 0
    outer loop
      vertex -0.848528 0.848528 30
      vertex -0.927612 0.761271 2.74621
      vertex -0.927612 0.761271 30
    endloop
  endfacet
  facet normal 0.427556 0.903989 -0
    outer loop
      vertex 0.565676 1.0583 2.74621
      vertex 0.45922 1.10865 30
      vertex 0.565676 1.0583 30
    endloop
  endfacet
  facet normal 0.427601 0.903967 2.19509e-07
    outer loop
      vertex 0.538426 1.07119 2.74621
      vertex 0.45922 1.10865 30
      vertex 0.565676 1.0583 2.74621
    endloop
  endfacet
  facet normal 0.42754 0.903997 0
    outer loop
      vertex 0.45922 1.10865 30
      vertex 0.538426 1.07119 2.74621
      vertex 0.45922 1.10865 2.74621
    endloop
  endfacet
  facet normal -0.857727 0.514105 0
    outer loop
      vertex -1.01326 0.640829 2.74621
      vertex -0.997763 0.666684 30
      vertex -0.997763 0.666684 2.74621
    endloop
  endfacet
  facet normal -0.857754 0.514061 5.73067e-08
    outer loop
      vertex -1.0583 0.565676 2.74621
      vertex -0.997763 0.666684 30
      vertex -1.01326 0.640829 2.74621
    endloop
  endfacet
  facet normal -0.857747 0.514072 0
    outer loop
      vertex -0.997763 0.666684 30
      vertex -1.0583 0.565676 2.74621
      vertex -1.0583 0.565676 30
    endloop
  endfacet
  facet normal 0.336941 -0.941526 1.03715e-07
    outer loop
      vertex 0.348341 -1.14833 30
      vertex 0.430838 -1.11881 2.74621
      vertex 0.45922 -1.10865 30
    endloop
  endfacet
  facet normal 0.336911 -0.941536 0
    outer loop
      vertex 0.348341 -1.14833 2.74621
      vertex 0.430838 -1.11881 2.74621
      vertex 0.348341 -1.14833 30
    endloop
  endfacet
  facet normal 0.336736 -0.941599 3.45493e-07
    outer loop
      vertex 0.45922 -1.10866 2.74621
      vertex 0.45922 -1.10865 30
      vertex 0.430838 -1.11881 2.74621
    endloop
  endfacet
  facet normal 1 0 0
    outer loop
      vertex 0.45922 -1.10865 30
      vertex 0.45922 -1.10866 2.74621
      vertex 0.45922 -1.10865 2.74621
    endloop
  endfacet
  facet normal -0.336941 0.941526 1.03715e-07
    outer loop
      vertex -0.348341 1.14833 30
      vertex -0.430838 1.11881 2.74621
      vertex -0.45922 1.10865 30
    endloop
  endfacet
  facet normal -0.336911 0.941536 0
    outer loop
      vertex -0.348341 1.14833 2.74621
      vertex -0.430838 1.11881 2.74621
      vertex -0.348341 1.14833 30
    endloop
  endfacet
  facet normal -0.336736 0.941599 3.45493e-07
    outer loop
      vertex -0.45922 1.10866 2.74621
      vertex -0.45922 1.10865 30
      vertex -0.430838 1.11881 2.74621
    endloop
  endfacet
  facet normal -1 0 0
    outer loop
      vertex -0.45922 1.10865 30
      vertex -0.45922 1.10866 2.74621
      vertex -0.45922 1.10865 2.74621
    endloop
  endfacet
  facet normal -0.998794 -0.0490982 0
    outer loop
      vertex -1.19852 -0.0301073 2.74621
      vertex -1.2 0 30
      vertex -1.2 0 2.74621
    endloop
  endfacet
  facet normal -0.998795 -0.0490765 -2.40401e-08
    outer loop
      vertex -1.19422 -0.11762 2.74621
      vertex -1.2 0 30
      vertex -1.19852 -0.0301073 2.74621
    endloop
  endfacet
  facet normal -0.998795 -0.0490821 0
    outer loop
      vertex -1.2 0 30
      vertex -1.19422 -0.11762 2.74621
      vertex -1.19422 -0.11762 30
    endloop
  endfacet
  facet normal -0.80321 -0.595696 0
    outer loop
      vertex -0.945569 -0.73706 2.74621
      vertex -0.997763 -0.666684 30
      vertex -0.997763 -0.666684 2.74621
    endloop
  endfacet
  facet normal -0.803193 -0.595719 8.87352e-08
    outer loop
      vertex -0.927612 -0.761271 2.74621
      vertex -0.997763 -0.666684 30
      vertex -0.945569 -0.73706 2.74621
    endloop
  endfacet
  facet normal -0.803206 -0.595702 0
    outer loop
      vertex -0.997763 -0.666684 30
      vertex -0.927612 -0.761271 2.74621
      vertex -0.927612 -0.761271 30
    endloop
  endfacet
  facet normal 0.989171 -0.14677 0
    outer loop
      vertex 1.19422 -0.11762 30
      vertex 1.18136 -0.204291 2.74621
      vertex 1.19422 -0.11762 2.74621
    endloop
  endfacet
  facet normal 0.989176 -0.146736 -1.12417e-07
    outer loop
      vertex 1.17694 -0.234108 30
      vertex 1.18136 -0.204291 2.74621
      vertex 1.19422 -0.11762 30
    endloop
  endfacet
  facet normal 0.989191 -0.146635 0
    outer loop
      vertex 1.18136 -0.204291 2.74621
      vertex 1.17694 -0.234108 30
      vertex 1.17694 -0.234108 2.74621
    endloop
  endfacet
  facet normal 0 1 0
    outer loop
      vertex 1.10865 0.45922 30
      vertex 1.10866 0.45922 2.74621
      vertex 1.10865 0.45922 2.74621
    endloop
  endfacet
  facet normal 0.941599 0.336736 3.45493e-07
    outer loop
      vertex 1.10865 0.45922 30
      vertex 1.11881 0.430838 2.74621
      vertex 1.10866 0.45922 2.74621
    endloop
  endfacet
  facet normal 0.941536 0.336911 1.39399e-07
    outer loop
      vertex 1.10865 0.45922 30
      vertex 1.14833 0.348341 2.74621
      vertex 1.11881 0.430838 2.74621
    endloop
  endfacet
  facet normal 0.941526 0.336941 0
    outer loop
      vertex 1.14833 0.348341 30
      vertex 1.14833 0.348341 2.74621
      vertex 1.10865 0.45922 30
    endloop
  endfacet
  facet normal -0.857754 -0.514061 0
    outer loop
      vertex -1.01326 -0.640829 2.74621
      vertex -1.0583 -0.565676 30
      vertex -1.0583 -0.565676 2.74621
    endloop
  endfacet
  facet normal -0.857727 -0.514105 1.66569e-07
    outer loop
      vertex -0.997763 -0.666684 2.74621
      vertex -1.0583 -0.565676 30
      vertex -1.01326 -0.640829 2.74621
    endloop
  endfacet
  facet normal -0.857747 -0.514072 0
    outer loop
      vertex -1.0583 -0.565676 30
      vertex -0.997763 -0.666684 2.74621
      vertex -0.997763 -0.666684 30
    endloop
  endfacet
  facet normal 0.80321 -0.595696 0
    outer loop
      vertex 0.997763 -0.666684 30
      vertex 0.945569 -0.73706 2.74621
      vertex 0.997763 -0.666684 2.74621
    endloop
  endfacet
  facet normal 0.803206 -0.595702 2.27135e-08
    outer loop
      vertex 0.927612 -0.761271 30
      vertex 0.945569 -0.73706 2.74621
      vertex 0.997763 -0.666684 30
    endloop
  endfacet
  facet normal 0.803193 -0.595719 0
    outer loop
      vertex 0.945569 -0.73706 2.74621
      vertex 0.927612 -0.761271 30
      vertex 0.927612 -0.761271 2.74621
    endloop
  endfacet
  facet normal 0.336941 0.941526 -0
    outer loop
      vertex 0.45922 1.10865 2.74621
      vertex 0.348341 1.14833 30
      vertex 0.45922 1.10865 30
    endloop
  endfacet
  facet normal 0.999992 0 0.00406835
    outer loop
      vertex 0.45922 1.10866 2.74621
      vertex 0.348341 1.14833 30
      vertex 0.45922 1.10865 2.74621
    endloop
  endfacet
  facet normal 0.336736 0.941599 -5.99019e-07
    outer loop
      vertex 0.430838 1.11881 2.74621
      vertex 0.348341 1.14833 30
      vertex 0.45922 1.10866 2.74621
    endloop
  endfacet
  facet normal 0.336911 0.941536 -0
    outer loop
      vertex 0.348341 1.14833 2.74621
      vertex 0.348341 1.14833 30
      vertex 0.430838 1.11881 2.74621
    endloop
  endfacet
  facet normal 0.740951 0.671559 0
    outer loop
      vertex 0.848528 0.848528 30
      vertex 0.907369 0.783607 2.74621
      vertex 0.848528 0.848528 2.74621
    endloop
  endfacet
  facet normal 0.740955 0.671554 2.18277e-08
    outer loop
      vertex 0.848528 0.848528 30
      vertex 0.927612 0.761272 2.74621
      vertex 0.907369 0.783607 2.74621
    endloop
  endfacet
  facet normal 0.740956 0.671554 2.46407e-08
    outer loop
      vertex 0.927612 0.761271 30
      vertex 0.927612 0.761272 2.74621
      vertex 0.848528 0.848528 30
    endloop
  endfacet
  facet normal 1 0 0
    outer loop
      vertex 0.927612 0.761272 2.74621
      vertex 0.927612 0.761271 30
      vertex 0.927612 0.761271 2.74621
    endloop
  endfacet
  facet normal -0.903967 0.427601 0
    outer loop
      vertex -1.07119 0.538426 2.74621
      vertex -1.0583 0.565676 30
      vertex -1.0583 0.565676 2.74621
    endloop
  endfacet
  facet normal -0.903997 0.42754 7.55221e-08
    outer loop
      vertex -1.10865 0.45922 2.74621
      vertex -1.0583 0.565676 30
      vertex -1.07119 0.538426 2.74621
    endloop
  endfacet
  facet normal -0.903989 0.427556 0
    outer loop
      vertex -1.0583 0.565676 30
      vertex -1.10865 0.45922 2.74621
      vertex -1.10865 0.45922 30
    endloop
  endfacet
  facet normal 0.146736 0.989176 -0
    outer loop
      vertex 0.234108 1.17694 2.74621
      vertex 0.11762 1.19422 30
      vertex 0.234108 1.17694 30
    endloop
  endfacet
  facet normal 0.146635 0.989191 -4.39193e-07
    outer loop
      vertex 0.204291 1.18136 2.74621
      vertex 0.11762 1.19422 30
      vertex 0.234108 1.17694 2.74621
    endloop
  endfacet
  facet normal 0.14677 0.989171 0
    outer loop
      vertex 0.11762 1.19422 30
      vertex 0.204291 1.18136 2.74621
      vertex 0.11762 1.19422 2.74621
    endloop
  endfacet
  facet normal 0.514072 -0.857747 0
    outer loop
      vertex 0.565676 -1.0583 2.74621
      vertex 0.666684 -0.997763 30
      vertex 0.565676 -1.0583 30
    endloop
  endfacet
  facet normal 0.514061 -0.857754 5.73067e-08
    outer loop
      vertex 0.640829 -1.01326 2.74621
      vertex 0.666684 -0.997763 30
      vertex 0.565676 -1.0583 2.74621
    endloop
  endfacet
  facet normal 0.514105 -0.857727 0
    outer loop
      vertex 0.666684 -0.997763 2.74621
      vertex 0.666684 -0.997763 30
      vertex 0.640829 -1.01326 2.74621
    endloop
  endfacet
  facet normal 0.514072 0.857747 -0
    outer loop
      vertex 0.666684 0.997763 2.74621
      vertex 0.565676 1.0583 30
      vertex 0.666684 0.997763 30
    endloop
  endfacet
  facet normal 0.514105 0.857727 1.66569e-07
    outer loop
      vertex 0.640829 1.01326 2.74621
      vertex 0.565676 1.0583 30
      vertex 0.666684 0.997763 2.74621
    endloop
  endfacet
  facet normal 0.514061 0.857754 0
    outer loop
      vertex 0.565676 1.0583 30
      vertex 0.640829 1.01326 2.74621
      vertex 0.565676 1.0583 2.74621
    endloop
  endfacet
  facet normal -0.242949 0.970039 0
    outer loop
      vertex -0.234108 1.17694 2.74621
      vertex -0.348341 1.14833 30
      vertex -0.234108 1.17694 30
    endloop
  endfacet
  facet normal -0.24284 0.970066 4.86233e-07
    outer loop
      vertex -0.263349 1.16962 2.74621
      vertex -0.348341 1.14833 30
      vertex -0.234108 1.17694 2.74621
    endloop
  endfacet
  facet normal -0.242987 0.97003 0
    outer loop
      vertex -0.348341 1.14833 30
      vertex -0.263349 1.16962 2.74621
      vertex -0.348341 1.14833 2.74621
    endloop
  endfacet
  facet normal -0.903997 -0.42754 0
    outer loop
      vertex -1.07119 -0.538426 2.74621
      vertex -1.10865 -0.45922 30
      vertex -1.10865 -0.45922 2.74621
    endloop
  endfacet
  facet normal -0.903967 -0.427601 2.19509e-07
    outer loop
      vertex -1.0583 -0.565676 2.74621
      vertex -1.10865 -0.45922 30
      vertex -1.07119 -0.538426 2.74621
    endloop
  endfacet
  facet normal -0.903989 -0.427556 0
    outer loop
      vertex -1.10865 -0.45922 30
      vertex -1.0583 -0.565676 2.74621
      vertex -1.0583 -0.565676 30
    endloop
  endfacet
  facet normal 0.903967 0.427601 0
    outer loop
      vertex 1.0583 0.565676 30
      vertex 1.07119 0.538426 2.74621
      vertex 1.0583 0.565676 2.74621
    endloop
  endfacet
  facet normal 0.903989 0.427556 5.61899e-08
    outer loop
      vertex 1.10865 0.45922 30
      vertex 1.07119 0.538426 2.74621
      vertex 1.0583 0.565676 30
    endloop
  endfacet
  facet normal 0.903997 0.42754 0
    outer loop
      vertex 1.07119 0.538426 2.74621
      vertex 1.10865 0.45922 30
      vertex 1.10865 0.45922 2.74621
    endloop
  endfacet
  facet normal -0.146736 -0.989176 0
    outer loop
      vertex -0.234108 -1.17694 2.74621
      vertex -0.11762 -1.19422 30
      vertex -0.234108 -1.17694 30
    endloop
  endfacet
  facet normal -0.146635 -0.989191 -4.39193e-07
    outer loop
      vertex -0.204291 -1.18136 2.74621
      vertex -0.11762 -1.19422 30
      vertex -0.234108 -1.17694 2.74621
    endloop
  endfacet
  facet normal -0.14677 -0.989171 -0
    outer loop
      vertex -0.11762 -1.19422 30
      vertex -0.204291 -1.18136 2.74621
      vertex -0.11762 -1.19422 2.74621
    endloop
  endfacet
  facet normal 0.671554 -0.740956 0
    outer loop
      vertex 0.761271 -0.927612 2.74621
      vertex 0.848528 -0.848528 30
      vertex 0.761271 -0.927612 30
    endloop
  endfacet
  facet normal 0 -0.999996 0.00290175
    outer loop
      vertex 0.761272 -0.927612 2.74621
      vertex 0.848528 -0.848528 30
      vertex 0.761271 -0.927612 2.74621
    endloop
  endfacet
  facet normal 0.671554 -0.740955 2.18277e-08
    outer loop
      vertex 0.783607 -0.907369 2.74621
      vertex 0.848528 -0.848528 30
      vertex 0.761272 -0.927612 2.74621
    endloop
  endfacet
  facet normal 0.671559 -0.740951 0
    outer loop
      vertex 0.848528 -0.848528 30
      vertex 0.783607 -0.907369 2.74621
      vertex 0.848528 -0.848528 2.74621
    endloop
  endfacet
  facet normal -0.998795 0.0490765 0
    outer loop
      vertex -1.19852 0.0301073 2.74621
      vertex -1.19422 0.11762 30
      vertex -1.19422 0.11762 2.74621
    endloop
  endfacet
  facet normal -0.998794 0.0490982 -6.9877e-08
    outer loop
      vertex -1.2 0 2.74621
      vertex -1.19422 0.11762 30
      vertex -1.19852 0.0301073 2.74621
    endloop
  endfacet
  facet normal -0.998795 0.0490821 0
    outer loop
      vertex -1.19422 0.11762 30
      vertex -1.2 0 2.74621
      vertex -1.2 0 30
    endloop
  endfacet
  facet normal -0.989171 -0.14677 0
    outer loop
      vertex -1.18136 -0.204291 2.74621
      vertex -1.19422 -0.11762 30
      vertex -1.19422 -0.11762 2.74621
    endloop
  endfacet
  facet normal -0.989191 -0.146635 -4.39193e-07
    outer loop
      vertex -1.17694 -0.234108 2.74621
      vertex -1.19422 -0.11762 30
      vertex -1.18136 -0.204291 2.74621
    endloop
  endfacet
  facet normal -0.989176 -0.146736 0
    outer loop
      vertex -1.19422 -0.11762 30
      vertex -1.17694 -0.234108 2.74621
      vertex -1.17694 -0.234108 30
    endloop
  endfacet
  facet normal -0.595702 -0.803206 2.27135e-08
    outer loop
      vertex -0.761271 -0.927612 30
      vertex -0.73706 -0.945569 2.74621
      vertex -0.666684 -0.997763 30
    endloop
  endfacet
  facet normal -0.595719 -0.803193 0
    outer loop
      vertex -0.73706 -0.945569 2.74621
      vertex -0.761271 -0.927612 30
      vertex -0.761271 -0.927612 2.74621
    endloop
  endfacet
  facet normal -0.595696 -0.80321 -0
    outer loop
      vertex -0.666684 -0.997763 30
      vertex -0.73706 -0.945569 2.74621
      vertex -0.666684 -0.997763 2.74621
    endloop
  endfacet
  facet normal 0.146736 -0.989176 0
    outer loop
      vertex 0.11762 -1.19422 2.74621
      vertex 0.234108 -1.17694 30
      vertex 0.11762 -1.19422 30
    endloop
  endfacet
  facet normal 0.14677 -0.989171 -1.5109e-07
    outer loop
      vertex 0.204291 -1.18136 2.74621
      vertex 0.234108 -1.17694 30
      vertex 0.11762 -1.19422 2.74621
    endloop
  endfacet
  facet normal 0.146635 -0.989191 0
    outer loop
      vertex 0.234108 -1.17694 30
      vertex 0.204291 -1.18136 2.74621
      vertex 0.234108 -1.17694 2.74621
    endloop
  endfacet
  facet normal -0.941536 -0.336911 0
    outer loop
      vertex -1.11881 -0.430838 2.74621
      vertex -1.14833 -0.348341 30
      vertex -1.14833 -0.348341 2.74621
    endloop
  endfacet
  facet normal -0.941599 -0.336736 -5.99019e-07
    outer loop
      vertex -1.10866 -0.45922 2.74621
      vertex -1.14833 -0.348341 30
      vertex -1.11881 -0.430838 2.74621
    endloop
  endfacet
  facet normal 0 -0.999992 0.00406835
    outer loop
      vertex -1.10865 -0.45922 2.74621
      vertex -1.14833 -0.348341 30
      vertex -1.10866 -0.45922 2.74621
    endloop
  endfacet
  facet normal -0.941526 -0.336941 0
    outer loop
      vertex -1.14833 -0.348341 30
      vertex -1.10865 -0.45922 2.74621
      vertex -1.10865 -0.45922 30
    endloop
  endfacet
  facet normal 0.595702 -0.803206 0
    outer loop
      vertex 0.666684 -0.997763 2.74621
      vertex 0.761271 -0.927612 30
      vertex 0.666684 -0.997763 30
    endloop
  endfacet
  facet normal 0.595696 -0.80321 3.05276e-08
    outer loop
      vertex 0.73706 -0.945569 2.74621
      vertex 0.761271 -0.927612 30
      vertex 0.666684 -0.997763 2.74621
    endloop
  endfacet
  facet normal 0.595719 -0.803193 0
    outer loop
      vertex 0.761271 -0.927612 30
      vertex 0.73706 -0.945569 2.74621
      vertex 0.761271 -0.927612 2.74621
    endloop
  endfacet
  facet normal 0.427556 -0.903989 0
    outer loop
      vertex 0.45922 -1.10865 2.74621
      vertex 0.565676 -1.0583 30
      vertex 0.45922 -1.10865 30
    endloop
  endfacet
  facet normal 0.42754 -0.903997 7.55221e-08
    outer loop
      vertex 0.538426 -1.07119 2.74621
      vertex 0.565676 -1.0583 30
      vertex 0.45922 -1.10865 2.74621
    endloop
  endfacet
  facet normal 0.427601 -0.903967 0
    outer loop
      vertex 0.565676 -1.0583 2.74621
      vertex 0.565676 -1.0583 30
      vertex 0.538426 -1.07119 2.74621
    endloop
  endfacet
  facet normal -1 0 0
    outer loop
      vertex -0.927612 -0.761272 2.74621
      vertex -0.927612 -0.761271 30
      vertex -0.927612 -0.761271 2.74621
    endloop
  endfacet
  facet normal -0.740955 -0.671554 2.46408e-08
    outer loop
      vertex -0.907369 -0.783607 2.74621
      vertex -0.927612 -0.761271 30
      vertex -0.927612 -0.761272 2.74621
    endloop
  endfacet
  facet normal -0.740951 -0.671559 3.21504e-08
    outer loop
      vertex -0.848528 -0.848528 2.74621
      vertex -0.927612 -0.761271 30
      vertex -0.907369 -0.783607 2.74621
    endloop
  endfacet
  facet normal -0.740956 -0.671554 0
    outer loop
      vertex -0.927612 -0.761271 30
      vertex -0.848528 -0.848528 2.74621
      vertex -0.848528 -0.848528 30
    endloop
  endfacet
  facet normal -0.671554 -0.740956 2.39207e-08
    outer loop
      vertex -0.848528 -0.848528 30
      vertex -0.783607 -0.907369 2.74621
      vertex -0.761271 -0.927612 30
    endloop
  endfacet
  facet normal -0.671559 -0.740951 0
    outer loop
      vertex -0.783607 -0.907369 2.74621
      vertex -0.848528 -0.848528 30
      vertex -0.848528 -0.848528 2.74621
    endloop
  endfacet
  facet normal -0.671554 -0.740955 2.46408e-08
    outer loop
      vertex -0.761272 -0.927612 2.74621
      vertex -0.761271 -0.927612 30
      vertex -0.783607 -0.907369 2.74621
    endloop
  endfacet
  facet normal 0 -1 -0
    outer loop
      vertex -0.761271 -0.927612 30
      vertex -0.761272 -0.927612 2.74621
      vertex -0.761271 -0.927612 2.74621
    endloop
  endfacet
  facet normal -0.242949 -0.970039 0
    outer loop
      vertex -0.348341 -1.14833 2.74621
      vertex -0.234108 -1.17694 30
      vertex -0.348341 -1.14833 30
    endloop
  endfacet
  facet normal -0.242987 -0.97003 1.67279e-07
    outer loop
      vertex -0.263349 -1.16962 2.74621
      vertex -0.234108 -1.17694 30
      vertex -0.348341 -1.14833 2.74621
    endloop
  endfacet
  facet normal -0.24284 -0.970066 0
    outer loop
      vertex -0.234108 -1.17694 2.74621
      vertex -0.234108 -1.17694 30
      vertex -0.263349 -1.16962 2.74621
    endloop
  endfacet
  facet normal 0.0490821 0.998795 -0
    outer loop
      vertex 0.11762 1.19422 2.74621
      vertex 0 1.2 30
      vertex 0.11762 1.19422 30
    endloop
  endfacet
  facet normal 0.0490765 0.998795 -2.40401e-08
    outer loop
      vertex 0.0301073 1.19852 2.74621
      vertex 0 1.2 30
      vertex 0.11762 1.19422 2.74621
    endloop
  endfacet
  facet normal 0.0490982 0.998794 0
    outer loop
      vertex 0 1.2 30
      vertex 0.0301073 1.19852 2.74621
      vertex 0 1.2 2.74621
    endloop
  endfacet
  facet normal 0.903997 -0.42754 0
    outer loop
      vertex 1.10865 -0.45922 30
      vertex 1.07119 -0.538426 2.74621
      vertex 1.10865 -0.45922 2.74621
    endloop
  endfacet
  facet normal 0.903967 -0.427601 2.19509e-07
    outer loop
      vertex 1.10865 -0.45922 30
      vertex 1.0583 -0.565676 2.74621
      vertex 1.07119 -0.538426 2.74621
    endloop
  endfacet
  facet normal 0.903989 -0.427556 0
    outer loop
      vertex 1.0583 -0.565676 30
      vertex 1.0583 -0.565676 2.74621
      vertex 1.10865 -0.45922 30
    endloop
  endfacet
  facet normal -0.514072 0.857747 0
    outer loop
      vertex -0.565676 1.0583 2.74621
      vertex -0.666684 0.997763 30
      vertex -0.565676 1.0583 30
    endloop
  endfacet
  facet normal -0.514061 0.857754 5.73067e-08
    outer loop
      vertex -0.640829 1.01326 2.74621
      vertex -0.666684 0.997763 30
      vertex -0.565676 1.0583 2.74621
    endloop
  endfacet
  facet normal -0.514105 0.857727 0
    outer loop
      vertex -0.666684 0.997763 2.74621
      vertex -0.666684 0.997763 30
      vertex -0.640829 1.01326 2.74621
    endloop
  endfacet
  facet normal 0.671554 0.740956 2.39207e-08
    outer loop
      vertex 0.848528 0.848528 30
      vertex 0.783607 0.907369 2.74621
      vertex 0.761271 0.927612 30
    endloop
  endfacet
  facet normal 0.671559 0.740951 0
    outer loop
      vertex 0.783607 0.907369 2.74621
      vertex 0.848528 0.848528 30
      vertex 0.848528 0.848528 2.74621
    endloop
  endfacet
  facet normal 0.671554 0.740955 2.46408e-08
    outer loop
      vertex 0.761272 0.927612 2.74621
      vertex 0.761271 0.927612 30
      vertex 0.783607 0.907369 2.74621
    endloop
  endfacet
  facet normal 0 1 0
    outer loop
      vertex 0.761271 0.927612 30
      vertex 0.761272 0.927612 2.74621
      vertex 0.761271 0.927612 2.74621
    endloop
  endfacet
  facet normal -0.97003 0.242987 0
    outer loop
      vertex -1.16962 0.263349 2.74621
      vertex -1.14833 0.348341 30
      vertex -1.14833 0.348341 2.74621
    endloop
  endfacet
  facet normal -0.970066 0.24284 4.86233e-07
    outer loop
      vertex -1.17694 0.234108 2.74621
      vertex -1.14833 0.348341 30
      vertex -1.16962 0.263349 2.74621
    endloop
  endfacet
  facet normal -0.970039 0.242949 0
    outer loop
      vertex -1.14833 0.348341 30
      vertex -1.17694 0.234108 2.74621
      vertex -1.17694 0.234108 30
    endloop
  endfacet
  facet normal 0.970066 -0.24284 0
    outer loop
      vertex 1.17694 -0.234108 30
      vertex 1.16962 -0.263349 2.74621
      vertex 1.17694 -0.234108 2.74621
    endloop
  endfacet
  facet normal 0.970039 -0.242949 1.24461e-07
    outer loop
      vertex 1.14833 -0.348341 30
      vertex 1.16962 -0.263349 2.74621
      vertex 1.17694 -0.234108 30
    endloop
  endfacet
  facet normal 0.97003 -0.242987 0
    outer loop
      vertex 1.16962 -0.263349 2.74621
      vertex 1.14833 -0.348341 30
      vertex 1.14833 -0.348341 2.74621
    endloop
  endfacet
  facet normal 0.242949 -0.970039 0
    outer loop
      vertex 0.234108 -1.17694 2.74621
      vertex 0.348341 -1.14833 30
      vertex 0.234108 -1.17694 30
    endloop
  endfacet
  facet normal 0.24284 -0.970066 4.86233e-07
    outer loop
      vertex 0.263349 -1.16962 2.74621
      vertex 0.348341 -1.14833 30
      vertex 0.234108 -1.17694 2.74621
    endloop
  endfacet
  facet normal 0.242987 -0.97003 0
    outer loop
      vertex 0.348341 -1.14833 30
      vertex 0.263349 -1.16962 2.74621
      vertex 0.348341 -1.14833 2.74621
    endloop
  endfacet
  facet normal 1 0 0
    outer loop
      vertex 0.927612 -0.761271 30
      vertex 0.927612 -0.761272 2.74621
      vertex 0.927612 -0.761271 2.74621
    endloop
  endfacet
  facet normal 0.740955 -0.671554 2.46408e-08
    outer loop
      vertex 0.927612 -0.761271 30
      vertex 0.907369 -0.783607 2.74621
      vertex 0.927612 -0.761272 2.74621
    endloop
  endfacet
  facet normal 0.740956 -0.671554 2.39207e-08
    outer loop
      vertex 0.848528 -0.848528 30
      vertex 0.907369 -0.783607 2.74621
      vertex 0.927612 -0.761271 30
    endloop
  endfacet
  facet normal 0.740951 -0.671559 0
    outer loop
      vertex 0.907369 -0.783607 2.74621
      vertex 0.848528 -0.848528 30
      vertex 0.848528 -0.848528 2.74621
    endloop
  endfacet
  facet normal 0.857727 0.514105 0
    outer loop
      vertex 0.997763 0.666684 30
      vertex 1.01326 0.640829 2.74621
      vertex 0.997763 0.666684 2.74621
    endloop
  endfacet
  facet normal 0.857747 0.514072 4.26376e-08
    outer loop
      vertex 1.0583 0.565676 30
      vertex 1.01326 0.640829 2.74621
      vertex 0.997763 0.666684 30
    endloop
  endfacet
  facet normal 0.857754 0.514061 0
    outer loop
      vertex 1.01326 0.640829 2.74621
      vertex 1.0583 0.565676 30
      vertex 1.0583 0.565676 2.74621
    endloop
  endfacet
  facet normal 0.857754 -0.514061 0
    outer loop
      vertex 1.0583 -0.565676 30
      vertex 1.01326 -0.640829 2.74621
      vertex 1.0583 -0.565676 2.74621
    endloop
  endfacet
  facet normal 0.857727 -0.514105 1.66569e-07
    outer loop
      vertex 1.0583 -0.565676 30
      vertex 0.997763 -0.666684 2.74621
      vertex 1.01326 -0.640829 2.74621
    endloop
  endfacet
  facet normal 0.857747 -0.514072 0
    outer loop
      vertex 0.997763 -0.666684 30
      vertex 0.997763 -0.666684 2.74621
      vertex 1.0583 -0.565676 30
    endloop
  endfacet
  facet normal -0.595702 0.803206 0
    outer loop
      vertex -0.666684 0.997763 2.74621
      vertex -0.761271 0.927612 30
      vertex -0.666684 0.997763 30
    endloop
  endfacet
  facet normal -0.595696 0.80321 3.05276e-08
    outer loop
      vertex -0.73706 0.945569 2.74621
      vertex -0.761271 0.927612 30
      vertex -0.666684 0.997763 2.74621
    endloop
  endfacet
  facet normal -0.595719 0.803193 0
    outer loop
      vertex -0.761271 0.927612 30
      vertex -0.73706 0.945569 2.74621
      vertex -0.761271 0.927612 2.74621
    endloop
  endfacet
  facet normal 0.0490821 -0.998795 0
    outer loop
      vertex 0 -1.2 2.74621
      vertex 0.11762 -1.19422 30
      vertex 0 -1.2 30
    endloop
  endfacet
  facet normal 0.0490982 -0.998794 -6.9877e-08
    outer loop
      vertex 0.0301073 -1.19852 2.74621
      vertex 0.11762 -1.19422 30
      vertex 0 -1.2 2.74621
    endloop
  endfacet
  facet normal 0.0490765 -0.998795 0
    outer loop
      vertex 0.11762 -1.19422 2.74621
      vertex 0.11762 -1.19422 30
      vertex 0.0301073 -1.19852 2.74621
    endloop
  endfacet
  facet normal -0.970066 -0.24284 0
    outer loop
      vertex -1.16962 -0.263349 2.74621
      vertex -1.17694 -0.234108 30
      vertex -1.17694 -0.234108 2.74621
    endloop
  endfacet
  facet normal -0.97003 -0.242987 1.67279e-07
    outer loop
      vertex -1.14833 -0.348341 2.74621
      vertex -1.17694 -0.234108 30
      vertex -1.16962 -0.263349 2.74621
    endloop
  endfacet
  facet normal -0.970039 -0.242949 0
    outer loop
      vertex -1.17694 -0.234108 30
      vertex -1.14833 -0.348341 2.74621
      vertex -1.14833 -0.348341 30
    endloop
  endfacet
  facet normal -0.671554 0.740956 0
    outer loop
      vertex -0.761271 0.927612 2.74621
      vertex -0.848528 0.848528 30
      vertex -0.761271 0.927612 30
    endloop
  endfacet
  facet normal -0 0.999996 0.00290175
    outer loop
      vertex -0.761272 0.927612 2.74621
      vertex -0.848528 0.848528 30
      vertex -0.761271 0.927612 2.74621
    endloop
  endfacet
  facet normal -0.671554 0.740955 2.18277e-08
    outer loop
      vertex -0.783607 0.907369 2.74621
      vertex -0.848528 0.848528 30
      vertex -0.761272 0.927612 2.74621
    endloop
  endfacet
  facet normal -0.671559 0.740951 0
    outer loop
      vertex -0.848528 0.848528 30
      vertex -0.783607 0.907369 2.74621
      vertex -0.848528 0.848528 2.74621
    endloop
  endfacet
  facet normal -0.514072 -0.857747 0
    outer loop
      vertex -0.666684 -0.997763 2.74621
      vertex -0.565676 -1.0583 30
      vertex -0.666684 -0.997763 30
    endloop
  endfacet
  facet normal -0.514105 -0.857727 1.66569e-07
    outer loop
      vertex -0.640829 -1.01326 2.74621
      vertex -0.565676 -1.0583 30
      vertex -0.666684 -0.997763 2.74621
    endloop
  endfacet
  facet normal -0.514061 -0.857754 -0
    outer loop
      vertex -0.565676 -1.0583 30
      vertex -0.640829 -1.01326 2.74621
      vertex -0.565676 -1.0583 2.74621
    endloop
  endfacet
  facet normal -0.336941 -0.941526 0
    outer loop
      vertex -0.45922 -1.10865 2.74621
      vertex -0.348341 -1.14833 30
      vertex -0.45922 -1.10865 30
    endloop
  endfacet
  facet normal -0.999992 0 0.00406835
    outer loop
      vertex -0.45922 -1.10866 2.74621
      vertex -0.348341 -1.14833 30
      vertex -0.45922 -1.10865 2.74621
    endloop
  endfacet
  facet normal -0.336736 -0.941599 -5.99019e-07
    outer loop
      vertex -0.430838 -1.11881 2.74621
      vertex -0.348341 -1.14833 30
      vertex -0.45922 -1.10866 2.74621
    endloop
  endfacet
  facet normal -0.336911 -0.941536 0
    outer loop
      vertex -0.348341 -1.14833 2.74621
      vertex -0.348341 -1.14833 30
      vertex -0.430838 -1.11881 2.74621
    endloop
  endfacet
  facet normal 0.941536 -0.336911 0
    outer loop
      vertex 1.14833 -0.348341 30
      vertex 1.11881 -0.430838 2.74621
      vertex 1.14833 -0.348341 2.74621
    endloop
  endfacet
  facet normal 0.941599 -0.336736 -5.99019e-07
    outer loop
      vertex 1.14833 -0.348341 30
      vertex 1.10866 -0.45922 2.74621
      vertex 1.11881 -0.430838 2.74621
    endloop
  endfacet
  facet normal 0.941526 -0.336941 3.45466e-07
    outer loop
      vertex 1.10865 -0.45922 30
      vertex 1.10866 -0.45922 2.74621
      vertex 1.14833 -0.348341 30
    endloop
  endfacet
  facet normal 0 -1 0
    outer loop
      vertex 1.10866 -0.45922 2.74621
      vertex 1.10865 -0.45922 30
      vertex 1.10865 -0.45922 2.74621
    endloop
  endfacet
  facet normal -0.427556 -0.903989 0
    outer loop
      vertex -0.565676 -1.0583 2.74621
      vertex -0.45922 -1.10865 30
      vertex -0.565676 -1.0583 30
    endloop
  endfacet
  facet normal -0.427601 -0.903967 2.19509e-07
    outer loop
      vertex -0.538426 -1.07119 2.74621
      vertex -0.45922 -1.10865 30
      vertex -0.565676 -1.0583 2.74621
    endloop
  endfacet
  facet normal -0.42754 -0.903997 -0
    outer loop
      vertex -0.45922 -1.10865 30
      vertex -0.538426 -1.07119 2.74621
      vertex -0.45922 -1.10865 2.74621
    endloop
  endfacet
  facet normal -0.989191 0.146635 0
    outer loop
      vertex -1.18136 0.204291 2.74621
      vertex -1.17694 0.234108 30
      vertex -1.17694 0.234108 2.74621
    endloop
  endfacet
  facet normal -0.989171 0.14677 -1.5109e-07
    outer loop
      vertex -1.19422 0.11762 2.74621
      vertex -1.17694 0.234108 30
      vertex -1.18136 0.204291 2.74621
    endloop
  endfacet
  facet normal -0.989176 0.146736 0
    outer loop
      vertex -1.17694 0.234108 30
      vertex -1.19422 0.11762 2.74621
      vertex -1.19422 0.11762 30
    endloop
  endfacet
  facet normal 0.242949 0.970039 -0
    outer loop
      vertex 0.348341 1.14833 2.74621
      vertex 0.234108 1.17694 30
      vertex 0.348341 1.14833 30
    endloop
  endfacet
  facet normal 0.242987 0.97003 1.67279e-07
    outer loop
      vertex 0.263349 1.16962 2.74621
      vertex 0.234108 1.17694 30
      vertex 0.348341 1.14833 2.74621
    endloop
  endfacet
  facet normal 0.24284 0.970066 -0
    outer loop
      vertex 0.234108 1.17694 2.74621
      vertex 0.234108 1.17694 30
      vertex 0.263349 1.16962 2.74621
    endloop
  endfacet
  facet normal -0.803193 0.595719 0
    outer loop
      vertex -0.945569 0.73706 2.74621
      vertex -0.927612 0.761271 30
      vertex -0.927612 0.761271 2.74621
    endloop
  endfacet
  facet normal -0.80321 0.595696 3.05276e-08
    outer loop
      vertex -0.997763 0.666684 2.74621
      vertex -0.927612 0.761271 30
      vertex -0.945569 0.73706 2.74621
    endloop
  endfacet
  facet normal -0.803206 0.595702 0
    outer loop
      vertex -0.927612 0.761271 30
      vertex -0.997763 0.666684 2.74621
      vertex -0.997763 0.666684 30
    endloop
  endfacet
  facet normal 0 0 1
    outer loop
      vertex 1.19422 0.11762 30
      vertex 1.19422 -0.11762 30
      vertex 1.2 0 30
    endloop
  endfacet
  facet normal 0 0 1
    outer loop
      vertex 1.17694 0.234108 30
      vertex 1.19422 -0.11762 30
      vertex 1.19422 0.11762 30
    endloop
  endfacet
  facet normal 0 0 1
    outer loop
      vertex 1.17694 0.234108 30
      vertex 1.17694 -0.234108 30
      vertex 1.19422 -0.11762 30
    endloop
  endfacet
  facet normal 0 0 1
    outer loop
      vertex 1.14833 0.348341 30
      vertex 1.17694 -0.234108 30
      vertex 1.17694 0.234108 30
    endloop
  endfacet
  facet normal 0 0 1
    outer loop
      vertex 1.14833 0.348341 30
      vertex 1.14833 -0.348341 30
      vertex 1.17694 -0.234108 30
    endloop
  endfacet
  facet normal 0 0 1
    outer loop
      vertex 1.10865 0.45922 30
      vertex 1.14833 -0.348341 30
      vertex 1.14833 0.348341 30
    endloop
  endfacet
  facet normal 0 0 1
    outer loop
      vertex 1.10865 0.45922 30
      vertex 1.10865 -0.45922 30
      vertex 1.14833 -0.348341 30
    endloop
  endfacet
  facet normal 0 0 1
    outer loop
      vertex 1.0583 0.565676 30
      vertex 1.10865 -0.45922 30
      vertex 1.10865 0.45922 30
    endloop
  endfacet
  facet normal 0 0 1
    outer loop
      vertex 1.0583 0.565676 30
      vertex 1.0583 -0.565676 30
      vertex 1.10865 -0.45922 30
    endloop
  endfacet
  facet normal 0 0 1
    outer loop
      vertex 0.997763 0.666684 30
      vertex 1.0583 -0.565676 30
      vertex 1.0583 0.565676 30
    endloop
  endfacet
  facet normal 0 0 1
    outer loop
      vertex 0.997763 0.666684 30
      vertex 0.997763 -0.666684 30
      vertex 1.0583 -0.565676 30
    endloop
  endfacet
  facet normal 0 0 1
    outer loop
      vertex 0.927612 0.761271 30
      vertex 0.997763 -0.666684 30
      vertex 0.997763 0.666684 30
    endloop
  endfacet
  facet normal 0 0 1
    outer loop
      vertex 0.927612 0.761271 30
      vertex 0.927612 -0.761271 30
      vertex 0.997763 -0.666684 30
    endloop
  endfacet
  facet normal 0 0 1
    outer loop
      vertex 0.848528 0.848528 30
      vertex 0.927612 -0.761271 30
      vertex 0.927612 0.761271 30
    endloop
  endfacet
  facet normal 0 0 1
    outer loop
      vertex 0.848528 0.848528 30
      vertex 0.848528 -0.848528 30
      vertex 0.927612 -0.761271 30
    endloop
  endfacet
  facet normal 0 0 1
    outer loop
      vertex 0.761271 0.927612 30
      vertex 0.848528 -0.848528 30
      vertex 0.848528 0.848528 30
    endloop
  endfacet
  facet normal 0 0 1
    outer loop
      vertex 0.761271 0.927612 30
      vertex 0.761271 -0.927612 30
      vertex 0.848528 -0.848528 30
    endloop
  endfacet
  facet normal 0 0 1
    outer loop
      vertex 0.666684 0.997763 30
      vertex 0.761271 -0.927612 30
      vertex 0.761271 0.927612 30
    endloop
  endfacet
  facet normal 0 0 1
    outer loop
      vertex 0.666684 0.997763 30
      vertex 0.666684 -0.997763 30
      vertex 0.761271 -0.927612 30
    endloop
  endfacet
  facet normal 0 0 1
    outer loop
      vertex 0.565676 1.0583 30
      vertex 0.666684 -0.997763 30
      vertex 0.666684 0.997763 30
    endloop
  endfacet
  facet normal 0 0 1
    outer loop
      vertex 0.565676 1.0583 30
      vertex 0.565676 -1.0583 30
      vertex 0.666684 -0.997763 30
    endloop
  endfacet
  facet normal 0 0 1
    outer loop
      vertex 0.45922 1.10865 30
      vertex 0.565676 -1.0583 30
      vertex 0.565676 1.0583 30
    endloop
  endfacet
  facet normal 0 0 1
    outer loop
      vertex 0.45922 1.10865 30
      vertex 0.45922 -1.10865 30
      vertex 0.565676 -1.0583 30
    endloop
  endfacet
  facet normal 0 0 1
    outer loop
      vertex 0.348341 1.14833 30
      vertex 0.45922 -1.10865 30
      vertex 0.45922 1.10865 30
    endloop
  endfacet
  facet normal 0 0 1
    outer loop
      vertex 0.348341 1.14833 30
      vertex 0.348341 -1.14833 30
      vertex 0.45922 -1.10865 30
    endloop
  endfacet
  facet normal 0 0 1
    outer loop
      vertex 0.234108 1.17694 30
      vertex 0.348341 -1.14833 30
      vertex 0.348341 1.14833 30
    endloop
  endfacet
  facet normal 0 0 1
    outer loop
      vertex 0.234108 1.17694 30
      vertex 0.234108 -1.17694 30
      vertex 0.348341 -1.14833 30
    endloop
  endfacet
  facet normal 0 0 1
    outer loop
      vertex 0.11762 1.19422 30
      vertex 0.234108 -1.17694 30
      vertex 0.234108 1.17694 30
    endloop
  endfacet
  facet normal 0 0 1
    outer loop
      vertex 0.11762 1.19422 30
      vertex 0.11762 -1.19422 30
      vertex 0.234108 -1.17694 30
    endloop
  endfacet
  facet normal 0 0 1
    outer loop
      vertex 0 1.2 30
      vertex 0.11762 -1.19422 30
      vertex 0.11762 1.19422 30
    endloop
  endfacet
  facet normal 0 0 1
    outer loop
      vertex 0 1.2 30
      vertex 0 -1.2 30
      vertex 0.11762 -1.19422 30
    endloop
  endfacet
  facet normal -0 0 1
    outer loop
      vertex -0.11762 1.19422 30
      vertex 0 -1.2 30
      vertex 0 1.2 30
    endloop
  endfacet
  facet normal 0 0 1
    outer loop
      vertex -0.11762 1.19422 30
      vertex -0.11762 -1.19422 30
      vertex 0 -1.2 30
    endloop
  endfacet
  facet normal -0 0 1
    outer loop
      vertex -0.234108 1.17694 30
      vertex -0.11762 -1.19422 30
      vertex -0.11762 1.19422 30
    endloop
  endfacet
  facet normal 0 0 1
    outer loop
      vertex -0.234108 1.17694 30
      vertex -0.234108 -1.17694 30
      vertex -0.11762 -1.19422 30
    endloop
  endfacet
  facet normal -0 0 1
    outer loop
      vertex -0.348341 1.14833 30
      vertex -0.234108 -1.17694 30
      vertex -0.234108 1.17694 30
    endloop
  endfacet
  facet normal 0 0 1
    outer loop
      vertex -0.348341 1.14833 30
      vertex -0.348341 -1.14833 30
      vertex -0.234108 -1.17694 30
    endloop
  endfacet
  facet normal -0 0 1
    outer loop
      vertex -0.45922 1.10865 30
      vertex -0.348341 -1.14833 30
      vertex -0.348341 1.14833 30
    endloop
  endfacet
  facet normal 0 0 1
    outer loop
      vertex -0.45922 1.10865 30
      vertex -0.45922 -1.10865 30
      vertex -0.348341 -1.14833 30
    endloop
  endfacet
  facet normal -0 0 1
    outer loop
      vertex -0.565676 1.0583 30
      vertex -0.45922 -1.10865 30
      vertex -0.45922 1.10865 30
    endloop
  endfacet
  facet normal 0 0 1
    outer loop
      vertex -0.565676 1.0583 30
      vertex -0.565676 -1.0583 30
      vertex -0.45922 -1.10865 30
    endloop
  endfacet
  facet normal -0 0 1
    outer loop
      vertex -0.666684 0.997763 30
      vertex -0.565676 -1.0583 30
      vertex -0.565676 1.0583 30
    endloop
  endfacet
  facet normal 0 0 1
    outer loop
      vertex -0.666684 0.997763 30
      vertex -0.666684 -0.997763 30
      vertex -0.565676 -1.0583 30
    endloop
  endfacet
  facet normal -0 0 1
    outer loop
      vertex -0.761271 0.927612 30
      vertex -0.666684 -0.997763 30
      vertex -0.666684 0.997763 30
    endloop
  endfacet
  facet normal 0 0 1
    outer loop
      vertex -0.761271 0.927612 30
      vertex -0.761271 -0.927612 30
      vertex -0.666684 -0.997763 30
    endloop
  endfacet
  facet normal -0 0 1
    outer loop
      vertex -0.848528 0.848528 30
      vertex -0.761271 -0.927612 30
      vertex -0.761271 0.927612 30
    endloop
  endfacet
  facet normal 0 0 1
    outer loop
      vertex -0.848528 0.848528 30
      vertex -0.848528 -0.848528 30
      vertex -0.761271 -0.927612 30
    endloop
  endfacet
  facet normal -0 0 1
    outer loop
      vertex -0.927612 0.761271 30
      vertex -0.848528 -0.848528 30
      vertex -0.848528 0.848528 30
    endloop
  endfacet
  facet normal 0 0 1
    outer loop
      vertex -0.927612 0.761271 30
      vertex -0.927612 -0.761271 30
      vertex -0.848528 -0.848528 30
    endloop
  endfacet
  facet normal -0 0 1
    outer loop
      vertex -0.997763 0.666684 30
      vertex -0.927612 -0.761271 30
      vertex -0.927612 0.761271 30
    endloop
  endfacet
  facet normal 0 0 1
    outer loop
      vertex -0.997763 0.666684 30
      vertex -0.997763 -0.666684 30
      vertex -0.927612 -0.761271 30
    endloop
  endfacet
  facet normal -0 0 1
    outer loop
      vertex -1.0583 0.565676 30
      vertex -0.997763 -0.666684 30
      vertex -0.997763 0.666684 30
    endloop
  endfacet
  facet normal 0 0 1
    outer loop
      vertex -1.0583 0.565676 30
      vertex -1.0583 -0.565676 30
      vertex -0.997763 -0.666684 30
    endloop
  endfacet
  facet normal -0 0 1
    outer loop
      vertex -1.10865 0.45922 30
      vertex -1.0583 -0.565676 30
      vertex -1.0583 0.565676 30
    endloop
  endfacet
  facet normal 0 0 1
    outer loop
      vertex -1.10865 0.45922 30
      vertex -1.10865 -0.45922 30
      vertex -1.0583 -0.565676 30
    endloop
  endfacet
  facet normal -0 0 1
    outer loop
      vertex -1.14833 0.348341 30
      vertex -1.10865 -0.45922 30
      vertex -1.10865 0.45922 30
    endloop
  endfacet
  facet normal 0 0 1
    outer loop
      vertex -1.14833 0.348341 30
      vertex -1.14833 -0.348341 30
      vertex -1.10865 -0.45922 30
    endloop
  endfacet
  facet normal -0 0 1
    outer loop
      vertex -1.17694 0.234108 30
      vertex -1.14833 -0.348341 30
      vertex -1.14833 0.348341 30
    endloop
  endfacet
  facet normal 0 0 1
    outer loop
      vertex -1.17694 0.234108 30
      vertex -1.17694 -0.234108 30
      vertex -1.14833 -0.348341 30
    endloop
  endfacet
  facet normal -0 0 1
    outer loop
      vertex -1.19422 0.11762 30
      vertex -1.17694 -0.234108 30
      vertex -1.17694 0.234108 30
    endloop
  endfacet
  facet normal 0 0 1
    outer loop
      vertex -1.19422 0.11762 30
      vertex -1.19422 -0.11762 30
      vertex -1.17694 -0.234108 30
    endloop
  endfacet
  facet normal 0 -0 1
    outer loop
      vertex -1.19422 -0.11762 30
      vertex -1.19422 0.11762 30
      vertex -1.2 0 30
    endloop
  endfacet
endsolid OpenSCAD_Model
