branin,neg_branin
35.008576,-35.008576
12.860127,-12.860127
80.518802,-80.518802
20.175333,-20.175333
150.06142,-150.06142
40.247172,-40.247172
8.3885633,-8.3885633
33.121542,-33.121542
122.46244,-122.46244
181.30611,-181.30611
18.208363,-18.208363
19.04105,-19.04105
89.284087,-89.284087
6.2535622,-6.2535622
25.807482,-25.807482
6.3680885,-6.3680885
136.53815,-136.53815
61.864871,-61.864871
65.433987,-65.433987
21.810724,-21.810724
49.477978,-49.477978
19.681968,-19.681968
11.091223,-11.091223
14.21864,-14.21864
101.59536,-101.59536
64.60968,-64.60968
84.26017,-84.26017
9.7138313,-9.7138313
150.9062,-150.9062
20.439147,-20.439147
13.399972,-13.399972
22.766378,-22.766378
105.97195,-105.97195
96.54318,-96.54318
27.757123,-27.757123
53.151827,-53.151827
45.214514,-45.214514
21.624023,-21.624023
3.3607249,-3.3607249
18.469644,-18.469644
68.307121,-68.307121
87.726068,-87.726068
34.293473,-34.293473
7.0610421,-7.0610421
167.62395,-167.62395
7.8284039,-7.8284039
12.99556,-12.99556
5.8074683,-5.8074683
95.676321,-95.676321
35.804596,-35.804596
103.34152,-103.34152
11.935503,-11.935503
100.12993,-100.12993
33.817665,-33.817665
81.725252,-81.725252
35.181322,-35.181322
193.58793,-193.58793
168.99344,-168.99344
39.662458,-39.662458
9.4956872,-9.4956872
61.263238,-61.263238
19.550789,-19.550789
4.9372642,-4.9372642
1.3243841,-1.3243841
151.39557,-151.39557
104.5864,-104.5864
41.191775,-41.191775
32.484431,-32.484431
32.363826,-32.363826
21.67255,-21.67255
0.89053421,-0.89053421
16.863685,-16.863685
101.03436,-101.03436
169.30004,-169.30004
44.381407,-44.381407
2.6658274,-2.6658274
106.83617,-106.83617
9.8595969,-9.8595969
5.8691615,-5.8691615
26.876961,-26.876961
49.729443,-49.729443
18.872206,-18.872206
82.049956,-82.049956
19.969494,-19.969494
139.4411,-139.4411
53.319209,-53.319209
28.708085,-28.708085
18.504944,-18.504944
162.93258,-162.93258
141.78778,-141.78778
21.38323,-21.38323
16.1721,-16.1721
94.864273,-94.864273
16.86076,-16.86076
4.9059136,-4.9059136
3.6577258,-3.6577258
58.749309,-58.749309
43.9765,-43.9765
117.69508,-117.69508
17.789213,-17.789213
91.273153,-91.273153
34.971154,-34.971154
31.973185,-31.973185
58.440042,-58.440042
167.66599,-167.66599
181.98312,-181.98312
32.792555,-32.792555
9.2821022,-9.2821022
73.957351,-73.957351
13.642672,-13.642672
20.129416,-20.129416
4.614136,-4.614136
114.33894,-114.33894
39.67041,-39.67041
32.925673,-32.925673
26.486938,-26.486938
78.547766,-78.547766
26.744031,-26.744031
15.117471,-15.117471
13.530711,-13.530711
61.356495,-61.356495
29.925958,-29.925958
73.593199,-73.593199
0.42494322,-0.42494322
190.91184,-190.91184
27.117627,-27.117627
3.7325126,-3.7325126
9.4355414,-9.4355414
78.482401,-78.482401
57.506772,-57.506772
39.17809,-39.17809
47.02824,-47.02824
66.832011,-66.832011
19.793221,-19.793221
1.8024435,-1.8024435
17.651124,-17.651124
61.412681,-61.412681
91.329935,-91.329935
40.254808,-40.254808
1.4162958,-1.4162958
184.50651,-184.50651
15.048714,-15.048714
8.3779556,-8.3779556
15.273902,-15.273902
68.901095,-68.901095
22.208141,-22.208141
136.13539,-136.13539
14.359372,-14.359372
132.09661,-132.09661
33.657278,-33.657278
64.694691,-64.694691
39.415636,-39.415636
167.07087,-167.07087
169.86847,-169.86847
48.3397,-48.3397
4.0896238,-4.0896238
74.763707,-74.763707
17.4606,-17.4606
1.0192742,-1.0192742
2.2818231,-2.2818231
44.602848,-44.602848
33.543677,-33.543677
60.770958,-60.770958
22.739387,-22.739387
131.23588,-131.23588
40.330462,-40.330462
19.901027,-19.901027
26.390108,-26.390108
125.64354,-125.64354
196.5797,-196.5797
19.433007,-19.433007
41.596105,-41.596105
88.071069,-88.071069
7.7434937,-7.7434937
42.455075,-42.455075
3.3549165,-3.3549165
155.66182,-155.66182
95.810424,-95.810424
49.538178,-49.538178
26.944004,-26.944004
38.679915,-38.679915
15.182074,-15.182074
26.594645,-26.594645
13.265689,-13.265689
108.97873,-108.97873
74.962882,-74.962882
79.338096,-79.338096
1.5105554,-1.5105554
141.53829,-141.53829
14.909762,-14.909762
6.7975606,-6.7975606
10.415277,-10.415277
59.958188,-59.958188
51.096331,-51.096331
105.63048,-105.63048
20.181308,-20.181308
91.039352,-91.039352
24.603629,-24.603629
19.456327,-19.456327
41.303558,-41.303558
189.57767,-189.57767
285.67396,-285.67396
18.093841,-18.093841
14.006221,-14.006221
60.177501,-60.177501
22.042769,-22.042769
11.142226,-11.142226
4.078841,-4.078841
113.77518,-113.77518
48.628361,-48.628361
25.916399,-25.916399
47.293662,-47.293662
80.920318,-80.920318
20.383603,-20.383603
8.7020668,-8.7020668
9.5649975,-9.5649975
72.413326,-72.413326
74.742394,-74.742394
51.1003,-51.1003
1.7701921,-1.7701921
172.06562,-172.06562
32.420229,-32.420229
1.2713383,-1.2713383
3.8946908,-3.8946908
133.58214,-133.58214
96.427264,-96.427264
51.756552,-51.756552
24.229989,-24.229989
41.163203,-41.163203
19.80027,-19.80027
6.994326,-6.994326
22.929171,-22.929171
76.604519,-76.604519
106.10136,-106.10136
83.924031,-83.924031
5.3723276,-5.3723276
135.7892,-135.7892
4.3149673,-4.3149673
12.616268,-12.616268
29.838645,-29.838645
42.874422,-42.874422
14.844947,-14.844947
99.294522,-99.294522
10.110519,-10.110519
154.64846,-154.64846
66.172834,-66.172834
52.879123,-52.879123
32.063717,-32.063717
133.8172,-133.8172
88.125435,-88.125435
31.654008,-31.654008
13.130726,-13.130726
118.87161,-118.87161
11.426378,-11.426378
10.799091,-10.799091
2.7334716,-2.7334716
115.20692,-115.20692
90.654229,-90.654229
62.898766,-62.898766
31.28596,-31.28596
41.879119,-41.879119
18.651931,-18.651931
1.2740568,-1.2740568
23.373079,-23.373079
91.406135,-91.406135
132.50691,-132.50691
66.201391,-66.201391
4.5978859,-4.5978859
141.63725,-141.63725
6.8352376,-6.8352376
10.460559,-10.460559
32.100602,-32.100602
39.981383,-39.981383
13.955317,-13.955317
93.880848,-93.880848
12.672549,-12.672549
175.63195,-175.63195
53.789489,-53.789489
32.53363,-32.53363
21.477342,-21.477342
124.2886,-124.2886
113.90336,-113.90336
30.183589,-30.183589
14.308442,-14.308442
105.65057,-105.65057
16.259947,-16.259947
7.9709634,-7.9709634
0.9658542,-0.9658542
74.802364,-74.802364
55.662387,-55.662387
90.713815,-90.713815
17.69148,-17.69148
86.625574,-86.625574
26.33604,-26.33604
35.683534,-35.683534
41.318009,-41.318009
171.47434,-171.47434
244.45665,-244.45665
27.507342,-27.507342
19.615159,-19.615159
55.897763,-55.897763
19.248159,-19.248159
26.830466,-26.830466
1.244848,-1.244848
120.23086,-120.23086
68.362022,-68.362022
31.038579,-31.038579
45.41516,-45.41516
62.876761,-62.876761
21.999873,-21.999873
18.425154,-18.425154
13.595679,-13.595679
80.703462,-80.703462
52.706277,-52.706277
58.122416,-58.122416
1.5484011,-1.5484011
181.60133,-181.60133
18.664779,-18.664779
2.3057516,-2.3057516
3.1342695,-3.1342695
35.983687,-35.983687
27.815425,-27.815425
75.319469,-75.319469
25.393086,-25.393086
123.97898,-123.97898
37.18921,-37.18921
5.5365145,-5.5365145
26.786668,-26.786668
145.688,-145.688
217.10805,-217.10805
13.893646,-13.893646
26.250978,-26.250978
84.543615,-84.543615
12.95981,-12.95981
25.744978,-25.744978
5.6727243,-5.6727243
164.79249,-164.79249
80.78078,-80.78078
49.131449,-49.131449
28.798633,-28.798633
50.975326,-50.975326
18.378858,-18.378858
20.035567,-20.035567
9.3810169,-9.3810169
107.88952,-107.88952
118.27204,-118.27204
81.698215,-81.698215
1.321945,-1.321945
125.61192,-125.61192
19.110988,-19.110988
9.9425638,-9.9425638
16.347198,-16.347198
94.8746,-94.8746
64.65672,-64.65672
33.05424,-33.05424
39.853394,-39.853394
70.564856,-70.564856
21.027666,-21.027666
2.764901,-2.764901
19.589986,-19.589986
50.280466,-50.280466
76.295285,-76.295285
60.65646,-60.65646
5.8349032,-5.8349032
184.90698,-184.90698
9.5722567,-9.5722567
14.342695,-14.342695
14.687553,-14.687553
67.484762,-67.484762
26.906912,-26.906912
135.52426,-135.52426
8.1684725,-8.1684725
109.5208,-109.5208
44.623339,-44.623339
72.204144,-72.204144
49.130803,-49.130803
175.77742,-175.77742
118.43135,-118.43135
47.266033,-47.266033
2.9998317,-2.9998317
84.797002,-84.797002
17.422887,-17.422887
6.1058843,-6.1058843
1.1103671,-1.1103671
60.357154,-60.357154
26.372697,-26.372697
115.56995,-115.56995
20.131786,-20.131786
104.24888,-104.24888
26.840522,-26.840522
20.149458,-20.149458
51.289482,-51.289482
164.19069,-164.19069
223.39274,-223.39274
26.266297,-26.266297
5.4531352,-5.4531352
56.586331,-56.586331
12.241976,-12.241976
15.613548,-15.613548
10.133253,-10.133253
101.10871,-101.10871
40.397348,-40.397348
40.591124,-40.591124
37.363011,-37.363011
78.308578,-78.308578
26.436343,-26.436343
6.2827311,-6.2827311
10.748611,-10.748611
72.464999,-72.464999
42.9667,-42.9667
61.24462,-61.24462
2.2583139,-2.2583139
196.92804,-196.92804
29.241029,-29.241029
4.2408852,-4.2408852
9.8506821,-9.8506821
145.60436,-145.60436
138.20684,-138.20684
42.961785,-42.961785
36.287597,-36.287597
26.335462,-26.335462
19.615751,-19.615751
4.9887083,-4.9887083
21.269607,-21.269607
100.31719,-100.31719
125.98763,-125.98763
55.252983,-55.252983
6.8603867,-6.8603867
130.1134,-130.1134
4.0179537,-4.0179537
9.0126629,-9.0126629
17.393831,-17.393831
59.365776,-59.365776
16.340405,-16.340405
66.575114,-66.575114
12.720906,-12.720906
141.27914,-141.27914
57.737572,-57.737572
44.42978,-44.42978
18.934906,-18.934906
142.91388,-142.91388
111.12039,-111.12039
24.711368,-24.711368
24.608532,-24.608532
91.438661,-91.438661
13.693674,-13.693674
19.898309,-19.898309
5.8460054,-5.8460054
107.34195,-107.34195
69.401529,-69.401529
23.966042,-23.966042
51.5142,-51.5142
61.139352,-61.139352
19.194996,-19.194996
2.8385604,-2.8385604
17.328077,-17.328077
67.901239,-67.901239
129.02487,-129.02487
29.448664,-29.448664
5.15001,-5.15001
153.70026,-153.70026
15.03781,-15.03781
6.375861,-6.375861
13.009056,-13.009056
75.522787,-75.522787
31.133721,-31.133721
113.1589,-113.1589
14.81054,-14.81054
99.695308,-99.695308
36.480678,-36.480678
41.341566,-41.341566
30.932742,-30.932742
206.49356,-206.49356
174.93638,-174.93638
27.973507,-27.973507
5.3832584,-5.3832584
66.782495,-66.782495
21.747724,-21.747724
1.2475316,-1.2475316
0.44734958,-0.44734958
33.022314,-33.022314
20.975478,-20.975478
83.429263,-83.429263
17.930055,-17.930055
127.1768,-127.1768
54.550811,-54.550811
11.996345,-11.996345
38.969756,-38.969756
123.68365,-123.68365
125.80749,-125.80749
21.530949,-21.530949
18.708643,-18.708643
103.35617,-103.35617
5.1261601,-5.1261601
38.002091,-38.002091
2.4897821,-2.4897821
161.62139,-161.62139
67.774348,-67.774348
56.938956,-56.938956
14.689382,-14.689382
49.372803,-49.372803
17.711709,-17.711709
30.997142,-30.997142
18.789781,-18.789781
92.556461,-92.556461
57.423203,-57.423203
108.68131,-108.68131
3.9145373,-3.9145373
143.92617,-143.92617
13.336059,-13.336059
8.0483248,-8.0483248
25.198803,-25.198803
97.73923,-97.73923
75.058294,-75.058294
30.028594,-30.028594
59.27678,-59.27678
53.772831,-53.772831
18.191302,-18.191302
4.9463654,-4.9463654
18.38963,-18.38963
75.263482,-75.263482
110.66084,-110.66084
33.566215,-33.566215
2.7214862,-2.7214862
164.85523,-164.85523
8.3350469,-8.3350469
7.7470946,-7.7470946
11.995283,-11.995283
83.663375,-83.663375
28.098687,-28.098687
113.56601,-113.56601
12.674705,-12.674705
109.1121,-109.1121
28.747829,-28.747829
41.307853,-41.307853
27.985181,-27.985181
188.91009,-188.91009
178.97315,-178.97315
36.8648,-36.8648
8.4062909,-8.4062909
61.21475,-61.21475
20.803109,-20.803109
3.3572119,-3.3572119
0.60388178,-0.60388178
34.724612,-34.724612
23.663049,-23.663049
76.478829,-76.478829
18.795187,-18.795187
145.02083,-145.02083
50.010017,-50.010017
23.765331,-23.765331
32.985961,-32.985961
107.30935,-107.30935
159.27534,-159.27534
21.228007,-21.228007
27.098253,-27.098253
100.59317,-100.59317
5.833151,-5.833151
33.687788,-33.687788
1.2747302,-1.2747302
141.3602,-141.3602
86.61487,-86.61487
66.477282,-66.477282
20.66802,-20.66802
48.672017,-48.672017
17.839039,-17.839039
38.076765,-38.076765
17.763125,-17.763125
95.878863,-95.878863
63.204908,-63.204908
99.710727,-99.710727
4.7812436,-4.7812436
159.25796,-159.25796
14.307167,-14.307167
14.014349,-14.014349
18.547878,-18.547878
48.647411,-48.647411
39.116925,-39.116925
127.81079,-127.81079
19.65737,-19.65737
102.29556,-102.29556
30.555296,-30.555296
24.370762,-24.370762
52.128339,-52.128339
167.50764,-167.50764
240.63921,-240.63921
20.521569,-20.521569
6.1808802,-6.1808802
70.087558,-70.087558
17.194124,-17.194124
8.2409691,-8.2409691
5.5531891,-5.5531891
101.61594,-101.61594
41.718779,-41.718779
37.95324,-37.95324
37.313246,-37.313246
95.130159,-95.130159
23.379796,-23.379796
13.509236,-13.509236
8.3226087,-8.3226087
62.244718,-62.244718
63.663744,-63.663744
66.911122,-66.911122
0.61806572,-0.61806572
192.98874,-192.98874
35.044115,-35.044115
5.5518749,-5.5518749
10.141554,-10.141554
158.8546,-158.8546
120.95845,-120.95845
42.005066,-42.005066
32.184829,-32.184829
31.077332,-31.077332
21.702754,-21.702754
3.757846,-3.757846
20.324595,-20.324595
93.123331,-93.123331
126.74634,-126.74634
71.423883,-71.423883
4.5451629,-4.5451629
119.38545,-119.38545
2.4155537,-2.4155537
11.419333,-11.419333
22.505919,-22.505919
53.942018,-53.942018
20.040588,-20.040588
80.760885,-80.760885
12.372542,-12.372542
129.49285,-129.49285
56.897856,-56.897856
32.796799,-32.796799
23.421814,-23.421814
152.18283,-152.18283
95.418505,-95.418505
24.878299,-24.878299
19.593664,-19.593664
101.59119,-101.59119
13.464044,-13.464044
19.288988,-19.288988
6.7532012,-6.7532012
46.314924,-46.314924
18.169288,-18.169288
65.438568,-65.438568
21.77327,-21.77327
124.85079,-124.85079
32.196012,-32.196012
3.4580429,-3.4580429
26.807392,-26.807392
143.88752,-143.88752
199.6916,-199.6916
16.033108,-16.033108
26.239429,-26.239429
69.162877,-69.162877
9.1708793,-9.1708793
41.239194,-41.239194
5.7081431,-5.7081431
162.26246,-162.26246
77.830112,-77.830112
53.04347,-53.04347
28.061738,-28.061738
39.025029,-39.025029
19.103917,-19.103917
10.231595,-10.231595
13.140462,-13.140462
120.93734,-120.93734
88.408169,-88.408169
75.329458,-75.329458
4.294075,-4.294075
129.25231,-129.25231
16.210087,-16.210087
8.1636381,-8.1636381
15.953234,-15.953234
85.734622,-85.734622
76.664717,-76.664717
33.633629,-33.633629
44.988907,-44.988907
63.1713,-63.1713
25.065105,-25.065105
4.0700426,-4.0700426
19.517433,-19.517433
55.076609,-55.076609
77.336593,-77.336593
46.377356,-46.377356
7.1401727,-7.1401727
196.71458,-196.71458
11.299359,-11.299359
10.387295,-10.387295
10.311392,-10.311392
73.357085,-73.357085
22.53623,-22.53623
116.46131,-116.46131
11.48923,-11.48923
121.68987,-121.68987
45.397416,-45.397416
89.040714,-89.040714
42.78657,-42.78657
164.70454,-164.70454
136.6724,-136.6724
46.872988,-46.872988
5.0229605,-5.0229605
76.548055,-76.548055
15.739288,-15.739288
4.9242657,-4.9242657
2.6137432,-2.6137432
126.87422,-126.87422
84.171069,-84.171069
50.313167,-50.313167
27.633495,-27.633495
48.134079,-48.134079
19.418126,-19.418126
3.52738,-3.52738
20.829994,-20.829994
84.117864,-84.117864
153.93197,-153.93197
60.468574,-60.468574
4.7578183,-4.7578183
130.41257,-130.41257
11.463819,-11.463819
7.3414479,-7.3414479
35.960574,-35.960574
33.838854,-33.838854
13.41993,-13.41993
94.305144,-94.305144
15.623003,-15.623003
164.4246,-164.4246
68.515431,-68.515431
32.859972,-32.859972
23.674445,-23.674445
137.26036,-137.26036
111.67448,-111.67448
23.858101,-23.858101
10.387689,-10.387689
113.73053,-113.73053
18.030072,-18.030072
4.0256358,-4.0256358
1.8486273,-1.8486273
72.77429,-72.77429
51.94548,-51.94548
98.275154,-98.275154
16.166331,-16.166331
72.271861,-72.271861
28.389516,-28.389516
20.770776,-20.770776
48.19379,-48.19379
193.19087,-193.19087
201.70902,-201.70902
26.555547,-26.555547
12.87657,-12.87657
56.742448,-56.742448
21.011425,-21.011425
31.49034,-31.49034
2.1294421,-2.1294421
137.75746,-137.75746
52.540532,-52.540532
24.807671,-24.807671
35.066291,-35.066291
64.235157,-64.235157
20.852107,-20.852107
14.446981,-14.446981
15.925772,-15.925772
77.174265,-77.174265
46.484086,-46.484086
64.312104,-64.312104
1.3610955,-1.3610955
165.97106,-165.97106
18.892925,-18.892925
4.0382206,-4.0382206
5.1549942,-5.1549942
74.940051,-74.940051
37.211488,-37.211488
96.777551,-96.777551
19.247225,-19.247225
90.21624,-90.21624
20.996743,-20.996743
16.406863,-16.406863
41.629869,-41.629869
188.92524,-188.92524
268.92215,-268.92215
22.928426,-22.928426
12.568292,-12.568292
46.641567,-46.641567
17.036548,-17.036548
20.265661,-20.265661
7.3164755,-7.3164755
115.19013,-115.19013
48.69041,-48.69041
28.631146,-28.631146
45.952977,-45.952977
63.284843,-63.284843
22.589682,-22.589682
5.1125331,-5.1125331
9.9366727,-9.9366727
85.876174,-85.876174
53.30458,-53.30458
47.726296,-47.726296
1.462003,-1.462003
172.39776,-172.39776
26.779866,-26.779866
1.6191716,-1.6191716
3.9399019,-3.9399019
124.4888,-124.4888
113.02067,-113.02067
53.422805,-53.422805
27.286286,-27.286286
34.493247,-34.493247
19.624565,-19.624565
8.2481086,-8.2481086
25.525996,-25.525996
84.644934,-84.644934
108.75423,-108.75423
67.740674,-67.740674
8.8956456,-8.8956456
144.6611,-144.6611
6.0155355,-6.0155355
11.32145,-11.32145
25.209959,-25.209959
49.156499,-49.156499
12.150041,-12.150041
84.894904,-84.894904
11.430743,-11.430743
164.74549,-164.74549
65.921297,-65.921297
68.417614,-68.417614
27.978356,-27.978356
127.82242,-127.82242
107.13601,-107.13601
32.356297,-32.356297
16.550291,-16.550291
105.07768,-105.07768
13.181474,-13.181474
9.941461,-9.941461
2.4712034,-2.4712034
89.740113,-89.740113
53.350197,-53.350197
32.28206,-32.28206
40.015446,-40.015446
73.193344,-73.193344
20.831817,-20.831817
1.0060576,-1.0060576
15.989637,-15.989637
55.929679,-55.929679
111.36112,-111.36112
37.030381,-37.030381
2.7553856,-2.7553856
169.43074,-169.43074
23.199105,-23.199105
6.2411664,-6.2411664
18.187943,-18.187943
63.444751,-63.444751
25.258786,-25.258786
137.94294,-137.94294
16.029707,-16.029707
119.28946,-119.28946
42.072656,-42.072656
65.65569,-65.65569
45.211767,-45.211767
186.92731,-186.92731
170.75795,-170.75795
38.110495,-38.110495
1.8702056,-1.8702056
78.621082,-78.621082
19.002136,-19.002136
0.69898982,-0.69898982
1.3208847,-1.3208847
44.107925,-44.107925
31.540555,-31.540555
68.394532,-68.394532
22.030762,-22.030762
111.45447,-111.45447
42.540897,-42.540897
10.247853,-10.247853
31.347826,-31.347826
146.00694,-146.00694
160.70483,-160.70483
20.009303,-20.009303
30.300827,-30.300827
88.808455,-88.808455
8.3630553,-8.3630553
46.359009,-46.359009
4.6584178,-4.6584178
179.7056,-179.7056
78.55614,-78.55614
42.827045,-42.827045
18.452291,-18.452291
37.538252,-37.538252
15.836882,-15.836882
21.991292,-21.991292
15.041763,-15.041763
107.83075,-107.83075
70.119692,-70.119692
88.859652,-88.859652
1.20777,-1.20777
124.29435,-124.29435
13.472418,-13.472418
4.9209182,-4.9209182
15.531332,-15.531332
136.20289,-136.20289
108.71383,-108.71383
50.407127,-50.407127
38.113144,-38.113144
28.80455,-28.80455
21.300507,-21.300507
0.5644494,-0.5644494
19.074144,-19.074144
106.93161,-106.93161
145.24082,-145.24082
48.905925,-48.905925
1.9556361,-1.9556361
118.89807,-118.89807
7.0916458,-7.0916458
8.2309343,-8.2309343
22.674802,-22.674802
55.550061,-55.550061
17.011112,-17.011112
79.329757,-79.329757
17.245902,-17.245902
152.70495,-152.70495
42.746345,-42.746345
26.516883,-26.516883
16.747464,-16.747464
145.6959,-145.6959
142.42854,-142.42854
25.52801,-25.52801
21.706667,-21.706667
89.888323,-89.888323
15.074709,-15.074709
9.3192066,-9.3192066
2.9155497,-2.9155497
58.425644,-58.425644
46.789189,-46.789189
107.48338,-107.48338
19.171158,-19.171158
109.80803,-109.80803
33.020456,-33.020456
49.065984,-49.065984
49.220194,-49.220194
145.0078,-145.0078
218.13002,-218.13002
33.26171,-33.26171
15.736103,-15.736103
74.246376,-74.246376
11.858905,-11.858905
17.067669,-17.067669
3.5506225,-3.5506225
95.707127,-95.707127
51.567927,-51.567927
38.575397,-38.575397
36.506832,-36.506832
78.498044,-78.498044
30.364231,-30.364231
19.151437,-19.151437
11.282101,-11.282101
62.222746,-62.222746
32.877974,-32.877974
64.303805,-64.303805
0.53991935,-0.53991935
211.09971,-211.09971
26.982045,-26.982045
3.7000515,-3.7000515
5.7533616,-5.7533616
24.817359,-24.817359
20.636178,-20.636178
89.832716,-89.832716
22.463794,-22.463794
151.75959,-151.75959
47.218291,-47.218291
11.113029,-11.113029
32.532953,-32.532953
121.76486,-121.76486
193.61085,-193.61085
14.703748,-14.703748
20.495805,-20.495805
108.79099,-108.79099
9.0051472,-9.0051472
14.963064,-14.963064
4.8837557,-4.8837557
135.73875,-135.73875
62.723635,-62.723635
59.277029,-59.277029
23.39933,-23.39933
64.355518,-64.355518
17.750463,-17.750463
21.484698,-21.484698
8.7503663,-8.7503663
87.226711,-87.226711
87.340624,-87.340624
88.043465,-88.043465
4.0263908,-4.0263908
149.69136,-149.69136
25.085172,-25.085172
14.664576,-14.664576
22.424497,-22.424497
113.77702,-113.77702
80.296212,-80.296212
26.288155,-26.288155
48.819021,-48.819021
53.597738,-53.597738
19.911942,-19.911942
1.997941,-1.997941
20.154186,-20.154186
60.624632,-60.624632
85.770438,-85.770438
45.624213,-45.624213
6.8003182,-6.8003182
159.21534,-159.21534
6.207383,-6.207383
18.353956,-18.353956
8.5448074,-8.5448074
86.805834,-86.805834
39.171235,-39.171235
118.38472,-118.38472
9.6399164,-9.6399164
91.431654,-91.431654
34.740535,-34.740535
63.199968,-63.199968
39.881225,-39.881225
202.00561,-202.00561
146.49474,-146.49474
38.871671,-38.871671
6.9586068,-6.9586068
70.499146,-70.499146
22.878338,-22.878338
5.8893208,-5.8893208
0.78411064,-0.78411064
150.01673,-150.01673
103.43485,-103.43485
45.050694,-45.050694
34.777976,-34.777976
34.830361,-34.830361
23.296964,-23.296964
0.63855523,-0.63855523
18.638336,-18.638336
99.693146,-99.693146
167.18416,-167.18416
58.462216,-58.462216
1.7244811,-1.7244811
111.39259,-111.39259
6.1424521,-6.1424521
6.9116027,-6.9116027
28.379548,-28.379548
47.354253,-47.354253
19.25271,-19.25271
86.58136,-86.58136
18.056284,-18.056284
139.07072,-139.07072
49.164763,-49.164763
19.504342,-19.504342
17.873901,-17.873901
155.84393,-155.84393
124.75215,-124.75215
22.913381,-22.913381
17.147421,-17.147421
97.309929,-97.309929
16.571811,-16.571811
8.7199082,-8.7199082
4.5854873,-4.5854873
50.296943,-50.296943
50.171405,-50.171405
114.2194,-114.2194
18.100198,-18.100198
98.338148,-98.338148
38.114518,-38.114518
37.694081,-37.694081
53.921515,-53.921515
154.54088,-154.54088
193.97245,-193.97245
27.278321,-27.278321
12.037057,-12.037057
79.762727,-79.762727
14.901851,-14.901851
16.692964,-16.692964
1.7395756,-1.7395756
106.50533,-106.50533
47.804447,-47.804447
34.143359,-34.143359
33.173894,-33.173894
89.577348,-89.577348
26.335514,-26.335514
25.148662,-25.148662
12.588021,-12.588021
57.163508,-57.163508
41.741373,-41.741373
73.055074,-73.055074
1.1112617,-1.1112617
198.87119,-198.87119
28.185331,-28.185331
2.6732375,-2.6732375
7.8903372,-7.8903372
29.239169,-29.239169
15.294036,-15.294036
80.009847,-80.009847
21.086845,-21.086845
160.24749,-160.24749
44.0915,-44.0915
12.099931,-12.099931
27.724028,-27.724028
110.41196,-110.41196
197.78603,-197.78603
14.264104,-14.264104
23.14827,-23.14827
97.755251,-97.755251
9.5442006,-9.5442006
21.587633,-21.587633
3.7199548,-3.7199548
127.2367,-127.2367
71.81878,-71.81878
67.466736,-67.466736
27.572471,-27.572471
59.313216,-59.313216
19.09996,-19.09996
21.974627,-21.974627
11.374597,-11.374597
95.486705,-95.486705
85.688304,-85.688304
84.477421,-84.477421
5.3599218,-5.3599218
162.11043,-162.11043
21.441698,-21.441698
20.584866,-20.584866
19.204803,-19.204803
105.97092,-105.97092
94.595527,-94.595527
29.694888,-29.694888
55.436103,-55.436103
47.976786,-47.976786
20.339186,-20.339186
2.8459827,-2.8459827
19.755655,-19.755655
69.804677,-69.804677
83.443797,-83.443797
42.921855,-42.921855
6.6443513,-6.6443513
172.16119,-172.16119
3.6691747,-3.6691747
14.049041,-14.049041
7.1814636,-7.1814636
92.842439,-92.842439
32.613293,-32.613293
107.69912,-107.69912
8.4271752,-8.4271752
98.957631,-98.957631
31.905055,-31.905055
63.595204,-63.595204
34.399021,-34.399021
188.21946,-188.21946
149.58749,-149.58749
42.176261,-42.176261
8.998337,-8.998337
63.724412,-63.724412
19.972752,-19.972752
9.4109822,-9.4109822
0.95851997,-0.95851997
65.839851,-65.839851
41.06713,-41.06713
103.88549,-103.88549
18.995646,-18.995646
79.659724,-79.659724
24.317828,-24.317828
10.482556,-10.482556
45.504657,-45.504657
200.29644,-200.29644
241.95864,-241.95864
18.795886,-18.795886
8.9069727,-8.9069727
50.307291,-50.307291
20.462583,-20.462583
19.500282,-19.500282
5.2568628,-5.2568628
127.1,-127.1
44.740721,-44.740721
24.627156,-24.627156
41.939642,-41.939642
73.317547,-73.317547
20.857256,-20.857256
6.5057613,-6.5057613
11.833861,-11.833861
78.442168,-78.442168
64.628986,-64.628986
54.966748,-54.966748
1.3446669,-1.3446669
162.62718,-162.62718
27.825124,-27.825124
1.0115638,-1.0115638
6.5015702,-6.5015702
137.87594,-137.87594
108.42022,-108.42022
48.866276,-48.866276
25.495472,-25.495472
40.982558,-40.982558
19.550935,-19.550935
13.442427,-13.442427
23.634207,-23.634207
78.577946,-78.577946
127.72058,-127.72058
78.729149,-78.729149
8.3642271,-8.3642271
135.82867,-135.82867
5.781491,-5.781491
9.8441864,-9.8441864
31.340961,-31.340961
41.435758,-41.435758
14.243254,-14.243254
91.981074,-91.981074
11.031075,-11.031075
150.45433,-150.45433
75.205553,-75.205553
56.851313,-56.851313
30.364977,-30.364977
136.08164,-136.08164
92.10036,-92.10036
28.559694,-28.559694
11.91299,-11.91299
114.00723,-114.00723
14.287553,-14.287553
9.6301742,-9.6301742
4.2868734,-4.2868734
82.625867,-82.625867
64.307767,-64.307767
36.806606,-36.806606
44.788291,-44.788291
67.202308,-67.202308
21.367293,-21.367293
1.567605,-1.567605
17.369613,-17.369613
64.401668,-64.401668
109.13159,-109.13159
35.201016,-35.201016
3.4663953,-3.4663953
183.25343,-183.25343
17.706403,-17.706403
5.0419563,-5.0419563
15.815767,-15.815767
68.832862,-68.832862
21.230685,-21.230685
126.13171,-126.13171
16.017309,-16.017309
127.6115,-127.6115
39.177947,-39.177947
66.295815,-66.295815
38.451188,-38.451188
174.10286,-174.10286
172.6479,-172.6479
40.249653,-40.249653
3.0339736,-3.0339736
70.748488,-70.748488
18.25733,-18.25733
0.62300891,-0.62300891
2.3137223,-2.3137223
49.478951,-49.478951
24.218918,-24.218918
60.157037,-60.157037
19.398203,-19.398203
118.93592,-118.93592
39.641817,-39.641817
10.805337,-10.805337
28.073321,-28.073321
133.24417,-133.24417
165.12021,-165.12021
20.254901,-20.254901
33.43,-33.43
79.0479,-79.0479
6.8803266,-6.8803266
56.844973,-56.844973
3.0835821,-3.0835821
170.04018,-170.04018
89.176268,-89.176268
49.357843,-49.357843
23.376583,-23.376583
33.628238,-33.628238
17.109836,-17.109836
22.641668,-22.641668
17.138503,-17.138503
117.51575,-117.51575
67.572754,-67.572754
83.962338,-83.962338
2.1318981,-2.1318981
135.24662,-135.24662
11.478736,-11.478736
5.9713258,-5.9713258
12.671433,-12.671433
41.048364,-41.048364
22.948856,-22.948856
73.714766,-73.714766
24.0866,-24.0866
116.72414,-116.72414
33.797562,-33.797562
3.1690301,-3.1690301
30.553374,-30.553374
155.79673,-155.79673
197.8721,-197.8721
16.817518,-16.817518
22.767216,-22.767216
79.263232,-79.263232
10.04298,-10.04298
32.776897,-32.776897
7.5715709,-7.5715709
172.53831,-172.53831
67.976854,-67.976854
45.645797,-45.645797
23.553338,-23.553338
42.541426,-42.541426
18.927735,-18.927735
10.15312,-10.15312
10.660979,-10.660979
111.95422,-111.95422
91.984832,-91.984832
79.905778,-79.905778
3.6625147,-3.6625147
118.07091,-118.07091
19.020043,-19.020043
5.0773867,-5.0773867
18.922373,-18.922373
92.41419,-92.41419
64.701538,-64.701538
29.74789,-29.74789
39.309274,-39.309274
69.745111,-69.745111
23.802276,-23.802276
3.2963696,-3.2963696
18.896748,-18.896748
47.222573,-47.222573
77.655691,-77.655691
48.412816,-48.412816
6.7622549,-6.7622549
182.5235,-182.5235
15.560438,-15.560438
12.997204,-12.997204
12.337411,-12.337411
67.617633,-67.617633
28.109179,-28.109179
128.08898,-128.08898
11.428757,-11.428757
114.01022,-114.01022
49.294049,-49.294049
86.70513,-86.70513
49.685123,-49.685123
178.20767,-178.20767
132.43828,-132.43828
43.21187,-43.21187
3.9738468,-3.9738468
83.833451,-83.833451
16.686988,-16.686988
2.4945106,-2.4945106
1.672918,-1.672918
114.78826,-114.78826
87.825192,-87.825192
55.447298,-55.447298
30.252082,-30.252082
40.472781,-40.472781
19.266617,-19.266617
1.5062416,-1.5062416
21.912037,-21.912037
90.080687,-90.080687
135.07826,-135.07826
51.296945,-51.296945
5.631025,-5.631025
139.26263,-139.26263
11.76839,-11.76839
9.1156912,-9.1156912
29.722213,-29.722213
41.213253,-41.213253
11.66627,-11.66627
86.499078,-86.499078
15.87947,-15.87947
178.36992,-178.36992
59.556508,-59.556508
43.079633,-43.079633
21.324925,-21.324925
128.02602,-128.02602
130.58741,-130.58741
27.318146,-27.318146
14.085943,-14.085943
105.64366,-105.64366
17.936747,-17.936747
4.7922964,-4.7922964
0.76545676,-0.76545676
82.184987,-82.184987
48.955355,-48.955355
92.230028,-92.230028
16.842766,-16.842766
82.306393,-82.306393
25.052306,-25.052306
28.408728,-28.408728
43.641579,-43.641579
182.75575,-182.75575
223.60365,-223.60365
31.024394,-31.024394
17.344308,-17.344308
52.257942,-52.257942
17.277912,-17.277912
31.996644,-31.996644
3.4153094,-3.4153094
125.05698,-125.05698
57.207199,-57.207199
28.803656,-28.803656
38.337573,-38.337573
55.324781,-55.324781
23.165187,-23.165187
10.387629,-10.387629
14.547815,-14.547815
84.13512,-84.13512
36.402183,-36.402183
56.269445,-56.269445
0.58502873,-0.58502873
176.37818,-176.37818
17.951196,-17.951196
4.5265689,-4.5265689
3.3671897,-3.3671897
104.87541,-104.87541
64.32789,-64.32789
26.187737,-26.187737
52.837695,-52.837695
59.71354,-59.71354
18.782242,-18.782242
4.1982883,-4.1982883
18.579792,-18.579792
66.666989,-66.666989
111.20733,-111.20733
34.619427,-34.619427
3.2890885,-3.2890885
150.90441,-150.90441
11.474152,-11.474152
10.398249,-10.398249
12.931363,-12.931363
77.420925,-77.420925
33.236459,-33.236459
125.33497,-125.33497
13.850939,-13.850939
102.05625,-102.05625
31.028233,-31.028233
39.580549,-39.580549
33.871694,-33.871694
202.05605,-202.05605
174.2607,-174.2607
34.295461,-34.295461
6.2508596,-6.2508596
68.562804,-68.562804
23.203706,-23.203706
1.2804912,-1.2804912
0.76312713,-0.76312713
30.400044,-30.400044
30.729288,-30.729288
85.836091,-85.836091
20.591651,-20.591651
136.24619,-136.24619
53.277714,-53.277714
23.618473,-23.618473
37.337587,-37.337587
118.51094,-118.51094
157.37483,-157.37483
21.173026,-21.173026
24.223944,-24.223944
111.63004,-111.63004
6.4529401,-6.4529401
26.492308,-26.492308
2.237931,-2.237931
150.72963,-150.72963
74.951198,-74.951198
58.409233,-58.409233
16.894965,-16.894965
52.955615,-52.955615
15.960214,-15.960214
38.799137,-38.799137
14.456013,-14.456013
86.609284,-86.609284
66.622483,-66.622483
105.36522,-105.36522
3.1431549,-3.1431549
147.88094,-147.88094
17.593995,-17.593995
9.8619617,-9.8619617
22.132575,-22.132575
56.000524,-56.000524
36.186627,-36.186627
120.55857,-120.55857
20.291038,-20.291038
114.78227,-114.78227
26.595183,-26.595183
32.375773,-32.375773
48.12006,-48.12006
157.90319,-157.90319
264.7413,-264.7413
25.481877,-25.481877
9.4537649,-9.4537649
64.882967,-64.882967
14.180626,-14.180626
7.7058503,-7.7058503
8.0404454,-8.0404454
90.519163,-90.519163
45.966614,-45.966614
42.923709,-42.923709
40.576632,-40.576632
84.353884,-84.353884
26.292912,-26.292912
8.8650562,-8.8650562
7.2807723,-7.2807723
68.328436,-68.328436
51.077905,-51.077905
57.482398,-57.482398
1.2253077,-1.2253077
203.89255,-203.89255
32.918673,-32.918673
6.6718556,-6.6718556
6.8308235,-6.8308235
144.85118,-144.85118
124.7537,-124.7537
46.385756,-46.385756
34.985675,-34.985675
25.635998,-25.635998
20.253993,-20.253993
1.856957,-1.856957
21.18872,-21.18872
99.331753,-99.331753
109.88801,-109.88801
62.232237,-62.232237
3.8756109,-3.8756109
127.80725,-127.80725
3.5376722,-3.5376722
12.482786,-12.482786
17.562928,-17.562928
63.03627,-63.03627
17.442058,-17.442058
73.642407,-73.642407
12.158196,-12.158196
142.23267,-142.23267
49.049177,-49.049177
42.813294,-42.813294
21.697917,-21.697917
142.80439,-142.80439
111.7318,-111.7318
27.917691,-27.917691
24.913423,-24.913423
93.725726,-93.725726
11.617934,-11.617934
20.689813,-20.689813
4.0067814,-4.0067814
54.577289,-54.577289
33.359174,-33.359174
127.17456,-127.17456
19.622866,-19.622866
96.777104,-96.777104
28.214603,-28.214603
18.173069,-18.173069
57.738979,-57.738979
178.24141,-178.24141
219.46884,-219.46884
25.183717,-25.183717
4.6003636,-4.6003636
64.790797,-64.790797
14.35076,-14.35076
10.885957,-10.885957
9.3876813,-9.3876813
107.8946,-107.8946
34.465815,-34.465815
34.719776,-34.719776
31.314804,-31.314804
84.965228,-84.965228
24.678325,-24.678325
5.5120008,-5.5120008
9.5631024,-9.5631024
65.490575,-65.490575
43.846306,-43.846306
64.921292,-64.921292
2.1983178,-2.1983178
183.29032,-183.29032
35.2042,-35.2042
2.496412,-2.496412
12.070352,-12.070352
155.55535,-155.55535
120.85753,-120.85753
37.452373,-37.452373
32.033963,-32.033963
30.196344,-30.196344
19.742403,-19.742403
4.8043947,-4.8043947
19.54868,-19.54868
89.605306,-89.605306
129.51571,-129.51571
58.076151,-58.076151
5.4739086,-5.4739086
118.62443,-118.62443
5.10179,-5.10179
10.567466,-10.567466
20.199203,-20.199203
54.349713,-54.349713
20.349731,-20.349731
75.046376,-75.046376
15.83092,-15.83092
132.87059,-132.87059
62.101977,-62.101977
44.799029,-44.799029
22.912065,-22.912065
154.5125,-154.5125
108.27372,-108.27372
23.285269,-23.285269
21.000288,-21.000288
100.02227,-100.02227
13.634158,-13.634158
13.847125,-13.847125
6.7421368,-6.7421368
96.506836,-96.506836
74.121561,-74.121561
27.219066,-27.219066
57.075333,-57.075333
52.529391,-52.529391
20.371634,-20.371634
5.3320235,-5.3320235
15.997928,-15.997928
73.889496,-73.889496
110.44315,-110.44315
23.190171,-23.190171
3.21338,-3.21338
162.18817,-162.18817
14.198369,-14.198369
6.714801,-6.714801
9.1294941,-9.1294941
85.188847,-85.188847
27.94461,-27.94461
105.53301,-105.53301
15.554896,-15.554896
111.90281,-111.90281
31.940816,-31.940816
51.912988,-51.912988
28.428049,-28.428049
194.12471,-194.12471
195.10705,-195.10705
32.438505,-32.438505
7.788818,-7.788818
61.333309,-61.333309
19.657385,-19.657385
1.3422595,-1.3422595
0.55408421,-0.55408421
40.219197,-40.219197
18.752473,-18.752473
76.981519,-76.981519
17.951866,-17.951866
139.38089,-139.38089
46.817897,-46.817897
18.392074,-18.392074
35.082367,-35.082367
115.94748,-115.94748
145.98432,-145.98432
24.931961,-24.931961
24.010049,-24.010049
96.408746,-96.408746
3.5879337,-3.5879337
39.978816,-39.978816
3.0149244,-3.0149244
147.75284,-147.75284
71.83217,-71.83217
63.114485,-63.114485
15.786563,-15.786563
41.536625,-41.536625
19.007735,-19.007735
23.689622,-23.689622
19.638987,-19.638987
99.558185,-99.558185
46.85141,-46.85141
98.028586,-98.028586
6.5414945,-6.5414945
154.42487,-154.42487
13.624221,-13.624221
9.8834365,-9.8834365
20.379075,-20.379075
124.09118,-124.09118
78.33773,-78.33773
55.246708,-55.246708
27.885679,-27.885679
46.379001,-46.379001
19.869162,-19.869162
1.5477159,-1.5477159
20.689658,-20.689658
82.084589,-82.084589
135.95549,-135.95549
69.279787,-69.279787
2.8642753,-2.8642753
128.64362,-128.64362
9.2328122,-9.2328122
9.605333,-9.605333
35.491323,-35.491323
35.927788,-35.927788
14.840639,-14.840639
104.66453,-104.66453
15.037141,-15.037141
166.30832,-166.30832
57.39852,-57.39852
32.566907,-32.566907
26.259952,-26.259952
133.90989,-133.90989
111.4975,-111.4975
28.541451,-28.541451
11.292768,-11.292768
116.64012,-116.64012
15.127954,-15.127954
4.4136848,-4.4136848
1.8177125,-1.8177125
68.507847,-68.507847
67.797949,-67.797949
101.25945,-101.25945
18.504245,-18.504245
79.791234,-79.791234
28.070263,-28.070263
33.960783,-33.960783
46.353287,-46.353287
186.86342,-186.86342
239.99768,-239.99768
26.266587,-26.266587
18.106402,-18.106402
63.302645,-63.302645
23.218267,-23.218267
20.341432,-20.341432
1.3463189,-1.3463189
127.55871,-127.55871
58.67294,-58.67294
26.896526,-26.896526
38.087185,-38.087185
68.784584,-68.784584
19.835854,-19.835854
17.738062,-17.738062
13.443715,-13.443715
72.177589,-72.177589
54.115189,-54.115189
62.140824,-62.140824
2.0580096,-2.0580096
169.78513,-169.78513
22.896518,-22.896518
2.62632,-2.62632
4.8425716,-4.8425716
42.767866,-42.767866
24.98487,-24.98487
69.062871,-69.062871
23.580923,-23.580923
136.42846,-136.42846
31.468436,-31.468436
9.9759438,-9.9759438
24.709557,-24.709557
137.09694,-137.09694
243.70412,-243.70412
15.449835,-15.449835
32.60987,-32.60987
78.659197,-78.659197
10.865215,-10.865215
27.311248,-27.311248
5.2811171,-5.2811171
150.50128,-150.50128
85.350299,-85.350299
54.922385,-54.922385
31.221285,-31.221285
43.088492,-43.088492
17.530665,-17.530665
14.495217,-14.495217
8.8684349,-8.8684349
116.02508,-116.02508
102.0994,-102.0994
72.096999,-72.096999
3.0475171,-3.0475171
134.84775,-134.84775
19.202296,-19.202296
11.274597,-11.274597
12.407376,-12.407376
84.259745,-84.259745
69.08843,-69.08843
36.634872,-36.634872
43.434274,-43.434274
61.627517,-61.627517
23.21346,-23.21346
1.713303,-1.713303
19.642894,-19.642894
55.071792,-55.071792
62.304319,-62.304319
51.564248,-51.564248
4.3099578,-4.3099578
194.4531,-194.4531
8.4136366,-8.4136366
14.560784,-14.560784
10.332071,-10.332071
76.60696,-76.60696
23.891348,-23.891348
127.43969,-127.43969
9.9654889,-9.9654889
122.51062,-122.51062
38.914454,-38.914454
86.009192,-86.009192
45.427669,-45.427669
164.92267,-164.92267
134.29044,-134.29044
53.953809,-53.953809
5.174169,-5.174169
78.17832,-78.17832
14.778331,-14.778331
5.5993404,-5.5993404
1.5353,-1.5353
87.977233,-87.977233
53.746813,-53.746813
34.974364,-34.974364
42.564595,-42.564595
76.886803,-76.886803
18.309851,-18.309851
0.77848304,-0.77848304
18.217316,-18.217316
56.508011,-56.508011
106.32032,-106.32032
48.101777,-48.101777
2.4641838,-2.4641838
174.86898,-174.86898
15.771974,-15.771974
7.2849695,-7.2849695
19.847355,-19.847355
59.734942,-59.734942
25.097665,-25.097665
145.14646,-145.14646
12.472365,-12.472365
119.32651,-119.32651
38.784477,-38.784477
51.437929,-51.437929
43.070131,-43.070131
178.94758,-178.94758
149.27385,-149.27385
41.463247,-41.463247
2.8503379,-2.8503379
80.477642,-80.477642
19.365983,-19.365983
1.3095173,-1.3095173
0.93696263,-0.93696263
37.532424,-37.532424
35.37093,-35.37093
65.634933,-65.634933
24.24303,-24.24303
118.78603,-118.78603
46.492927,-46.492927
13.905581,-13.905581
28.738598,-28.738598
133.21859,-133.21859
175.12168,-175.12168
17.705376,-17.705376
34.261582,-34.261582
95.19008,-95.19008
10.075084,-10.075084
41.273399,-41.273399
4.8069559,-4.8069559
170.62631,-170.62631
90.56704,-90.56704
44.076243,-44.076243
25.070388,-25.070388
45.841029,-45.841029
15.006216,-15.006216
35.045543,-35.045543
13.423718,-13.423718
101.45689,-101.45689
90.137649,-90.137649
89.491394,-89.491394
1.0681224,-1.0681224
131.31889,-131.31889
14.659225,-14.659225
5.2468916,-5.2468916
13.324755,-13.324755
65.858311,-65.858311
42.130551,-42.130551
95.668797,-95.668797
19.553701,-19.553701
98.644537,-98.644537
23.810075,-23.810075
20.296469,-20.296469
36.133662,-36.133662
175.29528,-175.29528
286.89439,-286.89439
17.880309,-17.880309
16.03478,-16.03478
52.08625,-52.08625
19.023018,-19.023018
15.781114,-15.781114
3.4807618,-3.4807618
106.05742,-106.05742
57.182011,-57.182011
30.480578,-30.480578
54.255651,-54.255651
75.071183,-75.071183
22.019322,-22.019322
9.1870731,-9.1870731
9.5834831,-9.5834831
80.29197,-80.29197
72.439494,-72.439494
47.784697,-47.784697
0.9525023,-0.9525023
184.49321,-184.49321
26.945924,-26.945924
2.9296226,-2.9296226
2.4750866,-2.4750866
125.00059,-125.00059
110.03654,-110.03654
58.760163,-58.760163
28.126086,-28.126086
36.390026,-36.390026
19.560063,-19.560063
7.2176828,-7.2176828
25.103761,-25.103761
85.844957,-85.844957
104.63541,-104.63541
80.76094,-80.76094
7.2362854,-7.2362854
149.04329,-149.04329
3.0403183,-3.0403183
12.396909,-12.396909
26.741716,-26.741716
47.472464,-47.472464
12.521858,-12.521858
88.784472,-88.784472
8.265523,-8.265523
163.09262,-163.09262
61.311604,-61.311604
54.09324,-54.09324
26.977067,-26.977067
123.21599,-123.21599
92.379492,-92.379492
34.495373,-34.495373
15.863522,-15.863522
108.91001,-108.91001
12.26915,-12.26915
16.600864,-16.600864
2.1635038,-2.1635038
28.899942,-28.899942
14.842178,-14.842178
87.262538,-87.262538
20.903216,-20.903216
136.54126,-136.54126
47.032381,-47.032381
4.8566302,-4.8566302
36.18272,-36.18272
130.17212,-130.17212
160.76979,-160.76979
15.952528,-15.952528
13.982299,-13.982299
96.256622,-96.256622
7.838222,-7.838222
25.208798,-25.208798
5.5256004,-5.5256004
150.73629,-150.73629
57.372257,-57.372257
58.870224,-58.870224
20.717037,-20.717037
57.520323,-57.520323
19.04365,-19.04365
16.969747,-16.969747
13.429597,-13.429597
93.797996,-93.797996
78.941109,-78.941109
95.404973,-95.404973
6.302174,-6.302174
141.46845,-141.46845
21.098675,-21.098675
11.415048,-11.415048
28.50902,-28.50902
117.25901,-117.25901
93.084198,-93.084198
25.233604,-25.233604
48.355946,-48.355946
53.339339,-53.339339
20.299151,-20.299151
3.6303409,-3.6303409
19.397221,-19.397221
63.092616,-63.092616
102.37568,-102.37568
40.946018,-40.946018
9.7318513,-9.7318513
158.19412,-158.19412
8.003042,-8.003042
12.435421,-12.435421
8.9396466,-8.9396466
84.851432,-84.851432
39.69213,-39.69213
110.9346,-110.9346
10.511498,-10.511498
88.872518,-88.872518
39.387616,-39.387616
66.913894,-66.913894
38.380778,-38.380778
205.29888,-205.29888
149.02916,-149.02916
34.185882,-34.185882
6.387804,-6.387804
67.185245,-67.185245
22.41096,-22.41096
4.6947047,-4.6947047
2.1466795,-2.1466795
142.10419,-142.10419
118.37675,-118.37675
47.107586,-47.107586
36.084151,-36.084151
28.545645,-28.545645
20.629114,-20.629114
1.1981699,-1.1981699
19.043857,-19.043857
111.4996,-111.4996
167.77229,-167.77229
43.33973,-43.33973
3.9307152,-3.9307152
118.9615,-118.9615
8.3749603,-8.3749603
6.406562,-6.406562
24.345454,-24.345454
55.224101,-55.224101
16.060906,-16.060906
72.489578,-72.489578
17.396504,-17.396504
147.18365,-147.18365
49.20379,-49.20379
29.436663,-29.436663
14.07045,-14.07045
151.40666,-151.40666
146.27685,-146.27685
22.016092,-22.016092
19.452449,-19.452449
85.850454,-85.850454
17.413077,-17.413077
9.0278812,-9.0278812
2.4987561,-2.4987561
64.061497,-64.061497
35.335722,-35.335722
106.867,-106.867
17.758732,-17.758732
99.13562,-99.13562
33.111548,-33.111548
32.952603,-32.952603
52.753026,-52.753026
153.82882,-153.82882
183.6734,-183.6734
34.197966,-34.197966
10.323834,-10.323834
65.272686,-65.272686
10.768645,-10.768645
25.471606,-25.471606
5.0782419,-5.0782419
106.9696,-106.9696
47.580514,-47.580514
38.176286,-38.176286
32.257909,-32.257909
72.447571,-72.447571
29.407362,-29.407362
15.135824,-15.135824
14.917488,-14.917488
69.079252,-69.079252
27.821121,-27.821121
68.344899,-68.344899
0.55893752,-0.55893752
203.61333,-203.61333
21.212452,-21.212452
3.5506623,-3.5506623
7.01728,-7.01728
83.74731,-83.74731
57.458032,-57.458032
36.660331,-36.660331
45.458603,-45.458603
64.85419,-64.85419
20.264726,-20.264726
2.3405596,-2.3405596
18.299166,-18.299166
64.856046,-64.856046
88.052529,-88.052529
38.429673,-38.429673
1.747156,-1.747156
183.21281,-183.21281
13.985813,-13.985813
6.582884,-6.582884
18.611127,-18.611127
71.492472,-71.492472
20.157945,-20.157945
127.66554,-127.66554
14.192836,-14.192836
123.66556,-123.66556
38.179102,-38.179102
50.732416,-50.732416
39.369384,-39.369384
172.39357,-172.39357
148.74715,-148.74715
41.853469,-41.853469
3.6360353,-3.6360353
70.663017,-70.663017
16.8644,-16.8644
1.6350392,-1.6350392
2.560719,-2.560719
49.088099,-49.088099
31.243539,-31.243539
59.825834,-59.825834
21.038226,-21.038226
119.84458,-119.84458
42.812727,-42.812727
15.529498,-15.529498
27.863399,-27.863399
129.94771,-129.94771
182.14304,-182.14304
17.855791,-17.855791
34.418495,-34.418495
81.531822,-81.531822
7.9524506,-7.9524506
44.976607,-44.976607
2.2677408,-2.2677408
169.81589,-169.81589
100.72828,-100.72828
49.694167,-49.694167
26.398585,-26.398585
34.590458,-34.590458
15.55323,-15.55323
28.573182,-28.573182
14.660686,-14.660686
117.3288,-117.3288
78.050708,-78.050708
80.069369,-80.069369
2.3671759,-2.3671759
133.07185,-133.07185
13.189365,-13.189365
7.3639328,-7.3639328
12.87547,-12.87547
65.824138,-65.824138
48.624057,-48.624057
103.74744,-103.74744
19.650596,-19.650596
80.666337,-80.666337
27.014775,-27.014775
14.505804,-14.505804
44.432438,-44.432438
198.04721,-198.04721
263.11015,-263.11015
15.075923,-15.075923
9.6956537,-9.6956537
53.447192,-53.447192
21.43965,-21.43965
12.317441,-12.317441
3.8787082,-3.8787082
126.74508,-126.74508
50.668131,-50.668131
25.149984,-25.149984
44.291291,-44.291291
74.390743,-74.390743
20.667613,-20.667613
9.1439037,-9.1439037
9.1133565,-9.1133565
79.713364,-79.713364
75.696406,-75.696406
50.745967,-50.745967
0.99315204,-0.99315204
162.21581,-162.21581
29.827543,-29.827543
1.7432543,-1.7432543
6.1528374,-6.1528374
140.06481,-140.06481
97.881797,-97.881797
50.168407,-50.168407
24.900116,-24.900116
39.94682,-39.94682
19.666841,-19.666841
7.141931,-7.141931
23.599473,-23.599473
79.336718,-79.336718
105.20998,-105.20998
82.320252,-82.320252
5.9980898,-5.9980898
136.21296,-136.21296
3.4301356,-3.4301356
11.138691,-11.138691
33.852817,-33.852817
44.330109,-44.330109
13.394074,-13.394074
93.051495,-93.051495
9.3694666,-9.3694666
146.38759,-146.38759
73.023422,-73.023422
42.254181,-42.254181
31.209438,-31.209438
135.85346,-135.85346
76.209314,-76.209314
28.815588,-28.815588
11.046884,-11.046884
115.32178,-115.32178
11.804949,-11.804949
13.991331,-13.991331
2.5836748,-2.5836748
31.310094,-31.310094
13.580894,-13.580894
84.18178,-84.18178
20.07167,-20.07167
154.11679,-154.11679
38.16131,-38.16131
9.7437882,-9.7437882
31.131376,-31.131376
116.74513,-116.74513
185.98655,-185.98655
18.723709,-18.723709
19.924605,-19.924605
90.426752,-90.426752
8.0916154,-8.0916154
27.980334,-27.980334
4.9528657,-4.9528657
133.80289,-133.80289
67.485567,-67.485567
70.681919,-70.681919
23.960581,-23.960581
54.611673,-54.611673
19.314504,-19.314504
17.505009,-17.505009
15.10868,-15.10868
98.603074,-98.603074
79.24448,-79.24448
94.289807,-94.289807
7.1013983,-7.1013983
156.07873,-156.07873
18.528079,-18.528079
16.24085,-16.24085
21.407061,-21.407061
98.563753,-98.563753
100.24971,-100.24971
28.322401,-28.322401
58.058743,-58.058743
52.83589,-52.83589
21.122874,-21.122874
4.0901563,-4.0901563
19.482628,-19.482628
65.229705,-65.229705
97.696976,-97.696976
38.190179,-38.190179
10.104932,-10.104932
178.52198,-178.52198
6.9186904,-6.9186904
11.660154,-11.660154
4.6121038,-4.6121038
85.563293,-85.563293
33.828901,-33.828901
101.3582,-101.3582
9.9665463,-9.9665463
106.40346,-106.40346
34.113145,-34.113145
77.727675,-77.727675
31.070986,-31.070986
183.5783,-183.5783
165.05187,-165.05187
38.870652,-38.870652
11.589713,-11.589713
65.760838,-65.760838
20.11902,-20.11902
7.2183992,-7.2183992
2.4258261,-2.4258261
141.63829,-141.63829
107.94482,-107.94482
42.594222,-42.594222
35.888618,-35.888618
39.765498,-39.765498
22.444885,-22.444885
2.3503083,-2.3503083
17.306557,-17.306557
94.97721,-94.97721
187.11855,-187.11855
51.531517,-51.531517
3.3899296,-3.3899296
117.48079,-117.48079
9.264475,-9.264475
5.7999547,-5.7999547
23.808913,-23.808913
42.06955,-42.06955
18.955358,-18.955358
81.222204,-81.222204
20.458117,-20.458117
147.60098,-147.60098
52.890148,-52.890148
27.824162,-27.824162
14.958893,-14.958893
152.62087,-152.62087
141.06574,-141.06574
21.26464,-21.26464
19.446399,-19.446399
100.98176,-100.98176
17.907049,-17.907049
6.9108788,-6.9108788
6.1889111,-6.1889111
53.810902,-53.810902
43.029166,-43.029166
120.35561,-120.35561
16.41873,-16.41873
93.833232,-93.833232
33.904343,-33.904343
32.692498,-32.692498
56.627717,-56.627717
162.61897,-162.61897
183.03383,-183.03383
33.720581,-33.720581
9.4284035,-9.4284035
73.79213,-73.79213
15.378793,-15.378793
21.798077,-21.798077
2.9142256,-2.9142256
112.58229,-112.58229
43.94731,-43.94731
35.643206,-35.643206
28.409373,-28.409373
84.07352,-84.07352
24.44024,-24.44024
20.63332,-20.63332
15.162017,-15.162017
61.143551,-61.143551
37.753516,-37.753516
80.181178,-80.181178
0.53991066,-0.53991066
194.48537,-194.48537
23.708331,-23.708331
3.4653887,-3.4653887
8.6525964,-8.6525964
56.246879,-56.246879
29.51782,-29.51782
120.48646,-120.48646
19.672696,-19.672696
113.83648,-113.83648
23.726161,-23.726161
25.732233,-25.732233
48.843485,-48.843485
159.613,-159.613
244.87356,-244.87356
30.801888,-30.801888
8.4347142,-8.4347142
61.552007,-61.552007
13.012442,-13.012442
13.178138,-13.178138
9.297705,-9.297705
91.101576,-91.101576
40.676001,-40.676001
42.527597,-42.527597
38.093748,-38.093748
83.543803,-83.543803
25.747623,-25.747623
5.7575518,-5.7575518
10.136144,-10.136144
67.517448,-67.517448
42.746215,-42.746215
62.760118,-62.760118
2.0200109,-2.0200109
203.70203,-203.70203
30.650244,-30.650244
4.2964328,-4.2964328
6.979225,-6.979225
142.50758,-142.50758
136.92243,-136.92243
45.220775,-45.220775
35.532705,-35.532705
25.933704,-25.933704
19.86905,-19.86905
5.3427709,-5.3427709
20.896278,-20.896278
98.962742,-98.962742
131.40798,-131.40798
58.547174,-58.547174
6.2159317,-6.2159317
127.98925,-127.98925
5.6798784,-5.6798784
10.831511,-10.831511
15.652865,-15.652865
59.708719,-59.708719
19.252482,-19.252482
73.199644,-73.199644
13.583767,-13.583767
145.95783,-145.95783
50.205272,-50.205272
58.123959,-58.123959
20.561354,-20.561354
143.52626,-143.52626
130.22971,-130.22971
27.84362,-27.84362
26.430602,-26.430602
92.409575,-92.409575
13.878492,-13.878492
15.682621,-15.682621
5.3302067,-5.3302067
103.43546,-103.43546
71.650947,-71.650947
26.91984,-26.91984
52.326276,-52.326276
61.595915,-61.595915
19.292685,-19.292685
2.0421579,-2.0421579
17.200789,-17.200789
66.355279,-66.355279
133.42211,-133.42211
31.077478,-31.077478
5.0973707,-5.0973707
151.59509,-151.59509
15.259681,-15.259681
7.5738848,-7.5738848
10.491498,-10.491498
74.292111,-74.292111
36.090435,-36.090435
123.96749,-123.96749
15.244524,-15.244524
105.5329,-105.5329
31.658837,-31.658837
54.293537,-54.293537
32.709526,-32.709526
204.38269,-204.38269
199.13391,-199.13391
33.040744,-33.040744
6.0718807,-6.0718807
68.6186,-68.6186
23.810055,-23.810055
0.49701818,-0.49701818
0.44952912,-0.44952912
31.02349,-31.02349
23.162428,-23.162428
86.130721,-86.130721
19.218056,-19.218056
135.47742,-135.47742
49.293633,-49.293633
17.316908,-17.316908
36.842381,-36.842381
121.35327,-121.35327
142.47365,-142.47365
24.04744,-24.04744
22.930077,-22.930077
109.20474,-109.20474
5.4351027,-5.4351027
35.487312,-35.487312
3.208956,-3.208956
151.27853,-151.27853
65.634904,-65.634904
58.104998,-58.104998
14.036618,-14.036618
52.321747,-52.321747
17.242907,-17.242907
31.015179,-31.015179
17.166347,-17.166347
87.1803,-87.1803
57.890522,-57.890522
110.91152,-110.91152
3.224879,-3.224879
149.47835,-149.47835
15.475766,-15.475766
8.3686159,-8.3686159
21.88191,-21.88191
121.95953,-121.95953
84.632021,-84.632021
59.115817,-59.115817
29.006488,-29.006488
35.634521,-35.634521
18.85918,-18.85918
0.45473099,-0.45473099
23.709956,-23.709956
95.087604,-95.087604
117.04906,-117.04906
57.916526,-57.916526
5.4676502,-5.4676502
132.92722,-132.92722
7.9700054,-7.9700054
9.9549274,-9.9549274
34.804741,-34.804741
46.423462,-46.423462
12.671999,-12.671999
92.344192,-92.344192
14.028818,-14.028818
168.89523,-168.89523
55.111028,-55.111028
33.230096,-33.230096
24.365527,-24.365527
130.61788,-130.61788
113.66748,-113.66748
29.716826,-29.716826
12.158825,-12.158825
102.22603,-102.22603
14.974267,-14.974267
6.4674647,-6.4674647
0.87605581,-0.87605581
77.906681,-77.906681
56.494035,-56.494035
87.199554,-87.199554
18.513093,-18.513093
86.794248,-86.794248
28.077485,-28.077485
32.770622,-32.770622
41.853036,-41.853036
174.33203,-174.33203
237.08944,-237.08944
25.830015,-25.830015
20.397388,-20.397388
57.2173,-57.2173
16.47219,-16.47219
25.194026,-25.194026
2.0349762,-2.0349762
118.91732,-118.91732
61.378125,-61.378125
27.724008,-27.724008
43.900071,-43.900071
60.086223,-60.086223
24.892016,-24.892016
12.999966,-12.999966
12.120173,-12.120173
79.12804,-79.12804
40.554676,-40.554676
50.93458,-50.93458
0.9480138,-0.9480138
181.14491,-181.14491
21.374164,-21.374164
2.2651328,-2.2651328
3.3966655,-3.3966655
38.494148,-38.494148
26.189232,-26.189232
69.972315,-69.972315
25.240028,-25.240028
122.43971,-122.43971
39.777238,-39.777238
4.6132226,-4.6132226
27.694532,-27.694532
149.03398,-149.03398
211.42909,-211.42909
14.657377,-14.657377
26.047832,-26.047832
85.910138,-85.910138
10.584221,-10.584221
25.465193,-25.465193
6.5453413,-6.5453413
165.44714,-165.44714
71.86089,-71.86089
43.333171,-43.333171
27.61826,-27.61826
47.032055,-47.032055
17.190717,-17.190717
13.323537,-13.323537
7.6041023,-7.6041023
108.19385,-108.19385
99.470682,-99.470682
71.109618,-71.109618
2.3207054,-2.3207054
123.81723,-123.81723
21.593552,-21.593552
6.7698139,-6.7698139
16.83017,-16.83017
99.306589,-99.306589
61.045658,-61.045658
31.520803,-31.520803
36.798383,-36.798383
64.115969,-64.115969
22.414951,-22.414951
1.4071238,-1.4071238
19.4186,-19.4186
51.607883,-51.607883
64.265734,-64.265734
53.800023,-53.800023
4.0478456,-4.0478456
176.12373,-176.12373
10.849111,-10.849111
15.6148,-15.6148
15.764609,-15.764609
74.075874,-74.075874
27.239707,-27.239707
135.71906,-135.71906
10.017582,-10.017582
105.99303,-105.99303
45.739205,-45.739205
72.539374,-72.539374
53.269899,-53.269899
182.55036,-182.55036
117.37945,-117.37945
46.419354,-46.419354
2.3713868,-2.3713868
81.73783,-81.73783
15.984501,-15.984501
4.0604946,-4.0604946
1.1386829,-1.1386829
43.34522,-43.34522
21.442827,-21.442827
70.238982,-70.238982
23.663952,-23.663952
133.40927,-133.40927
29.691554,-29.691554
5.1168834,-5.1168834
25.261934,-25.261934
136.73164,-136.73164
211.80043,-211.80043
17.073715,-17.073715
29.980329,-29.980329
77.954204,-77.954204
8.8331599,-8.8331599
33.607851,-33.607851
7.742119,-7.742119
153.87835,-153.87835
79.617038,-79.617038
55.168117,-55.168117
30.206961,-30.206961
39.77536,-39.77536
18.473922,-18.473922
7.919631,-7.919631
10.345225,-10.345225
114.81011,-114.81011
83.951976,-83.951976
74.388287,-74.388287
4.6058843,-4.6058843
135.25315,-135.25315
16.545112,-16.545112
8.4964321,-8.4964321
13.188824,-13.188824
83.79608,-83.79608
81.485162,-81.485162
36.836734,-36.836734
44.726432,-44.726432
62.076338,-62.076338
24.442274,-24.442274
2.7010448,-2.7010448
18.932454,-18.932454
51.947758,-51.947758
73.124018,-73.124018
46.018372,-46.018372
5.6701528,-5.6701528
196.90314,-196.90314
10.0396,-10.0396
10.345286,-10.345286
9.6092259,-9.6092259
75.933718,-75.933718
27.91085,-27.91085
126.90797,-126.90797
12.783524,-12.783524
123.37556,-123.37556
40.732915,-40.732915
98.206111,-98.206111
43.304354,-43.304354
165.34848,-165.34848
148.61591,-148.61591
51.396042,-51.396042
5.5829512,-5.5829512
76.935824,-76.935824
16.063038,-16.063038
2.1502213,-2.1502213
2.0242137,-2.0242137
123.76303,-123.76303
89.480221,-89.480221
55.618145,-55.618145
28.043071,-28.043071
47.18318,-47.18318
20.148352,-20.148352
3.2259735,-3.2259735
19.041614,-19.041614
79.582005,-79.582005
151.69812,-151.69812
61.24455,-61.24455
3.6969865,-3.6969865
132.03488,-132.03488
11.084065,-11.084065
8.9514581,-8.9514581
34.489268,-34.489268
35.298674,-35.298674
15.034597,-15.034597
104.35979,-104.35979
17.585564,-17.585564
167.05283,-167.05283
61.056256,-61.056256
40.205856,-40.205856
23.476095,-23.476095
136.04065,-136.04065
125.859,-125.859
26.538249,-26.538249
11.145565,-11.145565
116.67988,-116.67988
16.419401,-16.419401
1.498744,-1.498744
1.6410232,-1.6410232
70.198975,-70.198975
59.873331,-59.873331
104.5479,-104.5479
17.530541,-17.530541
78.02168,-78.02168
27.188663,-27.188663
23.568554,-23.568554
45.589234,-45.589234
186.86198,-186.86198
209.46523,-209.46523
28.135653,-28.135653
15.288899,-15.288899
62.875869,-62.875869
22.560853,-22.560853
25.340805,-25.340805
2.9839432,-2.9839432
130.89939,-130.89939
53.771507,-53.771507
25.887508,-25.887508
36.882372,-36.882372
65.580647,-65.580647
20.246036,-20.246036
11.118142,-11.118142
15.167152,-15.167152
72.382615,-72.382615
42.234735,-42.234735
63.198568,-63.198568
1.6489672,-1.6489672
171.49382,-171.49382
18.726391,-18.726391
4.3175822,-4.3175822
4.0507627,-4.0507627
100.94397,-100.94397
67.0213,-67.0213
28.318938,-28.318938
54.347115,-54.347115
48.938091,-48.938091
18.726231,-18.726231
6.5404159,-6.5404159
17.88061,-17.88061
79.425579,-79.425579
101.7625,-101.7625
30.479555,-30.479555
1.8600413,-1.8600413
153.35003,-153.35003
11.168338,-11.168338
10.486524,-10.486524
11.483495,-11.483495
90.8257,-90.8257
26.954888,-26.954888
109.88104,-109.88104
13.182786,-13.182786
106.00241,-106.00241
28.878362,-28.878362
45.062626,-45.062626
33.306251,-33.306251
198.33366,-198.33366
185.37039,-185.37039
37.020284,-37.020284
6.9284979,-6.9284979
57.198207,-57.198207
19.777273,-19.777273
3.2857028,-3.2857028
0.99499221,-0.99499221
35.456844,-35.456844
20.943368,-20.943368
71.715812,-71.715812
19.130908,-19.130908
147.99279,-147.99279
51.164651,-51.164651
26.365522,-26.365522
33.911479,-33.911479
110.37356,-110.37356
164.30571,-164.30571
22.251641,-22.251641
28.998516,-28.998516
101.49161,-101.49161
4.9166877,-4.9166877
35.972939,-35.972939
1.511354,-1.511354
139.23253,-139.23253
74.760777,-74.760777
59.141688,-59.141688
18.572207,-18.572207
46.849942,-46.849942
19.354072,-19.354072
32.546443,-32.546443
17.070212,-17.070212
96.024512,-96.024512
55.730032,-55.730032
91.607483,-91.607483
4.9419217,-4.9419217
157.68601,-157.68601
18.078453,-18.078453
9.9494986,-9.9494986
18.269164,-18.269164
49.920361,-49.920361
35.366332,-35.366332
120.3467,-120.3467
19.771675,-19.771675
104.41903,-104.41903
31.501039,-31.501039
24.711987,-24.711987
55.099436,-55.099436
172.3838,-172.3838
242.57781,-242.57781
21.326627,-21.326627
7.4774813,-7.4774813
69.777356,-69.777356
14.580549,-14.580549
8.493594,-8.493594
6.2041979,-6.2041979
100.49148,-100.49148
35.221018,-35.221018
32.30412,-32.30412
34.470373,-34.470373
92.22622,-92.22622
25.909069,-25.909069
10.023175,-10.023175
7.8736422,-7.8736422
63.487872,-63.487872
53.929145,-53.929145
59.109247,-59.109247
0.7440618,-0.7440618
188.18914,-188.18914
42.196108,-42.196108
2.677114,-2.677114
9.767454,-9.767454
161.61921,-161.61921
109.05521,-109.05521
39.669759,-39.669759
28.755139,-28.755139
28.052486,-28.052486
21.11607,-21.11607
2.954992,-2.954992
20.771873,-20.771873
96.335878,-96.335878
120.50836,-120.50836
68.355047,-68.355047
4.0874696,-4.0874696
111.79507,-111.79507
3.5679735,-3.5679735
13.940448,-13.940448
23.109164,-23.109164
59.190215,-59.190215
19.273446,-19.273446
78.352861,-78.352861
12.205512,-12.205512
126.44445,-126.44445
55.645346,-55.645346
38.27542,-38.27542
26.710883,-26.710883
160.33934,-160.33934
101.89377,-101.89377
24.525563,-24.525563
18.581959,-18.581959
96.926294,-96.926294
12.808933,-12.808933
19.572978,-19.572978
5.0970048,-5.0970048
142.77996,-142.77996
104.00313,-104.00313
46.418379,-46.418379
36.684158,-36.684158
27.853974,-27.853974
20.328049,-20.328049
0.68112571,-0.68112571
20.612761,-20.612761
113.50638,-113.50638
152.2515,-152.2515
50.334513,-50.334513
2.8384212,-2.8384212
115.52504,-115.52504
6.6523495,-6.6523495
7.4676139,-7.4676139
25.280266,-25.280266
55.911453,-55.911453
15.835541,-15.835541
72.354132,-72.354132
14.885933,-14.885933
146.75232,-146.75232
46.675923,-46.675923
22.458545,-22.458545
17.038334,-17.038334
149.75195,-149.75195
131.83923,-131.83923
23.882833,-23.882833
19.550338,-19.550338
85.134212,-85.134212
16.182853,-16.182853
14.874009,-14.874009
2.3927173,-2.3927173
62.449017,-62.449017
41.627688,-41.627688
103.33474,-103.33474
18.971316,-18.971316
100.84636,-100.84636
33.931591,-33.931591
45.336285,-45.336285
53.268944,-53.268944
153.75556,-153.75556
211.06436,-211.06436
31.437426,-31.437426
13.122799,-13.122799
65.936223,-65.936223
12.162407,-12.162407
20.886414,-20.886414
3.5875288,-3.5875288
103.49805,-103.49805
52.618092,-52.618092
38.713892,-38.713892
33.276641,-33.276641
75.643242,-75.643242
29.633003,-29.633003
23.467921,-23.467921
13.367981,-13.367981
69.160711,-69.160711
37.692134,-37.692134
67.164195,-67.164195
1.0941203,-1.0941203
201.37152,-201.37152
25.921624,-25.921624
3.7162813,-3.7162813
7.416894,-7.416894
28.759002,-28.759002
17.456139,-17.456139
85.454458,-85.454458
21.064024,-21.064024
139.14401,-139.14401
48.889948,-48.889948
9.6240316,-9.6240316
35.52858,-35.52858
130.43268,-130.43268
187.66943,-187.66943
14.068869,-14.068869
16.251186,-16.251186
97.121255,-97.121255
10.373526,-10.373526
20.142142,-20.142142
3.3447293,-3.3447293
147.06174,-147.06174
62.228558,-62.228558
58.609755,-58.609755
21.675554,-21.675554
60.825326,-60.825326
18.506268,-18.506268
26.987915,-26.987915
11.876473,-11.876473
95.091179,-95.091179
96.256079,-96.256079
92.610045,-92.610045
4.8953337,-4.8953337
140.87974,-140.87974
24.992556,-24.992556
14.920597,-14.920597
27.348937,-27.348937
118.09224,-118.09224
78.526341,-78.526341
24.518145,-24.518145
47.636961,-47.636961
52.969146,-52.969146
19.883059,-19.883059
2.7008531,-2.7008531
20.212025,-20.212025
65.931866,-65.931866
90.332242,-90.332242
46.131306,-46.131306
8.2021357,-8.2021357
155.89983,-155.89983
6.3889901,-6.3889901
18.395303,-18.395303
9.6545027,-9.6545027
85.760928,-85.760928
34.084137,-34.084137
111.2052,-111.2052
7.7859637,-7.7859637
88.343769,-88.343769
37.817973,-37.817973
56.120798,-56.120798
40.990245,-40.990245
205.09067,-205.09067
135.68124,-135.68124
36.177626,-36.177626
6.0264866,-6.0264866
67.936236,-67.936236
21.359559,-21.359559
9.4536435,-9.4536435
1.3392423,-1.3392423
70.91634,-70.91634
40.337377,-40.337377
101.77615,-101.77615
19.050625,-19.050625
91.028035,-91.028035
21.698934,-21.698934
14.942131,-14.942131
38.459801,-38.459801
181.6344,-181.6344
260.7532,-260.7532
21.23205,-21.23205
12.452688,-12.452688
47.749828,-47.749828
19.297854,-19.297854
19.163179,-19.163179
6.1809824,-6.1809824
113.43597,-113.43597
55.579624,-55.579624
32.97084,-32.97084
50.450574,-50.450574
68.124276,-68.124276
21.352031,-21.352031
5.6635989,-5.6635989
10.858051,-10.858051
82.400037,-82.400037
59.81808,-59.81808
52.320668,-52.320668
1.2596723,-1.2596723
180.21809,-180.21809
21.891742,-21.891742
2.3538636,-2.3538636
3.9205902,-3.9205902
119.84032,-119.84032
121.83936,-121.83936
55.255233,-55.255233
31.000255,-31.000255
39.223318,-39.223318
19.61913,-19.61913
9.6886368,-9.6886368
23.846394,-23.846394
79.218198,-79.218198
114.23882,-114.23882
70.129427,-70.129427
8.1223193,-8.1223193
155.87147,-155.87147
4.4647,-4.4647
10.564215,-10.564215
23.424129,-23.424129
43.272577,-43.272577
12.072374,-12.072374
84.980823,-84.980823
11.501725,-11.501725
170.66742,-170.66742
68.667023,-68.667023
60.954083,-60.954083
23.066422,-23.066422
117.32673,-117.32673
98.926887,-98.926887
31.367554,-31.367554
17.911543,-17.911543
112.58702,-112.58702
13.881466,-13.881466
10.9989,-10.9989
3.5988387,-3.5988387
83.984009,-83.984009
60.039002,-60.039002
33.316554,-33.316554
44.45124,-44.45124
81.689236,-81.689236
20.354578,-20.354578
1.0668329,-1.0668329
16.526892,-16.526892
51.560559,-51.560559
116.20491,-116.20491
38.861514,-38.861514
3.8662384,-3.8662384
183.48437,-183.48437
19.180914,-19.180914
4.4834144,-4.4834144
16.743505,-16.743505
55.353464,-55.353464
25.619701,-25.619701
139.76563,-139.76563
14.986546,-14.986546
125.91129,-125.91129
43.514106,-43.514106
57.833489,-57.833489
37.870592,-37.870592
174.29184,-174.29184
158.82748,-158.82748
36.000949,-36.000949
2.9540496,-2.9540496
85.430352,-85.430352
19.33431,-19.33431
0.75483464,-0.75483464
0.6736365,-0.6736365
41.962305,-41.962305
32.96765,-32.96765
71.0415,-71.0415
22.384656,-22.384656
110.97898,-110.97898
42.44926,-42.44926
8.494542,-8.494542
29.981511,-29.981511
139.57791,-139.57791
155.48537,-155.48537
19.277686,-19.277686
29.169606,-29.169606
90.246796,-90.246796
9.8130334,-9.8130334
45.840323,-45.840323
4.9950283,-4.9950283
179.46326,-179.46326
87.293925,-87.293925
47.106598,-47.106598
21.829358,-21.829358
40.221966,-40.221966
16.166304,-16.166304
26.425655,-26.425655
15.191049,-15.191049
105.04648,-105.04648
77.598012,-77.598012
95.335909,-95.335909
0.93024172,-0.93024172
128.79893,-128.79893
11.08069,-11.08069
5.3607894,-5.3607894
15.185476,-15.185476
64.548716,-64.548716
48.311878,-48.311878
112.76423,-112.76423
19.76708,-19.76708
84.218425,-84.218425
22.181275,-22.181275
14.034533,-14.034533
43.939195,-43.939195
195.27841,-195.27841
258.2339,-258.2339
21.26825,-21.26825
10.338193,-10.338193
56.172722,-56.172722
22.667522,-22.667522
13.989505,-13.989505
6.7953445,-6.7953445
121.81968,-121.81968
47.846951,-47.846951
27.413353,-27.413353
43.814912,-43.814912
73.177448,-73.177448
20.022089,-20.022089
5.0099655,-5.0099655
10.685501,-10.685501
75.088476,-75.088476
62.765257,-62.765257
55.693926,-55.693926
2.1740303,-2.1740303
166.81546,-166.81546
26.725763,-26.725763
1.3804879,-1.3804879
5.2198547,-5.2198547
127.6275,-127.6275
106.43774,-106.43774
48.857884,-48.857884
27.09607,-27.09607
44.443562,-44.443562
19.174202,-19.174202
9.506338,-9.506338
21.602947,-21.602947
69.610573,-69.610573
115.01138,-115.01138
72.972472,-72.972472
6.4137997,-6.4137997
143.40959,-143.40959
6.2254893,-6.2254893
10.19837,-10.19837
26.75258,-26.75258
39.198074,-39.198074
15.43815,-15.43815
94.656978,-94.656978
13.657041,-13.657041
161.37352,-161.37352
73.490814,-73.490814
59.236145,-59.236145
27.942474,-27.942474
128.90267,-128.90267
95.324843,-95.324843
28.995916,-28.995916
15.40231,-15.40231
121.71157,-121.71157
12.692048,-12.692048
6.4359802,-6.4359802
4.2778422,-4.2778422
74.304147,-74.304147
63.149431,-63.149431
37.456195,-37.456195
49.09525,-49.09525
71.674214,-71.674214
22.352923,-22.352923
1.4708173,-1.4708173
15.55454,-15.55454
55.616526,-55.616526
100.01049,-100.01049
31.922259,-31.922259
2.3566659,-2.3566659
194.24378,-194.24378
18.52809,-18.52809
5.6233094,-5.6233094
12.640385,-12.640385
64.655967,-64.655967
22.728117,-22.728117
130.33895,-130.33895
16.497764,-16.497764
138.27598,-138.27598
37.441599,-37.441599
71.363036,-71.363036
34.162253,-34.162253
163.78006,-163.78006
181.04151,-181.04151
42.27955,-42.27955
4.7439376,-4.7439376
78.685499,-78.685499
17.868663,-17.868663
0.47835596,-0.47835596
1.45183,-1.45183
49.277194,-49.277194
30.561806,-30.561806
65.970689,-65.970689
21.079694,-21.079694
123.58868,-123.58868
36.903276,-36.903276
13.459665,-13.459665
27.491129,-27.491129
131.20743,-131.20743
174.67384,-174.67384
21.466103,-21.466103
35.880044,-35.880044
84.029943,-84.029943
7.2906454,-7.2906454
46.93288,-46.93288
4.0503079,-4.0503079
164.87037,-164.87037
93.205334,-93.205334
52.491498,-52.491498
23.679935,-23.679935
33.128265,-33.128265
15.768115,-15.768115
18.987551,-18.987551
15.17825,-15.17825
113.38029,-113.38029
64.553822,-64.553822
84.412707,-84.412707
2.0127377,-2.0127377
137.82081,-137.82081
11.679635,-11.679635
6.840015,-6.840015
11.319702,-11.319702
151.4638,-151.4638
90.999904,-90.999904
40.867994,-40.867994
32.383464,-32.383464
32.152862,-32.152862
21.825878,-21.825878
0.43990969,-0.43990969
18.831625,-18.831625
102.85948,-102.85948
152.94087,-152.94087
52.278594,-52.278594
1.7584525,-1.7584525
103.92468,-103.92468
8.0079141,-8.0079141
8.0699584,-8.0699584
28.046912,-28.046912
50.84266,-50.84266
17.759878,-17.759878
81.414825,-81.414825
17.720351,-17.720351
138.21285,-138.21285
50.145955,-50.145955
21.64218,-21.64218
21.256028,-21.256028
161.16239,-161.16239
128.15333,-128.15333
22.585357,-22.585357
16.333274,-16.333274
93.980811,-93.980811
15.660955,-15.660955
9.3846265,-9.3846265
3.8354003,-3.8354003
56.515866,-56.515866
50.918159,-50.918159
114.6912,-114.6912
18.81259,-18.81259
93.528475,-93.528475
36.279665,-36.279665
44.913283,-44.913283
59.622419,-59.622419
166.9659,-166.9659
208.82705,-208.82705
30.581475,-30.581475
11.99148,-11.99148
74.779388,-74.779388
14.508293,-14.508293
15.914806,-15.914806
2.9742787,-2.9742787
111.46957,-111.46957
44.124345,-44.124345
33.402767,-33.402767
27.865065,-27.865065
81.204538,-81.204538
26.583194,-26.583194
23.586338,-23.586338
11.816766,-11.816766
61.541415,-61.541415
40.10887,-40.10887
71.688387,-71.688387
0.66264471,-0.66264471
188.33996,-188.33996
31.904977,-31.904977
2.9263864,-2.9263864
9.8024809,-9.8024809
34.174132,-34.174132
15.316719,-15.316719
79.568729,-79.568729
20.190597,-20.190597
153.57632,-153.57632
42.356906,-42.356906
14.90856,-14.90856
32.840649,-32.840649
122.19016,-122.19016
209.08381,-209.08381
16.189549,-16.189549
21.39168,-21.39168
90.597508,-90.597508
8.8281191,-8.8281191
20.345716,-20.345716
3.9893864,-3.9893864
133.76734,-133.76734
67.316975,-67.316975
64.687333,-64.687333
23.00723,-23.00723
52.324348,-52.324348
19.155704,-19.155704
19.145831,-19.145831
12.592339,-12.592339
103.30049,-103.30049
80.592421,-80.592421
80.918043,-80.918043
7.652767,-7.652767
149.94981,-149.94981
23.826837,-23.826837
16.718032,-16.718032
21.712016,-21.712016
106.20172,-106.20172
81.638392,-81.638392
27.503916,-27.503916
51.907007,-51.907007
45.499585,-45.499585
21.086689,-21.086689
3.3890041,-3.3890041
19.509161,-19.509161
70.887127,-70.887127
76.052729,-76.052729
39.608413,-39.608413
5.5414062,-5.5414062
165.87846,-165.87846
6.175612,-6.175612
18.49754,-18.49754
6.5800145,-6.5800145
97.016212,-97.016212
30.748205,-30.748205
102.81225,-102.81225
9.195902,-9.195902
98.887788,-98.887788
32.523014,-32.523014
69.405786,-69.405786
37.295938,-37.295938
193.67597,-193.67597
155.30288,-155.30288
41.353853,-41.353853
9.081039,-9.081039
61.975592,-61.975592
18.488731,-18.488731
9.977257,-9.977257
0.76446809,-0.76446809
112.89978,-112.89978
62.602553,-62.602553
24.593291,-24.593291
49.780915,-49.780915
56.812629,-56.812629
17.918245,-17.918245
3.4525539,-3.4525539
18.876904,-18.876904
73.583314,-73.583314
120.12713,-120.12713
37.229613,-37.229613
3.4730284,-3.4730284
144.72009,-144.72009
11.685139,-11.685139
10.407618,-10.407618
15.534187,-15.534187
80.217657,-80.217657
29.791036,-29.791036
118.17648,-118.17648
12.140039,-12.140039
94.486743,-94.486743
33.071512,-33.071512
35.6224,-35.6224
36.300414,-36.300414
210.48614,-210.48614
165.29456,-165.29456
32.315576,-32.315576
4.8930618,-4.8930618
62.466665,-62.466665
22.100408,-22.100408
3.2556783,-3.2556783
0.4624036,-0.4624036
29.237432,-29.237432
23.371829,-23.371829
77.049494,-77.049494
19.481694,-19.481694
134.54134,-134.54134
58.966863,-58.966863
18.294543,-18.294543
37.214433,-37.214433
118.44862,-118.44862
143.39324,-143.39324
19.117507,-19.117507
23.554954,-23.554954
108.21883,-108.21883
6.3813625,-6.3813625
34.451477,-34.451477
1.6613669,-1.6613669
152.19469,-152.19469
70.281698,-70.281698
53.74422,-53.74422
17.153279,-17.153279
55.63064,-55.63064
17.667064,-17.667064
41.267524,-41.267524
16.611563,-16.611563
88.933036,-88.933036
67.063446,-67.063446
102.59329,-102.59329
3.2620171,-3.2620171
147.49231,-147.49231
18.242738,-18.242738
8.3469359,-8.3469359
22.765373,-22.765373
55.972926,-55.972926
28.033112,-28.033112
108.41954,-108.41954
20.270556,-20.270556
111.3491,-111.3491
29.591182,-29.591182
26.339886,-26.339886
48.170718,-48.170718
158.96469,-158.96469
247.46415,-247.46415
21.847861,-21.847861
8.4178313,-8.4178313
60.971156,-60.971156
13.202964,-13.202964
12.954077,-12.954077
6.740771,-6.740771
93.279084,-93.279084
41.190795,-41.190795
37.970301,-37.970301
40.299847,-40.299847
85.894927,-85.894927
28.165163,-28.165163
10.902184,-10.902184
8.858245,-8.858245
70.191813,-70.191813
52.877557,-52.877557
56.352577,-56.352577
0.82339191,-0.82339191
202.46093,-202.46093
35.951666,-35.951666
5.0914099,-5.0914099
7.684256,-7.684256
152.39383,-152.39383
125.41236,-125.41236
45.198773,-45.198773
33.382458,-33.382458
23.996858,-23.996858
20.405068,-20.405068
3.0501153,-3.0501153
22.154406,-22.154406
107.79359,-107.79359
117.45807,-117.45807
64.497643,-64.497643
5.5009894,-5.5009894
122.85422,-122.85422
3.0071202,-3.0071202
11.807173,-11.807173
20.020339,-20.020339
63.834468,-63.834468
15.95415,-15.95415
69.941211,-69.941211
9.2233876,-9.2233876
135.24624,-135.24624
52.092212,-52.092212
38.277971,-38.277971
22.835642,-22.835642
148.16676,-148.16676
104.49106,-104.49106
26.780706,-26.780706
21.802813,-21.802813
88.340695,-88.340695
12.446781,-12.446781
26.199146,-26.199146
4.0692058,-4.0692058
36.619887,-36.619887
24.424279,-24.424279
76.483876,-76.483876
25.466833,-25.466833
120.67417,-120.67417
35.10303,-35.10303
2.2196677,-2.2196677
27.264789,-27.264789
146.22213,-146.22213
187.79774,-187.79774
15.337686,-15.337686
24.219671,-24.219671
83.385585,-83.385585
11.156913,-11.156913
32.143411,-32.143411
7.9240086,-7.9240086
167.41428,-167.41428
74.765366,-74.765366
49.687591,-49.687591
27.568818,-27.568818
47.843885,-47.843885
19.396434,-19.396434
12.172138,-12.172138
10.949527,-10.949527
105.75882,-105.75882
97.979602,-97.979602
84.312969,-84.312969
2.426596,-2.426596
126.67354,-126.67354
16.175122,-16.175122
7.2799955,-7.2799955
17.658641,-17.658641
94.815131,-94.815131
77.624414,-77.624414
33.232425,-33.232425
41.071476,-41.071476
70.665886,-70.665886
22.00443,-22.00443
4.7705333,-4.7705333
19.042141,-19.042141
47.59127,-47.59127
88.832267,-88.832267
54.645494,-54.645494
7.2904823,-7.2904823
186.15332,-186.15332
10.97129,-10.97129
9.7623104,-9.7623104
13.611495,-13.611495
66.346564,-66.346564
30.70241,-30.70241
135.54243,-135.54243
11.025215,-11.025215
110.98514,-110.98514
47.233784,-47.233784
83.894742,-83.894742
47.156371,-47.156371
175.04827,-175.04827
130.94087,-130.94087
45.093628,-45.093628
3.0952906,-3.0952906
84.356516,-84.356516
18.46523,-18.46523
2.6186948,-2.6186948
1.8472585,-1.8472585
115.4429,-115.4429
103.97295,-103.97295
62.837651,-62.837651
31.196199,-31.196199
42.398025,-42.398025
19.468033,-19.468033
2.8275854,-2.8275854
21.980549,-21.980549
89.718934,-89.718934
148.84512,-148.84512
58.214733,-58.214733
5.5469041,-5.5469041
144.1833,-144.1833
8.4752446,-8.4752446
10.999512,-10.999512
30.705888,-30.705888
39.14247,-39.14247
13.131918,-13.131918
94.277177,-94.277177
15.353993,-15.353993
177.20498,-177.20498
57.394256,-57.394256
40.452916,-40.452916
18.887004,-18.887004
125.29025,-125.29025
127.42642,-127.42642
27.769106,-27.769106
13.879283,-13.879283
106.82411,-106.82411
17.60299,-17.60299
3.5560767,-3.5560767
0.95993319,-0.95993319
77.010401,-77.010401
49.169013,-49.169013
93.618972,-93.618972
16.51783,-16.51783
84.48851,-84.48851
25.530409,-25.530409
24.879861,-24.879861
40.685476,-40.685476
172.56421,-172.56421
214.64009,-214.64009
29.50499,-29.50499
17.114713,-17.114713
54.961607,-54.961607
18.523942,-18.523942
32.722601,-32.722601
2.6786487,-2.6786487
122.75842,-122.75842
62.337759,-62.337759
30.501742,-30.501742
43.913337,-43.913337
60.000888,-60.000888
22.387168,-22.387168
12.100479,-12.100479
15.15451,-15.15451
80.076371,-80.076371
40.240569,-40.240569
59.150849,-59.150849
0.89622504,-0.89622504
184.35671,-184.35671
14.93659,-14.93659
3.1291049,-3.1291049
2.6296689,-2.6296689
133.94046,-133.94046
80.243758,-80.243758
53.867484,-53.867484
26.54753,-26.54753
43.026807,-43.026807
19.289754,-19.289754
1.3970708,-1.3970708
22.451882,-22.451882
88.305346,-88.305346
133.94393,-133.94393
67.918956,-67.918956
3.999316,-3.999316
125.01737,-125.01737
7.5718444,-7.5718444
8.2627194,-8.2627194
41.736333,-41.736333
38.868812,-38.868812
14.396969,-14.396969
99.826816,-99.826816
13.565077,-13.565077
154.40598,-154.40598
63.217985,-63.217985
24.062165,-24.062165
26.651997,-26.651997
140.83153,-140.83153
97.000406,-97.000406
25.806349,-25.806349
9.2818848,-9.2818848
109.3088,-109.3088
15.533977,-15.533977
5.827919,-5.827919
1.2110963,-1.2110963
68.256375,-68.256375
58.825163,-58.825163
93.195643,-93.195643
18.21865,-18.21865
76.73217,-76.73217
32.135657,-32.135657
24.819736,-24.819736
46.083737,-46.083737
183.42092,-183.42092
213.70789,-213.70789
22.005641,-22.005641
15.401909,-15.401909
62.41309,-62.41309
19.839951,-19.839951
24.718324,-24.718324
1.1758853,-1.1758853
132.19146,-132.19146
57.009093,-57.009093
23.751972,-23.751972
40.71203,-40.71203
68.965845,-68.965845
21.58296,-21.58296
17.536341,-17.536341
13.799662,-13.799662
73.20742,-73.20742
51.78344,-51.78344
58.414876,-58.414876
2.2240443,-2.2240443
169.42614,-169.42614
22.358275,-22.358275
1.7475714,-1.7475714
4.5849997,-4.5849997
43.252687,-43.252687
20.213637,-20.213637
62.350193,-62.350193
23.061688,-23.061688
131.22646,-131.22646
37.889463,-37.889463
4.8855913,-4.8855913
23.998669,-23.998669
136.2327,-136.2327
212.49121,-212.49121
13.389872,-13.389872
29.270992,-29.270992
76.081689,-76.081689
9.9919739,-9.9919739
32.855023,-32.855023
4.5993045,-4.5993045
156.21203,-156.21203
82.868609,-82.868609
49.982839,-49.982839
32.427555,-32.427555
43.085702,-43.085702
17.985692,-17.985692
13.198577,-13.198577
9.7801805,-9.7801805
118.31346,-118.31346
96.435185,-96.435185
66.924016,-66.924016
2.8751733,-2.8751733
134.29977,-134.29977
18.341203,-18.341203
11.016,-11.016
13.730963,-13.730963
92.029536,-92.029536
71.857074,-71.857074
36.049849,-36.049849
42.298802,-42.298802
58.181018,-58.181018
23.374892,-23.374892
2.0671043,-2.0671043
20.012464,-20.012464
59.243143,-59.243143
63.281062,-63.281062
51.677285,-51.677285
4.4954831,-4.4954831
191.18506,-191.18506
7.4264408,-7.4264408
12.630568,-12.630568
13.96358,-13.96358
80.471506,-80.471506
22.399566,-22.399566
122.99004,-122.99004
10.243387,-10.243387
112.8667,-112.8667
41.840872,-41.840872
74.284319,-74.284319
45.984331,-45.984331
169.92487,-169.92487
122.50691,-122.50691
50.190479,-50.190479
3.5863329,-3.5863329
73.863446,-73.863446
14.662089,-14.662089
7.1501562,-7.1501562
2.0622321,-2.0622321
48.351536,-48.351536
32.220828,-32.220828
128.61788,-128.61788
18.885713,-18.885713
102.10896,-102.10896
27.672255,-27.672255
19.042067,-19.042067
53.551031,-53.551031
168.87697,-168.87697
220.85941,-220.85941
25.673125,-25.673125
5.2115499,-5.2115499
67.10619,-67.10619
15.912585,-15.912585
13.422198,-13.422198
6.8638108,-6.8638108
102.80534,-102.80534
37.093788,-37.093788
37.19573,-37.19573
35.3177,-35.3177
93.7735,-93.7735
22.9567,-22.9567
9.1880295,-9.1880295
11.209432,-11.209432
61.525938,-61.525938
54.655996,-54.655996
71.749542,-71.749542
1.156914,-1.156914
192.48197,-192.48197
32.386299,-32.386299
3.1267029,-3.1267029
10.299491,-10.299491
155.43844,-155.43844
132.78529,-132.78529
41.582573,-41.582573
32.359582,-32.359582
32.041115,-32.041115
21.225037,-21.225037
8.8869567,-8.8869567
20.226759,-20.226759
92.152198,-92.152198
149.33995,-149.33995
68.02901,-68.02901
7.1601177,-7.1601177
119.94739,-119.94739
4.4170892,-4.4170892
9.54393,-9.54393
20.550044,-20.550044
51.211809,-51.211809
22.176741,-22.176741
79.719233,-79.719233
13.904028,-13.904028
132.52239,-132.52239
57.857922,-57.857922
45.963121,-45.963121
22.114762,-22.114762
153.55465,-153.55465
112.5648,-112.5648
24.63455,-24.63455
21.083433,-21.083433
100.10553,-100.10553
15.548852,-15.548852
14.695397,-14.695397
8.7149605,-8.7149605
95.56234,-95.56234
82.927103,-82.927103
30.788823,-30.788823
57.975156,-57.975156
56.092547,-56.092547
18.968607,-18.968607
2.7677801,-2.7677801
17.18798,-17.18798
74.623038,-74.623038
132.39056,-132.39056
30.496186,-30.496186
4.5886175,-4.5886175
165.95205,-165.95205
11.896223,-11.896223
5.5515924,-5.5515924
9.5571072,-9.5571072
81.194688,-81.194688
30.44483,-30.44483
111.91134,-111.91134
14.213734,-14.213734
112.16271,-112.16271
28.920017,-28.920017
55.701689,-55.701689
26.521178,-26.521178
191.70452,-191.70452
204.42098,-204.42098
35.096463,-35.096463
8.207516,-8.207516
61.229533,-61.229533
21.670182,-21.670182
1.6588043,-1.6588043
0.49083147,-0.49083147
34.891409,-34.891409
17.305054,-17.305054
77.316554,-77.316554
16.993661,-16.993661
145.01006,-145.01006
46.756002,-46.756002
17.777049,-17.777049
33.186142,-33.186142
109.72027,-109.72027
143.72643,-143.72643
24.805091,-24.805091
25.616142,-25.616142
98.391833,-98.391833
4.5670317,-4.5670317
43.225657,-43.225657
2.0161431,-2.0161431
142.55895,-142.55895
76.391034,-76.391034
65.767939,-65.767939
17.977989,-17.977989
47.507956,-47.507956
18.681869,-18.681869
30.207034,-30.207034
20.136448,-20.136448
96.411419,-96.411419
54.956078,-54.956078
104.05631,-104.05631
4.5300002,-4.5300002
160.6917,-160.6917
12.212818,-12.212818
10.905703,-10.905703
18.118043,-18.118043
27.113263,-27.113263
17.93305,-17.93305
93.793374,-93.793374
21.702203,-21.702203
145.06151,-145.06151
40.451939,-40.451939
8.504342,-8.504342
35.53626,-35.53626
128.62221,-128.62221
182.56443,-182.56443
18.545426,-18.545426
17.585672,-17.585672
100.82732,-100.82732
8.037672,-8.037672
20.821463,-20.821463
6.0635162,-6.0635162
141.7146,-141.7146
58.720097,-58.720097
62.55653,-62.55653
19.595693,-19.595693
59.893679,-59.893679
18.592502,-18.592502
17.293117,-17.293117
12.32732,-12.32732
90.08936,-90.08936
80.58325,-80.58325
99.181059,-99.181059
5.8775522,-5.8775522
143.93331,-143.93331
21.9615,-21.9615
11.68348,-11.68348
24.902791,-24.902791
106.71996,-106.71996
85.767736,-85.767736
25.047024,-25.047024
51.764105,-51.764105
58.0166,-58.0166
20.260541,-20.260541
3.3127452,-3.3127452
19.838839,-19.838839
56.536154,-56.536154
100.66348,-100.66348
40.108148,-40.108148
10.424911,-10.424911
164.72969,-164.72969
10.163578,-10.163578
15.784515,-15.784515
5.7919752,-5.7919752
79.295426,-79.295426
40.481152,-40.481152
112.3285,-112.3285
11.384436,-11.384436
99.392808,-99.392808
37.414083,-37.414083
77.693867,-77.693867
36.817973,-36.817973
196.83284,-196.83284
161.51718,-161.51718
36.369253,-36.369253
9.3774438,-9.3774438
72.825559,-72.825559
22.418646,-22.418646
4.0628608,-4.0628608
2.146411,-2.146411
128.94102,-128.94102
113.83757,-113.83757
47.06116,-47.06116
39.799209,-39.799209
32.759378,-32.759378
20.801274,-20.801274
0.90606828,-0.90606828
17.396567,-17.396567
102.37451,-102.37451
164.67588,-164.67588
42.023928,-42.023928
3.0019632,-3.0019632
124.54554,-124.54554
9.9471698,-9.9471698
7.1297064,-7.1297064
18.205352,-18.205352
49.459895,-49.459895
16.442402,-16.442402
74.794253,-74.794253
19.302811,-19.302811
162.30515,-162.30515
46.287661,-46.287661
36.28476,-36.28476
14.179853,-14.179853
142.37692,-142.37692
159.23574,-159.23574
23.686316,-23.686316
24.531435,-24.531435
93.80532,-93.80532
16.9509,-16.9509
7.4665174,-7.4665174
3.7022292,-3.7022292
62.843141,-62.843141
39.88622,-39.88622
112.65542,-112.65542
17.884508,-17.884508
104.37567,-104.37567
29.082722,-29.082722
42.839757,-42.839757
51.117031,-51.117031
153.48923,-153.48923
207.15099,-207.15099
39.984953,-39.984953
13.00373,-13.00373
68.357511,-68.357511
12.39051,-12.39051
22.658095,-22.658095
5.0790741,-5.0790741
100.94146,-100.94146
47.438183,-47.438183
40.586864,-40.586864
31.175632,-31.175632
73.813596,-73.813596
27.92557,-27.92557
15.43663,-15.43663
14.163364,-14.163364
66.329734,-66.329734
29.203761,-29.203761
71.520594,-71.520594
0.5001117,-0.5001117
206.82526,-206.82526
22.957286,-22.957286
4.6560826,-4.6560826
6.219916,-6.219916
91.422046,-91.422046
47.902137,-47.902137
31.738534,-31.738534
40.66732,-40.66732
70.506904,-70.506904
19.895033,-19.895033
1.7358105,-1.7358105
17.145939,-17.145939
57.045032,-57.045032
90.586826,-90.586826
40.23069,-40.23069
1.2794122,-1.2794122
168.53026,-168.53026
18.883637,-18.883637
8.64809,-8.64809
20.712402,-20.712402
65.703634,-65.703634
23.374496,-23.374496
140.31278,-140.31278
14.414085,-14.414085
116.01299,-116.01299
41.127346,-41.127346
50.456064,-50.456064
46.367223,-46.367223
184.03013,-184.03013
145.85534,-145.85534
39.617484,-39.617484
2.2563028,-2.2563028
79.290414,-79.290414
17.66257,-17.66257
0.76527098,-0.76527098
1.9058441,-1.9058441
43.942302,-43.942302
40.623348,-40.623348
67.646945,-67.646945
23.443467,-23.443467
111.6695,-111.6695
45.921529,-45.921529
14.750307,-14.750307
31.419478,-31.419478
143.43253,-143.43253
178.58593,-178.58593
18.019123,-18.019123
31.595237,-31.595237
90.435899,-90.435899
9.3628659,-9.3628659
35.665192,-35.665192
3.7646255,-3.7646255
178.85215,-178.85215
88.238134,-88.238134
43.676328,-43.676328
21.353598,-21.353598
38.823637,-38.823637
13.947384,-13.947384
28.186099,-28.186099
12.49733,-12.49733
106.73754,-106.73754
79.838726,-79.838726
84.875694,-84.875694
1.3346868,-1.3346868
123.49152,-123.49152
15.30883,-15.30883
5.0431352,-5.0431352
16.119718,-16.119718
75.179847,-75.179847
45.157437,-45.157437
96.194851,-96.194851
19.616507,-19.616507
90.704283,-90.704283
23.44927,-23.44927
21.349564,-21.349564
40.422118,-40.422118
187.59459,-187.59459
292.46054,-292.46054
18.703373,-18.703373
13.603723,-13.603723
49.218111,-49.218111
18.219715,-18.219715
12.917244,-12.917244
5.780714,-5.780714
114.34993,-114.34993
54.374922,-54.374922
29.525717,-29.525717
48.23126,-48.23126
64.916184,-64.916184
22.787976,-22.787976
6.8588888,-6.8588888
7.2207748,-7.2207748
86.331672,-86.331672
62.759613,-62.759613
43.958582,-43.958582
0.84782672,-0.84782672
173.19437,-173.19437
28.776611,-28.776611
2.2647682,-2.2647682
3.9213642,-3.9213642
127.14166,-127.14166
103.06563,-103.06563
54.882936,-54.882936
26.725526,-26.725526
33.495431,-33.495431
19.718694,-19.718694
3.4985251,-3.4985251
25.446709,-25.446709
85.959377,-85.959377
88.681414,-88.681414
70.941193,-70.941193
6.6471522,-6.6471522
144.26803,-144.26803
3.5506935,-3.5506935
12.312719,-12.312719
27.127499,-27.127499
51.739095,-51.739095
11.233454,-11.233454
86.209997,-86.209997
9.6965293,-9.6965293
161.20709,-161.20709
64.473595,-64.473595
52.73595,-52.73595
28.986679,-28.986679
126.70305,-126.70305
89.046521,-89.046521
32.783132,-32.783132
15.048475,-15.048475
107.07523,-107.07523
10.464355,-10.464355
14.160395,-14.160395
1.1631576,-1.1631576
121.91211,-121.91211
88.715251,-88.715251
59.167037,-59.167037
29.936406,-29.936406
38.178197,-38.178197
18.612895,-18.612895
0.72031344,-0.72031344
24.113419,-24.113419
95.098781,-95.098781
125.5906,-125.5906
59.778219,-59.778219
5.40842,-5.40842
136.82687,-136.82687
6.8581457,-6.8581457
9.3330191,-9.3330191
34.974753,-34.974753
43.652902,-43.652902
12.94529,-12.94529
89.532397,-89.532397
13.190268,-13.190268
168.75057,-168.75057
58.734462,-58.734462
28.662914,-28.662914
22.461933,-22.461933
129.15614,-129.15614
106.91053,-106.91053
27.824447,-27.824447
12.311311,-12.311311
101.8907,-101.8907
16.303137,-16.303137
7.7299307,-7.7299307
0.65669532,-0.65669532
78.870246,-78.870246
56.030387,-56.030387
87.586406,-87.586406
18.158968,-18.158968
82.032169,-82.032169
27.983414,-27.983414
32.508248,-32.508248
42.654511,-42.654511
175.556,-175.556
235.16277,-235.16277
24.623546,-24.623546
17.98391,-17.98391
54.32244,-54.32244
17.875689,-17.875689
26.579187,-26.579187
1.6520784,-1.6520784
124.71906,-124.71906
67.39101,-67.39101
29.269933,-29.269933
43.980989,-43.980989
59.317896,-59.317896
23.450073,-23.450073
17.055282,-17.055282
12.547196,-12.547196
83.048952,-83.048952
48.144726,-48.144726
54.408498,-54.408498
1.1498479,-1.1498479
176.98175,-176.98175
19.387474,-19.387474
1.8894658,-1.8894658
3.7039214,-3.7039214
39.47312,-39.47312
26.852672,-26.852672
71.497281,-71.497281
24.39436,-24.39436
117.24472,-117.24472
40.606409,-40.606409
4.1266581,-4.1266581
27.635088,-27.635088
150.74961,-150.74961
206.89271,-206.89271
13.29352,-13.29352
23.586325,-23.586325
81.360554,-81.360554
11.961755,-11.961755
25.982829,-25.982829
5.177475,-5.177475
171.77664,-171.77664
78.354638,-78.354638
46.119157,-46.119157
27.635975,-27.635975
47.201819,-47.201819
17.658577,-17.658577
17.738438,-17.738438
8.8546478,-8.8546478
112.25712,-112.25712
110.23773,-110.23773
75.287364,-75.287364
1.9929404,-1.9929404
121.19461,-121.19461
19.798382,-19.798382
9.5650745,-9.5650745
18.861643,-18.861643
99.732468,-99.732468
64.433134,-64.433134
31.257921,-31.257921
38.825785,-38.825785
66.645025,-66.645025
22.08961,-22.08961
2.2645277,-2.2645277
19.530849,-19.530849
51.768822,-51.768822
71.897978,-71.897978
55.983139,-55.983139
5.1879385,-5.1879385
180.70345,-180.70345
10.155807,-10.155807
13.554315,-13.554315
16.30582,-16.30582
71.082985,-71.082985
25.719831,-25.719831
131.49552,-131.49552
9.3560193,-9.3560193
105.11569,-105.11569
48.30775,-48.30775
67.348465,-67.348465
50.762408,-50.762408
179.74996,-179.74996
112.46796,-112.46796
44.430366,-44.430366
2.2827559,-2.2827559
82.236329,-82.236329
16.313814,-16.313814
5.355287,-5.355287
1.2631395,-1.2631395
55.604785,-55.604785
28.810615,-28.810615
119.32121,-119.32121
19.507585,-19.507585
110.72255,-110.72255
24.922485,-24.922485
24.723819,-24.723819
48.261709,-48.261709
158.77758,-158.77758
239.04119,-239.04119
28.442559,-28.442559
7.4201373,-7.4201373
59.801766,-59.801766
13.963622,-13.963622
15.04683,-15.04683
8.222059,-8.222059
93.923531,-93.923531
42.909806,-42.909806
43.563411,-43.563411
39.363159,-39.363159
84.597293,-84.597293
24.973282,-24.973282
8.4793472,-8.4793472
10.800494,-10.800494
68.568524,-68.568524
49.421748,-49.421748
65.408418,-65.408418
1.371605,-1.371605
204.28427,-204.28427
29.063654,-29.063654
5.0846719,-5.0846719
7.9268081,-7.9268081
139.64427,-139.64427
141.27087,-141.27087
44.275086,-44.275086
38.084366,-38.084366
29.087567,-29.087567
19.897322,-19.897322
6.7248426,-6.7248426
20.786781,-20.786781
97.019528,-97.019528
137.66546,-137.66546
58.592208,-58.592208
7.4104474,-7.4104474
133.63941,-133.63941
4.7244585,-4.7244585
9.2977639,-9.2977639
14.798909,-14.798909
54.957719,-54.957719
17.382676,-17.382676
69.202371,-69.202371
13.121914,-13.121914
148.69452,-148.69452
54.840926,-54.840926
50.551667,-50.551667
18.364122,-18.364122
138.20195,-138.20195
120.56998,-120.56998
25.965178,-25.965178
27.289971,-27.289971
95.064072,-95.064072
14.487314,-14.487314
18.588384,-18.588384
7.5708598,-7.5708598
101.10656,-101.10656
72.917224,-72.917224
25.694126,-25.694126
54.685654,-54.685654
66.472058,-66.472058
19.019301,-19.019301
2.1151638,-2.1151638
18.138124,-18.138124
64.600169,-64.600169
142.0511,-142.0511
32.349948,-32.349948
6.8202241,-6.8202241
159.0662,-159.0662
14.836895,-14.836895
6.1039393,-6.1039393
10.503374,-10.503374
69.559324,-69.559324
33.169769,-33.169769
117.60472,-117.60472
14.836163,-14.836163
107.00222,-107.00222
34.200818,-34.200818
48.241551,-48.241551
29.0234,-29.0234
199.16306,-199.16306
188.71289,-188.71289
30.20212,-30.20212
6.6446405,-6.6446405
70.489994,-70.489994
22.843452,-22.843452
0.97048021,-0.97048021
0.7647006,-0.7647006
30.03301,-30.03301
22.555322,-22.555322
85.467503,-85.467503
18.234953,-18.234953
132.96162,-132.96162
51.306482,-51.306482
15.412445,-15.412445
37.145825,-37.145825
120.23558,-120.23558
136.30089,-136.30089
22.473554,-22.473554
21.628402,-21.628402
106.60384,-106.60384
6.1517355,-6.1517355
37.10827,-37.10827
2.4265461,-2.4265461
154.31725,-154.31725
70.184495,-70.184495
59.624567,-59.624567
15.201947,-15.201947
53.711312,-53.711312
17.408014,-17.408014
36.63541,-36.63541
18.287721,-18.287721
89.0135,-89.0135
63.606724,-63.606724
113.33455,-113.33455
3.0600069,-3.0600069
148.70518,-148.70518
13.991817,-13.991817
8.9561045,-8.9561045
22.854715,-22.854715
31.610592,-31.610592
13.837441,-13.837441
85.064372,-85.064372
20.429912,-20.429912
157.53002,-157.53002
36.261581,-36.261581
10.619283,-10.619283
31.745024,-31.745024
117.89892,-117.89892
189.81949,-189.81949
20.195794,-20.195794
21.551931,-21.551931
92.796206,-92.796206
6.8242749,-6.8242749
25.938872,-25.938872
6.1365822,-6.1365822
130.20927,-130.20927
64.317898,-64.317898
69.273062,-69.273062
22.464336,-22.464336
53.317674,-53.317674
19.234457,-19.234457
13.263679,-13.263679
13.96734,-13.96734
97.28164,-97.28164
70.171312,-70.171312
90.449279,-90.449279
7.8828747,-7.8828747
155.57286,-155.57286
19.784187,-19.784187
14.013508,-14.013508
20.010182,-20.010182
101.0841,-101.0841
96.118888,-96.118888
29.066435,-29.066435
54.766825,-54.766825
48.492596,-48.492596
20.91973,-20.91973
3.2134845,-3.2134845
18.99036,-18.99036
66.273265,-66.273265
93.31962,-93.31962
38.309126,-38.309126
7.7706038,-7.7706038
171.66909,-171.66909
7.4894441,-7.4894441
13.578885,-13.578885
4.8077507,-4.8077507
91.600207,-91.600207
36.795475,-36.795475
106.54423,-106.54423
11.055197,-11.055197
104.54971,-104.54971
31.390452,-31.390452
86.292299,-86.292299
34.226534,-34.226534
189.59386,-189.59386
177.22795,-177.22795
42.520795,-42.520795
11.03519,-11.03519
63.755396,-63.755396
20.802762,-20.802762
5.3285095,-5.3285095
1.4780364,-1.4780364
144.3923,-144.3923
105.8032,-105.8032
44.026123,-44.026123
34.21188,-34.21188
36.041328,-36.041328
22.771132,-22.771132
1.3357004,-1.3357004
17.121961,-17.121961
97.009317,-97.009317
178.7652,-178.7652
50.535009,-50.535009
2.5730919,-2.5730919
110.5484,-110.5484
9.795149,-9.795149
6.7202721,-6.7202721
24.045584,-24.045584
46.096585,-46.096585
20.31544,-20.31544
86.176717,-86.176717
20.468246,-20.468246
146.1168,-146.1168
48.895682,-48.895682
31.829612,-31.829612
17.951414,-17.951414
157.25926,-157.25926
151.09632,-151.09632
22.792231,-22.792231
18.544123,-18.544123
98.483488,-98.483488
17.349444,-17.349444
4.7085522,-4.7085522
4.8817839,-4.8817839
54.917615,-54.917615
44.309755,-44.309755
121.70436,-121.70436
17.030339,-17.030339
95.733313,-95.733313
32.347337,-32.347337
35.736995,-35.736995
56.12174,-56.12174
164.05156,-164.05156
188.75052,-188.75052
35.883451,-35.883451
10.553746,-10.553746
76.322355,-76.322355
14.949911,-14.949911
20.848139,-20.848139
3.9838298,-3.9838298
109.6336,-109.6336
41.090184,-41.090184
34.80282,-34.80282
27.05032,-27.05032
82.238656,-82.238656
24.981916,-24.981916
17.040363,-17.040363
14.275272,-14.275272
59.667621,-59.667621
32.930925,-32.930925
77.983061,-77.983061
0.45118076,-0.45118076
195.50304,-195.50304
26.101194,-26.101194
4.4459285,-4.4459285
8.1913602,-8.1913602
84.044225,-84.044225
54.062668,-54.062668
36.85579,-36.85579
44.288281,-44.288281
61.726291,-61.726291
20.814572,-20.814572
3.0889572,-3.0889572
17.809042,-17.809042
64.501226,-64.501226
81.675701,-81.675701
37.318684,-37.318684
1.0961769,-1.0961769
178.5476,-178.5476
15.104222,-15.104222
8.1661566,-8.1661566
18.12044,-18.12044
75.001346,-75.001346
20.714601,-20.714601
130.97222,-130.97222
15.224061,-15.224061
124.1239,-124.1239
36.033092,-36.033092
56.038975,-56.038975
41.805882,-41.805882
173.98051,-173.98051
157.76203,-157.76203
45.131203,-45.131203
3.384103,-3.384103
70.886385,-70.886385
16.346092,-16.346092
1.0654555,-1.0654555
3.3718325,-3.3718325
48.090404,-48.090404
31.982855,-31.982855
59.375425,-59.375425
21.998272,-21.998272
125.2666,-125.2666
42.663312,-42.663312
16.24492,-16.24492
27.521349,-27.521349
129.29884,-129.29884
182.77841,-182.77841
18.673168,-18.673168
37.824105,-37.824105
85.250864,-85.250864
6.64197,-6.64197
43.90629,-43.90629
3.0252367,-3.0252367
162.95909,-162.95909
93.312849,-93.312849
47.31202,-47.31202
25.728907,-25.728907
34.843095,-34.843095
15.619769,-15.619769
22.499023,-22.499023
13.35227,-13.35227
112.9299,-112.9299
67.609994,-67.609994
75.171601,-75.171601
1.9052926,-1.9052926
136.75483,-136.75483
14.363327,-14.363327
5.9980083,-5.9980083
11.550356,-11.550356
64.568021,-64.568021
48.256332,-48.256332
102.24182,-102.24182
19.834309,-19.834309
84.693705,-84.693705
26.256796,-26.256796
15.533458,-15.533458
43.772211,-43.772211
195.98649,-195.98649
266.74024,-266.74024
16.741435,-16.741435
11.449187,-11.449187
57.352086,-57.352086
19.984532,-19.984532
12.008401,-12.008401
5.071337,-5.071337
121.16631,-121.16631
46.172046,-46.172046
23.523971,-23.523971
44.715961,-44.715961
74.421561,-74.421561
21.346782,-21.346782
6.9603291,-6.9603291
8.6118482,-8.6118482
76.509749,-76.509749
65.917358,-65.917358
47.345905,-47.345905
1.4271539,-1.4271539
165.68983,-165.68983
32.968488,-32.968488
0.90922436,-0.90922436
5.1235844,-5.1235844
139.88837,-139.88837
92.999609,-92.999609
50.21138,-50.21138
23.368321,-23.368321
38.267643,-38.267643
19.620304,-19.620304
4.7678943,-4.7678943
23.77272,-23.77272
79.103925,-79.103925
96.997997,-96.997997
80.12794,-80.12794
5.3096423,-5.3096423
131.89293,-131.89293
3.8728914,-3.8728914
12.244605,-12.244605
33.154658,-33.154658
47.062279,-47.062279
13.838017,-13.838017
96.109091,-96.109091
10.111314,-10.111314
147.58824,-147.58824
69.553288,-69.553288
45.822027,-45.822027
33.481876,-33.481876
138.22732,-138.22732
80.975503,-80.975503
29.952902,-29.952902
11.192332,-11.192332
114.555,-114.555
10.417782,-10.417782
11.326126,-11.326126
1.9030421,-1.9030421
71.785338,-71.785338
41.018368,-41.018368
102.47178,-102.47178
19.385448,-19.385448
93.584789,-93.584789
20.459488,-20.459488
16.402382,-16.402382
38.834773,-38.834773
181.99274,-181.99274
269.70191,-269.70191
23.895304,-23.895304
13.552535,-13.552535
50.142639,-50.142639
18.806701,-18.806701
17.700311,-17.700311
7.5561776,-7.5561776
111.01293,-111.01293
52.113577,-52.113577
31.733244,-31.733244
49.354135,-49.354135
66.197725,-66.197725
21.728197,-21.728197
4.3461848,-4.3461848
10.097,-10.097
81.39105,-81.39105
53.508842,-53.508842
50.401001,-50.401001
1.9553973,-1.9553973
179.82348,-179.82348
23.733382,-23.733382
1.951039,-1.951039
3.381744,-3.381744
121.71173,-121.71173
119.45802,-119.45802
56.875038,-56.875038
28.868469,-28.868469
35.999392,-35.999392
19.392228,-19.392228
7.63611,-7.63611
24.290245,-24.290245
80.8998,-80.8998
107.19558,-107.19558
69.250331,-69.250331
7.667942,-7.667942
149.53458,-149.53458
5.0070238,-5.0070238
11.653,-11.653
23.981891,-23.981891
47.48735,-47.48735
13.341209,-13.341209
89.889341,-89.889341
11.888284,-11.888284
168.25275,-168.25275
63.579379,-63.579379
67.461349,-67.461349
26.167683,-26.167683
122.93356,-122.93356
105.88138,-105.88138
33.671223,-33.671223
17.315854,-17.315854
109.15371,-109.15371
12.377497,-12.377497
8.3555738,-8.3555738
2.2585335,-2.2585335
86.011412,-86.011412
58.433872,-58.433872
34.711772,-34.711772
42.619751,-42.619751
75.93562,-75.93562
20.347437,-20.347437
0.75751595,-0.75751595
15.667573,-15.667573
52.440898,-52.440898
110.56679,-110.56679
38.493866,-38.493866
2.5192035,-2.5192035
176.64527,-176.64527
19.830271,-19.830271
5.8898767,-5.8898767
17.20394,-17.20394
60.231614,-60.231614
27.611746,-27.611746
145.94955,-145.94955
15.884031,-15.884031
123.22192,-123.22192
39.962466,-39.962466
65.825175,-65.825175
41.690852,-41.690852
179.7979,-179.7979
169.96921,-169.96921
40.02226,-40.02226
2.4627371,-2.4627371
83.340162,-83.340162
19.609545,-19.609545
1.1194409,-1.1194409
1.0320059,-1.0320059
42.779259,-42.779259
34.520937,-34.520937
72.192238,-72.192238
23.357583,-23.357583
114.25366,-114.25366
41.009931,-41.009931
9.4017285,-9.4017285
29.897686,-29.897686
140.8751,-140.8751
160.16248,-160.16248
20.262346,-20.262346
31.156914,-31.156914
92.411393,-92.411393
9.3126662,-9.3126662
42.939549,-42.939549
5.7143023,-5.7143023
176.10735,-176.10735
82.311161,-82.311161
45.888695,-45.888695
20.228082,-20.228082
39.225737,-39.225737
15.440884,-15.440884
20.74032,-20.74032
14.521252,-14.521252
103.31373,-103.31373
70.067363,-70.067363
92.075122,-92.075122
1.0693235,-1.0693235
128.90868,-128.90868
11.956186,-11.956186
5.2965886,-5.2965886
14.334511,-14.334511
142.21468,-142.21468
100.72708,-100.72708
46.943549,-46.943549
35.596106,-35.596106
26.138541,-26.138541
20.596362,-20.596362
0.77029097,-0.77029097
20.332269,-20.332269
113.63352,-113.63352
141.18366,-141.18366
48.002033,-48.002033
2.5493097,-2.5493097
111.46869,-111.46869
7.3854286,-7.3854286
8.5489584,-8.5489584
24.491331,-24.491331
58.733828,-58.733828
15.804888,-15.804888
74.862779,-74.862779
15.360549,-15.360549
147.29012,-147.29012
44.218748,-44.218748
25.443938,-25.443938
19.185681,-19.185681
151.31681,-151.31681
137.43321,-137.43321
24.856462,-24.856462
19.386841,-19.386841
84.825069,-84.825069
15.068913,-15.068913
12.554469,-12.554469
2.160852,-2.160852
61.488842,-61.488842
41.40363,-41.40363
102.58437,-102.58437
19.148057,-19.148057
105.78644,-105.78644
33.583563,-33.583563
47.106697,-47.106697
51.662939,-51.662939
151.86096,-151.86096
215.76208,-215.76208
33.390051,-33.390051
14.920239,-14.920239
69.862568,-69.862568
10.91909,-10.91909
20.191835,-20.191835
3.8991706,-3.8991706
98.92026,-98.92026
46.911125,-46.911125
36.424038,-36.424038
33.166442,-33.166442
75.774272,-75.774272
31.663844,-31.663844
18.660045,-18.660045
12.302864,-12.302864
65.766784,-65.766784
31.485119,-31.485119
63.560533,-63.560533
0.63060382,-0.63060382
205.68552,-205.68552
29.009253,-29.009253
3.4168384,-3.4168384
6.7316136,-6.7316136
27.526034,-27.526034
17.237446,-17.237446
84.623989,-84.623989
21.663421,-21.663421
145.88401,-145.88401
48.299848,-48.299848
9.8021732,-9.8021732
35.410335,-35.410335
128.80628,-128.80628
190.16169,-190.16169
15.364196,-15.364196
18.708525,-18.708525
101.65848,-101.65848
8.7954511,-8.7954511
18.702396,-18.702396
4.341812,-4.341812
141.25599,-141.25599
57.003096,-57.003096
55.476236,-55.476236
21.047388,-21.047388
61.290483,-61.290483
18.529049,-18.529049
20.217277,-20.217277
10.592585,-10.592585
91.783779,-91.783779
84.287511,-84.287511
86.725927,-86.725927
4.9804596,-4.9804596
142.99936,-142.99936
27.062787,-27.062787
11.718798,-11.718798
24.819652,-24.819652
117.76915,-117.76915
74.13743,-74.13743
24.880447,-24.880447
45.714627,-45.714627
50.615234,-50.615234
19.971801,-19.971801
2.3466881,-2.3466881
20.006004,-20.006004
65.354256,-65.354256
83.536611,-83.536611
45.168666,-45.168666
6.5263261,-6.5263261
152.60139,-152.60139
7.2676866,-7.2676866
21.433021,-21.433021
9.3740713,-9.3740713
89.531179,-89.531179
35.668112,-35.668112
114.02228,-114.02228
8.6803717,-8.6803717
88.17277,-88.17277
35.860059,-35.860059
62.340341,-62.340341
42.968398,-42.968398
208.11856,-208.11856
142.48035,-142.48035
37.811885,-37.811885
6.0665444,-6.0665444
67.569943,-67.569943
21.467868,-21.467868
8.0963459,-8.0963459
0.70228094,-0.70228094
101.2498,-101.2498
69.846151,-69.846151
27.814734,-27.814734
55.669471,-55.669471
51.149039,-51.149039
18.111955,-18.111955
5.1506328,-5.1506328
18.254476,-18.254476
79.688372,-79.688372
110.30052,-110.30052
32.067158,-32.067158
2.764359,-2.764359
158.31696,-158.31696
10.508889,-10.508889
8.8125118,-8.8125118
12.462126,-12.462126
87.089036,-87.089036
26.113523,-26.113523
106.65013,-106.65013
12.417425,-12.417425
105.00524,-105.00524
30.167356,-30.167356
41.801177,-41.801177
30.450282,-30.450282
196.41924,-196.41924
178.04671,-178.04671
34.938865,-34.938865
7.1943135,-7.1943135
57.379356,-57.379356
19.944718,-19.944718
4.7104559,-4.7104559
0.64685962,-0.64685962
36.336145,-36.336145
20.837387,-20.837387
72.223634,-72.223634
18.299419,-18.299419
142.37169,-142.37169
52.088207,-52.088207
24.428492,-24.428492
34.897945,-34.897945
111.49569,-111.49569
161.20469,-161.20469
20.946365,-20.946365
26.171162,-26.171162
96.526566,-96.526566
5.9846981,-5.9846981
36.193866,-36.193866
0.87489186,-0.87489186
144.96227,-144.96227
82.038875,-82.038875
62.518621,-62.518621
19.301762,-19.301762
47.229782,-47.229782
18.582143,-18.582143
38.915102,-38.915102
19.05427,-19.05427
100.00114,-100.00114
64.376936,-64.376936
96.596741,-96.596741
5.5678313,-5.5678313
153.99658,-153.99658
15.94,-15.94
12.327426,-12.327426
19.81663,-19.81663
51.439086,-51.439086
35.142326,-35.142326
120.74098,-120.74098
19.910218,-19.910218
98.92913,-98.92913
32.235067,-32.235067
24.151613,-24.151613
55.902868,-55.902868
174.26192,-174.26192
241.20636,-241.20636
19.941479,-19.941479
5.8019995,-5.8019995
65.766455,-65.766455
16.013621,-16.013621
9.448655,-9.448655
5.5242489,-5.5242489
105.75069,-105.75069
38.522434,-38.522434
34.413738,-34.413738
34.8058,-34.8058
91.682542,-91.682542
24.552877,-24.552877
14.008094,-14.008094
8.578221,-8.578221
66.110752,-66.110752
64.330004,-64.330004
64.037642,-64.037642
0.53069522,-0.53069522
185.48109,-185.48109
38.796057,-38.796057
4.1624083,-4.1624083
11.273575,-11.273575
161.80745,-161.80745
115.08221,-115.08221
39.684815,-39.684815
30.258184,-30.258184
29.579946,-29.579946
21.234461,-21.234461
4.4252131,-4.4252131
20.781729,-20.781729
97.149201,-97.149201
127.4292,-127.4292
69.253633,-69.253633
5.3517013,-5.3517013
115.0905,-115.0905
2.9141486,-2.9141486
12.091426,-12.091426
23.529689,-23.529689
55.607923,-55.607923
18.630261,-18.630261
76.345807,-76.345807
11.21535,-11.21535
126.27175,-126.27175
58.730935,-58.730935
34.096643,-34.096643
24.881766,-24.881766
157.59762,-157.59762
95.587662,-95.587662
23.876464,-23.876464
18.590292,-18.590292
97.457844,-97.457844
13.536938,-13.536938
21.966332,-21.966332
6.4649263,-6.4649263
42.979379,-42.979379
20.879307,-20.879307
69.864479,-69.864479
23.117316,-23.117316
130.78912,-130.78912
31.770117,-31.770117
4.1302619,-4.1302619
24.845474,-24.845474
136.17774,-136.17774
204.85435,-204.85435
15.538592,-15.538592
28.321531,-28.321531
74.963134,-74.963134
9.6671797,-9.6671797
35.104261,-35.104261
6.3045923,-6.3045923
156.87628,-156.87628
84.274714,-84.274714
56.879524,-56.879524
31.455693,-31.455693
41.694382,-41.694382
18.815884,-18.815884
10.567416,-10.567416
11.605423,-11.605423
115.86798,-115.86798
92.550046,-92.550046
77.175732,-77.175732
3.6217583,-3.6217583
135.43084,-135.43084
15.300212,-15.300212
10.653095,-10.653095
13.989482,-13.989482
81.977775,-81.977775
84.133948,-84.133948
35.633803,-35.633803
47.453162,-47.453162
66.179761,-66.179761
24.706655,-24.706655
4.0852016,-4.0852016
19.038115,-19.038115
50.968309,-50.968309
78.41341,-78.41341
46.486974,-46.486974
7.147994,-7.147994
204.24956,-204.24956
10.04121,-10.04121
9.0755893,-9.0755893
9.526939,-9.526939
70.516875,-70.516875
25.299772,-25.299772
120.89372,-120.89372
11.693507,-11.693507
125.05339,-125.05339
43.979787,-43.979787
91.169289,-91.169289
39.140513,-39.140513
159.16187,-159.16187
139.48156,-139.48156
47.591857,-47.591857
5.8973791,-5.8973791
79.736845,-79.736845
16.271583,-16.271583
3.4863469,-3.4863469
2.1815909,-2.1815909
121.13205,-121.13205
92.277469,-92.277469
54.102313,-54.102313
29.178035,-29.178035
51.58089,-51.58089
19.86355,-19.86355
4.168453,-4.168453
19.231903,-19.231903
78.336609,-78.336609
157.12191,-157.12191
60.972761,-60.972761
4.0971446,-4.0971446
138.26716,-138.26716
10.395283,-10.395283
8.2314313,-8.2314313
33.677467,-33.677467
31.321471,-31.321471
14.267902,-14.267902
99.588475,-99.588475
17.154387,-17.154387
170.00981,-170.00981
66.02511,-66.02511
34.58163,-34.58163
20.368215,-20.368215
131.3689,-131.3689
115.36856,-115.36856
23.997093,-23.997093
12.094915,-12.094915
119.5015,-119.5015
17.534971,-17.534971
2.4470545,-2.4470545
2.4558087,-2.4558087
69.526184,-69.526184
57.145619,-57.145619
102.62303,-102.62303
17.011416,-17.011416
75.688313,-75.688313
28.177061,-28.177061
21.764794,-21.764794
45.968759,-45.968759
185.48873,-185.48873
205.15376,-205.15376
26.685224,-26.685224
13.650253,-13.650253
60.936508,-60.936508
22.73477,-22.73477
27.339092,-27.339092
2.1469911,-2.1469911
134.06412,-134.06412
57.211537,-57.211537
26.458488,-26.458488
38.718551,-38.718551
66.866578,-66.866578
20.001138,-20.001138
14.487242,-14.487242
15.721217,-15.721217
73.683093,-73.683093
48.676161,-48.676161
65.803029,-65.803029
1.749549,-1.749549
171.08943,-171.08943
17.090855,-17.090855
2.9890306,-2.9890306
4.3076645,-4.3076645
38.292526,-38.292526
26.59607,-26.59607
78.006017,-78.006017
25.698407,-25.698407
121.83119,-121.83119
33.166388,-33.166388
3.6412123,-3.6412123
28.232446,-28.232446
148.5541,-148.5541
203.75845,-203.75845
16.311091,-16.311091
24.919926,-24.919926
84.850523,-84.850523
11.001633,-11.001633
27.58538,-27.58538
8.45456,-8.45456
166.23303,-166.23303
73.337798,-73.337798
49.522976,-49.522976
26.477843,-26.477843
45.789487,-45.789487
18.593487,-18.593487
10.711837,-10.711837
9.4784123,-9.4784123
106.36565,-106.36565
95.668708,-95.668708
82.185294,-82.185294
3.2819315,-3.2819315
124.67114,-124.67114
17.807057,-17.807057
6.8271514,-6.8271514
16.968411,-16.968411
89.031729,-89.031729
71.9018,-71.9018
31.250658,-31.250658
41.96047,-41.96047
72.403417,-72.403417
23.259132,-23.259132
3.3331393,-3.3331393
18.520782,-18.520782
43.735414,-43.735414
79.296228,-79.296228
48.083342,-48.083342
6.9871868,-6.9871868
189.21054,-189.21054
13.862342,-13.862342
11.25643,-11.25643
11.20834,-11.20834
64.457689,-64.457689
31.299054,-31.299054
133.45266,-133.45266
11.922804,-11.922804
117.84514,-117.84514
48.181761,-48.181761
89.275228,-89.275228
46.184937,-46.184937
171.88469,-171.88469
134.48711,-134.48711
44.296184,-44.296184
4.5684511,-4.5684511
87.567955,-87.567955
17.402251,-17.402251
1.6661373,-1.6661373
1.4254037,-1.4254037
109.96231,-109.96231
96.499159,-96.499159
59.070131,-59.070131
32.334982,-32.334982
43.294218,-43.294218
19.477383,-19.477383
1.7993725,-1.7993725
19.859659,-19.859659
84.457016,-84.457016
138.69587,-138.69587
51.254656,-51.254656
4.6422361,-4.6422361
146.75267,-146.75267
10.78828,-10.78828
10.003932,-10.003932
27.367344,-27.367344
38.104225,-38.104225
12.189383,-12.189383
92.094299,-92.094299
17.034441,-17.034441
185.00776,-185.00776
57.69316,-57.69316
45.456351,-45.456351
18.489782,-18.489782
121.8715,-121.8715
133.83993,-133.83993
27.884527,-27.884527
15.833615,-15.833615
111.55524,-111.55524
17.280344,-17.280344
2.9807456,-2.9807456
1.0918689,-1.0918689
79.251486,-79.251486
54.571409,-54.571409
95.899553,-95.899553
17.430158,-17.430158
85.393771,-85.393771
24.824146,-24.824146
29.243401,-29.243401
41.438472,-41.438472
176.1361,-176.1361
228.11159,-228.11159
31.139439,-31.139439
18.503891,-18.503891
55.817954,-55.817954
19.089944,-19.089944
27.87043,-27.87043
3.219082,-3.219082
120.90098,-120.90098
61.593507,-61.593507
30.890308,-30.890308
41.877764,-41.877764
58.203388,-58.203388
22.349861,-22.349861
10.350996,-10.350996
14.064425,-14.064425
79.891178,-79.891178
38.027999,-38.027999
57.886883,-57.886883
0.7671518,-0.7671518
182.61454,-182.61454
16.476679,-16.476679
3.5911754,-3.5911754
2.812276,-2.812276
109.13547,-109.13547
60.017121,-60.017121
24.157538,-24.157538
49.771322,-49.771322
56.442181,-56.442181
18.620126,-18.620126
4.4109886,-4.4109886
18.248203,-18.248203
71.312638,-71.312638
111.38348,-111.38348
32.794845,-32.794845
3.1774061,-3.1774061
143.9571,-143.9571
13.999165,-13.999165
12.017526,-12.017526
13.462854,-13.462854
80.115696,-80.115696
30.561411,-30.561411
118.63104,-118.63104
13.314643,-13.314643
98.690271,-98.690271
32.736395,-32.736395
40.492942,-40.492942
36.87542,-36.87542
208.97705,-208.97705
172.7367,-172.7367
32.699671,-32.699671
5.1155594,-5.1155594
64.897644,-64.897644
21.778249,-21.778249
1.9761286,-1.9761286
0.57654842,-0.57654842
32.182267,-32.182267
27.741024,-27.741024
80.803455,-80.803455
19.984644,-19.984644
133.04681,-133.04681
55.094601,-55.094601
24.120004,-24.120004
39.173583,-39.173583
123.49534,-123.49534
160.10734,-160.10734
20.812455,-20.812455
23.692015,-23.692015
106.8198,-106.8198
6.2979757,-6.2979757
28.952081,-28.952081
1.6491559,-1.6491559
153.78695,-153.78695
70.36245,-70.36245
55.2135,-55.2135
15.586734,-15.586734
51.777645,-51.777645
16.729495,-16.729495
39.950898,-39.950898
15.665106,-15.665106
90.0296,-90.0296
67.195947,-67.195947
102.75343,-102.75343
3.8287779,-3.8287779
143.41142,-143.41142
19.702291,-19.702291
8.757236,-8.757236
23.795153,-23.795153
59.374406,-59.374406
32.606654,-32.606654
113.24417,-113.24417
20.771255,-20.771255
110.62441,-110.62441
27.774376,-27.774376
31.854031,-31.854031
51.252921,-51.252921
165.14534,-165.14534
266.32067,-266.32067
24.451299,-24.451299
9.0412392,-9.0412392
60.393411,-60.393411
13.366198,-13.366198
9.1226781,-9.1226781
8.0900047,-8.0900047
93.868633,-93.868633
42.262657,-42.262657
39.492207,-39.492207
37.525934,-37.525934
81.655385,-81.655385
27.964369,-27.964369
9.5030625,-9.5030625
7.7645395,-7.7645395
72.077129,-72.077129
51.223236,-51.223236
55.311423,-55.311423
1.2935617,-1.2935617
196.88013,-196.88013
36.649948,-36.649948
5.2947803,-5.2947803
8.021375,-8.021375
148.43074,-148.43074
119.48988,-119.48988
43.48414,-43.48414
33.08053,-33.08053
23.934169,-23.934169
20.066058,-20.066058
2.3344539,-2.3344539
21.799983,-21.799983
104.09332,-104.09332
111.07095,-111.07095
59.921549,-59.921549
4.7556995,-4.7556995
122.67728,-122.67728
3.9366455,-3.9366455
13.058819,-13.058819
18.212086,-18.212086
64.454465,-64.454465
15.970083,-15.970083
69.909271,-69.909271
11.074151,-11.074151
139.57175,-139.57175
51.04977,-51.04977
44.576676,-44.576676
23.134847,-23.134847
147.28776,-147.28776
111.43428,-111.43428
26.817728,-26.817728
23.560078,-23.560078
90.320603,-90.320603
11.864916,-11.864916
23.251753,-23.251753
3.6470476,-3.6470476
155.55771,-155.55771
94.96971,-94.96971
42.151233,-42.151233
32.405573,-32.405573
32.223015,-32.223015
22.212102,-22.212102
0.60270569,-0.60270569
19.641692,-19.641692
105.50669,-105.50669
162.13225,-162.13225
57.636965,-57.636965
2.1317655,-2.1317655
104.86789,-104.86789
6.651479,-6.651479
7.4638875,-7.4638875
30.730217,-30.730217
50.699017,-50.699017
17.993589,-17.993589
81.430232,-81.430232
15.984966,-15.984966
133.21627,-133.21627
50.501705,-50.501705
18.405058,-18.405058
20.40695,-20.40695
162.60365,-162.60365
120.71043,-120.71043
22.381443,-22.381443
15.319857,-15.319857
91.408559,-91.408559
16.387003,-16.387003
12.067626,-12.067626
3.6837354,-3.6837354
52.743421,-52.743421
44.339396,-44.339396
109.6469,-109.6469
17.828169,-17.828169
95.105152,-95.105152
39.105232,-39.105232
36.31933,-36.31933
57.024201,-57.024201
160.90933,-160.90933
190.88597,-190.88597
27.787649,-27.787649
11.25399,-11.25399
75.507164,-75.507164
13.647219,-13.647219
19.447246,-19.447246
1.9911846,-1.9911846
110.5168,-110.5168
43.590218,-43.590218
31.850198,-31.850198
30.354369,-30.354369
86.156344,-86.156344
27.324606,-27.324606
24.26515,-24.26515
13.379197,-13.379197
60.784904,-60.784904
40.562295,-40.562295
71.718344,-71.718344
1.0277228,-1.0277228
192.99244,-192.99244
30.120601,-30.120601
2.3782651,-2.3782651
8.8967702,-8.8967702
31.835509,-31.835509
12.527853,-12.527853
75.657716,-75.657716
20.371251,-20.371251
154.89009,-154.89009
45.435553,-45.435553
10.853434,-10.853434
30.64648,-30.64648
116.65723,-116.65723
193.4967,-193.4967
14.968904,-14.968904
20.911026,-20.911026
91.450325,-91.450325
9.6735179,-9.6735179
25.769381,-25.769381
3.3770954,-3.3770954
133.20636,-133.20636
65.860161,-65.860161
62.891256,-62.891256
25.175052,-25.175052
56.002808,-56.002808
19.79275,-19.79275
20.541493,-20.541493
13.438497,-13.438497
100.70961,-100.70961
83.276587,-83.276587
82.554094,-82.554094
6.3960835,-6.3960835
154.66143,-154.66143
22.917583,-22.917583
16.680823,-16.680823
21.134578,-21.134578
109.21263,-109.21263
87.17294,-87.17294
28.197221,-28.197221
51.871647,-51.871647
45.557683,-45.557683
20.390754,-20.390754
3.2190292,-3.2190292
19.66171,-19.66171
74.276097,-74.276097
80.756309,-80.756309
42.714877,-42.714877
6.4460197,-6.4460197
166.08576,-166.08576
4.4962731,-4.4962731
16.460798,-16.460798
7.9735056,-7.9735056
96.272051,-96.272051
29.969783,-29.969783
102.98431,-102.98431
7.7461605,-7.7461605
94.991746,-94.991746
32.816414,-32.816414
62.280173,-62.280173
37.047161,-37.047161
195.0294,-195.0294
146.16474,-146.16474
40.920843,-40.920843
8.09518,-8.09518
60.45312,-60.45312
19.028723,-19.028723
12.388596,-12.388596
1.0481626,-1.0481626
62.371708,-62.371708
44.661732,-44.661732
110.41853,-110.41853
19.398675,-19.398675
83.412703,-83.412703
23.589228,-23.589228
10.782853,-10.782853
42.738861,-42.738861
192.2833,-192.2833
241.82305,-241.82305
19.556496,-19.556496
9.5550437,-9.5550437
54.404948,-54.404948
22.279539,-22.279539
16.918582,-16.918582
5.7350991,-5.7350991
123.37405,-123.37405
48.398668,-48.398668
27.245911,-27.245911
45.430117,-45.430117
75.991376,-75.991376
20.191209,-20.191209
5.6883714,-5.6883714
12.274987,-12.274987
74.705786,-74.705786
65.242904,-65.242904
57.637486,-57.637486
1.9670908,-1.9670908
169.03141,-169.03141
24.310948,-24.310948
1.2375243,-1.2375243
5.6688412,-5.6688412
134.29186,-134.29186
114.14211,-114.14211
52.357407,-52.357407
26.68007,-26.68007
42.914778,-42.914778
19.589694,-19.589694
12.883121,-12.883121
22.751945,-22.751945
74.542579,-74.542579
125.37941,-125.37941
80.913132,-80.913132
7.3391618,-7.3391618
141.15197,-141.15197
4.6581354,-4.6581354
10.105193,-10.105193
30.339134,-30.339134
40.271605,-40.271605
15.675105,-15.675105
96.710178,-96.710178
11.722976,-11.722976
153.05501,-153.05501
72.19259,-72.19259
55.523934,-55.523934
28.112296,-28.112296
131.61254,-131.61254
91.622815,-91.622815
29.44419,-29.44419
12.823125,-12.823125
117.78108,-117.78108
13.704386,-13.704386
8.2641178,-8.2641178
4.1938693,-4.1938693
78.557136,-78.557136
69.544859,-69.544859
39.920178,-39.920178
47.335554,-47.335554
70.256715,-70.256715
20.837323,-20.837323
1.1930753,-1.1930753
16.826765,-16.826765
60.247276,-60.247276
107.71042,-107.71042
36.868221,-36.868221
2.9724278,-2.9724278
191.46658,-191.46658
14.993384,-14.993384
5.1677088,-5.1677088
15.245117,-15.245117
65.888741,-65.888741
23.347551,-23.347551
133.03877,-133.03877
15.559725,-15.559725
131.07634,-131.07634
36.891239,-36.891239
66.112373,-66.112373
34.896022,-34.896022
167.90393,-167.90393
172.76318,-172.76318
41.951011,-41.951011
3.9266088,-3.9266088
74.795033,-74.795033
18.540288,-18.540288
0.55978852,-0.55978852
1.7140121,-1.7140121
47.583098,-47.583098
26.455232,-26.455232
64.072038,-64.072038
20.411812,-20.411812
122.46739,-122.46739
38.433877,-38.433877
10.197796,-10.197796
26.95685,-26.95685
127.67474,-127.67474
163.95736,-163.95736
20.653326,-20.653326
34.133958,-34.133958
82.968854,-82.968854
7.2713735,-7.2713735
52.674229,-52.674229
3.8579589,-3.8579589
167.26751,-167.26751
93.786349,-93.786349
52.402438,-52.402438
25.59837,-25.59837
34.795728,-34.795728
16.644232,-16.644232
21.162982,-21.162982
16.356965,-16.356965
113.42289,-113.42289
67.869081,-67.869081
86.618397,-86.618397
1.7395843,-1.7395843
139.41614,-139.41614
10.292323,-10.292323
6.6925377,-6.6925377
11.450069,-11.450069
94.518574,-94.518574
50.837674,-50.837674
32.416037,-32.416037
40.319085,-40.319085
70.865316,-70.865316
18.908857,-18.908857
1.3308778,-1.3308778
18.147518,-18.147518
59.795304,-59.795304
96.39828,-96.39828
44.500453,-44.500453
1.6801608,-1.6801608
168.32626,-168.32626
15.810225,-15.810225
7.1874908,-7.1874908
22.812583,-22.812583
64.986156,-64.986156
23.300186,-23.300186
140.49694,-140.49694
13.185574,-13.185574
112.34435,-112.34435
41.846433,-41.846433
44.154509,-44.154509
46.015522,-46.015522
185.28997,-185.28997
137.34034,-137.34034
38.912309,-38.912309
2.5419674,-2.5419674
76.843015,-76.843015
18.135773,-18.135773
1.2222355,-1.2222355
1.6313776,-1.6313776
41.038027,-41.038027
34.0403,-34.0403
63.948979,-63.948979
23.468433,-23.468433
112.53226,-112.53226
48.809886,-48.809886
10.734084,-10.734084
29.826405,-29.826405
137.69506,-137.69506
162.90139,-162.90139
17.222443,-17.222443
31.099428,-31.099428
91.740347,-91.740347
8.9517225,-8.9517225
42.99516,-42.99516
4.1887434,-4.1887434
177.422,-177.422
87.6065,-87.6065
42.261283,-42.261283
23.777536,-23.777536
42.030766,-42.030766
15.165613,-15.165613
30.432008,-30.432008
13.402852,-13.402852
104.71367,-104.71367
81.41253,-81.41253
85.48706,-85.48706
1.1307742,-1.1307742
127.30051,-127.30051
14.225903,-14.225903
4.6533004,-4.6533004
15.07975,-15.07975
71.140871,-71.140871
39.893175,-39.893175
91.975847,-91.975847
19.509786,-19.509786
91.535266,-91.535266
25.142083,-25.142083
16.132318,-16.132318
38.048853,-38.048853
182.16949,-182.16949
268.87696,-268.87696
16.256136,-16.256136
13.457693,-13.457693
49.135815,-49.135815
17.361366,-17.361366
17.118519,-17.118519
4.6207505,-4.6207505
112.62093,-112.62093
54.103289,-54.103289
28.186518,-28.186518
51.068044,-51.068044
69.334411,-69.334411
23.298138,-23.298138
7.6527036,-7.6527036
8.8075868,-8.8075868
84.213747,-84.213747
63.221506,-63.221506
44.591644,-44.591644
0.70633974,-0.70633974
178.52966,-178.52966
27.448838,-27.448838
2.3222296,-2.3222296
3.6240227,-3.6240227
131.79676,-131.79676
106.98371,-106.98371
56.677761,-56.677761
27.200924,-27.200924
33.294982,-33.294982
19.573577,-19.573577
4.8747942,-4.8747942
26.032725,-26.032725
89.065075,-89.065075
96.114668,-96.114668
76.648353,-76.648353
7.2467532,-7.2467532
144.27287,-144.27287
2.5058832,-2.5058832
11.817011,-11.817011
29.617503,-29.617503
51.476556,-51.476556
11.604802,-11.604802
86.312268,-86.312268
8.4054161,-8.4054161
156.56315,-156.56315
64.93178,-64.93178
47.265225,-47.265225
28.397466,-28.397466
126.77023,-126.77023
84.647219,-84.647219
32.827974,-32.827974
13.611241,-13.611241
105.40638,-105.40638
11.376663,-11.376663
17.096453,-17.096453
1.3938337,-1.3938337
26.157798,-26.157798
16.123045,-16.123045
91.446994,-91.446994
21.367011,-21.367011
142.93615,-142.93615
42.312008,-42.312008
6.3883437,-6.3883437
34.443544,-34.443544
126.15381,-126.15381
169.54977,-169.54977
17.379519,-17.379519
16.381851,-16.381851
99.402163,-99.402163
8.6080106,-8.6080106
25.614518,-25.614518
5.6033687,-5.6033687
143.3818,-143.3818
59.332769,-59.332769
62.995018,-62.995018
21.055157,-21.055157
62.068909,-62.068909
19.124637,-19.124637
19.937696,-19.937696
13.474248,-13.474248
89.101882,-89.101882
84.574787,-84.574787
102.45625,-102.45625
4.9801177,-4.9801177
146.75241,-146.75241
20.456328,-20.456328
12.108315,-12.108315
25.704824,-25.704824
112.74031,-112.74031
93.069557,-93.069557
26.308439,-26.308439
50.24365,-50.24365
56.518355,-56.518355
19.887454,-19.887454
3.8981353,-3.8981353
20.025949,-20.025949
61.604897,-61.604897
108.98798,-108.98798
45.090224,-45.090224
10.77571,-10.77571
161.45418,-161.45418
7.4214901,-7.4214901
13.11971,-13.11971
7.5261599,-7.5261599
80.500187,-80.500187
40.434723,-40.434723
114.80104,-114.80104
9.7682559,-9.7682559
93.628125,-93.628125
36.748138,-36.748138
71.501124,-71.501124
37.614128,-37.614128
200.43422,-200.43422
155.95617,-155.95617
36.975593,-36.975593
7.4915175,-7.4915175
70.085147,-70.085147
23.610812,-23.610812
5.0570643,-5.0570643
2.6033198,-2.6033198
135.96555,-135.96555
120.11987,-120.11987
49.911088,-49.911088
38.41154,-38.41154
31.680594,-31.680594
21.507844,-21.507844
1.5489372,-1.5489372
18.920034,-18.920034
107.74865,-107.74865
177.95938,-177.95938
48.868506,-48.868506
3.5985584,-3.5985584
122.40104,-122.40104
8.5663278,-8.5663278
7.2871615,-7.2871615
21.466417,-21.466417
50.959806,-50.959806
17.252885,-17.252885
76.861078,-76.861078
17.48419,-17.48419
154.76971,-154.76971
45.371676,-45.371676
32.945192,-32.945192
13.901466,-13.901466
145.48472,-145.48472
155.00096,-155.00096
23.872355,-23.872355
21.755886,-21.755886
89.629634,-89.629634
17.558249,-17.558249
8.6498159,-8.6498159
3.4271576,-3.4271576
60.545871,-60.545871
36.112149,-36.112149
110.0449,-110.0449
16.697336,-16.697336
103.19765,-103.19765
30.561554,-30.561554
36.421286,-36.421286
50.399173,-50.399173
151.13698,-151.13698
191.23484,-191.23484
37.342511,-37.342511
11.906107,-11.906107
66.918938,-66.918938
12.087014,-12.087014
26.333306,-26.333306
4.2146775,-4.2146775
101.88197,-101.88197
48.660941,-48.660941
40.578586,-40.578586
32.730454,-32.730454
76.513341,-76.513341
27.594799,-27.594799
17.10793,-17.10793
15.43366,-15.43366
66.653956,-66.653956
30.410877,-30.410877
72.873815,-72.873815
0.4660916,-0.4660916
209.29429,-209.29429
20.599273,-20.599273
4.1982743,-4.1982743
6.0713455,-6.0713455
49.593116,-49.593116
35.786278,-35.786278
131.83951,-131.83951
19.318051,-19.318051
103.6371,-103.6371
26.232147,-26.232147
22.905884,-22.905884
54.758961,-54.758961
171.8221,-171.8221
234.16555,-234.16555
27.356309,-27.356309
6.2903237,-6.2903237
68.720985,-68.720985
16.086104,-16.086104
10.446118,-10.446118
7.8059767,-7.8059767
101.05203,-101.05203
36.972488,-36.972488
37.178213,-37.178213
33.302864,-33.302864
90.957731,-90.957731
23.259247,-23.259247
7.6787668,-7.6787668
9.8727015,-9.8727015
62.303198,-62.303198
50.7068,-50.7068
68.871492,-68.871492
1.4559198,-1.4559198
189.59001,-189.59001
34.595173,-34.595173
3.0398022,-3.0398022
9.8186837,-9.8186837
148.72586,-148.72586
123.16895,-123.16895
38.823311,-38.823311
33.376664,-33.376664
33.398596,-33.398596
20.15624,-20.15624
6.7365577,-6.7365577
19.369388,-19.369388
85.966624,-85.966624
140.60448,-140.60448
61.998079,-61.998079
6.190715,-6.190715
122.52148,-122.52148
5.7210694,-5.7210694
10.604002,-10.604002
17.679044,-17.679044
50.543844,-50.543844
21.759957,-21.759957
77.339544,-77.339544
16.561511,-16.561511
139.41316,-139.41316
58.71304,-58.71304
50.517698,-50.517698
21.9763,-21.9763
150.221,-150.221
118.38852,-118.38852
24.21824,-24.21824
23.804953,-23.804953
103.37083,-103.37083
14.624707,-14.624707
12.974837,-12.974837
8.6963926,-8.6963926
90.111319,-90.111319
77.259665,-77.259665
29.208592,-29.208592
60.087298,-60.087298
57.880512,-57.880512
19.859039,-19.859039
3.6871087,-3.6871087
16.549579,-16.549579
69.950982,-69.950982
121.9163,-121.9163
25.847324,-25.847324
4.4062339,-4.4062339
168.46844,-168.46844
14.282493,-14.282493
6.4967493,-6.4967493
7.168301,-7.168301
79.34072,-79.34072
30.149179,-30.149179
109.28511,-109.28511
15.381055,-15.381055
118.90945,-118.90945
29.798486,-29.798486
59.200456,-59.200456
26.450713,-26.450713
187.79598,-187.79598
210.59594,-210.59594
34.833415,-34.833415
9.6889721,-9.6889721
64.457904,-64.457904
20.867823,-20.867823
1.0199607,-1.0199607
0.4139182,-0.4139182
36.511139,-36.511139
19.985793,-19.985793
79.493566,-79.493566
18.053443,-18.053443
146.21407,-146.21407
44.228459,-44.228459
22.88531,-22.88531
33.668147,-33.668147
112.01869,-112.01869
156.58738,-156.58738
26.311261,-26.311261
26.976773,-26.976773
100.04794,-100.04794
4.3977251,-4.3977251
38.736547,-38.736547
2.5630897,-2.5630897
141.41374,-141.41374
74.805855,-74.805855
65.425489,-65.425489
16.620224,-16.620224
45.137103,-45.137103
18.283506,-18.283506
28.336732,-28.336732
18.862609,-18.862609
96.387925,-96.387925
52.760847,-52.760847
101.89454,-101.89454
5.1126156,-5.1126156
158.65922,-158.65922
14.231514,-14.231514
10.728757,-10.728757
18.125522,-18.125522
130.38196,-130.38196
75.913066,-75.913066
52.207132,-52.207132
26.702615,-26.702615
42.887787,-42.887787
19.439572,-19.439572
0.92134401,-0.92134401
21.212756,-21.212756
84.909371,-84.909371
128.27002,-128.27002
62.966812,-62.966812
3.5970647,-3.5970647
124.74095,-124.74095
9.5800978,-9.5800978
8.6074346,-8.6074346
38.8972,-38.8972
39.767212,-39.767212
13.755312,-13.755312
99.464797,-99.464797
15.33976,-15.33976
158.92759,-158.92759
62.260951,-62.260951
28.458764,-28.458764
27.289596,-27.289596
139.76787,-139.76787
105.13833,-105.13833
26.33785,-26.33785
9.676233,-9.676233
111.92557,-111.92557
14.862874,-14.862874
4.3273388,-4.3273388
1.3782304,-1.3782304
71.901871,-71.901871
67.900203,-67.900203
98.399807,-98.399807
18.702619,-18.702619
75.850592,-75.850592
30.153761,-30.153761
31.180326,-31.180326
48.30872,-48.30872
190.4339,-190.4339
229.91775,-229.91775
23.842661,-23.842661
16.444642,-16.444642
61.8716,-61.8716
21.400238,-21.400238
19.781807,-19.781807
1.6276884,-1.6276884
132.84258,-132.84258
58.048342,-58.048342
25.08183,-25.08183
37.189507,-37.189507
64.581002,-64.581002
20.935458,-20.935458
16.172169,-16.172169
12.2464,-12.2464
74.719877,-74.719877
49.95842,-49.95842
57.708716,-57.708716
1.5660121,-1.5660121
164.84903,-164.84903
23.675258,-23.675258
2.1730776,-2.1730776
5.4533128,-5.4533128
46.257122,-46.257122
23.872173,-23.872173
65.785484,-65.785484
22.58481,-22.58481
130.04208,-130.04208
34.692765,-34.692765
8.171049,-8.171049
25.602104,-25.602104
141.32935,-141.32935
231.96605,-231.96605
14.262296,-14.262296
29.32709,-29.32709
76.070528,-76.070528
9.9470404,-9.9470404
27.351265,-27.351265
5.0584194,-5.0584194
157.93777,-157.93777
83.348278,-83.348278
51.346731,-51.346731
30.139744,-30.139744
39.266958,-39.266958
17.272499,-17.272499
12.527562,-12.527562
8.4918885,-8.4918885
121.03296,-121.03296
95.206141,-95.206141
65.682596,-65.682596
4.0102566,-4.0102566
129.70718,-129.70718
19.68262,-19.68262
10.567589,-10.567589
14.340841,-14.340841
88.261161,-88.261161
68.259576,-68.259576
34.997542,-34.997542
42.063728,-42.063728
58.429892,-58.429892
24.752949,-24.752949
1.7312065,-1.7312065
19.707141,-19.707141
56.300848,-56.300848
57.92843,-57.92843
47.5706,-47.5706
3.8868216,-3.8868216
191.00545,-191.00545
8.9954631,-8.9954631
13.698163,-13.698163
11.886657,-11.886657
80.900744,-80.900744
23.004487,-23.004487
122.89398,-122.89398
11.250217,-11.250217
117.20232,-117.20232
41.813346,-41.813346
80.182355,-80.182355
46.630845,-46.630845
169.64992,-169.64992
128.58328,-128.58328
50.482914,-50.482914
4.253767,-4.253767
75.242146,-75.242146
13.873645,-13.873645
5.0000702,-5.0000702
1.9200573,-1.9200573
60.196888,-60.196888
28.220432,-28.220432
115.81542,-115.81542
20.346892,-20.346892
107.86139,-107.86139
26.207777,-26.207777
22.776984,-22.776984
51.342723,-51.342723
164.63233,-164.63233
232.87208,-232.87208
27.157605,-27.157605
6.9227783,-6.9227783
59.574341,-59.574341
11.576332,-11.576332
12.862195,-12.862195
10.791882,-10.791882
96.747165,-96.747165
39.143679,-39.143679
39.268971,-39.268971
36.612637,-36.612637
77.936077,-77.936077
27.616391,-27.616391
4.9961613,-4.9961613
9.3148561,-9.3148561
71.330988,-71.330988
38.266656,-38.266656
57.308107,-57.308107
2.5472833,-2.5472833
197.59228,-197.59228
32.197448,-32.197448
3.6631432,-3.6631432
8.5323067,-8.5323067
147.85388,-147.85388
135.98299,-135.98299
43.470732,-43.470732
34.419872,-34.419872
23.962239,-23.962239
19.283723,-19.283723
4.3264874,-4.3264874
21.234261,-21.234261
100.85833,-100.85833
125.13285,-125.13285
53.832977,-53.832977
6.1956798,-6.1956798
125.08524,-125.08524
5.2413252,-5.2413252
9.9206577,-9.9206577
17.546818,-17.546818
63.674361,-63.674361
18.433979,-18.433979
69.950739,-69.950739
14.029698,-14.029698
140.36417,-140.36417
53.871774,-53.871774
53.466395,-53.466395
20.779558,-20.779558
147.39139,-147.39139
124.71414,-124.71414
26.161553,-26.161553
24.124624,-24.124624
88.700218,-88.700218
13.302007,-13.302007
15.217281,-15.217281
4.466976,-4.466976
108.93551,-108.93551
69.598331,-69.598331
25.166621,-25.166621
49.376479,-49.376479
57.400945,-57.400945
19.652404,-19.652404
2.8165798,-2.8165798
16.156491,-16.156491
68.777962,-68.777962
125.74543,-125.74543
27.200226,-27.200226
4.0116979,-4.0116979
147.41361,-147.41361
16.063345,-16.063345
6.8747391,-6.8747391
12.306223,-12.306223
79.633506,-79.633506
34.468258,-34.468258
118.20255,-118.20255
15.861083,-15.861083
99.583888,-99.583888
34.39374,-34.39374
48.97957,-48.97957
34.057361,-34.057361
211.72626,-211.72626
190.42834,-190.42834
30.108062,-30.108062
4.8940701,-4.8940701
65.35141,-65.35141
22.555403,-22.555403
0.4589486,-0.4589486
0.4000983,-0.4000983
33.438241,-33.438241
22.868827,-22.868827
83.506877,-83.506877
19.169177,-19.169177
130.54363,-130.54363
53.229544,-53.229544
15.313775,-15.313775
38.662037,-38.662037
123.91386,-123.91386
134.87583,-134.87583
22.278488,-22.278488
20.802838,-20.802838
106.89646,-106.89646
4.6830284,-4.6830284
35.005441,-35.005441
3.1380488,-3.1380488
157.19872,-157.19872
64.769147,-64.769147
55.294738,-55.294738
14.070463,-14.070463
48.774926,-48.774926
17.502347,-17.502347
28.21712,-28.21712
16.929491,-16.929491
90.134299,-90.134299
53.758866,-53.758866
104.46318,-104.46318
3.9969863,-3.9969863
145.00982,-145.00982
15.926348,-15.926348
7.5951041,-7.5951041
23.807512,-23.807512
114.76131,-114.76131
87.916581,-87.916581
62.310529,-62.310529
30.579089,-30.579089
40.033549,-40.033549
19.099389,-19.099389
0.93894758,-0.93894758
22.780397,-22.780397
90.370627,-90.370627
129.01391,-129.01391
62.774628,-62.774628
4.5953195,-4.5953195
138.3736,-138.3736
8.4316309,-8.4316309
10.875519,-10.875519
30.845244,-30.845244
42.142233,-42.142233
13.544439,-13.544439
96.015427,-96.015427
14.254302,-14.254302
177.68059,-177.68059
51.457526,-51.457526
39.02645,-39.02645
22.83927,-22.83927
125.36095,-125.36095
125.61479,-125.61479
31.700424,-31.700424
14.28307,-14.28307
106.41559,-106.41559
15.469791,-15.469791
5.6221388,-5.6221388
0.94796073,-0.94796073
72.749773,-72.749773
58.653959,-58.653959
89.532051,-89.532051
18.382986,-18.382986
92.083006,-92.083006
26.740389,-26.740389
38.803524,-38.803524
40.107928,-40.107928
169.55389,-169.55389
250.36391,-250.36391
27.506059,-27.506059
23.148516,-23.148516
59.900718,-59.900718
17.898637,-17.898637
24.408726,-24.408726
1.4269621,-1.4269621
112.97778,-112.97778
64.239071,-64.239071
29.305887,-29.305887
45.898202,-45.898202
64.281858,-64.281858
23.354355,-23.354355
15.580058,-15.580058
12.623868,-12.623868
76.588068,-76.588068
46.178442,-46.178442
53.500327,-53.500327
1.6152913,-1.6152913
186.05812,-186.05812
21.660978,-21.660978
2.5054265,-2.5054265
3.1826239,-3.1826239
34.638978,-34.638978
28.27897,-28.27897
73.465219,-73.465219
26.49336,-26.49336
130.3864,-130.3864
36.955524,-36.955524
7.1850931,-7.1850931
26.296997,-26.296997
143.09435,-143.09435
226.05795,-226.05795
14.714997,-14.714997
29.733115,-29.733115
90.344383,-90.344383
11.943429,-11.943429
23.954138,-23.954138
6.8080696,-6.8080696
157.27356,-157.27356
75.762731,-75.762731
46.108511,-46.108511
29.328223,-29.328223
51.662322,-51.662322
17.40891,-17.40891
17.105997,-17.105997
7.5244255,-7.5244255
103.67241,-103.67241
109.88245,-109.88245
75.309426,-75.309426
1.3393112,-1.3393112
128.70656,-128.70656
21.599549,-21.599549
7.6984192,-7.6984192
14.216537,-14.216537
93.642515,-93.642515
62.892941,-62.892941
32.961476,-32.961476
38.306747,-38.306747
68.630478,-68.630478
21.724875,-21.724875
1.9373077,-1.9373077
19.447312,-19.447312
49.178053,-49.178053
72.044168,-72.044168
57.447499,-57.447499
5.0001603,-5.0001603
181.21024,-181.21024
10.782433,-10.782433
15.220223,-15.220223
13.510292,-13.510292
69.584507,-69.584507
28.921453,-28.921453
138.48858,-138.48858
9.4664065,-9.4664065
111.69907,-111.69907
43.18406,-43.18406
80.170221,-80.170221
50.948153,-50.948153
177.98565,-177.98565
127.44205,-127.44205
48.911129,-48.911129
3.3283621,-3.3283621
84.699659,-84.699659
17.380062,-17.380062
3.9469934,-3.9469934
0.99970579,-0.99970579
78.939199,-78.939199
59.176163,-59.176163
39.112574,-39.112574
48.053909,-48.053909
69.39186,-69.39186
18.920334,-18.920334
1.6347176,-1.6347176
18.516547,-18.516547
62.345022,-62.345022
95.207819,-95.207819
43.335036,-43.335036
1.9113593,-1.9113593
187.82533,-187.82533
12.796556,-12.796556
7.2900766,-7.2900766
16.330418,-16.330418
66.545801,-66.545801
21.443307,-21.443307
133.28471,-133.28471
12.96212,-12.96212
130.54923,-130.54923
35.26732,-35.26732
55.643861,-55.643861
37.957131,-37.957131
165.85176,-165.85176
157.21414,-157.21414
46.174531,-46.174531
4.3776289,-4.3776289
73.822827,-73.822827
17.562952,-17.562952
1.8237777,-1.8237777
1.8074011,-1.8074011
46.14391,-46.14391
31.686749,-31.686749
62.113362,-62.113362
21.2593,-21.2593
124.48821,-124.48821
39.478206,-39.478206
17.859556,-17.859556
26.957507,-26.957507
127.50462,-127.50462
189.95095,-189.95095
19.080151,-19.080151
37.331206,-37.331206
83.533651,-83.533651
8.8855952,-8.8855952
45.838133,-45.838133
2.7749534,-2.7749534
163.50872,-163.50872
101.65458,-101.65458
52.496163,-52.496163
26.707716,-26.707716
37.453507,-37.453507
15.632647,-15.632647
31.634492,-31.634492
14.944473,-14.944473
113.89026,-113.89026
82.583616,-82.583616
85.17465,-85.17465
1.9705775,-1.9705775
137.65206,-137.65206
13.354637,-13.354637
7.8797343,-7.8797343
11.565978,-11.565978
61.52481,-61.52481
50.493108,-50.493108
108.10416,-108.10416
19.755346,-19.755346
85.487965,-85.487965
24.694905,-24.694905
17.276601,-17.276601
42.267515,-42.267515
193.11128,-193.11128
274.14862,-274.14862
17.097031,-17.097031
11.66459,-11.66459
55.569216,-55.569216
23.51739,-23.51739
12.918663,-12.918663
3.4523103,-3.4523103
119.83709,-119.83709
52.609775,-52.609775
27.691444,-27.691444
45.924187,-45.924187
79.380766,-79.380766
19.919368,-19.919368
10.619256,-10.619256
10.363467,-10.363467
75.858429,-75.858429
81.096917,-81.096917
55.652412,-55.652412
1.4015119,-1.4015119
168.35266,-168.35266
28.641836,-28.641836
1.9156126,-1.9156126
4.95959,-4.95959
135.2653,-135.2653
98.075043,-98.075043
52.223394,-52.223394
25.549919,-25.549919
42.702406,-42.702406
19.912198,-19.912198
8.4001458,-8.4001458
22.854278,-22.854278
77.393046,-77.393046
112.04773,-112.04773
88.302309,-88.302309
5.7053336,-5.7053336
138.81168,-138.81168
3.2549703,-3.2549703
11.922705,-11.922705
30.961375,-30.961375
41.36088,-41.36088
14.249041,-14.249041
96.809245,-96.809245
8.9301441,-8.9301441
152.6169,-152.6169
68.561311,-68.561311
45.733854,-45.733854
30.703419,-30.703419
131.78787,-131.78787
81.223844,-81.223844
30.791618,-30.791618
12.423736,-12.423736
119.04073,-119.04073
12.131941,-12.131941
14.281768,-14.281768
3.3360202,-3.3360202
35.039959,-35.039959
12.269207,-12.269207
80.659457,-80.659457
19.685154,-19.685154
145.44406,-145.44406
40.789564,-40.789564
7.0261945,-7.0261945
32.792063,-32.792063
122.08526,-122.08526
171.81605,-171.81605
17.351316,-17.351316
17.024432,-17.024432
86.053428,-86.053428
7.1766627,-7.1766627
29.871155,-29.871155
5.7936355,-5.7936355
141.27818,-141.27818
64.02624,-64.02624
67.594664,-67.594664
22.499181,-22.499181
49.692604,-49.692604
19.683821,-19.683821
13.855339,-13.855339
15.944848,-15.944848
103.01312,-103.01312
69.897852,-69.897852
89.047697,-89.047697
9.3023511,-9.3023511
150.61145,-150.61145
18.527196,-18.527196
14.692318,-14.692318
24.874965,-24.874965
104.40935,-104.40935
97.592934,-97.592934
27.013735,-27.013735
55.893872,-55.893872
48.787538,-48.787538
21.779181,-21.779181
3.7960576,-3.7960576
19.232956,-19.232956
68.047772,-68.047772
89.229383,-89.229383
35.850662,-35.850662
8.5209118,-8.5209118
173.36639,-173.36639
6.4650585,-6.4650585
11.793348,-11.793348
5.9271099,-5.9271099
90.674623,-90.674623
31.884635,-31.884635
98.673444,-98.673444
10.402461,-10.402461
100.94495,-100.94495
36.524772,-36.524772
69.587803,-69.587803
32.734204,-32.734204
188.15689,-188.15689
154.16743,-154.16743
37.021213,-37.021213
9.5709463,-9.5709463
63.30007,-63.30007
18.842848,-18.842848
7.5029864,-7.5029864
1.8243831,-1.8243831
150.06431,-150.06431
103.69081,-103.69081
40.024885,-40.024885
33.981939,-33.981939
35.457654,-35.457654
21.53854,-21.53854
1.2170274,-1.2170274
17.58213,-17.58213
99.490298,-99.490298
173.9974,-173.9974
47.533035,-47.533035
2.8675267,-2.8675267
112.13584,-112.13584
8.557681,-8.557681
5.2108132,-5.2108132
27.088061,-27.088061
46.57549,-46.57549
17.41003,-17.41003
77.790167,-77.790167
19.542369,-19.542369
140.08656,-140.08656
56.814574,-56.814574
22.563215,-22.563215
16.32059,-16.32059
158.14062,-158.14062
129.40438,-129.40438
20.494854,-20.494854
16.648686,-16.648686
96.635581,-96.635581
17.241036,-17.241036
7.6589925,-7.6589925
4.5972527,-4.5972527
58.017753,-58.017753
41.571425,-41.571425
117.69373,-117.69373
16.784632,-16.784632
88.302529,-88.302529
35.692784,-35.692784
27.836144,-27.836144
58.86466,-58.86466
167.76545,-167.76545
170.56063,-170.56063
31.456129,-31.456129
7.8099032,-7.8099032
70.995246,-70.995246
14.100048,-14.100048
22.736517,-22.736517
4.0290366,-4.0290366
118.00189,-118.00189
41.939055,-41.939055
33.823453,-33.823453
26.786803,-26.786803
78.941207,-78.941207
25.844103,-25.844103
17.384278,-17.384278
14.864808,-14.864808
63.578345,-63.578345
32.26536,-32.26536
76.650258,-76.650258
0.4042956,-0.4042956
189.75597,-189.75597
23.793461,-23.793461
3.1900132,-3.1900132
10.229455,-10.229455
137.70785,-137.70785
110.39651,-110.39651
50.380223,-50.380223
38.923118,-38.923118
29.963268,-29.963268
21.163123,-21.163123
0.51592189,-0.51592189
19.709369,-19.709369
107.71092,-107.71092
150.98034,-150.98034
52.540768,-52.540768
2.1210815,-2.1210815
121.98305,-121.98305
6.0153623,-6.0153623
7.7650412,-7.7650412
24.348439,-24.348439
53.516574,-53.516574
16.827593,-16.827593
77.558479,-77.558479
16.083407,-16.083407
150.7139,-150.7139
44.038127,-44.038127
22.063918,-22.063918
15.201185,-15.201185
143.9945,-143.9945
132.30944,-132.30944
24.687131,-24.687131
21.643179,-21.643179
89.68743,-89.68743
15.757562,-15.757562
12.63787,-12.63787
3.1429124,-3.1429124
60.060242,-60.060242
44.801002,-44.801002
109.05026,-109.05026
18.77845,-18.77845
103.93019,-103.93019
32.900211,-32.900211
44.429903,-44.429903
50.921261,-50.921261
147.8511,-147.8511
209.43137,-209.43137
32.720388,-32.720388
13.048876,-13.048876
69.480043,-69.480043
12.970317,-12.970317
18.754899,-18.754899
3.4324457,-3.4324457
101.40585,-101.40585
56.25296,-56.25296
41.077553,-41.077553
35.862145,-35.862145
77.415422,-77.415422
28.209042,-28.209042
22.072462,-22.072462
12.95856,-12.95856
66.155015,-66.155015
37.577964,-37.577964
69.493316,-69.493316
0.75153464,-0.75153464
206.66446,-206.66446
22.712098,-22.712098
4.344628,-4.344628
6.3944424,-6.3944424
26.373155,-26.373155
19.677623,-19.677623
91.431466,-91.431466
21.814236,-21.814236
144.16725,-144.16725
46.866269,-46.866269
9.6006279,-9.6006279
33.210106,-33.210106
123.78276,-123.78276
187.56777,-187.56777
14.193399,-14.193399
17.070253,-17.070253
102.72138,-102.72138
10.009611,-10.009611
17.263353,-17.263353
4.1004729,-4.1004729
143.0876,-143.0876
66.747991,-66.747991
63.028202,-63.028202
23.512387,-23.512387
63.211984,-63.211984
18.054314,-18.054314
25.961177,-25.961177
10.70721,-10.70721
90.606467,-90.606467
97.041454,-97.041454
96.194705,-96.194705
4.2900172,-4.2900172
146.55793,-146.55793
22.212208,-22.212208
17.595482,-17.595482
25.128983,-25.128983
114.72178,-114.72178
83.439664,-83.439664
25.927077,-25.927077
49.937661,-49.937661
55.161855,-55.161855
19.750232,-19.750232
2.2310274,-2.2310274
20.526656,-20.526656
62.44223,-62.44223
88.241302,-88.241302
47.720365,-47.720365
8.0730339,-8.0730339
161.90478,-161.90478
4.9501649,-4.9501649
16.885235,-16.885235
9.5604295,-9.5604295
83.710997,-83.710997
36.882782,-36.882782
116.35192,-116.35192
8.0360551,-8.0360551
90.1692,-90.1692
36.022714,-36.022714
54.946146,-54.946146
38.31058,-38.31058
199.78537,-199.78537
135.31005,-135.31005
37.528165,-37.528165
6.8122968,-6.8122968
70.888595,-70.888595
22.671012,-22.671012
8.2517006,-8.2517006
1.1523377,-1.1523377
74.831777,-74.831777
35.436066,-35.436066
96.549159,-96.549159
18.755735,-18.755735
86.853905,-86.853905
21.948846,-21.948846
13.526076,-13.526076
41.775719,-41.775719
189.49873,-189.49873
255.41623,-255.41623
21.639256,-21.639256
10.869986,-10.869986
43.26989,-43.26989
17.50721,-17.50721
22.946935,-22.946935
6.4059637,-6.4059637
118.88052,-118.88052
50.891157,-50.891157
29.791221,-29.791221
46.42172,-46.42172
64.345563,-64.345563
22.02692,-22.02692
5.7155898,-5.7155898
11.429646,-11.429646
86.98989,-86.98989
57.640447,-57.640447
50.821923,-50.821923
1.0907272,-1.0907272
172.13441,-172.13441
23.609208,-23.609208
1.6109037,-1.6109037
4.7011305,-4.7011305
123.47501,-123.47501
112.92976,-112.92976
52.755469,-52.755469
29.00137,-29.00137
37.13052,-37.13052
19.792449,-19.792449
9.4792917,-9.4792917
25.155795,-25.155795
84.002636,-84.002636
111.24587,-111.24587
69.793303,-69.793303
8.9900248,-8.9900248
150.16905,-150.16905
5.0840659,-5.0840659
10.593866,-10.593866
25.263372,-25.263372
45.60212,-45.60212
11.061233,-11.061233
81.051487,-81.051487
10.245825,-10.245825
165.6054,-165.6054
69.594107,-69.594107
59.612918,-59.612918
25.374102,-25.374102
122.87554,-122.87554
96.375593,-96.375593
30.516929,-30.516929
16.631251,-16.631251
108.13104,-108.13104
14.419026,-14.419026
14.285362,-14.285362
3.3050909,-3.3050909
88.062826,-88.062826
53.660767,-53.660767
31.046167,-31.046167
41.655619,-41.655619
77.580836,-77.580836
20.3727,-20.3727
1.2684632,-1.2684632
17.035464,-17.035464
56.002295,-56.002295
111.96514,-111.96514
38.622113,-38.622113
3.7287339,-3.7287339
175.49129,-175.49129
21.728922,-21.728922
5.4197284,-5.4197284
18.543144,-18.543144
58.984281,-58.984281
23.332657,-23.332657
132.94831,-132.94831
14.453793,-14.453793
120.27586,-120.27586
44.990317,-44.990317
55.675696,-55.675696
41.82017,-41.82017
181.97267,-181.97267
154.09256,-154.09256
35.072144,-35.072144
2.2811437,-2.2811437
80.295363,-80.295363
18.799216,-18.799216
0.66427929,-0.66427929
0.97262755,-0.97262755
44.245009,-44.245009
28.553778,-28.553778
67.866517,-67.866517
20.740617,-20.740617
107.65631,-107.65631
43.304384,-43.304384
7.8923696,-7.8923696
31.702297,-31.702297
145.39654,-145.39654
152.90329,-152.90329
19.635765,-19.635765
27.265169,-27.265169
85.395428,-85.395428
8.7838533,-8.7838533
50.67759,-50.67759
4.1810831,-4.1810831
184.8938,-184.8938
81.262989,-81.262989
44.228094,-44.228094
19.540057,-19.540057
38.062962,-38.062962
16.747405,-16.747405
25.353511,-25.353511
16.380146,-16.380146
109.73589,-109.73589
75.977133,-75.977133
93.327656,-93.327656
1.2266858,-1.2266858
123.7711,-123.7711
11.651572,-11.651572
4.837045,-4.837045
16.48434,-16.48434
46.379017,-46.379017
18.950592,-18.950592
65.262996,-65.262996
22.641025,-22.641025
129.00298,-129.00298
31.075647,-31.075647
4.8869773,-4.8869773
26.905716,-26.905716
143.15631,-143.15631
213.31151,-213.31151
17.008866,-17.008866
28.319909,-28.319909
72.730267,-72.730267
8.5155517,-8.5155517
37.218254,-37.218254
6.5520848,-6.5520848
158.48634,-158.48634
74.307369,-74.307369
51.043969,-51.043969
27.712162,-27.712162
38.276574,-38.276574
18.586284,-18.586284
8.420501,-8.420501
11.385464,-11.385464
119.70714,-119.70714
83.786031,-83.786031
71.564903,-71.564903
4.9321671,-4.9321671
129.34162,-129.34162
18.077089,-18.077089
7.0819002,-7.0819002
14.558301,-14.558301
86.445055,-86.445055
77.273648,-77.273648
34.45359,-34.45359
42.477174,-42.477174
59.534988,-59.534988
25.160114,-25.160114
3.3379103,-3.3379103
19.253426,-19.253426
55.561387,-55.561387
74.269125,-74.269125
44.278473,-44.278473
6.4044863,-6.4044863
190.76427,-190.76427
12.224533,-12.224533
11.135461,-11.135461
10.17572,-10.17572
77.491175,-77.491175
25.621993,-25.621993
121.52368,-121.52368
13.043078,-13.043078
120.79781,-120.79781
42.657555,-42.657555
100.71519,-100.71519
46.004333,-46.004333
170.54187,-170.54187
148.40763,-148.40763
49.599891,-49.599891
5.2494893,-5.2494893
74.130709,-74.130709
15.74747,-15.74747
2.7981157,-2.7981157
2.6603581,-2.6603581
128.58531,-128.58531
84.067699,-84.067699
51.550649,-51.550649
26.613506,-26.613506
44.494389,-44.494389
19.777253,-19.777253
3.3403362,-3.3403362
20.217503,-20.217503
84.73045,-84.73045
152.08197,-152.08197
58.174528,-58.174528
4.7641697,-4.7641697
125.47207,-125.47207
13.13764,-13.13764
8.1469827,-8.1469827
36.160128,-36.160128
37.123832,-37.123832
13.762592,-13.762592
98.521096,-98.521096
16.596492,-16.596492
162.68588,-162.68588
64.079008,-64.079008
41.213366,-41.213366
26.046772,-26.046772
141.55505,-141.55505
125.06874,-125.06874
25.461918,-25.461918
9.7442565,-9.7442565
111.56365,-111.56365
17.302967,-17.302967
2.3329053,-2.3329053
1.2082498,-1.2082498
72.674504,-72.674504
55.874205,-55.874205
98.830333,-98.830333
17.196493,-17.196493
75.347748,-75.347748
28.071938,-28.071938
23.917722,-23.917722
47.549733,-47.549733
193.2727,-193.2727
212.02999,-212.02999
27.349754,-27.349754
15.055962,-15.055962
59.39225,-59.39225
20.747887,-20.747887
27.61731,-27.61731
2.4757021,-2.4757021
133.50593,-133.50593
50.252207,-50.252207
24.236553,-24.236553
34.205306,-34.205306
63.973931,-63.973931
21.259529,-21.259529
12.003126,-12.003126
15.025127,-15.025127
75.483098,-75.483098
42.346833,-42.346833
61.29561,-61.29561
1.3132662,-1.3132662
166.67894,-166.67894
21.314535,-21.314535
4.8671892,-4.8671892
4.8948316,-4.8948316
96.24678,-96.24678
74.276837,-74.276837
30.418515,-30.418515
58.114214,-58.114214
51.973308,-51.973308
18.938964,-18.938964
5.5842512,-5.5842512
17.558032,-17.558032
74.503021,-74.503021
104.80027,-104.80027
30.318067,-30.318067
2.2404893,-2.2404893
161.58726,-161.58726
9.8569356,-9.8569356
8.6978657,-8.6978657
10.554114,-10.554114
85.974571,-85.974571
29.659479,-29.659479
116.18129,-116.18129
13.805834,-13.805834
110.84765,-110.84765
27.917331,-27.917331
47.729494,-47.729494
29.787607,-29.787607
191.02488,-191.02488
189.32079,-189.32079
38.224509,-38.224509
8.1852887,-8.1852887
61.765308,-61.765308
20.912533,-20.912533
1.8581189,-1.8581189
0.85145776,-0.85145776
33.615689,-33.615689
24.749832,-24.749832
74.931186,-74.931186
20.062094,-20.062094
152.31224,-152.31224
50.283847,-50.283847
26.958739,-26.958739
32.015951,-32.015951
104.80515,-104.80515
168.17215,-168.17215
22.008697,-22.008697
30.552889,-30.552889
106.04159,-106.04159
5.0283304,-5.0283304
31.24931,-31.24931
1.7690671,-1.7690671
134.98956,-134.98956
80.107242,-80.107242
62.488709,-62.488709
20.932891,-20.932891
49.555345,-49.555345
18.449267,-18.449267
33.238328,-33.238328
15.402284,-15.402284
91.006688,-91.006688
57.744048,-57.744048
93.374169,-93.374169
4.2465592,-4.2465592
163.03618,-163.03618
16.885808,-16.885808
11.906782,-11.906782
16.781042,-16.781042
46.74985,-46.74985
40.550765,-40.550765
125.88922,-125.88922
19.628514,-19.628514
109.05579,-109.05579
30.871918,-30.871918
26.155816,-26.155816
50.985755,-50.985755
164.70285,-164.70285
248.84021,-248.84021
21.174729,-21.174729
8.3607615,-8.3607615
75.0063,-75.0063
15.935864,-15.935864
6.2983343,-6.2983343
5.6960355,-5.6960355
95.550353,-95.550353
38.715463,-38.715463
35.310059,-35.310059
37.835218,-37.835218
96.975838,-96.975838
24.86001,-24.86001
10.384176,-10.384176
7.3527153,-7.3527153
59.409656,-59.409656
56.510102,-56.510102
60.803025,-60.803025
0.81464587,-0.81464587
196.50682,-196.50682
39.047928,-39.047928
4.1861526,-4.1861526
8.4097824,-8.4097824
157.35438,-157.35438
117.86791,-117.86791
41.817912,-41.817912
31.125812,-31.125812
29.883905,-29.883905
21.348079,-21.348079
3.1616799,-3.1616799
20.12524,-20.12524
91.423402,-91.423402
122.94488,-122.94488
68.259666,-68.259666
3.8348358,-3.8348358
117.15299,-117.15299
3.4457066,-3.4457066
12.625648,-12.625648
21.497596,-21.497596
56.436453,-56.436453
21.206376,-21.206376
82.550235,-82.550235
13.893036,-13.893036
130.71844,-130.71844
54.481543,-54.481543
39.742719,-39.742719
24.554099,-24.554099
154.42862,-154.42862
103.95121,-103.95121
25.437316,-25.437316
20.028641,-20.028641
101.17319,-101.17319
13.241502,-13.241502
15.983231,-15.983231
5.7369237,-5.7369237
107.34699,-107.34699
69.269345,-69.269345
26.701581,-26.701581
52.842503,-52.842503
60.526791,-60.526791
18.4114,-18.4114
2.6894567,-2.6894567
18.841903,-18.841903
68.510004,-68.510004
122.79085,-122.79085
37.557546,-37.557546
4.0397095,-4.0397095
153.32728,-153.32728
10.290362,-10.290362
8.3333926,-8.3333926
14.510149,-14.510149
76.173626,-76.173626
32.94282,-32.94282
124.02355,-124.02355
13.037708,-13.037708
98.508977,-98.508977
31.701533,-31.701533
37.655943,-37.655943
32.226029,-32.226029
203.52662,-203.52662
169.80644,-169.80644
33.035947,-33.035947
6.0044787,-6.0044787
66.983918,-66.983918
23.577619,-23.577619
1.9626642,-1.9626642
0.52513484,-0.52513484
27.226648,-27.226648
26.963592,-26.963592
80.909958,-80.909958
20.646582,-20.646582
139.3347,-139.3347
58.269885,-58.269885
19.007332,-19.007332
35.26268,-35.26268
112.0593,-112.0593
146.35062,-146.35062
18.797974,-18.797974
24.665456,-24.665456
113.64708,-113.64708
6.5902216,-6.5902216
29.670609,-29.670609
2.0688991,-2.0688991
148.43037,-148.43037
76.058049,-76.058049
56.538299,-56.538299
19.443813,-19.443813
58.115366,-58.115366
16.713183,-16.713183
41.798647,-41.798647
15.056633,-15.056633
84.771279,-84.771279
69.742957,-69.742957
104.03802,-104.03802
2.6118772,-2.6118772
151.86469,-151.86469
16.775853,-16.775853
10.115528,-10.115528
20.839443,-20.839443
52.210149,-52.210149
32.097405,-32.097405
114.19657,-114.19657
19.996746,-19.996746
116.80582,-116.80582
29.161657,-29.161657
28.207702,-28.207702
44.58546,-44.58546
150.73379,-150.73379
252.87847,-252.87847
21.880025,-21.880025
9.372368,-9.372368
66.360082,-66.360082
14.042492,-14.042492
9.9101982,-9.9101982
6.1020737,-6.1020737
89.124759,-89.124759
45.621222,-45.621222
40.967175,-40.967175
44.160839,-44.160839
89.920608,-89.920608
26.977912,-26.977912
11.103185,-11.103185
8.0167044,-8.0167044
66.364291,-66.364291
55.785866,-55.785866
57.756377,-57.756377
0.66880102,-0.66880102
210.08125,-210.08125
32.904208,-32.904208
7.2727426,-7.2727426
6.3599471,-6.3599471
147.52896,-147.52896
134.39512,-134.39512
47.962087,-47.962087
35.668461,-35.668461
25.968029,-25.968029
20.608034,-20.608034
3.2372543,-3.2372543
21.515586,-21.515586
102.15128,-102.15128
119.20286,-119.20286
64.892612,-64.892612
5.1090336,-5.1090336
128.99635,-128.99635
3.1501895,-3.1501895
10.968074,-10.968074
18.839263,-18.839263
61.345947,-61.345947
17.4928,-17.4928
73.380675,-73.380675
10.737109,-10.737109
138.98141,-138.98141
50.556411,-50.556411
39.454567,-39.454567
20.66172,-20.66172
143.05172,-143.05172
107.27245,-107.27245
27.435511,-27.435511
23.678362,-23.678362
92.057798,-92.057798
12.679235,-12.679235
22.27946,-22.27946
4.648706,-4.648706
39.102684,-39.102684
21.539455,-21.539455
71.664162,-71.664162
24.04236,-24.04236
117.06319,-117.06319
37.022653,-37.022653
2.0907382,-2.0907382
29.366925,-29.366925
152.25804,-152.25804
188.41899,-188.41899
15.608985,-15.608985
22.453507,-22.453507
78.417484,-78.417484
10.499895,-10.499895
35.2841,-35.2841
6.4993841,-6.4993841
172.96183,-172.96183
70.037711,-70.037711
45.371528,-45.371528
25.535806,-25.535806
45.779418,-45.779418
19.2216,-19.2216
12.509823,-12.509823
11.691529,-11.691529
110.9541,-110.9541
98.483624,-98.483624
80.715889,-80.715889
2.5393076,-2.5393076
120.45835,-120.45835
17.903635,-17.903635
5.7965595,-5.7965595
18.939179,-18.939179
97.01135,-97.01135
72.997102,-72.997102
31.368127,-31.368127
38.790975,-38.790975
68.500686,-68.500686
22.599278,-22.599278
5.6215029,-5.6215029
19.177889,-19.177889
50.609354,-50.609354
89.556324,-89.556324
52.987107,-52.987107
7.8638581,-7.8638581
180.97388,-180.97388
13.458972,-13.458972
10.651706,-10.651706
14.459027,-14.459027
68.263746,-68.263746
28.629414,-28.629414
129.25695,-129.25695
11.028758,-11.028758
107.95722,-107.95722
49.034006,-49.034006
85.757433,-85.757433
49.718807,-49.718807
181.20773,-181.20773
131.28447,-131.28447
43.234543,-43.234543
2.9072981,-2.9072981
80.868153,-80.868153
18.017021,-18.017021
3.2489971,-3.2489971
2.3585212,-2.3585212
119.44051,-119.44051
97.460314,-97.460314
58.779139,-58.779139
29.376818,-29.376818
40.287586,-40.287586
19.154674,-19.154674
3.1344553,-3.1344553
23.526811,-23.526811
94.620228,-94.620228
148.60767,-148.60767
55.630922,-55.630922
6.9597143,-6.9597143
138.02721,-138.02721
10.115545,-10.115545
9.7794887,-9.7794887
32.500222,-32.500222
41.539596,-41.539596
12.394015,-12.394015
88.293261,-88.293261
14.668705,-14.668705
171.9116,-171.9116
59.946548,-59.946548
41.035037,-41.035037
20.945328,-20.945328
131.25581,-131.25581
127.16256,-127.16256
26.444894,-26.444894
12.467354,-12.467354
101.39428,-101.39428
18.876607,-18.876607
5.0064334,-5.0064334
0.82331258,-0.82331258
79.150427,-79.150427
45.267032,-45.267032
88.717799,-88.717799
16.36453,-16.36453
82.217589,-82.217589
26.487235,-26.487235
25.430394,-25.430394
42.814934,-42.814934
177.97946,-177.97946
216.22789,-216.22789
28.864614,-28.864614
16.515795,-16.515795
52.047825,-52.047825
16.865687,-16.865687
35.112175,-35.112175
2.3934311,-2.3934311
125.91876,-125.91876
58.838978,-58.838978
28.207432,-28.207432
41.342569,-41.342569
58.109715,-58.109715
23.327214,-23.327214
12.904155,-12.904155
15.247794,-15.247794
83.792298,-83.792298
40.871464,-40.871464
56.905601,-56.905601
0.78660569,-0.78660569
178.66341,-178.66341
17.013025,-17.013025
3.3355129,-3.3355129
3.1764805,-3.1764805
68.751333,-68.751333
43.018708,-43.018708
106.64175,-106.64175
19.315054,-19.315054
79.686261,-79.686261
22.319376,-22.319376
12.494082,-12.494082
47.116231,-47.116231
204.13909,-204.13909
253.92788,-253.92788
21.483357,-21.483357
9.1452451,-9.1452451
51.0259,-51.0259
20.747691,-20.747691
17.363129,-17.363129
6.755679,-6.755679
126.81082,-126.81082
43.449568,-43.449568
24.923317,-24.923317
39.695213,-39.695213
69.656076,-69.656076
20.772606,-20.772606
4.9947411,-4.9947411
10.896164,-10.896164
79.126003,-79.126003
60.035187,-60.035187
54.581671,-54.581671
1.7978248,-1.7978248
159.63172,-159.63172
28.995945,-28.995945
1.4745389,-1.4745389
6.3471498,-6.3471498
132.08884,-132.08884
98.848032,-98.848032
46.270962,-46.270962
25.379271,-25.379271
41.842278,-41.842278
19.423272,-19.423272
9.0894385,-9.0894385
22.672251,-22.672251
74.637447,-74.637447
112.54892,-112.54892
72.309602,-72.309602
7.0470353,-7.0470353
137.13302,-137.13302
7.0948402,-7.0948402
10.713767,-10.713767
28.450548,-28.450548
41.009508,-41.009508
13.641949,-13.641949
90.958033,-90.958033
12.109933,-12.109933
157.22133,-157.22133
74.888317,-74.888317
58.359116,-58.359116
30.670273,-30.670273
133.89115,-133.89115
92.279567,-92.279567
28.304782,-28.304782
14.053219,-14.053219
117.72995,-117.72995
12.926397,-12.926397
8.8483305,-8.8483305
3.7481795,-3.7481795
78.646298,-78.646298
57.169793,-57.169793
34.733262,-34.733262
46.215883,-46.215883
67.317608,-67.317608
22.519773,-22.519773
1.9202308,-1.9202308
16.365226,-16.365226
60.783672,-60.783672
96.66032,-96.66032
31.602539,-31.602539
2.4773471,-2.4773471
185.19093,-185.19093
20.709637,-20.709637
6.4437307,-6.4437307
13.989445,-13.989445
68.057905,-68.057905
20.424924,-20.424924
124.415,-124.415
16.319536,-16.319536
132.99878,-132.99878
38.990655,-38.990655
69.396566,-69.396566
38.16765,-38.16765
170.35449,-170.35449
175.27889,-175.27889
41.299392,-41.299392
3.754703,-3.754703
74.397718,-74.397718
17.497184,-17.497184
0.52633991,-0.52633991
2.0642209,-2.0642209
52.166762,-52.166762
26.467522,-26.467522
62.549882,-62.549882
19.818272,-19.818272
119.47478,-119.47478
37.349131,-37.349131
12.492845,-12.492845
28.697974,-28.697974
137.41319,-137.41319
172.69687,-172.69687
21.598689,-21.598689
34.064916,-34.064916
78.947742,-78.947742
6.535654,-6.535654
52.345898,-52.345898
3.4758216,-3.4758216
169.34592,-169.34592
86.52541,-86.52541
49.808653,-49.808653
20.989302,-20.989302
31.493608,-31.493608
16.516764,-16.516764
18.367495,-18.367495
16.691509,-16.691509
117.78207,-117.78207
62.538187,-62.538187
83.163679,-83.163679
2.5647698,-2.5647698
133.01126,-133.01126
12.125209,-12.125209
6.2732359,-6.2732359
12.659684,-12.659684
146.94912,-146.94912
97.469484,-97.469484
44.066002,-44.066002
34.640561,-34.640561
34.159002,-34.159002
22.866294,-22.866294
0.40392139,-0.40392139
18.082547,-18.082547
97.851527,-97.851527
152.43342,-152.43342
54.188304,-54.188304
1.2367569,-1.2367569
109.48957,-109.48957
6.9301199,-6.9301199
7.9076552,-7.9076552
26.639443,-26.639443
48.251783,-48.251783
19.10069,-19.10069
87.573371,-87.573371
19.073552,-19.073552
142.73013,-142.73013
47.707533,-47.707533
21.420897,-21.420897
19.315127,-19.315127
154.50504,-154.50504
127.7932,-127.7932
23.425547,-23.425547
17.98034,-17.98034
99.248576,-99.248576
15.616315,-15.616315
7.486221,-7.486221
4.7460658,-4.7460658
54.727828,-54.727828
54.882173,-54.882173
120.13947,-120.13947
18.741646,-18.741646
95.883937,-95.883937
34.977865,-34.977865
43.504299,-43.504299
56.738902,-56.738902
161.59243,-161.59243
207.95224,-207.95224
31.584701,-31.584701
11.912967,-11.912967
78.086324,-78.086324
15.875728,-15.875728
14.305194,-14.305194
2.9370952,-2.9370952
108.62763,-108.62763
46.950928,-46.950928
35.738764,-35.738764
29.963898,-29.963898
83.614974,-83.614974
25.431694,-25.431694
22.360306,-22.360306
11.63148,-11.63148
58.303486,-58.303486
39.745892,-39.745892
74.506098,-74.506098
0.53657576,-0.53657576
194.27922,-194.27922
28.51624,-28.51624
3.147911,-3.147911
8.7788588,-8.7788588
31.970185,-31.970185
17.698486,-17.698486
84.726352,-84.726352
20.721546,-20.721546
158.10929,-158.10929
40.337607,-40.337607
14.625531,-14.625531
30.548941,-30.548941
116.41514,-116.41514
209.771,-209.771
16.554537,-16.554537
22.595371,-22.595371
95.397365,-95.397365
8.2760141,-8.2760141
17.571824,-17.571824
4.5739228,-4.5739228
129.31443,-129.31443
71.555853,-71.555853
69.788259,-69.788259
24.952802,-24.952802
54.909385,-54.909385
18.441845,-18.441845
18.41451,-18.41451
11.312021,-11.312021
97.98199,-97.98199
80.847642,-80.847642
84.658367,-84.658367
7.094377,-7.094377
156.55121,-156.55121
21.499201,-21.499201
19.740869,-19.740869
19.921772,-19.921772
103.55419,-103.55419
87.09398,-87.09398
29.00386,-29.00386
54.745473,-54.745473
47.201948,-47.201948
20.674629,-20.674629
3.0308132,-3.0308132
19.622236,-19.622236
67.663828,-67.663828
74.662438,-74.662438
40.667551,-40.667551
5.3795519,-5.3795519
171.41556,-171.41556
4.7620596,-4.7620596
17.236265,-17.236265
6.4401104,-6.4401104
94.227035,-94.227035
33.111947,-33.111947
108.33382,-108.33382
9.2837088,-9.2837088
101.37144,-101.37144
31.209203,-31.209203
68.568319,-68.568319
35.112157,-35.112157
187.83096,-187.83096
154.00521,-154.00521
43.221004,-43.221004
9.8006126,-9.8006126
65.087654,-65.087654
19.380995,-19.380995
8.5250426,-8.5250426
0.54404883,-0.54404883
30.329515,-30.329515
16.185442,-16.185442
90.513818,-90.513818
20.978025,-20.978025
137.31799,-137.31799
43.564417,-43.564417
6.0632661,-6.0632661
37.745617,-37.745617
133.60953,-133.60953
167.73348,-167.73348
17.471593,-17.471593
14.619213,-14.619213
96.704296,-96.704296
6.8860123,-6.8860123
22.156862,-22.156862
6.6825803,-6.6825803
150.13029,-150.13029
55.943048,-55.943048
59.154682,-59.154682
18.579299,-18.579299
54.333362,-54.333362
18.758745,-18.758745
13.417513,-13.417513
12.790161,-12.790161
94.723074,-94.723074
71.744691,-71.744691
93.213012,-93.213012
7.7655936,-7.7655936
138.09834,-138.09834
22.05614,-22.05614
10.196648,-10.196648
28.232014,-28.232014
112.1187,-112.1187
82.723397,-82.723397
24.137371,-24.137371
49.4798,-49.4798
54.245584,-54.245584
20.794578,-20.794578
2.8800478,-2.8800478
19.33069,-19.33069
58.723349,-58.723349
91.565713,-91.565713
37.865568,-37.865568
8.5780053,-8.5780053
160.54441,-160.54441
9.870437,-9.870437
15.99788,-15.99788
7.3822868,-7.3822868
84.735974,-84.735974
38.657993,-38.657993
108.91608,-108.91608
11.615583,-11.615583
93.527799,-93.527799
39.666008,-39.666008
69.138695,-69.138695
38.401887,-38.401887
202.46364,-202.46364
151.33931,-151.33931
34.425458,-34.425458
7.6749741,-7.6749741
69.741906,-69.741906
21.152074,-21.152074
4.3050572,-4.3050572
1.4666399,-1.4666399
136.25164,-136.25164
108.86476,-108.86476
44.74913,-44.74913
37.476191,-37.476191
29.20832,-29.20832
20.187851,-20.187851
0.71246178,-0.71246178
17.956999,-17.956999
106.50871,-106.50871
151.67411,-151.67411
38.784618,-38.784618
2.9350724,-2.9350724
119.59603,-119.59603
9.1463103,-9.1463103
6.4783752,-6.4783752
21.356929,-21.356929
54.79035,-54.79035
15.156636,-15.156636
70.978236,-70.978236
18.708232,-18.708232
153.80809,-153.80809
49.475749,-49.475749
29.918716,-29.918716
15.176859,-15.176859
148.3829,-148.3829
147.45149,-147.45149
22.462532,-22.462532
21.479854,-21.479854
89.13608,-89.13608
16.281712,-16.281712
8.4700999,-8.4700999
2.6737899,-2.6737899
66.934804,-66.934804
38.148854,-38.148854
110.54732,-110.54732
18.455733,-18.455733
99.019788,-99.019788
30.765221,-30.765221
37.539858,-37.539858
53.550579,-53.550579
157.78343,-157.78343
193.00001,-193.00001
37.640341,-37.640341
10.947963,-10.947963
66.141641,-66.141641
11.053786,-11.053786
23.481546,-23.481546
6.6636499,-6.6636499
106.69785,-106.69785
45.698958,-45.698958
38.382584,-38.382584
29.646227,-29.646227
68.524603,-68.524603
29.448128,-29.448128
12.686954,-12.686954
13.99805,-13.99805
69.332205,-69.332205
24.800711,-24.800711
67.808054,-67.808054
0.77059012,-0.77059012
201.21601,-201.21601
22.776228,-22.776228
4.2728206,-4.2728206
7.2449857,-7.2449857
85.852147,-85.852147
49.229822,-49.229822
34.199627,-34.199627
42.623321,-42.623321
75.702582,-75.702582
18.916204,-18.916204
1.0878572,-1.0878572
17.723475,-17.723475
54.476464,-54.476464
97.337331,-97.337331
45.75755,-45.75755
1.6156597,-1.6156597
173.64785,-173.64785
17.5918,-17.5918
9.2073343,-9.2073343
18.421736,-18.421736
61.41807,-61.41807
24.956446,-24.956446
145.52566,-145.52566
13.399831,-13.399831
122.00664,-122.00664
37.686593,-37.686593
54.89906,-54.89906
44.349386,-44.349386
177.86865,-177.86865
155.0358,-155.0358
43.27847,-43.27847
2.8839345,-2.8839345
82.392109,-82.392109
18.747169,-18.747169
1.0069894,-1.0069894
1.260675,-1.260675
40.777173,-40.777173
40.609926,-40.609926
70.590437,-70.590437
23.824629,-23.824629
116.81887,-116.81887
42.589198,-42.589198
17.211332,-17.211332
30.408379,-30.408379
140.08485,-140.08485
185.51282,-185.51282
19.034843,-19.034843
34.015026,-34.015026
93.172402,-93.172402
10.35528,-10.35528
36.2687,-36.2687
4.3493908,-4.3493908
173.14502,-173.14502
89.775374,-89.775374
45.881372,-45.881372
21.672353,-21.672353
41.519902,-41.519902
14.19645,-14.19645
31.058222,-31.058222
12.915661,-12.915661
104.14633,-104.14633
84.912892,-84.912892
89.838865,-89.838865
1.0267139,-1.0267139
127.09163,-127.09163
15.224053,-15.224053
5.5306832,-5.5306832
14.45969,-14.45969
70.01479,-70.01479
46.484246,-46.484246
100.98047,-100.98047
19.592312,-19.592312
96.368416,-96.368416
21.692474,-21.692474
24.992714,-24.992714
38.695332,-38.695332
182.0158,-182.0158
303.12884,-303.12884
21.380842,-21.380842
15.726733,-15.726733
51.579377,-51.579377
19.934589,-19.934589
13.295227,-13.295227
5.0889916,-5.0889916
108.37904,-108.37904
56.774433,-56.774433
31.957859,-31.957859
50.314461,-50.314461
69.128002,-69.128002
21.438192,-21.438192
7.7018176,-7.7018176
8.3047595,-8.3047595
82.881097,-82.881097
68.166584,-68.166584
48.12713,-48.12713
0.89314951,-0.89314951
178.73917,-178.73917
27.496962,-27.496962
2.5041844,-2.5041844
2.9382209,-2.9382209
121.94808,-121.94808
102.824,-102.824
57.361567,-57.361567
27.279508,-27.279508
36.319012,-36.319012
19.604185,-19.604185
4.434124,-4.434124
24.745896,-24.745896
83.388685,-83.388685
94.380393,-94.380393
77.05122,-77.05122
6.1906243,-6.1906243
147.54278,-147.54278
3.5604579,-3.5604579
13.134771,-13.134771
24.807406,-24.807406
48.934413,-48.934413
12.178382,-12.178382
89.31164,-89.31164
9.1557176,-9.1557176
167.00496,-167.00496
60.054593,-60.054593
56.261445,-56.261445
28.333513,-28.333513
123.27512,-123.27512
95.064479,-95.064479
34.872075,-34.872075
16.909596,-16.909596
110.17159,-110.17159
10.700232,-10.700232
14.58606,-14.58606
1.6812358,-1.6812358
126.9792,-126.9792
83.917514,-83.917514
56.64047,-56.64047
28.076422,-28.076422
47.521557,-47.521557
19.934982,-19.934982
2.5676654,-2.5676654
21.57747,-21.57747
84.31253,-84.31253
147.44423,-147.44423
72.745533,-72.745533
3.4845219,-3.4845219
129.64578,-129.64578
7.8224055,-7.8224055
9.0067008,-9.0067008
37.124043,-37.124043
34.602193,-34.602193
15.28069,-15.28069
104.23315,-104.23315
13.940506,-13.940506
163.57689,-163.57689
59.510749,-59.510749
29.288834,-29.288834
25.138056,-25.138056
134.75581,-134.75581
107.3642,-107.3642
27.583244,-27.583244
10.785486,-10.785486
114.24002,-114.24002
16.106576,-16.106576
4.9710486,-4.9710486
1.7457708,-1.7457708
63.971998,-63.971998
61.534963,-61.534963
94.935494,-94.935494
18.251948,-18.251948
81.130767,-81.130767
30.31504,-30.31504
29.790196,-29.790196
43.904019,-43.904019
179.2485,-179.2485
227.12108,-227.12108
23.228239,-23.228239
18.050772,-18.050772
64.842828,-64.842828
21.607742,-21.607742
24.210747,-24.210747
0.89820238,-0.89820238
125.34355,-125.34355
59.348103,-59.348103
25.505931,-25.505931
42.251659,-42.251659
73.943724,-73.943724
20.598159,-20.598159
21.053196,-21.053196
14.420169,-14.420169
70.341811,-70.341811
57.758838,-57.758838
61.637828,-61.637828
3.2234347,-3.2234347
174.91127,-174.91127
22.771365,-22.771365
1.9015905,-1.9015905
4.0452569,-4.0452569
39.56766,-39.56766
22.29973,-22.29973
65.1667,-65.1667
24.136871,-24.136871
138.71005,-138.71005
35.016954,-35.016954
7.3378772,-7.3378772
22.689966,-22.689966
131.26467,-131.26467
228.0239,-228.0239
13.596135,-13.596135
33.482361,-33.482361
79.755866,-79.755866
11.256083,-11.256083
31.363271,-31.363271
4.7622465,-4.7622465
147.52118,-147.52118
86.568264,-86.568264
53.360523,-53.360523
34.181526,-34.181526
47.837592,-47.837592
17.995029,-17.995029
16.982631,-16.982631
9.4859424,-9.4859424
112.92601,-112.92601
106.18392,-106.18392
71.325271,-71.325271
1.8455721,-1.8455721
140.11319,-140.11319
18.693425,-18.693425
12.35318,-12.35318
11.531171,-11.531171
87.096731,-87.096731
74.321772,-74.321772
37.390878,-37.390878
44.322973,-44.322973
62.076428,-62.076428
22.441263,-22.441263
2.5668266,-2.5668266
19.789041,-19.789041
56.986861,-56.986861
71.512307,-71.512307
54.798222,-54.798222
5.3122912,-5.3122912
195.72719,-195.72719
7.2923413,-7.2923413
12.537896,-12.537896
11.633154,-11.633154
75.300946,-75.300946
23.666944,-23.666944
126.24142,-126.24142
9.5608612,-9.5608612
119.37334,-119.37334
39.739738,-39.739738
82.532137,-82.532137
44.252895,-44.252895
164.83881,-164.83881
131.93943,-131.93943
53.228135,-53.228135
4.5440092,-4.5440092
77.018669,-77.018669
15.770634,-15.770634
6.7470097,-6.7470097
1.8389776,-1.8389776
52.42132,-52.42132
31.102216,-31.102216
123.2061,-123.2061
19.357894,-19.357894
95.920459,-95.920459
30.406445,-30.406445
16.309073,-16.309073
55.805323,-55.805323
174.69616,-174.69616
210.28931,-210.28931
22.338395,-22.338395
4.152759,-4.152759
64.523315,-64.523315
14.476328,-14.476328
13.196763,-13.196763
7.9472036,-7.9472036
108.19803,-108.19803
35.31871,-35.31871
34.459441,-34.459441
33.708152,-33.708152
88.400298,-88.400298
24.496838,-24.496838
7.9633141,-7.9633141
10.196317,-10.196317
64.784837,-64.784837
49.135902,-49.135902
66.311505,-66.311505
1.3770316,-1.3770316
187.16911,-187.16911
34.313126,-34.313126
2.6987178,-2.6987178
12.3929,-12.3929
161.75677,-161.75677
132.67061,-132.67061
39.616736,-39.616736
31.5369,-31.5369
29.476837,-29.476837
20.330088,-20.330088
7.2894009,-7.2894009
20.398161,-20.398161
94.517479,-94.517479
143.34254,-143.34254
62.554506,-62.554506
6.8555371,-6.8555371
116.53098,-116.53098
4.1277839,-4.1277839
8.6383806,-8.6383806
22.450559,-22.450559
54.477482,-54.477482
21.05327,-21.05327
76.843013,-76.843013
14.129813,-14.129813
127.81809,-127.81809
62.428157,-62.428157
42.194507,-42.194507
22.633096,-22.633096
156.81017,-156.81017
106.88444,-106.88444
23.423417,-23.423417
18.798234,-18.798234
96.879714,-96.879714
14.817816,-14.817816
13.961049,-13.961049
7.4339024,-7.4339024
101.47666,-101.47666
81.385306,-81.385306
28.509025,-28.509025
54.971158,-54.971158
51.682481,-51.682481
19.646798,-19.646798
3.6756715,-3.6756715
16.465622,-16.465622
77.782773,-77.782773
125.37471,-125.37471
26.650632,-26.650632
3.7787268,-3.7787268
160.73217,-160.73217
12.32049,-12.32049
4.8545216,-4.8545216
11.004863,-11.004863
86.245632,-86.245632
28.669601,-28.669601
107.03876,-107.03876
15.114216,-15.114216
106.58974,-106.58974
31.573045,-31.573045
50.683673,-50.683673
27.915005,-27.915005
197.78397,-197.78397
194.77926,-194.77926
32.050418,-32.050418
6.7170917,-6.7170917
58.67807,-58.67807
20.599618,-20.599618
1.5371548,-1.5371548
0.64816803,-0.64816803
37.783619,-37.783619
17.132895,-17.132895
74.454843,-74.454843
17.270923,-17.270923
139.20441,-139.20441
50.117467,-50.117467
15.503953,-15.503953
34.453789,-34.453789
112.68689,-112.68689
136.81187,-136.81187
22.600661,-22.600661
23.577699,-23.577699
95.826175,-95.826175
4.0844487,-4.0844487
43.137623,-43.137623
2.1064182,-2.1064182
147.56752,-147.56752
75.111359,-75.111359
63.20109,-63.20109
17.680237,-17.680237
44.496469,-44.496469
19.264124,-19.264124
27.752457,-27.752457
20.269409,-20.269409
99.188348,-99.188348
50.485291,-50.485291
98.484555,-98.484555
5.5463674,-5.5463674
156.58397,-156.58397
12.533311,-12.533311
10.31828,-10.31828
20.162319,-20.162319
103.54817,-103.54817
74.388432,-74.388432
29.1248,-29.1248
54.836419,-54.836419
49.518043,-49.518043
18.48622,-18.48622
5.1862264,-5.1862264
18.030047,-18.030047
80.319822,-80.319822
109.04854,-109.04854
31.815279,-31.815279
2.3014983,-2.3014983
157.08222,-157.08222
8.9126783,-8.9126783
7.3431224,-7.3431224
13.291675,-13.291675
89.78362,-89.78362
27.507526,-27.507526
110.45219,-110.45219
12.949896,-12.949896
102.41076,-102.41076
29.776841,-29.776841
40.179249,-40.179249
30.851572,-30.851572
198.90598,-198.90598
176.97317,-176.97317
35.216959,-35.216959
6.7729676,-6.7729676
56.574732,-56.574732
20.367947,-20.367947
3.337486,-3.337486
0.81422289,-0.81422289
35.783535,-35.783535
20.597574,-20.597574
70.962675,-70.962675
18.832402,-18.832402
143.10772,-143.10772
54.3328,-54.3328
22.04573,-22.04573
33.753103,-33.753103
108.38286,-108.38286
153.94752,-153.94752
19.794927,-19.794927
26.143276,-26.143276
99.385809,-99.385809
5.5586735,-5.5586735
36.55654,-36.55654
1.1487204,-1.1487204
144.37362,-144.37362
80.855746,-80.855746
60.622349,-60.622349
20.538313,-20.538313
47.0784,-47.0784
19.21101,-19.21101
36.028004,-36.028004
17.820689,-17.820689
97.834458,-97.834458
59.740872,-59.740872
92.702964,-92.702964
5.2454759,-5.2454759
155.90869,-155.90869
15.96205,-15.96205
11.706305,-11.706305
19.385053,-19.385053
49.576028,-49.576028
35.785148,-35.785148
120.54668,-120.54668
19.777938,-19.777938
101.10995,-101.10995
33.676513,-33.676513
21.686755,-21.686755
53.474734,-53.474734
169.73438,-169.73438
231.06458,-231.06458
18.097773,-18.097773
6.0643325,-6.0643325
68.950511,-68.950511
15.36598,-15.36598
8.6520666,-8.6520666
5.5243518,-5.5243518
103.55384,-103.55384
38.509265,-38.509265
33.643407,-33.643407
36.42368,-36.42368
93.252808,-93.252808
25.316038,-25.316038
12.113769,-12.113769
8.1254767,-8.1254767
64.075087,-64.075087
59.119466,-59.119466
60.959768,-60.959768
0.54713448,-0.54713448
189.51856,-189.51856
38.409188,-38.409188
4.3650676,-4.3650676
10.618374,-10.618374
166.99576,-166.99576
118.97637,-118.97637
40.804205,-40.804205
29.884192,-29.884192
27.678124,-27.678124
21.303622,-21.303622
4.024119,-4.024119
21.033247,-21.033247
98.387446,-98.387446
127.16623,-127.16623
69.579947,-69.579947
4.7991124,-4.7991124
113.25012,-113.25012
2.6120832,-2.6120832
11.349739,-11.349739
25.564969,-25.564969
59.123823,-59.123823
19.3064,-19.3064
78.066074,-78.066074
11.561049,-11.561049
121.62553,-121.62553
58.462917,-58.462917
33.005423,-33.005423
25.244045,-25.244045
160.52805,-160.52805
95.302244,-95.302244
24.158081,-24.158081
16.777544,-16.777544
95.165045,-95.165045
13.414486,-13.414486
20.004664,-20.004664
5.2939645,-5.2939645
41.334287,-41.334287
19.135059,-19.135059
67.121439,-67.121439
23.301073,-23.301073
133.60851,-133.60851
31.627063,-31.627063
4.3982088,-4.3982088
24.564216,-24.564216
134.77928,-134.77928
206.85376,-206.85376
16.047073,-16.047073
29.90627,-29.90627
75.817845,-75.817845
9.7293166,-9.7293166
39.159848,-39.159848
6.237627,-6.237627
153.86899,-153.86899
80.069954,-80.069954
54.161561,-54.161561
31.549405,-31.549405
43.292207,-43.292207
19.103186,-19.103186
11.55733,-11.55733
11.828072,-11.828072
114.38351,-114.38351
93.116321,-93.116321
76.39155,-76.39155
3.0500705,-3.0500705
136.84913,-136.84913
16.41536,-16.41536
8.8371186,-8.8371186
13.164543,-13.164543
82.504259,-82.504259
84.679558,-84.679558
36.715399,-36.715399
46.195675,-46.195675
65.933505,-65.933505
23.817399,-23.817399
4.7369445,-4.7369445
19.366554,-19.366554
53.027815,-53.027815
83.877539,-83.877539
49.428422,-49.428422
7.6823484,-7.6823484
200.85157,-200.85157
9.7670294,-9.7670294
9.3392,-9.3392
9.3567827,-9.3567827
71.000712,-71.000712
26.027312,-26.027312
123.06646,-123.06646
11.334078,-11.334078
124.57457,-124.57457
42.048426,-42.048426
95.871855,-95.871855
41.175528,-41.175528
162.28632,-162.28632
146.06674,-146.06674
49.850284,-49.850284
5.827809,-5.827809
78.077403,-78.077403
16.884929,-16.884929
3.5778179,-3.5778179
2.6453505,-2.6453505
123.66787,-123.66787
91.040247,-91.040247
54.759464,-54.759464
28.331657,-28.331657
50.324195,-50.324195
20.018449,-20.018449
5.3931939,-5.3931939
20.105326,-20.105326
81.153662,-81.153662
165.881,-165.881
65.145163,-65.145163
4.5928637,-4.5928637
134.20944,-134.20944
10.970369,-10.970369
8.5824622,-8.5824622
34.496373,-34.496373
32.620144,-32.620144
14.713756,-14.713756
100.13973,-100.13973
16.355814,-16.355814
167.25544,-167.25544
63.714891,-63.714891
38.048477,-38.048477
22.173572,-22.173572
134.84985,-134.84985
122.09339,-122.09339
25.182889,-25.182889
11.196222,-11.196222
115.94881,-115.94881
17.932935,-17.932935
2.7650584,-2.7650584
2.2142125,-2.2142125
65.863392,-65.863392
54.857641,-54.857641
100.42897,-100.42897
16.581955,-16.581955
79.139271,-79.139271
28.191224,-28.191224
22.507577,-22.507577
44.531453,-44.531453
182.94501,-182.94501
205.93834,-205.93834
26.721805,-26.721805
15.54673,-15.54673
62.116638,-62.116638
21.929997,-21.929997
29.204366,-29.204366
1.7690227,-1.7690227
129.44189,-129.44189
55.103701,-55.103701
25.617317,-25.617317
39.099433,-39.099433
70.248955,-70.248955
20.369187,-20.369187
15.155182,-15.155182
16.534239,-16.534239
72.233275,-72.233275
48.666242,-48.666242
65.081665,-65.081665
2.3425457,-2.3425457
174.30084,-174.30084
18.416415,-18.416415
3.5133929,-3.5133929
3.7633219,-3.7633219
73.387394,-73.387394
41.331273,-41.331273
103.47371,-103.47371
19.128394,-19.128394
91.654663,-91.654663
19.76085,-19.76085
18.169408,-18.169408
40.631114,-40.631114
187.07182,-187.07182
276.1514,-276.1514
24.985188,-24.985188
13.265326,-13.265326
47.134476,-47.134476
19.424664,-19.424664
18.349701,-18.349701
7.1891373,-7.1891373
112.48579,-112.48579
52.719313,-52.719313
32.641137,-32.641137
46.602728,-46.602728
65.197305,-65.197305
21.312524,-21.312524
4.8085896,-4.8085896
10.48418,-10.48418
83.808765,-83.808765
56.338666,-56.338666
52.1513,-52.1513
1.5481985,-1.5481985
175.46048,-175.46048
23.949051,-23.949051
2.1197198,-2.1197198
3.6195065,-3.6195065
118.05489,-118.05489
113.4251,-113.4251
54.785192,-54.785192
29.553494,-29.553494
38.114115,-38.114115
19.532039,-19.532039
8.4142095,-8.4142095
23.875879,-23.875879
79.153844,-79.153844
110.341,-110.341
70.422041,-70.422041
7.5341117,-7.5341117
152.01177,-152.01177
5.7032259,-5.7032259
11.761642,-11.761642
22.191122,-22.191122
44.958805,-44.958805
12.58905,-12.58905
87.564581,-87.564581
11.761813,-11.761813
173.38037,-173.38037
63.556479,-63.556479
69.65696,-69.65696
25.62104,-25.62104
120.15648,-120.15648
108.7505,-108.7505
33.712599,-33.712599
18.934693,-18.934693
112.01415,-112.01415
13.008783,-13.008783
9.9345477,-9.9345477
2.9210673,-2.9210673
83.804889,-83.804889
54.819099,-54.819099
33.194273,-33.194273
43.267233,-43.267233
78.616568,-78.616568
20.473131,-20.473131
0.88669038,-0.88669038
16.278855,-16.278855
52.325897,-52.325897
110.91158,-110.91158
38.426952,-38.426952
3.0770822,-3.0770822
177.038,-177.038
21.505246,-21.505246
6.3354747,-6.3354747
15.720287,-15.720287
57.817649,-57.817649
26.074985,-26.074985
141.77044,-141.77044
15.279524,-15.279524
126.94947,-126.94947
40.874095,-40.874095
65.638467,-65.638467
41.749126,-41.749126
177.62883,-177.62883
170.16218,-170.16218
39.561341,-39.561341
2.7878222,-2.7878222
84.281024,-84.281024
19.224929,-19.224929
0.8282425,-0.8282425
0.79427569,-0.79427569
43.366543,-43.366543
34.570586,-34.570586
73.488525,-73.488525
22.487882,-22.487882
112.78398,-112.78398
38.547508,-38.547508
11.890911,-11.890911
30.523018,-30.523018
143.8942,-143.8942
168.69604,-168.69604
21.112993,-21.112993
30.861874,-30.861874
90.145843,-90.145843
10.114986,-10.114986
43.848018,-43.848018
5.2535842,-5.2535842
177.19321,-177.19321
83.223104,-83.223104
47.555453,-47.555453
19.047851,-19.047851
38.72336,-38.72336
15.932138,-15.932138
24.251056,-24.251056
14.979761,-14.979761
105.31567,-105.31567
75.408469,-75.408469
96.207212,-96.207212
1.0892722,-1.0892722
127.04901,-127.04901
12.635028,-12.635028
5.8528885,-5.8528885
14.830965,-14.830965
140.22541,-140.22541
100.15083,-100.15083
45.971873,-45.971873
37.108647,-37.108647
26.993647,-26.993647
20.34215,-20.34215
1.060318,-1.060318
19.488162,-19.488162
109.71167,-109.71167
136.35925,-136.35925
45.837325,-45.837325
2.0788329,-2.0788329
115.59483,-115.59483
6.9163354,-6.9163354
8.0673703,-8.0673703
24.116594,-24.116594
57.711794,-57.711794
15.407589,-15.407589
73.92993,-73.92993
16.692484,-16.692484
149.55555,-149.55555
45.730033,-45.730033
23.066649,-23.066649
17.583811,-17.583811
147.84317,-147.84317
133.2008,-133.2008
24.295534,-24.295534
20.398235,-20.398235
88.108396,-88.108396
14.641304,-14.641304
12.174815,-12.174815
2.5842977,-2.5842977
64.412764,-64.412764
44.9118,-44.9118
105.63777,-105.63777
19.615023,-19.615023
101.83477,-101.83477
33.710657,-33.710657
45.377816,-45.377816
53.272597,-53.272597
154.87613,-154.87613
211.04007,-211.04007
32.516893,-32.516893
13.654583,-13.654583
68.225019,-68.225019
11.19783,-11.19783
18.242866,-18.242866
4.7509885,-4.7509885
102.30448,-102.30448
49.654564,-49.654564
37.628277,-37.628277
32.330607,-32.330607
72.544769,-72.544769
31.335263,-31.335263
17.570572,-17.570572
11.934628,-11.934628
67.336668,-67.336668
30.124206,-30.124206
63.338284,-63.338284
0.6754525,-0.6754525
202.04468,-202.04468
27.052822,-27.052822
3.4839298,-3.4839298
7.3043817,-7.3043817
28.848741,-28.848741
19.006012,-19.006012
87.655152,-87.655152
21.429022,-21.429022
141.92821,-141.92821
47.481294,-47.481294
9.962502,-9.962502
35.584745,-35.584745
129.86201,-129.86201
189.39486,-189.39486
14.984059,-14.984059
17.209807,-17.209807
101.2829,-101.2829
8.7005383,-8.7005383
16.829376,-16.829376
4.8668659,-4.8668659
144.45693,-144.45693
60.083624,-60.083624
58.030538,-58.030538
21.301147,-21.301147
58.714781,-58.714781
18.117925,-18.117925
20.274802,-20.274802
9.9793785,-9.9793785
92.811572,-92.811572
84.399785,-84.399785
87.760062,-87.760062
5.7638446,-5.7638446
141.98745,-141.98745
25.6236,-25.6236
13.295353,-13.295353
26.189323,-26.189323
116.89046,-116.89046
73.899481,-73.899481
23.96995,-23.96995
47.100592,-47.100592
51.380863,-51.380863
20.402285,-20.402285
2.644826,-2.644826
20.067337,-20.067337
63.346201,-63.346201
77.390017,-77.390017
42.19551,-42.19551
6.3036205,-6.3036205
155.09138,-155.09138
7.0217582,-7.0217582
20.683887,-20.683887
9.236997,-9.236997
88.737835,-88.737835
35.006412,-35.006412
112.07029,-112.07029
9.1679218,-9.1679218
89.370457,-89.370457
37.827524,-37.827524
56.443911,-56.443911
41.629529,-41.629529
205.1502,-205.1502
135.19876,-135.19876
36.14218,-36.14218
6.2976145,-6.2976145
69.086149,-69.086149
20.439277,-20.439277
7.3852721,-7.3852721
0.65522259,-0.65522259
33.773139,-33.773139
14.765596,-14.765596
87.130707,-87.130707
20.357404,-20.357404
152.61825,-152.61825
36.372881,-36.372881
10.351934,-10.351934
32.382477,-32.382477
119.70438,-119.70438
189.37171,-189.37171
20.057929,-20.057929
19.469057,-19.469057
91.423172,-91.423172
6.6114518,-6.6114518
23.784735,-23.784735
6.7263423,-6.7263423
135.30527,-135.30527
66.13181,-66.13181
70.941148,-70.941148
22.419003,-22.419003
50.15838,-50.15838
19.01987,-19.01987
12.549257,-12.549257
13.873374,-13.873374
99.865811,-99.865811
69.754632,-69.754632
90.805103,-90.805103
9.5034584,-9.5034584
152.88218,-152.88218
18.80782,-18.80782
15.256329,-15.256329
21.950122,-21.950122
98.620508,-98.620508
98.018458,-98.018458
28.806375,-28.806375
56.9947,-56.9947
50.17785,-50.17785
21.265476,-21.265476
3.0520664,-3.0520664
18.9391,-18.9391
63.381009,-63.381009
87.013323,-87.013323
35.827292,-35.827292
7.8331233,-7.8331233
176.4695,-176.4695
6.9566924,-6.9566924
12.776252,-12.776252
4.5494232,-4.5494232
89.643378,-89.643378
37.050783,-37.050783
105.6669,-105.6669
11.365945,-11.365945
106.29269,-106.29269
32.68562,-32.68562
80.861451,-80.861451
32.343669,-32.343669
185.47075,-185.47075
169.28922,-169.28922
40.712706,-40.712706
11.641778,-11.641778
65.625912,-65.625912
20.116738,-20.116738
4.8023425,-4.8023425
1.3008735,-1.3008735
143.30557,-143.30557
104.96806,-104.96806
42.817484,-42.817484
35.108577,-35.108577
36.293045,-36.293045
22.169577,-22.169577
0.94464164,-0.94464164
16.323332,-16.323332
94.33437,-94.33437
170.99747,-170.99747
47.335876,-47.335876
2.1706403,-2.1706403
114.0052,-114.0052
9.5579001,-9.5579001
6.3143108,-6.3143108
24.188821,-24.188821
45.837915,-45.837915
19.508125,-19.508125
83.905579,-83.905579
21.435189,-21.435189
146.22853,-146.22853
51.177159,-51.177159
29.107596,-29.107596
16.511019,-16.511019
155.04813,-155.04813
143.82785,-143.82785
21.920851,-21.920851
18.822522,-18.822522
100.51872,-100.51872
16.927286,-16.927286
4.9326897,-4.9326897
4.9763347,-4.9763347
56.763308,-56.763308
48.236197,-48.236197
126.14129,-126.14129
17.416471,-17.416471
93.652674,-93.652674
32.235574,-32.235574
34.737739,-34.737739
57.075722,-57.075722
165.06036,-165.06036
187.50604,-187.50604
35.995078,-35.995078
9.6128835,-9.6128835
75.563633,-75.563633
16.115948,-16.115948
18.301053,-18.301053
4.4647233,-4.4647233
112.60336,-112.60336
43.680315,-43.680315
36.471945,-36.471945
26.94315,-26.94315
79.923574,-79.923574
24.408142,-24.408142
15.776458,-15.776458
13.922706,-13.922706
60.525226,-60.525226
32.703124,-32.703124
78.951241,-78.951241
0.43988097,-0.43988097
193.24592,-193.24592
23.615917,-23.615917
3.9943197,-3.9943197
8.7745403,-8.7745403
80.249285,-80.249285
52.099575,-52.099575
35.934659,-35.934659
45.439609,-45.439609
65.026092,-65.026092
20.604695,-20.604695
2.953601,-2.953601
18.031801,-18.031801
63.295305,-63.295305
82.344597,-82.344597
37.449689,-37.449689
1.3407999,-1.3407999
181.09736,-181.09736
16.368076,-16.368076
8.8404147,-8.8404147
16.282962,-16.282962
71.38786,-71.38786
20.067115,-20.067115
128.27976,-128.27976
14.242705,-14.242705
128.58903,-128.58903
36.285255,-36.285255
57.034426,-57.034426
41.152117,-41.152117
170.58945,-170.58945
157.94532,-157.94532
44.739396,-44.739396
3.7354653,-3.7354653
72.293773,-72.293773
16.373598,-16.373598
1.4879495,-1.4879495
2.6469762,-2.6469762
49.671206,-49.671206
30.964386,-30.964386
59.781576,-59.781576
21.316802,-21.316802
123.13281,-123.13281
40.816721,-40.816721
18.658794,-18.658794
28.526154,-28.526154
133.14717,-133.14717
192.03688,-192.03688
19.6234,-19.6234
36.878083,-36.878083
82.339643,-82.339643
7.2503156,-7.2503156
45.036776,-45.036776
2.547234,-2.547234
165.97611,-165.97611
92.370159,-92.370159
47.883714,-47.883714
24.037717,-24.037717
33.771239,-33.771239
15.64012,-15.64012
25.092693,-25.092693
14.297816,-14.297816
116.34884,-116.34884
72.47562,-72.47562
78.013057,-78.013057
2.2816402,-2.2816402
133.23963,-133.23963
14.948242,-14.948242
6.1559251,-6.1559251
12.476392,-12.476392
65.228707,-65.228707
48.980355,-48.980355
104.44333,-104.44333
19.737096,-19.737096
84.641942,-84.641942
25.040921,-25.040921
17.596317,-17.596317
45.351777,-45.351777
199.34326,-199.34326
276.72718,-276.72718
17.982844,-17.982844
11.668718,-11.668718
55.113326,-55.113326
21.138081,-21.138081
11.909857,-11.909857
4.4910811,-4.4910811
121.99857,-121.99857
47.167556,-47.167556
24.663552,-24.663552
42.880751,-42.880751
74.225822,-74.225822
20.797485,-20.797485
7.7097198,-7.7097198
9.0499237,-9.0499237
78.268601,-78.268601
70.718492,-70.718492
49.884795,-49.884795
1.189721,-1.189721
162.47338,-162.47338
32.538,-32.538
1.0482733,-1.0482733
5.3152177,-5.3152177
136.68076,-136.68076
87.835739,-87.835739
48.085432,-48.085432
23.43502,-23.43502
39.667423,-39.667423
19.621961,-19.621961
5.3653519,-5.3653519
23.446463,-23.446463
78.34282,-78.34282
98.301304,-98.301304
80.005668,-80.005668
5.3812315,-5.3812315
133.31102,-133.31102
4.889389,-4.889389
13.032903,-13.032903
31.636487,-31.636487
45.275416,-45.275416
12.973621,-12.973621
92.480836,-92.480836
9.7261932,-9.7261932
150.38553,-150.38553
70.206859,-70.206859
47.496479,-47.496479
33.176561,-33.176561
136.86914,-136.86914
81.140335,-81.140335
29.202822,-29.202822
12.045035,-12.045035
115.99295,-115.99295
10.964776,-10.964776
13.884225,-13.884225
2.2389215,-2.2389215
123.15382,-123.15382
89.029756,-89.029756
60.606797,-60.606797
29.168743,-29.168743
37.411756,-37.411756
18.51944,-18.51944
1.3020555,-1.3020555
24.812156,-24.812156
97.426934,-97.426934
133.26483,-133.26483
63.706304,-63.706304
5.9019544,-5.9019544
133.95344,-133.95344
7.4753661,-7.4753661
9.9655657,-9.9655657
35.48739,-35.48739
44.036504,-44.036504
13.604353,-13.604353
91.66286,-91.66286
12.608675,-12.608675
167.54991,-167.54991
55.480261,-55.480261
33.036167,-33.036167
23.508383,-23.508383
131.00274,-131.00274
113.93733,-113.93733
29.422955,-29.422955
11.881251,-11.881251
99.983076,-99.983076
16.84491,-16.84491
8.2269056,-8.2269056
0.57558034,-0.57558034
76.647805,-76.647805
52.081237,-52.081237
84.216849,-84.216849
17.790212,-17.790212
84.656901,-84.656901
28.623399,-28.623399
32.045798,-32.045798
42.294219,-42.294219
174.94059,-174.94059
235.22579,-235.22579
24.636519,-24.636519
19.426801,-19.426801
54.378191,-54.378191
16.864902,-16.864902
28.872554,-28.872554
1.2075408,-1.2075408
121.27384,-121.27384
63.930757,-63.930757
27.964047,-27.964047
44.097562,-44.097562
62.062244,-62.062244
24.204807,-24.204807
17.278183,-17.278183
13.356071,-13.356071
82.104549,-82.104549
48.201569,-48.201569
53.473542,-53.473542
1.536321,-1.536321
179.23765,-179.23765
20.709225,-20.709225
1.8822544,-1.8822544
3.5623775,-3.5623775
37.611059,-37.611059
24.61803,-24.61803
69.226279,-69.226279
24.983344,-24.983344
121.34216,-121.34216
40.386294,-40.386294
4.567947,-4.567947
27.182654,-27.182654
148.14924,-148.14924
211.25947,-211.25947
13.950752,-13.950752
25.352151,-25.352151
82.911925,-82.911925
12.070945,-12.070945
28.72974,-28.72974
5.2760969,-5.2760969
166.9603,-166.9603
75.190236,-75.190236
44.621224,-44.621224
28.355117,-28.355117
49.952376,-49.952376
18.027838,-18.027838
19.007664,-19.007664
9.1059251,-9.1059251
109.41183,-109.41183
113.65249,-113.65249
76.162629,-76.162629
1.5293162,-1.5293162
123.87237,-123.87237
20.910569,-20.910569
8.2188126,-8.2188126
17.206947,-17.206947
101.46639,-101.46639
64.495821,-64.495821
31.817126,-31.817126
36.764848,-36.764848
64.901882,-64.901882
21.57155,-21.57155
2.7290866,-2.7290866
19.659976,-19.659976
54.935913,-54.935913
75.243849,-75.243849
57.872191,-57.872191
5.7066144,-5.7066144
175.57052,-175.57052
10.327105,-10.327105
14.114623,-14.114623
16.740675,-16.740675
72.003473,-72.003473
26.213814,-26.213814
133.06571,-133.06571
8.9517315,-8.9517315
103.5677,-103.5677
46.541067,-46.541067
71.566435,-71.566435
53.297025,-53.297025
184.14605,-184.14605
116.34893,-116.34893
45.811882,-45.811882
2.0705285,-2.0705285
79.712054,-79.712054
16.932344,-16.932344
5.7674936,-5.7674936
1.590046,-1.590046
54.889485,-54.889485
28.239695,-28.239695
117.21204,-117.21204
19.55782,-19.55782
111.72688,-111.72688
26.717372,-26.717372
21.356592,-21.356592
47.067423,-47.067423
156.07246,-156.07246
228.41676,-228.41676
26.042504,-26.042504
7.430552,-7.430552
61.552525,-61.552525
12.902472,-12.902472
14.244981,-14.244981
8.2989634,-8.2989634
93.002894,-93.002894
42.14601,-42.14601
42.202787,-42.202787
40.967542,-40.967542
85.64422,-85.64422
26.087186,-26.087186
6.8188862,-6.8188862
10.426123,-10.426123
67.213934,-67.213934
44.870435,-44.870435
62.220536,-62.220536
1.5060198,-1.5060198
207.40002,-207.40002
28.624169,-28.624169
5.0643044,-5.0643044
7.6482829,-7.6482829
143.18338,-143.18338
147.41873,-147.41873
46.18689,-46.18689
37.65479,-37.65479
27.49399,-27.49399
19.955391,-19.955391
6.6068039,-6.6068039
20.777056,-20.777056
97.699413,-97.699413
137.00032,-137.00032
58.95394,-58.95394
6.8737307,-6.8737307
132.74406,-132.74406
4.6019038,-4.6019038
9.1253653,-9.1253653
16.284901,-16.284901
57.1151,-57.1151
18.807773,-18.807773
72.015511,-72.015511
13.574621,-13.574621
144.90751,-144.90751
53.489982,-53.489982
50.817631,-50.817631
17.856729,-17.856729
139.11542,-139.11542
121.12566,-121.12566
26.444308,-26.444308
25.787744,-25.787744
93.795913,-93.795913
14.431152,-14.431152
16.538541,-16.538541
6.4678416,-6.4678416
104.76524,-104.76524
77.012658,-77.012658
26.298809,-26.298809
52.931396,-52.931396
63.255135,-63.255135
19.220486,-19.220486
2.0319363,-2.0319363
17.457905,-17.457905
66.400705,-66.400705
137.9006,-137.9006
31.125932,-31.125932
5.9592498,-5.9592498
156.38648,-156.38648
13.47269,-13.47269
5.1788544,-5.1788544
11.862961,-11.862961
72.360819,-72.360819
34.909473,-34.909473
120.70975,-120.70975
15.003961,-15.003961
103.17341,-103.17341
33.969241,-33.969241
46.637889,-46.637889
29.625282,-29.625282
202.61442,-202.61442
185.09864,-185.09864
29.712021,-29.712021
5.9157382,-5.9157382
68.880376,-68.880376
23.325855,-23.325855
0.61522715,-0.61522715
0.5527483,-0.5527483
29.252931,-29.252931
22.310972,-22.310972
84.399057,-84.399057
19.282846,-19.282846
135.00254,-135.00254
53.318228,-53.318228
13.586349,-13.586349
35.836958,-35.836958
115.86508,-115.86508
131.57411,-131.57411
21.68594,-21.68594
21.748741,-21.748741
110.39661,-110.39661
5.6457368,-5.6457368
36.563396,-36.563396
2.9451045,-2.9451045
152.28919,-152.28919
69.795525,-69.795525
58.720777,-58.720777
16.990017,-16.990017
54.945303,-54.945303
17.394878,-17.394878
33.845536,-33.845536
17.161091,-17.161091
85.888828,-85.888828
60.892347,-60.892347
110.97105,-110.97105
2.717307,-2.717307
152.52964,-152.52964
13.575175,-13.575175
8.7612004,-8.7612004
21.785069,-21.785069
49.255924,-49.255924
34.729441,-34.729441
129.11298,-129.11298
19.45782,-19.45782
104.13213,-104.13213
27.859276,-27.859276
20.239676,-20.239676
53.365152,-53.365152
168.69274,-168.69274
226.22847,-226.22847
25.713258,-25.713258
5.9933296,-5.9933296
71.069014,-71.069014
15.045982,-15.045982
10.180435,-10.180435
8.2462666,-8.2462666
100.5644,-100.5644
35.965421,-35.965421
35.719061,-35.719061
35.190063,-35.190063
91.492102,-91.492102
24.06702,-24.06702
6.4498703,-6.4498703
9.3409849,-9.3409849
60.847848,-60.847848
47.307987,-47.307987
66.095847,-66.095847
1.8274935,-1.8274935
192.98704,-192.98704
34.797223,-34.797223
2.7899451,-2.7899451
9.6033294,-9.6033294
151.64586,-151.64586
130.43931,-130.43931
40.704836,-40.704836
32.856592,-32.856592
31.89841,-31.89841
20.045029,-20.045029
6.2061449,-6.2061449
19.304737,-19.304737
86.975086,-86.975086
138.03958,-138.03958
61.348625,-61.348625
5.8387482,-5.8387482
121.26679,-121.26679
5.1036549,-5.1036549
9.824352,-9.824352
18.92187,-18.92187
52.251473,-52.251473
23.862185,-23.862185
80.774864,-80.774864
16.63009,-16.63009
136.46601,-136.46601
57.720088,-57.720088
49.379988,-49.379988
21.905402,-21.905402
151.76525,-151.76525
117.04981,-117.04981
24.619125,-24.619125
22.709359,-22.709359
101.99407,-101.99407
14.640897,-14.640897
10.755552,-10.755552
7.8027017,-7.8027017
93.804019,-93.804019
80.471735,-80.471735
29.895377,-29.895377
58.256069,-58.256069
54.433833,-54.433833
19.904411,-19.904411
3.6145067,-3.6145067
15.757045,-15.757045
71.325102,-71.325102
120.16547,-120.16547
25.277431,-25.277431
3.529293,-3.529293
166.15531,-166.15531
13.444496,-13.444496
5.9714991,-5.9714991
8.5531142,-8.5531142
82.926527,-82.926527
31.486034,-31.486034
111.96542,-111.96542
15.868042,-15.868042
114.46582,-114.46582
29.35835,-29.35835
58.785232,-58.785232
26.628088,-26.628088
191.17728,-191.17728
208.91561,-208.91561
34.862581,-34.862581
8.6364199,-8.6364199
63.15076,-63.15076
21.235332,-21.235332
0.75169472,-0.75169472
0.45982714,-0.45982714
35.401336,-35.401336
20.28859,-20.28859
78.839912,-78.839912
18.691232,-18.691232
148.91053,-148.91053
46.518518,-46.518518
19.803871,-19.803871
32.609858,-32.609858
108.39526,-108.39526
149.32574,-149.32574
24.989853,-24.989853
27.587068,-27.587068
103.25178,-103.25178
3.8453611,-3.8453611
37.297832,-37.297832
2.8628753,-2.8628753
138.86433,-138.86433
75.110861,-75.110861
64.712081,-64.712081
18.196118,-18.196118
46.655817,-46.655817
18.428541,-18.428541
24.976181,-24.976181
17.830726,-17.830726
93.233,-93.233
49.367846,-49.367846
98.930937,-98.930937
4.6607994,-4.6607994
162.53317,-162.53317
13.437414,-13.437414
10.627502,-10.627502
17.001212,-17.001212
131.21847,-131.21847
77.145949,-77.145949
53.767051,-53.767051
25.855672,-25.855672
42.37106,-42.37106
19.621387,-19.621387
1.400623,-1.400623
22.058865,-22.058865
87.617139,-87.617139
133.87956,-133.87956
66.127244,-66.127244
4.0330306,-4.0330306
121.4399,-121.4399
9.7980592,-9.7980592
9.1475893,-9.1475893
39.095109,-39.095109
39.657533,-39.657533
14.379456,-14.379456
102.03956,-102.03956
14.388011,-14.388011
158.36194,-158.36194
59.357791,-59.357791
31.755722,-31.755722
28.768055,-28.768055
141.60944,-141.60944
110.5111,-110.5111
27.453629,-27.453629
9.3604548,-9.3604548
109.66126,-109.66126
15.264122,-15.264122
4.348779,-4.348779
1.1839485,-1.1839485
70.048026,-70.048026
62.460873,-62.460873
94.172313,-94.172313
18.59438,-18.59438
77.923372,-77.923372
30.584252,-30.584252
31.868966,-31.868966
47.610261,-47.610261
188.95144,-188.95144
232.87216,-232.87216
24.227516,-24.227516
17.397254,-17.397254
62.321558,-62.321558
20.103586,-20.103586
22.409196,-22.409196
1.332026,-1.332026
130.01327,-130.01327
54.298298,-54.298298
24.068448,-24.068448
37.689438,-37.689438
67.019022,-67.019022
21.588842,-21.588842
17.036064,-17.036064
12.878263,-12.878263
73.687059,-73.687059
50.950156,-50.950156
57.39142,-57.39142
1.902118,-1.902118
167.06416,-167.06416
25.677381,-25.677381
2.7397525,-2.7397525
5.2194484,-5.2194484
43.87733,-43.87733
22.175352,-22.175352
63.90422,-63.90422
23.05656,-23.05656
134.82184,-134.82184
34.903444,-34.903444
8.3209687,-8.3209687
25.406411,-25.406411
139.17095,-139.17095
234.00643,-234.00643
14.688197,-14.688197
31.635237,-31.635237
77.016301,-77.016301
9.9575383,-9.9575383
29.270794,-29.270794
4.7444191,-4.7444191
152.84128,-152.84128
80.71129,-80.71129
50.011339,-50.011339
30.674921,-30.674921
42.320698,-42.320698
17.516398,-17.516398
12.917977,-12.917977
8.9374384,-8.9374384
118.40515,-118.40515
96.557155,-96.557155
65.935688,-65.935688
3.1115821,-3.1115821
132.28635,-132.28635
20.315104,-20.315104
9.5727551,-9.5727551
12.870207,-12.870207
90.425621,-90.425621
67.3781,-67.3781
35.424769,-35.424769
40.072648,-40.072648
56.505652,-56.505652
23.874357,-23.874357
1.9246066,-1.9246066
19.999186,-19.999186
59.225923,-59.225923
62.297954,-62.297954
50.046023,-50.046023
4.2468871,-4.2468871
186.22114,-186.22114
9.5696817,-9.5696817
14.667056,-14.667056
12.527531,-12.527531
82.416337,-82.416337
23.264268,-23.264268
123.95044,-123.95044
11.213275,-11.213275
114.97566,-114.97566
40.007409,-40.007409
86.541117,-86.541117
48.632938,-48.632938
173.47212,-173.47212
134.51967,-134.51967
52.332158,-52.332158
3.9143296,-3.9143296
73.023456,-73.023456
14.629586,-14.629586
5.7734688,-5.7734688
2.2579052,-2.2579052
90.848247,-90.848247
48.180922,-48.180922
31.578517,-31.578517
41.568582,-41.568582
74.028081,-74.028081
18.416725,-18.416725
1.2404319,-1.2404319
18.297032,-18.297032
58.336879,-58.336879
98.926664,-98.926664
45.354173,-45.354173
2.0870037,-2.0870037
171.50479,-171.50479
17.590517,-17.590517
8.3043906,-8.3043906
21.158979,-21.158979
62.013113,-62.013113
22.491092,-22.491092
137.21967,-137.21967
12.535401,-12.535401
115.96504,-115.96504
41.802334,-41.802334
46.275021,-46.275021
44.83727,-44.83727
181.83666,-181.83666
139.39344,-139.39344
39.006055,-39.006055
2.6442056,-2.6442056
78.596111,-78.596111
18.124426,-18.124426
1.7752231,-1.7752231
1.2564822,-1.2564822
42.187228,-42.187228
33.907889,-33.907889
64.549276,-64.549276
22.405845,-22.405845
110.87465,-110.87465
47.270286,-47.270286
12.076901,-12.076901
31.124143,-31.124143
142.11846,-142.11846
169.42456,-169.42456
17.690938,-17.690938
30.618941,-30.618941
88.122834,-88.122834
9.479237,-9.479237
43.086679,-43.086679
3.6372388,-3.6372388
180.10292,-180.10292
87.4328,-87.4328
43.029381,-43.029381
21.930565,-21.930565
41.356399,-41.356399
15.259422,-15.259422
32.423052,-32.423052
14.484731,-14.484731
108.31964,-108.31964
85.273791,-85.273791
87.945436,-87.945436
1.4501906,-1.4501906
124.07403,-124.07403
14.454173,-14.454173
4.8229092,-4.8229092
16.051344,-16.051344
72.044844,-72.044844
40.069414,-40.069414
93.52009,-93.52009
19.456079,-19.456079
90.813898,-90.813898
23.844838,-23.844838
18.930354,-18.930354
39.277263,-39.277263
184.85772,-184.85772
282.09853,-282.09853
18.088722,-18.088722
13.274625,-13.274625
47.361449,-47.361449
18.420294,-18.420294
17.550527,-17.550527
4.355255,-4.355255
114.02398,-114.02398
54.536002,-54.536002
29.401829,-29.401829
49.56463,-49.56463
68.742293,-68.742293
22.512337,-22.512337
8.736601,-8.736601
9.1352017,-9.1352017
85.953651,-85.953651
69.344982,-69.344982
47.509952,-47.509952
0.60499895,-0.60499895
175.75483,-175.75483
27.587275,-27.587275
2.3186022,-2.3186022
3.8255611,-3.8255611
128.18179,-128.18179
102.55502,-102.55502
54.601077,-54.601077
27.185754,-27.185754
34.859574,-34.859574
19.533159,-19.533159
5.1154626,-5.1154626
25.606551,-25.606551
88.673906,-88.673906
95.687311,-95.687311
75.640851,-75.640851
7.4373056,-7.4373056
145.3363,-145.3363
2.9844919,-2.9844919
12.010573,-12.010573
27.823397,-27.823397
49.154343,-49.154343
11.139854,-11.139854
83.191927,-83.191927
7.6796914,-7.6796914
160.06927,-160.06927
66.176102,-66.176102
47.667514,-47.667514
28.495549,-28.495549
125.76477,-125.76477
83.422956,-83.422956
31.917853,-31.917853
14.654231,-14.654231
106.47936,-106.47936
11.935377,-11.935377
19.456517,-19.456517
1.8248911,-1.8248911
27.890625,-27.890625
17.318052,-17.318052
94.014953,-94.014953
21.154105,-21.154105
138.92596,-138.92596
42.902592,-42.902592
5.8854127,-5.8854127
35.346931,-35.346931
128.4111,-128.4111
166.73977,-166.73977
16.822635,-16.822635
14.85393,-14.85393
97.432532,-97.432532
8.2950173,-8.2950173
22.808762,-22.808762
5.7438315,-5.7438315
148.08025,-148.08025
61.640439,-61.640439
64.812968,-64.812968
20.755453,-20.755453
59.15907,-59.15907
18.869422,-18.869422
18.287941,-18.287941
13.592994,-13.592994
91.640887,-91.640887
82.578095,-82.578095
102.08691,-102.08691
6.0278286,-6.0278286
143.67878,-143.67878
18.943786,-18.943786
13.730447,-13.730447
27.620717,-27.620717
110.5036,-110.5036
93.83362,-93.83362
25.874317,-25.874317
52.402965,-52.402965
57.858222,-57.858222
20.029308,-20.029308
3.555231,-3.555231
20.099728,-20.099728
58.338664,-58.338664
104.11402,-104.11402
43.026097,-43.026097
10.629588,-10.629588
166.35464,-166.35464
7.2957756,-7.2957756
12.76769,-12.76769
7.392907,-7.392907
79.245793,-79.245793
40.110741,-40.110741
113.66859,-113.66859
10.495473,-10.495473
94.814181,-94.814181
38.000747,-38.000747
67.993244,-67.993244
35.236661,-35.236661
195.92376,-195.92376
150.35955,-150.35955
35.681341,-35.681341
7.8677167,-7.8677167
72.332155,-72.332155
23.00575,-23.00575
4.8967357,-4.8967357
2.2838139,-2.2838139
134.32695,-134.32695
120.76168,-120.76168
48.679229,-48.679229
39.253352,-39.253352
32.125475,-32.125475
21.002612,-21.002612
1.0441508,-1.0441508
18.283787,-18.283787
105.32274,-105.32274
167.94095,-167.94095
44.918143,-44.918143
3.273283,-3.273283
125.26873,-125.26873
7.9435817,-7.9435817
6.7598324,-6.7598324
21.275063,-21.275063
50.338321,-50.338321
16.499994,-16.499994
75.057292,-75.057292
18.136921,-18.136921
155.69591,-155.69591
47.854452,-47.854452
29.070317,-29.070317
12.950845,-12.950845
143.513,-143.513
145.53966,-145.53966
22.564123,-22.564123
22.308798,-22.308798
91.512562,-91.512562
17.13221,-17.13221
8.5174862,-8.5174862
3.5016693,-3.5016693
62.844982,-62.844982
38.784162,-38.784162
113.75815,-113.75815
17.385911,-17.385911
100.6374,-100.6374
30.070342,-30.070342
36.489663,-36.489663
51.171491,-51.171491
151.56582,-151.56582
192.40708,-192.40708
37.964709,-37.964709
10.599202,-10.599202
66.738783,-66.738783
12.97133,-12.97133
24.054535,-24.054535
4.9700277,-4.9700277
105.22177,-105.22177
51.161542,-51.161542
42.382912,-42.382912
32.935128,-32.935128
73.727703,-73.727703
26.933498,-26.933498
16.566913,-16.566913
14.9453,-14.9453
67.459453,-67.459453
30.952639,-30.952639
74.34399,-74.34399
0.50006579,-0.50006579
207.01048,-207.01048
18.914334,-18.914334
4.3488846,-4.3488846
6.6506984,-6.6506984
153.12708,-153.12708
95.392299,-95.392299
41.36025,-41.36025
33.628651,-33.628651
33.486243,-33.486243
21.802475,-21.802475
0.45709303,-0.45709303
19.161491,-19.161491
102.27439,-102.27439
154.53249,-154.53249
54.48893,-54.48893
1.7727316,-1.7727316
108.37112,-108.37112
5.9422507,-5.9422507
6.7422443,-6.7422443
29.899358,-29.899358
49.270674,-49.270674
17.610694,-17.610694
80.651654,-80.651654
17.179409,-17.179409
135.87394,-135.87394
52.717122,-52.717122
15.690542,-15.690542
18.968386,-18.968386
158.75706,-158.75706
115.16183,-115.16183
21.794153,-21.794153
16.326057,-16.326057
94.467502,-94.467502
15.802457,-15.802457
11.079601,-11.079601
4.2137584,-4.2137584
55.707472,-55.707472
46.965888,-46.965888
112.30356,-112.30356
18.364207,-18.364207
90.916514,-90.916514
38.857772,-38.857772
35.885557,-35.885557
58.525327,-58.525327
163.40079,-163.40079
188.97032,-188.97032
27.403042,-27.403042
9.8598346,-9.8598346
74.175088,-74.175088
14.039852,-14.039852
18.215323,-18.215323
2.7410715,-2.7410715
114.64991,-114.64991
45.715051,-45.715051
32.88704,-32.88704
29.997176,-29.997176
82.206914,-82.206914
26.815037,-26.815037
23.873432,-23.873432
12.64905,-12.64905
62.059056,-62.059056
39.927267,-39.927267
72.140658,-72.140658
0.74448885,-0.74448885
189.49922,-189.49922
28.607323,-28.607323
2.4520297,-2.4520297
9.7627907,-9.7627907
33.063315,-33.063315
14.135578,-14.135578
78.785263,-78.785263
20.254433,-20.254433
151.44215,-151.44215
45.18701,-45.18701
10.565386,-10.565386
30.920957,-30.920957
117.98514,-117.98514
190.26962,-190.26962
14.215587,-14.215587
19.662898,-19.662898
90.626769,-90.626769
9.0734371,-9.0734371
22.787615,-22.787615
3.753066,-3.753066
135.82615,-135.82615
69.945571,-69.945571
65.946536,-65.946536
25.046957,-25.046957
54.050514,-54.050514
19.339547,-19.339547
19.712003,-19.712003
13.203462,-13.203462
102.04344,-102.04344
81.691674,-81.691674
82.881029,-82.881029
7.0125155,-7.0125155
153.22643,-153.22643
21.3094,-21.3094
19.191064,-19.191064
22.252106,-22.252106
108.99341,-108.99341
85.75944,-85.75944
27.158005,-27.158005
53.609378,-53.609378
46.074733,-46.074733
20.93665,-20.93665
3.5677985,-3.5677985
19.658429,-19.658429
71.851285,-71.851285
76.160507,-76.160507
40.576537,-40.576537
5.8941935,-5.8941935
169.30627,-169.30627
4.4772455,-4.4772455
16.233246,-16.233246
8.2057821,-8.2057821
95.831961,-95.831961
29.043392,-29.043392
100.67558,-100.67558
8.3636272,-8.3636272
95.60438,-95.60438
34.405655,-34.405655
57.840538,-57.840538
35.394816,-35.394816
191.65944,-191.65944
140.73546,-140.73546
39.24994,-39.24994
8.2686363,-8.2686363
62.020571,-62.020571
18.122143,-18.122143
12.12502,-12.12502
0.83006368,-0.83006368
64.304987,-64.304987
44.348516,-44.348516
111.10649,-111.10649
19.027525,-19.027525
81.203884,-81.203884
22.402621,-22.402621
12.615852,-12.615852
44.595595,-44.595595
197.32824,-197.32824
250.57323,-250.57323
20.960762,-20.960762
9.1141184,-9.1141184
51.776374,-51.776374
22.969091,-22.969091
18.231558,-18.231558
5.5422253,-5.5422253
125.35682,-125.35682
48.627247,-48.627247
27.940148,-27.940148
43.174372,-43.174372
74.269796,-74.269796
19.98528,-19.98528
6.9330687,-6.9330687
12.277208,-12.277208
76.785966,-76.785966
69.888076,-69.888076
59.996356,-59.996356
1.6293596,-1.6293596
165.1459,-165.1459
25.057134,-25.057134
1.3751288,-1.3751288
6.0891708,-6.0891708
129.88803,-129.88803
109.58859,-109.58859
50.727447,-50.727447
27.114948,-27.114948
45.570418,-45.570418
19.614306,-19.614306
13.183254,-13.183254
22.48525,-22.48525
73.321391,-73.321391
126.79004,-126.79004
81.057078,-81.057078
7.6317618,-7.6317618
143.10319,-143.10319
5.1554616,-5.1554616
10.138536,-10.138536
27.957199,-27.957199
37.562378,-37.562378
14.975662,-14.975662
94.613917,-94.613917
11.405436,-11.405436
158.69632,-158.69632
72.695169,-72.695169
56.127864,-56.127864
27.847083,-27.847083
129.11742,-129.11742
92.659575,-92.659575
29.333367,-29.333367
14.433633,-14.433633
120.61944,-120.61944
13.962707,-13.962707
9.3174324,-9.3174324
5.3912383,-5.3912383
76.713327,-76.713327
64.572797,-64.572797
38.042625,-38.042625
48.143287,-48.143287
72.373702,-72.373702
20.776697,-20.776697
1.4160872,-1.4160872
17.10788,-17.10788
59.632402,-59.632402
110.05893,-110.05893
37.523895,-37.523895
3.2789789,-3.2789789
192.55564,-192.55564
16.901995,-16.901995
5.4320041,-5.4320041
14.142496,-14.142496
63.834896,-63.834896
22.011512,-22.011512
128.70766,-128.70766
15.077392,-15.077392
134.33311,-134.33311
37.478887,-37.478887
67.338276,-67.338276
34.631057,-34.631057
165.83033,-165.83033
175.025,-175.025
42.067018,-42.067018
4.2964832,-4.2964832
75.832832,-75.832832
18.452101,-18.452101
0.71219427,-0.71219427
1.474689,-1.474689
47.99552,-47.99552
27.125758,-27.125758
65.632096,-65.632096
19.390723,-19.390723
121.56607,-121.56607
36.539045,-36.539045
12.102705,-12.102705
27.639616,-27.639616
131.24004,-131.24004
170.11493,-170.11493
21.451308,-21.451308
34.235896,-34.235896
80.403188,-80.403188
8.0030033,-8.0030033
52.648079,-52.648079
3.364655,-3.364655
167.59524,-167.59524
95.658072,-95.658072
54.259477,-54.259477
23.885848,-23.885848
34.68547,-34.68547
16.781663,-16.781663
23.761456,-23.761456
17.12651,-17.12651
115.51857,-115.51857
72.056565,-72.056565
89.861935,-89.861935
1.81819,-1.81819
137.26044,-137.26044
10.756248,-10.756248
7.2089072,-7.2089072
11.730293,-11.730293
36.537441,-36.537441
24.732751,-24.732751
75.437414,-75.437414
25.970134,-25.970134
125.2323,-125.2323
33.40518,-33.40518
3.6597203,-3.6597203
28.030219,-28.030219
147.55618,-147.55618
203.10853,-203.10853
16.534903,-16.534903
26.855905,-26.855905
85.390913,-85.390913
10.652514,-10.652514
30.417094,-30.417094
8.2296258,-8.2296258
162.36093,-162.36093
70.231821,-70.231821
47.197802,-47.197802
26.072929,-26.072929
47.835126,-47.835126
18.767071,-18.767071
11.067489,-11.067489
10.052503,-10.052503
105.03247,-105.03247
94.68259,-94.68259
80.628114,-80.628114
2.554386,-2.554386
125.51443,-125.51443
18.882971,-18.882971
5.8209348,-5.8209348
15.849965,-15.849965
90.015154,-90.015154
71.421573,-71.421573
32.010756,-32.010756
40.907007,-40.907007
71.71135,-71.71135
22.433163,-22.433163
4.3618438,-4.3618438
18.725365,-18.725365
45.227008,-45.227008
86.48534,-86.48534
51.982144,-51.982144
7.1656207,-7.1656207
186.21633,-186.21633
13.912589,-13.912589
11.82218,-11.82218
11.332836,-11.332836
65.390817,-65.390817
31.608311,-31.608311
135.2968,-135.2968
11.705002,-11.705002
116.87167,-116.87167
45.751428,-45.751428
95.696427,-95.696427
47.955994,-47.955994
174.70388,-174.70388
142.83152,-142.83152
46.75681,-46.75681
4.4289928,-4.4289928
85.977282,-85.977282
18.259456,-18.259456
1.9984058,-1.9984058
1.6808564,-1.6808564
111.91721,-111.91721
96.467803,-96.467803
59.902706,-59.902706
31.238356,-31.238356
42.43791,-42.43791
19.490494,-19.490494
2.3097774,-2.3097774
21.144725,-21.144725
87.866655,-87.866655
144.77902,-144.77902
54.148815,-54.148815
5.3407353,-5.3407353
141.93219,-141.93219
11.037121,-11.037121
10.39931,-10.39931
27.709586,-27.709586
39.165184,-39.165184
12.590643,-12.590643
93.035415,-93.035415
16.166802,-16.166802
182.79368,-182.79368
56.055046,-56.055046
48.078641,-48.078641
20.521273,-20.521273
125.32729,-125.32729
139.10989,-139.10989
28.932616,-28.932616
15.007572,-15.007572
108.05832,-108.05832
17.475123,-17.475123
3.0183465,-3.0183465
0.95465085,-0.95465085
75.837844,-75.837844
51.32041,-51.32041
93.462755,-93.462755
17.142623,-17.142623
88.830244,-88.830244
24.536207,-24.536207
31.048331,-31.048331
40.088323,-40.088323
173.20137,-173.20137
231.39444,-231.39444
31.603508,-31.603508
20.320857,-20.320857
57.386016,-57.386016
18.357831,-18.357831
30.670759,-30.670759
2.7841663,-2.7841663
116.92255,-116.92255
58.934936,-58.934936
29.856403,-29.856403
42.716498,-42.716498
60.83578,-60.83578
22.722633,-22.722633
11.46988,-11.46988
14.55692,-14.55692
78.093782,-78.093782
38.918201,-38.918201
57.630428,-57.630428
0.99539191,-0.99539191
185.85853,-185.85853
18.171007,-18.171007
4.2980558,-4.2980558
2.4962004,-2.4962004
112.07475,-112.07475
63.23304,-63.23304
25.253385,-25.253385
49.293852,-49.293852
54.489338,-54.489338
18.817689,-18.817689
4.2664696,-4.2664696
17.737851,-17.737851
71.520882,-71.520882
111.96911,-111.96911
33.231999,-33.231999
2.50703,-2.50703
143.52819,-143.52819
12.480506,-12.480506
10.576292,-10.576292
14.715499,-14.715499
83.132395,-83.132395
32.14267,-32.14267
122.12395,-122.12395
14.016355,-14.016355
95.527951,-95.527951
32.197852,-32.197852
40.073417,-40.073417
36.939462,-36.939462
211.44668,-211.44668
173.81665,-173.81665
33.324645,-33.324645
4.7268909,-4.7268909
64.14958,-64.14958
22.451591,-22.451591
1.362506,-1.362506
0.75746174,-0.75746174
31.42692,-31.42692
28.277188,-28.277188
79.828725,-79.828725
20.409175,-20.409175
134.22547,-134.22547
58.021294,-58.021294
20.908572,-20.908572
38.126401,-38.126401
120.7932,-120.7932
150.70783,-150.70783
19.505704,-19.505704
23.99087,-23.99087
109.29958,-109.29958
5.6077556,-5.6077556
28.38171,-28.38171
1.94214,-1.94214
152.57163,-152.57163
69.891081,-69.891081
53.663531,-53.663531
16.389714,-16.389714
52.145894,-52.145894
17.17805,-17.17805
35.825664,-35.825664
14.821344,-14.821344
88.251426,-88.251426
61.296882,-61.296882
97.894222,-97.894222
3.5721371,-3.5721371
145.37949,-145.37949
19.431637,-19.431637
8.3455928,-8.3455928
23.231384,-23.231384
57.643286,-57.643286
32.749429,-32.749429
112.42165,-112.42165
20.463048,-20.463048
112.32944,-112.32944
28.700057,-28.700057
29.878522,-29.878522
48.75613,-48.75613
160.24363,-160.24363
258.56858,-258.56858
22.919532,-22.919532
9.1206925,-9.1206925
63.800375,-63.800375
12.848451,-12.848451
8.8162419,-8.8162419
8.2712618,-8.2712618
92.32246,-92.32246
41.858489,-41.858489
38.591773,-38.591773
39.663254,-39.663254
82.617807,-82.617807
28.808857,-28.808857
8.5690746,-8.5690746
6.9082645,-6.9082645
69.713489,-69.713489
47.782055,-47.782055
53.090778,-53.090778
1.3382826,-1.3382826
201.47185,-201.47185
36.812239,-36.812239
5.1797255,-5.1797255
7.5242735,-7.5242735
152.91812,-152.91812
124.62616,-124.62616
44.99347,-44.99347
32.449159,-32.449159
22.49636,-22.49636
19.998069,-19.998069
1.8031114,-1.8031114
22.175241,-22.175241
106.00831,-106.00831
108.91738,-108.91738
59.428752,-59.428752
4.6383618,-4.6383618
120.44205,-120.44205
3.5198326,-3.5198326
12.100313,-12.100313
19.75833,-19.75833
67.602443,-67.602443
16.731847,-16.731847
71.723005,-71.723005
11.186033,-11.186033
135.16004,-135.16004
51.253493,-51.253493
42.185735,-42.185735
23.670442,-23.670442
150.33854,-150.33854
109.64628,-109.64628
27.03801,-27.03801
21.642013,-21.642013
87.856814,-87.856814
11.40237,-11.40237
20.430866,-20.430866
2.9676773,-2.9676773
48.050666,-48.050666
21.009847,-21.009847
68.07996,-68.07996
22.409173,-22.409173
125.901,-125.901
31.088093,-31.088093
4.6628359,-4.6628359
27.178647,-27.178647
144.9073,-144.9073
210.06074,-210.06074
16.429577,-16.429577
26.950792,-26.950792
72.115922,-72.115922
8.554782,-8.554782
33.719957,-33.719957
6.824201,-6.824201
161.18307,-161.18307
78.53052,-78.53052
53.703515,-53.703515
27.491712,-27.491712
36.570734,-36.570734
18.27649,-18.27649
7.8338322,-7.8338322
11.058971,-11.058971
121.18526,-121.18526
82.498756,-82.498756
71.825658,-71.825658
5.5609794,-5.5609794
128.23067,-128.23067
16.97099,-16.97099
8.4076023,-8.4076023
15.509584,-15.509584
86.047757,-86.047757
76.022702,-76.022702
33.396843,-33.396843
43.861585,-43.861585
60.022418,-60.022418
26.242866,-26.242866
2.8668705,-2.8668705
18.862434,-18.862434
53.182772,-53.182772
69.797319,-69.797319
41.788108,-41.788108
5.7135574,-5.7135574
193.98075,-193.98075
12.306365,-12.306365
10.72565,-10.72565
10.172235,-10.172235
77.268805,-77.268805
24.783094,-24.783094
119.14778,-119.14778
13.47263,-13.47263
121.51108,-121.51108
44.770152,-44.770152
94.869447,-94.869447
44.101323,-44.101323
167.29677,-167.29677
142.75106,-142.75106
47.62247,-47.62247
5.1577413,-5.1577413
75.592338,-75.592338
15.05671,-15.05671
2.6051899,-2.6051899
2.2994232,-2.2994232
126.24243,-126.24243
84.679282,-84.679282
50.8562,-50.8562
27.452125,-27.452125
45.865556,-45.865556
19.684156,-19.684156
2.2820269,-2.2820269
19.331986,-19.331986
81.617969,-81.617969
144.92148,-144.92148
54.70802,-54.70802
4.1674421,-4.1674421
129.14681,-129.14681
12.380874,-12.380874
7.6771423,-7.6771423
35.057663,-35.057663
35.913973,-35.913973
13.354389,-13.354389
97.769783,-97.769783
17.384892,-17.384892
165.7576,-165.7576
66.650517,-66.650517
37.098623,-37.098623
24.327729,-24.327729
137.9779,-137.9779
119.00143,-119.00143
24.477004,-24.477004
10.496328,-10.496328
114.86457,-114.86457
16.719838,-16.719838
1.9840454,-1.9840454
1.4405511,-1.4405511
76.317663,-76.317663
58.671346,-58.671346
101.17945,-101.17945
17.520799,-17.520799
71.794219,-71.794219
27.944741,-27.944741
23.5905,-23.5905
49.159212,-49.159212
196.21618,-196.21618
209.76498,-209.76498
27.138425,-27.138425
13.352288,-13.352288
58.446189,-58.446189
21.540461,-21.540461
26.068406,-26.068406
3.1596929,-3.1596929
137.97343,-137.97343
52.46963,-52.46963
24.999704,-24.999704
33.72822,-33.72822
60.505448,-60.505448
20.85198,-20.85198
11.622557,-11.622557
14.113617,-14.113617
77.020716,-77.020716
42.010929,-42.010929
61.737373,-61.737373
0.9962965,-0.9962965
163.74734,-163.74734
20.165344,-20.165344
4.3081221,-4.3081221
5.4554636,-5.4554636
94.235388,-94.235388
69.386164,-69.386164
29.054205,-29.054205
58.98109,-58.98109
53.812607,-53.812607
18.703805,-18.703805
5.5959738,-5.5959738
17.959834,-17.959834
73.750235,-73.750235
106.83521,-106.83521
30.917996,-30.917996
2.6180886,-2.6180886
162.56411,-162.56411
11.24744,-11.24744
10.002952,-10.002952
9.6723405,-9.6723405
83.594742,-83.594742
27.971243,-27.971243
112.05207,-112.05207
13.488061,-13.488061
113.78818,-113.78818
28.351712,-28.351712
48.803346,-48.803346
29.573384,-29.573384
188.49657,-188.49657
191.76943,-191.76943
38.043315,-38.043315
8.7413141,-8.7413141
62.518488,-62.518488
20.369199,-20.369199
2.7543268,-2.7543268
0.65121986,-0.65121986
33.992268,-33.992268
25.30454,-25.30454
76.547756,-76.547756
19.464346,-19.464346
151.25461,-151.25461
47.948988,-47.948988
30.023733,-30.023733
32.941673,-32.941673
108.12393,-108.12393
174.77037,-174.77037
23.104092,-23.104092
30.778101,-30.778101
103.36626,-103.36626
5.595414,-5.595414
31.414039,-31.414039
1.4386064,-1.4386064
135.21584,-135.21584
81.698694,-81.698694
64.478124,-64.478124
19.430374,-19.430374
49.471424,-49.471424
17.817048,-17.817048
36.668626,-36.668626
16.460477,-16.460477
93.339657,-93.339657
61.549475,-61.549475
96.949365,-96.949365
4.4646164,-4.4646164
160.9638,-160.9638
17.02061,-17.02061
12.453628,-12.453628
17.294878,-17.294878
48.42194,-48.42194
40.011774,-40.011774
126.38133,-126.38133
19.700895,-19.700895
106.565,-106.565
29.290435,-29.290435
29.414831,-29.414831
53.149282,-53.149282
169.32694,-169.32694
257.76172,-257.76172
22.834642,-22.834642
8.152002,-8.152002
72.003084,-72.003084
16.630333,-16.630333
7.1907904,-7.1907904
5.7490332,-5.7490332
97.451808,-97.451808
38.968731,-38.968731
36.153696,-36.153696
35.966816,-35.966816
95.045174,-95.045174
24.086037,-24.086037
12.448015,-12.448015
7.5367768,-7.5367768
61.499647,-61.499647
60.939685,-60.939685
63.695499,-63.695499
0.68057947,-0.68057947
192.43166,-192.43166
39.708571,-39.708571
3.9525707,-3.9525707
9.0847069,-9.0847069
152.67395,-152.67395
113.4728,-113.4728
40.587866,-40.587866
31.632946,-31.632946
31.884702,-31.884702
21.269124,-21.269124
3.3134108,-3.3134108
20.064254,-20.064254
90.076567,-90.076567
124.2726,-124.2726
68.45563,-68.45563
4.331583,-4.331583
118.70886,-118.70886
3.6801632,-3.6801632
13.222649,-13.222649
19.457086,-19.457086
53.211001,-53.211001
20.28117,-20.28117
80.59588,-80.59588
13.770852,-13.770852
135.89736,-135.89736
54.937371,-54.937371
40.405887,-40.405887
24.376102,-24.376102
151.31586,-151.31586
104.96687,-104.96687
25.126302,-25.126302
21.937266,-21.937266
103.60948,-103.60948
13.188924,-13.188924
17.372745,-17.372745
6.9828074,-6.9828074
139.87901,-139.87901
110.30083,-110.30083
51.323845,-51.323845
37.506311,-37.506311
29.266192,-29.266192
21.516212,-21.516212
0.52421604,-0.52421604
20.530534,-20.530534
111.28107,-111.28107
157.06935,-157.06935
55.207687,-55.207687
2.5809981,-2.5809981
117.56357,-117.56357
6.3662652,-6.3662652
8.1242924,-8.1242924
24.5194,-24.5194
54.759026,-54.759026
17.237668,-17.237668
78.380516,-78.380516
14.837718,-14.837718
148.71729,-148.71729
42.815753,-42.815753
23.884139,-23.884139
16.877342,-16.877342
147.53761,-147.53761
137.50339,-137.50339
25.443584,-25.443584
20.514086,-20.514086
86.084265,-86.084265
16.071333,-16.071333
12.814423,-12.814423
2.7558893,-2.7558893
57.127654,-57.127654
41.878878,-41.878878
106.17717,-106.17717
18.249345,-18.249345
107.62757,-107.62757
32.706425,-32.706425
46.584502,-46.584502
49.35831,-49.35831
145.23423,-145.23423
212.96255,-212.96255
33.427795,-33.427795
14.533815,-14.533815
71.277461,-71.277461
12.714164,-12.714164
21.014199,-21.014199
2.7854163,-2.7854163
97.748945,-97.748945
53.422455,-53.422455
39.781455,-39.781455
36.551765,-36.551765
80.523565,-80.523565
28.461651,-28.461651
23.74145,-23.74145
13.228325,-13.228325
64.692767,-64.692767
38.618942,-38.618942
69.322872,-69.322872
0.87796341,-0.87796341
210.47053,-210.47053
24.737215,-24.737215
3.9242161,-3.9242161
5.8034409,-5.8034409
25.121444,-25.121444
18.112101,-18.112101
88.463794,-88.463794
21.969307,-21.969307
147.84543,-147.84543
47.390298,-47.390298
9.6756446,-9.6756446
33.029071,-33.029071
123.03364,-123.03364
186.9172,-186.9172
14.397648,-14.397648
18.695832,-18.695832
103.3662,-103.3662
10.154828,-10.154828
19.419991,-19.419991
3.80342,-3.80342
139.62056,-139.62056
63.709831,-63.709831
60.421438,-60.421438
23.21455,-23.21455
65.562546,-65.562546
18.389378,-18.389378
26.294973,-26.294973
11.163294,-11.163294
89.568777,-89.568777
96.211576,-96.211576
94.64715,-94.64715
3.5859095,-3.5859095
147.83528,-147.83528
23.70961,-23.70961
15.398422,-15.398422
23.82565,-23.82565
115.86718,-115.86718
83.055124,-83.055124
26.946505,-26.946505
48.725654,-48.725654
54.52153,-54.52153
19.527431,-19.527431
2.3769071,-2.3769071
20.408451,-20.408451
64.202067,-64.202067
95.82282,-95.82282
51.231235,-51.231235
8.1731756,-8.1731756
159.12456,-159.12456
5.0708671,-5.0708671
17.417804,-17.417804
9.5015753,-9.5015753
84.693755,-84.693755
37.376908,-37.376908
118.07705,-118.07705
7.6490603,-7.6490603
89.244237,-89.244237
34.251522,-34.251522
60.154484,-60.154484
39.82182,-39.82182
202.64733,-202.64733
143.20484,-143.20484
39.444565,-39.444565
6.4573287,-6.4573287
69.211281,-69.211281
23.664681,-23.664681
8.7397487,-8.7397487
1.2565784,-1.2565784
73.017841,-73.017841
35.372667,-35.372667
95.809078,-95.809078
18.983682,-18.983682
88.511292,-88.511292
22.622674,-22.622674
12.286092,-12.286092
39.721196,-39.721196
184.53194,-184.53194
247.98439,-247.98439
20.457052,-20.457052
11.307683,-11.307683
46.405211,-46.405211
16.934518,-16.934518
22.689434,-22.689434
6.838527,-6.838527
117.0638,-117.0638
50.484067,-50.484067
28.97371,-28.97371
48.857497,-48.857497
65.082293,-65.082293
22.47565,-22.47565
5.3672548,-5.3672548
10.858701,-10.858701
84.655783,-84.655783
54.049591,-54.049591
48.894323,-48.894323
1.3661875,-1.3661875
176.55595,-176.55595
23.588416,-23.588416
1.487082,-1.487082
4.5670048,-4.5670048
127.45973,-127.45973
118.26659,-118.26659
54.538527,-54.538527
28.394548,-28.394548
35.149128,-35.149128
19.733215,-19.733215
8.3918721,-8.3918721
25.739083,-25.739083
85.535905,-85.535905
108.84331,-108.84331
69.127325,-69.127325
9.0216678,-9.0216678
147.46441,-147.46441
4.2196937,-4.2196937
10.388519,-10.388519
27.042698,-27.042698
48.410055,-48.410055
11.483624,-11.483624
83.127477,-83.127477
10.598602,-10.598602
160.8752,-160.8752
69.969019,-69.969019
56.755591,-56.755591
26.085365,-26.085365
125.49451,-125.49451
94.636021,-94.636021
30.539719,-30.539719
15.035655,-15.035655
105.36736,-105.36736
13.542305,-13.542305
12.126268,-12.126268
2.729892,-2.729892
90.572697,-90.572697
56.971456,-56.971456
32.449545,-32.449545
40.956429,-40.956429
75.080804,-75.080804
20.370776,-20.370776
1.0691507,-1.0691507
16.596885,-16.596885
56.026792,-56.026792
112.67766,-112.67766
39.17269,-39.17269
3.0481672,-3.0481672
174.71182,-174.71182
19.769185,-19.769185
4.8604432,-4.8604432
19.937146,-19.937146
61.571829,-61.571829
24.525198,-24.525198
136.70621,-136.70621
15.22591,-15.22591
116.92966,-116.92966
44.141507,-44.141507
55.237844,-55.237844
42.004023,-42.004023
183.96311,-183.96311
154.87987,-154.87987
35.604592,-35.604592
2.114266,-2.114266
79.396299,-79.396299
19.006031,-19.006031
0.63078873,-0.63078873
1.1432655,-1.1432655
43.430078,-43.430078
28.654458,-28.654458
66.833714,-66.833714
21.474692,-21.474692
108.91748,-108.91748
45.70055,-45.70055
6.167993,-6.167993
30.968032,-30.968032
142.54928,-142.54928
143.65594,-143.65594
18.832639,-18.832639
27.709832,-27.709832
87.899225,-87.899225
8.0070456,-8.0070456
50.230963,-50.230963
4.649442,-4.649442
183.49906,-183.49906
80.832464,-80.832464
42.669891,-42.669891
20.534291,-20.534291
38.311606,-38.311606
16.429583,-16.429583
22.184666,-22.184666
15.768719,-15.768719
107.88475,-107.88475
69.983538,-69.983538
89.107716,-89.107716
1.1257528,-1.1257528
125.59509,-125.59509
11.182139,-11.182139
4.3730377,-4.3730377
16.048205,-16.048205
82.537842,-82.537842
61.701565,-61.701565
40.166105,-40.166105
46.666745,-46.666745
65.752922,-65.752922
19.047985,-19.047985
1.6017726,-1.6017726
18.242226,-18.242226
63.737063,-63.737063
93.493078,-93.493078
42.828549,-42.828549
1.5353755,-1.5353755
185.5547,-185.5547
11.862511,-11.862511
6.9363083,-6.9363083
18.333346,-18.333346
69.824424,-69.824424
22.151799,-22.151799
136.27325,-136.27325
13.830884,-13.830884
125.69303,-125.69303
34.85896,-34.85896
55.300337,-55.300337
38.309903,-38.309903
169.08193,-169.08193
156.20711,-156.20711
46.315025,-46.315025
4.0507824,-4.0507824
72.600358,-72.600358
17.677129,-17.677129
1.4764702,-1.4764702
2.4149371,-2.4149371
44.7635,-44.7635
32.276292,-32.276292
61.650407,-61.650407
22.131835,-22.131835
126.88242,-126.88242
41.431579,-41.431579
15.096464,-15.096464
26.006499,-26.006499
123.45511,-123.45511
182.16269,-182.16269
18.183878,-18.183878
38.120617,-38.120617
86.310157,-86.310157
8.176122,-8.176122
44.300482,-44.300482
3.2281283,-3.2281283
160.79584,-160.79584
102.22779,-102.22779
51.826719,-51.826719
28.628635,-28.628635
38.806024,-38.806024
15.370798,-15.370798
28.259478,-28.259478
14.220129,-14.220129
110.40355,-110.40355
77.877984,-77.877984
82.533004,-82.533004
1.5981546,-1.5981546
141.11729,-141.11729
12.577197,-12.577197
7.9614525,-7.9614525
10.672154,-10.672154
60.957214,-60.957214
49.286719,-49.286719
105.66332,-105.66332
19.979585,-19.979585
85.847001,-85.847001
25.943432,-25.943432
14.983942,-14.983942
40.800253,-40.800253
189.42924,-189.42924
265.52425,-265.52425
15.990074,-15.990074
11.33863,-11.33863
57.679799,-57.679799
22.312162,-22.312162
12.672144,-12.672144
3.9009938,-3.9009938
119.33766,-119.33766
51.382538,-51.382538
26.46791,-26.46791
47.931246,-47.931246
79.840168,-79.840168
20.300986,-20.300986
9.2660155,-9.2660155
10.035988,-10.035988
74.193305,-74.193305
76.755979,-76.755979
53.309927,-53.309927
1.5900108,-1.5900108
171.34083,-171.34083
28.757081,-28.757081
1.8195454,-1.8195454
4.7966774,-4.7966774
138.23752,-138.23752
104.37757,-104.37757
54.620287,-54.620287
25.299419,-25.299419
41.074182,-41.074182
20.02866,-20.02866
7.8696318,-7.8696318
23.178361,-23.178361
78.409499,-78.409499
109.81933,-109.81933
88.139391,-88.139391
5.6445302,-5.6445302
137.53648,-137.53648
2.6156921,-2.6156921
11.540579,-11.540579
32.62985,-32.62985
42.850096,-42.850096
15.117492,-15.117492
100.68598,-100.68598
9.1279766,-9.1279766
149.53593,-149.53593
67.576654,-67.576654
44.817031,-44.817031
30.81343,-30.81343
133.14893,-133.14893
80.445301,-80.445301
31.379995,-31.379995
11.665896,-11.665896
117.73403,-117.73403
11.765915,-11.765915
11.980197,-11.980197
2.8076822,-2.8076822
33.008515,-33.008515
11.510513,-11.510513
78.54965,-78.54965
19.684856,-19.684856
150.47465,-150.47465
41.037357,-41.037357
6.986849,-6.986849
32.280482,-32.280482
120.16116,-120.16116
173.53245,-173.53245
17.763018,-17.763018
18.823306,-18.823306
87.051102,-87.051102
7.4197321,-7.4197321
31.883516,-31.883516
5.0607853,-5.0607853
136.33047,-136.33047
61.921936,-61.921936
65.798202,-65.798202
22.68718,-22.68718
53.090605,-53.090605
19.843689,-19.843689
14.298247,-14.298247
16.152595,-16.152595
100.23961,-100.23961
70.990631,-70.990631
88.952881,-88.952881
7.8856741,-7.8856741
153.22395,-153.22395
19.350675,-19.350675
13.615762,-13.615762
22.649717,-22.649717
106.65965,-106.65965
96.151794,-96.151794
27.390505,-27.390505
53.653755,-53.653755
47.025252,-47.025252
21.278115,-21.278115
4.0803148,-4.0803148
19.245932,-19.245932
71.216481,-71.216481
94.640786,-94.640786
37.858248,-37.858248
8.629059,-8.629059
168.92827,-168.92827
7.0856711,-7.0856711
12.824534,-12.824534
6.3152431,-6.3152431
92.440959,-92.440959
31.992444,-31.992444
99.724681,-99.724681
10.041939,-10.041939
98.921755,-98.921755
34.889392,-34.889392
75.326472,-75.326472
34.496228,-34.496228
192.57907,-192.57907
160.80582,-160.80582
38.592445,-38.592445
9.098318,-9.098318
61.428249,-61.428249
19.526175,-19.526175
8.4039667,-8.4039667
2.0005044,-2.0005044
150.91725,-150.91725
105.12954,-105.12954
41.312913,-41.312913
33.196384,-33.196384
35.078912,-35.078912
22.077858,-22.077858
1.7272806,-1.7272806
18.235095,-18.235095
102.40784,-102.40784
180.73618,-180.73618
50.271353,-50.271353
3.4363477,-3.4363477
108.99621,-108.99621
8.9400521,-8.9400521
5.6787371,-5.6787371
27.103515,-27.103515
46.671481,-46.671481
18.188296,-18.188296
80.106493,-80.106493
18.407076,-18.407076
139.72636,-139.72636
54.068577,-54.068577
25.479718,-25.479718
17.638199,-17.638199
160.57481,-160.57481
135.17321,-135.17321
21.096305,-21.096305
16.385327,-16.385327
94.667704,-94.667704
17.602773,-17.602773
7.5852668,-7.5852668
4.5371984,-4.5371984
56.341871,-56.341871
37.67564,-37.67564
113.0826,-113.0826
16.425468,-16.425468
90.528112,-90.528112
36.066138,-36.066138
28.288105,-28.288105
57.975226,-57.975226
166.46207,-166.46207
172.65184,-172.65184
31.68574,-31.68574
8.5031241,-8.5031241
71.491228,-71.491228
13.155182,-13.155182
25.22031,-25.22031
3.471107,-3.471107
115.30671,-115.30671
39.146018,-39.146018
32.185224,-32.185224
27.100295,-27.100295
81.478001,-81.478001
26.439476,-26.439476
18.251634,-18.251634
15.265971,-15.265971
62.535265,-62.535265
33.075739,-33.075739
75.866374,-75.866374
0.43830765,-0.43830765
191.96088,-191.96088
26.114744,-26.114744
3.5189889,-3.5189889
9.4895684,-9.4895684
61.079841,-61.079841
28.527164,-28.527164
117.77068,-117.77068
20.435625,-20.435625
107.12105,-107.12105
24.55038,-24.55038
25.933844,-25.933844
52.626268,-52.626268
167.15959,-167.15959
245.18275,-245.18275
29.86157,-29.86157
6.8691274,-6.8691274
57.611723,-57.611723
12.564829,-12.564829
13.404252,-13.404252
10.571989,-10.571989
97.939209,-97.939209
39.72581,-39.72581
40.530365,-40.530365
35.205269,-35.205269
77.230389,-77.230389
26.442831,-26.442831
6.08575,-6.08575
9.9056068,-9.9056068
72.785123,-72.785123
42.917384,-42.917384
60.672417,-60.672417
2.4995374,-2.4995374
194.31826,-194.31826
32.282249,-32.282249
3.8813713,-3.8813713
8.8037299,-8.8037299
143.9841,-143.9841
130.85193,-130.85193
41.745602,-41.745602
34.606463,-34.606463
25.289825,-25.289825
19.385637,-19.385637
4.669675,-4.669675
21.218915,-21.218915
100.39657,-100.39657
124.60454,-124.60454
53.116403,-53.116403
6.7089149,-6.7089149
126.07223,-126.07223
5.6007152,-5.6007152
10.386843,-10.386843
16.20058,-16.20058
61.215633,-61.215633
17.0406,-17.0406
67.322059,-67.322059
13.426566,-13.426566
143.73858,-143.73858
55.00987,-55.00987
53.771367,-53.771367
21.043114,-21.043114
146.51486,-146.51486
123.49341,-123.49341
25.557018,-25.557018
25.800677,-25.800677
90.055454,-90.055454
13.503933,-13.503933
17.567174,-17.567174
5.2702625,-5.2702625
105.04021,-105.04021
66.371291,-66.371291
24.624157,-24.624157
50.955651,-50.955651
60.212769,-60.212769
19.470909,-19.470909
2.6977138,-2.6977138
16.665925,-16.665925
67.176345,-67.176345
128.77442,-128.77442
28.137626,-28.137626
4.8399994,-4.8399994
150.22122,-150.22122
17.806051,-17.806051
8.249104,-8.249104
11.019789,-11.019789
76.427828,-76.427828
32.798396,-32.798396
115.30137,-115.30137
15.518863,-15.518863
103.0648,-103.0648
34.443356,-34.443356
51.386814,-51.386814
33.204441,-33.204441
208.18664,-208.18664
192.90787,-192.90787
30.292215,-30.292215
5.6304794,-5.6304794
67.071803,-67.071803
22.141621,-22.141621
0.72807419,-0.72807419
0.41691805,-0.41691805
34.349746,-34.349746
22.754367,-22.754367
84.387591,-84.387591
18.369837,-18.369837
128.85085,-128.85085
51.419121,-51.419121
16.945553,-16.945553
39.987727,-39.987727
128.05751,-128.05751
140.58986,-140.58986
23.169046,-23.169046
20.541337,-20.541337
103.03941,-103.03941
5.085757,-5.085757
35.108127,-35.108127
2.5620124,-2.5620124
159.61837,-159.61837
64.897764,-64.897764
56.095533,-56.095533
12.603031,-12.603031
47.766911,-47.766911
17.371593,-17.371593
30.174732,-30.174732
18.311111,-18.311111
93.352886,-93.352886
56.878099,-56.878099
107.16721,-107.16721
4.3541958,-4.3541958
141.06905,-141.06905
16.149192,-16.149192
7.875455,-7.875455
24.876422,-24.876422
113.28703,-113.28703
87.924563,-87.924563
61.005541,-61.005541
31.394075,-31.394075
40.715473,-40.715473
19.076804,-19.076804
0.56901872,-0.56901872
22.01453,-22.01453
88.235683,-88.235683
120.36227,-120.36227
58.245189,-58.245189
4.1995053,-4.1995053
141.6738,-141.6738
7.923159,-7.923159
10.240871,-10.240871
30.597675,-30.597675
41.624567,-41.624567
12.787103,-12.787103
94.044242,-94.044242
14.76263,-14.76263
178.53901,-178.53901
54.337149,-54.337149
34.741918,-34.741918
21.647946,-21.647946
123.67151,-123.67151
117.35612,-117.35612
29.887852,-29.887852
14.751854,-14.751854
108.46112,-108.46112
14.998009,-14.998009
5.4470196,-5.4470196
1.1115684,-1.1115684
75.181154,-75.181154
62.447686,-62.447686
92.778135,-92.778135
18.718749,-18.718749
89.485106,-89.485106
26.314277,-26.314277
38.645398,-38.645398
40.584839,-40.584839
169.91105,-169.91105
251.84673,-251.84673
27.863765,-27.863765
21.443877,-21.443877
59.534506,-59.534506
19.028647,-19.028647
21.980892,-21.980892
1.8187131,-1.8187131
116.56823,-116.56823
67.221686,-67.221686
30.615856,-30.615856
45.973913,-45.973913
61.786333,-61.786333
22.62023,-22.62023
15.077799,-15.077799
11.891434,-11.891434
77.221142,-77.221142
46.652689,-46.652689
54.5693,-54.5693
1.1786856,-1.1786856
183.8621,-183.8621
20.10544,-20.10544
2.3641952,-2.3641952
3.1543604,-3.1543604
36.532521,-36.532521
30.540131,-30.540131
75.621651,-75.621651
25.779555,-25.779555
126.4453,-126.4453
37.426238,-37.426238
6.3941359,-6.3941359
26.866406,-26.866406
145.3978,-145.3978
222.71526,-222.71526
14.149221,-14.149221
27.617798,-27.617798
88.471207,-88.471207
11.849181,-11.849181
21.000113,-21.000113
6.6014465,-6.6014465
162.28147,-162.28147
78.576564,-78.576564
47.532359,-47.532359
28.739191,-28.739191
49.042179,-49.042179
16.868619,-16.868619
15.483361,-15.483361
7.3086314,-7.3086314
106.29858,-106.29858
107.58231,-107.58231
74.771604,-74.771604
1.8259445,-1.8259445
125.88829,-125.88829
20.398068,-20.398068
9.0471528,-9.0471528
15.587528,-15.587528
91.75185,-91.75185
63.29548,-63.29548
32.494106,-32.494106
40.4204,-40.4204
70.257264,-70.257264
22.138942,-22.138942
1.6471686,-1.6471686
19.297511,-19.297511
46.339785,-46.339785
68.154276,-68.154276
55.169405,-55.169405
4.7179096,-4.7179096
186.75363,-186.75363
10.766544,-10.766544
14.928764,-14.928764
13.22544,-13.22544
68.439215,-68.439215
28.569604,-28.569604
137.08149,-137.08149
9.8703156,-9.8703156
113.04493,-113.04493
44.62042,-44.62042
76.622493,-76.622493
48.416705,-48.416705
173.90347,-173.90347
122.38983,-122.38983
47.299961,-47.299961
3.5613815,-3.5613815
87.265833,-87.265833
16.766968,-16.766968
3.720069,-3.720069
0.7479974,-0.7479974
125.90833,-125.90833
83.101864,-83.101864
55.08542,-55.08542
28.837757,-28.837757
47.858301,-47.858301
19.628029,-19.628029
1.922261,-1.922261
20.789548,-20.789548
81.901955,-81.901955
140.34379,-140.34379
68.906469,-68.906469
3.0351119,-3.0351119
133.33156,-133.33156
7.7219661,-7.7219661
8.4984506,-8.4984506
37.200963,-37.200963
34.525718,-34.525718
14.621727,-14.621727
101.83537,-101.83537
14.849333,-14.849333
163.77619,-163.77619
62.180009,-62.180009
26.547807,-26.547807
23.49889,-23.49889
132.87102,-132.87102
101.38184,-101.38184
26.304987,-26.304987
11.193726,-11.193726
116.80746,-116.80746
15.866294,-15.866294
5.1215699,-5.1215699
1.8751179,-1.8751179
65.92182,-65.92182
66.317537,-66.317537
99.031145,-99.031145
18.44591,-18.44591
79.220104,-79.220104
29.961057,-29.961057
28.620563,-28.620563
44.552797,-44.552797
180.38646,-180.38646
225.79091,-225.79091
23.004955,-23.004955
16.900309,-16.900309
64.206113,-64.206113
22.91308,-22.91308
21.241279,-21.241279
0.99601604,-0.99601604
128.37163,-128.37163
63.042573,-63.042573
26.659243,-26.659243
41.865353,-41.865353
71.681189,-71.681189
19.979322,-19.979322
19.815594,-19.815594
13.899325,-13.899325
71.208601,-71.208601
57.122758,-57.122758
62.299639,-62.299639
2.6717261,-2.6717261
172.52501,-172.52501
20.615447,-20.615447
1.5904244,-1.5904244
4.2925211,-4.2925211
41.829792,-41.829792
23.662547,-23.662547
66.930389,-66.930389
23.686732,-23.686732
134.21368,-134.21368
34.95474,-34.95474
7.0348171,-7.0348171
22.873659,-22.873659
133.01191,-133.01191
227.24071,-227.24071
13.267508,-13.267508
30.912045,-30.912045
78.60397,-78.60397
11.151813,-11.151813
28.914788,-28.914788
4.8014766,-4.8014766
152.87335,-152.87335
89.053742,-89.053742
54.696885,-54.696885
33.674247,-33.674247
44.834945,-44.834945
17.708723,-17.708723
16.145965,-16.145965
9.1004173,-9.1004173
115.52538,-115.52538
105.68965,-105.68965
71.566298,-71.566298
2.5461251,-2.5461251
137.1824,-137.1824
17.983913,-17.983913
13.764778,-13.764778
12.91186,-12.91186
84.814974,-84.814974
75.971594,-75.971594
36.982764,-36.982764
46.257869,-46.257869
63.889767,-63.889767
23.159257,-23.159257
2.1192005,-2.1192005
19.617689,-19.617689
54.395466,-54.395466
66.170998,-66.170998
51.963099,-51.963099
5.1581843,-5.1581843
200.8024,-200.8024
6.9668238,-6.9668238
11.823793,-11.823793
11.201797,-11.201797
73.592076,-73.592076
23.451556,-23.451556
125.39733,-125.39733
9.5244618,-9.5244618
121.41672,-121.41672
41.367031,-41.367031
77.24717,-77.24717
42.16008,-42.16008
161.14791,-161.14791
125.26388,-125.26388
51.069533,-51.069533
5.009227,-5.009227
79.460206,-79.460206
15.095307,-15.095307
6.0951205,-6.0951205
1.5123059,-1.5123059
52.961051,-52.961051
31.948485,-31.948485
125.60647,-125.60647
19.239752,-19.239752
95.620998,-95.620998
28.901133,-28.901133
18.307127,-18.307127
57.428528,-57.428528
177.79047,-177.79047
219.38823,-219.38823
24.141865,-24.141865
4.3126457,-4.3126457
61.961348,-61.961348
15.430396,-15.430396
13.191289,-13.191289
7.3952316,-7.3952316
108.93226,-108.93226
36.165112,-36.165112
35.814101,-35.814101
32.083566,-32.083566
88.195861,-88.195861
23.702505,-23.702505
9.080053,-9.080053
10.972793,-10.972793
66.158453,-66.158453
53.177272,-53.177272
69.305903,-69.305903
1.1664129,-1.1664129
183.78882,-183.78882
33.802465,-33.802465
2.9562296,-2.9562296
12.494289,-12.494289
158.40475,-158.40475
125.87675,-125.87675
37.918281,-37.918281
31.962944,-31.962944
30.857497,-30.857497
20.438208,-20.438208
8.1785479,-8.1785479
20.313132,-20.313132
93.663083,-93.663083
144.79171,-144.79171
62.625335,-62.625335
7.2856798,-7.2856798
118.01662,-118.01662
4.8235712,-4.8235712
9.5271436,-9.5271436
21.244745,-21.244745
52.551723,-52.551723
19.42201,-19.42201
73.6879,-73.6879
13.862159,-13.862159
130.33174,-130.33174
63.215336,-63.215336
43.80194,-43.80194
22.503735,-22.503735
155.47586,-155.47586
107.36901,-107.36901
23.088162,-23.088162
19.926387,-19.926387
98.156186,-98.156186
15.038056,-15.038056
16.836953,-16.836953
8.2081763,-8.2081763
97.40095,-97.40095
78.648569,-78.648569
27.878066,-27.878066
56.810878,-56.810878
54.85472,-54.85472
19.498818,-19.498818
3.7305414,-3.7305414
17.00506,-17.00506
76.508977,-76.508977
126.24434,-126.24434
26.917165,-26.917165
4.7574407,-4.7574407
163.29828,-163.29828
13.387059,-13.387059
5.523394,-5.523394
9.5745412,-9.5745412
82.355258,-82.355258
27.608048,-27.608048
104.60376,-104.60376
14.371379,-14.371379
110.66471,-110.66471
31.945657,-31.945657
51.807612,-51.807612
27.514063,-27.514063
194.54038,-194.54038
195.04718,-195.04718
31.861504,-31.861504
7.5727521,-7.5727521
59.934757,-59.934757
20.318917,-20.318917
2.0934991,-2.0934991
0.59264236,-0.59264236
39.107561,-39.107561
16.725061,-16.725061
74.812942,-74.812942
16.780276,-16.780276
136.89353,-136.89353
47.958798,-47.958798
17.888579,-17.888579
35.6778,-35.6778
116.13599,-116.13599
144.61554,-144.61554
23.995385,-23.995385
22.806802,-22.806802
92.483949,-92.483949
4.5991106,-4.5991106
44.080794,-44.080794
1.8241185,-1.8241185
150.55809,-150.55809
74.411069,-74.411069
63.82851,-63.82851
16.393561,-16.393561
43.229184,-43.229184
19.063559,-19.063559
30.669344,-30.669344
21.513019,-21.513019
102.26601,-102.26601
54.64554,-54.64554
101.69282,-101.69282
6.1469037,-6.1469037
152.77914,-152.77914
13.171321,-13.171321
10.396432,-10.396432
21.26942,-21.26942
28.570536,-28.570536
14.845257,-14.845257
87.881129,-87.881129
21.251973,-21.251973
141.57813,-141.57813
43.244973,-43.244973
6.4600718,-6.4600718
36.814944,-36.814944
131.08426,-131.08426
171.90688,-171.90688
18.161015,-18.161015
16.019731,-16.019731
98.360568,-98.360568
7.1509382,-7.1509382
24.653649,-24.653649
6.3057721,-6.3057721
145.65754,-145.65754
53.595239,-53.595239
57.350801,-57.350801
18.938856,-18.938856
57.403962,-57.403962
19.010967,-19.010967
14.528958,-14.528958
12.825077,-12.825077
92.179513,-92.179513
74.155287,-74.155287
94.01815,-94.01815
6.6987599,-6.6987599
140.89583,-140.89583
23.451871,-23.451871
9.1362091,-9.1362091
26.204092,-26.204092
114.13557,-114.13557
82.617728,-82.617728
24.527446,-24.527446
47.181788,-47.181788
52.766821,-52.766821
20.523308,-20.523308
3.0728472,-3.0728472
19.344062,-19.344062
62.246537,-62.246537
95.124984,-95.124984
39.451539,-39.451539
8.8923439,-8.8923439
155.86303,-155.86303
10.149327,-10.149327
16.593047,-16.593047
7.724323,-7.724323
85.81443,-85.81443
39.205198,-39.205198
110.2914,-110.2914
10.806387,-10.806387
92.073394,-92.073394
38.25401,-38.25401
73.337423,-73.337423
40.600312,-40.600312
207.11314,-207.11314
156.21534,-156.21534
35.493222,-35.493222
7.4836305,-7.4836305
67.681995,-67.681995
21.792504,-21.792504
4.6352172,-4.6352172
1.676218,-1.676218
137.68937,-137.68937
109.07767,-109.07767
45.977839,-45.977839
36.591443,-36.591443
28.582667,-28.582667
20.544137,-20.544137
0.82408211,-0.82408211
18.537191,-18.537191
109.25954,-109.25954
160.15655,-160.15655
42.154122,-42.154122
3.3371933,-3.3371933
116.98,-116.98
9.8899679,-9.8899679
7.1281646,-7.1281646
21.74625,-21.74625
55.188065,-55.188065
15.903899,-15.903899
72.861997,-72.861997
17.953776,-17.953776
152.59213,-152.59213
46.690634,-46.690634
34.436895,-34.436895
16.024648,-16.024648
150.37687,-150.37687
155.89443,-155.89443
23.486212,-23.486212
21.048342,-21.048342
87.48827,-87.48827
16.840264,-16.840264
8.722765,-8.722765
2.5184563,-2.5184563
64.69739,-64.69739
35.040092,-35.040092
106.64329,-106.64329
17.883044,-17.883044
101.84854,-101.84854
31.379792,-31.379792
37.081491,-37.081491
52.665448,-52.665448
156.97185,-156.97185
192.91744,-192.91744
37.214066,-37.214066
12.078777,-12.078777
66.174149,-66.174149
10.202142,-10.202142
25.425945,-25.425945
5.6841159,-5.6841159
103.62653,-103.62653
43.246748,-43.246748
36.701248,-36.701248
29.637633,-29.637633
71.402931,-71.402931
30.275954,-30.275954
12.861211,-12.861211
14.620407,-14.620407
68.498809,-68.498809
24.672533,-24.672533
66.730838,-66.730838
0.57861793,-0.57861793
203.21622,-203.21622
24.40666,-24.40666
4.3690972,-4.3690972
6.6888955,-6.6888955
89.167157,-89.167157
52.100088,-52.100088
35.145748,-35.145748
41.315576,-41.315576
72.340491,-72.340491
19.21815,-19.21815
1.1977618,-1.1977618
17.412493,-17.412493
55.980514,-55.980514
93.862337,-93.862337
44.368653,-44.368653
1.2879029,-1.2879029
170.82686,-170.82686
16.022384,-16.022384
8.2604785,-8.2604785
20.192577,-20.192577
64.175828,-64.175828
26.088038,-26.088038
149.20526,-149.20526
13.871472,-13.871472
117.97133,-117.97133
37.611834,-37.611834
53.162,-53.162
45.272366,-45.272366
181.38813,-181.38813
151.87942,-151.87942
43.093953,-43.093953
2.5940132,-2.5940132
80.67232,-80.67232
18.939833,-18.939833
0.88606605,-0.88606605
1.6885419,-1.6885419
39.86225,-39.86225
40.456348,-40.456348
69.743507,-69.743507
24.961393,-24.961393
118.7089,-118.7089
44.251869,-44.251869
15.165887,-15.165887
29.297459,-29.297459
135.48659,-135.48659
180.01586,-180.01586
18.56315,-18.56315
34.348959,-34.348959
96.558956,-96.558956
9.7687203,-9.7687203
35.741153,-35.741153
4.971103,-4.971103
170.80521,-170.80521
89.409407,-89.409407
45.046873,-45.046873
23.755834,-23.755834
42.491701,-42.491701
13.974213,-13.974213
28.657517,-28.657517
12.048452,-12.048452
100.32852,-100.32852
81.725392,-81.725392
87.568283,-87.568283
0.79014326,-0.79014326
130.46063,-130.46063
14.799152,-14.799152
5.352669,-5.352669
13.459669,-13.459669
69.270039,-69.270039
46.028098,-46.028098
99.078926,-99.078926
19.637672,-19.637672
97.371814,-97.371814
22.933262,-22.933262
21.367273,-21.367273
37.682579,-37.682579
179.12285,-179.12285
290.74597,-290.74597
19.499258,-19.499258
15.733888,-15.733888
53.198566,-53.198566
18.780847,-18.780847
12.527496,-12.527496
5.2829711,-5.2829711
107.27798,-107.27798
56.094869,-56.094869
30.663164,-30.663164
52.087503,-52.087503
69.954997,-69.954997
22.144323,-22.144323
6.4592173,-6.4592173
8.1556092,-8.1556092
81.055457,-81.055457
62.911083,-62.911083
45.375379,-45.375379
1.0712684,-1.0712684
181.46267,-181.46267
27.187963,-27.187963
2.4834613,-2.4834613
2.6910795,-2.6910795
125.22605,-125.22605
107.88276,-107.88276
59.699562,-59.699562
27.237143,-27.237143
34.664543,-34.664543
19.599534,-19.599534
4.4118837,-4.4118837
25.030046,-25.030046
83.963237,-83.963237
94.121429,-94.121429
77.616049,-77.616049
6.128027,-6.128027
146.75742,-146.75742
3.2229306,-3.2229306
13.096945,-13.096945
26.641634,-26.641634
50.98736,-50.98736
12.916333,-12.916333
92.728779,-92.728779
9.7085153,-9.7085153
163.13615,-163.13615
58.616014,-58.616014
56.639582,-56.639582
28.139345,-28.139345
124.47386,-124.47386
95.495822,-95.495822
35.806607,-35.806607
15.798304,-15.798304
109.03797,-109.03797
10.441516,-10.441516
12.80712,-12.80712
1.2399163,-1.2399163
66.626616,-66.626616
43.756567,-43.756567
106.12879,-106.12879
19.55052,-19.55052
81.59758,-81.59758
23.470173,-23.470173
10.799076,-10.799076
45.141973,-45.141973
199.33875,-199.33875
243.82002,-243.82002
19.992622,-19.992622
9.6689951,-9.6689951
53.801985,-53.801985
20.081028,-20.081028
16.417356,-16.417356
7.0292519,-7.0292519
124.47851,-124.47851
43.33404,-43.33404
24.241897,-24.241897
41.685669,-41.685669
71.096606,-71.096606
21.120555,-21.120555
4.3243127,-4.3243127
10.741106,-10.741106
76.952826,-76.952826
55.109011,-55.109011
51.999222,-51.999222
2.0769059,-2.0769059
163.7444,-163.7444
28.495383,-28.495383
1.2067234,-1.2067234
5.9485104,-5.9485104
136.72977,-136.72977
102.33315,-102.33315
47.650402,-47.650402
25.15355,-25.15355
39.519245,-39.519245
19.302761,-19.302761
8.5897347,-8.5897347
22.956412,-22.956412
75.601144,-75.601144
112.05974,-112.05974
72.51133,-72.51133
6.7413645,-6.7413645
135.12564,-135.12564
6.2852442,-6.2852442
10.366893,-10.366893
30.670766,-30.670766
44.068804,-44.068804
14.293798,-14.293798
92.853999,-92.853999
12.623268,-12.623268
151.89415,-151.89415
74.71434,-74.71434
56.938814,-56.938814
31.189791,-31.189791
136.39079,-136.39079
92.021546,-92.021546
28.576829,-28.576829
12.319897,-12.319897
114.77383,-114.77383
12.500998,-12.500998
7.6024237,-7.6024237
2.8871982,-2.8871982
80.671421,-80.671421
61.328281,-61.328281
36.386687,-36.386687
45.520523,-45.520523
65.48475,-65.48475
22.59497,-22.59497
1.8192694,-1.8192694
16.162487,-16.162487
61.221184,-61.221184
95.442625,-95.442625
31.299731,-31.299731
2.1764373,-2.1764373
183.82852,-183.82852
18.363832,-18.363832
5.7015612,-5.7015612
14.912598,-14.912598
70.384986,-70.384986
21.665712,-21.665712
128.42634,-128.42634
16.901706,-16.901706
130.11218,-130.11218
38.575959,-38.575959
67.436827,-67.436827
38.703451,-38.703451
172.45931,-172.45931
173.87347,-173.87347
41.50052,-41.50052
3.3494504,-3.3494504
73.227801,-73.227801
17.390323,-17.390323
0.42673959,-0.42673959
2.4037568,-2.4037568
51.580437,-51.580437
26.111241,-26.111241
61.104777,-61.104777
20.619582,-20.619582
120.1427,-120.1427
39.092035,-39.092035
10.886553,-10.886553
28.0618,-28.0618
134.06617,-134.06617
165.19086,-165.19086
20.749935,-20.749935
34.106974,-34.106974
81.658724,-81.658724
5.9000092,-5.9000092
52.794094,-52.794094
4.0901038,-4.0901038
168.77201,-168.77201
85.144504,-85.144504
48.132255,-48.132255
22.477213,-22.477213
31.433256,-31.433256
16.652714,-16.652714
16.465823,-16.465823
15.698281,-15.698281
115.67297,-115.67297
58.232175,-58.232175
79.797711,-79.797711
2.5245712,-2.5245712
135.32932,-135.32932
11.930794,-11.930794
5.7844141,-5.7844141
12.349621,-12.349621
149.57686,-149.57686
96.562141,-96.562141
44.752673,-44.752673
33.356991,-33.356991
33.002907,-33.002907
23.394612,-23.394612
0.44806525,-0.44806525
18.6423,-18.6423
100.86234,-100.86234
160.96443,-160.96443
57.831049,-57.831049
1.4688223,-1.4688223
105.69888,-105.69888
7.5157893,-7.5157893
8.5049216,-8.5049216
27.25038,-27.25038
49.857621,-49.857621
19.420296,-19.420296
88.194468,-88.194468
18.00929,-18.00929
140.28306,-140.28306
45.891353,-45.891353
24.067535,-24.067535
20.850917,-20.850917
158.19822,-158.19822
134.75817,-134.75817
24.205282,-24.205282
16.909494,-16.909494
95.994501,-95.994501
16.16135,-16.16135
8.0938792,-8.0938792
4.1576686,-4.1576686
51.607027,-51.607027
52.484203,-52.484203
117.77638,-117.77638
18.267544,-18.267544
99.975973,-99.975973
35.021391,-35.021391
44.509004,-44.509004
55.121287,-55.121287
159.40761,-159.40761
208.90685,-208.90685
31.682721,-31.682721
13.615636,-13.615636
79.711993,-79.711993
15.379321,-15.379321
15.69506,-15.69506
2.2309061,-2.2309061
104.28449,-104.28449
45.091326,-45.091326
34.67182,-34.67182
30.106207,-30.106207
87.359251,-87.359251
25.877614,-25.877614
23.234443,-23.234443
12.308722,-12.308722
57.288817,-57.288817
39.750453,-39.750453
73.821331,-73.821331
0.80104846,-0.80104846
197.71378,-197.71378
30.22771,-30.22771
3.1274328,-3.1274328
8.0873963,-8.0873963
30.638903,-30.638903
15.79244,-15.79244
81.615405,-81.615405
20.90925,-20.90925
161.34756,-161.34756
40.213392,-40.213392
15.38408,-15.38408
30.152137,-30.152137
115.268,-115.268
211.70028,-211.70028
17.046964,-17.046964
24.094528,-24.094528
96.573571,-96.573571
8.7840979,-8.7840979
20.543954,-20.543954
4.317532,-4.317532
126.51233,-126.51233
67.835575,-67.835575
66.787991,-66.787991
24.934737,-24.934737
56.616912,-56.616912
18.970377,-18.970377
19.574634,-19.574634
11.382117,-11.382117
96.831437,-96.831437
81.638329,-81.638329
84.0923,-84.0923
6.3260205,-6.3260205
158.0617,-158.0617
23.208602,-23.208602
16.999469,-16.999469
18.989823,-18.989823
104.08181,-104.08181
88.066754,-88.066754
30.008107,-30.008107
53.053438,-53.053438
46.750994,-46.750994
20.288254,-20.288254
2.6412778,-2.6412778
19.691844,-19.691844
69.880921,-69.880921
80.107981,-80.107981
43.225963,-43.225963
5.7620666,-5.7620666
167.78964,-167.78964
4.7505411,-4.7505411
17.221854,-17.221854
6.1019406,-6.1019406
94.886261,-94.886261
33.88201,-33.88201
110.52346,-110.52346
8.7132811,-8.7132811
101.08088,-101.08088
29.907395,-29.907395
72.711339,-72.711339
36.85035,-36.85035
190.89011,-190.89011
160.55163,-160.55163
45.154534,-45.154534
9.5972349,-9.5972349
63.522434,-63.522434
20.330195,-20.330195
8.5074719,-8.5074719
0.70910716,-0.70910716
104.62501,-104.62501
65.342584,-65.342584
25.486282,-25.486282
53.513817,-53.513817
62.848178,-62.848178
18.160997,-18.160997
2.9313304,-2.9313304
19.41927,-19.41927
68.06477,-68.06477
123.08605,-123.08605
37.316746,-37.316746
4.7652901,-4.7652901
153.57465,-153.57465
11.438836,-11.438836
9.2911055,-9.2911055
13.137846,-13.137846
73.543216,-73.543216
31.283428,-31.283428
120.32444,-120.32444
12.501235,-12.501235
101.97457,-101.97457
32.419269,-32.419269
37.406392,-37.406392
32.395078,-32.395078
201.232,-201.232
169.81864,-169.81864
32.664917,-32.664917
6.3971249,-6.3971249
67.520584,-67.520584
22.84844,-22.84844
2.5766026,-2.5766026
0.51635654,-0.51635654
27.870028,-27.870028
26.919331,-26.919331
82.060781,-82.060781
20.053426,-20.053426
137.80562,-137.80562
55.141054,-55.141054
22.434873,-22.434873
36.241436,-36.241436
114.99101,-114.99101
154.62556,-154.62556
20.017206,-20.017206
24.551102,-24.551102
111.23144,-111.23144
7.4148015,-7.4148015
30.670071,-30.670071
1.8099297,-1.8099297
149.27956,-149.27956
76.796513,-76.796513
58.23352,-58.23352
18.393528,-18.393528
57.531404,-57.531404
16.5164,-16.5164
46.966811,-46.966811
15.698236,-15.698236
86.5848,-86.5848
75.347948,-75.347948
108.53898,-108.53898
2.8835991,-2.8835991
149.95202,-149.95202
17.291342,-17.291342
10.348799,-10.348799
21.412345,-21.412345
53.764889,-53.764889
32.262147,-32.262147
115.19133,-115.19133
20.131809,-20.131809
114.77482,-114.77482
28.077427,-28.077427
30.576979,-30.576979
46.938006,-46.938006
155.80311,-155.80311
258.90483,-258.90483
23.094994,-23.094994
9.3278987,-9.3278987
63.080844,-63.080844
14.621055,-14.621055
10.453934,-10.453934
6.0398429,-6.0398429
90.38198,-90.38198
46.250647,-46.250647
41.951611,-41.951611
41.837413,-41.837413
88.576549,-88.576549
26.177533,-26.177533
12.509538,-12.509538
8.6457013,-8.6457013
68.62614,-68.62614
58.913166,-58.913166
59.755563,-59.755563
0.59718301,-0.59718301
205.65544,-205.65544
33.083904,-33.083904
7.1536337,-7.1536337
6.7986217,-6.7986217
143.43359,-143.43359
128.26982,-128.26982
46.303627,-46.303627
36.565995,-36.565995
27.655642,-27.655642
20.563849,-20.563849
3.7729968,-3.7729968
21.187304,-21.187304
100.05273,-100.05273
122.62248,-122.62248
65.734883,-65.734883
5.2796304,-5.2796304
131.08638,-131.08638
3.3464043,-3.3464043
11.612331,-11.612331
17.154314,-17.154314
58.52202,-58.52202
16.734937,-16.734937
71.407572,-71.407572
10.840013,-10.840013
143.81688,-143.81688
50.555148,-50.555148
41.251681,-41.251681
20.412651,-20.412651
140.0098,-140.0098
109.571,-109.571
27.352891,-27.352891
25.500068,-25.500068
94.466529,-94.466529
12.989318,-12.989318
24.756588,-24.756588
5.610332,-5.610332
40.759047,-40.759047
23.362062,-23.362062
74.304236,-74.304236
23.873496,-23.873496
113.51097,-113.51097
36.494354,-36.494354
2.2066861,-2.2066861
29.424638,-29.424638
153.44907,-153.44907
187.96121,-187.96121
15.209155,-15.209155
20.873093,-20.873093
78.171004,-78.171004
10.799222,-10.799222
32.76009,-32.76009
6.8390549,-6.8390549
176.58488,-176.58488
73.453338,-73.453338
47.764562,-47.764562
25.727346,-25.727346
43.567958,-43.567958
19.199759,-19.199759
12.488276,-12.488276
11.028973,-11.028973
112.48608,-112.48608
98.513987,-98.513987
81.933264,-81.933264
3.1514708,-3.1514708
119.74031,-119.74031
16.957983,-16.957983
6.8043117,-6.8043117
20.347793,-20.347793
96.208004,-96.208004
72.96093,-72.96093
30.461412,-30.461412
39.825114,-39.825114
69.374273,-69.374273
23.550398,-23.550398
4.2801646,-4.2801646
19.027171,-19.027171
48.814845,-48.814845
82.937753,-82.937753
49.492921,-49.492921
7.4750779,-7.4750779
183.64833,-183.64833
13.239616,-13.239616
9.8515842,-9.8515842
14.226755,-14.226755
67.557927,-67.557927
28.074876,-28.074876
127.29241,-127.29241
11.321261,-11.321261
109.14841,-109.14841
51.88761,-51.88761
78.734231,-78.734231
48.039784,-48.039784
178.09837,-178.09837
124.37728,-124.37728
41.061346,-41.061346
2.9802655,-2.9802655
82.440245,-82.440245
17.181032,-17.181032
2.7222414,-2.7222414
2.1155656,-2.1155656
117.68672,-117.68672
97.076996,-97.076996
57.799048,-57.799048
30.304573,-30.304573
41.219835,-41.219835
19.22156,-19.22156
2.3724987,-2.3724987
22.307859,-22.307859
90.985054,-90.985054
143.65513,-143.65513
53.299187,-53.299187
6.0947506,-6.0947506
142.39912,-142.39912
9.7194995,-9.7194995
9.4222546,-9.4222546
31.906434,-31.906434
40.5375,-40.5375
12.028788,-12.028788
87.18774,-87.18774
15.582303,-15.582303
174.37928,-174.37928
61.894318,-61.894318
38.102417,-38.102417
19.037565,-19.037565
127.5017,-127.5017
122.99546,-122.99546
25.601269,-25.601269
13.217815,-13.217815
104.79817,-104.79817
18.582567,-18.582567
4.7373011,-4.7373011
0.86232797,-0.86232797
82.367834,-82.367834
48.553183,-48.553183
91.329372,-91.329372
16.677589,-16.677589
78.79339,-78.79339
26.601266,-26.601266
24.329042,-24.329042
44.175995,-44.175995
181.18917,-181.18917
211.71666,-211.71666
28.092493,-28.092493
15.006295,-15.006295
50.821175,-50.821175
17.452446,-17.452446
32.51749,-32.51749
2.98391,-2.98391
129.77155,-129.77155
61.928673,-61.928673
29.25032,-29.25032
40.355461,-40.355461
55.276287,-55.276287
22.960723,-22.960723
11.966662,-11.966662
14.721757,-14.721757
85.861998,-85.861998
39.457617,-39.457617
57.081652,-57.081652
0.59290437,-0.59290437
175.4854,-175.4854
15.566462,-15.566462
2.8439559,-2.8439559
3.6663287,-3.6663287
77.181228,-77.181228
40.219997,-40.219997
100.21325,-100.21325
19.38807,-19.38807
87.75757,-87.75757
21.343941,-21.343941
15.814731,-15.814731
42.290591,-42.290591
190.64742,-190.64742
266.99833,-266.99833
22.549984,-22.549984
11.464564,-11.464564
45.99104,-45.99104
17.802908,-17.802908
17.40957,-17.40957
7.8935414,-7.8935414
117.91103,-117.91103
51.475995,-51.475995
30.432617,-30.432617
45.729073,-45.729073
61.487276,-61.487276
22.141736,-22.141736
4.477237,-4.477237
9.5197164,-9.5197164
87.115754,-87.115754
52.727638,-52.727638
48.222829,-48.222829
1.7081812,-1.7081812
170.96504,-170.96504
24.507748,-24.507748
1.7503467,-1.7503467
4.4093198,-4.4093198
123.82053,-123.82053
112.19092,-112.19092
52.149514,-52.149514
28.225597,-28.225597
34.801613,-34.801613
19.820807,-19.820807
6.959522,-6.959522
24.747581,-24.747581
82.110903,-82.110903
102.36874,-102.36874
63.983083,-63.983083
8.1702471,-8.1702471
147.7806,-147.7806
5.8724461,-5.8724461
10.803752,-10.803752
25.238804,-25.238804
48.872055,-48.872055
11.591289,-11.591289
82.997272,-82.997272
12.200469,-12.200469
165.26987,-165.26987
68.666992,-68.666992
64.449505,-64.449505
26.320808,-26.320808
125.10444,-125.10444
101.56059,-101.56059
30.980859,-30.980859
16.710901,-16.710901
106.88547,-106.88547
12.912061,-12.912061
10.100981,-10.100981
2.1605792,-2.1605792
87.608631,-87.608631
54.111917,-54.111917
31.672634,-31.672634
41.371097,-41.371097
74.780559,-74.780559
21.482051,-21.482051
1.059412,-1.059412
15.543947,-15.543947
53.630044,-53.630044
104.26951,-104.26951
34.001947,-34.001947
2.647177,-2.647177
174.02723,-174.02723
22.707346,-22.707346
5.6477829,-5.6477829
17.707193,-17.707193
61.542011,-61.542011
25.149682,-25.149682
137.34103,-137.34103
16.086622,-16.086622
121.52029,-121.52029
43.657641,-43.657641
61.178599,-61.178599
42.634555,-42.634555
182.77733,-182.77733
162.67815,-162.67815
36.182783,-36.182783
2.2216406,-2.2216406
81.381628,-81.381628
18.579062,-18.579062
0.74680734,-0.74680734
1.110691,-1.110691
47.077642,-47.077642
33.321243,-33.321243
69.935031,-69.935031
21.927552,-21.927552
107.16361,-107.16361
42.600232,-42.600232
9.7104591,-9.7104591
32.34616,-32.34616
148.06657,-148.06657
159.92061,-159.92061
19.90583,-19.90583
27.633118,-27.633118
87.085738,-87.085738
8.6525631,-8.6525631
43.71112,-43.71112
4.5301323,-4.5301323
185.27932,-185.27932
81.08506,-81.08506
44.152666,-44.152666
18.598401,-18.598401
35.078265,-35.078265
15.42188,-15.42188
21.119086,-21.119086
14.70615,-14.70615
109.82398,-109.82398
70.196209,-70.196209
89.770605,-89.770605
1.6452506,-1.6452506
121.89215,-121.89215
12.649499,-12.649499
4.9597908,-4.9597908
16.85137,-16.85137
133.41473,-133.41473
103.22394,-103.22394
48.108525,-48.108525
38.568886,-38.568886
29.980194,-29.980194
20.86129,-20.86129
0.57268833,-0.57268833
19.104183,-19.104183
106.0191,-106.0191
146.5614,-146.5614
48.994184,-48.994184
1.9712436,-1.9712436
119.82466,-119.82466
7.7835521,-7.7835521
8.5403288,-8.5403288
21.536446,-21.536446
53.478561,-53.478561
16.376162,-16.376162
76.282394,-76.282394
17.106678,-17.106678
155.91291,-155.91291
43.055676,-43.055676
27.87792,-27.87792
16.69552,-16.69552
143.66599,-143.66599
143.50312,-143.50312
25.322961,-25.322961
22.867129,-22.867129
91.179377,-91.179377
15.491841,-15.491841
11.606417,-11.606417
3.2105292,-3.2105292
59.118319,-59.118319
47.055705,-47.055705
109.17829,-109.17829
19.043925,-19.043925
109.17717,-109.17717
31.64761,-31.64761
52.501343,-52.501343
50.588811,-50.588811
148.57199,-148.57199
226.89907,-226.89907
35.431478,-35.431478
15.996183,-15.996183
71.85177,-71.85177
12.720197,-12.720197
17.068058,-17.068058
3.3264945,-3.3264945
96.026926,-96.026926
52.617947,-52.617947
40.076066,-40.076066
34.75372,-34.75372
78.506959,-78.506959
28.894556,-28.894556
21.066694,-21.066694
12.089475,-12.089475
64.012251,-64.012251
36.262345,-36.262345
67.346486,-67.346486
0.66899579,-0.66899579
208.62961,-208.62961
26.533295,-26.533295
4.0942695,-4.0942695
6.204987,-6.204987
26.173573,-26.173573
20.128813,-20.128813
90.188132,-90.188132
21.964759,-21.964759
149.15907,-149.15907
45.125347,-45.125347
12.997009,-12.997009
34.241456,-34.241456
125.56336,-125.56336
202.76457,-202.76457
15.787693,-15.787693
19.666654,-19.666654
104.92563,-104.92563
9.636052,-9.636052
15.876536,-15.876536
4.3375012,-4.3375012
138.28426,-138.28426
62.586223,-62.586223
60.092426,-60.092426
22.241633,-22.241633
63.098305,-63.098305
17.824227,-17.824227
24.267667,-24.267667
9.6646235,-9.6646235
89.742951,-89.742951
93.624114,-93.624114
92.122454,-92.122454
4.3253998,-4.3253998
145.97896,-145.97896
25.482409,-25.482409
14.313115,-14.313115
23.391606,-23.391606
109.43158,-109.43158
77.350367,-77.350367
25.632532,-25.632532
49.581175,-49.581175
56.201861,-56.201861
19.947557,-19.947557
2.1977628,-2.1977628
20.575905,-20.575905
59.841679,-59.841679
86.218912,-86.218912
45.445031,-45.445031
8.1016282,-8.1016282
161.33259,-161.33259
7.1093925,-7.1093925
19.836779,-19.836779
7.2987253,-7.2987253
82.704812,-82.704812
37.69004,-37.69004
116.22764,-116.22764
8.930585,-8.930585
95.656217,-95.656217
34.971117,-34.971117
64.630253,-64.630253
39.087382,-39.087382
198.60829,-198.60829
146.65137,-146.65137
38.45373,-38.45373
8.2127463,-8.2127463
72.52827,-72.52827
22.403913,-22.403913
6.9341439,-6.9341439
1.1473091,-1.1473091
99.273053,-99.273053
75.581378,-75.581378
30.809368,-30.809368
57.197521,-57.197521
52.559084,-52.559084
17.901753,-17.901753
4.1146067,-4.1146067
18.574428,-18.574428
78.33492,-78.33492
115.02771,-115.02771
35.142239,-35.142239
2.9182412,-2.9182412
159.95466,-159.95466
8.658743,-8.658743
8.2189189,-8.2189189
11.910735,-11.910735
85.175293,-85.175293
28.503705,-28.503705
114.81592,-114.81592
11.975696,-11.975696
107.33919,-107.33919
27.910515,-27.910515
44.328412,-44.328412
30.207982,-30.207982
193.19177,-193.19177
183.75956,-183.75956
38.079991,-38.079991
7.6496941,-7.6496941
58.498711,-58.498711
21.266763,-21.266763
3.6966545,-3.6966545
0.58712058,-0.58712058
32.659906,-32.659906
21.302603,-21.302603
74.056472,-74.056472
18.897204,-18.897204
149.73121,-149.73121
49.844496,-49.844496
24.983855,-24.983855
32.07747,-32.07747
104.95914,-104.95914
163.49763,-163.49763
22.005846,-22.005846
29.088151,-29.088151
102.74384,-102.74384
6.1120903,-6.1120903
36.446469,-36.446469
1.2648957,-1.2648957
137.33088,-137.33088
82.490948,-82.490948
64.394195,-64.394195
21.0743,-21.0743
51.369252,-51.369252
18.292313,-18.292313
39.710479,-39.710479
17.692646,-17.692646
93.76379,-93.76379
65.149877,-65.149877
99.8719,-99.8719
4.240465,-4.240465
162.48907,-162.48907
15.422111,-15.422111
12.712349,-12.712349
17.256177,-17.256177
46.884679,-46.884679
36.391728,-36.391728
123.91197,-123.91197
19.501896,-19.501896
105.71809,-105.71809
31.021333,-31.021333
24.006518,-24.006518
51.810313,-51.810313
166.27645,-166.27645
241.2038,-241.2038
20.74156,-20.74156
7.1368536,-7.1368536
70.268388,-70.268388
16.552149,-16.552149
9.261788,-9.261788
4.6398827,-4.6398827
98.868732,-98.868732
39.361734,-39.361734
35.976969,-35.976969
37.37706,-37.37706
98.168568,-98.168568
24.015214,-24.015214
13.575289,-13.575289
9.1097754,-9.1097754
61.413844,-61.413844
63.779566,-63.779566
66.018812,-66.018812
0.51026788,-0.51026788
194.34499,-194.34499
37.125347,-37.125347
4.5417611,-4.5417611
9.2435089,-9.2435089
159.77548,-159.77548
121.27164,-121.27164
43.240303,-43.240303
31.12893,-31.12893
30.394696,-30.394696
22.49719,-22.49719
5.2974984,-5.2974984
20.491913,-20.491913
95.387713,-95.387713
134.84769,-134.84769
75.532387,-75.532387
4.9683055,-4.9683055
117.09162,-117.09162
2.9600438,-2.9600438
12.192041,-12.192041
22.767035,-22.767035
54.4943,-54.4943
20.664736,-20.664736
82.550374,-82.550374
11.406289,-11.406289
128.16238,-128.16238
53.854423,-53.854423
37.289387,-37.289387
24.420581,-24.420581
154.94228,-154.94228
101.23401,-101.23401
25.833183,-25.833183
19.140225,-19.140225
99.712042,-99.712042
14.347662,-14.347662
20.18046,-20.18046
6.5408398,-6.5408398
44.903822,-44.903822
17.908732,-17.908732
64.547498,-64.547498
22.666298,-22.666298
126.98256,-126.98256
33.630946,-33.630946
2.7740728,-2.7740728
25.437497,-25.437497
139.20221,-139.20221
194.50665,-194.50665
15.626506,-15.626506
26.865969,-26.865969
72.685349,-72.685349
8.6346117,-8.6346117
40.471922,-40.471922
6.456194,-6.456194
160.51411,-160.51411
77.023046,-77.023046
52.011086,-52.011086
30.117363,-30.117363
39.718091,-39.718091
18.915259,-18.915259
8.8644764,-8.8644764
12.093678,-12.093678
118.17949,-118.17949
84.650003,-84.650003
73.123856,-73.123856
4.3776978,-4.3776978
133.04451,-133.04451
15.830389,-15.830389
8.1302928,-8.1302928
15.429241,-15.429241
88.874048,-88.874048
81.646686,-81.646686
34.803392,-34.803392
43.809521,-43.809521
60.399045,-60.399045
25.036141,-25.036141
3.541805,-3.541805
19.540614,-19.540614
56.428945,-56.428945
74.429487,-74.429487
45.465787,-45.465787
6.675615,-6.675615
193.8096,-193.8096
9.9523941,-9.9523941
9.3889755,-9.3889755
11.614945,-11.614945
76.572307,-76.572307
23.924085,-23.924085
119.3139,-119.3139
12.214403,-12.214403
117.27945,-117.27945
45.339437,-45.339437
86.511995,-86.511995
43.825281,-43.825281
168.00152,-168.00152
133.78779,-133.78779
46.609343,-46.609343
4.2243812,-4.2243812
74.35987,-74.35987
15.620883,-15.620883
3.9112225,-3.9112225
2.6900805,-2.6900805
129.77106,-129.77106
88.885998,-88.885998
52.582416,-52.582416
27.228878,-27.228878
45.972546,-45.972546
19.685687,-19.685687
3.5788447,-3.5788447
20.542419,-20.542419
84.59113,-84.59113
153.67245,-153.67245
60.866554,-60.866554
4.6387507,-4.6387507
130.14246,-130.14246
10.487072,-10.487072
7.7750078,-7.7750078
38.004829,-38.004829
35.671995,-35.671995
13.793455,-13.793455
97.542934,-97.542934
15.9961,-15.9961
160.21381,-160.21381
67.216473,-67.216473
32.97216,-32.97216
23.408289,-23.408289
138.94711,-138.94711
111.45822,-111.45822
23.957061,-23.957061
9.6223974,-9.6223974
112.62361,-112.62361
17.55081,-17.55081
3.1608399,-3.1608399
1.4239234,-1.4239234
71.820036,-71.820036
51.867225,-51.867225
96.784227,-96.784227
16.604718,-16.604718
73.420693,-73.420693
30.056872,-30.056872
17.581633,-17.581633
47.083375,-47.083375
189.50563,-189.50563
192.45231,-192.45231
24.896765,-24.896765
12.850661,-12.850661
58.521625,-58.521625
19.945235,-19.945235
30.56816,-30.56816
2.2842694,-2.2842694
137.01613,-137.01613
51.695001,-51.695001
23.545032,-23.545032
36.682913,-36.682913
64.959409,-64.959409
21.571194,-21.571194
12.223137,-12.223137
15.770491,-15.770491
75.644555,-75.644555
42.214648,-42.214648
61.384074,-61.384074
1.4174107,-1.4174107
168.17091,-168.17091
18.44565,-18.44565
3.4677286,-3.4677286
4.8778763,-4.8778763
119.78214,-119.78214
93.410999,-93.410999
64.351308,-64.351308
30.490975,-30.490975
39.198112,-39.198112
18.931,-18.931
1.1322117,-1.1322117
23.721825,-23.721825
93.104563,-93.104563
131.64462,-131.64462
66.090168,-66.090168
4.9499042,-4.9499042
139.44779,-139.44779
6.2081495,-6.2081495
10.69148,-10.69148
34.612445,-34.612445
42.811901,-42.811901
13.996966,-13.996966
96.182261,-96.182261
13.254389,-13.254389
170.46352,-170.46352
53.477601,-53.477601
31.655444,-31.655444
21.620404,-21.620404
127.00665,-127.00665
113.82713,-113.82713
30.436337,-30.436337
13.19652,-13.19652
103.83883,-103.83883
15.710155,-15.710155
6.7353295,-6.7353295
0.81570292,-0.81570292
72.9556,-72.9556
56.899316,-56.899316
90.590171,-90.590171
17.926185,-17.926185
88.525878,-88.525878
27.295851,-27.295851
32.234435,-32.234435
39.802654,-39.802654
167.2588,-167.2588
234.15577,-234.15577
25.590038,-25.590038
20.226845,-20.226845
58.38648,-58.38648
18.534653,-18.534653
25.958279,-25.958279
1.3177343,-1.3177343
117.57292,-117.57292
69.194978,-69.194978
30.350984,-30.350984
47.729597,-47.729597
64.395428,-64.395428
22.586512,-22.586512
16.584419,-16.584419
13.358815,-13.358815
77.868852,-77.868852
48.440695,-48.440695
55.865242,-55.865242
1.6644075,-1.6644075
185.54021,-185.54021
18.039958,-18.039958
2.050672,-2.050672
2.6438017,-2.6438017
35.438901,-35.438901
27.063675,-27.063675
73.541708,-73.541708
25.927021,-25.927021
124.27482,-124.27482
39.043622,-39.043622
4.435785,-4.435785
25.588402,-25.588402
142.78511,-142.78511
207.99219,-207.99219
13.513136,-13.513136
26.243367,-26.243367
87.402977,-87.402977
12.215716,-12.215716
26.098234,-26.098234
6.3526142,-6.3526142
163.69715,-163.69715
79.748321,-79.748321
47.559897,-47.559897
30.169441,-30.169441
50.895669,-50.895669
17.997684,-17.997684
18.065117,-18.065117
8.4519131,-8.4519131
105.8116,-105.8116
112.24336,-112.24336
78.157624,-78.157624
1.3695888,-1.3695888
128.18687,-128.18687
19.156914,-19.156914
9.598784,-9.598784
16.077537,-16.077537
97.58011,-97.58011
69.251941,-69.251941
34.465588,-34.465588
39.391173,-39.391173
68.53388,-68.53388
21.087461,-21.087461
2.2342061,-2.2342061
19.56225,-19.56225
50.75881,-50.75881
75.165108,-75.165108
60.815945,-60.815945
5.2073773,-5.2073773
183.03263,-183.03263
8.0183202,-8.0183202
12.74854,-12.74854
15.724604,-15.724604
69.609778,-69.609778
28.836289,-28.836289
140.09757,-140.09757
8.7249182,-8.7249182
107.2,-107.2
43.919699,-43.919699
70.384227,-70.384227
49.681412,-49.681412
177.33011,-177.33011
118.21571,-118.21571
48.171578,-48.171578
2.6447707,-2.6447707
83.722203,-83.722203
17.906922,-17.906922
4.7397416,-4.7397416
1.082253,-1.082253
57.431362,-57.431362
25.052573,-25.052573
113.06056,-113.06056
19.586579,-19.586579
108.21795,-108.21795
26.754278,-26.754278
20.408301,-20.408301
50.170635,-50.170635
161.98713,-161.98713
224.02091,-224.02091
26.382935,-26.382935
6.6319459,-6.6319459
57.424238,-57.424238
12.035225,-12.035225
17.266786,-17.266786
8.8667701,-8.8667701
96.658807,-96.658807
39.11045,-39.11045
39.401681,-39.401681
37.882857,-37.882857
82.224078,-82.224078
26.568427,-26.568427
6.8452047,-6.8452047
11.288715,-11.288715
70.302388,-70.302388
43.291642,-43.291642
60.901697,-60.901697
1.5702754,-1.5702754
200.26978,-200.26978
30.801172,-30.801172
3.6996791,-3.6996791
8.5310436,-8.5310436
148.67072,-148.67072
135.55957,-135.55957
43.233989,-43.233989
34.804377,-34.804377
25.19008,-25.19008
19.864483,-19.864483
6.1700521,-6.1700521
21.921939,-21.921939
103.9823,-103.9823
133.27577,-133.27577
58.448668,-58.448668
7.3284213,-7.3284213
126.21023,-126.21023
4.5233674,-4.5233674
9.6194004,-9.6194004
18.169487,-18.169487
60.852516,-60.852516
16.5817,-16.5817
67.335006,-67.335006
11.903481,-11.903481
139.0208,-139.0208
55.481692,-55.481692
48.400997,-48.400997
20.249999,-20.249999
146.472,-146.472
117.71568,-117.71568
25.579222,-25.579222
23.591098,-23.591098
88.923005,-88.923005
14.289741,-14.289741
20.726023,-20.726023
5.7667488,-5.7667488
108.44322,-108.44322
70.042797,-70.042797
24.964314,-24.964314
50.429145,-50.429145
60.883503,-60.883503
18.99094,-18.99094
2.4038584,-2.4038584
17.680695,-17.680695
70.263055,-70.263055
135.77233,-135.77233
31.796883,-31.796883
5.4393974,-5.4393974
149.92945,-149.92945
14.875327,-14.875327
6.5506077,-6.5506077
12.685354,-12.685354
75.857141,-75.857141
32.123363,-32.123363
115.6007,-115.6007
14.18368,-14.18368
99.670562,-99.670562
34.850813,-34.850813
44.799125,-44.799125
32.81851,-32.81851
209.01712,-209.01712
182.87567,-182.87567
29.52568,-29.52568
5.0980618,-5.0980618
64.956797,-64.956797
22.408909,-22.408909
1.2030515,-1.2030515
0.52149572,-0.52149572
31.589982,-31.589982
18.618703,-18.618703
79.968634,-79.968634
17.715386,-17.715386
129.60389,-129.60389
54.847967,-54.847967
12.72064,-12.72064
38.326305,-38.326305
122.8548,-122.8548
126.75046,-126.75046
21.664431,-21.664431
19.954313,-19.954313
104.29998,-104.29998
5.0634003,-5.0634003
41.937928,-41.937928
2.4147437,-2.4147437
158.2345,-158.2345
64.138265,-64.138265
54.580093,-54.580093
14.551463,-14.551463
51.228537,-51.228537
18.259255,-18.259255
32.53337,-32.53337
18.748396,-18.748396
91.301422,-91.301422
57.871392,-57.871392
107.52684,-107.52684
3.4371988,-3.4371988
145.91148,-145.91148
15.0215,-15.0215
7.2775807,-7.2775807
24.04929,-24.04929
35.569495,-35.569495
13.367355,-13.367355
82.384755,-82.384755
19.912687,-19.912687
148.83436,-148.83436
37.414999,-37.414999
10.611874,-10.611874
33.971263,-33.971263
124.80673,-124.80673
191.02439,-191.02439
19.568626,-19.568626
18.925377,-18.925377
87.15639,-87.15639
7.0452778,-7.0452778
26.683915,-26.683915
6.0679724,-6.0679724
137.74967,-137.74967
62.617457,-62.617457
67.069501,-67.069501
20.663688,-20.663688
48.808782,-48.808782
19.458348,-19.458348
13.703104,-13.703104
15.086168,-15.086168
103.46958,-103.46958
69.831062,-69.831062
88.270392,-88.270392
9.7397534,-9.7397534
148.26259,-148.26259
20.90104,-20.90104
13.392222,-13.392222
23.38361,-23.38361
103.04789,-103.04789
91.506725,-91.506725
26.757925,-26.757925
53.803019,-53.803019
47.32599,-47.32599
21.953254,-21.953254
3.6708591,-3.6708591
18.863431,-18.863431
67.928369,-67.928369
88.093538,-88.093538
34.23077,-34.23077
7.9557489,-7.9557489
168.78774,-168.78774
8.7206429,-8.7206429
14.126357,-14.126357
4.9347133,-4.9347133
92.919492,-92.919492
33.376778,-33.376778
99.695305,-99.695305
11.278352,-11.278352
103.21413,-103.21413
34.917712,-34.917712
81.237871,-81.237871
35.344274,-35.344274
192.16678,-192.16678
168.68341,-168.68341
38.806149,-38.806149
10.477914,-10.477914
62.238934,-62.238934
18.874462,-18.874462
6.0314097,-6.0314097
1.6699987,-1.6699987
147.12457,-147.12457
99.835563,-99.835563
40.012853,-40.012853
33.578709,-33.578709
34.722692,-34.722692
21.61398,-21.61398
1.1412133,-1.1412133
16.951104,-16.951104
98.775817,-98.775817
173.81404,-173.81404
45.98777,-45.98777
2.7199758,-2.7199758
108.9731,-108.9731
10.751766,-10.751766
6.2089252,-6.2089252
24.796905,-24.796905
47.290373,-47.290373
18.07134,-18.07134
79.50994,-79.50994
20.212051,-20.212051
143.72198,-143.72198
53.466154,-53.466154
30.180448,-30.180448
18.242927,-18.242927
159.69594,-159.69594
145.14199,-145.14199
21.588182,-21.588182
17.471851,-17.471851
96.892867,-96.892867
17.12658,-17.12658
6.0562099,-6.0562099
4.3554696,-4.3554696
59.782031,-59.782031
44.195222,-44.195222
118.90954,-118.90954
17.473547,-17.473547
89.565345,-89.565345
33.57645,-33.57645
34.842149,-34.842149
60.243375,-60.243375
172.66205,-172.66205
187.43327,-187.43327
34.101173,-34.101173
9.5422531,-9.5422531
70.903673,-70.903673
14.264044,-14.264044
20.625167,-20.625167
4.4930766,-4.4930766
116.06162,-116.06162
40.069644,-40.069644
33.683745,-33.683745
24.140823,-24.140823
76.95621,-76.95621
25.987233,-25.987233
16.749738,-16.749738
14.134918,-14.134918
64.103989,-64.103989
31.833533,-31.833533
75.48319,-75.48319
0.41300734,-0.41300734
186.5011,-186.5011
27.480706,-27.480706
4.1130071,-4.1130071
10.237703,-10.237703
77.391511,-77.391511
57.061536,-57.061536
37.955249,-37.955249
48.274057,-48.274057
67.881954,-67.881954
20.758238,-20.758238
2.6396971,-2.6396971
17.361945,-17.361945
59.454138,-59.454138
84.944309,-84.944309
37.172821,-37.172821
1.2195537,-1.2195537
187.87645,-187.87645
14.566721,-14.566721
7.5971725,-7.5971725
15.09919,-15.09919
68.427131,-68.427131
21.415856,-21.415856
133.69254,-133.69254
14.638435,-14.638435
133.13296,-133.13296
35.667854,-35.667854
58.404463,-58.404463
38.06046,-38.06046
165.1063,-165.1063
161.27981,-161.27981
45.716307,-45.716307
4.3919701,-4.3919701
76.355196,-76.355196
16.67367,-16.67367
0.7798372,-0.7798372
2.2229391,-2.2229391
46.423891,-46.423891
36.76342,-36.76342
63.494198,-63.494198
22.757342,-22.757342
127.95633,-127.95633
39.417874,-39.417874
20.0467,-20.0467
26.562954,-26.562954
126.2352,-126.2352
196.44902,-196.44902
19.323063,-19.323063
39.705315,-39.705315
87.739259,-87.739259
8.1979126,-8.1979126
39.588302,-39.588302
3.311441,-3.311441
159.33491,-159.33491
100.15993,-100.15993
51.548108,-51.548108
27.000492,-27.000492
36.417496,-36.417496
14.693727,-14.693727
26.579495,-26.579495
12.662105,-12.662105
109.98099,-109.98099
75.018581,-75.018581
80.323725,-80.323725
1.6847997,-1.6847997
139.59499,-139.59499
14.29973,-14.29973
7.5726665,-7.5726665
10.962133,-10.962133
62.487248,-62.487248
54.604586,-54.604586
108.77597,-108.77597
19.996478,-19.996478
87.592711,-87.592711
24.796114,-24.796114
18.603531,-18.603531
42.284966,-42.284966
192.73293,-192.73293
280.29033,-280.29033
17.199021,-17.199021
12.732717,-12.732717
59.073523,-59.073523
22.702621,-22.702621
9.4928497,-9.4928497
4.5777978,-4.5777978
117.67943,-117.67943
50.936669,-50.936669
26.737388,-26.737388
45.966915,-45.966915
77.295034,-77.295034
20.097001,-20.097001
7.8567659,-7.8567659
8.7300258,-8.7300258
74.458288,-74.458288
72.144022,-72.144022
50.281399,-50.281399
1.503001,-1.503001
168.70844,-168.70844
30.762016,-30.762016
1.6011798,-1.6011798
4.5788954,-4.5788954
131.52806,-131.52806
96.418258,-96.418258
51.10419,-51.10419
25.817273,-25.817273
42.589954,-42.589954
19.661828,-19.661828
5.8241179,-5.8241179
22.229242,-22.229242
72.83277,-72.83277
102.32727,-102.32727
81.472133,-81.472133
4.5734839,-4.5734839
140.34633,-140.34633
4.0093029,-4.0093029
12.15343,-12.15343
28.980624,-28.980624
42.371002,-42.371002
14.403582,-14.403582
97.899486,-97.899486
11.302558,-11.302558
156.67814,-156.67814
68.468274,-68.468274
49.361419,-49.361419
30.283425,-30.283425
130.22561,-130.22561
84.562279,-84.562279
30.774453,-30.774453
13.588159,-13.588159
121.96709,-121.96709
10.88757,-10.88757
10.354819,-10.354819
2.8130324,-2.8130324
87.295995,-87.295995
52.644751,-52.644751
33.70457,-33.70457
43.769462,-43.769462
77.591168,-77.591168
18.827111,-18.827111
0.98942301,-0.98942301
17.896186,-17.896186
54.377054,-54.377054
101.20805,-101.20805
45.549918,-45.549918
2.1048729,-2.1048729
178.77786,-178.77786
15.808266,-15.808266
6.8405372,-6.8405372
19.969527,-19.969527
59.709833,-59.709833
24.186911,-24.186911
142.09227,-142.09227
13.117194,-13.117194
119.67346,-119.67346
40.808148,-40.808148
47.134012,-47.134012
41.204082,-41.204082
176.66085,-176.66085
143.23046,-143.23046
39.520001,-39.520001
3.2204364,-3.2204364
82.470443,-82.470443
18.685662,-18.685662
1.1235034,-1.1235034
0.95803617,-0.95803617
38.81029,-38.81029
39.454062,-39.454062
68.916951,-68.916951
24.060741,-24.060741
116.07373,-116.07373
45.900703,-45.900703
13.348522,-13.348522
28.984771,-28.984771
134.29191,-134.29191
172.86352,-172.86352
17.200815,-17.200815
32.876075,-32.876075
94.410744,-94.410744
10.504701,-10.504701
37.545136,-37.545136
4.5296367,-4.5296367
173.92271,-173.92271
95.694163,-95.694163
46.143853,-46.143853
24.832582,-24.832582
43.884073,-43.884073
14.430555,-14.430555
33.965629,-33.965629
13.072234,-13.072234
102.89538,-102.89538
88.549513,-88.549513
90.053305,-90.053305
1.0575424,-1.0575424
129.4294,-129.4294
13.567389,-13.567389
6.0668284,-6.0668284
14.111508,-14.111508
68.701355,-68.701355
44.538166,-44.538166
98.097862,-98.097862
19.576866,-19.576866
94.486721,-94.486721
23.722567,-23.722567
20.280979,-20.280979
36.617127,-36.617127
177.5857,-177.5857
284.73369,-284.73369
17.382226,-17.382226
14.303205,-14.303205
51.48318,-51.48318
19.511692,-19.511692
14.376084,-14.376084
4.3047595,-4.3047595
110.50089,-110.50089
59.265823,-59.265823
31.479866,-31.479866
53.149529,-53.149529
71.194936,-71.194936
21.741453,-21.741453
8.7839179,-8.7839179
8.5941901,-8.5941901
82.490398,-82.490398
71.155192,-71.155192
47.730239,-47.730239
0.7951576,-0.7951576
181.27418,-181.27418
25.875621,-25.875621
3.4485051,-3.4485051
3.1438126,-3.1438126
122.54574,-122.54574
111.38871,-111.38871
58.339696,-58.339696
29.577758,-29.577758
37.950957,-37.950957
19.59596,-19.59596
5.5745148,-5.5745148
24.368706,-24.368706
82.436512,-82.436512
99.065047,-99.065047
77.573556,-77.573556
6.4787724,-6.4787724
153.28649,-153.28649
2.5432634,-2.5432634
11.776802,-11.776802
25.686628,-25.686628
46.402554,-46.402554
12.076226,-12.076226
87.764196,-87.764196
8.9684862,-8.9684862
165.80088,-165.80088
64.016435,-64.016435
49.207135,-49.207135
25.600641,-25.600641
119.89078,-119.89078
87.499197,-87.499197
33.24725,-33.24725
16.631329,-16.631329
111.7831,-111.7831
11.501019,-11.501019
15.421369,-15.421369
2.2666002,-2.2666002
29.291948,-29.291948
15.610685,-15.610685
89.539632,-89.539632
20.400554,-20.400554
135.94894,-135.94894
44.44398,-44.44398
6.1162421,-6.1162421
37.377889,-37.377889
133.14494,-133.14494
167.545,-167.545
16.665682,-16.665682
14.16972,-14.16972
93.538105,-93.538105
8.4840446,-8.4840446
25.314435,-25.314435
4.9464254,-4.9464254
151.33589,-151.33589
58.626536,-58.626536
60.657866,-60.657866
19.367206,-19.367206
57.231188,-57.231188
19.055496,-19.055496
19.387609,-19.387609
14.504341,-14.504341
95.513528,-95.513528
83.27711,-83.27711
98.784489,-98.784489
6.1053341,-6.1053341
138.62563,-138.62563
21.161873,-21.161873
11.710558,-11.710558
28.87607,-28.87607
114.53194,-114.53194
86.882887,-86.882887
24.341678,-24.341678
49.145006,-49.145006
55.301811,-55.301811
20.45742,-20.45742
4.1335507,-4.1335507
19.701136,-19.701136
62.204314,-62.204314
104.72032,-104.72032
41.37555,-41.37555
10.442102,-10.442102
159.67201,-159.67201
9.3670564,-9.3670564
14.168247,-14.168247
8.0261204,-8.0261204
82.849804,-82.849804
36.682409,-36.682409
106.8147,-106.8147
10.174846,-10.174846
91.370224,-91.370224
40.255712,-40.255712
67.956323,-67.956323
38.229485,-38.229485
203.64952,-203.64952
150.35182,-150.35182
33.840078,-33.840078
7.0176265,-7.0176265
68.227501,-68.227501
21.652609,-21.652609
6.1509662,-6.1509662
2.5662593,-2.5662593
137.32003,-137.32003
114.50254,-114.50254
45.869737,-45.869737
37.305892,-37.305892
31.059698,-31.059698
20.453653,-20.453653
1.3409492,-1.3409492
19.147982,-19.147982
109.4234,-109.4234
170.0702,-170.0702
43.934381,-43.934381
4.0452482,-4.0452482
120.66122,-120.66122
8.7853349,-8.7853349
6.3122185,-6.3122185
21.979557,-21.979557
52.35024,-52.35024
15.597341,-15.597341
70.538268,-70.538268
17.2287,-17.2287
152.35902,-152.35902
49.729236,-49.729236
29.805562,-29.805562
14.293245,-14.293245
148.69274,-148.69274
147.42112,-147.42112
22.111718,-22.111718
21.067215,-21.067215
87.534872,-87.534872
17.668943,-17.668943
10.179254,-10.179254
3.2168248,-3.2168248
65.631272,-65.631272
34.910519,-34.910519
107.46052,-107.46052
17.730239,-17.730239
96.97248,-96.97248
31.526446,-31.526446
36.825932,-36.825932
54.489557,-54.489557
158.17103,-158.17103
191.39793,-191.39793
36.210611,-36.210611
10.167401,-10.167401
62.764305,-62.764305
11.430593,-11.430593
26.660583,-26.660583
5.3139924,-5.3139924
109.13263,-109.13263
47.484269,-47.484269
38.850541,-38.850541
30.111577,-30.111577
70.465985,-70.465985
28.397829,-28.397829
17.413436,-17.413436
15.400285,-15.400285
71.64377,-71.64377
30.550198,-30.550198
70.545493,-70.545493
0.69931695,-0.69931695
199.248,-199.248
22.112986,-22.112986
3.9338014,-3.9338014
7.7295935,-7.7295935
52.055913,-52.055913
31.226002,-31.226002
124.10952,-124.10952
19.359541,-19.359541
100.15061,-100.15061
27.66476,-27.66476
19.116153,-19.116153
56.238466,-56.238466
175.46902,-175.46902
222.77217,-222.77217
25.809607,-25.809607
5.4997202,-5.4997202
66.280353,-66.280353
14.027877,-14.027877
12.788159,-12.788159
8.558238,-8.558238
103.79012,-103.79012
33.159505,-33.159505
33.552203,-33.552203
31.9975,-31.9975
88.439351,-88.439351
24.743825,-24.743825
6.4813174,-6.4813174
9.9551544,-9.9551544
63.523195,-63.523195
45.269905,-45.269905
65.211428,-65.211428
1.7566495,-1.7566495
186.77728,-186.77728
37.545327,-37.545327
2.2861562,-2.2861562
10.825644,-10.825644
158.0565,-158.0565
120.11722,-120.11722
37.80623,-37.80623
30.415637,-30.415637
29.094917,-29.094917
20.032612,-20.032612
5.6014665,-5.6014665
20.215785,-20.215785
93.501347,-93.501347
134.87696,-134.87696
60.568912,-60.568912
6.0647536,-6.0647536
114.26816,-114.26816
5.3706901,-5.3706901
10.897662,-10.897662
20.771447,-20.771447
55.370284,-55.370284
20.646729,-20.646729
76.181358,-76.181358
14.560481,-14.560481
131.47408,-131.47408
60.163346,-60.163346
47.406182,-47.406182
24.725584,-24.725584
158.57435,-158.57435
113.12159,-113.12159
23.869464,-23.869464
20.422626,-20.422626
97.499081,-97.499081
14.089801,-14.089801
13.987631,-13.987631
6.7659691,-6.7659691
97.843395,-97.843395
73.993036,-73.993036
28.176637,-28.176637
55.795841,-55.795841
51.780183,-51.780183
19.824583,-19.824583
4.2749841,-4.2749841
16.295258,-16.295258
75.908829,-75.908829
118.82031,-118.82031
25.818523,-25.818523
3.2865599,-3.2865599
158.72993,-158.72993
14.57864,-14.57864
7.2961533,-7.2961533
9.056792,-9.056792
86.092926,-86.092926
28.603966,-28.603966
107.65887,-107.65887
15.287092,-15.287092
111.33454,-111.33454
30.313325,-30.313325
57.099787,-57.099787
29.870996,-29.870996
196.497,-196.497
205.8022,-205.8022
34.664826,-34.664826
7.4841563,-7.4841563
59.98394,-59.98394
20.359553,-20.359553
1.403121,-1.403121
0.58336743,-0.58336743
38.315953,-38.315953
16.884412,-16.884412
74.12789,-74.12789
17.527385,-17.527385
142.56174,-142.56174
47.519388,-47.519388
18.51877,-18.51877
34.508743,-34.508743
115.64479,-115.64479
144.87239,-144.87239
24.609604,-24.609604
25.796456,-25.796456
96.893576,-96.893576
3.5042836,-3.5042836
43.241074,-43.241074
2.6157095,-2.6157095
143.86312,-143.86312
68.842393,-68.842393
60.774925,-60.774925
15.34679,-15.34679
43.616743,-43.616743
19.583143,-19.583143
24.180284,-24.180284
19.829619,-19.829619
98.499672,-98.499672
46.206137,-46.206137
96.372969,-96.372969
5.710104,-5.710104
156.17126,-156.17126
14.77026,-14.77026
9.1145598,-9.1145598
19.247261,-19.247261
128.38715,-128.38715
81.693388,-81.693388
56.777774,-56.777774
27.212059,-27.212059
43.951102,-43.951102
20.125809,-20.125809
1.2987599,-1.2987599
21.024442,-21.024442
83.965034,-83.965034
132.95081,-132.95081
68.159593,-68.159593
3.1857727,-3.1857727
126.04875,-126.04875
8.0698119,-8.0698119
9.3954189,-9.3954189
37.739885,-37.739885
38.24557,-38.24557
15.04887,-15.04887
107.47123,-107.47123
15.185669,-15.185669
161.93217,-161.93217
57.664896,-57.664896
30.630775,-30.630775
26.896535,-26.896535
136.84833,-136.84833
109.65907,-109.65907
28.570076,-28.570076
10.318401,-10.318401
114.23874,-114.23874
14.51212,-14.51212
3.2174613,-3.2174613
1.5803806,-1.5803806
67.033019,-67.033019
68.264706,-68.264706
100.42763,-100.42763
18.987083,-18.987083
81.060098,-81.060098
28.975852,-28.975852
31.623085,-31.623085
44.613277,-44.613277
181.78736,-181.78736
232.57666,-232.57666
24.967225,-24.967225
18.215054,-18.215054
66.181935,-66.181935
22.41078,-22.41078
20.129606,-20.129606
1.6866279,-1.6866279
125.47056,-125.47056
58.559758,-58.559758
26.260394,-26.260394
40.708852,-40.708852
70.000184,-70.000184
20.251456,-20.251456
16.478379,-16.478379
13.09867,-13.09867
69.249822,-69.249822
50.929938,-50.929938
60.213084,-60.213084
2.2096416,-2.2096416
173.93473,-173.93473
22.741681,-22.741681
2.4023301,-2.4023301
4.1795461,-4.1795461
41.969417,-41.969417
24.858921,-24.858921
67.485843,-67.485843
23.92083,-23.92083
137.214,-137.214
33.547479,-33.547479
7.9848518,-7.9848518
23.871414,-23.871414
134.65307,-134.65307
231.39823,-231.39823
14.452438,-14.452438
32.939927,-32.939927
80.785724,-80.785724
9.9995111,-9.9995111
26.837328,-26.837328
5.806428,-5.806428
149.01273,-149.01273
84.923078,-84.923078
53.527789,-53.527789
32.466039,-32.466039
43.493119,-43.493119
17.243255,-17.243255
12.214295,-12.214295
8.1494546,-8.1494546
114.00328,-114.00328
94.766202,-94.766202
68.103659,-68.103659
2.9561198,-2.9561198
137.46158,-137.46158
18.916295,-18.916295
11.211751,-11.211751
12.001102,-12.001102
87.253177,-87.253177
72.662247,-72.662247
38.124485,-38.124485
43.2526,-43.2526
59.490368,-59.490368
22.994631,-22.994631
1.4725464,-1.4725464
19.605581,-19.605581
55.199462,-55.199462
62.696915,-62.696915
52.312192,-52.312192
3.620881,-3.620881
193.19254,-193.19254
7.2633208,-7.2633208
13.532484,-13.532484
11.49969,-11.49969
79.287214,-79.287214
25.482377,-25.482377
131.38151,-131.38151
10.834837,-10.834837
119.40253,-119.40253
37.975968,-37.975968
85.762145,-85.762145
45.603758,-45.603758
166.24674,-166.24674
135.70127,-135.70127
55.346878,-55.346878
4.5079432,-4.5079432
77.222625,-77.222625
15.188274,-15.188274
4.5218178,-4.5218178
1.6637882,-1.6637882
39.592524,-39.592524
23.063794,-23.063794
73.103212,-73.103212
24.971401,-24.971401
119.43864,-119.43864
35.83428,-35.83428
2.2266855,-2.2266855
29.305715,-29.305715
151.54638,-151.54638
190.0243,-190.0243
16.283812,-16.283812
23.638836,-23.638836
82.530323,-82.530323
9.374358,-9.374358
31.234792,-31.234792
8.2140883,-8.2140883
169.95564,-169.95564
67.865035,-67.865035
44.756734,-44.756734
25.103628,-25.103628
43.718414,-43.718414
18.419211,-18.419211
8.21789,-8.21789
10.068844,-10.068844
109.12076,-109.12076
86.775861,-86.775861
76.770007,-76.770007
3.6782834,-3.6782834
121.30095,-121.30095
18.350793,-18.350793
5.1044376,-5.1044376
17.998812,-17.998812
96.031077,-96.031077
68.079629,-68.079629
30.623497,-30.623497
38.497821,-38.497821
66.458729,-66.458729
23.572775,-23.572775
3.0735689,-3.0735689
18.620767,-18.620767
47.990038,-47.990038
76.4257,-76.4257
48.106185,-48.106185
5.9102359,-5.9102359
180.27693,-180.27693
14.411291,-14.411291
12.133613,-12.133613
13.973877,-13.973877
71.20189,-71.20189
29.537691,-29.537691
130.70802,-130.70802
12.264377,-12.264377
109.17354,-109.17354
48.838683,-48.838683
85.85797,-85.85797
50.533986,-50.533986
181.44954,-181.44954
131.21296,-131.21296
43.429945,-43.429945
3.1275925,-3.1275925
81.498996,-81.498996
16.867921,-16.867921
2.0999632,-2.0999632
1.5508068,-1.5508068
117.04977,-117.04977
93.668092,-93.668092
58.106024,-58.106024
29.802116,-29.802116
38.855259,-38.855259
19.421305,-19.421305
1.3236161,-1.3236161
21.858147,-21.858147
90.945141,-90.945141
132.72961,-132.72961
50.620306,-50.620306
5.8171346,-5.8171346
138.37791,-138.37791
10.539631,-10.539631
9.6063298,-9.6063298
31.197431,-31.197431
42.902982,-42.902982
11.842838,-11.842838
89.940361,-89.940361
16.034041,-16.034041
174.77794,-174.77794
58.86876,-58.86876
41.99925,-41.99925
21.390353,-21.390353
129.88114,-129.88114
128.30649,-128.30649
27.265225,-27.265225
13.222727,-13.222727
104.28052,-104.28052
17.032085,-17.032085
3.5863989,-3.5863989
0.62825598,-0.62825598
81.72534,-81.72534
48.029781,-48.029781
90.376824,-90.376824
17.333288,-17.333288
83.20158,-83.20158
26.164304,-26.164304
25.436012,-25.436012
42.697991,-42.697991
178.83373,-178.83373
216.18391,-216.18391
29.557854,-29.557854
17.04546,-17.04546
54.394903,-54.394903
16.306008,-16.306008
31.86038,-31.86038
3.746416,-3.746416
124.80684,-124.80684
55.814009,-55.814009
27.410788,-27.410788
40.418949,-40.418949
55.480058,-55.480058
24.188068,-24.188068
9.2606394,-9.2606394
14.058428,-14.058428
82.142732,-82.142732
33.608489,-33.608489
53.891823,-53.891823
0.6432864,-0.6432864
178.81172,-178.81172
17.954618,-17.954618
4.1859458,-4.1859458
3.0816402,-3.0816402
107.01639,-107.01639
64.013383,-64.013383
26.94645,-26.94645
50.995205,-50.995205
58.090976,-58.090976
18.537777,-18.537777
3.1791347,-3.1791347
18.514148,-18.514148
69.386658,-69.386658
117.45323,-117.45323
37.067209,-37.067209
3.1950514,-3.1950514
146.91898,-146.91898
12.166275,-12.166275
11.377681,-11.377681
13.321399,-13.321399
79.199626,-79.199626
33.438448,-33.438448
126.08911,-126.08911
13.257054,-13.257054
99.681932,-99.681932
29.858392,-29.858392
43.824592,-43.824592
35.810774,-35.810774
206.19281,-206.19281
181.38229,-181.38229
35.649907,-35.649907
5.5865038,-5.5865038
65.983371,-65.983371
23.703775,-23.703775
1.6892965,-1.6892965
0.6551941,-0.6551941
28.190264,-28.190264
28.619803,-28.619803
83.687009,-83.687009
20.716201,-20.716201
141.37587,-141.37587
53.599,-53.599
24.004249,-24.004249
36.306883,-36.306883
116.48229,-116.48229
159.41533,-159.41533
21.488978,-21.488978
26.447015,-26.447015
113.53631,-113.53631
6.3855231,-6.3855231
28.171555,-28.171555
2.2180674,-2.2180674
146.02587,-146.02587
72.0315,-72.0315
56.744982,-56.744982
16.83601,-16.83601
56.255648,-56.255648
16.366739,-16.366739
39.275823,-39.275823
14.852056,-14.852056
84.998085,-84.998085
67.190405,-67.190405
104.95179,-104.95179
2.6649701,-2.6649701
150.81449,-150.81449
18.482203,-18.482203
9.14472,-9.14472
20.667433,-20.667433
54.250644,-54.250644
32.911811,-32.911811
116.33044,-116.33044
20.132484,-20.132484
117.80468,-117.80468
26.592493,-26.592493
32.927901,-32.927901
47.497707,-47.497707
156.17717,-156.17717
268.39223,-268.39223
26.198056,-26.198056
10.306716,-10.306716
65.495106,-65.495106
13.767525,-13.767525
9.26274,-9.26274
7.2078206,-7.2078206
88.427973,-88.427973
43.071746,-43.071746
40.726135,-40.726135
40.991742,-40.991742
86.739104,-86.739104
26.925467,-26.925467
9.5165333,-9.5165333
7.7380111,-7.7380111
67.410085,-67.410085
52.391868,-52.391868
57.437418,-57.437418
0.99553936,-0.99553936
205.55853,-205.55853
35.358429,-35.358429
5.3558168,-5.3558168
6.2816215,-6.2816215
145.33699,-145.33699
126.45297,-126.45297
47.87106,-47.87106
33.574496,-33.574496
25.184622,-25.184622
20.6946,-20.6946
2.5186286,-2.5186286
21.547359,-21.547359
102.28796,-102.28796
115.39332,-115.39332
65.373398,-65.373398
4.5092332,-4.5092332
124.98159,-124.98159
4.0408189,-4.0408189
12.937943,-12.937943
17.521682,-17.521682
63.124931,-63.124931
18.208801,-18.208801
75.549123,-75.549123
10.942941,-10.942941
141.36481,-141.36481
46.840194,-46.840194
46.732234,-46.732234
22.823868,-22.823868
145.46491,-145.46491
116.64411,-116.64411
28.945777,-28.945777
24.637708,-24.637708
91.757573,-91.757573
12.28252,-12.28252
20.782379,-20.782379
3.9999421,-3.9999421
146.63906,-146.63906
98.92974,-98.92974
43.149978,-43.149978
35.185213,-35.185213
36.519516,-36.519516
22.707015,-22.707015
0.70368743,-0.70368743
18.870062,-18.870062
99.277561,-99.277561
166.14704,-166.14704
57.593663,-57.593663
2.0534916,-2.0534916
111.86273,-111.86273
6.6866045,-6.6866045
7.1313343,-7.1313343
26.800131,-26.800131
44.960446,-44.960446
18.532431,-18.532431
83.640168,-83.640168
17.609742,-17.609742
142.64655,-142.64655
50.009077,-50.009077
19.887367,-19.887367
18.068912,-18.068912
153.79796,-153.79796
124.02786,-124.02786
22.631647,-22.631647
18.148806,-18.148806
98.209049,-98.209049
16.620635,-16.620635
10.399593,-10.399593
5.1392908,-5.1392908
51.273024,-51.273024
49.641351,-49.641351
115.18362,-115.18362
17.969361,-17.969361
97.225068,-97.225068
36.201135,-36.201135
41.874561,-41.874561
55.324387,-55.324387
157.58895,-157.58895
204.74385,-204.74385
29.72173,-29.72173
11.99304,-11.99304
77.528,-77.528
15.896544,-15.896544
17.29891,-17.29891
1.672035,-1.672035
107.46255,-107.46255
48.180681,-48.180681
35.539726,-35.539726
31.953589,-31.953589
89.083141,-89.083141
25.034346,-25.034346
28.3971,-28.3971
13.020662,-13.020662
58.53499,-58.53499
46.655105,-46.655105
76.939008,-76.939008
1.1665121,-1.1665121
196.68441,-196.68441
28.207666,-28.207666
2.9996292,-2.9996292
8.2957936,-8.2957936
30.551726,-30.551726
15.338774,-15.338774
80.669681,-80.669681
20.638669,-20.638669
158.12083,-158.12083
42.667876,-42.667876
13.403129,-13.403129
29.564057,-29.564057
114.53048,-114.53048
204.48473,-204.48473
15.104375,-15.104375
22.535486,-22.535486
93.510311,-93.510311
9.9109063,-9.9109063
21.83942,-21.83942
3.1156254,-3.1156254
129.13568,-129.13568
72.172271,-72.172271
68.578016,-68.578016
26.019845,-26.019845
58.640862,-58.640862
18.948843,-18.948843
23.800466,-23.800466
12.79619,-12.79619
98.247785,-98.247785
90.322812,-90.322812
87.501485,-87.501485
5.6155367,-5.6155367
158.16212,-158.16212
21.506568,-21.506568
20.649747,-20.649747
19.885883,-19.885883
102.35895,-102.35895
90.015733,-90.015733
28.873031,-28.873031
56.755236,-56.755236
50.284652,-50.284652
20.220242,-20.220242
3.1326604,-3.1326604
19.941625,-19.941625
68.495994,-68.495994
85.46901,-85.46901
43.370032,-43.370032
7.5712659,-7.5712659
175.08944,-175.08944
4.5810993,-4.5810993
15.808367,-15.808367
6.3033107,-6.3033107
89.020043,-89.020043
31.137473,-31.137473
105.16287,-105.16287
7.8748597,-7.8748597
102.68025,-102.68025
32.012466,-32.012466
66.616002,-66.616002
33.417748,-33.417748
184.64166,-184.64166
151.54079,-151.54079
42.045288,-42.045288
10.155344,-10.155344
65.579449,-65.579449
19.701826,-19.701826
11.280196,-11.280196
1.1303729,-1.1303729
68.318995,-68.318995
43.500467,-43.500467
107.16791,-107.16791
19.21384,-19.21384
77.0541,-77.0541
24.227552,-24.227552
10.523193,-10.523193
46.037724,-46.037724
201.67921,-201.67921
242.73301,-242.73301
18.795412,-18.795412
7.7799956,-7.7799956
50.121988,-50.121988
21.454069,-21.454069
17.473425,-17.473425
5.9667629,-5.9667629
130.42661,-130.42661
47.071315,-47.071315
26.166294,-26.166294
42.051617,-42.051617
70.812003,-70.812003
20.500374,-20.500374
6.1014308,-6.1014308
11.106189,-11.106189
79.558449,-79.558449
65.363911,-65.363911
56.102085,-56.102085
1.4630212,-1.4630212
161.37464,-161.37464
25.88263,-25.88263
1.1288481,-1.1288481
7.2700472,-7.2700472
136.60473,-136.60473
109.1504,-109.1504
47.833916,-47.833916
26.110434,-26.110434
41.497075,-41.497075
19.455902,-19.455902
11.088545,-11.088545
23.11933,-23.11933
76.616077,-76.616077
118.85814,-118.85814
73.729642,-73.729642
7.8924327,-7.8924327
138.32286,-138.32286
5.4497874,-5.4497874
9.1815461,-9.1815461
31.057382,-31.057382
40.795934,-40.795934
13.721801,-13.721801
90.442843,-90.442843
11.606912,-11.606912
151.61894,-151.61894
78.831163,-78.831163
51.868956,-51.868956
28.924214,-28.924214
133.59689,-133.59689
85.557319,-85.557319
27.1924,-27.1924
12.310861,-12.310861
116.02324,-116.02324
13.720343,-13.720343
9.2230202,-9.2230202
4.1512834,-4.1512834
80.911122,-80.911122
64.445453,-64.445453
36.035934,-36.035934
46.234955,-46.234955
68.214907,-68.214907
21.970953,-21.970953
1.6670706,-1.6670706
16.609488,-16.609488
61.538253,-61.538253
104.01188,-104.01188
33.087286,-33.087286
3.0373291,-3.0373291
188.47863,-188.47863
17.697751,-17.697751
4.7434243,-4.7434243
15.766067,-15.766067
67.281961,-67.281961
20.8744,-20.8744
125.12056,-125.12056
16.142948,-16.142948
129.38347,-129.38347
40.312659,-40.312659
63.250854,-63.250854
35.664797,-35.664797
169.87745,-169.87745
166.69502,-166.69502
38.622907,-38.622907
3.4991228,-3.4991228
73.681684,-73.681684
17.994388,-17.994388
0.55577258,-0.55577258
1.9885975,-1.9885975
52.283045,-52.283045
26.19122,-26.19122
61.976576,-61.976576
19.284989,-19.284989
115.09724,-115.09724
40.010742,-40.010742
9.6967927,-9.6967927
28.935087,-28.935087
135.80619,-135.80619
162.06514,-162.06514
19.865649,-19.865649
31.09763,-31.09763
77.179889,-77.179889
6.9025283,-6.9025283
53.01184,-53.01184
2.9086442,-2.9086442
174.64817,-174.64817
92.91393,-92.91393
50.951893,-50.951893
22.989923,-22.989923
31.565151,-31.565151
16.602487,-16.602487
20.955741,-20.955741
17.21492,-17.21492
119.88272,-119.88272
66.474004,-66.474004
84.255656,-84.255656
2.5994175,-2.5994175
132.37972,-132.37972
10.53269,-10.53269
6.4084749,-6.4084749
13.76924,-13.76924
145.40554,-145.40554
110.11759,-110.11759
48.727973,-48.727973
36.147502,-36.147502
26.57464,-26.57464
20.848191,-20.848191
0.57874246,-0.57874246
20.596934,-20.596934
114.68276,-114.68276
149.63635,-149.63635
49.839744,-49.839744
2.8613947,-2.8613947
114.92543,-114.92543
6.0872434,-6.0872434
7.2937863,-7.2937863
26.706229,-26.706229
57.823212,-57.823212
16.21766,-16.21766
75.431175,-75.431175
14.975059,-14.975059
143.27127,-143.27127
46.135507,-46.135507
21.62323,-21.62323
16.931824,-16.931824
151.78131,-151.78131
130.09157,-130.09157
23.893921,-23.893921
18.607564,-18.607564
84.084045,-84.084045
15.764178,-15.764178
12.563531,-12.563531
2.0938648,-2.0938648
61.883748,-61.883748
40.933019,-40.933019
101.50153,-101.50153
19.1766,-19.1766
101.6892,-101.6892
35.58703,-35.58703
41.512088,-41.512088
51.801304,-51.801304
149.84126,-149.84126
204.06197,-204.06197
29.713635,-29.713635
12.694181,-12.694181
68.132087,-68.132087
11.30367,-11.30367
20.651969,-20.651969
3.6275353,-3.6275353
103.38562,-103.38562
51.268127,-51.268127
37.154283,-37.154283
35.117738,-35.117738
75.888235,-75.888235
31.182579,-31.182579
21.118266,-21.118266
12.665531,-12.665531
67.239545,-67.239545
34.598089,-34.598089
64.422594,-64.422594
0.83689665,-0.83689665
203.63452,-203.63452
26.065395,-26.065395
3.3630445,-3.3630445
7.0275828,-7.0275828
27.38612,-27.38612
17.584214,-17.584214
84.948996,-84.948996
21.539215,-21.539215
142.01569,-142.01569
51.292575,-51.292575
7.8414289,-7.8414289
33.843465,-33.843465
126.23001,-126.23001
179.97159,-179.97159
13.270702,-13.270702
16.829693,-16.829693
100.6699,-100.6699
9.6091007,-9.6091007
18.747721,-18.747721
3.7148887,-3.7148887
144.77935,-144.77935
62.156561,-62.156561
57.716937,-57.716937
22.879352,-22.879352
62.259134,-62.259134
18.432536,-18.432536
23.553353,-23.553353
10.977121,-10.977121
92.494843,-92.494843
90.724689,-90.724689
89.127784,-89.127784
4.5743919,-4.5743919
144.29074,-144.29074
24.361224,-24.361224
15.604421,-15.604421
26.21679,-26.21679
122.40302,-122.40302
82.200749,-82.200749
25.135231,-25.135231
46.726196,-46.726196
50.238499,-50.238499
19.869998,-19.869998
2.4872554,-2.4872554
19.922341,-19.922341
67.074999,-67.074999
89.105784,-89.105784
46.084829,-46.084829
7.1033478,-7.1033478
153.99433,-153.99433
5.6834735,-5.6834735
17.225962,-17.225962
11.199545,-11.199545
89.652245,-89.652245
35.560004,-35.560004
113.4704,-113.4704
8.4165731,-8.4165731
84.070994,-84.070994
37.428962,-37.428962
55.575538,-55.575538
41.650473,-41.650473
208.56234,-208.56234
134.64122,-134.64122
36.398754,-36.398754
5.0769276,-5.0769276
66.177579,-66.177579
21.782066,-21.782066
8.4388021,-8.4388021
0.9245094,-0.9245094
68.992686,-68.992686
37.207891,-37.207891
98.109255,-98.109255
18.965894,-18.965894
93.726619,-93.726619
21.574862,-21.574862
15.099337,-15.099337
37.996755,-37.996755
179.82251,-179.82251
264.19999,-264.19999
21.950749,-21.950749
13.456839,-13.456839
48.164881,-48.164881
18.492704,-18.492704
21.773297,-21.773297
5.5517392,-5.5517392
111.00478,-111.00478
52.293601,-52.293601
30.938128,-30.938128
50.915262,-50.915262
70.291094,-70.291094
21.735319,-21.735319
6.2642036,-6.2642036
11.459608,-11.459608
81.108876,-81.108876
61.094282,-61.094282
51.901366,-51.901366
1.2121984,-1.2121984
181.60072,-181.60072
23.780145,-23.780145
1.8579427,-1.8579427
3.3954152,-3.3954152
120.18011,-120.18011
123.29858,-123.29858
56.774398,-56.774398
29.985237,-29.985237
38.84303,-38.84303
19.555558,-19.555558
11.59319,-11.59319
24.433044,-24.433044
81.905175,-81.905175
119.85541,-119.85541
73.492741,-73.492741
8.9456162,-8.9456162
153.03078,-153.03078
4.7641695,-4.7641695
11.191732,-11.191732
23.500006,-23.500006
43.354772,-43.354772
12.700701,-12.700701
87.044712,-87.044712
10.531343,-10.531343
169.72413,-169.72413
65.652741,-65.652741
65.480856,-65.480856
24.494522,-24.494522
120.25745,-120.25745
103.68318,-103.68318
32.697278,-32.697278
17.823912,-17.823912
110.62191,-110.62191
14.296891,-14.296891
11.168103,-11.168103
3.8739504,-3.8739504
85.910788,-85.910788
59.57896,-59.57896
34.015264,-34.015264
43.05681,-43.05681
79.791487,-79.791487
19.7059,-19.7059
1.3706762,-1.3706762
16.734131,-16.734131
53.978956,-53.978956
122.776,-122.776
41.668232,-41.668232
4.0410041,-4.0410041
179.07182,-179.07182
19.944367,-19.944367
5.141412,-5.141412
17.294467,-17.294467
56.959547,-56.959547
25.839855,-25.839855
140.57415,-140.57415
14.69393,-14.69393
123.36543,-123.36543
41.752254,-41.752254
62.984937,-62.984937
40.159143,-40.159143
178.48555,-178.48555
165.52999,-165.52999
37.760389,-37.760389
2.5229598,-2.5229598
82.637725,-82.637725
19.720088,-19.720088
0.79322523,-0.79322523
0.84982584,-0.84982584
39.332419,-39.332419
30.914016,-30.914016
69.248955,-69.248955
22.596587,-22.596587
115.57884,-115.57884
42.629392,-42.629392
8.7371265,-8.7371265
29.198052,-29.198052
137.35891,-137.35891
157.13717,-157.13717
19.527296,-19.527296
31.678682,-31.678682
91.771555,-91.771555
9.5029749,-9.5029749
47.965385,-47.965385
5.2990219,-5.2990219
174.35422,-174.35422
84.234452,-84.234452
45.628342,-45.628342
21.959531,-21.959531
43.038917,-43.038917
16.433521,-16.433521
26.827757,-26.827757
15.664116,-15.664116
102.92111,-102.92111
78.319743,-78.319743
94.672423,-94.672423
0.7418199,-0.7418199
131.32898,-131.32898
11.666572,-11.666572
5.0950199,-5.0950199
13.817518,-13.817518
44.833395,-44.833395
21.509351,-21.509351
71.071029,-71.071029
22.862566,-22.862566
131.51215,-131.51215
28.606975,-28.606975
5.9075296,-5.9075296
26.582266,-26.582266
141.09228,-141.09228
218.70322,-218.70322
17.783782,-17.783782
29.199537,-29.199537
74.070949,-74.070949
9.3103234,-9.3103234
33.961299,-33.961299
6.8034007,-6.8034007
155.87346,-155.87346
80.06016,-80.06016
56.116302,-56.116302
28.21333,-28.21333
39.28532,-39.28532
18.690891,-18.690891
8.9957505,-8.9957505
11.498605,-11.498605
117.62406,-117.62406
88.329624,-88.329624
76.979916,-76.979916
4.5556517,-4.5556517
131.15786,-131.15786
16.736494,-16.736494
8.7308371,-8.7308371
13.634778,-13.634778
80.539603,-80.539603
77.156492,-77.156492
35.59622,-35.59622
45.771452,-45.771452
64.696902,-64.696902
24.452494,-24.452494
3.3186309,-3.3186309
18.956882,-18.956882
50.862408,-50.862408
75.052628,-75.052628
46.62999,-46.62999
6.2655075,-6.2655075
200.05912,-200.05912
11.552894,-11.552894
11.471389,-11.471389
8.5570909,-8.5570909
72.529634,-72.529634
26.370571,-26.370571
124.20217,-124.20217
12.012717,-12.012717
127.53145,-127.53145
40.691888,-40.691888
101.69148,-101.69148
42.073831,-42.073831
162.22185,-162.22185
150.96359,-150.96359
51.407212,-51.407212
6.6249816,-6.6249816
79.272334,-79.272334
16.140624,-16.140624
3.0069832,-3.0069832
1.8984666,-1.8984666
120.77865,-120.77865
85.417456,-85.417456
53.366659,-53.366659
28.361295,-28.361295
49.115865,-49.115865
19.908118,-19.908118
3.262936,-3.262936
19.286666,-19.286666
79.429259,-79.429259
150.9349,-150.9349
60.438822,-60.438822
3.8437891,-3.8437891
132.49549,-132.49549
12.226628,-12.226628
8.5447352,-8.5447352
32.701572,-32.701572
33.252539,-33.252539
14.390554,-14.390554
101.13689,-101.13689
17.143575,-17.143575
171.01424,-171.01424
61.961947,-61.961947
40.727246,-40.727246
23.600418,-23.600418
134.31122,-134.31122
125.09112,-125.09112
26.16219,-26.16219
12.117714,-12.117714
118.0695,-118.0695
16.847171,-16.847171
2.1508532,-2.1508532
1.9726278,-1.9726278
71.288271,-71.288271
59.314896,-59.314896
105.88303,-105.88303
17.180653,-17.180653
77.064208,-77.064208
25.817223,-25.817223
26.890069,-26.890069
46.624296,-46.624296
190.16619,-190.16619
220.27002,-220.27002
30.15615,-30.15615
15.115766,-15.115766
60.897937,-60.897937
23.675312,-23.675312
25.888487,-25.888487
2.6996999,-2.6996999
131.93208,-131.93208
54.429665,-54.429665
27.173464,-27.173464
35.464674,-35.464674
65.0215,-65.0215
19.62944,-19.62944
12.962648,-12.962648
15.408912,-15.408912
73.851064,-73.851064
46.958901,-46.958901
66.52739,-66.52739
1.5167855,-1.5167855
169.0955,-169.0955
18.991381,-18.991381
4.8061113,-4.8061113
4.3361684,-4.3361684
99.138699,-99.138699
66.803423,-66.803423
27.600245,-27.600245
56.396689,-56.396689
50.007885,-50.007885
19.029261,-19.029261
7.4814844,-7.4814844
17.511293,-17.511293
76.390124,-76.390124
96.663231,-96.663231
28.664225,-28.664225
1.7561339,-1.7561339
158.56269,-158.56269
11.029747,-11.029747
10.192079,-10.192079
11.695127,-11.695127
89.06059,-89.06059
26.646045,-26.646045
108.88457,-108.88457
13.702454,-13.702454
107.42738,-107.42738
29.689386,-29.689386
42.533215,-42.533215
30.817523,-30.817523
194.14959,-194.14959
179.54751,-179.54751
35.742535,-35.742535
7.6207743,-7.6207743
59.896005,-59.896005
19.318953,-19.318953
3.1610345,-3.1610345
1.072558,-1.072558
37.796489,-37.796489
23.124015,-23.124015
73.817606,-73.817606
19.123373,-19.123373
143.53006,-143.53006
51.668512,-51.668512
24.544226,-24.544226
34.985314,-34.985314
112.56687,-112.56687
161.28012,-161.28012
21.767945,-21.767945
26.87503,-26.87503
99.10655,-99.10655
4.5442113,-4.5442113
32.790118,-32.790118
1.6049442,-1.6049442
143.55409,-143.55409
78.088868,-78.088868
60.960683,-60.960683
18.383638,-18.383638
44.511593,-44.511593
18.906648,-18.906648
30.601055,-30.601055
17.325374,-17.325374
97.96138,-97.96138
54.50978,-54.50978
91.657179,-91.657179
5.6399451,-5.6399451
154.56413,-154.56413
16.599439,-16.599439
11.011085,-11.011085
19.514519,-19.514519
51.9161,-51.9161
37.773349,-37.773349
123.86529,-123.86529
19.891865,-19.891865
101.2809,-101.2809
31.218488,-31.218488
24.660966,-24.660966
55.693223,-55.693223
173.43235,-173.43235
243.2414,-243.2414
21.359564,-21.359564
6.3557381,-6.3557381
69.366678,-69.366678
15.10053,-15.10053
7.2177851,-7.2177851
7.1138042,-7.1138042
103.52314,-103.52314
37.165821,-37.165821
34.05374,-34.05374
34.677765,-34.677765
89.490011,-89.490011
25.222843,-25.222843
9.5988972,-9.5988972
7.2304943,-7.2304943
64.183352,-64.183352
54.569139,-54.569139
60.239999,-60.239999
1.0432463,-1.0432463
186.81846,-186.81846
39.695543,-39.695543
3.4265439,-3.4265439
10.541226,-10.541226
160.41494,-160.41494
109.3495,-109.3495
38.638061,-38.638061
29.699431,-29.699431
28.64175,-28.64175
20.544604,-20.544604
2.0313703,-2.0313703
20.501799,-20.501799
94.292832,-94.292832
112.09893,-112.09893
64.038607,-64.038607
3.790055,-3.790055
114.31014,-114.31014
3.1348424,-3.1348424
13.404253,-13.404253
22.954192,-22.954192
58.338054,-58.338054
18.751675,-18.751675
76.694763,-76.694763
12.965994,-12.965994
127.48304,-127.48304
58.497504,-58.497504
34.383052,-34.383052
25.571031,-25.571031
157.72448,-157.72448
95.131165,-95.131165
23.680263,-23.680263
19.083913,-19.083913
98.790208,-98.790208
12.000431,-12.000431
19.038363,-19.038363
5.2230923,-5.2230923
59.061643,-59.061643
31.334176,-31.334176
123.3468,-123.3468
20.053824,-20.053824
109.44619,-109.44619
23.721626,-23.721626
25.705178,-25.705178
49.897803,-49.897803
162.11286,-162.11286
242.95862,-242.95862
30.486424,-30.486424
7.2116919,-7.2116919
60.854443,-60.854443
13.413236,-13.413236
12.057665,-12.057665
10.68022,-10.68022
95.143013,-95.143013
42.116758,-42.116758
43.820573,-43.820573
37.379898,-37.379898
79.356417,-79.356417
25.488619,-25.488619
5.4461389,-5.4461389
9.4179356,-9.4179356
69.522581,-69.522581
41.872612,-41.872612
62.702019,-62.702019
2.6872335,-2.6872335
200.65162,-200.65162
29.38113,-29.38113
4.7442995,-4.7442995
8.2217865,-8.2217865
139.71276,-139.71276
138.57001,-138.57001
44.900637,-44.900637
37.208263,-37.208263
27.238008,-27.238008
19.446022,-19.446022
4.0664706,-4.0664706
20.3163,-20.3163
95.076104,-95.076104
125.07111,-125.07111
55.594269,-55.594269
5.6618922,-5.6618922
131.80195,-131.80195
5.0066266,-5.0066266
10.084338,-10.084338
14.79699,-14.79699
58.519096,-58.519096
19.044491,-19.044491
72.297077,-72.297077
14.638036,-14.638036
148.54024,-148.54024
52.487438,-52.487438
52.993593,-52.993593
19.445048,-19.445048
139.9391,-139.9391
124.14523,-124.14523
26.957072,-26.957072
27.343352,-27.343352
94.883996,-94.883996
13.161349,-13.161349
14.679056,-14.679056
5.6067436,-5.6067436
102.5557,-102.5557
70.543998,-70.543998
25.929128,-25.929128
53.582516,-53.582516
62.094063,-62.094063
19.449232,-19.449232
2.5808473,-2.5808473
16.929576,-16.929576
63.809513,-63.809513
127.88394,-127.88394
29.064832,-29.064832
4.7657243,-4.7657243
155.11783,-155.11783
15.179504,-15.179504
7.205807,-7.205807
10.633489,-10.633489
74.207551,-74.207551
34.876829,-34.876829
121.21147,-121.21147
15.975128,-15.975128
105.91214,-105.91214
33.200757,-33.200757
49.883087,-49.883087
31.081362,-31.081362
201.93229,-201.93229
191.82624,-191.82624
31.479401,-31.479401
6.2664628,-6.2664628
70.284228,-70.284228
23.027842,-23.027842
0.46517134,-0.46517134
0.47136332,-0.47136332
32.302209,-32.302209
26.220573,-26.220573
89.904405,-89.904405
19.241379,-19.241379
132.74376,-132.74376
48.794837,-48.794837
16.857985,-16.857985
37.494992,-37.494992
122.42694,-122.42694
140.2298,-140.2298
23.855889,-23.855889
21.771178,-21.771178
108.46005,-108.46005
5.7887113,-5.7887113
32.185204,-32.185204
3.384042,-3.384042
154.35457,-154.35457
69.606839,-69.606839
60.652854,-60.652854
14.002012,-14.002012
50.220775,-50.220775
16.690114,-16.690114
29.958423,-29.958423
16.994876,-16.994876
88.461332,-88.461332
57.081957,-57.081957
111.6636,-111.6636
3.688691,-3.688691
147.61723,-147.61723
14.086617,-14.086617
9.0738895,-9.0738895
22.999546,-22.999546
117.58858,-117.58858
81.570125,-81.570125
57.639281,-57.639281
29.708462,-29.708462
38.307423,-38.307423
18.675912,-18.675912
0.46978825,-0.46978825
23.499345,-23.499345
93.206335,-93.206335
118.74101,-118.74101
58.477202,-58.477202
4.9074785,-4.9074785
134.75928,-134.75928
8.5449173,-8.5449173
9.885159,-9.885159
32.083162,-32.083162
43.695546,-43.695546
12.728709,-12.728709
89.926545,-89.926545
13.603695,-13.603695
174.33297,-174.33297
55.671034,-55.671034
33.556956,-33.556956
24.306759,-24.306759
127.70407,-127.70407
114.77572,-114.77572
29.57125,-29.57125
13.266242,-13.266242
103.91049,-103.91049
15.472514,-15.472514
7.4783924,-7.4783924
0.81690109,-0.81690109
79.612662,-79.612662
55.696054,-55.696054
87.70688,-87.70688
18.295174,-18.295174
84.688131,-84.688131
26.917766,-26.917766
36.756589,-36.756589
43.288483,-43.288483
178.93425,-178.93425
246.3374,-246.3374
27.411985,-27.411985
20.034867,-20.034867
54.979636,-54.979636
17.159344,-17.159344
26.509565,-26.509565
2.0305683,-2.0305683
121.27673,-121.27673
61.024374,-61.024374
28.41213,-28.41213
41.410296,-41.410296
58.399901,-58.399901
24.051143,-24.051143
14.847947,-14.847947
12.305124,-12.305124
82.197898,-82.197898
43.788214,-43.788214
52.874649,-52.874649
0.89416543,-0.89416543
177.21905,-177.21905
22.188316,-22.188316
2.7357567,-2.7357567
3.9076969,-3.9076969
38.902715,-38.902715
27.094968,-27.094968
71.899267,-71.899267
24.806161,-24.806161
121.9295,-121.9295
37.57346,-37.57346
5.9733128,-5.9733128
28.75362,-28.75362
152.10998,-152.10998
219.14336,-219.14336
14.845525,-14.845525
26.264502,-26.264502
83.404433,-83.404433
11.369677,-11.369677
25.438366,-25.438366
5.92147,-5.92147
166.29866,-166.29866
73.244409,-73.244409
44.928224,-44.928224
26.111369,-26.111369
46.876303,-46.876303
17.467841,-17.467841
15.301929,-15.301929
8.3897471,-8.3897471
110.49627,-110.49627
104.34998,-104.34998
74.181705,-74.181705
2.1373773,-2.1373773
121.27215,-121.27215
21.63105,-21.63105
6.9394703,-6.9394703
17.248495,-17.248495
96.861981,-96.861981
56.479774,-56.479774
30.224855,-30.224855
37.327462,-37.327462
66.179234,-66.179234
22.535314,-22.535314
1.701876,-1.701876
19.481511,-19.481511
50.94222,-50.94222
66.105303,-66.105303
54.166501,-54.166501
4.4828952,-4.4828952
177.61793,-177.61793
12.492519,-12.492519
17.279132,-17.279132
14.565856,-14.565856
72.110017,-72.110017
25.168771,-25.168771
130.96722,-130.96722
9.5481816,-9.5481816
108.62977,-108.62977
46.580464,-46.580464
73.732324,-73.732324
52.830785,-52.830785
180.76273,-180.76273
118.39178,-118.39178
45.572684,-45.572684
2.7097151,-2.7097151
82.796851,-82.796851
15.539338,-15.539338
5.193619,-5.193619
1.0732226,-1.0732226
85.026005,-85.026005
57.388229,-57.388229
37.86696,-37.86696
44.38574,-44.38574
64.079871,-64.079871
19.326199,-19.326199
1.723975,-1.723975
18.710475,-18.710475
66.635002,-66.635002
95.358798,-95.358798
41.786017,-41.786017
1.9412489,-1.9412489
179.6405,-179.6405
14.177741,-14.177741
7.1704841,-7.1704841
18.670049,-18.670049
72.269887,-72.269887
20.905529,-20.905529
129.86966,-129.86966
14.10059,-14.10059
122.95133,-122.95133
36.189935,-36.189935
55.829715,-55.829715
40.958758,-40.958758
174.46004,-174.46004
158.02917,-158.02917
44.640687,-44.640687
3.3376029,-3.3376029
68.905906,-68.905906
17.504679,-17.504679
1.8920278,-1.8920278
2.623316,-2.623316
47.134648,-47.134648
28.746236,-28.746236
57.388243,-57.388243
20.825324,-20.825324
122.67581,-122.67581
43.650882,-43.650882
15.713238,-15.713238
27.664719,-27.664719
129.67443,-129.67443
181.20536,-181.20536
17.938068,-17.938068
36.4682,-36.4682
81.920198,-81.920198
7.722113,-7.722113
48.559805,-48.559805
2.3568848,-2.3568848
165.68357,-165.68357
96.717472,-96.717472
47.779552,-47.779552
26.126763,-26.126763
36.642005,-36.642005
16.086535,-16.086535
29.126239,-29.126239
15.062951,-15.062951
116.32925,-116.32925
77.274526,-77.274526
78.675977,-78.675977
2.2280759,-2.2280759
135.12227,-135.12227
13.956263,-13.956263
6.4415329,-6.4415329
12.164057,-12.164057
63.105514,-63.105514
45.770107,-45.770107
100.85735,-100.85735
19.688026,-19.688026
83.749183,-83.749183
26.708448,-26.708448
15.557563,-15.557563
43.30604,-43.30604
195.09392,-195.09392
266.66548,-266.66548
15.731985,-15.731985
10.946752,-10.946752
54.700334,-54.700334
20.906195,-20.906195
14.439603,-14.439603
3.4558547,-3.4558547
122.44943,-122.44943
48.555788,-48.555788
24.350658,-24.350658
45.447631,-45.447631
77.636079,-77.636079
20.899416,-20.899416
10.260102,-10.260102
9.7385251,-9.7385251
77.585359,-77.585359
77.755441,-77.755441
51.198698,-51.198698
1.2314014,-1.2314014
165.66996,-165.66996
31.805127,-31.805127
1.2231559,-1.2231559
5.3211574,-5.3211574
142.47178,-142.47178
97.272988,-97.272988
50.759746,-50.759746
23.607835,-23.607835
38.691327,-38.691327
19.73814,-19.73814
8.1335597,-8.1335597
24.324382,-24.324382
82.987394,-82.987394
110.11493,-110.11493
85.23375,-85.23375
6.817611,-6.817611
131.54647,-131.54647
3.5872249,-3.5872249
11.498797,-11.498797
34.548349,-34.548349
45.075995,-45.075995
13.82878,-13.82878
94.208037,-94.208037
8.4369672,-8.4369672
144.77175,-144.77175
70.861402,-70.861402
44.975365,-44.975365
33.293907,-33.293907
139.51042,-139.51042
80.080459,-80.080459
29.705972,-29.705972
10.483922,-10.483922
112.13695,-112.13695
12.171842,-12.171842
14.137367,-14.137367
2.680141,-2.680141
30.664795,-30.664795
13.113138,-13.113138
82.544016,-82.544016
20.391629,-20.391629
155.04635,-155.04635
40.719681,-40.719681
7.8773929,-7.8773929
30.172067,-30.172067
114.63676,-114.63676
175.36807,-175.36807
17.150301,-17.150301
20.262891,-20.262891
92.845749,-92.845749
7.3986236,-7.3986236
27.559245,-27.559245
5.3816606,-5.3816606
132.31205,-132.31205
66.988365,-66.988365
69.154809,-69.154809
24.972982,-24.972982
55.112235,-55.112235
19.419908,-19.419908
14.915352,-14.915352
14.166559,-14.166559
96.872145,-96.872145
72.823501,-72.823501
89.779361,-89.779361
6.9489718,-6.9489718
158.91655,-158.91655
18.172503,-18.172503
16.197933,-16.197933
20.988849,-20.988849
101.6506,-101.6506
104.83748,-104.83748
29.366907,-29.366907
57.347033,-57.347033
50.712123,-50.712123
20.918574,-20.918574
3.7150365,-3.7150365
19.176189,-19.176189
65.335863,-65.335863
98.059228,-98.059228
38.630007,-38.630007
8.9194915,-8.9194915
177.00885,-177.00885
5.9696244,-5.9696244
10.460355,-10.460355
5.4155324,-5.4155324
88.513625,-88.513625
35.997797,-35.997797
104.86961,-104.86961
10.757609,-10.757609
103.52742,-103.52742
33.13502,-33.13502
77.278915,-77.278915
30.983708,-30.983708
184.69164,-184.69164
166.55705,-166.55705
39.847793,-39.847793
10.523831,-10.523831
64.83682,-64.83682
20.807514,-20.807514
5.8505359,-5.8505359
1.9712084,-1.9712084
146.12798,-146.12798
112.50171,-112.50171
43.776902,-43.776902
34.665669,-34.665669
37.377183,-37.377183
22.524184,-22.524184
1.81251,-1.81251
17.278288,-17.278288
97.002944,-97.002944
183.79659,-183.79659
50.446335,-50.446335
3.0887985,-3.0887985
114.91163,-114.91163
8.3352779,-8.3352779
5.6499888,-5.6499888
25.628885,-25.628885
44.527885,-44.527885
19.670654,-19.670654
83.609902,-83.609902
20.299419,-20.299419
143.59056,-143.59056
52.893465,-52.893465
25.982108,-25.982108
15.33736,-15.33736
155.606,-155.606
138.74267,-138.74267
21.05623,-21.05623
18.022713,-18.022713
98.848626,-98.848626
17.633068,-17.633068
5.4230285,-5.4230285
5.3479851,-5.3479851
52.58238,-52.58238
43.099258,-43.099258
119.43392,-119.43392
16.765364,-16.765364
95.417071,-95.417071
35.067134,-35.067134
30.48679,-30.48679
54.767675,-54.767675
157.93693,-157.93693
176.3753,-176.3753
32.08395,-32.08395
9.378547,-9.378547
77.236252,-77.236252
14.729126,-14.729126
21.599227,-21.599227
3.1603305,-3.1603305
110.66066,-110.66066
43.8358,-43.8358
34.905973,-34.905973
30.705251,-30.705251
85.411333,-85.411333
25.039494,-25.039494
19.117856,-19.117856
14.552083,-14.552083
58.701292,-58.701292
35.23462,-35.23462
78.029345,-78.029345
0.55178044,-0.55178044
198.93492,-198.93492
23.640586,-23.640586
3.2254945,-3.2254945
7.9814353,-7.9814353
26.706326,-26.706326
17.301507,-17.301507
91.627581,-91.627581
22.137551,-22.137551
145.3183,-145.3183
42.667282,-42.667282
7.1267983,-7.1267983
34.367147,-34.367147
126.01214,-126.01214
174.41815,-174.41815
17.542148,-17.542148
17.523343,-17.523343
103.8192,-103.8192
7.4483504,-7.4483504
21.094585,-21.094585
6.8109996,-6.8109996
140.81275,-140.81275
57.676729,-57.676729
60.84976,-60.84976
20.86098,-20.86098
60.009384,-60.009384
18.599049,-18.599049
15.406448,-15.406448
11.187423,-11.187423
88.331151,-88.331151
75.56717,-75.56717
95.259797,-95.259797
6.0596164,-6.0596164
147.14153,-147.14153
22.109641,-22.109641
11.194156,-11.194156
24.652293,-24.652293
109.52665,-109.52665
91.086216,-91.086216
25.984139,-25.984139
51.069889,-51.069889
56.223232,-56.223232
20.040517,-20.040517
2.7919479,-2.7919479
19.491613,-19.491613
57.114397,-57.114397
99.181786,-99.181786
39.893837,-39.893837
9.489306,-9.489306
163.07853,-163.07853
8.5693159,-8.5693159
13.722338,-13.722338
6.479927,-6.479927
81.539172,-81.539172
43.596938,-43.596938
116.38593,-116.38593
11.830642,-11.830642
97.030903,-97.030903
36.73215,-36.73215
75.681441,-75.681441
37.123914,-37.123914
198.35317,-198.35317
161.12307,-161.12307
37.001239,-37.001239
8.5388384,-8.5388384
71.645424,-71.645424
23.271467,-23.271467
2.8012885,-2.8012885
1.8315655,-1.8315655
133.80296,-133.80296
117.07178,-117.07178
48.260371,-48.260371
38.609563,-38.609563
30.367887,-30.367887
20.90635,-20.90635
0.74663132,-0.74663132
17.238377,-17.238377
104.10693,-104.10693
163.73072,-163.73072
41.876609,-41.876609
2.7901928,-2.7901928
122.53485,-122.53485
9.4159879,-9.4159879
7.1262264,-7.1262264
20.193755,-20.193755
52.470762,-52.470762
17.047746,-17.047746
76.690789,-76.690789
19.458699,-19.458699
157.3811,-157.3811
45.962609,-45.962609
35.384944,-35.384944
14.095193,-14.095193
145.04517,-145.04517
158.94144,-158.94144
23.760966,-23.760966
22.592607,-22.592607
91.825341,-91.825341
16.655455,-16.655455
6.3053516,-6.3053516
3.0456773,-3.0456773
61.116922,-61.116922
40.810296,-40.810296
112.19747,-112.19747
17.878198,-17.878198
106.40064,-106.40064
30.398995,-30.398995
39.213826,-39.213826
49.5056,-49.5056
149.50014,-149.50014
197.65667,-197.65667
37.603464,-37.603464
13.364368,-13.364368
71.164007,-71.164007
11.773607,-11.773607
21.778694,-21.778694
5.0619092,-5.0619092
98.642384,-98.642384
47.752201,-47.752201
39.966624,-39.966624
33.220643,-33.220643
75.588635,-75.588635
28.852716,-28.852716
13.543201,-13.543201
13.615953,-13.615953
63.933875,-63.933875
26.30416,-26.30416
68.997184,-68.997184
0.44732716,-0.44732716
211.45199,-211.45199
22.345532,-22.345532
4.2624484,-4.2624484
5.5702264,-5.5702264
92.330058,-92.330058
48.630674,-48.630674
32.902284,-32.902284
39.476203,-39.476203
70.026703,-70.026703
19.369838,-19.369838
1.2796448,-1.2796448
17.68268,-17.68268
59.104642,-59.104642
96.231795,-96.231795
42.988434,-42.988434
1.5143591,-1.5143591
164.39425,-164.39425
18.559178,-18.559178
8.8590203,-8.8590203
20.473415,-20.473415
65.972667,-65.972667
24.233566,-24.233566
143.14258,-143.14258
13.993289,-13.993289
115.95323,-115.95323
39.267596,-39.267596
54.159843,-54.159843
48.462674,-48.462674
186.19643,-186.19643
153.12357,-153.12357
41.747296,-41.747296
1.9843341,-1.9843341
77.264433,-77.264433
18.327044,-18.327044
0.87218569,-0.87218569
1.7818412,-1.7818412
42.419716,-42.419716
36.808372,-36.808372
64.690978,-64.690978
23.55949,-23.55949
114.05839,-114.05839
46.25997,-46.25997
15.694468,-15.694468
31.007473,-31.007473
142.61682,-142.61682
179.92136,-179.92136
18.350147,-18.350147
33.182271,-33.182271
91.403973,-91.403973
8.976169,-8.976169
39.895174,-39.895174
3.9302913,-3.9302913
175.12922,-175.12922
83.852703,-83.852703
41.774527,-41.774527
21.32086,-21.32086
40.487009,-40.487009
14.653846,-14.653846
29.774577,-29.774577
12.688501,-12.688501
105.45806,-105.45806
80.443954,-80.443954
84.08602,-84.08602
1.2134095,-1.2134095
125.28599,-125.28599
16.688068,-16.688068
4.518507,-4.518507
15.340043,-15.340043
71.970644,-71.970644
42.946425,-42.946425
94.011889,-94.011889
19.588751,-19.588751
94.589462,-94.589462
23.345497,-23.345497
21.839033,-21.839033
39.678449,-39.678449
185.3628,-185.3628
292.97321,-292.97321
18.896788,-18.896788
15.445649,-15.445649
50.041836,-50.041836
17.771409,-17.771409
14.548204,-14.548204
4.9203501,-4.9203501
109.6267,-109.6267
52.747352,-52.747352
28.652571,-28.652571
49.034189,-49.034189
68.38921,-68.38921
23.07863,-23.07863
7.3838029,-7.3838029
7.9782056,-7.9782056
84.241112,-84.241112
63.318139,-63.318139
43.841863,-43.841863
0.72617387,-0.72617387
176.31241,-176.31241
30.175991,-30.175991
1.86279,-1.86279
3.2610082,-3.2610082
129.96697,-129.96697
101.34246,-101.34246
55.120155,-55.120155
25.461316,-25.461316
32.085106,-32.085106
19.638401,-19.638401
4.5623759,-4.5623759
26.341576,-26.341576
89.273189,-89.273189
94.895153,-94.895153
74.565687,-74.565687
7.3857301,-7.3857301
139.82241,-139.82241
4.0104282,-4.0104282
12.885668,-12.885668
28.066694,-28.066694
53.071971,-53.071971
11.649449,-11.649449
87.060453,-87.060453
9.1987341,-9.1987341
158.92407,-158.92407
61.99139,-61.99139
57.17127,-57.17127
30.600435,-30.600435
129.91302,-129.91302
94.693387,-94.693387
34.036746,-34.036746
14.252167,-14.252167
104.28977,-104.28977
11.084692,-11.084692
14.929515,-14.929515
1.1487255,-1.1487255
129.74944,-129.74944
76.303614,-76.303614
52.318861,-52.318861
27.27271,-27.27271
45.648499,-45.648499
18.969331,-18.969331
1.6574438,-1.6574438
22.109857,-22.109857
86.11078,-86.11078
137.95441,-137.95441
69.370581,-69.370581
3.6508897,-3.6508897
127.3492,-127.3492
8.5672461,-8.5672461
8.3871778,-8.3871778
39.206762,-39.206762
36.75049,-36.75049
14.458737,-14.458737
97.013253,-97.013253
13.516783,-13.516783
159.00247,-159.00247
63.268598,-63.268598
25.25917,-25.25917
26.158033,-26.158033
137.89581,-137.89581
99.541465,-99.541465
25.987143,-25.987143
10.101317,-10.101317
111.39482,-111.39482
16.164635,-16.164635
7.2362933,-7.2362933
1.4658411,-1.4658411
69.626296,-69.626296
59.031318,-59.031318
94.240621,-94.240621
17.657581,-17.657581
75.22733,-75.22733
30.986144,-30.986144
27.290707,-27.290707
47.908488,-47.908488
188.92009,-188.92009
219.66948,-219.66948
22.990766,-22.990766
15.532161,-15.532161
59.688033,-59.688033
20.611939,-20.611939
25.306476,-25.306476
0.98318954,-0.98318954
133.99992,-133.99992
57.374317,-57.374317
24.380499,-24.380499
37.930026,-37.930026
67.584487,-67.584487
21.119758,-21.119758
19.204382,-19.204382
14.084696,-14.084696
76.249322,-76.249322
54.38811,-54.38811
59.97217,-59.97217
2.2129406,-2.2129406
165.51577,-165.51577
22.726542,-22.726542
2.0148498,-2.0148498
5.2048903,-5.2048903
43.970087,-43.970087
20.625656,-20.625656
63.939277,-63.939277
22.680674,-22.680674
130.18587,-130.18587
35.365527,-35.365527
6.6626889,-6.6626889
24.806429,-24.806429
138.94131,-138.94131
222.77683,-222.77683
13.971029,-13.971029
29.112708,-29.112708
74.241326,-74.241326
10.884765,-10.884765
33.718841,-33.718841
4.2275795,-4.2275795
157.45993,-157.45993
83.668939,-83.668939
51.444969,-51.444969
31.113941,-31.113941
42.45568,-42.45568
18.229928,-18.229928
15.830729,-15.830729
10.381072,-10.381072
120.3756,-120.3756
103.14058,-103.14058
70.429875,-70.429875
2.9448149,-2.9448149
131.90082,-131.90082
18.842694,-18.842694
10.753318,-10.753318
14.193672,-14.193672
89.176862,-89.176862
67.784039,-67.784039
34.592194,-34.592194
42.684866,-42.684866
60.46932,-60.46932
23.67497,-23.67497
2.2795455,-2.2795455
19.945481,-19.945481
58.867469,-58.867469
63.746686,-63.746686
51.261753,-51.261753
5.0984177,-5.0984177
192.21444,-192.21444
8.4689516,-8.4689516
13.512491,-13.512491
12.510377,-12.510377
77.966939,-77.966939
20.974919,-20.974919
118.95892,-118.95892
9.4805384,-9.4805384
116.2021,-116.2021
43.009224,-43.009224
73.839029,-73.839029
46.035061,-46.035061
168.56517,-168.56517
121.76807,-121.76807
49.101549,-49.101549
4.0511809,-4.0511809
74.617881,-74.617881
14.334051,-14.334051
8.3079776,-8.3079776
2.001968,-2.001968
50.620539,-50.620539
34.558066,-34.558066
132.07735,-132.07735
19.116748,-19.116748
98.457604,-98.457604
27.986646,-27.986646
18.474424,-18.474424
54.834437,-54.834437
171.77596,-171.77596
216.46338,-216.46338
24.740658,-24.740658
4.4382515,-4.4382515
65.804496,-65.804496
16.313007,-16.313007
11.843878,-11.843878
7.7375181,-7.7375181
106.59657,-106.59657
38.759288,-38.759288
38.581444,-38.581444
34.340064,-34.340064
89.970082,-89.970082
22.84939,-22.84939
8.2955343,-8.2955343
10.658421,-10.658421
63.52449,-63.52449
52.354043,-52.354043
71.180172,-71.180172
1.3699437,-1.3699437
189.08648,-189.08648
30.443612,-30.443612
3.6615335,-3.6615335
11.649676,-11.649676
153.21925,-153.21925
132.79021,-132.79021
41.052139,-41.052139
34.036677,-34.036677
33.266092,-33.266092
20.781617,-20.781617
7.6024065,-7.6024065
19.747394,-19.747394
88.056833,-88.056833
144.59204,-144.59204
65.822014,-65.822014
6.4427889,-6.4427889
124.11501,-124.11501
4.0123555,-4.0123555
9.0446884,-9.0446884
19.92812,-19.92812
50.466099,-50.466099
21.738756,-21.738756
78.461798,-78.461798
15.418838,-15.418838
134.20812,-134.20812
60.038058,-60.038058
42.680897,-42.680897
20.485234,-20.485234
149.29932,-149.29932
108.70273,-108.70273
24.028679,-24.028679
21.621782,-21.621782
102.76703,-102.76703
15.023598,-15.023598
14.25043,-14.25043
8.8051503,-8.8051503
94.468995,-94.468995
82.759172,-82.759172
29.734138,-29.734138
59.252623,-59.252623
57.031573,-57.031573
19.442659,-19.442659
3.4588857,-3.4588857
17.03783,-17.03783
72.489021,-72.489021
124.68035,-124.68035
27.995743,-27.995743
4.4133111,-4.4133111
169.08931,-169.08931
11.308173,-11.308173
4.8747487,-4.8747487
9.5044556,-9.5044556
80.509998,-80.509998
29.628978,-29.628978
109.55137,-109.55137
14.637877,-14.637877
113.06345,-113.06345
30.523784,-30.523784
49.992927,-49.992927
25.346568,-25.346568
189.18758,-189.18758
194.89506,-194.89506
32.900492,-32.900492
8.5156391,-8.5156391
62.563876,-62.563876
21.000809,-21.000809
1.4203846,-1.4203846
0.44079265,-0.44079265
36.486011,-36.486011
19.324438,-19.324438
80.44274,-80.44274
17.342659,-17.342659
141.58856,-141.58856
45.761743,-45.761743
18.133881,-18.133881
33.615965,-33.615965
110.17638,-110.17638
143.69741,-143.69741
24.895097,-24.895097
24.004121,-24.004121
98.2162,-98.2162
4.7385299,-4.7385299
40.427021,-40.427021
2.3865912,-2.3865912
146.14545,-146.14545
80.066759,-80.066759
68.382728,-68.382728
18.228342,-18.228342
45.078433,-45.078433
18.215638,-18.215638
30.137343,-30.137343
19.813534,-19.813534
97.679412,-97.679412
55.124253,-55.124253
105.56722,-105.56722
5.11466,-5.11466
158.86689,-158.86689
11.453206,-11.453206
11.898111,-11.898111
19.342469,-19.342469
110.47851,-110.47851
63.333205,-63.333205
23.80956,-23.80956
51.447761,-51.447761
58.224532,-58.224532
18.208549,-18.208549
4.2825919,-4.2825919
18.86356,-18.86356
70.988314,-70.988314
112.71677,-112.71677
34.501274,-34.501274
3.5922005,-3.5922005
148.98199,-148.98199
11.218699,-11.218699
9.6368737,-9.6368737
15.290267,-15.290267
78.189679,-78.189679
29.651436,-29.651436
117.66012,-117.66012
12.551384,-12.551384
96.494433,-96.494433
34.279253,-34.279253
32.278673,-32.278673
34.078448,-34.078448
206.23256,-206.23256
157.70783,-157.70783
30.899396,-30.899396
5.518311,-5.518311
65.16115,-65.16115
21.650276,-21.650276
2.8202926,-2.8202926
0.52047418,-0.52047418
31.56409,-31.56409
24.920363,-24.920363
78.918785,-78.918785
19.575395,-19.575395
129.80219,-129.80219
58.901608,-58.901608
17.520736,-17.520736
38.245422,-38.245422
120.24693,-120.24693
142.68585,-142.68585
18.939773,-18.939773
21.265981,-21.265981
106.23261,-106.23261
6.2580265,-6.2580265
32.242674,-32.242674
1.5868522,-1.5868522
157.23302,-157.23302
72.801493,-72.801493
55.246029,-55.246029
17.378221,-17.378221
52.590776,-52.590776
17.243423,-17.243423
40.28152,-40.28152
16.463683,-16.463683
90.51946,-90.51946
66.96899,-66.96899
103.40643,-103.40643
3.6961792,-3.6961792
144.44423,-144.44423
17.053532,-17.053532
9.2065615,-9.2065615
24.360291,-24.360291
57.839287,-57.839287
30.57111,-30.57111
112.24132,-112.24132
20.516537,-20.516537
108.72918,-108.72918
29.648561,-29.648561
25.554298,-25.554298
48.925957,-48.925957
160.38784,-160.38784
245.2514,-245.2514
21.331585,-21.331585
7.5005743,-7.5005743
60.218291,-60.218291
13.355779,-13.355779
10.748965,-10.748965
7.4455374,-7.4455374
95.717811,-95.717811
43.893893,-43.893893
40.06112,-40.06112
40.058146,-40.058146
83.778753,-83.778753
27.663781,-27.663781
9.917491,-9.917491
8.541258,-8.541258
71.14231,-71.14231
52.180777,-52.180777
56.861842,-56.861842
1.0681319,-1.0681319
200.56479,-200.56479
33.161553,-33.161553
6.6207484,-6.6207484
8.278098,-8.278098
151.66552,-151.66552
124.57032,-124.57032
43.811306,-43.811306
34.574746,-34.574746
24.309997,-24.309997
20.087523,-20.087523
2.4637785,-2.4637785
21.835047,-21.835047
105.10702,-105.10702
111.07602,-111.07602
61.126276,-61.126276
4.9251024,-4.9251024
125.80132,-125.80132
2.6658237,-2.6658237
11.52142,-11.52142
20.228725,-20.228725
63.460108,-63.460108
15.265928,-15.265928
68.21521,-68.21521
10.188332,-10.188332
135.84043,-135.84043
54.286114,-54.286114
35.384699,-35.384699
21.493723,-21.493723
145.4722,-145.4722
99.092883,-99.092883
25.819401,-25.819401
22.221673,-22.221673
90.474109,-90.474109
11.956394,-11.956394
26.484054,-26.484054
3.8890421,-3.8890421
38.178392,-38.178392
24.217689,-24.217689
76.922232,-76.922232
24.535249,-24.535249
118.16791,-118.16791
33.444602,-33.444602
2.9418268,-2.9418268
28.578768,-28.578768
150.28298,-150.28298
196.96033,-196.96033
16.089628,-16.089628
23.142753,-23.142753
79.768321,-79.768321
11.782584,-11.782584
33.301849,-33.301849
7.1222507,-7.1222507
170.25266,-170.25266
74.463366,-74.463366
50.465251,-50.465251
26.129994,-26.129994
46.874599,-46.874599
19.966639,-19.966639
14.240091,-14.240091
11.670637,-11.670637
108.43822,-108.43822
104.33824,-104.33824
87.846285,-87.846285
2.5176681,-2.5176681
123.28903,-123.28903
16.6881,-16.6881
7.191235,-7.191235
18.422076,-18.422076
90.931513,-90.931513
74.445218,-74.445218
32.313909,-32.313909
41.914691,-41.914691
73.940594,-73.940594
22.098459,-22.098459
5.2431226,-5.2431226
19.244193,-19.244193
47.032496,-47.032496
89.179264,-89.179264
54.458832,-54.458832
8.3856411,-8.3856411
188.81354,-188.81354
12.14126,-12.14126
10.628123,-10.628123
12.100993,-12.100993
62.669476,-62.669476
29.500912,-29.500912
133.11732,-133.11732
10.098324,-10.098324
115.51072,-115.51072
47.523684,-47.523684
85.464591,-85.464591
46.195493,-46.195493
172.17601,-172.17601
131.3294,-131.3294
44.773128,-44.773128
3.9795428,-3.9795428
86.656619,-86.656619
18.289785,-18.289785
3.1729601,-3.1729601
2.106585,-2.106585
112.99269,-112.99269
98.285438,-98.285438
60.164014,-60.164014
31.71952,-31.71952
43.910743,-43.910743
19.170301,-19.170301
3.2342491,-3.2342491
21.886436,-21.886436
89.074588,-89.074588
150.33368,-150.33368
58.399272,-58.399272
5.527397,-5.527397
145.36425,-145.36425
9.6751318,-9.6751318
10.130499,-10.130499
29.408388,-29.408388
37.352054,-37.352054
12.897941,-12.897941
90.911712,-90.911712
15.046491,-15.046491
180.54858,-180.54858
57.836535,-57.836535
42.148638,-42.148638
18.699581,-18.699581
123.6,-123.6
128.54083,-128.54083
27.724451,-27.724451
14.774726,-14.774726
108.28684,-108.28684
18.514249,-18.514249
4.9477603,-4.9477603
1.1908508,-1.1908508
77.675267,-77.675267
49.705762,-49.705762
95.177777,-95.177777
16.022225,-16.022225
83.773193,-83.773193
24.6186,-24.6186
27.408399,-27.408399
41.715415,-41.715415
176.19245,-176.19245
223.07289,-223.07289
31.261413,-31.261413
17.168318,-17.168318
52.565521,-52.565521
19.577704,-19.577704
32.408187,-32.408187
2.2994302,-2.2994302
123.32637,-123.32637
63.499985,-63.499985
31.963687,-31.963687
42.034647,-42.034647
60.059927,-60.059927
21.60643,-21.60643
13.295874,-13.295874
15.686514,-15.686514
81.839329,-81.839329
43.901685,-43.901685
61.902016,-61.902016
0.89799579,-0.89799579
181.92706,-181.92706
14.827876,-14.827876
3.3930916,-3.3930916
2.8430912,-2.8430912
62.274876,-62.274876
45.363719,-45.363719
109.19991,-109.19991
19.728464,-19.728464
87.195489,-87.195489
22.364947,-22.364947
13.733594,-13.733594
43.455292,-43.455292
193.64215,-193.64215
259.06289,-259.06289
21.432971,-21.432971
11.516752,-11.516752
56.151052,-56.151052
21.549119,-21.549119
15.538287,-15.538287
5.9619082,-5.9619082
118.85454,-118.85454
45.313177,-45.313177
25.837645,-25.837645
43.847034,-43.847034
76.017567,-76.017567
20.426264,-20.426264
5.245109,-5.245109
11.589144,-11.589144
74.098362,-74.098362
62.573679,-62.573679
54.860598,-54.860598
2.0906561,-2.0906561
167.82705,-167.82705
28.35932,-28.35932
1.3432549,-1.3432549
4.5604481,-4.5604481
128.57981,-128.57981
106.47198,-106.47198
49.923045,-49.923045
26.289735,-26.289735
43.75752,-43.75752
19.363915,-19.363915
12.076232,-12.076232
22.066446,-22.066446
71.72787,-71.72787
122.55652,-122.55652
77.528057,-77.528057
6.9397208,-6.9397208
141.05153,-141.05153
6.7418297,-6.7418297
10.954935,-10.954935
27.215111,-27.215111
39.613105,-39.613105
15.97167,-15.97167
96.4527,-96.4527
12.870689,-12.870689
159.78301,-159.78301
69.827884,-69.827884
65.191474,-65.191474
29.10663,-29.10663
131.46496,-131.46496
101.64756,-101.64756
30.351068,-30.351068
15.12873,-15.12873
119.74132,-119.74132
13.46212,-13.46212
7.0309371,-7.0309371
4.2463418,-4.2463418
75.848548,-75.848548
63.5747,-63.5747
38.258622,-38.258622
47.453649,-47.453649
70.337692,-70.337692
21.693149,-21.693149
1.2832272,-1.2832272
16.151734,-16.151734
58.642141,-58.642141
104.20173,-104.20173
33.734817,-33.734817
2.7967787,-2.7967787
189.11803,-189.11803
18.821844,-18.821844
6.067138,-6.067138
12.800775,-12.800775
65.890708,-65.890708
23.122472,-23.122472
131.57277,-131.57277
16.165301,-16.165301
136.13681,-136.13681
36.234416,-36.234416
75.481681,-75.481681
36.676634,-36.676634
167.85229,-167.85229
186.03356,-186.03356
43.66054,-43.66054
4.2934556,-4.2934556
75.878757,-75.878757
18.231376,-18.231376
0.48996045,-0.48996045
1.6786645,-1.6786645
46.672479,-46.672479
27.946732,-27.946732
63.920383,-63.920383
21.416822,-21.416822
127.88175,-127.88175
36.676994,-36.676994
14.490163,-14.490163
26.68484,-26.68484
128.40576,-128.40576
178.90335,-178.90335
21.926654,-21.926654
38.110934,-38.110934
85.839414,-85.839414
7.086328,-7.086328
50.073832,-50.073832
4.2042078,-4.2042078
160.70347,-160.70347
89.1855,-89.1855
50.810165,-50.810165
24.336462,-24.336462
35.386544,-35.386544
16.242794,-16.242794
20.148728,-20.148728
15.331913,-15.331913
111.05385,-111.05385
66.194891,-66.194891
84.543471,-84.543471
1.5905942,-1.5905942
140.60344,-140.60344
12.465316,-12.465316
6.5203962,-6.5203962
10.357108,-10.357108
154.57747,-154.57747
95.658398,-95.658398
42.723789,-42.723789
32.059705,-32.059705
30.502304,-30.502304
22.328106,-22.328106
0.40790414,-0.40790414
18.4957,-18.4957
103.38965,-103.38965
152.71533,-152.71533
52.534417,-52.534417
1.6612609,-1.6612609
103.83176,-103.83176
7.4485402,-7.4485402
7.7386826,-7.7386826
29.879605,-29.879605
53.200374,-53.200374
18.516814,-18.516814
84.520519,-84.520519
18.029361,-18.029361
134.35899,-134.35899
49.146335,-49.146335
21.609934,-21.609934
20.923738,-20.923738
163.42869,-163.42869
128.00744,-128.00744
22.85168,-22.85168
15.382225,-15.382225
93.15829,-93.15829
15.672463,-15.672463
8.0551633,-8.0551633
3.4664108,-3.4664108
55.704031,-55.704031
51.147727,-51.147727
113.34844,-113.34844
18.920645,-18.920645
94.790236,-94.790236
38.448989,-38.448989
39.902518,-39.902518
58.276968,-58.276968
163.6097,-163.6097
199.30433,-199.30433
28.487178,-28.487178
11.845074,-11.845074
76.711503,-76.711503
13.53347,-13.53347
15.043438,-15.043438
2.9490233,-2.9490233
110.7101,-110.7101
43.373877,-43.373877
32.029966,-32.029966
29.208548,-29.208548
81.973522,-81.973522
28.151014,-28.151014
20.347545,-20.347545
11.477385,-11.477385
59.912776,-59.912776
36.039806,-36.039806
68.151312,-68.151312
0.57094657,-0.57094657
190.54124,-190.54124
31.608778,-31.608778
2.4907796,-2.4907796
9.3488565,-9.3488565
32.911977,-32.911977
15.139784,-15.139784
78.679358,-78.679358
20.466594,-20.466594
156.00403,-156.00403
44.035326,-44.035326
13.225609,-13.225609
31.107574,-31.107574
117.75683,-117.75683
203.45814,-203.45814
15.516881,-15.516881
21.714409,-21.714409
94.489806,-94.489806
8.3240011,-8.3240011
19.687576,-19.687576
4.4692571,-4.4692571
132.11851,-132.11851
66.67112,-66.67112
63.499996,-63.499996
24.685783,-24.685783
53.139413,-53.139413
19.374626,-19.374626
17.088428,-17.088428
11.243414,-11.243414
100.26797,-100.26797
77.087976,-77.087976
78.419757,-78.419757
7.5171999,-7.5171999
153.76724,-153.76724
23.647098,-23.647098
16.82701,-16.82701
20.831549,-20.831549
109.64245,-109.64245
86.504751,-86.504751
28.296112,-28.296112
50.600612,-50.600612
43.213244,-43.213244
21.099345,-21.099345
3.2487389,-3.2487389
19.33324,-19.33324
72.484993,-72.484993
73.515391,-73.515391
38.824862,-38.824862
4.9227229,-4.9227229
163.31746,-163.31746
5.2532306,-5.2532306
16.861664,-16.861664
7.6074326,-7.6074326
100.66315,-100.66315
32.454912,-32.454912
105.46757,-105.46757
9.6659051,-9.6659051
94.990781,-94.990781
32.328053,-32.328053
67.182023,-67.182023
38.256516,-38.256516
197.55121,-197.55121
152.16354,-152.16354
41.424934,-41.424934
8.0166125,-8.0166125
60.214173,-60.214173
18.763911,-18.763911
8.4192437,-8.4192437
0.74136315,-0.74136315
308.1291,-308.1291
308.1291,-308.1291
308.1291,-308.1291
308.1291,-308.1291
308.1291,-308.1291
308.1291,-308.1291
308.1291,-308.1291
308.1291,-308.1291
308.1291,-308.1291
308.1291,-308.1291
35.008576,-35.008576
0.39788736,-0.39788736
0.39788736,-0.39788736
0.39788736,-0.39788736
0.39788736,-0.39788736
0.39788736,-0.39788736
0.39788736,-0.39788736
0.39788736,-0.39788736
0.39788736,-0.39788736
0.39788736,-0.39788736
0.39788736,-0.39788736
